case_name,time_s,thermal_los_x_urad,thermal_los_y_urad,thermal_los_norm_urad,nonthermal_error_x_urad,nonthermal_error_y_urad,nonthermal_error_norm_urad,thermal_plus_nonthermal_error_x_urad,thermal_plus_nonthermal_error_y_urad,thermal_plus_nonthermal_error_norm_urad,no_correction_success,no_correction_acquisition_time_s,no_correction_residual_x_urad,no_correction_residual_y_urad,no_correction_residual_norm_urad,no_correction_pointing_error_x_urad,no_correction_pointing_error_y_urad,no_correction_pointing_error_norm_urad,no_correction_thermal_residual_norm_urad,no_correction_scan_index,static_bias_correction_success,static_bias_correction_acquisition_time_s,static_bias_correction_residual_x_urad,static_bias_correction_residual_y_urad,static_bias_correction_residual_norm_urad,static_bias_correction_pointing_error_x_urad,static_bias_correction_pointing_error_y_urad,static_bias_correction_pointing_error_norm_urad,static_bias_correction_thermal_residual_norm_urad,static_bias_correction_scan_index,bcase_correction_success,bcase_correction_acquisition_time_s,bcase_correction_residual_x_urad,bcase_correction_residual_y_urad,bcase_correction_residual_norm_urad,bcase_correction_pointing_error_x_urad,bcase_correction_pointing_error_y_urad,bcase_correction_pointing_error_norm_urad,bcase_correction_thermal_residual_norm_urad,bcase_correction_scan_index,thermal_truth_correction_success,thermal_truth_correction_acquisition_time_s,thermal_truth_correction_residual_x_urad,thermal_truth_correction_residual_y_urad,thermal_truth_correction_residual_norm_urad,thermal_truth_correction_pointing_error_x_urad,thermal_truth_correction_pointing_error_y_urad,thermal_truth_correction_pointing_error_norm_urad,thermal_truth_correction_thermal_residual_norm_urad,thermal_truth_correction_scan_index,thermal_plus_nonthermal_no_correction_success,thermal_plus_nonthermal_no_correction_acquisition_time_s,thermal_plus_nonthermal_no_correction_residual_x_urad,thermal_plus_nonthermal_no_correction_residual_y_urad,thermal_plus_nonthermal_no_correction_residual_norm_urad,thermal_plus_nonthermal_no_correction_pointing_error_x_urad,thermal_plus_nonthermal_no_correction_pointing_error_y_urad,thermal_plus_nonthermal_no_correction_pointing_error_norm_urad,thermal_plus_nonthermal_no_correction_thermal_residual_norm_urad,thermal_plus_nonthermal_no_correction_scan_index,bcase_correction_with_nonthermal_success,bcase_correction_with_nonthermal_acquisition_time_s,bcase_correction_with_nonthermal_residual_x_urad,bcase_correction_with_nonthermal_residual_y_urad,bcase_correction_with_nonthermal_residual_norm_urad,bcase_correction_with_nonthermal_pointing_error_x_urad,bcase_correction_with_nonthermal_pointing_error_y_urad,bcase_correction_with_nonthermal_pointing_error_norm_urad,bcase_correction_with_nonthermal_thermal_residual_norm_urad,bcase_correction_with_nonthermal_scan_index
14_LTAN06_800km_1213COLD_MY_STTLCT_PCDU_HEAT_MY_0p5,0.0,15.62808276901833,230.83056810119348,231.35900272294356,-61.461490900150096,137.44947221127978,150.56517616908835,-45.83340813113176,368.28004031247326,371.1211249625543,1.0,13.4,15.62808276901833,-9.169431898806522,18.119477155319306,15.62808276901833,230.83056810119348,231.35900272294356,231.35900272294356,133.0,1.0,0.1,1.0842685670435337,21.413533997054856,21.44096724890234,1.0842685670435337,21.413533997054856,21.44096724890234,21.44096724890234,0.0,1.0,0.1,1.0842685670435337,-0.03405109363319525,1.0848031169093564,1.0842685670435337,-0.03405109363319525,1.0848031169093564,1.0848031169093564,0.0,1.0,0.1,0.0,0.0,0.0,0.0,0.0,0.0,0.0,0.0,1.0,30.6,-5.833408131131762,8.280040312473261,10.128559522485734,-45.83340813113176,368.28004031247326,371.1211249625543,231.35900272294356,305.0,0.0,nan,nan,nan,nan,-60.37722233310656,137.4154211176466,150.09465992366793,1.0848031169093564,nan
14_LTAN06_800km_1213COLD_MY_STTLCT_PCDU_HEAT_MY_0p5,60.5,15.215818927682909,237.89852223580112,238.38462204516884,-86.49415109452215,29.371090124584075,91.3449457204309,-71.27833216683925,267.2696123603852,276.61100181980623,1.0,13.4,15.215818927682909,-2.1014777641988758,15.360252420889957,15.215818927682909,237.89852223580112,238.38462204516884,238.38462204516884,133.0,1.0,0.4,0.6720047257081116,-11.518511868337498,11.538098024042169,0.6720047257081116,28.481488131662502,28.489414815776858,28.489414815776858,3.0,1.0,0.1,0.6720047257081116,-0.41619645218935375,0.7904491370031593,0.6720047257081116,-0.41619645218935375,0.7904491370031593,0.7904491370031593,0.0,1.0,0.1,0.0,0.0,0.0,0.0,0.0,0.0,0.0,0.0,1.0,18.0,8.721667833160751,-12.730387639614776,15.43146976949531,-71.27833216683925,267.2696123603852,276.61100181980623,238.38462204516884,179.0,1.0,2.5,-5.822146368814046,-11.045106327605254,12.485662262291104,-85.82214636881405,28.954893672394746,90.57497819447613,0.7904491370031593,24.0
14_LTAN06_800km_1213COLD_MY_STTLCT_PCDU_HEAT_MY_0p5,121.0,14.790594554461308,244.7066519274728,245.15323205054383,-23.439656567061053,107.02023980001303,109.55705922866888,-8.649062012599746,351.72689172748585,351.8332170758986,1.0,13.4,14.790594554461308,4.706651927472791,15.52141293957621,14.790594554461308,244.7066519274728,245.15323205054383,245.15323205054383,133.0,1.0,0.4,0.24678035248651042,-4.710382176665831,4.716842248011322,0.24678035248651042,35.28961782333417,35.290480680480364,35.290480680480364,3.0,1.0,0.1,0.24678035248651042,-0.7237361108107336,0.7646531896649701,0.24678035248651042,-0.7237361108107336,0.7646531896649701,0.7646531896649701,0.0,1.0,0.1,0.0,0.0,0.0,0.0,0.0,0.0,0.0,0.0,1.0,30.8,-8.649062012599746,-8.27310827251415,11.968734026058813,-8.649062012599746,351.72689172748585,351.8332170758986,245.15323205054383,307.0,1.0,3.0,16.807123785425457,-13.703496310797675,21.68559939403704,-23.192876214574543,106.29650368920232,108.79731707929741,0.7646531896649701,29.0
14_LTAN06_800km_1213COLD_MY_STTLCT_PCDU_HEAT_MY_0p5,181.5,14.354064761413014,251.25183397426176,251.66152516943237,37.725600725419,26.842494485952848,46.30054492467819,52.07966548683201,278.0943284602146,282.9288728266489,1.0,13.4,14.354064761413014,11.251833974261757,18.23850166431415,14.354064761413014,251.25183397426176,251.66152516943237,251.66152516943237,133.0,1.0,0.4,-0.18974944056178344,1.8347998701231347,1.8445854313632053,-0.18974944056178344,41.834799870123135,41.83523018967922,41.83523018967922,3.0,1.0,0.1,-0.18974944056178344,-0.9710379905289415,0.989403673554932,-0.18974944056178344,-0.9710379905289415,0.989403673554932,0.989403673554932,0.0,1.0,0.1,0.0,0.0,0.0,0.0,0.0,0.0,0.0,0.0,1.0,18.6,12.079665486832013,-1.9056715397853736,12.229059746820623,52.07966548683201,278.0943284602146,282.9288728266489,251.66152516943237,185.0,1.0,0.6000000000000001,-2.464148715142784,-14.128543504576072,14.341818938023117,37.535851284857216,25.871456495423928,45.58807292344709,0.989403673554932,5.0
14_LTAN06_800km_1213COLD_MY_STTLCT_PCDU_HEAT_MY_0p5,242.0,13.921208739553084,257.5550886124949,257.93104451182353,3.0445000064404617,-29.51659763995134,29.673195253089897,16.965708745993545,228.03849097254357,228.66873122114603,1.0,13.4,13.921208739553084,17.5550886124949,22.404936709635162,13.921208739553084,257.5550886124949,257.93104451182353,257.93104451182353,133.0,1.0,0.4,-0.6226054624217134,8.138054508356277,8.161836113449919,-0.6226054624217134,48.13805450835628,48.14208065104081,48.14208065104081,3.0,1.0,0.1,-0.6226054624217134,-1.1659052479342904,1.3217309139904667,-0.6226054624217134,-1.1659052479342904,1.3217309139904667,1.3217309139904667,0.0,1.0,0.1,0.0,0.0,0.0,0.0,0.0,0.0,0.0,0.0,1.0,13.4,16.965708745993545,-11.96150902745643,20.758443377763264,16.965708745993545,228.03849097254357,228.66873122114603,257.93104451182353,133.0,1.0,0.5,2.4218945440187483,9.317497112114381,9.627114085571419,2.4218945440187483,-30.68250288788562,30.777939447718996,1.3217309139904667,4.0
14_LTAN06_800km_1213COLD_MY_STTLCT_PCDU_HEAT_MY_0p5,302.5,13.497846569952443,263.6277936200872,263.9731149776834,14.770206166278433,93.91186524217146,95.06627910809459,28.268052736230878,357.53965886225865,358.65539235433033,1.0,18.400000000000002,13.497846569952443,-16.372206379912825,21.218883188623174,13.497846569952443,263.6277936200872,263.9731149776834,263.9731149776834,183.0,1.0,0.4,-1.0459676320223537,14.210759515948553,14.24920118137718,-1.0459676320223537,54.21075951594855,54.220849270213805,54.220849270213805,3.0,1.0,0.1,-1.0459676320223537,-1.3054321227202195,1.672782506564517,-1.0459676320223537,-1.3054321227202195,1.672782506564517,1.672782506564517,0.0,1.0,0.1,0.0,0.0,0.0,0.0,0.0,0.0,0.0,0.0,1.0,31.0,-11.731947263769122,-2.460341137741352,11.987154170774739,28.268052736230878,357.53965886225865,358.65539235433033,263.9731149776834,309.0,1.0,1.4000000000000001,13.72423853425608,12.606433119451253,18.635366359166568,13.72423853425608,92.60643311945125,93.61787317842975,1.672782506564517,13.0
14_LTAN06_800km_1213COLD_MY_STTLCT_PCDU_HEAT_MY_0p5,363.0,13.08402460446404,269.4758588957318,269.7933101977189,27.65197705201568,-34.77731845778913,44.4307744024306,40.73600165647972,234.69854043794265,238.20752866913614,1.0,18.400000000000002,13.08402460446404,-10.52414110426821,16.791344372407114,13.08402460446404,269.4758588957318,269.7933101977189,269.7933101977189,183.0,1.0,0.4,-1.459789597510758,20.058824791593167,20.111873052722693,-1.459789597510758,60.05882479159317,60.07656299270362,60.07656299270362,3.0,1.0,0.1,-1.459789597510758,-1.3922815711120506,2.0172837287448835,-1.459789597510758,-1.3922815711120506,2.0172837287448835,2.0172837287448835,0.0,1.0,0.1,0.0,0.0,0.0,0.0,0.0,0.0,0.0,0.0,1.0,13.600000000000001,0.736001656479722,-5.301459562057346,5.352305290850865,40.73600165647972,234.69854043794265,238.20752866913614,269.7933101977189,135.0,1.0,0.7000000000000001,-13.807812545495075,3.8303999710988137,14.3292585722404,26.192187454504925,-36.169600028901186,44.65725752778169,2.0172837287448835,6.0
14_LTAN06_800km_1213COLD_MY_STTLCT_PCDU_HEAT_MY_0p5,423.5,12.682555864614596,275.123256901895,275.4154202501472,35.924908073531704,-134.51444184891668,139.22907054928322,48.607463938146296,140.60881505297831,148.7733995749941,1.0,18.400000000000002,12.682555864614596,-4.87674309810501,13.587856582404191,12.682555864614596,275.123256901895,275.4154202501472,275.4154202501472,183.0,1.0,1.4000000000000001,-1.8612583373602014,-14.293777202243632,14.414449323708924,-1.8612583373602014,65.70622279775637,65.73257941802369,65.73257941802369,13.0,1.0,0.1,-1.8612583373602014,-1.4224664333621604,2.3425826244627803,-1.8612583373602014,-1.4224664333621604,2.3425826244627803,2.3425826244627803,0.0,1.0,0.1,0.0,0.0,0.0,0.0,0.0,0.0,0.0,0.0,1.0,3.4000000000000004,8.607463938146296,20.608815052978315,22.33409262393157,48.607463938146296,140.60881505297831,148.7733995749941,275.4154202501472,33.0,1.0,3.5,-5.936350263828501,-15.936908282278836,17.006625181164676,34.0636497361715,-135.93690828227884,140.13984182484745,2.3425826244627803,34.0
14_LTAN06_800km_1213COLD_MY_STTLCT_PCDU_HEAT_MY_0p5,484.0,12.293293462581806,280.5783877316261,280.84756848909313,97.11582936983513,-69.15237184570678,119.22053030446489,109.40912283241693,211.4260158859193,238.05738037782382,1.0,18.400000000000002,12.293293462581806,0.5783877316260941,12.306892236679907,12.293293462581806,280.5783877316261,280.84756848909313,280.84756848909313,183.0,1.0,1.4000000000000001,-2.250520739392991,-8.838646372512528,9.120664082004492,-2.250520739392991,71.16135362748747,71.19693177163438,71.19693177163438,13.0,1.0,0.1,-2.250520739392991,-1.4017968451913134,2.6513917088250643,-2.250520739392991,-1.4017968451913134,2.6513917088250643,2.6513917088250643,0.0,1.0,0.1,0.0,0.0,0.0,0.0,0.0,0.0,0.0,0.0,1.0,9.8,-10.590877167583074,11.426015885919298,15.579490306300544,109.40912283241693,211.4260158859193,238.05738037782382,280.84756848909313,97.0,1.0,1.9000000000000001,14.86530863044213,9.44583130910189,17.61252763797141,94.86530863044213,-70.55416869089811,118.225705754767,2.6513917088250643,18.0
14_LTAN06_800km_1213COLD_MY_STTLCT_PCDU_HEAT_MY_0p5,544.5,11.916457489923216,285.8493640775996,286.09764225291553,12.105906760737934,-221.01574670839494,221.34704260859024,24.02236425066115,64.83361736920466,69.14095693124213,1.0,18.400000000000002,11.916457489923216,5.849364077599603,13.274675861257771,11.916457489923216,285.8493640775996,286.09764225291553,286.09764225291553,183.0,1.0,1.4000000000000001,-2.627356712051581,-3.5676700265390195,4.430719209183473,-2.627356712051581,76.43232997346098,76.4774742552628,76.4774742552628,13.0,1.0,0.1,-2.627356712051581,-1.3366309813341104,2.9478103182913045,-2.627356712051581,-1.3366309813341104,2.9478103182913045,2.9478103182913045,0.0,1.0,0.1,0.0,0.0,0.0,0.0,0.0,0.0,0.0,0.0,1.0,1.6,-15.977635749338852,-15.16638263079534,22.029616570477152,24.02236425066115,64.83361736920466,69.14095693124213,286.09764225291553,15.0,1.0,9.3,9.478550048686351,-22.352377689729053,24.279038271928094,9.478550048686351,-222.35237768972905,222.55431421408431,2.9478103182913045,92.0
14_LTAN06_800km_1213COLD_MY_STTLCT_PCDU_HEAT_MY_0p5,605.0,11.554719147012174,290.94505714939373,291.17441133147383,41.915295090325316,-78.97556942225057,89.4093536945535,53.47001423733749,211.96948772714316,218.60948321115572,1.0,18.400000000000002,11.554719147012174,10.945057149393733,15.915583890320349,11.554719147012174,290.94505714939373,291.17441133147383,291.17441133147383,183.0,1.0,1.4000000000000001,-2.9890950549626236,1.528023045255111,3.3570141010178545,-2.9890950549626236,81.52802304525511,81.58279984724263,81.58279984724263,13.0,1.0,0.1,-2.9890950549626236,-1.2379922334775983,3.2353228614394673,-2.9890950549626236,-1.2379922334775983,3.2353228614394673,3.2353228614394673,0.0,1.0,0.1,0.0,0.0,0.0,0.0,0.0,0.0,0.0,0.0,1.0,9.4,13.470014237337487,11.96948772714316,18.01970920975989,53.47001423733749,211.96948772714316,218.60948321115572,291.17441133147383,93.0,1.0,1.7000000000000002,-1.0737999646373098,-0.21356165572817076,1.0948310120070792,38.92620003536269,-80.21356165572817,89.15976964242547,3.2353228614394673,16.0
14_LTAN06_800km_1213COLD_MY_STTLCT_PCDU_HEAT_MY_0p5,665.5,11.206660512464085,295.8746073696613,296.08676519897483,-35.286664800848875,-85.09600662268737,92.12208777430047,-24.080004288384792,210.77860074697395,212.14962912854898,1.0,18.400000000000002,11.206660512464085,15.874607369661305,19.43173690081581,11.206660512464085,295.8746073696613,296.08676519897483,296.08676519897483,183.0,1.0,1.4000000000000001,-3.3371536895107123,6.457573265522683,7.268895873996837,-3.3371536895107123,86.45757326552268,86.52195426428275,86.52195426428275,13.0,1.0,0.1,-3.3371536895107123,-1.111046549683806,3.517245965663938,-3.3371536895107123,-1.111046549683806,3.517245965663938,3.517245965663938,0.0,1.0,0.1,0.0,0.0,0.0,0.0,0.0,0.0,0.0,0.0,1.0,9.0,15.919995711615208,10.77860074697395,19.22562086176969,-24.080004288384792,210.77860074697395,212.14962912854898,296.08676519897483,89.0,1.0,1.3,1.3761815096404106,-6.207053172371161,6.357781423745161,-38.62381849035959,-86.20705317237116,94.46404274347077,3.517245965663938,12.0
14_LTAN06_800km_1213COLD_MY_STTLCT_PCDU_HEAT_MY_0p5,726.0,10.86986776971936,300.64443395318045,300.84087104706947,-3.6314517406303057,-208.17969843730168,208.21136924575083,7.238416029089054,92.46473551587877,92.74762520211279,1.0,18.400000000000002,10.86986776971936,20.644433953180453,23.331238256432375,10.86986776971936,300.64443395318045,300.84087104706947,300.84087104706947,183.0,1.0,1.4000000000000001,-3.6739464322554376,11.22739984904183,11.813229438106541,-3.6739464322554376,91.22739984904183,91.30134919925356,91.30134919925356,13.0,1.0,0.1,-3.6739464322554376,-0.9665103906218633,3.7989504764161492,-3.6739464322554376,-0.9665103906218633,3.7989504764161492,3.7989504764161492,0.0,1.0,0.1,0.0,0.0,0.0,0.0,0.0,0.0,0.0,0.0,1.0,1.4000000000000001,7.238416029089054,12.464735515878772,14.414031292146655,7.238416029089054,92.46473551587877,92.74762520211279,300.84087104706947,13.0,1.0,9.3,-7.305398172885743,-9.146208827923545,11.70563874328902,-7.305398172885743,-209.14620882792354,209.27375733607357,3.7989504764161492,92.0
14_LTAN06_800km_1213COLD_MY_STTLCT_PCDU_HEAT_MY_0p5,786.5,10.541740643740908,305.2593099298298,305.4412784720424,72.98629177808725,-203.40007936578507,216.0985679580588,83.52803242182816,101.85923056404471,131.72788258892342,1.0,24.200000000000003,10.541740643740908,-14.740690070170217,18.122258124878197,10.541740643740908,305.2593099298298,305.4412784720424,305.4412784720424,241.0,1.0,1.4000000000000001,-4.002073558233889,15.84227582569116,16.339960101015958,-4.002073558233889,95.84227582569116,95.92579646900712,95.92579646900712,13.0,1.0,0.1,-4.002073558233889,-0.8052985933800869,4.082290850737463,-4.002073558233889,-0.8052985933800869,4.082290850737463,4.082290850737463,0.0,1.0,0.1,0.0,0.0,0.0,0.0,0.0,0.0,0.0,0.0,1.0,1.8,3.528032421828158,21.859230564044708,22.14210860829512,83.52803242182816,101.85923056404471,131.72788258892342,305.4412784720424,17.0,1.0,9.700000000000001,-11.01578178014664,-4.205377959165162,11.791210794792994,68.98421821985336,-204.20537795916516,215.54270748705426,4.082290850737463,96.0
14_LTAN06_800km_1213COLD_MY_STTLCT_PCDU_HEAT_MY_0p5,847.0,10.22216453065062,309.7266767851498,309.8953161312128,16.799183653433527,-98.19470179110176,99.62134325166066,27.021348184084147,211.53197499404803,213.25086096559627,1.0,24.200000000000003,10.22216453065062,-10.273323214850222,14.49254351618349,10.22216453065062,309.7266767851498,309.8953161312128,309.8953161312128,241.0,1.0,1.4000000000000001,-4.321649671324177,20.309642681011155,20.764350259808428,-4.321649671324177,100.30964268101116,100.40269453891061,100.40269453891061,13.0,1.0,0.1,-4.321649671324177,-0.6315238795252185,4.367548315939613,-4.321649671324177,-0.6315238795252185,4.367548315939613,4.367548315939613,0.0,1.0,0.1,0.0,0.0,0.0,0.0,0.0,0.0,0.0,0.0,1.0,9.4,-12.978651815915853,11.531974994048028,17.36179282856828,27.021348184084147,211.53197499404803,213.25086096559627,309.8953161312128,93.0,1.0,1.5,12.47753398210935,-18.826225670626968,22.58573946710772,12.47753398210935,-98.82622567062697,99.61080129472096,4.367548315939613,14.0
14_LTAN06_800km_1213COLD_MY_STTLCT_PCDU_HEAT_MY_0p5,907.5,9.912936605465802,314.04432626487034,314.2007402462641,16.42908379571433,-131.19222008578393,132.21691799994196,26.342020401180132,182.8521061790864,184.73980289299888,1.0,24.200000000000003,9.912936605465802,-5.955673735129665,11.564443859662996,9.912936605465802,314.04432626487034,314.2007402462641,314.2007402462641,241.0,1.0,3.2,-4.630877596508995,-15.372707839268287,16.055066914384057,-4.630877596508995,104.62729216073171,104.7297249695661,104.7297249695661,31.0,1.0,0.1,-4.630877596508995,-0.45021814586806386,4.652711434499007,-4.630877596508995,-0.45021814586806386,4.652711434499007,4.652711434499007,0.0,1.0,0.1,0.0,0.0,0.0,0.0,0.0,0.0,0.0,0.0,1.0,9.4,-13.657979598819868,-17.147893820913595,21.922378274610317,26.342020401180132,182.8521061790864,184.73980289299888,314.2007402462641,93.0,1.0,3.3000000000000003,11.798206199205335,-11.642438231651994,16.575404595267027,11.798206199205335,-131.642438231652,132.17007684454632,4.652711434499007,32.0
14_LTAN06_800km_1213COLD_MY_STTLCT_PCDU_HEAT_MY_0p5,968.0,9.614721730358209,318.2134734529092,318.35869323911606,26.48981605649052,-140.25562907681302,142.73525087531553,36.104537786848724,177.9578443760962,181.5834023907165,1.0,24.200000000000003,9.614721730358209,-1.786526547090773,9.779291950631315,9.614721730358209,318.2134734529092,318.35869323911606,318.35869323911606,241.0,1.0,3.2,-4.929092471616588,-11.203560651229395,12.239923360034693,-4.929092471616588,108.7964393487706,108.90803995832663,108.90803995832663,31.0,1.0,0.1,-4.929092471616588,-0.26586636176068623,4.936257440213505,-4.929092471616588,-0.26586636176068623,4.936257440213505,4.936257440213505,0.0,1.0,0.1,0.0,0.0,0.0,0.0,0.0,0.0,0.0,0.0,1.0,6.0,-3.8954622131512764,17.957844376096205,18.375494564505725,36.104537786848724,177.9578443760962,181.5834023907165,318.35869323911606,59.0,0.0,nan,nan,nan,nan,21.560723584873926,-140.5214954385737,142.16594346676854,4.936257440213505,nan
14_LTAN06_800km_1213COLD_MY_STTLCT_PCDU_HEAT_MY_0p5,1028.5,9.326746825389488,322.2414525148516,322.37639790348527,16.55841905147394,-128.19128369188283,129.25628207579314,25.88516587686343,194.05016882296874,195.7690216369674,1.0,24.200000000000003,9.326746825389488,2.2414525148515736,9.592305026491148,9.326746825389488,322.2414525148516,322.37639790348527,322.37639790348527,241.0,1.0,3.2,-5.217067376585309,-7.175581589287049,8.871683220017832,-5.217067376585309,112.82441841071295,112.94497413221828,112.94497413221828,31.0,1.0,0.1,-5.217067376585309,-0.06838764130060326,5.2175155851528965,-5.217067376585309,-0.06838764130060326,5.2175155851528965,5.2175155851528965,0.0,1.0,0.1,0.0,0.0,0.0,0.0,0.0,0.0,0.0,0.0,1.0,9.4,-14.114834123136571,-5.949831177031257,15.317605340223182,25.88516587686343,194.05016882296874,195.7690216369674,322.37639790348527,93.0,1.0,3.3000000000000003,11.341351674888632,-8.259671333183434,14.030268292007511,11.341351674888632,-128.25967133318343,128.76012406141015,5.2175155851528965,32.0
14_LTAN06_800km_1213COLD_MY_STTLCT_PCDU_HEAT_MY_0p5,1089.0,10.238491256569446,282.87562422708896,283.06085120531253,213.6425110261949,-193.58673851777186,288.3035689122249,223.88100228276437,89.2888857093171,241.0294759865412,1.0,18.400000000000002,10.238491256569446,2.875624227088963,10.634656454548496,10.238491256569446,282.87562422708896,283.06085120531253,283.06085120531253,183.0,1.0,1.4000000000000001,-4.305322945405351,-6.541409877049659,7.831082226857067,-4.305322945405351,73.45859012295034,73.58464696195702,73.58464696195702,13.0,1.0,0.1,-4.305322945405351,2.212266867329788,4.840447330208124,-4.305322945405351,2.212266867329788,4.840447330208124,4.840447330208124,0.0,1.0,0.1,0.0,0.0,0.0,0.0,0.0,0.0,0.0,0.0,1.0,16.2,-16.11899771723563,9.2888857093171,18.60391047949336,223.88100228276437,89.2888857093171,241.0294759865412,283.06085120531253,161.0,1.0,10.3,9.337188080789588,8.625528349557925,12.711523141034933,209.3371880807896,-191.37447165044208,283.6304756422655,4.840447330208124,102.0
14_LTAN06_800km_1213COLD_MY_STTLCT_PCDU_HEAT_MY_0p5,1149.5,11.075206750187858,245.41220565026853,245.66198502554093,147.9151345231339,-239.85118258384477,281.79332285890956,158.99034127332175,5.561023066423758,159.08756581126198,1.0,13.4,11.075206750187858,5.4122056502685325,12.32688827564383,11.075206750187858,245.41220565026853,245.66198502554093,245.66198502554093,133.0,1.0,0.4,-3.468607451786939,-4.00482845387009,5.298102358346748,-3.468607451786939,35.99517154612991,36.16190830542426,36.16190830542426,3.0,1.0,0.1,-3.468607451786939,4.307596019038357,5.530517255901746,-3.468607451786939,4.307596019038357,5.530517255901746,5.530517255901746,0.0,1.0,0.1,0.0,0.0,0.0,0.0,0.0,0.0,0.0,0.0,1.0,7.4,-1.0096587266782535,5.561023066423758,5.651936684858974,158.99034127332175,5.561023066423758,159.08756581126198,245.66198502554093,73.0,1.0,14.100000000000001,24.446527071346964,4.456413435193582,24.84939247859943,144.44652707134696,-235.54358656480642,276.30704000221533,5.530517255901746,140.0
14_LTAN06_800km_1213COLD_MY_STTLCT_PCDU_HEAT_MY_0p5,1210.0,11.837930610558653,209.83869496141529,210.17234476555257,260.0200023775425,-220.727419559348,341.07329913340567,271.85793298810114,-10.888724597932708,272.07590862098124,1.0,9.200000000000001,11.837930610558653,9.838694961415285,15.392742435452497,11.837930610558653,209.83869496141529,210.17234476555257,210.17234476555257,91.0,1.0,0.1,-2.7058835914161445,0.42166085727666314,2.738540466901014,-2.7058835914161445,0.42166085727666314,2.738540466901014,2.738540466901014,0.0,1.0,0.1,-2.7058835914161445,5.996049903690903,6.578329610003349,-2.7058835914161445,5.996049903690903,6.578329610003349,6.578329610003349,0.0,1.0,0.1,0.0,0.0,0.0,0.0,0.0,0.0,0.0,0.0,1.0,21.200000000000003,-8.14206701189886,-10.888724597932708,13.596233985772546,271.85793298810114,-10.888724597932708,272.07590862098124,210.17234476555257,211.0,1.0,14.8,17.314118786126357,-14.73136965565709,22.733058775090257,257.31411878612636,-214.7313696556571,335.14193536601056,6.578329610003349,147.0
14_LTAN06_800km_1213COLD_MY_STTLCT_PCDU_HEAT_MY_0p5,1270.5,12.531583842273374,176.0855595450213,176.530917614675,157.1149280530675,-225.32687599759205,274.69492471459097,169.64651189534086,-49.24131645257074,176.64836892606237,1.0,5.800000000000001,12.531583842273374,16.08555954502131,20.39082684621576,12.531583842273374,176.0855595450213,176.530917614675,176.530917614675,57.0,1.0,0.5,-2.012230359701423,6.668525440882689,6.96550806303487,-2.012230359701423,-33.33147455911731,33.392158769770916,33.392158769770916,4.0,1.0,0.1,-2.012230359701423,7.288341721337645,7.561018189866699,-2.012230359701423,7.288341721337645,7.561018189866699,7.561018189866699,0.0,1.0,0.1,0.0,0.0,0.0,0.0,0.0,0.0,0.0,0.0,1.0,7.2,9.646511895340865,-9.241316452570743,13.358784432855689,169.64651189534086,-49.24131645257074,176.64836892606237,176.530917614675,71.0,1.0,10.100000000000001,-4.8973023066339465,-18.03853427625441,18.691503115538016,155.10269769336605,-218.0385342762544,267.57737060726396,7.561018189866699,100.0
14_LTAN06_800km_1213COLD_MY_STTLCT_PCDU_HEAT_MY_0p5,1331.0,13.158708269744944,144.0971247415994,144.69669298959224,184.58403914667264,-221.78617730158226,288.548741029569,197.7427474164176,-77.68905255998285,212.45654389418297,1.0,5.800000000000001,13.158708269744944,-15.902875258400599,20.641052415332506,13.158708269744944,144.0971247415994,144.69669298959224,144.69669298959224,57.0,1.0,1.5,-1.3851059322298536,14.68009063746078,14.745290080821128,-1.3851059322298536,-65.31990936253922,65.33459326860341,65.33459326860341,14.0,1.0,0.1,-1.3851059322298536,8.226329974492472,8.342123428284411,-1.3851059322298536,8.226329974492472,8.342123428284411,8.342123428284411,0.0,1.0,0.1,0.0,0.0,0.0,0.0,0.0,0.0,0.0,0.0,1.0,10.8,-2.2572525835824138,2.310947440017145,3.230428345685952,197.7427474164176,-77.68905255998285,212.45654389418297,144.69669298959224,107.0,1.0,10.3,-16.801066785557225,-13.559847327089784,21.590398436961234,183.19893321444277,-213.55984732708978,281.3710317734926,8.342123428284411,102.0
14_LTAN06_800km_1213COLD_MY_STTLCT_PCDU_HEAT_MY_0p5,1391.5,13.723501833919128,113.79997709171708,114.62447072358029,201.56993770853387,-187.0949154214088,275.0180851587152,215.293439542453,-73.29493832969173,227.42781952692854,1.0,3.2,13.723501833919128,-6.200022908282918,15.05904335105038,13.723501833919128,113.79997709171708,114.62447072358029,114.62447072358029,31.0,1.0,1.5,-0.820312368055669,-15.61705701242154,15.63858632071358,-0.820312368055669,-95.61705701242154,95.62057573607187,95.62057573607187,14.0,1.0,0.1,-0.820312368055669,8.833959995595379,8.871964922437678,-0.820312368055669,8.833959995595379,8.871964922437678,8.871964922437678,0.0,1.0,0.1,0.0,0.0,0.0,0.0,0.0,0.0,0.0,0.0,1.0,10.8,15.293439542453001,6.705061670308268,16.698716868110022,215.293439542453,-73.29493832969173,227.42781952692854,114.62447072358029,107.0,1.0,10.3,0.7496253404781896,21.73904457418655,21.751965362917364,200.7496253404782,-178.26095542581345,268.47230826226047,8.871964922437678,102.0
14_LTAN06_800km_1213COLD_MY_STTLCT_PCDU_HEAT_MY_0p5,1452.0,14.231813940435009,85.10421227819502,86.28598655359536,254.91058541904405,-211.75269174472135,331.3889090175088,269.14239935947904,-126.64847946652633,297.45162377126206,1.0,1.4000000000000001,14.231813940435009,5.104212278195021,15.119441491537875,14.231813940435009,85.10421227819502,86.28598655359536,86.28598655359536,13.0,1.0,3.3000000000000003,-0.3120002615397883,-4.312821825943601,4.324092536652794,-0.3120002615397883,-124.3128218259436,124.3132133543816,124.3132133543816,32.0,1.0,0.1,-0.3120002615397883,9.137443680261825,9.142768791408741,-0.3120002615397883,9.137443680261825,9.142768791408741,9.142768791408741,0.0,1.0,0.1,0.0,0.0,0.0,0.0,0.0,0.0,0.0,0.0,1.0,20.6,-10.857600640520957,-6.648479466526325,12.731448106396352,269.14239935947904,-126.64847946652633,297.45162377126206,86.28598655359536,205.0,1.0,14.8,14.59858515750426,-2.6152480644595357,14.830988201720174,254.59858515750426,-202.61524806445954,325.3818961042938,9.142768791408741,147.0
14_LTAN06_800km_1213COLD_MY_STTLCT_PCDU_HEAT_MY_0p5,1512.5,14.687346892868971,57.93597969805863,59.768686637112324,201.50764753848475,-184.44444243228523,273.1759220001843,216.1949944313537,-126.5084627342266,250.48885556158035,1.0,0.4,14.687346892868971,17.93597969805863,23.18226750084295,14.687346892868971,57.93597969805863,59.768686637112324,59.768686637112324,3.0,1.0,5.9,0.1435326908941743,8.518945593920023,8.520154673802859,0.1435326908941743,-151.48105440607998,151.48112240675772,151.48112240675772,58.0,1.0,0.1,0.1435326908941743,9.173101638417108,9.174224506849937,0.1435326908941743,9.173101638417108,9.174224506849937,9.174224506849937,0.0,1.0,0.1,0.0,0.0,0.0,0.0,0.0,0.0,0.0,0.0,1.0,10.600000000000001,16.194994431353706,-6.5084627342265975,17.45388013578625,216.1949944313537,-126.5084627342266,250.48885556158035,59.768686637112324,105.0,1.0,10.3,1.6511802293788946,24.72865920613188,24.783724140711836,201.6511802293789,-175.27134079386812,267.1764237195747,9.174224506849937,102.0
14_LTAN06_800km_1213COLD_MY_STTLCT_PCDU_HEAT_MY_0p5,1573.0,15.094392253145198,32.20514947370257,35.56701182437646,-220.1942205594848,38.27859761412541,223.49663488093768,-205.0998283063396,70.48374708782798,216.87300010566295,1.0,0.4,15.094392253145198,-7.794850526297431,16.98824217566753,15.094392253145198,32.20514947370257,35.56701182437646,35.56701182437646,3.0,1.0,5.9,0.550578051170401,-17.21188463043606,17.220688392798696,0.550578051170401,-177.21188463043606,177.2127399214329,177.2127399214329,58.0,1.0,0.1,0.550578051170401,8.99691916099767,9.013750084174601,0.550578051170401,8.99691916099767,9.013750084174601,9.013750084174601,0.0,1.0,0.1,0.0,0.0,0.0,0.0,0.0,0.0,0.0,0.0,1.0,11.700000000000001,-5.099828306339589,-9.516252912172021,10.796634579468039,-205.0998283063396,70.48374708782798,216.87300010566295,35.56701182437646,116.0,1.0,11.5,-19.64364250831437,7.27551677512308,20.947692840490877,-219.64364250831437,47.27551677512308,224.67377279218672,9.013750084174601,114.0
14_LTAN06_800km_1213COLD_MY_STTLCT_PCDU_HEAT_MY_0p5,1633.5,15.457468607817669,7.823702700396848,17.32465467782448,-347.08976832370354,169.94362245360622,386.46104860342143,-331.6322997158859,177.76732515400306,376.27277885499,1.0,0.1,15.457468607817669,7.823702700396848,17.32465467782448,15.457468607817669,7.823702700396848,17.32465467782448,17.32465467782448,0.0,1.0,9.3,0.9136544058428715,-1.5933314037417858,1.836700665722605,0.9136544058428715,-201.5933314037418,201.59540180974412,201.59540180974412,92.0,1.0,0.1,0.9136544058428715,8.65907861509225,8.707146882628317,0.9136544058428715,8.65907861509225,8.707146882628317,8.707146882628317,0.0,1.0,0.1,0.0,0.0,0.0,0.0,0.0,0.0,0.0,0.0,1.0,28.3,-11.632299715885893,17.76732515400306,21.236483696889863,-331.6322997158859,177.76732515400306,376.27277885499,17.32465467782448,282.0,1.0,35.300000000000004,13.823886082139325,18.60270106869845,23.176719212678048,-346.1761139178607,178.60270106869845,389.5341149069058,8.707146882628317,352.0
14_LTAN06_800km_1213COLD_MY_STTLCT_PCDU_HEAT_MY_0p5,1694.0,15.78064094674294,-15.277364787852807,21.964209604516725,-311.46387732319846,82.04344072936975,322.08830007299866,-295.6832363764555,66.76607594151695,303.12750645674384,1.0,0.1,15.78064094674294,-15.277364787852807,21.964209604516725,15.78064094674294,-15.277364787852807,21.964209604516725,21.964209604516725,0.0,1.0,9.3,1.236826744768143,-24.694398891991426,24.725352920299464,1.236826744768143,-224.69439889199143,224.69780291277868,224.69780291277868,92.0,1.0,0.1,1.236826744768143,8.170331132985776,8.263416437479743,1.236826744768143,8.170331132985776,8.263416437479743,8.263416437479743,0.0,1.0,0.1,0.0,0.0,0.0,0.0,0.0,0.0,0.0,0.0,1.0,21.700000000000003,-15.683236376455511,-13.233924058483055,20.520737053660476,-295.6832363764555,66.76607594151695,303.12750645674384,21.964209604516725,216.0,1.0,27.900000000000002,9.772949421569706,10.213771862355529,14.136183220827508,-310.2270505784303,90.21377186235553,323.0779279743899,8.263416437479743,278.0
14_LTAN06_800km_1213COLD_MY_STTLCT_PCDU_HEAT_MY_0p5,1754.5,16.06992261134234,-37.18193829040265,40.50603594238571,-306.59914746218703,64.26061016429637,313.261014560107,-290.5292248508447,27.078671873893718,291.78842499812544,1.0,0.5,16.06992261134234,2.8180617095973517,16.31514279844435,16.06992261134234,-37.18193829040265,40.50603594238571,40.50603594238571,4.0,1.0,13.5,1.5261084093675414,-6.598972394541278,6.7731413347914255,1.5261084093675414,-246.59897239454128,246.60369460517188,246.60369460517188,134.0,1.0,0.1,1.5261084093675414,7.551387564183337,7.704054842850294,1.5261084093675414,7.551387564183337,7.704054842850294,7.704054842850294,0.0,1.0,0.1,0.0,0.0,0.0,0.0,0.0,0.0,0.0,0.0,1.0,21.5,-10.529224850844685,-12.921328126106282,16.668092167436278,-290.5292248508447,27.078671873893718,291.78842499812544,40.50603594238571,214.0,1.0,27.900000000000002,14.926960947180532,-8.188002271520304,17.025203209274018,-305.07303905281947,71.8119977284797,313.41110729308605,7.704054842850294,278.0
14_LTAN06_800km_1213COLD_MY_STTLCT_PCDU_HEAT_MY_0p5,1815.0,16.329229190556518,-57.9599816372091,60.21630341812206,-302.4087640275345,84.25893841601697,313.92774529126154,-286.079534836978,26.298956778807877,287.2858078294076,1.0,0.5,16.329229190556518,-17.959981637209097,24.27353839815306,16.329229190556518,-57.9599816372091,60.21630341812206,60.21630341812206,4.0,1.0,18.5,1.7854149885817208,12.622984258652309,12.748624956270234,1.7854149885817208,-267.3770157413477,267.3829767457725,267.3829767457725,184.0,1.0,0.1,1.7854149885817208,6.81386645525447,7.043896844183224,1.7854149885817208,6.81386645525447,7.043896844183224,7.043896844183224,0.0,1.0,0.1,0.0,0.0,0.0,0.0,0.0,0.0,0.0,0.0,1.0,21.5,-6.0795348369779845,-13.701043221192123,14.989307161540307,-286.079534836978,26.298956778807877,287.2858078294076,60.21630341812206,214.0,1.0,21.700000000000003,-20.623349038952767,11.072804871271444,23.407894678926738,-300.62334903895277,91.07280487127144,314.11566941895256,7.043896844183224,216.0
14_LTAN06_800km_1213COLD_MY_STTLCT_PCDU_HEAT_MY_0p5,1875.5,16.561311237730106,-77.67159423480075,79.41758987081198,-324.39939588576294,279.11821462418317,427.9508684253831,-307.83808464803286,201.44662038938242,367.8926843878163,1.0,1.5,16.561311237730106,2.32840576519925,16.72418916780059,16.561311237730106,-77.67159423480075,79.41758987081198,79.41758987081198,14.0,1.0,18.5,2.0174970357553086,-7.0886283389393725,7.370138805809279,2.0174970357553086,-287.0886283389394,287.095717167329,287.095717167329,184.0,1.0,0.1,2.0174970357553086,5.9872723930855045,6.3180475622050585,2.0174970357553086,5.9872723930855045,6.3180475622050585,6.3180475622050585,0.0,1.0,0.1,0.0,0.0,0.0,0.0,0.0,0.0,0.0,0.0,1.0,28.5,12.161915351967139,1.4466203893824172,12.247648573476907,-307.83808464803286,201.44662038938242,367.8926843878163,79.41758987081198,284.0,1.0,28.900000000000002,-2.3818988500076443,5.105487017268672,5.633776691986176,-322.38189885000764,285.1054870172687,430.3663874345794,6.3180475622050585,288.0
14_LTAN06_800km_1213COLD_MY_STTLCT_PCDU_HEAT_MY_0p5,1936.0,16.769490979285507,-96.39714994268176,97.84490965183733,-358.2393842063765,117.97298400710913,377.1645282262178,-341.469893227091,21.57583406442737,342.150850643538,1.0,1.5,16.769490979285507,-16.397149942681764,23.45383452544864,16.769490979285507,-96.39714994268176,97.84490965183733,97.84490965183733,14.0,1.0,24.3,2.22567677731071,14.185815953179599,14.359352749150814,2.22567677731071,-305.8141840468204,305.8222830359809,305.8222830359809,242.0,1.0,0.1,2.22567677731071,5.0791981580357515,5.545438760427705,2.22567677731071,5.0791981580357515,5.545438760427705,5.545438760427705,0.0,1.0,0.1,0.0,0.0,0.0,0.0,0.0,0.0,0.0,0.0,0.0,nan,nan,nan,nan,-341.469893227091,21.57583406442737,342.150850643538,97.84490965183733,nan,1.0,35.1,3.9862925709342107,3.0521821651448846,5.020592039820981,-356.0137074290658,123.05218216514488,376.67970400990873,5.545438760427705,350.0
14_LTAN06_800km_1213COLD_MY_STTLCT_PCDU_HEAT_MY_0p5,1996.5,16.956209340465627,-114.19191329736356,115.44395219200652,-359.72026331238675,138.11593130743518,385.3241211220147,-342.7640539719211,23.92401801007162,343.59795594999144,1.0,3.3000000000000003,16.956209340465627,5.808086702636444,17.923362026780467,16.956209340465627,-114.19191329736356,115.44395219200652,115.44395219200652,32.0,1.0,24.3,2.4123951384908295,-3.608947401502178,4.340985101451456,2.4123951384908295,-323.6089474015022,323.6179390710787,323.6179390710787,242.0,1.0,0.1,2.4123951384908295,4.1117647677709925,4.767206709352662,2.4123951384908295,4.1117647677709925,4.767206709352662,4.767206709352662,0.0,1.0,0.1,0.0,0.0,0.0,0.0,0.0,0.0,0.0,0.0,1.0,34.7,17.2359460280789,-16.07598198992838,23.569366398428077,-342.7640539719211,23.92401801007162,343.59795594999144,115.44395219200652,346.0,1.0,35.1,2.6921318261041165,22.227696075206154,22.390132795069746,-357.3078681738959,142.22769607520615,384.5746093930739,4.767206709352662,350.0
14_LTAN06_800km_1213COLD_MY_STTLCT_PCDU_HEAT_MY_0p5,2057.0,17.124787685592572,-131.1163138520147,132.22989870455413,-331.2659986373297,213.70410925997368,394.21644837295423,-314.1412109517371,82.58779540795896,324.81601618234697,1.0,3.3000000000000003,17.124787685592572,-11.116313852014713,20.416434236494805,17.124787685592572,-131.1163138520147,132.22989870455413,132.22989870455413,32.0,1.0,24.3,2.5809734836177753,-20.533347956153307,20.694922140747554,2.5809734836177753,-340.5333479561533,340.54312868467883,340.54312868467883,242.0,1.0,0.1,2.5809734836177753,3.115816880198196,4.045953404831313,2.5809734836177753,3.115816880198196,4.045953404831313,4.045953404831313,0.0,1.0,0.1,0.0,0.0,0.0,0.0,0.0,0.0,0.0,0.0,1.0,27.900000000000002,5.858789048262906,2.5877954079589642,6.404849271099115,-314.1412109517371,82.58779540795896,324.81601618234697,132.22989870455413,278.0,1.0,28.5,-8.685025153711877,16.819926140171873,18.929859409975688,-328.6850251537119,216.81992614017187,393.757191847623,4.045953404831313,284.0
14_LTAN06_800km_1213COLD_MY_STTLCT_PCDU_HEAT_MY_0p5,2117.5,16.085159478309205,-103.900733428666,105.13845520292446,-351.19136869184297,137.61079021089017,377.1897493651115,-335.10620921353376,33.71005678222417,336.79747531970224,1.0,3.3000000000000003,16.085159478309205,16.099266571334,22.75782809447142,16.085159478309205,-103.900733428666,105.13845520292446,105.13845520292446,32.0,1.0,24.3,1.5413452763344075,6.682232467195377,6.85769465684485,1.5413452763344075,-313.3177675328046,313.3215587810732,313.3215587810732,242.0,1.0,0.1,1.5413452763344075,0.3269303287030425,1.5756359670635445,1.5413452763344075,0.3269303287030425,1.5756359670635445,1.5756359670635445,0.0,1.0,0.1,0.0,0.0,0.0,0.0,0.0,0.0,0.0,0.0,1.0,27.700000000000003,-15.10620921353376,-6.2899432177758285,16.36340253388324,-335.10620921353376,33.71005678222417,336.79747531970224,105.13845520292446,276.0,1.0,35.1,10.349976584491458,17.937720539593215,20.709510700546883,-349.65002341550854,137.93772053959322,375.8749175219392,1.5756359670635445,350.0
14_LTAN06_800km_1213COLD_MY_STTLCT_PCDU_HEAT_MY_0p5,2178.0,15.111498753978951,-77.78224182718267,79.23657323644072,-401.2196973550787,86.9592435487047,410.53520626648316,-386.1081986010998,9.177001721522032,386.2172424783533,1.0,1.5,15.111498753978951,2.2177581728173266,15.27337048279146,15.111498753978951,-77.78224182718267,79.23657323644072,79.23657323644072,14.0,1.0,18.5,0.5676845520041542,-7.199275931321267,7.221623064511596,0.5676845520041542,-287.19927593132127,287.19983697980365,287.19983697980365,184.0,1.0,0.1,0.5676845520041542,-2.6553024914508967,2.7153079147105026,0.5676845520041542,-2.6553024914508967,2.7153079147105026,2.7153079147105026,0.0,1.0,0.1,0.0,0.0,0.0,0.0,0.0,0.0,0.0,0.0,1.0,42.300000000000004,13.891801398900213,9.177001721522032,16.649309496291558,-386.1081986010998,9.177001721522032,386.2172424783533,79.23657323644072,422.0,1.0,42.7,-0.6520128030745695,4.303941057253809,4.35304827904403,-400.65201280307457,84.30394105725381,409.42543868321127,2.7153079147105026,426.0
14_LTAN06_800km_1213COLD_MY_STTLCT_PCDU_HEAT_MY_0p5,2238.5,14.20559616761826,-52.830230766110446,54.70678427103839,-334.83231360757196,17.875684410034193,335.3091384512605,-320.6267174399537,-34.95454635607625,322.5264520117366,1.0,0.5,14.20559616761826,-12.830230766110446,19.141937832651575,14.20559616761826,-52.830230766110446,54.70678427103839,54.70678427103839,4.0,1.0,13.5,-0.33821803435653663,-22.24726487024907,22.24983563188237,-0.33821803435653663,-262.24726487024907,262.24748296859843,262.24748296859843,134.0,1.0,0.1,-0.33821803435653663,-5.2525888288114615,5.263466618429242,-0.33821803435653663,-5.2525888288114615,5.263466618429242,5.263466618429242,0.0,1.0,0.1,0.0,0.0,0.0,0.0,0.0,0.0,0.0,0.0,1.0,27.3,-0.6267174399537225,5.04545364392375,5.084228281905288,-320.6267174399537,-34.95454635607625,322.5264520117366,54.70678427103839,272.0,1.0,27.5,-15.170531641928505,12.623095581222735,19.735439502363228,-335.1705316419285,12.623095581222735,335.4081510983084,5.263466618429242,274.0
14_LTAN06_800km_1213COLD_MY_STTLCT_PCDU_HEAT_MY_0p5,2299.0,13.367645591030485,-29.077062348923395,32.00264838244759,-259.81125098745423,86.94689947115214,273.9738116450413,-246.44360539642375,57.869837122228745,253.14693102888194,1.0,0.5,13.367645591030485,10.922937651076605,17.262807291304146,13.367645591030485,-29.077062348923395,32.00264838244759,32.00264838244759,4.0,1.0,13.5,-1.1761686109443126,1.5059035469379864,1.9107899136354791,-1.1761686109443126,-238.494096453062,238.4969966594209,238.4969966594209,134.0,1.0,0.1,-1.1761686109443126,-7.48966924106027,7.58145882675986,-1.1761686109443126,-7.48966924106027,7.58145882675986,7.58145882675986,0.0,1.0,0.1,0.0,0.0,0.0,0.0,0.0,0.0,0.0,0.0,1.0,16.1,-6.443605396423749,17.869837122228745,18.99608194549091,-246.44360539642375,57.869837122228745,253.14693102888194,32.00264838244759,160.0,1.0,16.3,-20.98741959839856,-0.5427697699081335,20.99443689224291,-260.98741959839856,79.45723023009187,272.8147441478711,7.58145882675986,162.0
14_LTAN06_800km_1213COLD_MY_STTLCT_PCDU_HEAT_MY_0p5,2359.5,12.5966800950674,-6.523003521520688,14.18541237889257,-286.0051776530918,-52.697023342289384,290.8194249246676,-273.40849755802435,-59.22002686381007,279.7484908246809,1.0,0.1,12.5966800950674,-6.523003521520688,14.18541237889257,12.5966800950674,-6.523003521520688,14.18541237889257,14.18541237889257,0.0,1.0,9.3,-1.9471341069073969,-15.9400376256593,16.05852205957062,-1.9471341069073969,-215.9400376256593,215.94881611391492,215.94881611391492,92.0,1.0,0.1,-1.9471341069073969,-9.381674029277583,9.581604188334204,-1.9471341069073969,-9.381674029277583,9.581604188334204,9.581604188334204,0.0,1.0,0.1,0.0,0.0,0.0,0.0,0.0,0.0,0.0,0.0,1.0,20.900000000000002,6.591502441975649,20.77997313618993,21.80034834545875,-273.40849755802435,-59.22002686381007,279.7484908246809,14.18541237889257,208.0,1.0,20.900000000000002,-7.952311759999134,17.921302628433033,19.60643644898535,-287.95231175999913,-62.07869737156697,294.5679862362479,9.581604188334204,208.0
14_LTAN06_800km_1213COLD_MY_STTLCT_PCDU_HEAT_MY_0p5,2420.0,11.890904869909129,14.84065942393537,19.016802853331324,-325.32301244734197,-9.988681088440696,325.47632199239933,-313.4321075774328,4.851978335494675,313.46966002182654,1.0,0.1,11.890904869909129,14.84065942393537,19.016802853331324,11.890904869909129,14.84065942393537,19.016802853331324,19.016802853331324,0.0,1.0,9.3,-2.6529093320656685,5.4236253197967415,6.037684948198392,-2.6529093320656685,-194.57637468020326,194.59445909792757,194.59445909792757,92.0,1.0,0.1,-2.6529093320656685,-10.9361052736797,11.253280698585904,-2.6529093320656685,-10.9361052736797,11.253280698585904,11.253280698585904,0.0,1.0,0.1,0.0,0.0,0.0,0.0,0.0,0.0,0.0,0.0,1.0,27.5,6.5678924225671835,4.851978335494675,8.165715194796174,-313.4321075774328,4.851978335494675,313.46966002182654,19.016802853331324,274.0,1.0,27.3,-7.975921779407599,19.075213637879603,20.675567792976725,-327.9759217794076,-20.924786362120397,328.642742124868,11.253280698585904,272.0
14_LTAN06_800km_1213COLD_MY_STTLCT_PCDU_HEAT_MY_0p5,2480.5,11.247413911409875,35.03739053043001,36.79841103738642,-312.08240059825266,-28.712030006138182,313.4003915604472,-300.8349866868428,6.325360524291828,300.90147789706043,1.0,0.4,11.247413911409875,-4.9626094695699905,12.29356792969568,11.247413911409875,35.03739053043001,36.79841103738642,36.79841103738642,3.0,1.0,5.9,-3.2964002905649217,-14.37964357370862,14.752640583384931,-3.2964002905649217,-174.37964357370862,174.41079768113354,174.41079768113354,58.0,1.0,0.1,-3.2964002905649217,-12.179657004486593,12.617856379852158,-3.2964002905649217,-12.179657004486593,12.617856379852158,12.617856379852158,0.0,1.0,0.1,0.0,0.0,0.0,0.0,0.0,0.0,0.0,0.0,1.0,21.3,-20.834986686842797,6.325360524291828,21.773994948175815,-300.8349866868428,6.325360524291828,300.90147789706043,36.79841103738642,212.0,1.0,27.3,4.62119911118242,-0.8916870106247785,4.706441006759794,-315.3788008888176,-40.89168701062478,318.01873862501145,12.617856379852158,272.0
14_LTAN06_800km_1213COLD_MY_STTLCT_PCDU_HEAT_MY_0p5,2541.0,10.662677101290864,54.10367417142328,55.14435820475135,-247.2322215924671,-27.62713437947556,248.7710392058697,-236.56954449117626,26.47653979194772,238.04654280227894,1.0,0.4,10.662677101290864,14.103674171423279,17.68067612112344,10.662677101290864,54.10367417142328,55.14435820475135,55.14435820475135,3.0,1.0,5.9,-3.881137100683933,4.686640067284657,6.08504891636733,-3.881137100683933,-155.31335993271534,155.36184537647424,155.36184537647424,58.0,1.0,0.1,-3.881137100683933,-13.139745524478641,13.700953895344725,-3.881137100683933,-13.139745524478641,13.700953895344725,13.700953895344725,0.0,1.0,0.1,0.0,0.0,0.0,0.0,0.0,0.0,0.0,0.0,1.0,16.1,3.4304555088237407,-13.523460208052281,13.951774116462486,-236.56954449117626,26.47653979194772,238.04654280227894,55.14435820475135,160.0,1.0,15.700000000000001,-11.113358693151042,-0.7668799039542051,11.139786633043052,-251.11335869315104,-40.766879903954205,254.4009776145889,13.700953895344725,156.0
14_LTAN06_800km_1213COLD_MY_STTLCT_PCDU_HEAT_MY_0p5,2601.5,10.134023141535843,72.07495941090274,72.78391442562334,-240.7313156418797,-33.53921224554835,243.05646481573422,-230.59729250034385,38.53574716535439,233.79502800119866,1.0,1.4000000000000001,10.134023141535843,-7.925040589097264,12.864862742059206,10.134023141535843,72.07495941090274,72.78391442562334,72.78391442562334,13.0,1.0,3.3000000000000003,-4.409791060438954,-17.342074693235872,17.893960206239964,-4.409791060438954,-137.34207469323587,137.41285143042157,137.41285143042157,32.0,1.0,0.1,-4.409791060438954,-13.842113280530668,14.527572311565715,-4.409791060438954,-13.842113280530668,14.527572311565715,14.527572311565715,0.0,1.0,0.1,0.0,0.0,0.0,0.0,0.0,0.0,0.0,0.0,1.0,16.1,9.402707499656145,-1.4642528346456132,9.516036185716068,-230.59729250034385,38.53574716535439,233.79502800119866,72.78391442562334,160.0,1.0,15.700000000000001,-5.141106702318666,-7.381325526079017,8.99527346146695,-245.14110670231867,-47.38132552607902,249.6780971648211,14.527572311565715,156.0
14_LTAN06_800km_1213COLD_MY_STTLCT_PCDU_HEAT_MY_0p5,2662.0,9.658059213987476,88.99478557332478,89.51731657630798,-365.31901083526583,33.19166849891085,366.8237540500869,-355.66095162127834,122.18645407223562,376.06414621298296,1.0,1.4000000000000001,9.658059213987476,8.994785573324776,13.197889046774863,9.658059213987476,88.99478557332478,89.51731657630798,89.51731657630798,13.0,1.0,3.3000000000000003,-4.885754987987321,-0.42224853081384595,4.903967335170314,-4.885754987987321,-120.42224853081385,120.52131986922372,120.52131986922372,32.0,1.0,0.1,-4.885754987987321,-14.31664221556386,15.127354234336826,-4.885754987987321,-14.31664221556386,15.127354234336826,15.127354234336826,0.0,1.0,0.1,0.0,0.0,0.0,0.0,0.0,0.0,0.0,0.0,1.0,35.1,4.339048378721657,2.1864540722356196,4.858798436124179,-355.66095162127834,122.18645407223562,376.06414621298296,89.51731657630798,350.0,1.0,34.5,-10.204765823253126,18.875026283346983,21.45702362175319,-370.2047658232531,18.875026283346983,370.68562860656834,15.127354234336826,344.0
14_LTAN06_800km_1213COLD_MY_STTLCT_PCDU_HEAT_MY_0p5,2722.5,9.231408921898586,104.9100439276633,105.31541305804934,-255.74725984194998,36.641951433396116,258.35884641620703,-246.5158509200514,141.55199536105943,284.265777302746,1.0,3.2,9.231408921898586,-15.089956072336705,17.689705620737733,9.231408921898586,104.9100439276633,105.31541305804934,105.31541305804934,31.0,1.0,3.3000000000000003,-5.312405280076211,15.493009823524673,16.378492093340387,-5.312405280076211,-104.50699017647533,104.64192585004201,104.64192585004201,32.0,1.0,0.1,-5.312405280076211,-14.585313687095166,15.522661666439399,-5.312405280076211,-14.585313687095166,15.522661666439399,15.522661666439399,0.0,1.0,0.1,0.0,0.0,0.0,0.0,0.0,0.0,0.0,0.0,1.0,16.5,-6.515850920051406,21.551995361059426,22.51543508918852,-246.5158509200514,141.55199536105943,284.265777302746,105.31541305804934,164.0,0.0,nan,nan,nan,nan,-261.0596651220262,22.056637746300964,261.98977846911515,15.522661666439399,nan
14_LTAN06_800km_1213COLD_MY_STTLCT_PCDU_HEAT_MY_0p5,2783.0,8.85237781151939,119.88630904267268,120.2126935427083,-182.59609052400057,0.79715769501896,182.59783058689317,-173.74371271248117,120.68346673769165,211.5452123092005,1.0,3.2,8.85237781151939,-0.11369095732732148,8.853107847059066,8.85237781151939,119.88630904267268,120.2126935427083,120.2126935427083,31.0,1.0,1.5,-5.691436390455408,-9.530725061465944,11.100773323685837,-5.691436390455408,-89.53072506146594,89.71144396462698,89.71144396462698,14.0,1.0,0.1,-5.691436390455408,-14.673439119083582,15.738559774263097,-5.691436390455408,-14.673439119083582,15.738559774263097,15.738559774263097,0.0,1.0,0.1,0.0,0.0,0.0,0.0,0.0,0.0,0.0,0.0,1.0,8.1,-13.74371271248117,0.6834667376916457,13.760696417868806,-173.74371271248117,120.68346673769165,211.5452123092005,120.2126935427083,80.0,1.0,11.3,11.712473085544048,-13.876281424064615,18.15855754016366,-188.28752691445595,-13.876281424064615,188.7981567116634,15.738559774263097,112.0
14_LTAN06_800km_1213COLD_MY_STTLCT_PCDU_HEAT_MY_0p5,2843.5,8.517803218482149,133.96709659800686,134.237610015109,-185.94822737192177,26.18347391491592,187.78263383234616,-177.43042415343962,160.15057051292277,239.0183270188379,1.0,3.2,8.517803218482149,13.967096598006862,16.35948529284585,8.517803218482149,133.96709659800686,134.237610015109,134.237610015109,31.0,1.0,1.5,-6.0260109834926485,4.550062493868239,7.550885846791785,-6.0260109834926485,-75.44993750613176,75.69019671035583,75.69019671035583,14.0,1.0,0.1,-6.0260109834926485,-14.601407623899547,15.796009400239221,-6.0260109834926485,-14.601407623899547,15.796009400239221,15.796009400239221,0.0,1.0,0.1,0.0,0.0,0.0,0.0,0.0,0.0,0.0,0.0,1.0,5.0,-17.430424153439617,0.15057051292276924,17.43107448346696,-177.43042415343962,160.15057051292277,239.0183270188379,134.237610015109,49.0,1.0,11.3,8.0257616445856,11.58206629101636,14.09102939977058,-191.9742383554144,11.58206629101636,192.32330189478068,15.796009400239221,112.0
14_LTAN06_800km_1213COLD_MY_STTLCT_PCDU_HEAT_MY_0p5,2904.0,8.227785251786555,147.20059343866944,147.43036037006073,-145.5302040394222,39.736942016882494,150.8577636338579,-137.30241878763565,186.93753545555194,231.9430886384223,1.0,5.800000000000001,8.227785251786555,-12.799406561330557,15.21582263539333,8.227785251786555,147.20059343866944,147.43036037006073,147.43036037006073,57.0,1.0,0.5,-6.316028950188242,-22.21644066546918,23.096806219517205,-6.316028950188242,-62.21644066546918,62.53621119622984,62.53621119622984,4.0,1.0,0.1,-6.316028950188242,-14.40265777478595,15.726689819450824,-6.316028950188242,-14.40265777478595,15.726689819450824,15.726689819450824,0.0,1.0,0.1,0.0,0.0,0.0,0.0,0.0,0.0,0.0,0.0,1.0,8.6,-17.302418787635645,-13.062464544448062,21.679522039881082,-137.30241878763565,186.93753545555194,231.9430886384223,147.43036037006073,85.0,1.0,7.7,8.153767010389572,-14.665715757903456,16.779962310784104,-151.84623298961043,25.334284242096544,153.94513448366726,15.726689819450824,76.0
14_LTAN06_800km_1213COLD_MY_STTLCT_PCDU_HEAT_MY_0p5,2964.5,7.987494317627602,159.642342402004,159.8420393797352,-90.1673929078804,-37.9649058611254,97.83400646425656,-82.17989859025279,121.6774365408786,146.82960973680946,1.0,5.800000000000001,7.987494317627602,-0.3576575979959955,7.995497760085828,7.987494317627602,159.642342402004,159.8420393797352,159.8420393797352,57.0,1.0,0.5,-6.556319884347195,-9.774691702134618,11.769873758782028,-6.556319884347195,-49.77469170213462,50.204633894377075,50.204633894377075,4.0,1.0,0.1,-6.556319884347195,-14.100108962831854,15.54986826920465,-6.556319884347195,-14.100108962831854,15.54986826920465,15.54986826920465,0.0,1.0,0.1,0.0,0.0,0.0,0.0,0.0,0.0,0.0,0.0,1.0,2.8000000000000003,-2.1798985902527903,1.6774365408786025,2.7505910660185156,-82.17989859025279,121.6774365408786,146.82960973680946,159.8420393797352,27.0,1.0,2.1,-16.723712792227587,-12.065014823957256,20.62152157963192,-96.72371279222759,-52.065014823957256,109.84644912300178,15.54986826920465,20.0
14_LTAN06_800km_1213COLD_MY_STTLCT_PCDU_HEAT_MY_0p5,3025.0,7.794190024852996,171.33244947409025,171.5096429969324,-117.92293954931961,3.8726262299334433,117.98651154207948,-110.12874952446661,175.2050757040237,206.94240750574875,1.0,5.800000000000001,7.794190024852996,11.332449474090254,13.75404701265509,7.794190024852996,171.33244947409025,171.5096429969324,171.5096429969324,57.0,1.0,0.5,-6.7496241771218015,1.9154153699516314,7.016141572961174,-6.7496241771218015,-38.08458463004837,38.67806888891563,38.67806888891563,4.0,1.0,0.1,-6.7496241771218015,-13.715289096643346,15.286156532526121,-6.7496241771218015,-13.715289096643346,15.286156532526121,15.286156532526121,0.0,1.0,0.1,0.0,0.0,0.0,0.0,0.0,0.0,0.0,0.0,1.0,5.2,9.871250475533387,15.205075704023699,18.12831798915194,-110.12874952446661,175.2050757040237,206.94240750574875,171.5096429969324,51.0,1.0,4.5,-4.67256372644141,-9.842662866709901,10.895451531963511,-124.67256372644141,-9.842662866709901,125.060489997566,15.286156532526121,44.0
14_LTAN06_800km_1213COLD_MY_STTLCT_PCDU_HEAT_MY_0p5,3085.5,7.659641192898525,182.31119071426127,182.47202624746538,-76.37167270375362,-90.26868786604072,118.24156798954398,-68.7120315108551,92.04250284822055,114.86150619295148,1.0,5.800000000000001,7.659641192898525,22.311190714261272,23.589390290808417,7.659641192898525,182.31119071426127,182.47202624746538,182.47202624746538,57.0,1.0,0.5,-6.884173009076272,12.89415661012265,14.61680925186013,-6.884173009076272,-27.10584338987735,27.966383103566535,27.966383103566535,4.0,1.0,0.1,-6.884173009076272,-13.251841770215606,14.933289936304234,-6.884173009076272,-13.251841770215606,14.933289936304234,14.933289936304234,0.0,1.0,0.1,0.0,0.0,0.0,0.0,0.0,0.0,0.0,0.0,1.0,1.0,11.287968489144902,12.04250284822055,16.505759826840094,-68.7120315108551,92.04250284822055,114.86150619295148,182.47202624746538,9.0,1.0,1.1,-3.2558457128298954,-23.520529636256327,23.74480670958947,-83.2558457128299,-103.52052963625633,132.84591036810113,14.933289936304234,10.0
14_LTAN06_800km_1213COLD_MY_STTLCT_PCDU_HEAT_MY_0p5,3146.0,7.595005471277474,192.6168076418771,192.76648747709393,67.68045371544382,-59.00900390425663,89.79257406323146,75.27545918672129,133.6078037376205,153.35396954550038,1.0,9.200000000000001,7.595005471277474,-7.383192358122898,10.59224421479127,7.595005471277474,192.6168076418771,192.76648747709393,192.76648747709393,91.0,1.0,0.1,-6.948808730697323,-16.80022646226152,18.180581727741487,-6.948808730697323,-16.80022646226152,18.180581727741487,18.180581727741487,0.0,1.0,0.1,-6.948808730697323,-12.715638780541724,14.490459356867605,-6.948808730697323,-12.715638780541724,14.490459356867605,14.490459356867605,0.0,1.0,0.1,0.0,0.0,0.0,0.0,0.0,0.0,0.0,0.0,1.0,3.6,-4.724540813278708,13.607803737620486,14.404638435515634,75.27545918672129,133.6078037376205,153.35396954550038,192.76648747709393,35.0,1.0,1.7000000000000002,20.731644984746495,8.27535731520166,22.322245462045842,60.731644984746495,-71.72464268479834,93.98274879367638,14.490459356867605,16.0
14_LTAN06_800km_1213COLD_MY_STTLCT_PCDU_HEAT_MY_0p5,3206.5,7.596491105406066,202.2837428203344,202.42633051685172,-80.6103633041814,7.497346335619138,80.95826624939752,-73.01387219877535,209.78108915595354,222.12413399024706,1.0,9.200000000000001,7.596491105406066,2.283742820334396,7.932348856671798,7.596491105406066,202.2837428203344,202.42633051685172,202.42633051685172,91.0,1.0,0.1,-6.947323096568731,-7.133291283804226,9.95736625557756,-6.947323096568731,-7.133291283804226,9.95736625557756,9.95736625557756,0.0,1.0,0.1,-6.947323096568731,-12.129610650722356,13.978295774028913,-6.947323096568731,-12.129610650722356,13.978295774028913,13.978295774028913,0.0,1.0,0.1,0.0,0.0,0.0,0.0,0.0,0.0,0.0,0.0,1.0,8.8,6.986127801224654,9.781089155953538,12.019803938989849,-73.01387219877535,209.78108915595354,222.12413399024706,202.42633051685172,87.0,1.0,2.3000000000000003,-7.557686400750143,-4.632264315103214,8.864338464717054,-87.55768640075014,-4.632264315103214,87.68013640806613,13.978295774028913,22.0
14_LTAN06_800km_1213COLD_MY_STTLCT_PCDU_HEAT_MY_0p5,3267.0,7.671356729413072,211.33044625621835,211.4696366595505,35.13833090936201,-70.83577248046339,79.07217564984411,42.80968763877508,140.49467377575496,146.8721304914084,1.0,9.200000000000001,7.671356729413072,11.330446256218352,13.68315484217597,7.671356729413072,211.33044625621835,211.4696366595505,211.4696366595505,91.0,1.0,0.1,-6.872457472561726,1.9134121520797294,7.133850136910355,-6.872457472561726,1.9134121520797294,7.133850136910355,7.133850136910355,0.0,1.0,0.1,-6.872457472561726,-11.521017206928207,13.4150851355668,-6.872457472561726,-11.521017206928207,13.4150851355668,13.4150851355668,0.0,1.0,0.1,0.0,0.0,0.0,0.0,0.0,0.0,0.0,0.0,1.0,3.4000000000000004,2.809687638775081,20.49467377575496,20.686372272636486,42.80968763877508,140.49467377575496,146.8721304914084,211.4696366595505,33.0,1.0,1.7000000000000002,-11.734126563199716,-2.356789687391597,11.968466227206582,28.265873436800284,-82.3567896873916,87.07238602885799,13.4150851355668,16.0
14_LTAN06_800km_1213COLD_MY_STTLCT_PCDU_HEAT_MY_0p5,3327.5,7.820088863275743,219.7836843771561,219.92276305154704,71.64322812607341,-222.3348144649584,233.59264085046019,79.46331698934915,-2.5511300878023064,79.50425782104173,1.0,9.200000000000001,7.820088863275743,19.783684377156106,21.27317459535506,7.820088863275743,219.7836843771561,219.92276305154704,219.92276305154704,91.0,1.0,0.1,-6.7237253386990545,10.366650273017484,12.356209787524538,-6.7237253386990545,10.366650273017484,12.356209787524538,12.356209787524538,0.0,1.0,0.1,-6.7237253386990545,-10.903248469147997,12.809734954722593,-6.7237253386990545,-10.903248469147997,12.809734954722593,12.809734954722593,0.0,1.0,0.1,0.0,0.0,0.0,0.0,0.0,0.0,0.0,0.0,1.0,2.2,-0.5366830106508473,-2.5511300878023064,2.6069701530342577,79.46331698934915,-2.5511300878023064,79.50425782104173,219.92276305154704,21.0,1.0,13.9,-15.080497212625644,6.761937065893591,16.52710467877285,64.91950278737436,-233.2380629341064,242.10439038442507,12.809734954722593,138.0
14_LTAN06_800km_1213COLD_MY_STTLCT_PCDU_HEAT_MY_0p5,3388.0,8.0390585623417,227.6744764089699,227.81635953255716,-0.4419262845631273,-117.04628021750378,117.04711449495628,7.597132277778572,110.62819619146612,110.88874700087283,1.0,13.4,8.0390585623417,-12.325523591030105,14.715467860785095,8.0390585623417,227.6744764089699,227.81635953255716,227.81635953255716,133.0,1.0,0.1,-6.504755639633098,18.257442304831272,19.38159037451729,-6.504755639633098,18.257442304831272,19.38159037451729,19.38159037451729,0.0,1.0,0.1,-6.504755639633098,-10.277064826574275,12.16264393053372,-6.504755639633098,-10.277064826574275,12.16264393053372,12.16264393053372,0.0,1.0,0.1,0.0,0.0,0.0,0.0,0.0,0.0,0.0,0.0,1.0,3.2,7.597132277778572,-9.371803808533883,12.064291337319204,7.597132277778572,110.62819619146612,110.88874700087283,227.81635953255716,31.0,1.0,3.3000000000000003,-6.946681924196225,-7.323345044078053,10.093947314632524,-6.946681924196225,-127.32334504407805,127.51270753524649,12.16264393053372,32.0
14_LTAN06_800km_1213COLD_MY_STTLCT_PCDU_HEAT_MY_0p5,3448.5,8.320769567973183,235.012284740846,235.1595398560641,-12.766526112738784,-14.820887068126874,19.56125973636186,-4.445756544765601,220.19139767271915,220.23627394305615,1.0,13.4,8.320769567973183,-4.987715259153987,9.701160224927024,8.320769567973183,235.012284740846,235.1595398560641,235.1595398560641,133.0,1.0,0.4,-6.223044634001614,-14.40474936329261,15.691497338879266,-6.223044634001614,25.59525063670739,26.34090240809237,26.34090240809237,3.0,1.0,0.1,-6.223044634001614,-9.644515431928028,11.477933717942186,-6.223044634001614,-9.644515431928028,11.477933717942186,11.477933717942186,0.0,1.0,0.1,0.0,0.0,0.0,0.0,0.0,0.0,0.0,0.0,1.0,9.200000000000001,-4.445756544765601,20.191397672719148,20.675040295806305,-4.445756544765601,220.19139767271915,220.23627394305615,235.1595398560641,91.0,1.0,0.5,-18.989570746740398,15.534597499945107,24.53421114751317,-18.989570746740398,-24.465402500054893,30.970303786613893,11.477933717942186,4.0
14_LTAN06_800km_1213COLD_MY_STTLCT_PCDU_HEAT_MY_0p5,3509.0,8.66194222196849,241.8249017113868,241.97998332667643,105.46928372038063,-35.5388921609034,111.2959238450109,114.13122594234912,206.28600955048339,235.7538005449025,1.0,13.4,8.66194222196849,1.8249017113867865,8.852090674690519,8.66194222196849,241.8249017113868,241.97998332667643,241.97998332667643,133.0,1.0,0.4,-5.8818719800063075,-7.592132392751836,9.604003970129074,-5.8818719800063075,32.407867607248164,32.93730864594295,32.93730864594295,3.0,1.0,0.1,-5.8818719800063075,-9.0075295435974,10.75788113282366,-5.8818719800063075,-9.0075295435974,10.75788113282366,10.75788113282366,0.0,1.0,0.1,0.0,0.0,0.0,0.0,0.0,0.0,0.0,0.0,1.0,9.8,-5.868774057650882,6.286009550483385,8.599792149146648,114.13122594234912,206.28600955048339,235.7538005449025,241.97998332667643,97.0,1.0,2.0,19.58741174037432,-4.546421704500801,20.108123955309946,99.58741174037432,-44.5464217045008,109.09645394705579,10.75788113282366,19.0
14_LTAN06_800km_1213COLD_MY_STTLCT_PCDU_HEAT_MY_0p5,3569.5,9.058140922634154,248.1393756925549,248.3046509553641,126.47139744964166,-54.558727239818786,137.73768217482888,135.52953837227582,193.5806484527361,236.30853396943579,1.0,13.4,9.058140922634154,8.139375692554893,12.177822204271704,9.058140922634154,248.1393756925549,248.3046509553641,248.3046509553641,133.0,1.0,0.4,-5.485673279340643,-1.2776584115837295,5.632496990177854,-5.485673279340643,38.72234158841627,39.108980419050354,39.108980419050354,3.0,1.0,0.1,-5.485673279340643,-8.369558000715699,10.00710310004929,-5.485673279340643,-8.369558000715699,10.00710310004929,10.00710310004929,0.0,1.0,0.1,0.0,0.0,0.0,0.0,0.0,0.0,0.0,0.0,1.0,9.8,15.529538372275823,-6.4193515472638865,16.804006556275397,135.52953837227582,193.5806484527361,236.30853396943579,248.3046509553641,97.0,1.0,4.0,0.985724170301026,17.07171475946552,17.100149033516303,120.98572417030103,-62.92828524053448,136.37270451349943,10.00710310004929,39.0
14_LTAN06_800km_1213COLD_MY_STTLCT_PCDU_HEAT_MY_0p5,3630.0,9.499166639129031,253.9795827393123,254.15716125120915,158.31349598090515,-93.09790978592804,183.65833445886648,167.8126626200342,160.88167295338425,232.47365964320585,1.0,13.4,9.499166639129031,13.979582739312292,16.901565028222095,9.499166639129031,253.9795827393123,254.15716125120915,254.15716125120915,133.0,1.0,0.4,-5.044647562845766,4.56254863517367,6.801861442403164,-5.044647562845766,44.56254863517367,44.84717616411923,44.84717616411923,3.0,1.0,0.1,-5.044647562845766,-7.740048992493172,9.238875875317316,-5.044647562845766,-7.740048992493172,9.238875875317316,9.238875875317316,0.0,1.0,0.1,0.0,0.0,0.0,0.0,0.0,0.0,0.0,0.0,1.0,6.6000000000000005,7.812662620034189,0.8816729533842533,7.8622544102317615,167.8126626200342,160.88167295338425,232.47365964320585,254.15716125120915,65.0,1.0,6.800000000000001,-6.731151581940594,19.16204122157879,20.309904613181867,153.2688484180594,-100.83795877842121,183.46562028346523,9.238875875317316,67.0
14_LTAN06_800km_1213COLD_MY_STTLCT_PCDU_HEAT_MY_0p5,3690.5,9.98241728992833,259.37050485295055,259.5625308911606,253.13629756643553,-54.300449584727495,258.8948125605195,263.11871485636385,205.07005526822306,333.59434299066965,1.0,13.4,9.98241728992833,19.370504852950546,21.791399982755596,9.98241728992833,259.37050485295055,259.5625308911606,259.5625308911606,133.0,1.0,0.4,-4.561396912046467,9.953470748811924,10.94887764735188,-4.561396912046467,49.953470748811924,50.161295653537856,50.161295653537856,3.0,1.0,0.1,-4.561396912046467,-7.123740317282341,8.458960804809356,-4.561396912046467,-7.123740317282341,8.458960804809356,8.458960804809356,0.0,1.0,0.1,0.0,0.0,0.0,0.0,0.0,0.0,0.0,0.0,1.0,16.8,23.11871485636385,5.070055268223058,23.6681312534956,263.11871485636385,205.07005526822306,333.59434299066965,259.5625308911606,167.0,1.0,15.4,8.574900654389069,18.57581009799017,20.459463385661795,248.57490065438907,-61.42418990200983,256.0515814058909,8.458960804809356,153.0
14_LTAN06_800km_1213COLD_MY_STTLCT_PCDU_HEAT_MY_0p5,3751.0,10.500555064612092,264.33688756722995,264.5453681042163,289.6316408470483,-75.3711395816467,299.2779578612325,300.1321959116604,188.96574798558325,354.6651786326172,1.0,18.400000000000002,10.500555064612092,-15.663112432770049,18.85722004290522,10.500555064612092,264.33688756722995,264.5453681042163,264.5453681042163,183.0,1.0,0.4,-4.043259137362705,14.919853463091329,15.45800672182495,-4.043259137362705,54.91985346309133,55.068486894586925,55.068486894586925,3.0,1.0,0.1,-4.043259137362705,-6.517728312328927,7.66998870958759,-4.043259137362705,-6.517728312328927,7.66998870958759,7.66998870958759,0.0,1.0,0.1,0.0,0.0,0.0,0.0,0.0,0.0,0.0,0.0,1.0,22.200000000000003,20.132195911660403,-11.03425201441675,22.95778799760848,300.1321959116604,188.96574798558325,354.6651786326172,264.5453681042163,221.0,1.0,20.8,5.5883817096856205,-1.888867893975629,5.898968728010067,285.5883817096856,-81.88886789397563,297.0968031677791,7.66998870958759,207.0
14_LTAN06_800km_1213COLD_MY_STTLCT_PCDU_HEAT_MY_0p5,3811.5,11.043707391280138,268.9027306313053,269.1294149919636,255.19909697071233,-0.15926629381398882,255.199146668674,266.24280436199246,268.74346433749133,378.29655100021023,1.0,18.400000000000002,11.043707391280138,-11.097269368694697,15.656080620180301,11.043707391280138,268.9027306313053,269.1294149919636,269.1294149919636,183.0,1.0,0.4,-3.5001068106946587,19.48569652716668,19.797553304262294,-3.5001068106946587,59.48569652716668,59.588579770023394,59.588579770023394,3.0,1.0,0.1,-3.5001068106946587,-5.917219159255808,6.874898563974246,-3.5001068106946587,-5.917219159255808,6.874898563974246,6.874898563974246,0.0,1.0,0.1,0.0,0.0,0.0,0.0,0.0,0.0,0.0,0.0,1.0,19.8,-13.757195638007545,-11.256535662508668,17.775545756565204,266.24280436199246,268.74346433749133,378.29655100021023,269.1294149919636,197.0,1.0,15.8,11.698990160017672,-6.076485453069779,13.182945278865379,251.69899016001767,-6.076485453069779,251.77232835050407,6.874898563974246,157.0
14_LTAN06_800km_1213COLD_MY_STTLCT_PCDU_HEAT_MY_0p5,3872.0,11.610228981068088,273.0891888932492,273.3358785585338,326.301226541575,0.9730268132748474,326.302677316193,337.91145552264305,274.062215706524,435.079590249187,1.0,18.400000000000002,11.610228981068088,-6.9108111067508275,13.511355488848036,11.610228981068088,273.0891888932492,273.3358785585338,273.3358785585338,183.0,1.0,0.4,-2.933585220906709,23.67215478911055,23.85323530693335,-2.933585220906709,63.67215478911055,63.739698914701314,63.739698914701314,3.0,1.0,0.1,-2.933585220906709,-5.334408659284918,6.0878434599270195,-2.933585220906709,-5.334408659284918,6.0878434599270195,6.0878434599270195,0.0,1.0,0.1,0.0,0.0,0.0,0.0,0.0,0.0,0.0,0.0,1.0,28.8,17.911455522643053,-5.937784293476,18.87001646145203,337.91145552264305,274.062215706524,435.079590249187,273.3358785585338,287.0,1.0,27.400000000000002,3.3676413206682696,-4.36138184601009,5.510232270184145,323.36764132066827,-4.36138184601009,323.39705178758055,6.0878434599270195,273.0
14_LTAN06_800km_1213COLD_MY_STTLCT_PCDU_HEAT_MY_0p5,3932.5,12.19345414965503,276.9272160976962,277.19553268355514,383.8669653084509,-40.55131928189025,386.0029229819656,396.06041945810597,236.37589681580596,461.234669617113,1.0,18.400000000000002,12.19345414965503,-3.0727839023037973,12.574669976186128,12.19345414965503,276.9272160976962,277.19553268355514,277.19553268355514,183.0,1.0,1.4000000000000001,-2.3503600523197665,-12.48981800644242,12.70904190761813,-2.3503600523197665,67.51018199355758,67.55108337531536,67.55108337531536,13.0,1.0,0.1,-2.3503600523197665,-4.771051717732178,5.318564361631411,-2.3503600523197665,-4.771051717732178,5.318564361631411,5.318564361631411,0.0,1.0,0.1,0.0,0.0,0.0,0.0,0.0,0.0,0.0,0.0,1.0,43.400000000000006,-3.9395805418940313,-3.624103184194041,5.3529822282308634,396.06041945810597,236.37589681580596,461.234669617113,277.19553268355514,433.0,1.0,34.2,21.516605256131186,-5.3223709996224216,22.165106243954572,381.5166052561312,-45.32237099962242,384.19921577118043,5.318564361631411,341.0
14_LTAN06_800km_1213COLD_MY_STTLCT_PCDU_HEAT_MY_0p5,3993.0,12.788801777150598,280.44206527603194,280.73351318854225,297.6300656797225,17.739222454929802,298.1582398824849,310.4188674568731,298.18128773096174,430.4322869233933,1.0,18.400000000000002,12.788801777150598,0.4420652760319399,12.796439840968404,12.788801777150598,280.44206527603194,280.73351318854225,280.73351318854225,183.0,1.0,1.4000000000000001,-1.7550124248241996,-8.974968828106682,9.144951288922973,-1.7550124248241996,71.02503117189332,71.04671084279487,71.04671084279487,13.0,1.0,0.1,-1.7550124248241996,-4.2238936194616485,4.573985780456269,-1.7550124248241996,-4.2238936194616485,4.573985780456269,4.573985780456269,0.0,1.0,0.1,0.0,0.0,0.0,0.0,0.0,0.0,0.0,0.0,1.0,25.8,-9.581132543126898,-21.818712269038258,23.829693785024723,310.4188674568731,298.18128773096174,430.4322869233933,280.73351318854225,257.0,1.0,21.200000000000003,15.875053254898319,13.515328835468154,20.849015069702805,295.8750532548983,13.515328835468154,296.1835769453123,4.573985780456269,211.0
14_LTAN06_800km_1213COLD_MY_STTLCT_PCDU_HEAT_MY_0p5,4053.5,13.39512907848127,283.65088586149903,283.96699549955156,380.6616373600838,-69.47781681088694,386.95018954184155,394.05676643856503,214.1730690506121,448.49842662218566,1.0,18.400000000000002,13.39512907848127,3.6508858614990345,13.883747714607466,13.39512907848127,283.65088586149903,283.96699549955156,283.96699549955156,183.0,1.0,1.4000000000000001,-1.148685123493527,-5.766148242639588,5.8794509156069115,-1.148685123493527,74.23385175736041,74.24273852873894,74.24273852873894,13.0,1.0,0.1,-1.148685123493527,-3.699622146751892,3.8738458334931734,-1.148685123493527,-3.699622146751892,3.8738458334931734,3.8738458334931734,0.0,1.0,0.1,0.0,0.0,0.0,0.0,0.0,0.0,0.0,0.0,1.0,43.2,-5.943233561434965,14.1730690506121,15.368731615822611,394.05676643856503,214.1730690506121,448.49842662218566,283.96699549955156,431.0,1.0,34.0,19.51295223659025,6.822561042361173,20.671300011469935,379.51295223659025,-73.17743895763883,386.5035814681817,3.8738458334931734,339.0
14_LTAN06_800km_1213COLD_MY_STTLCT_PCDU_HEAT_MY_0p5,4114.0,14.001591245058162,286.586670687198,286.92850045432255,336.8804322881834,-222.24778911005637,403.5870481358159,350.8820235332415,64.33888157714165,356.73195276198584,1.0,18.400000000000002,14.001591245058162,6.586670687198023,15.47348661857705,14.001591245058162,286.586670687198,286.92850045432255,286.92850045432255,183.0,1.0,1.4000000000000001,-0.5422229569166355,-2.8303634169405996,2.8818332371882804,-0.5422229569166355,77.1696365830594,77.17154149099568,77.17154149099568,13.0,1.0,0.1,-0.5422229569166355,-3.20391911107896,3.249477404959821,-0.5422229569166355,-3.20391911107896,3.249477404959821,3.249477404959821,0.0,1.0,0.1,0.0,0.0,0.0,0.0,0.0,0.0,0.0,0.0,1.0,34.800000000000004,-9.117976466758478,-15.661118422858351,18.122034242963856,350.8820235332415,64.33888157714165,356.73195276198584,286.92850045432255,347.0,1.0,26.200000000000003,16.33820933126674,14.548291778864666,21.87669714182817,336.33820933126674,-225.45170822113533,404.9096983229606,3.249477404959821,261.0
14_LTAN06_800km_1213COLD_MY_STTLCT_PCDU_HEAT_MY_0p5,4174.5,14.60582995651299,289.26777699564065,289.6362841163349,358.5163228773949,-262.7484274085821,444.4892460737508,373.1221528339079,26.51934958705857,374.06338612316864,1.0,18.400000000000002,14.60582995651299,9.267776995640645,17.29803338994055,14.60582995651299,289.26777699564065,289.6362841163349,289.6362841163349,183.0,1.0,1.4000000000000001,0.062015754538192525,-0.14925710849797724,0.16162808619827898,0.062015754538192525,79.85074289150202,79.85076697364009,79.85076697364009,13.0,1.0,0.1,0.062015754538192525,-2.742542135684289,2.743243211932672,0.062015754538192525,-2.742542135684289,2.743243211932672,2.743243211932672,0.0,1.0,0.1,0.0,0.0,0.0,0.0,0.0,0.0,0.0,0.0,1.0,34.6,13.122152833907876,-13.48065041294143,18.81273054482986,373.1221528339079,26.51934958705857,374.06338612316864,289.6362841163349,345.0,1.0,33.0,-1.421661368066907,14.509030455733637,14.578514526894024,358.5783386319331,-265.49096954426636,446.1657537794579,2.743243211932672,329.0
14_LTAN06_800km_1213COLD_MY_STTLCT_PCDU_HEAT_MY_0p5,4235.0,15.207086237127909,291.7096225420961,292.10573317803204,401.3099816541765,-236.6720601689708,465.9005960930941,416.5170678913044,55.0375623731253,420.1375978375955,1.0,18.400000000000002,15.207086237127909,11.709622542096099,19.192986528985273,15.207086237127909,291.7096225420961,292.10573317803204,292.10573317803204,183.0,1.0,1.4000000000000001,0.6632720351531116,2.292588437957477,2.3866066995783894,0.6632720351531116,82.29258843795748,82.29526135575286,82.29526135575286,13.0,1.0,0.1,0.6632720351531116,-2.3086238542089177,2.4020145488399085,0.6632720351531116,-2.3086238542089177,2.4020145488399085,2.4020145488399085,0.0,1.0,0.1,0.0,0.0,0.0,0.0,0.0,0.0,0.0,0.0,1.0,42.400000000000006,16.517067891304407,15.037562373125297,22.337005480851563,416.5170678913044,55.0375623731253,420.1375978375955,292.10573317803204,423.0,1.0,41.0,1.9732536893296242,1.0193159768202804,2.220976177957354,401.9732536893296,-238.98068402317972,467.64758527952756,2.4020145488399085,409.0
14_LTAN06_800km_1213COLD_MY_STTLCT_PCDU_HEAT_MY_0p5,4295.5,15.796328796954578,293.9498222120108,294.3739492243399,420.2466977434085,-228.31748726886283,478.2636950020429,436.0430265403631,65.63233494314798,440.9547872339854,1.0,18.400000000000002,15.796328796954578,13.949822212010815,21.074191401052776,15.796328796954578,293.9498222120108,294.3739492243399,294.3739492243399,183.0,1.0,1.4000000000000001,1.2525145949797807,4.532788107872193,4.702654658967097,1.2525145949797807,84.5327881078722,84.54206679577366,84.54206679577366,13.0,1.0,0.1,1.2525145949797807,-1.8895028050184237,2.2669392715310783,1.2525145949797807,-1.8895028050184237,2.2669392715310783,2.2669392715310783,0.0,1.0,0.1,0.0,0.0,0.0,0.0,0.0,0.0,0.0,0.0,1.0,51.2,-3.956973459636913,-14.367665056852019,14.902598368947526,436.0430265403631,65.63233494314798,440.9547872339854,294.3739492243399,511.0,1.0,41.0,21.499212338388304,9.793009926118742,23.62454601858347,421.4992123383883,-230.20699007388126,480.2674716038531,2.2669392715310783,409.0
14_LTAN06_800km_1213COLD_MY_STTLCT_PCDU_HEAT_MY_0p5,4356.0,16.374009671278113,295.9996191787406,296.45215928826457,430.8351012123477,-227.36837051469294,487.15014148326037,447.2091108836258,68.63124866404766,452.4447338079088,1.0,18.400000000000002,16.374009671278113,15.999619178740602,22.89314322193074,16.374009671278113,295.9996191787406,296.45215928826457,296.45215928826457,183.0,1.0,1.4000000000000001,1.830195469303316,6.58258507460198,6.832279394186916,1.830195469303316,86.58258507460198,86.60192638536714,86.60192638536714,13.0,1.0,0.1,1.830195469303316,-1.4919247348255453,2.3612401127887566,1.830195469303316,-1.4919247348255453,2.3612401127887566,2.3612401127887566,0.0,1.0,0.1,0.0,0.0,0.0,0.0,0.0,0.0,0.0,0.0,1.0,51.2,7.209110883625783,-11.36875133595234,13.461789876206277,447.2091108836258,68.63124866404766,452.4447338079088,296.45215928826457,511.0,1.0,49.6,-7.334703318349,11.139704750481513,13.337574543225625,432.665296681651,-228.8602952495185,489.465314087033,2.3612401127887566,495.0
14_LTAN06_800km_1213COLD_MY_STTLCT_PCDU_HEAT_MY_0p5,4416.5,16.939019296560836,297.8789914027018,298.3602250532402,354.0872764095006,-141.82964009004138,381.43603149567394,371.02629570606143,156.0493513126604,402.5070336658278,1.0,18.400000000000002,16.939019296560836,17.878991402701786,24.629021667681904,16.939019296560836,297.8789914027018,298.3602250532402,298.3602250532402,183.0,1.0,1.4000000000000001,2.3952050945860393,8.461957298563163,8.794414634746152,2.3952050945860393,88.46195729856316,88.49437776795735,88.49437776795735,13.0,1.0,0.1,2.3952050945860393,-1.1180705259722004,2.643310262942788,2.3952050945860393,-1.1180705259722004,2.643310262942788,2.643310262942788,0.0,1.0,0.1,0.0,0.0,0.0,0.0,0.0,0.0,0.0,0.0,1.0,35.2,11.026295706061433,-3.9506486873395943,11.71267783422249,371.02629570606143,156.0493513126604,402.5070336658278,298.3602250532402,351.0,1.0,33.6,-3.5175184959133503,17.05228938398642,17.41130407535026,356.48248150408665,-142.94771061601358,384.07526292338986,2.643310262942788,335.0
14_LTAN06_800km_1213COLD_MY_STTLCT_PCDU_HEAT_MY_0p5,4477.0,17.487792721094262,299.6220194683467,300.1319333968751,0.9424627252795439,234.73089876244248,234.7327907852087,18.430255446373806,534.3529182307892,534.6706608161505,0.0,nan,nan,nan,nan,17.487792721094262,299.6220194683467,300.1319333968751,300.1319333968751,nan,1.0,1.4000000000000001,2.943978519119465,10.204985364208085,10.6211456917198,2.943978519119465,90.20498536420808,90.25301321328851,90.25301321328851,13.0,1.0,0.1,2.943978519119465,-0.765541183726782,3.0418847488060163,2.943978519119465,-0.765541183726782,3.0418847488060163,3.0418847488060163,0.0,1.0,0.1,0.0,0.0,0.0,0.0,0.0,0.0,0.0,0.0,1.0,65.2,18.430255446373806,14.352918230789214,23.35980688187111,18.430255446373806,534.3529182307892,534.6706608161505,300.1319333968751,651.0,1.0,13.4,3.886441244399009,-6.034642421284275,7.177836352197607,3.886441244399009,233.96535757871573,233.99763454463056,3.0418847488060163,133.0
14_LTAN06_800km_1213COLD_MY_STTLCT_PCDU_HEAT_MY_0p5,4537.5,18.0205418536781,301.23624672543025,301.7747773918895,-177.4066028068908,431.77949388741877,466.804706554205,-159.38606095321268,733.015740612849,750.1439811212143,0.0,nan,nan,nan,nan,18.0205418536781,301.23624672543025,301.7747773918895,301.7747773918895,nan,1.0,1.4000000000000001,3.4767276517033032,11.819212621291626,12.319960314522836,3.4767276517033032,91.81921262129163,91.88501206158749,91.88501206158749,13.0,1.0,0.1,3.4767276517033032,-0.4357793664018459,3.503931908627786,3.4767276517033032,-0.4357793664018459,3.503931908627786,3.503931908627786,0.0,1.0,0.1,0.0,0.0,0.0,0.0,0.0,0.0,0.0,0.0,1.0,125.4,0.6139390467873227,13.015740612848958,13.030212003422504,-159.38606095321268,733.015740612849,750.1439811212143,301.7747773918895,1253.0,1.0,45.6,-13.92987515518746,-8.656285478983136,16.40038719459889,-173.92987515518746,431.34371452101686,465.0903154531253,3.503931908627786,455.0
14_LTAN06_800km_1213COLD_MY_STTLCT_PCDU_HEAT_MY_0p5,4598.0,18.5346587167988,302.7439721662564,303.31080801176745,-220.38142944068142,409.9707226621326,465.4502850814781,-201.84677072388263,712.7146948283889,740.7458100293131,0.0,nan,nan,nan,nan,18.5346587167988,302.7439721662564,303.31080801176745,303.31080801176745,nan,1.0,1.4000000000000001,3.9908445148240013,13.32693806211779,13.911654037282004,3.9908445148240013,93.32693806211779,93.41222729381776,93.41222729381776,13.0,1.0,0.1,3.9908445148240013,-0.12596013113625304,3.992831814156048,3.9908445148240013,-0.12596013113625304,3.992831814156048,3.992831814156048,0.0,1.0,0.1,0.0,0.0,0.0,0.0,0.0,0.0,0.0,0.0,1.0,125.2,-1.8467707238826279,-7.285305171611071,7.5157324027730645,-201.84677072388263,712.7146948283889,740.7458100293131,303.31080801176745,1251.0,1.0,37.2,-16.39058492585741,9.844762530996263,19.119901241990036,-216.3905849258574,409.84476253099626,463.4626356230278,3.992831814156048,371.0
14_LTAN06_800km_1213COLD_MY_STTLCT_PCDU_HEAT_MY_0p5,4658.5,19.02755717016482,304.166177834257,304.7607449626095,-176.99624833634675,390.03898254290823,428.32006703894785,-157.96869116618194,694.2051603771652,711.9514815512657,1.0,24.200000000000003,19.02755717016482,-15.833822165743015,24.753946276104454,19.02755717016482,304.166177834257,304.7607449626095,304.7607449626095,241.0,1.0,1.4000000000000001,4.483742968190022,14.749143730118362,15.415615192929643,4.483742968190022,94.74914373011836,94.85517481189638,94.85517481189638,13.0,1.0,0.1,4.483742968190022,0.16450288270300462,4.486759655164411,4.483742968190022,0.16450288270300462,4.486759655164411,4.486759655164411,0.0,1.0,0.1,0.0,0.0,0.0,0.0,0.0,0.0,0.0,0.0,1.0,111.60000000000001,2.031308833818059,14.205160377165157,14.349661909582757,-157.96869116618194,694.2051603771652,711.9514815512657,304.7607449626095,1115.0,1.0,37.4,-12.512505368156724,-9.796514574388823,15.891333751273473,-172.51250536815672,390.2034854256112,426.6372282709204,4.486759655164411,373.0
14_LTAN06_800km_1213COLD_MY_STTLCT_PCDU_HEAT_MY_0p5,4719.0,19.49962513916243,305.5077458957596,306.12941410925526,-253.407656547427,417.64612603790255,488.51174703514175,-233.90803140826458,723.1538719336622,760.0424262170745,1.0,24.200000000000003,19.49962513916243,-14.492254104240374,24.295283690249995,19.49962513916243,305.5077458957596,306.12941410925526,306.12941410925526,241.0,1.0,1.4000000000000001,4.955810937187632,16.090711791621004,16.83659906293904,4.955810937187632,96.090711791621,96.21842315619978,96.21842315619978,13.0,1.0,0.1,4.955810937187632,0.43748196969841047,4.9750831670394975,4.955810937187632,0.43748196969841047,4.9750831670394975,4.9750831670394975,0.0,1.0,0.1,0.0,0.0,0.0,0.0,0.0,0.0,0.0,0.0,1.0,125.0,6.091968591735423,3.1538719336622307,6.859955502525742,-233.90803140826458,723.1538719336622,760.0424262170745,306.12941410925526,1249.0,1.0,37.0,-8.451845610239388,18.083608007601015,19.961226735646644,-248.4518456102394,418.083608007601,486.33550443267825,4.9750831670394975,369.0
14_LTAN06_800km_1213COLD_MY_STTLCT_PCDU_HEAT_MY_0p5,4779.5,19.94560473177636,306.7943295558075,307.44200720739786,-278.99392823583867,386.28116153158845,476.4984236560048,-259.0483235040623,693.0754910873959,739.905176530277,1.0,24.200000000000003,19.94560473177636,-13.205670444192492,23.921055160608585,19.94560473177636,306.7943295558075,307.44200720739786,307.44200720739786,241.0,1.0,1.4000000000000001,5.401790529801563,17.377295451668886,18.19752010968654,5.401790529801563,97.37729545166889,97.52700656951114,97.52700656951114,13.0,1.0,0.1,5.401790529801563,0.6932658537800194,5.44609570902598,5.401790529801563,0.6932658537800194,5.44609570902598,5.44609570902598,0.0,1.0,0.1,0.0,0.0,0.0,0.0,0.0,0.0,0.0,0.0,1.0,111.0,20.951676495937704,13.075491087395903,24.6969879776259,-259.0483235040623,693.0754910873959,739.905176530277,307.44200720739786,1109.0,1.0,36.800000000000004,6.407862293962921,-13.025572614631585,14.516412818511055,-273.5921377060371,386.9744273853684,473.921792350587,5.44609570902598,367.0
14_LTAN06_800km_1213COLD_MY_STTLCT_PCDU_HEAT_MY_0p5,4840.0,20.36412002927864,308.0379668855829,308.7103600910898,-351.1328135189963,284.6782962603149,452.0353803536199,-330.76869348971763,592.7162631458978,678.7639480633395,1.0,24.200000000000003,20.36412002927864,-11.962033114417125,23.617527829924946,20.36412002927864,308.0379668855829,308.7103600910898,308.7103600910898,241.0,1.0,1.4000000000000001,5.820305827303844,18.620932781444253,19.509359230236452,5.820305827303844,98.62093278144425,98.79253181595,98.79253181595,13.0,1.0,0.1,5.820305827303844,0.9378872371860894,5.895387382778476,5.820305827303844,0.9378872371860894,5.895387382778476,5.895387382778476,0.0,1.0,0.1,0.0,0.0,0.0,0.0,0.0,0.0,0.0,0.0,1.0,85.60000000000001,-10.768693489717634,-7.283736854102244,13.000676214539544,-330.76869348971763,592.7162631458978,678.7639480633395,308.7103600910898,855.0,1.0,35.9,14.687492308307583,5.61618349750097,15.7246286882774,-345.3125076916924,285.61618349750097,448.1264690285581,5.895387382778476,358.0
14_LTAN06_800km_1213COLD_MY_STTLCT_PCDU_HEAT_MY_0p5,4900.5,20.756182849413964,309.2419757222013,309.93776580960383,-265.04170456760056,344.7024961894902,434.8182563317285,-244.2855217181866,653.9444719116915,698.0822218514003,1.0,24.200000000000003,20.756182849413964,-10.758024277798711,23.378498943260084,20.756182849413964,309.2419757222013,309.93776580960383,309.93776580960383,241.0,1.0,1.4000000000000001,6.212368647439167,19.824941618062667,20.77551044791146,6.212368647439167,99.82494161806267,100.01806083533765,100.01806083533765,13.0,1.0,0.1,6.212368647439167,1.1658662248001406,6.320820220969338,6.212368647439167,1.1658662248001406,6.320820220969338,6.320820220969338,0.0,1.0,0.1,0.0,0.0,0.0,0.0,0.0,0.0,0.0,0.0,1.0,98.2,-4.285521718186601,13.944471911691494,14.588145642712854,-244.2855217181866,653.9444719116915,698.0822218514003,309.93776580960383,981.0,1.0,29.6,-18.829335920161384,-14.131637585709655,23.542452549556547,-258.8293359201614,345.86836241429035,431.9925337919796,6.320820220969338,295.0
14_LTAN06_800km_1213COLD_MY_STTLCT_PCDU_HEAT_MY_0p5,4961.0,21.11381034353508,310.4359473898554,311.1531301771844,-323.62087771956004,267.2407768679893,419.7000182475394,-302.50706737602496,577.6767242578447,652.0896591433703,1.0,24.200000000000003,21.11381034353508,-9.564052610144586,23.178957904797667,21.11381034353508,310.4359473898554,311.1531301771844,311.1531301771844,241.0,1.0,1.4000000000000001,6.569996141560281,21.018913285716792,22.02179749731159,6.569996141560281,101.01891328571679,101.23233520336912,101.23233520336912,13.0,1.0,0.1,6.569996141560281,1.3762340703500513,6.712590373060854,6.569996141560281,1.3762340703500513,6.712590373060854,6.712590373060854,0.0,1.0,0.1,0.0,0.0,0.0,0.0,0.0,0.0,0.0,0.0,1.0,74.2,17.492932623975037,17.67672425784474,24.86904244788703,-302.50706737602496,577.6767242578447,652.0896591433703,311.1531301771844,741.0,1.0,28.900000000000002,2.9491184220002538,-11.382989061660624,11.758815392924012,-317.05088157799975,268.6170109383394,415.54345148833085,6.712590373060854,288.0
14_LTAN06_800km_1213COLD_MY_STTLCT_PCDU_HEAT_MY_0p5,5021.5,21.43782918699837,311.62291778081175,312.35944584160967,-369.623198279156,222.6289469467558,431.4915488450888,-348.1853690921576,534.2518647275675,637.6975036917779,1.0,24.200000000000003,21.43782918699837,-8.377082219188253,23.016429496295885,21.43782918699837,311.62291778081175,312.35944584160967,312.35944584160967,241.0,1.0,1.4000000000000001,6.894014985023574,22.205883676673125,23.251423880607128,6.894014985023574,102.20588367667312,102.43812815911548,102.43812815911548,13.0,1.0,0.1,6.894014985023574,1.571181707172343,7.070788822379197,6.894014985023574,1.571181707172343,7.070788822379197,7.070788822379197,0.0,1.0,0.1,0.0,0.0,0.0,0.0,0.0,0.0,0.0,0.0,1.0,63.400000000000006,11.8146309078424,14.251864727567522,18.512189273595606,-348.1853690921576,534.2518647275675,637.6975036917779,312.35944584160967,633.0,1.0,35.5,-2.7291832941323833,24.200128653928118,24.353535027170988,-362.7291832941324,224.20012865392812,426.42485633657213,7.070788822379197,354.0
14_LTAN06_800km_1213COLD_MY_STTLCT_PCDU_HEAT_MY_0p5,5082.0,21.728071822573494,312.80900597449715,313.5627262987103,-389.5857437792535,251.02835329507025,463.456886791068,-367.85767195668,563.8373592695674,673.2249509082886,1.0,24.200000000000003,21.728071822573494,-7.190994025502846,22.88710335979042,21.728071822573494,312.80900597449715,313.5627262987103,313.5627262987103,241.0,1.0,1.4000000000000001,7.1842576205986965,23.39197187035853,24.470347474908795,7.1842576205986965,103.39197187035853,103.6412726899865,103.6412726899865,13.0,1.0,0.1,7.1842576205986965,1.7509876896979222,7.39455985496122,7.1842576205986965,1.7509876896979222,7.39455985496122,7.39455985496122,0.0,1.0,0.1,0.0,0.0,0.0,0.0,0.0,0.0,0.0,0.0,1.0,74.0,-7.857671956680008,3.8373592695674006,8.744617472624533,-367.85767195668,563.8373592695674,673.2249509082886,313.5627262987103,739.0,1.0,43.5,17.59851384134521,12.779340984768169,21.749005619314975,-382.4014861586548,252.77934098476817,458.3975260023134,7.39455985496122,434.0
14_LTAN06_800km_1213COLD_MY_STTLCT_PCDU_HEAT_MY_0p5,5142.5,21.97847305877899,314.01934676445507,314.7875528358301,-351.9055912014209,306.437786019398,466.6279693924186,-329.9271181426419,620.457132783853,702.7225319486124,1.0,24.200000000000003,21.97847305877899,-5.980653235544935,22.77765332775324,21.97847305877899,314.01934676445507,314.7875528358301,314.7875528358301,241.0,1.0,3.2,7.4346588568041945,-15.397687339683557,17.098623562372158,7.4346588568041945,104.60231266031644,104.8661907680624,104.8661907680624,31.0,1.0,0.1,7.4346588568041945,1.913270996865549,7.67689769532615,7.4346588568041945,1.913270996865549,7.67689769532615,7.67689769532615,0.0,1.0,0.1,0.0,0.0,0.0,0.0,0.0,0.0,0.0,0.0,1.0,85.60000000000001,-9.927118142641916,20.457132783853012,22.738556602259607,-329.9271181426419,620.457132783853,702.7225319486124,314.7875528358301,855.0,1.0,36.1,15.529067655383301,-11.648942983736504,19.412619990197502,-344.4709323446167,308.3510570162635,462.32088163246146,7.67689769532615,360.0
14_LTAN06_800km_1213COLD_MY_STTLCT_PCDU_HEAT_MY_0p5,5203.0,22.190818569522857,315.25255953767606,316.03260705794503,-379.96650002522307,240.0107608301058,449.42152424607355,-357.77568145570024,555.2633203677818,660.54582974003,1.0,24.200000000000003,22.190818569522857,-4.747440462323937,22.692964101870672,22.190818569522857,315.25255953767606,316.03260705794503,316.03260705794503,241.0,1.0,3.2,7.64700436754806,-14.164474566462559,16.096863531174755,7.64700436754806,105.83552543353744,106.11142784634579,106.11142784634579,31.0,1.0,0.1,7.64700436754806,2.06643499150897,7.921289628048692,7.64700436754806,2.06643499150897,7.921289628048692,7.921289628048692,0.0,1.0,0.1,0.0,0.0,0.0,0.0,0.0,0.0,0.0,0.0,1.0,74.0,2.224318544299763,-4.73667963221817,5.232946294850184,-357.77568145570024,555.2633203677818,660.54582974003,316.03260705794503,739.0,1.0,35.7,-12.31949565767502,2.077195821614737,12.493386880298209,-372.319495657675,242.07719582161474,444.09815985167273,7.921289628048692,356.0
14_LTAN06_800km_1213COLD_MY_STTLCT_PCDU_HEAT_MY_0p5,5263.5,22.3630835561217,316.51169838088094,317.3007449062921,-455.5201027077518,196.1882014839733,495.97215080324503,-433.1570191516301,512.6998998648543,671.1826804691531,1.0,24.200000000000003,22.3630835561217,-3.4883016191190563,22.633509545009353,22.3630835561217,316.51169838088094,317.3007449062921,317.3007449062921,241.0,1.0,3.2,7.819269354146904,-12.905335723257679,15.089355962488648,7.819269354146904,107.09466427674232,107.3797377989947,107.3797377989947,31.0,1.0,0.1,7.819269354146904,2.205961702295383,8.124483999903925,7.819269354146904,2.205961702295383,8.124483999903925,8.124483999903925,0.0,1.0,0.1,0.0,0.0,0.0,0.0,0.0,0.0,0.0,0.0,1.0,63.0,6.842980848369905,-7.300100135145726,10.005890708693153,-433.1570191516301,512.6998998648543,671.1826804691531,317.3007449062921,629.0,1.0,51.900000000000006,-7.700833353604878,-1.6058368137312868,7.866482454841427,-447.7008333536049,198.3941631862687,489.68998373653926,8.124483999903925,518.0
14_LTAN06_800km_1213COLD_MY_STTLCT_PCDU_HEAT_MY_0p5,5324.0,22.491053049561494,317.80258588303644,318.59744358864987,-362.7187506888587,258.60770800184787,445.4692343352742,-340.22769763929716,576.4102938848844,669.3307950015417,1.0,24.200000000000003,22.491053049561494,-2.1974141169635573,22.598143642335316,22.491053049561494,317.80258588303644,318.59744358864987,318.59744358864987,241.0,1.0,3.2,7.947238847586696,-11.61444822110218,14.073166409207797,7.947238847586696,108.38555177889782,108.67652202622575,108.67652202622575,31.0,1.0,0.1,7.947238847586696,2.328761713792119,8.28140908422082,7.947238847586696,2.328761713792119,8.28140908422082,8.28140908422082,0.0,1.0,0.1,0.0,0.0,0.0,0.0,0.0,0.0,0.0,0.0,0.0,nan,nan,nan,nan,-340.22769763929716,576.4102938848844,669.3307950015417,318.59744358864987,nan,1.0,35.7,5.228488158728055,20.936469715640044,21.5794544087628,-354.77151184127194,260.93646971564004,440.3983047671765,8.28140908422082,356.0
14_LTAN06_800km_1213COLD_MY_STTLCT_PCDU_HEAT_MY_0p5,5384.5,22.57632026732863,319.1247527438367,319.9223312784338,-410.28542577658845,181.28082093351549,448.54973708944004,-387.7091055092598,500.4055736773522,633.0277155560808,1.0,24.200000000000003,22.57632026732863,-0.8752472561632771,22.593279854249023,22.57632026732863,319.1247527438367,319.9223312784338,319.9223312784338,241.0,1.0,3.2,8.032506065353832,-10.2922813603019,13.055734728063527,8.032506065353832,109.7077186396981,110.00138491317783,110.00138491317783,31.0,1.0,0.1,8.032506065353832,2.439747484484144,8.394850890753975,8.032506065353832,2.439747484484144,8.394850890753975,8.394850890753975,0.0,1.0,0.1,0.0,0.0,0.0,0.0,0.0,0.0,0.0,0.0,1.0,53.400000000000006,12.290894490740186,20.40557367735221,23.821283015076176,-387.7091055092598,500.4055736773522,633.0277155560808,319.9223312784338,533.0,1.0,43.1,-2.252919711234597,23.72056841799963,23.8273165358223,-402.2529197112346,183.72056841799963,442.2224086091136,8.394850890753975,430.0
14_LTAN06_800km_1213COLD_MY_STTLCT_PCDU_HEAT_MY_0p5,5445.0,22.61396572360156,320.4859132933651,321.2827602988224,-369.2471145969657,240.0510552690785,440.41791604563826,-346.6331488733641,560.5369685624436,659.0570787291778,1.0,24.200000000000003,22.61396572360156,0.48591329336511535,22.6191856059606,22.61396572360156,320.4859132933651,321.2827602988224,321.2827602988224,241.0,1.0,3.2,8.070151521626762,-8.931120810773507,12.037120275159102,8.070151521626762,111.0688791892265,111.36167774388551,111.36167774388551,31.0,1.0,0.1,8.070151521626762,2.5470393653948236,8.462550154113453,8.070151521626762,2.5470393653948236,8.462550154113453,8.462550154113453,0.0,1.0,0.1,0.0,0.0,0.0,0.0,0.0,0.0,0.0,0.0,1.0,74.0,13.36685112663588,0.536968562443576,13.377632237384148,-346.6331488733641,560.5369685624436,659.0570787291778,321.2827602988224,739.0,1.0,35.7,-1.1769630753389038,2.5980946344732843,2.8522513582063693,-361.1769630753389,242.59809463447328,435.08922553494887,8.462550154113453,356.0
14_LTAN06_800km_1213COLD_MY_STTLCT_PCDU_HEAT_MY_0p5,5505.5,22.601589874798027,321.8898764934794,322.68238943868005,-471.5234028743663,180.17720689890604,504.775341458072,-448.92181299956826,502.0670833923854,673.4999260675207,1.0,24.200000000000003,22.601589874798027,1.8898764934793917,22.680465119330748,22.601589874798027,321.8898764934794,322.68238943868005,322.68238943868005,241.0,1.0,3.2,8.05777567282323,-7.527157610659231,11.026597412132496,8.05777567282323,112.47284238934077,112.76111042345686,112.76111042345686,31.0,1.0,0.1,8.05777567282323,2.645789573029049,8.481034798790246,8.05777567282323,2.645789573029049,8.481034798790246,8.481034798790246,0.0,1.0,0.1,0.0,0.0,0.0,0.0,0.0,0.0,0.0,0.0,1.0,53.2,-8.92181299956826,22.067083392385427,23.80241409281332,-448.92181299956826,502.0670833923854,673.4999260675207,322.68238943868005,531.0,1.0,61.300000000000004,16.534372798456957,-17.177003528064915,23.841873543023162,-463.46562720154304,182.82299647193508,498.22147247614373,8.481034798790246,612.0
14_LTAN06_800km_1213COLD_MY_STTLCT_PCDU_HEAT_MY_0p5,5566.0,22.54109183257019,323.33477060567566,324.1195376765018,-360.491300723887,241.6941034160974,434.01614892041874,-337.9502088913168,565.028874021773,658.3828461981656,1.0,24.200000000000003,22.54109183257019,3.334770605675658,22.78643271766866,22.54109183257019,323.33477060567566,324.1195376765018,324.1195376765018,241.0,1.0,3.2,7.997277630595391,-6.082263498462964,10.047406569137946,7.997277630595391,113.91773650153704,114.19810479659654,114.19810479659654,31.0,1.0,0.1,7.997277630595391,2.742481317492093,8.454445769984842,7.997277630595391,2.742481317492093,8.454445769984842,8.454445769984842,0.0,1.0,0.1,0.0,0.0,0.0,0.0,0.0,0.0,0.0,0.0,1.0,74.0,22.049791108683223,5.028874021773049,22.615986864681133,-337.9502088913168,565.028874021773,658.3828461981656,324.1195376765018,739.0,1.0,35.7,7.50597690670844,4.436584733589484,8.719115403661066,-352.49402309329156,244.43658473358948,428.95370411352695,8.454445769984842,356.0
14_LTAN06_800km_1213COLD_MY_STTLCT_PCDU_HEAT_MY_0p5,5626.5,22.423651551764983,324.8182746108838,325.59135687254735,-339.15030853893444,195.43837298314438,391.43210064627186,-316.72665698716946,520.2566475940282,609.0835366450525,1.0,24.200000000000003,22.423651551764983,4.818274610883805,22.935472943474693,22.423651551764983,324.8182746108838,325.59135687254735,325.59135687254735,241.0,1.0,3.2,7.879837349790186,-4.598759493254818,9.12361910296291,7.879837349790186,115.40124050674518,115.66995351929036,115.66995351929036,31.0,1.0,0.1,7.879837349790186,2.8236769151699264,8.370483139007687,7.879837349790186,2.8236769151699264,8.370483139007687,8.370483139007687,0.0,1.0,0.1,0.0,0.0,0.0,0.0,0.0,0.0,0.0,0.0,1.0,63.6,3.273343012830537,0.2566475940282089,3.2833888693188578,-316.72665698716946,520.2566475940282,609.0835366450525,325.59135687254735,635.0,1.0,28.5,-11.270471189144246,-1.7379501016856693,11.40368323750181,-331.27047118914425,198.26204989831433,386.06730697089506,8.370483139007687,284.0
14_LTAN06_800km_1213COLD_MY_STTLCT_PCDU_HEAT_MY_0p5,5687.0,22.249567804334337,326.33827666243235,327.09587903623293,-299.46232948040847,179.5065732583313,349.1422297872049,-277.21276167607414,505.84484992076364,576.8240003913115,1.0,24.200000000000003,22.249567804334337,6.338276662432349,23.134757801394976,22.249567804334337,326.33827666243235,327.09587903623293,327.09587903623293,241.0,1.0,3.2,7.70575360235954,-3.078757441706273,8.298035066516578,7.70575360235954,116.92124255829373,117.17489321503832,117.17489321503832,31.0,1.0,0.1,7.70575360235954,2.8980530077669187,8.232700031952088,7.70575360235954,2.8980530077669187,8.232700031952088,8.232700031952088,0.0,1.0,0.1,0.0,0.0,0.0,0.0,0.0,0.0,0.0,0.0,1.0,63.800000000000004,2.7872383239258625,-14.155150079236364,14.426952943711514,-277.21276167607414,505.84484992076364,576.8240003913115,327.09587903623293,637.0,1.0,22.3,-11.75657587804892,-17.595373733901795,21.161622178179133,-291.7565758780489,182.4046262660982,344.0833434668971,8.232700031952088,222.0
14_LTAN06_800km_1213COLD_MY_STTLCT_PCDU_HEAT_MY_0p5,5747.5,22.020957235985367,327.89205555000973,328.6306781942303,-225.88560523025726,97.41898810369187,245.997491640437,-203.86464799427188,425.31104365370163,471.646349032439,1.0,24.200000000000003,22.020957235985367,7.892055550009729,23.392458152009926,22.020957235985367,327.89205555000973,328.6306781942303,328.6306781942303,241.0,1.0,3.2,7.47714303401057,-1.524978554128893,7.631069881845261,7.47714303401057,118.4750214458711,118.71073403256621,118.71073403256621,31.0,1.0,0.1,7.47714303401057,2.9580505325922672,8.041003103122284,7.47714303401057,2.9580505325922672,8.041003103122284,8.041003103122284,0.0,1.0,0.1,0.0,0.0,0.0,0.0,0.0,0.0,0.0,0.0,1.0,45.400000000000006,-3.864647994271877,-14.688956346298369,15.188842703217674,-203.86464799427188,425.31104365370163,471.646349032439,328.6306781942303,453.0,0.0,nan,nan,nan,nan,-218.40846219624666,100.37703863628417,240.37014424491116,8.041003103122284,nan
14_LTAN06_800km_1213COLD_MY_STTLCT_PCDU_HEAT_MY_0p5,5808.0,21.73438506616376,329.4647337587504,330.18085087558995,-245.9901139772998,178.38511114088527,303.8624426468512,-224.25572891113606,507.8498448996357,555.1595238434165,1.0,24.200000000000003,21.73438506616376,9.464733758750413,23.7057942142488,21.73438506616376,329.4647337587504,330.18085087558995,330.18085087558995,241.0,1.0,3.2,7.190570864188963,0.047699654611790265,7.190729073603962,7.190570864188963,120.04769965461179,120.2628558687877,120.2628558687877,31.0,1.0,0.1,7.190570864188963,3.021137641223106,7.7994603659572705,7.190570864188963,3.021137641223106,7.7994603659572705,7.7994603659572705,0.0,1.0,0.1,0.0,0.0,0.0,0.0,0.0,0.0,0.0,0.0,1.0,64.0,15.74427108886394,-12.150155100364316,19.887391510264635,-224.25572891113606,507.8498448996357,555.1595238434165,330.18085087558995,639.0,1.0,16.7,1.2004568868891283,21.406248782108378,21.439883014111714,-238.79954311311087,181.40624878210838,299.88906096792977,7.7994603659572705,166.0
14_LTAN06_800km_1213COLD_MY_STTLCT_PCDU_HEAT_MY_0p5,5868.5,21.392309329535017,331.05509438533454,331.7455446828688,-306.11537555321866,-70.58499987221865,314.1478399687784,-284.72306622368365,260.4700945131159,385.89103977092765,1.0,24.200000000000003,21.392309329535017,11.055094385334542,24.079991908619203,21.392309329535017,331.05509438533454,331.7455446828688,331.7455446828688,241.0,1.0,3.2,6.84849512756022,1.6380602811959193,7.0416707532408624,6.84849512756022,121.63806028119592,121.83070054171102,121.83070054171102,31.0,1.0,0.1,6.84849512756022,3.085094094873284,7.51130422006978,6.84849512756022,3.085094094873284,7.51130422006978,7.51130422006978,0.0,1.0,0.1,0.0,0.0,0.0,0.0,0.0,0.0,0.0,0.0,1.0,17.0,-4.723066223683645,-19.529905486884104,20.09289831955378,-284.72306622368365,260.4700945131159,385.89103977092765,331.7455446828688,169.0,1.0,20.900000000000002,-19.266880425658428,12.500094222654639,22.966606996068528,-299.2668804256584,-67.49990577734536,306.7847828684725,7.51130422006978,208.0
14_LTAN06_800km_1213COLD_MY_STTLCT_PCDU_HEAT_MY_0p5,5929.0,20.998911475919115,332.65559225938506,333.3177123175661,-163.95678081022834,136.6488203260678,213.43553141442786,-142.95786933430924,469.30441258545284,490.59513254493504,1.0,24.200000000000003,20.998911475919115,12.65559225938506,24.517713976007116,20.998911475919115,332.65559225938506,333.3177123175661,333.3177123175661,241.0,1.0,3.2,6.455097273944318,3.2385581552464373,7.221948472607416,6.455097273944318,123.23855815524644,123.40749773413341,123.40749773413341,31.0,1.0,0.1,6.455097273944318,3.152798834702594,7.183900146033865,6.455097273944318,3.152798834702594,7.183900146033865,7.183900146033865,0.0,1.0,0.1,0.0,0.0,0.0,0.0,0.0,0.0,0.0,0.0,1.0,54.6,17.042130665690763,-10.695587414547163,20.12038289319309,-142.95786933430924,469.30441258545284,490.59513254493504,333.3177123175661,545.0,1.0,5.0,2.4983164637159803,-20.19838083922963,20.352301434467623,-157.50168353628402,139.80161916077037,210.59741934966067,7.183900146033865,49.0
14_LTAN06_800km_1213COLD_MY_STTLCT_PCDU_HEAT_MY_0p5,5989.5,20.560972903006128,334.2485940919585,334.880390974403,-102.07327796641542,20.56222867599478,104.12376925050788,-81.51230506340929,354.8108227679533,364.0535342913488,1.0,24.400000000000002,-19.439027096993872,14.248594091958523,24.101829973573732,20.560972903006128,334.2485940919585,334.880390974403,334.880390974403,243.0,1.0,3.2,6.017158701031331,4.831559987819901,7.716875711665914,6.017158701031331,124.8315599878199,124.97649606156381,124.97649606156381,31.0,1.0,0.1,6.017158701031331,3.2240093920014488,6.826451156575472,6.017158701031331,3.2240093920014488,6.826451156575472,6.826451156575472,0.0,1.0,0.1,0.0,0.0,0.0,0.0,0.0,0.0,0.0,0.0,1.0,30.400000000000002,-1.5123050634092863,-5.1891772320466885,5.405055684301976,-81.51230506340929,354.8108227679533,364.0535342913488,334.880390974403,303.0,1.0,2.5,-16.056119265384083,-16.213761932003763,22.81852409451436,-96.05611926538408,23.786238067996237,98.95738057241151,6.826451156575472,24.0
14_LTAN06_800km_1213COLD_MY_STTLCT_PCDU_HEAT_MY_0p5,6050.0,20.080208695996085,335.8338688729123,336.4336520971456,-101.86059056469377,3.2989108537626315,101.91399669824186,-81.78038186869767,339.1327797266749,348.85394242251505,0.0,nan,nan,nan,nan,20.080208695996085,335.8338688729123,336.4336520971456,336.4336520971456,nan,1.0,3.2,5.5363944940212875,6.416834768773697,8.475106633144636,5.5363944940212875,126.4168347687737,126.53800921837224,126.53800921837224,31.0,1.0,0.1,5.5363944940212875,3.3041894773703575,6.447428331962614,5.5363944940212875,3.3041894773703575,6.447428331962614,6.447428331962614,0.0,1.0,0.1,0.0,0.0,0.0,0.0,0.0,0.0,0.0,0.0,1.0,23.8,-1.780381868697674,19.132779726674926,19.21543701475068,-81.78038186869767,339.1327797266749,348.85394242251505,336.4336520971456,237.0,1.0,2.3000000000000003,-16.32419607067247,6.603100331132964,17.609097402671345,-96.32419607067247,6.603100331132964,96.55025470004915,6.447428331962614,22.0
14_LTAN06_800km_1213COLD_MY_STTLCT_PCDU_HEAT_MY_0p5,6110.5,19.571817713423098,337.4042934404329,337.97146814582624,-92.13771496927708,-2.8555161399405744,92.18195318057221,-72.56589725585398,334.54877730049236,342.328342148005,0.0,nan,nan,nan,nan,19.571817713423098,337.4042934404329,337.97146814582624,337.97146814582624,nan,1.0,3.2,5.028003511448301,7.987259336294301,9.438068182438444,5.028003511448301,127.9872593362943,128.08598429073726,128.08598429073726,31.0,1.0,0.1,5.028003511448301,3.3784272834549256,6.05760598097376,5.028003511448301,3.3784272834549256,6.05760598097376,6.05760598097376,0.0,1.0,0.1,0.0,0.0,0.0,0.0,0.0,0.0,0.0,0.0,1.0,23.8,7.434102744146017,14.548777300492361,16.338078361601806,-72.56589725585398,334.54877730049236,342.328342148005,337.97146814582624,237.0,1.0,2.3000000000000003,-7.10971145782878,0.5229111435143636,7.1289152805734295,-87.10971145782878,0.5229111435143636,87.11128093611183,6.05760598097376,22.0
14_LTAN06_800km_1213COLD_MY_STTLCT_PCDU_HEAT_MY_0p5,6171.0,19.05065061128418,338.95361956470373,339.48856166994364,-141.34140518096808,-30.609975503881444,144.61799133883312,-122.2907545696839,308.34364406082227,331.7089559929453,0.0,nan,nan,nan,nan,19.05065061128418,338.95361956470373,339.48856166994364,339.48856166994364,nan,1.0,3.2,4.506836409309383,9.536585460565107,10.547892522534465,4.506836409309383,129.5365854605651,129.61496266713408,129.61496266713408,31.0,1.0,0.1,4.506836409309383,3.443124289302432,5.671567622083075,4.506836409309383,3.443124289302432,5.671567622083075,5.671567622083075,0.0,1.0,0.1,0.0,0.0,0.0,0.0,0.0,0.0,0.0,0.0,1.0,23.6,-2.290754569683898,-11.656355939177729,11.87931775310904,-122.2907545696839,308.34364406082227,331.7089559929453,339.48856166994364,235.0,1.0,4.3,-16.834568771658695,12.833148785420974,21.168193439130746,-136.8345687716587,-27.166851214579026,139.50532970406854,5.671567622083075,42.0
14_LTAN06_800km_1213COLD_MY_STTLCT_PCDU_HEAT_MY_0p5,6231.5,18.51761270319938,340.4834115743367,340.9865914336293,-146.3321356301311,9.190018587722383,146.62042954417288,-127.81452292693172,349.67343016205905,372.30103415427084,0.0,nan,nan,nan,nan,18.51761270319938,340.4834115743367,340.9865914336293,340.9865914336293,nan,1.0,3.2,3.9737985012245822,11.066377470198063,11.75822201020384,3.9737985012245822,131.06637747019806,131.12660438556614,131.12660438556614,31.0,1.0,0.1,3.9737985012245822,3.5022400146788186,5.296863189544565,3.9737985012245822,3.5022400146788186,5.296863189544565,5.296863189544565,0.0,1.0,0.1,0.0,0.0,0.0,0.0,0.0,0.0,0.0,0.0,1.0,30.200000000000003,-7.814522926931716,-10.326569837940951,12.950089312179019,-127.81452292693172,349.67343016205905,372.30103415427084,340.9865914336293,301.0,1.0,7.5,17.6416628710935,12.692258602401182,21.732963380255942,-142.3583371289065,12.692258602401182,142.923019764269,5.296863189544565,74.0
14_LTAN06_800km_1213COLD_MY_STTLCT_PCDU_HEAT_MY_0p5,6292.0,17.987329670771405,342.01393845577394,342.48661014222864,-86.12797216200656,111.80582077338667,141.13316104852905,-68.14064249123516,453.8197592291606,458.9068762024945,0.0,nan,nan,nan,nan,17.987329670771405,342.01393845577394,342.48661014222864,342.48661014222864,nan,1.0,3.2,3.4435154687966083,12.596904351635317,13.05908871353933,3.4435154687966083,132.59690435163532,132.64161052407562,132.64161052407562,31.0,1.0,0.1,3.4435154687966083,3.557413409937851,4.95105937684524,3.4435154687966083,3.557413409937851,4.95105937684524,4.95105937684524,0.0,1.0,0.1,0.0,0.0,0.0,0.0,0.0,0.0,0.0,0.0,1.0,46.0,11.859357508764845,13.819759229160582,18.21071403522295,-68.14064249123516,453.8197592291606,458.9068762024945,342.48661014222864,459.0,1.0,2.8000000000000003,-2.6844566932099525,-4.636765816675506,5.357789187380387,-82.68445669320995,115.3632341833245,141.9344749519576,4.95105937684524,27.0
14_LTAN06_800km_1213COLD_MY_STTLCT_PCDU_HEAT_MY_0p5,6352.5,17.465558870778704,343.5520741658221,343.99574620961107,-41.266452358906974,86.39114486672696,95.7410570323607,-23.80089348812827,429.94321903254905,430.6015026946651,1.0,30.8,17.465558870778704,-16.44792583417791,23.991248631850194,17.465558870778704,343.5520741658221,343.99574620961107,343.99574620961107,307.0,1.0,3.2,2.921744668803907,14.135040061683469,14.433847354571846,2.921744668803907,134.13504006168347,134.1668571751575,134.1668571751575,31.0,1.0,0.1,2.921744668803907,3.6115136118217492,4.645387225846498,2.921744668803907,3.6115136118217492,4.645387225846498,4.645387225846498,0.0,1.0,0.1,0.0,0.0,0.0,0.0,0.0,0.0,0.0,0.0,1.0,46.2,16.19910651187173,-10.056780967450948,19.0669844288563,-23.80089348812827,429.94321903254905,430.6015026946651,343.99574620961107,461.0,1.0,1.2000000000000002,1.6552923098969359,10.00265847854871,10.138696625784121,-38.344707690103064,90.00265847854871,97.8304407689433,4.645387225846498,11.0
14_LTAN06_800km_1213COLD_MY_STTLCT_PCDU_HEAT_MY_0p5,6413.0,16.952421708024847,345.09695286622855,345.513084382231,-45.49951890098794,45.77150141184502,64.5386439407886,-28.54709719296309,390.86845427807356,391.9095371484023,1.0,30.8,16.952421708024847,-14.903047133771452,22.571783616677827,16.952421708024847,345.09695286622855,345.513084382231,345.513084382231,307.0,1.0,3.2,2.40860750605005,15.679918762089926,15.86383441996103,2.40860750605005,135.67991876208993,135.7012960343619,135.7012960343619,31.0,1.0,0.1,2.40860750605005,3.6667450078765,4.387072950269676,2.40860750605005,3.6667450078765,4.387072950269676,4.387072950269676,0.0,1.0,0.1,0.0,0.0,0.0,0.0,0.0,0.0,0.0,0.0,1.0,38.0,11.45290280703691,-9.131545721926443,14.64766568361891,-28.54709719296309,390.86845427807356,391.9095371484023,345.513084382231,379.0,1.0,0.2,-3.0909113949378906,9.438246419721509,9.931476664159403,-43.09091139493789,49.43824641972151,65.58175702055789,4.387072950269676,1.0
14_LTAN06_800km_1213COLD_MY_STTLCT_PCDU_HEAT_MY_0p5,6473.5,16.450921979451664,346.66443068744906,347.05454951322446,30.642218177376552,-81.98005060681582,87.51956485452855,47.09314015682821,264.6843800806332,268.8411890103519,1.0,30.8,16.450921979451664,-13.335569312550945,21.17711601856722,16.450921979451664,346.66443068744906,347.05454951322446,347.05454951322446,307.0,1.0,3.2,1.9071077774768668,17.247396583310433,17.352514197570944,1.9071077774768668,137.24739658331043,137.26064595859737,137.26064595859737,31.0,1.0,0.1,1.9071077774768668,3.7304168556138393,4.189638408211453,1.9071077774768668,3.7304168556138393,4.189638408211453,4.189638408211453,0.0,1.0,0.1,0.0,0.0,0.0,0.0,0.0,0.0,0.0,0.0,1.0,18.6,7.093140156828213,-15.315619919366782,16.878413752450598,47.09314015682821,264.6843800806332,268.8411890103519,347.05454951322446,185.0,1.0,1.7000000000000002,-7.4506740451465845,1.7503662487980023,7.653517213147963,32.549325954853416,-78.249633751202,84.74941771075802,4.189638408211453,16.0
14_LTAN06_800km_1213COLD_MY_STTLCT_PCDU_HEAT_MY_0p5,6534.0,15.96115792180159,348.2539110001879,348.61948466649346,55.05556979422158,-21.27444085664658,59.023026007900995,71.01672771602317,326.9794701435413,334.60267409398085,1.0,30.8,15.96115792180159,-11.746088999812116,19.817395615877402,15.96115792180159,348.2539110001879,348.61948466649346,348.61948466649346,307.0,1.0,3.2,1.4173437198267926,18.83687689604926,18.890124256262766,1.4173437198267926,138.83687689604926,138.84411132442335,138.84411132442335,31.0,1.0,0.1,1.4173437198267926,3.801784857286293,4.0573921823289165,1.4173437198267926,3.801784857286293,4.0573921823289165,4.0573921823289165,0.0,1.0,0.1,0.0,0.0,0.0,0.0,0.0,0.0,0.0,0.0,1.0,24.6,-8.98327228397683,6.979470143541278,11.375947627017734,71.01672771602317,326.9794701435413,334.60267409398085,348.61948466649346,245.0,1.0,0.8,16.472913514048372,-17.472655999360313,24.0135500772647,56.47291351404837,-17.472655999360313,59.11415793561783,4.0573921823289165,7.0
14_LTAN06_800km_1213COLD_MY_STTLCT_PCDU_HEAT_MY_0p5,6594.5,15.483611127877753,349.86414233872006,350.2065966082985,94.93987279273836,-40.12942218090076,103.07254712324864,110.4234839206161,309.7347201578193,328.8296560111469,1.0,30.8,15.483611127877753,-10.135857661279942,18.506156383459725,15.483611127877753,349.86414233872006,350.2065966082985,350.2065966082985,307.0,1.0,3.2,0.9397969259029555,20.447108234581435,20.468694472746048,0.9397969259029555,140.44710823458144,140.45025250855966,140.45025250855966,31.0,1.0,0.1,0.9397969259029555,3.879850345635816,3.99204921894345,0.9397969259029555,3.879850345635816,3.99204921894345,3.99204921894345,0.0,1.0,0.1,0.0,0.0,0.0,0.0,0.0,0.0,0.0,0.0,1.0,24.8,-9.576516079383893,-10.26527984218069,14.038718974927145,110.4234839206161,309.7347201578193,328.8296560111469,350.2065966082985,247.0,1.0,2.0,15.87966971864131,3.7504281647350695,16.316544419452665,95.87966971864131,-36.24957183526493,102.50337810821541,3.99204921894345,19.0
14_LTAN06_800km_1213COLD_MY_STTLCT_PCDU_HEAT_MY_0p5,6655.0,15.021209737822126,351.4945280722027,351.81534930512646,65.35809287442085,3.1798361728390256,65.43540068088157,80.37930261224298,354.6743642450417,363.6684436970784,1.0,30.8,15.021209737822126,-8.505471927797316,17.26209126097387,15.021209737822126,351.4945280722027,351.81534930512646,351.81534930512646,307.0,1.0,3.2,0.47739553584732874,22.07749396806406,22.082654876793054,0.47739553584732874,142.07749396806406,142.07829601576353,142.07829601576353,31.0,1.0,0.1,0.47739553584732874,3.9553394747343305,3.984045288151053,0.47739553584732874,3.9553394747343305,3.984045288151053,3.984045288151053,0.0,1.0,0.1,0.0,0.0,0.0,0.0,0.0,0.0,0.0,0.0,1.0,31.200000000000003,0.3793026122429808,-5.3256357549582845,5.339126020815059,80.37930261224298,354.6743642450417,363.6684436970784,351.81534930512646,311.0,1.0,2.2,-14.164511589731816,7.135175647573362,15.86014249927695,65.83548841026818,7.135175647573362,66.2210107574649,3.984045288151053,21.0
14_LTAN06_800km_1213COLD_MY_STTLCT_PCDU_HEAT_MY_0p5,6715.5,14.57280505412577,353.1447444212577,353.4452958514245,232.1639395990477,-93.88097723329587,250.42710064293937,246.73674465317347,259.26376718796183,357.90602417190325,1.0,30.8,14.57280505412577,-6.8552555787422875,16.10469422856053,14.57280505412577,353.1447444212577,353.4452958514245,353.4452958514245,307.0,1.0,3.2,0.0289908521509723,23.72771031711909,23.727728027829134,0.0289908521509723,143.7277103171191,143.72771324094464,143.72771324094464,31.0,1.0,0.1,0.0289908521509723,4.028024119106476,4.028128445520567,0.0289908521509723,4.028024119106476,4.028128445520567,4.028128445520567,0.0,1.0,0.1,0.0,0.0,0.0,0.0,0.0,0.0,0.0,0.0,1.0,14.600000000000001,6.736744653173474,19.263767187961832,20.407754771019185,246.73674465317347,259.26376718796183,357.90602417190325,353.4452958514245,145.0,1.0,15.4,-7.807069548801337,-9.852953114189404,12.57103893917427,232.19293045119866,-89.8529531141894,248.9721071422578,4.028128445520567,153.0
14_LTAN06_800km_1213COLD_MY_STTLCT_PCDU_HEAT_MY_0p5,6776.0,14.136235648324757,354.81201742866193,355.0935100365847,263.7152282191691,-113.5514108242507,287.1230476552974,277.85146386749386,241.26060660441124,367.97841821557654,1.0,30.8,14.136235648324757,-5.187982571338068,15.058164611448342,14.136235648324757,354.81201742866193,355.0935100365847,355.0935100365847,307.0,1.0,5.800000000000001,-0.4075785536500405,-14.60501667547669,14.610702665113259,-0.4075785536500405,145.3949833245233,145.3955545957847,145.3955545957847,57.0,1.0,0.1,-0.4075785536500405,4.100123938340232,4.120332096706051,-0.4075785536500405,4.100123938340232,4.120332096706051,4.120332096706051,0.0,1.0,0.1,0.0,0.0,0.0,0.0,0.0,0.0,0.0,0.0,1.0,22.400000000000002,-2.1485361325061376,1.2606066044112367,2.4910512888677463,277.85146386749386,241.26060660441124,367.97841821557654,355.0935100365847,223.0,1.0,20.6,-16.69235033448092,10.548713114089537,19.74613653483663,263.3076496655191,-109.45128688591046,285.14996505937296,4.120332096706051,205.0
14_LTAN06_800km_1213COLD_MY_STTLCT_PCDU_HEAT_MY_0p5,6836.5,13.709107705373706,356.49204882460646,356.75554727185835,153.32078341996925,-140.89612339262703,208.22819265311674,167.02989112534294,215.59592543197942,272.72804694826596,1.0,30.8,13.709107705373706,-3.5079511753935435,14.150807592730589,13.709107705373706,356.49204882460646,356.75554727185835,356.75554727185835,307.0,1.0,5.800000000000001,-0.8347064966010915,-12.924985279532166,12.951910261100146,-0.8347064966010915,147.07501472046783,147.07738333938804,147.07738333938804,57.0,1.0,0.1,-0.8347064966010915,4.1650834859742645,4.247900114245108,-0.8347064966010915,4.1650834859742645,4.247900114245108,4.247900114245108,0.0,1.0,0.1,0.0,0.0,0.0,0.0,0.0,0.0,0.0,0.0,1.0,10.0,7.029891125342942,15.595925431979424,17.107082139103618,167.02989112534294,215.59592543197942,272.72804694826596,356.75554727185835,99.0,1.0,6.7,-7.513923076631841,23.268960093347232,24.452066248628693,152.48607692336816,-136.73103990665277,204.81059769805375,4.247900114245108,66.0
14_LTAN06_800km_1213COLD_MY_STTLCT_PCDU_HEAT_MY_0p5,6897.0,13.291522167791005,358.1837108359276,358.43023766101584,231.14959264856344,-115.52550972252133,258.41106318856623,244.44111481635446,242.65820111340628,344.4335366660112,1.0,30.8,13.291522167791005,-1.8162891640723728,13.415046323602702,13.291522167791005,358.1837108359276,358.43023766101584,358.43023766101584,307.0,1.0,5.800000000000001,-1.2522920341837924,-11.233323268210995,11.302910553791476,-1.2522920341837924,148.766676731789,148.77194742678975,148.77194742678975,57.0,1.0,0.1,-1.2522920341837924,4.224648108675467,4.40634621665336,-1.2522920341837924,4.224648108675467,4.40634621665336,4.40634621665336,0.0,1.0,0.1,0.0,0.0,0.0,0.0,0.0,0.0,0.0,0.0,1.0,14.600000000000001,4.441114816354457,2.658201113406278,5.175860698604383,244.44111481635446,242.65820111340628,344.4335366660112,358.43023766101584,145.0,1.0,15.200000000000001,-10.102699385620326,8.699138386154118,13.331899472231006,229.89730061437967,-111.30086161384588,255.42249436132857,4.40634621665336,151.0
14_LTAN06_800km_1213COLD_MY_STTLCT_PCDU_HEAT_MY_0p5,6957.5,12.88545812557492,359.87637510588945,360.10698464548113,165.72845251555884,-148.93709422403617,222.81871108392417,178.61391064113377,210.93928088185328,276.4024408240135,1.0,30.8,12.88545812557492,-0.12362489411054867,12.886051149222888,12.88545812557492,359.87637510588945,360.10698464548113,360.10698464548113,307.0,1.0,5.800000000000001,-1.658356076399878,-9.540658998249171,9.683714111693162,-1.658356076399878,150.45934100175083,150.46847988717528,150.46847988717528,57.0,1.0,0.1,-1.658356076399878,4.278736021554266,4.588869884653348,-1.658356076399878,4.278736021554266,4.588869884653348,4.588869884653348,0.0,1.0,0.1,0.0,0.0,0.0,0.0,0.0,0.0,0.0,0.0,1.0,10.0,18.61391064113377,10.939280881853279,21.590403784278646,178.61391064113377,210.93928088185328,276.4024408240135,360.10698464548113,99.0,1.0,6.7,4.070096439158988,15.341641797518093,15.872355151879916,164.070096439159,-144.6583582024819,218.73508439066765,4.588869884653348,66.0
14_LTAN06_800km_1213COLD_MY_STTLCT_PCDU_HEAT_MY_0p5,7018.0,12.491741424900164,361.5633513904893,361.7790771624984,217.45911544139042,-56.09665679772202,224.5780527844014,229.9508568662906,305.4666945927673,382.3444756747143,1.0,30.8,12.491741424900164,1.563351390489288,12.589188671106315,12.491741424900164,361.5633513904893,361.7790771624984,361.7790771624984,307.0,1.0,5.800000000000001,-2.052072777074633,-7.853682713649334,8.117347771845504,-2.052072777074633,152.14631728635067,152.1601553182741,152.1601553182741,57.0,1.0,0.1,-2.052072777074633,4.3298492399162,4.791513030642168,-2.052072777074633,4.3298492399162,4.791513030642168,4.791513030642168,0.0,1.0,0.1,0.0,0.0,0.0,0.0,0.0,0.0,0.0,0.0,1.0,25.400000000000002,-10.049143133709407,-14.533305407232717,17.669245704943904,229.9508568662906,305.4666945927673,382.3444756747143,361.7790771624984,253.0,1.0,11.0,15.407042664315782,-11.766807557805805,19.386457225663552,215.40704266431578,-51.766807557805805,221.5400559585405,4.791513030642168,109.0
14_LTAN06_800km_1213COLD_MY_STTLCT_PCDU_HEAT_MY_0p5,7078.5,12.109745418311489,363.2443832127508,363.44618290705444,323.0594134166848,44.82485581287641,326.15433815262617,335.16915883499627,408.0692390256272,528.0708937946812,1.0,30.8,12.109745418311489,3.2443832127507903,12.536824020759614,12.109745418311489,363.2443832127508,363.44618290705444,363.44618290705444,307.0,1.0,5.800000000000001,-2.4340687836633084,-6.172650891387832,6.635232465449509,-2.4340687836633084,153.82734910861217,153.8466055024499,153.8466055024499,57.0,1.0,0.1,-2.4340687836633084,4.38035867397906,5.011210727589469,-2.4340687836633084,4.38035867397906,5.011210727589469,5.011210727589469,0.0,1.0,0.1,0.0,0.0,0.0,0.0,0.0,0.0,0.0,0.0,1.0,39.800000000000004,15.169158834996267,8.069239025627212,17.18185083784778,335.16915883499627,408.0692390256272,528.0708937946812,363.44618290705444,397.0,1.0,27.6,0.6253446330214842,9.205214486855482,9.226431035837358,320.6253446330215,49.20521448685548,324.37904487457456,5.011210727589469,275.0
14_LTAN06_800km_1213COLD_MY_STTLCT_PCDU_HEAT_MY_0p5,7139.0,12.928910558680888,321.66574962777804,321.9254746239178,351.6471497711513,84.47123312156612,361.65053182216184,364.5760603298322,406.13698274934416,545.7682223456791,1.0,24.200000000000003,12.928910558680888,1.665749627778041,13.03577577502823,12.928910558680888,321.66574962777804,321.9254746239178,321.9254746239178,241.0,1.0,3.2,-1.6149036432939088,-7.751284476360581,7.917722198371983,-1.6149036432939088,112.24871552363942,112.26033159796052,112.26033159796052,31.0,1.0,0.1,-1.6149036432939088,4.679540582828224,4.950354920958724,-1.6149036432939088,4.679540582828224,4.950354920958724,4.950354920958724,0.0,1.0,0.1,0.0,0.0,0.0,0.0,0.0,0.0,0.0,0.0,1.0,40.0,4.576060329832217,6.136982749344156,7.6552521452929225,364.5760603298322,406.13698274934416,545.7682223456791,321.9254746239178,399.0,1.0,34.800000000000004,-9.967753872142566,9.15077370439434,13.531177947416404,350.03224612785743,89.15077370439434,361.2069126988091,4.950354920958724,347.0
14_LTAN06_800km_1213COLD_MY_STTLCT_PCDU_HEAT_MY_0p5,7199.5,13.674446023025393,282.1220317242752,282.4532372947238,337.9189013882461,13.125853143282686,338.1737304052138,351.5933474112715,295.2478848675579,459.1178448531812,1.0,18.400000000000002,13.674446023025393,2.122031724275189,13.838117381908036,13.674446023025393,282.1220317242752,282.4532372947238,282.4532372947238,183.0,1.0,1.4000000000000001,-0.8693681789494043,-7.295002379863433,7.34662240439666,-0.8693681789494043,72.70499762013657,72.71019515841388,72.71019515841388,13.0,1.0,0.1,-0.8693681789494043,6.7222591924268045,6.778242374003491,-0.8693681789494043,6.7222591924268045,6.778242374003491,6.778242374003491,0.0,1.0,0.1,0.0,0.0,0.0,0.0,0.0,0.0,0.0,0.0,1.0,35.800000000000004,-8.406652588728491,15.2478848675579,17.411771899547634,351.5933474112715,295.2478848675579,459.1178448531812,282.4532372947238,357.0,0.0,nan,nan,nan,nan,337.0495332092967,19.848112335709516,337.633433474672,6.778242374003491,nan
14_LTAN06_800km_1213COLD_MY_STTLCT_PCDU_HEAT_MY_0p5,7260.0,14.347581346182476,244.59151179035635,245.0119603822992,454.0652598875651,167.26417506521932,483.8931333435208,468.4128412337476,411.85568685557564,623.7272614115484,1.0,13.4,14.347581346182476,4.59151179035635,15.064364274880793,14.347581346182476,244.59151179035635,245.0119603822992,245.0119603822992,133.0,1.0,0.4,-0.19623285579232075,-4.8255223137822725,4.829510630954551,-0.19623285579232075,35.17447768621773,35.17502505801412,35.17502505801412,3.0,1.0,0.1,-0.19623285579232075,8.342406104770305,8.344713712920369,-0.19623285579232075,8.342406104770305,8.344713712920369,8.344713712920369,0.0,1.0,0.1,0.0,0.0,0.0,0.0,0.0,0.0,0.0,0.0,1.0,62.2,-11.5871587662524,11.855686855575641,16.577682560955523,468.4128412337476,411.85568685557564,623.7272614115484,245.0119603822992,621.0,1.0,51.6,13.869027031772816,15.606581169989596,20.87858440181036,453.8690270317728,175.6065811699896,486.6567219806794,8.344713712920369,515.0
14_LTAN06_800km_1213COLD_MY_STTLCT_PCDU_HEAT_MY_0p5,7320.5,14.953386096609137,208.9962735062446,209.53053738119237,504.96411084004126,93.35312689901447,513.5207488878098,519.9174969366504,302.3494004052591,601.439409704994,1.0,9.200000000000001,14.953386096609137,8.996273506244592,17.45097970755286,14.953386096609137,208.9962735062446,209.53053738119237,209.53053738119237,91.0,1.0,0.1,0.40957189463433963,-0.42076059789403075,0.587187038016427,0.40957189463433963,-0.42076059789403075,0.587187038016427,0.587187038016427,0.0,1.0,0.1,0.40957189463433963,9.559790400069062,9.568560060433699,0.40957189463433963,9.559790400069062,9.568560060433699,9.568560060433699,0.0,1.0,0.1,0.0,0.0,0.0,0.0,0.0,0.0,0.0,0.0,1.0,71.8,-0.08250306334957713,22.349400405259075,22.34955268523414,519.9174969366504,302.3494004052591,601.439409704994,209.53053738119237,717.0,1.0,71.0,-14.62631726532436,-17.087082700916454,22.492166457988965,505.37368273467564,102.91291729908355,515.7457006585868,9.568560060433699,709.0
14_LTAN06_800km_1213COLD_MY_STTLCT_PCDU_HEAT_MY_0p5,7381.0,15.494540409179075,175.2729288038911,175.95647289595675,459.68426329155193,271.53614509036555,533.8927795058039,475.178803700731,446.80907389425664,652.2524388614435,1.0,5.800000000000001,15.494540409179075,15.27292880389109,21.756450462803198,15.494540409179075,175.2729288038911,175.95647289595675,175.95647289595675,57.0,1.0,0.5,0.9507262072042781,5.855894699752469,5.93256968401165,0.9507262072042781,-34.14410530024753,34.157338992893706,34.157338992893706,4.0,1.0,0.1,0.9507262072042781,10.422819911038886,10.466090732408814,0.9507262072042781,10.422819911038886,10.466090732408814,10.466090732408814,0.0,1.0,0.1,0.0,0.0,0.0,0.0,0.0,0.0,0.0,0.0,1.0,62.400000000000006,-4.8211962992689905,6.809073894256642,8.343106199344001,475.178803700731,446.80907389425664,652.2524388614435,175.95647289595675,623.0,1.0,52.2,20.634989498756227,1.9589650014044082,20.727767257727184,460.6349894987562,281.9589650014044,540.079115959118,10.466090732408814,521.0
14_LTAN06_800km_1213COLD_MY_STTLCT_PCDU_HEAT_MY_0p5,7441.5,15.975335970249036,143.3409833662417,144.22846068568958,444.3377199975197,150.01172573600195,468.9771074059881,460.3130559677687,293.35270910224364,545.8423961474701,1.0,5.800000000000001,15.975335970249036,-16.659016633758313,23.08103538765471,15.975335970249036,143.3409833662417,144.22846068568958,144.22846068568958,57.0,1.0,1.5,1.431521768274239,13.923949262103065,13.99734323458075,1.431521768274239,-66.07605073789694,66.09155570638487,66.09155570638487,14.0,1.0,0.1,1.431521768274239,10.945823832781258,11.039035915845423,1.431521768274239,10.945823832781258,11.039035915845423,11.039035915845423,0.0,1.0,0.1,0.0,0.0,0.0,0.0,0.0,0.0,0.0,0.0,1.0,52.2,20.31305596776872,13.352709102243637,24.30874499267382,460.3130559677687,293.35270910224364,545.8423961474701,144.22846068568958,521.0,1.0,51.6,5.769241765793936,0.9575495687832074,5.848166527114121,445.76924176579394,160.9575495687832,473.93833952069986,11.039035915845423,515.0
14_LTAN06_800km_1213COLD_MY_STTLCT_PCDU_HEAT_MY_0p5,7502.0,16.40169509495815,113.104043030236,114.287095298522,-278.84021568380103,-250.71215991476123,374.97793669989903,-262.4385205888429,-137.60811688452523,296.3274724377841,1.0,3.2,16.40169509495815,-6.895956969764001,17.792409182480345,16.40169509495815,113.104043030236,114.287095298522,114.287095298522,31.0,1.0,1.5,1.8578808929833528,-16.312991073902623,16.418446917712384,1.8578808929833528,-96.31299107390262,96.33090870024097,96.33090870024097,14.0,1.0,0.1,1.8578808929833528,11.164424064379162,11.317954148246102,1.8578808929833528,11.164424064379162,11.317954148246102,11.317954148246102,0.0,1.0,0.1,0.0,0.0,0.0,0.0,0.0,0.0,0.0,0.0,1.0,20.700000000000003,17.56147941115711,-17.60811688452523,24.86868189767197,-262.4385205888429,-137.60811688452523,296.3274724377841,114.287095298522,206.0,1.0,20.1,3.0176652091823257,0.4522641496179176,3.051367918776598,-276.9823347908177,-239.54773585038208,366.19985190769404,11.317954148246102,200.0
14_LTAN06_800km_1213COLD_MY_STTLCT_PCDU_HEAT_MY_0p5,7562.5,16.777393260505647,84.48225159634765,86.13205999746114,-208.94336804753388,-188.89007700868075,281.66787577463026,-192.16597478702823,-104.4078254123331,218.69786435441247,1.0,1.4000000000000001,16.777393260505647,4.482251596347652,17.365814233447892,16.777393260505647,84.48225159634765,86.13205999746114,86.13205999746114,13.0,1.0,3.3000000000000003,2.23357905853085,-4.93478250779097,5.416729069273014,2.23357905853085,-124.93478250779097,124.95474683132186,124.95474683132186,32.0,1.0,0.1,2.23357905853085,11.119477549332913,11.341589676091543,2.23357905853085,11.119477549332913,11.341589676091543,11.341589676091543,0.0,1.0,0.1,0.0,0.0,0.0,0.0,0.0,0.0,0.0,0.0,1.0,10.700000000000001,7.834025212971767,15.592174587666904,17.44958049380451,-192.16597478702823,-104.4078254123331,218.69786435441247,86.13205999746114,106.0,1.0,8.3,-6.709788989003016,22.229400540652165,23.219980979184562,-206.70978898900302,-177.77059945934784,272.63771363480515,11.341589676091543,82.0
14_LTAN06_800km_1213COLD_MY_STTLCT_PCDU_HEAT_MY_0p5,7623.0,17.10675947725421,57.37993967611144,59.875693708272095,-315.4765893142178,-179.15095895264056,362.7954582116242,-298.36982983696356,-121.77101927652913,322.2619066731025,1.0,0.4,17.10675947725421,17.37993967611144,24.386543891209747,17.10675947725421,57.37993967611144,59.875693708272095,59.875693708272095,3.0,1.0,5.9,2.5629452752794144,7.9629055719728115,8.365198959512721,2.5629452752794144,-152.0370944280272,152.0586951496064,152.0586951496064,58.0,1.0,0.1,2.5629452752794144,10.85563549653483,11.154080442497449,2.5629452752794144,10.85563549653483,11.154080442497449,11.154080442497449,0.0,1.0,0.1,0.0,0.0,0.0,0.0,0.0,0.0,0.0,0.0,1.0,20.700000000000003,-18.36982983696356,-1.771019276529131,18.455003590268806,-298.36982983696356,-121.77101927652913,322.2619066731025,59.875693708272095,206.0,1.0,26.700000000000003,7.086355961061656,-8.295323456105734,10.910033549366018,-312.91364403893834,-168.29532345610573,355.30024559929967,11.154080442497449,266.0
14_LTAN06_800km_1213COLD_MY_STTLCT_PCDU_HEAT_MY_0p5,7683.5,17.394318577975298,31.70395916271176,36.16218114803077,-357.10476368164836,-115.96647034525166,375.4624275323192,-339.71044510367307,-84.2625111825399,350.0047961147437,1.0,0.4,17.394318577975298,-8.296040837288238,19.271393628018984,17.394318577975298,31.70395916271176,36.16218114803077,36.16218114803077,3.0,1.0,5.9,2.850504376000501,-17.713074941426868,17.940969847759135,2.850504376000501,-177.71307494142687,177.7359344092657,177.7359344092657,58.0,1.0,0.1,2.850504376000501,10.428525686910987,10.81108334997748,2.850504376000501,10.428525686910987,10.81108334997748,10.81108334997748,0.0,1.0,0.1,0.0,0.0,0.0,0.0,0.0,0.0,0.0,0.0,1.0,27.1,-19.710445103673067,-4.262511182539896,20.16607665774846,-339.71044510367307,-84.2625111825399,350.0047961147437,36.16218114803077,270.0,1.0,33.9,5.7457406943521505,14.462055341659322,15.561638115312645,-354.25425930564785,-105.53794465834068,369.64082296047894,10.81108334997748,338.0
14_LTAN06_800km_1213COLD_MY_STTLCT_PCDU_HEAT_MY_0p5,7744.0,17.644185881983883,7.380553344455277,19.12563366553771,-333.0031274423285,-179.59341762914366,378.3449200690921,-315.3589415603446,-172.21286428468838,359.31675809402117,1.0,0.1,17.644185881983883,7.380553344455277,19.12563366553771,17.644185881983883,7.380553344455277,19.12563366553771,19.12563366553771,0.0,1.0,9.3,3.1003716800090864,-2.036480759683343,3.709387879254852,3.1003716800090864,-202.03648075968334,202.06026789626927,202.06026789626927,92.0,1.0,0.1,3.1003716800090864,9.8559668967433,10.332104723816059,3.1003716800090864,9.8559668967433,10.332104723816059,10.332104723816059,0.0,1.0,0.1,0.0,0.0,0.0,0.0,0.0,0.0,0.0,0.0,1.0,26.700000000000003,4.64105843965541,-12.21286428468838,13.06497139210468,-315.3589415603446,-172.21286428468838,359.31675809402117,19.12563366553771,266.0,1.0,26.700000000000003,-9.902755762319373,-9.737450732400362,13.888215092447044,-329.9027557623194,-169.73745073240036,371.0075881174219,10.332104723816059,266.0
14_LTAN06_800km_1213COLD_MY_STTLCT_PCDU_HEAT_MY_0p5,7804.5,17.86235105939819,-15.678563678886109,23.76722416274291,-390.6452918963875,-128.19925265382932,411.14327485903766,-372.7829408369893,-143.87781633271544,399.5847181909549,1.0,0.1,17.86235105939819,-15.678563678886109,23.76722416274291,17.86235105939819,-15.678563678886109,23.76722416274291,23.76722416274291,0.0,1.0,13.5,3.3185368574233927,14.904402216975257,15.269377600919249,3.3185368574233927,-225.09559778302474,225.12005869795638,225.12005869795638,134.0,1.0,0.1,3.3185368574233927,9.154086858573491,9.73704231727404,3.3185368574233927,9.154086858573491,9.73704231727404,9.73704231727404,0.0,1.0,0.1,0.0,0.0,0.0,0.0,0.0,0.0,0.0,0.0,1.0,33.7,-12.782940836989326,16.12218366728456,20.574945507670886,-372.7829408369893,-143.87781633271544,399.5847181909549,23.76722416274291,336.0,1.0,41.7,12.673244961035891,0.9548342047441594,12.709163867106719,-387.3267550389641,-119.04516579525584,405.2083003446914,9.73704231727404,416.0
14_LTAN06_800km_1213COLD_MY_STTLCT_PCDU_HEAT_MY_0p5,7865.0,18.052732850357856,-37.54745944511791,41.66188754904372,-373.72734735853646,-141.10164615623827,399.4769138656807,-355.6746145081786,-178.64910560135618,398.0200175088006,1.0,0.5,18.052732850357856,2.4525405548820913,18.218565216276804,18.052732850357856,-37.54745944511791,41.66188754904372,41.66188754904372,4.0,1.0,13.5,3.508918648383059,-6.964493549256531,7.798505015617174,3.508918648383059,-246.96449354925653,246.9894199841802,246.9894199841802,134.0,1.0,0.1,3.508918648383059,8.331013566315207,9.039817316909586,3.508918648383059,8.331013566315207,9.039817316909586,9.039817316909586,0.0,1.0,0.1,0.0,0.0,0.0,0.0,0.0,0.0,0.0,0.0,1.0,33.5,4.325385491821407,21.350894398643817,21.784619603630883,-355.6746145081786,-178.64910560135618,398.0200175088006,41.66188754904372,334.0,1.0,33.9,-10.218428710153376,-12.770632589923082,16.355590544254046,-370.2184287101534,-132.77063258992308,393.3061477207587,9.039817316909586,338.0
14_LTAN06_800km_1213COLD_MY_STTLCT_PCDU_HEAT_MY_0p5,7925.5,18.21806494938462,-58.29006790098223,61.07069597115392,-319.9458484313834,-147.907303136107,352.4796678525926,-301.7277834819988,-206.19737103708923,365.4545267848888,0.0,nan,nan,nan,nan,18.21806494938462,-58.29006790098223,61.07069597115392,61.07069597115392,nan,1.0,18.5,3.674250747409822,12.292897994879127,12.830255635307696,3.674250747409822,-267.7071020051209,267.7323151629908,267.7323151629908,184.0,1.0,0.1,3.674250747409822,7.4232358128803,8.282786275672594,3.674250747409822,7.4232358128803,8.282786275672594,8.282786275672594,0.0,1.0,0.1,0.0,0.0,0.0,0.0,0.0,0.0,0.0,0.0,1.0,20.3,-21.727783481998813,-6.197371037089226,22.594335192963143,-301.7277834819988,-206.19737103708923,365.4545267848888,61.07069597115392,202.0,1.0,26.700000000000003,3.728402316026404,19.515932676773303,19.86888552673499,-316.2715976839736,-140.4840673232267,346.0686300045847,8.282786275672594,266.0
14_LTAN06_800km_1213COLD_MY_STTLCT_PCDU_HEAT_MY_0p5,7986.0,18.36164135456323,-77.99030356571146,80.12263926946885,-372.52129357491276,-124.61631015888322,392.8120911127117,-354.1596522203495,-202.6066137245947,408.01776822313275,1.0,1.5,18.36164135456323,2.009696434288543,18.471295379360882,18.36164135456323,-77.99030356571146,80.12263926946885,80.12263926946885,14.0,1.0,18.5,3.817827152588432,-7.407337669850108,8.333333997999954,3.817827152588432,-287.4073376698501,287.4326939487543,287.4326939487543,184.0,1.0,0.1,3.817827152588432,6.438018477674234,7.48491055964708,3.817827152588432,6.438018477674234,7.48491055964708,7.48491055964708,0.0,1.0,0.1,0.0,0.0,0.0,0.0,0.0,0.0,0.0,0.0,1.0,33.5,5.840347779650472,-2.6066137245946948,6.39563111010271,-354.1596522203495,-202.6066137245947,408.01776822313275,80.12263926946885,334.0,1.0,33.9,-8.703466422324311,1.8217083187909964,8.892072253602029,-368.7034664223243,-118.178291681209,387.1800030690208,7.48491055964708,338.0
14_LTAN06_800km_1213COLD_MY_STTLCT_PCDU_HEAT_MY_0p5,8046.5,18.48587295315636,-96.70676336275228,98.45773498785967,-427.3423221712452,-123.57961264082616,444.852088878055,-408.85644921808887,-220.28637600357843,464.42403417568045,1.0,1.5,18.48587295315636,-16.706763362752284,24.91673014059509,18.48587295315636,-96.70676336275228,98.45773498785967,98.45773498785967,14.0,1.0,24.3,3.9420587511815626,13.876202533109108,14.425284189146181,3.9420587511815626,-306.1237974668909,306.14917802069596,306.14917802069596,242.0,1.0,0.1,3.9420587511815626,5.397310400817005,6.683620782220858,3.9420587511815626,5.397310400817005,6.683620782220858,6.683620782220858,0.0,1.0,0.1,0.0,0.0,0.0,0.0,0.0,0.0,0.0,0.0,1.0,41.1,-8.85644921808887,19.713623996421575,21.611655740013894,-408.85644921808887,-220.28637600357843,464.42403417568045,98.45773498785967,410.0,1.0,41.7,-23.400263420063652,1.817697759990864,23.470755277047324,-423.40026342006365,-118.18230224000914,439.58484917809454,6.683620782220858,416.0
14_LTAN06_800km_1213COLD_MY_STTLCT_PCDU_HEAT_MY_0p5,8107.0,18.594059256571043,-114.50297094423702,116.00288528607236,-382.55854338017076,-163.10195927019498,415.8765300313716,-363.96448412359973,-277.604930214432,457.74954176134105,1.0,3.3000000000000003,18.594059256571043,5.4970290557629795,19.38959432470875,18.594059256571043,-114.50297094423702,116.00288528607236,116.00288528607236,32.0,1.0,24.3,4.050245054596246,-3.9200050483756286,5.63657028533946,4.050245054596246,-323.92000504837563,323.9453258738918,323.9453258738918,242.0,1.0,0.1,4.050245054596246,4.325994808105932,5.926104629690639,4.050245054596246,4.325994808105932,5.926104629690639,5.926104629690639,0.0,1.0,0.1,0.0,0.0,0.0,0.0,0.0,0.0,0.0,0.0,1.0,33.1,-3.964484123599732,2.395069785568012,4.631791623552935,-363.96448412359973,-277.604930214432,457.74954176134105,116.00288528607236,330.0,1.0,33.7,-18.508298325574515,1.2240355379109644,18.548729603574834,-378.5082983255745,-158.77596446208904,410.46112945343395,5.926104629690639,336.0
14_LTAN06_800km_1213COLD_MY_STTLCT_PCDU_HEAT_MY_0p5,8167.5,17.49616399366161,-88.11464954405834,89.83488865004131,-322.6467731136523,-18.915858223129103,323.2007888186075,-305.1506091199907,-107.03050776718744,323.37659754410697,1.0,1.5,17.49616399366161,-8.114649544058338,19.286349880575827,17.49616399366161,-88.11464954405834,89.83488865004131,89.83488865004131,14.0,1.0,18.5,2.9523497916868138,-17.531683648196974,17.778534833695673,2.9523497916868138,-297.531683648197,297.54633108782105,297.54633108782105,184.0,1.0,0.1,2.9523497916868138,3.297264704841538,4.425869838378319,2.9523497916868138,3.297264704841538,4.425869838378319,4.425869838378319,0.0,1.0,0.1,0.0,0.0,0.0,0.0,0.0,0.0,0.0,0.0,1.0,26.900000000000002,14.84939088000931,12.969492232812556,19.71578398857851,-305.1506091199907,-107.03050776718744,323.37659754410697,89.83488865004131,268.0,1.0,27.3,0.3055766780345266,24.381406481712432,24.383321331037894,-319.6944233219655,-15.618593518287568,320.07571723992675,4.425869838378319,272.0
14_LTAN06_800km_1213COLD_MY_STTLCT_PCDU_HEAT_MY_0p5,8228.0,16.466368412907705,-62.78377939436048,64.90719716448498,-414.00275443443047,-66.79306831983268,419.3561668258536,-397.5363860215228,-129.57684771419315,418.1211997430893,1.0,1.5,16.466368412907705,17.21622060563952,23.823088394489314,16.466368412907705,-62.78377939436048,64.90719716448498,64.90719716448498,14.0,1.0,18.5,1.9225542109329083,7.7991865015009125,8.032653657364415,1.9225542109329083,-272.2008134984991,272.2076029135458,272.2076029135458,184.0,1.0,0.1,1.9225542109329083,0.15358020922759152,1.9286787121348772,1.9225542109329083,0.15358020922759152,1.9286787121348772,1.9286787121348772,0.0,1.0,0.1,0.0,0.0,0.0,0.0,0.0,0.0,0.0,0.0,1.0,41.7,2.4636139784772126,-9.57684771419315,9.88865036169218,-397.5363860215228,-129.57684771419315,418.1211997430893,64.90719716448498,416.0,1.0,41.900000000000006,-12.08020022349757,13.360511889394928,18.01206582784035,-412.08020022349757,-66.63948811060507,417.43372263376295,1.9286787121348772,418.0
14_LTAN06_800km_1213COLD_MY_STTLCT_PCDU_HEAT_MY_0p5,8288.5,15.506389941163432,-38.58139657448277,41.58091257590344,-365.21657579599963,-229.56564020158683,431.37400292242876,-349.7101858548362,-268.1470367760696,440.68134453640187,1.0,0.5,15.506389941163432,1.418603425517233,15.57114525930266,15.506389941163432,-38.58139657448277,41.58091257590344,41.58091257590344,4.0,1.0,13.5,0.9625757391886349,-7.998430678621389,8.056143331296083,0.9625757391886349,-247.9984306786214,248.00029873190203,248.00029873190203,134.0,1.0,0.1,0.9625757391886349,-2.598832959154379,2.7713687598841212,0.9625757391886349,-2.598832959154379,2.7713687598841212,2.7713687598841212,0.0,1.0,0.1,0.0,0.0,0.0,0.0,0.0,0.0,0.0,0.0,1.0,33.1,10.289814145163803,11.852963223930374,15.696273835845851,-349.7101858548362,-268.1470367760696,440.68134453640187,41.58091257590344,330.0,1.0,33.300000000000004,-4.25400005681098,7.835526839258762,8.915828471437313,-364.254000056811,-232.16447316074124,431.95059804958225,2.7713687598841212,332.0
14_LTAN06_800km_1213COLD_MY_STTLCT_PCDU_HEAT_MY_0p5,8349.0,14.616336046638668,-15.541538472015834,21.334870459072796,-286.50883592125905,-137.09981633399084,317.62190210967657,-271.8924998746204,-152.6413548060067,311.8090997470787,1.0,0.1,14.616336046638668,-15.541538472015834,21.334870459072796,14.616336046638668,-15.541538472015834,21.334870459072796,21.334870459072796,0.0,1.0,9.3,0.07252184466387135,-24.958572576154467,24.95867793888777,0.07252184466387135,-224.95857257615447,224.95858426590195,224.95858426590195,92.0,1.0,0.1,0.07252184466387135,-4.986394184776966,4.9869215337651935,0.07252184466387135,-4.986394184776966,4.9869215337651935,4.9869215337651935,0.0,1.0,0.1,0.0,0.0,0.0,0.0,0.0,0.0,0.0,0.0,1.0,20.5,8.107500125379602,7.358645193993311,10.94902814747095,-271.8924998746204,-152.6413548060067,311.8090997470787,21.334870459072796,204.0,1.0,20.5,-6.436314076595181,17.913789481232186,19.034967624623956,-286.4363140765952,-142.0862105187678,319.7409158074229,4.9869215337651935,204.0
14_LTAN06_800km_1213COLD_MY_STTLCT_PCDU_HEAT_MY_0p5,8409.5,13.795202938129863,6.333950452423484,15.17980739133216,-323.0130778776073,-137.18666436126978,350.9382130212338,-309.21787493947744,-130.85271390884628,335.76498763182065,1.0,0.1,13.795202938129863,6.333950452423484,15.17980739133216,13.795202938129863,6.333950452423484,15.17980739133216,15.17980739133216,0.0,1.0,9.3,-0.7486112638449338,-3.0830836517151283,3.1726682189962125,-0.7486112638449338,-203.08308365171513,203.0844634242459,203.0844634242459,92.0,1.0,0.1,-0.7486112638449338,-7.016858803573251,7.056679551576573,-0.7486112638449338,-7.016858803573251,7.056679551576573,7.056679551576573,0.0,1.0,0.1,0.0,0.0,0.0,0.0,0.0,0.0,0.0,0.0,1.0,26.900000000000002,10.78212506052256,-10.852713908846283,15.298222772858754,-309.21787493947744,-130.85271390884628,335.76498763182065,15.17980739133216,268.0,1.0,26.700000000000003,-3.761689141452223,15.796476835156994,16.23819526919698,-323.7616891414522,-144.203523164843,354.4238810363655,7.056679551576573,266.0
14_LTAN06_800km_1213COLD_MY_STTLCT_PCDU_HEAT_MY_0p5,8470.0,13.0411006262239,27.05225998957913,30.0315679924822,-303.20951767062,-55.104059651917574,308.1760357266154,-290.1684170443961,-28.051799662338443,291.5212062858319,1.0,0.4,13.0411006262239,-12.947740010420869,18.37700402461595,13.0411006262239,27.05225998957913,30.0315679924822,30.0315679924822,3.0,1.0,5.9,-1.5027135757508976,-22.36477411455948,22.415201745378422,-1.5027135757508976,-182.36477411455948,182.3709653040885,182.3709653040885,58.0,1.0,0.1,-1.5027135757508976,-8.70424908651525,8.833011958038302,-1.5027135757508976,-8.70424908651525,8.833011958038302,8.833011958038302,0.0,1.0,0.1,0.0,0.0,0.0,0.0,0.0,0.0,0.0,0.0,1.0,21.1,-10.168417044396108,11.948200337661557,15.689365713682024,-290.1684170443961,-28.051799662338443,291.5212062858319,30.0315679924822,210.0,1.0,27.1,15.28776875362911,16.191691261567172,22.268514530034313,-304.7122312463709,-63.80830873843283,311.32144824152573,8.833011958038302,270.0
14_LTAN06_800km_1213COLD_MY_STTLCT_PCDU_HEAT_MY_0p5,8530.5,12.351074142760076,46.6353180075353,48.24315410650409,-182.84419367342656,-121.70159539115645,219.64352364874836,-170.4931195306665,-75.06627738362116,186.28700922912708,1.0,0.4,12.351074142760076,6.635318007535297,14.020573367058807,12.351074142760076,46.6353180075353,48.24315410650409,48.24315410650409,3.0,1.0,5.9,-2.192740059214721,-2.7817160966033327,3.5420408537151373,-2.192740059214721,-162.78171609660333,162.79648400479186,162.79648400479186,58.0,1.0,0.1,-2.192740059214721,-10.080963622032911,10.316682437491032,-2.192740059214721,-10.080963622032911,10.316682437491032,10.316682437491032,0.0,1.0,0.1,0.0,0.0,0.0,0.0,0.0,0.0,0.0,0.0,1.0,7.1000000000000005,-10.49311953066649,4.933722616378844,11.595135891408201,-170.4931195306665,-75.06627738362116,186.28700922912708,48.24315410650409,70.0,1.0,10.700000000000001,14.963066267358727,-11.78255901318937,19.045263164909503,-185.03693373264127,-131.78255901318937,227.16802086834895,10.316682437491032,106.0
14_LTAN06_800km_1213COLD_MY_STTLCT_PCDU_HEAT_MY_0p5,8591.0,11.721503138056647,65.11820466306443,66.16475054253752,-123.32932273956989,-225.22202257950718,256.77827264432835,-111.60781960151324,-160.10381791644275,195.16541165797122,1.0,1.4000000000000001,11.721503138056647,-14.881795336935568,18.943639256117315,11.721503138056647,65.11820466306443,66.16475054253752,66.16475054253752,13.0,1.0,3.3000000000000003,-2.82231106391815,-24.29882944107419,24.46218616452603,-2.82231106391815,-144.2988294410742,144.3264273021602,144.3264273021602,32.0,1.0,0.1,-2.82231106391815,-11.164951665600697,11.51614455608797,-2.82231106391815,-11.164951665600697,11.51614455608797,11.51614455608797,0.0,1.0,0.1,0.0,0.0,0.0,0.0,0.0,0.0,0.0,0.0,1.0,5.300000000000001,8.392180398486758,-0.1038179164427504,8.392822528834973,-111.60781960151324,-160.10381791644275,195.16541165797122,66.16475054253752,52.0,1.0,12.9,-6.151633803488039,3.613025754892135,7.1341820524661825,-126.15163380348804,-236.38697424510787,267.94222568316223,11.51614455608797,128.0
14_LTAN06_800km_1213COLD_MY_STTLCT_PCDU_HEAT_MY_0p5,8651.5,11.149679716158214,82.53498324128279,83.2846853653884,-262.50475462966887,-216.9857014382894,340.5753086056726,-251.35507491351066,-134.4507181970066,285.0550285619733,1.0,1.4000000000000001,11.149679716158214,2.534983241282788,11.434224845020957,11.149679716158214,82.53498324128279,83.2846853653884,83.2846853653884,13.0,1.0,3.3000000000000003,-3.3941344858165827,-6.882050862855834,7.673511125081148,-3.3941344858165827,-126.88205086285583,126.92743982320034,126.92743982320034,32.0,1.0,0.1,-3.3941344858165827,-11.985382210437763,12.456706452272503,-3.3941344858165827,-11.985382210437763,12.456706452272503,12.456706452272503,0.0,1.0,0.1,0.0,0.0,0.0,0.0,0.0,0.0,0.0,0.0,1.0,15.3,-11.355074913510663,-14.450718197006609,18.37827474766707,-251.35507491351066,-134.4507181970066,285.0550285619733,83.2846853653884,152.0,1.0,20.1,14.101110884514526,11.02891635127284,17.901908391586286,-265.8988891154855,-228.97108364872716,350.8988121668719,12.456706452272503,200.0
14_LTAN06_800km_1213COLD_MY_STTLCT_PCDU_HEAT_MY_0p5,8712.0,10.632147345125077,98.92782632490533,99.49752448447691,-270.12415012188586,-195.6879751128008,333.5578511785014,-259.4920027767608,-96.76014878789549,276.9451676750293,1.0,1.4000000000000001,10.632147345125077,18.927826324905325,21.70956394205626,10.632147345125077,98.92782632490533,99.49752448447691,99.49752448447691,13.0,1.0,3.3000000000000003,-3.9116668568497204,9.510792220766703,10.283788517155193,-3.9116668568497204,-110.4892077792333,110.55842877538359,110.55842877538359,32.0,1.0,0.1,-3.9116668568497204,-12.570524826854012,13.1650762254356,-3.9116668568497204,-12.570524826854012,13.1650762254356,13.1650762254356,0.0,1.0,0.1,0.0,0.0,0.0,0.0,0.0,0.0,0.0,0.0,0.0,nan,nan,nan,nan,-259.4920027767608,-96.76014878789549,276.9451676750293,99.49752448447691,nan,1.0,20.3,5.964183021264432,-8.258499939654826,10.186967181866136,-274.03581697873557,-208.25849993965483,344.19069101926374,13.1650762254356,202.0
14_LTAN06_800km_1213COLD_MY_STTLCT_PCDU_HEAT_MY_0p5,8772.5,10.165466855844546,114.34234506996502,114.79332991291884,-190.2438040549758,-172.66093559589362,256.9134166643645,-180.07833719913125,-58.3185905259286,189.28620004991106,1.0,3.2,10.165466855844546,-5.65765493003498,11.633820340052665,10.165466855844546,114.34234506996502,114.79332991291884,114.79332991291884,31.0,1.0,1.5,-4.378347346130251,-15.074689034173602,15.697648708019926,-4.378347346130251,-95.0746890341736,95.17545072353572,95.17545072353572,14.0,1.0,0.1,-4.378347346130251,-12.943755649311129,13.664213690968081,-4.378347346130251,-12.943755649311129,13.664213690968081,13.664213690968081,0.0,1.0,0.1,0.0,0.0,0.0,0.0,0.0,0.0,0.0,0.0,0.0,nan,nan,nan,nan,-180.07833719913125,-58.3185905259286,189.28620004991106,114.79332991291884,nan,1.0,8.3,5.377848598893934,14.395308754795252,15.367048177789718,-194.62215140110607,-185.60469124520475,268.9365784496836,13.664213690968081,82.0
14_LTAN06_800km_1213COLD_MY_STTLCT_PCDU_HEAT_MY_0p5,8833.0,9.747907384576951,128.84284439180664,129.21106860230506,-120.21847201290154,-165.0186839448063,204.16573430424768,-110.4705646283246,-36.17583955299966,116.24300846358553,1.0,3.2,9.747907384576951,8.842844391806636,13.161215571367105,9.747907384576951,128.84284439180664,129.21106860230506,129.21106860230506,31.0,1.0,1.5,-4.795906817397846,-0.5741897123319859,4.830156936054047,-4.795906817397846,-80.57418971233199,80.71679360579202,80.71679360579202,14.0,1.0,0.1,-4.795906817397846,-13.12793148008896,13.976527005915091,-4.795906817397846,-13.12793148008896,13.976527005915091,13.976527005915091,0.0,1.0,0.1,0.0,0.0,0.0,0.0,0.0,0.0,0.0,0.0,1.0,4.3,9.529435371675405,3.824160447000338,10.268122595067718,-110.4705646283246,-36.17583955299966,116.24300846358553,129.21106860230506,42.0,1.0,5.300000000000001,-5.014378830299393,-18.14661542489526,18.826673801625216,-125.01437883029939,-178.14661542489526,217.63458250395578,13.976527005915091,52.0
14_LTAN06_800km_1213COLD_MY_STTLCT_PCDU_HEAT_MY_0p5,8893.5,9.376241166247029,142.47168127430157,142.7798790570079,-75.51423027830216,-155.9697365400916,173.28865424750123,-66.13798911205514,-13.498055265790015,67.5013414662601,1.0,3.2,9.376241166247029,22.471681274301574,24.349339984924054,9.376241166247029,142.47168127430157,142.7798790570079,142.7798790570079,31.0,1.0,1.5,-5.167573035727768,13.054647170162951,14.040214521759426,-5.167573035727768,-66.94535282983705,67.14450146207768,67.14450146207768,14.0,1.0,0.1,-5.167573035727768,-13.14835435053999,14.127385929709169,-5.167573035727768,-13.14835435053999,14.127385929709169,14.127385929709169,0.0,1.0,0.1,0.0,0.0,0.0,0.0,0.0,0.0,0.0,0.0,1.0,2.3000000000000003,13.862010887944862,-13.498055265790015,19.348199963196148,-66.13798911205514,-13.498055265790015,67.5013414662601,142.7798790570079,22.0,1.0,5.5,-0.6818033140299349,-9.118090890631578,9.143546207508374,-80.68180331402993,-169.11809089063158,187.37791239229807,14.127385929709169,54.0
14_LTAN06_800km_1213COLD_MY_STTLCT_PCDU_HEAT_MY_0p5,8954.0,9.050514857508231,155.27586840484412,155.53940699406195,-117.14377672331663,-31.652196735770033,121.34465782720783,-108.0932618658084,123.62367166907408,164.2162155748733,1.0,5.800000000000001,9.050514857508231,-4.724131595155882,10.209272183379543,9.050514857508231,155.27586840484412,155.53940699406195,155.53940699406195,57.0,1.0,0.5,-5.493299344466566,-14.141165699294504,15.170659347003355,-5.493299344466566,-54.141165699294504,54.419134143850364,54.419134143850364,4.0,1.0,0.1,-5.493299344466566,-13.036263453573895,14.146395389600249,-5.493299344466566,-13.036263453573895,14.146395389600249,14.146395389600249,0.0,1.0,0.1,0.0,0.0,0.0,0.0,0.0,0.0,0.0,0.0,1.0,2.6,11.906738134191599,3.623671669074085,12.445939472834608,-108.0932618658084,123.62367166907408,164.2162155748733,155.53940699406195,25.0,1.0,4.3,-2.637076067783198,-4.688460189343928,5.3792033921704245,-122.6370760677832,-44.68846018934393,130.52551819682546,14.146395389600249,42.0
14_LTAN06_800km_1213COLD_MY_STTLCT_PCDU_HEAT_MY_0p5,9014.5,8.775866582424268,167.30985904627423,167.53986023736758,-108.6371953578177,-83.45300249894032,136.9906706359991,-99.86132877539343,83.8568565473339,130.4003733690489,1.0,5.800000000000001,8.775866582424268,7.309859046274227,11.421465472911441,8.775866582424268,167.30985904627423,167.53986023736758,167.53986023736758,57.0,1.0,0.5,-5.7679476195505295,-2.1071750578643957,6.140798520254873,-5.7679476195505295,-42.107175057864396,42.50039306989426,42.50039306989426,4.0,1.0,0.1,-5.7679476195505295,-12.813052965022251,14.051460636757453,-5.7679476195505295,-12.813052965022251,14.051460636757453,14.051460636757453,0.0,1.0,0.1,0.0,0.0,0.0,0.0,0.0,0.0,0.0,0.0,1.0,1.0,-19.86132877539343,3.856856547333905,20.232343491325555,-99.86132877539343,83.8568565473339,130.4003733690489,167.53986023736758,9.0,1.0,2.7,5.594857022631771,23.733944536037427,24.384473509661692,-114.40514297736823,-96.26605546396257,149.51819345572224,14.051460636757453,26.0
14_LTAN06_800km_1213COLD_MY_STTLCT_PCDU_HEAT_MY_0p5,9075.0,8.549500479849085,178.6127014422968,178.81720016533643,-86.3714000170313,-68.81924712922115,110.43598832054182,-77.82189953718222,109.79345431307566,134.57656058011258,1.0,5.800000000000001,8.549500479849085,18.61270144229681,20.48234882612386,8.549500479849085,178.6127014422968,178.81720016533643,178.81720016533643,57.0,1.0,0.5,-5.994313722125712,9.195667338158188,10.976889121847497,-5.994313722125712,-30.804332661841812,31.38213994839547,31.38213994839547,4.0,1.0,0.1,-5.994313722125712,-12.504418242360316,13.866948928266018,-5.994313722125712,-12.504418242360316,13.866948928266018,13.866948928266018,0.0,1.0,0.1,0.0,0.0,0.0,0.0,0.0,0.0,0.0,0.0,1.0,2.8000000000000003,2.178100462817781,-10.206545686924343,10.436364141088646,-77.82189953718222,109.79345431307566,134.57656058011258,178.81720016533643,27.0,1.0,1.1,-12.365713739157016,-1.3236653715814697,12.436356632659763,-92.36571373915702,-81.32366537158147,123.0648756713826,13.866948928266018,10.0
14_LTAN06_800km_1213COLD_MY_STTLCT_PCDU_HEAT_MY_0p5,9135.5,8.383144448430661,189.2236684793798,189.40927597041673,13.130510114703258,-43.81006150184408,45.73545435072976,21.51365456313392,145.41360697753572,146.99644358581972,1.0,9.200000000000001,8.383144448430661,-10.776331520620204,13.65307408188963,8.383144448430661,189.2236684793798,189.40927597041673,189.40927597041673,91.0,1.0,0.1,-6.160669753544136,-20.193365624758826,21.112220799040184,-6.160669753544136,-20.193365624758826,21.112220799040184,21.112220799040184,0.0,1.0,0.1,-6.160669753544136,-12.113237365173973,13.589862813041213,-6.160669753544136,-12.113237365173973,13.589862813041213,13.589862813041213,0.0,1.0,0.1,0.0,0.0,0.0,0.0,0.0,0.0,0.0,0.0,1.0,6.0,-18.48634543686608,-14.586393022464279,23.547989914575172,21.51365456313392,145.41360697753572,146.99644358581972,189.40927597041673,59.0,1.0,0.5,6.969840361159122,-15.923298867018048,17.381890618353946,6.969840361159122,-55.92329886701805,56.35595825491627,13.589862813041213,4.0
14_LTAN06_800km_1213COLD_MY_STTLCT_PCDU_HEAT_MY_0p5,9196.0,8.287910668069625,199.1800412503098,199.35239726603996,-44.371804522778156,-98.34103868298486,107.88798323194275,-36.083893854708535,100.83900256732495,107.10066215710732,1.0,9.200000000000001,8.287910668069625,-0.819958749690187,8.328372925913907,8.287910668069625,199.1800412503098,199.35239726603996,199.35239726603996,91.0,1.0,0.1,-6.2559035339051725,-10.23699285382881,11.997180990335577,-6.2559035339051725,-10.23699285382881,11.997180990335577,11.997180990335577,0.0,1.0,0.1,-6.2559035339051725,-11.643520654259447,13.217711687417516,-6.2559035339051725,-11.643520654259447,13.217711687417516,13.217711687417516,0.0,1.0,0.1,0.0,0.0,0.0,0.0,0.0,0.0,0.0,0.0,1.0,1.2000000000000002,3.916106145291465,20.839002567324954,21.203771252825888,-36.083893854708535,100.83900256732495,107.10066215710732,199.35239726603996,11.0,1.0,3.1,-10.627708056683332,10.015440662755694,14.603329421993877,-50.62770805668333,-109.9845593372443,121.0775293590044,13.217711687417516,30.0
14_LTAN06_800km_1213COLD_MY_STTLCT_PCDU_HEAT_MY_0p5,9256.5,8.259964189478342,208.51533099594016,208.67886876432397,23.459141921583885,-28.558105349170937,36.95804000256724,31.719106111062228,179.95722564676922,182.73123639642742,1.0,9.200000000000001,8.259964189478342,8.515330995940161,11.863299304235895,8.259964189478342,208.51533099594016,208.67886876432397,208.67886876432397,91.0,1.0,0.1,-6.283850012496455,-0.9017031081984612,6.348215455928261,-6.283850012496455,-0.9017031081984612,6.348215455928261,6.348215455928261,0.0,1.0,0.1,-6.283850012496455,-11.121011850564031,12.773553756098469,-6.283850012496455,-11.121011850564031,12.773553756098469,12.773553756098469,0.0,1.0,0.1,0.0,0.0,0.0,0.0,0.0,0.0,0.0,0.0,1.0,6.0,-8.280893888937772,19.957225646769217,21.607037259094778,31.719106111062228,179.95722564676922,182.73123639642742,208.67886876432397,59.0,1.0,0.5,17.17529190908743,0.320882800265025,17.178289144553077,17.17529190908743,-39.679117199734975,43.23682451236062,12.773553756098469,4.0
14_LTAN06_800km_1213COLD_MY_STTLCT_PCDU_HEAT_MY_0p5,9317.0,8.306506347907973,217.2471346169241,217.40587744348534,68.95813080027446,-16.10154137388525,70.81301743382144,77.26463714818243,201.14559324303883,215.47476380015902,1.0,9.200000000000001,8.306506347907973,17.247134616924086,19.143189394720427,8.306506347907973,217.2471346169241,217.40587744348534,217.40587744348534,91.0,1.0,0.1,-6.237307854066824,7.830100512785464,10.01071842110879,-6.237307854066824,7.830100512785464,10.01071842110879,10.01071842110879,0.0,1.0,0.1,-6.237307854066824,-10.574562336929745,12.277026426786609,-6.237307854066824,-10.574562336929745,12.277026426786609,12.277026426786609,0.0,1.0,0.1,0.0,0.0,0.0,0.0,0.0,0.0,0.0,0.0,1.0,9.600000000000001,-2.7353628518175697,1.1455932430388316,2.965568041640551,77.26463714818243,201.14559324303883,215.47476380015902,217.40587744348534,95.0,1.0,2.0,-17.279177053792367,13.323896289185,21.819628135723637,62.72082294620763,-26.676103710815,68.15802330056003,12.277026426786609,19.0
14_LTAN06_800km_1213COLD_MY_STTLCT_PCDU_HEAT_MY_0p5,9377.5,8.428013664442073,225.40135997780536,225.5588714596972,169.13852718255342,-26.656433267378244,171.22618611655622,177.56654084699548,198.7449267104271,266.51345617341866,1.0,13.4,8.428013664442073,-14.598640022194644,16.856799958047954,8.428013664442073,225.40135997780536,225.5588714596972,225.5588714596972,133.0,1.0,0.1,-6.115800537532724,15.984325873666734,17.11437085757047,-6.115800537532724,15.984325873666734,17.11437085757047,17.11437085757047,0.0,1.0,0.1,-6.115800537532724,-10.010512503834974,11.730872806586982,-6.115800537532724,-10.010512503834974,11.730872806586982,11.730872806586982,0.0,1.0,0.1,0.0,0.0,0.0,0.0,0.0,0.0,0.0,0.0,1.0,10.0,17.56654084699548,-1.2550732895728913,17.61131926606749,177.56654084699548,198.7449267104271,266.51345617341866,225.5588714596972,99.0,1.0,7.2,3.0227266450206685,3.3330542287867786,4.499569630814856,163.02272664502067,-36.66694577121322,167.0954048289965,11.730872806586982,71.0
14_LTAN06_800km_1213COLD_MY_STTLCT_PCDU_HEAT_MY_0p5,9438.0,8.6207935337339,233.00824050098103,233.16766118506717,165.42246812888519,-125.75168672239995,207.79335811180457,174.04326166261907,107.25655377858108,204.4383165128801,1.0,13.4,8.6207935337339,-6.991759499018968,11.099674862057457,8.6207935337339,233.00824050098103,233.16766118506717,233.16766118506717,133.0,1.0,0.1,-5.923020668240897,23.59120639684241,24.32338777997068,-5.923020668240897,23.59120639684241,24.32338777997068,24.32338777997068,0.0,1.0,0.1,-5.923020668240897,-9.438339498656404,11.14290923988464,-5.923020668240897,-9.438339498656404,11.14290923988464,11.14290923988464,0.0,1.0,0.1,0.0,0.0,0.0,0.0,0.0,0.0,0.0,0.0,1.0,8.0,14.043261662619074,-12.743446221418921,18.96334938039646,174.04326166261907,107.25655377858108,204.4383165128801,233.16766118506717,79.0,1.0,6.7,-0.5005525393557377,24.80997377894363,24.815022703123322,159.49944746064426,-135.19002622105637,209.08471232947838,11.14290923988464,66.0
14_LTAN06_800km_1213COLD_MY_STTLCT_PCDU_HEAT_MY_0p5,9498.5,8.877319681602687,240.07647641952812,240.24054889786115,267.38722445873503,-41.63279659606717,270.60897537989285,276.2645441403377,198.44367982346094,340.1499557708995,1.0,13.4,8.877319681602687,0.07647641952812023,8.877649090390669,8.877319681602687,240.07647641952812,240.24054889786115,240.24054889786115,133.0,1.0,0.4,-5.66649452037211,-9.340557684610502,10.924979542724254,-5.66649452037211,30.659442315389498,31.17868764460915,31.17868764460915,3.0,1.0,0.1,-5.66649452037211,-8.856775535792025,10.514353667287935,-5.66649452037211,-8.856775535792025,10.514353667287935,10.514353667287935,0.0,1.0,0.1,0.0,0.0,0.0,0.0,0.0,0.0,0.0,0.0,1.0,22.200000000000003,-3.735455859662295,-1.5563201765390602,4.046697786021085,276.2645441403377,198.44367982346094,340.1499557708995,240.24054889786115,221.0,1.0,15.600000000000001,21.720729938362922,-10.489572131859205,24.120970804774267,261.7207299383629,-50.489572131859205,266.54631374965163,10.514353667287935,155.0
14_LTAN06_800km_1213COLD_MY_STTLCT_PCDU_HEAT_MY_0p5,9559.0,9.194286988472506,246.6331452090012,246.8044635514331,200.88757431978684,44.320053222892085,205.7184596329845,210.08186130825933,290.95319843189327,358.870662117275,1.0,13.4,9.194286988472506,6.6331452090012135,11.33726283500963,9.194286988472506,246.6331452090012,246.8044635514331,246.8044635514331,133.0,1.0,0.4,-5.3495272135022915,-2.783888895137409,6.030545480175983,-5.3495272135022915,37.21611110486259,37.598621878700264,37.598621878700264,3.0,1.0,0.1,-5.3495272135022915,-8.270054908829906,9.849428897304819,-5.3495272135022915,-8.270054908829906,9.849428897304819,9.849428897304819,0.0,1.0,0.1,0.0,0.0,0.0,0.0,0.0,0.0,0.0,0.0,1.0,19.400000000000002,10.081861308259334,10.95319843189327,14.88678888570016,210.08186130825933,290.95319843189327,358.870662117275,246.8044635514331,193.0,1.0,11.4,-4.461952893715477,-3.950001685937849,5.959155724148159,195.53804710628452,36.04999831406215,198.83342335880917,9.849428897304819,113.0
14_LTAN06_800km_1213COLD_MY_STTLCT_PCDU_HEAT_MY_0p5,9619.5,9.56721528774994,252.7046040253107,252.88564313529392,257.2387626545705,-41.64172116300042,260.5874401299332,266.80597794232045,211.06288286231026,340.1954884884679,1.0,13.4,9.56721528774994,12.704604025310687,15.90404262450578,9.56721528774994,252.7046040253107,252.88564313529392,252.88564313529392,133.0,1.0,0.4,-4.976598914224857,3.2875699211720644,5.9644490726017025,-4.976598914224857,43.287569921172064,43.57270070162537,43.57270070162537,3.0,1.0,0.1,-4.976598914224857,-7.679844148490872,9.151313725262264,-4.976598914224857,-7.679844148490872,9.151313725262264,9.151313725262264,0.0,1.0,0.1,0.0,0.0,0.0,0.0,0.0,0.0,0.0,0.0,1.0,22.200000000000003,-13.194022057679547,11.06288286231026,17.218292461325323,266.80597794232045,211.06288286231026,340.1954884884679,252.88564313529392,221.0,1.0,15.600000000000001,12.26216374034567,-9.321565311491298,15.402994496247993,252.26216374034567,-49.3215653114913,257.038549754189,9.151313725262264,155.0
14_LTAN06_800km_1213COLD_MY_STTLCT_PCDU_HEAT_MY_0p5,9680.0,9.985862811335952,258.3140977336876,258.5070415753813,257.63370939380275,27.897804148886674,259.1397609251426,267.6195722051387,286.2119018825743,391.83859968933865,1.0,13.4,9.985862811335952,18.314097733687618,20.859617251663185,9.985862811335952,258.3140977336876,258.5070415753813,258.5070415753813,133.0,1.0,0.4,-4.557951390638845,8.897063629548995,9.996632538393623,-4.557951390638845,48.897063629548995,49.10903941711332,49.10903941711332,3.0,1.0,0.1,-4.557951390638845,-7.093186512578086,8.431382791787255,-4.557951390638845,-7.093186512578086,8.431382791787255,8.431382791787255,0.0,1.0,0.1,0.0,0.0,0.0,0.0,0.0,0.0,0.0,0.0,1.0,19.8,-12.380427794861305,6.2119018825742955,13.851451814972481,267.6195722051387,286.2119018825743,391.83859968933865,258.5070415753813,197.0,1.0,15.8,13.075758003163912,20.804617636308592,24.572496054538448,253.0757580031639,20.804617636308592,253.92946147280546,8.431382791787255,157.0
14_LTAN06_800km_1213COLD_MY_STTLCT_PCDU_HEAT_MY_0p5,9740.5,10.447608375224243,263.4859680512229,263.6930182630024,322.29671428646634,60.32740691704292,327.89414155362186,332.7443226616906,323.81337496826586,464.299349635476,1.0,18.400000000000002,10.447608375224243,-16.514031948777074,19.541386132188414,10.447608375224243,263.4859680512229,263.6930182630024,263.6930182630024,183.0,1.0,0.4,-4.096205826750554,14.068933947084304,14.653115866003597,-4.096205826750554,54.068933947084304,54.22387408097351,54.22387408097351,3.0,1.0,0.1,-4.096205826750554,-6.518160660847684,7.698397273181445,-4.096205826750554,-6.518160660847684,7.698397273181445,7.698397273181445,0.0,1.0,0.1,0.0,0.0,0.0,0.0,0.0,0.0,0.0,0.0,1.0,25.8,12.744322661690603,3.8133749682658618,13.30261586132131,332.7443226616906,323.81337496826586,464.299349635476,263.6930182630024,257.0,1.0,27.6,-1.7994915402841798,13.809246256195252,13.925999137146208,318.2005084597158,53.80924625619525,322.71814105606387,7.698397273181445,275.0
14_LTAN06_800km_1213COLD_MY_STTLCT_PCDU_HEAT_MY_0p5,9801.0,10.945078701760965,268.2443584260405,268.4675596327903,347.96747711557947,92.5366571486974,360.06165867311796,358.91255581734043,360.7810155747379,508.90191974728765,1.0,18.400000000000002,10.945078701760965,-11.755641573959508,16.06206265095323,10.945078701760965,268.2443584260405,268.4675596327903,268.4675596327903,183.0,1.0,0.4,-3.5987355002138326,18.82732432190187,19.168177751747216,-3.5987355002138326,58.82732432190187,58.93729705436725,58.93729705436725,3.0,1.0,0.1,-3.5987355002138326,-5.94756352082419,6.951576010858109,-3.5987355002138326,-5.94756352082419,6.951576010858109,6.951576010858109,0.0,1.0,0.1,0.0,0.0,0.0,0.0,0.0,0.0,0.0,0.0,1.0,32.6,-1.087444182659567,0.7810155747379213,1.3388503196337294,358.91255581734043,360.7810155747379,508.90191974728765,268.4675596327903,325.0,1.0,34.800000000000004,-15.63125838463435,6.58909362787324,16.96326600404773,344.36874161536565,86.58909362787324,355.08801914039157,6.951576010858109,347.0
14_LTAN06_800km_1213COLD_MY_STTLCT_PCDU_HEAT_MY_0p5,9861.5,11.46837757344718,272.61268471162686,272.85380618537835,277.3781384490095,151.33960826668527,315.97833583926547,288.8465160224567,423.95229297831213,512.9988855152416,1.0,18.400000000000002,11.46837757344718,-7.387315288373145,13.6417048544886,11.46837757344718,272.61268471162686,272.85380618537835,272.85380618537835,183.0,1.0,0.4,-3.0754366285276173,23.195650607488233,23.398643498304736,-3.0754366285276173,63.19565060748823,63.27043990806305,63.27043990806305,3.0,1.0,0.1,-3.0754366285276173,-5.387639824892972,6.20362582195784,-3.0754366285276173,-5.387639824892972,6.20362582195784,6.20362582195784,0.0,1.0,0.1,0.0,0.0,0.0,0.0,0.0,0.0,0.0,0.0,1.0,47.800000000000004,8.846516022456683,-16.04770702168787,18.324566744933232,288.8465160224567,423.95229297831213,512.9988855152416,272.85380618537835,477.0,1.0,22.0,-5.6972981795181,-14.048031558207697,15.159366649261427,274.3027018204819,145.9519684417923,310.7152222181111,6.20362582195784,219.0
14_LTAN06_800km_1213COLD_MY_STTLCT_PCDU_HEAT_MY_0p5,9922.0,12.015806954828326,276.611663379374,276.87251928329727,275.1582542121342,264.09548985043773,381.3902104412384,287.17406116696253,540.7071532298118,612.2362019359958,1.0,18.400000000000002,12.015806954828326,-3.388336620625978,12.484407948732525,12.015806954828326,276.611663379374,276.87251928329727,276.87251928329727,183.0,1.0,1.4000000000000001,-2.528007247146471,-12.8053707247646,13.052522363140518,-2.528007247146471,67.1946292752354,67.242167009087,67.242167009087,13.0,1.0,0.1,-2.528007247146471,-4.8378403209600265,5.458527238434529,-2.528007247146471,-4.8378403209600265,5.458527238434529,5.458527238434529,0.0,1.0,0.1,0.0,0.0,0.0,0.0,0.0,0.0,0.0,0.0,1.0,66.60000000000001,7.174061166962531,20.70715322981175,21.914683399725927,287.17406116696253,540.7071532298118,612.2362019359958,276.87251928329727,665.0,1.0,19.8,-7.369753035012252,-20.742350470522297,22.01268640668487,272.63024696498775,259.2576495294777,376.22038807026354,5.458527238434529,197.0
14_LTAN06_800km_1213COLD_MY_STTLCT_PCDU_HEAT_MY_0p5,9982.5,12.580697066188325,280.2716260795938,280.5538421122955,318.3036841267964,33.85573134748337,320.09911882691017,330.88438119298473,314.12735742707713,456.2460634368072,1.0,18.400000000000002,12.580697066188325,0.27162607959377283,12.58362902339047,12.580697066188325,280.2716260795938,280.5538421122955,280.5538421122955,183.0,1.0,1.4000000000000001,-1.9631171357864723,-9.14540802454485,9.35373277489943,-1.9631171357864723,70.85459197545515,70.88178209453436,70.88178209453436,13.0,1.0,0.1,-1.9631171357864723,-4.30495266761335,4.731431745170776,-1.9631171357864723,-4.30495266761335,4.731431745170776,4.731431745170776,0.0,1.0,0.1,0.0,0.0,0.0,0.0,0.0,0.0,0.0,0.0,1.0,25.8,10.884381192984733,-5.872642572922871,12.367606265705014,330.88438119298473,314.12735742707713,456.2460634368072,280.5538421122955,257.0,1.0,27.6,-3.6594330089900495,-10.449221320129993,11.071480305015458,316.34056699100995,29.550778679870007,317.7178037894325,4.731431745170776,275.0
14_LTAN06_800km_1213COLD_MY_STTLCT_PCDU_HEAT_MY_0p5,10043.0,13.158435412992349,283.6174238468206,283.92250268695676,423.164439394311,-41.871362567916464,425.2309416907422,436.3228748073033,241.74606127890414,498.81741070653635,1.0,18.400000000000002,13.158435412992349,3.6174238468206,13.646617815614148,13.158435412992349,283.6174238468206,283.92250268695676,283.92250268695676,183.0,1.0,1.4000000000000001,-1.3853787889824485,-5.799610257318022,5.962780687376561,-1.3853787889824485,74.20038974268198,74.21332166366675,74.21332166366675,13.0,1.0,0.1,-1.3853787889824485,-3.7905168284676733,4.035751753497618,-1.3853787889824485,-3.7905168284676733,4.035751753497618,4.035751753497618,0.0,1.0,0.1,0.0,0.0,0.0,0.0,0.0,0.0,0.0,0.0,1.0,52.0,-3.6771251926966784,1.7460612789041363,4.07062399055144,436.3228748073033,241.74606127890414,498.81741070653635,283.92250268695676,519.0,1.0,42.0,21.77906060532854,-5.661879396384137,22.50298556080443,421.77906060532854,-45.66187939638414,424.2435423139913,4.035751753497618,419.0
14_LTAN06_800km_1213COLD_MY_STTLCT_PCDU_HEAT_MY_0p5,10103.5,13.747837829401911,286.66569497815453,286.9951632384976,384.9689933436702,-108.19497402192886,399.8840810030385,398.71683117307214,178.47072095622568,436.83739503313024,1.0,18.400000000000002,13.747837829401911,6.665694978154534,15.27856454400507,13.747837829401911,286.66569497815453,286.9951632384976,286.9951632384976,183.0,1.0,1.4000000000000001,-0.7959763725728859,-2.7513391259840887,2.864165737499347,-0.7959763725728859,77.24866087401591,77.25276166723368,77.25276166723368,13.0,1.0,0.1,-0.7959763725728859,-3.2927970842315517,3.3876379711560234,-0.7959763725728859,-3.2927970842315517,3.3876379711560234,3.3876379711560234,0.0,1.0,0.1,0.0,0.0,0.0,0.0,0.0,0.0,0.0,0.0,1.0,43.0,-1.283168826927863,18.470720956225676,18.515238450561576,398.71683117307214,178.47072095622568,436.83739503313024,286.9951632384976,429.0,1.0,41.6,-15.826983028902646,8.512228893839591,17.97084952188655,384.17301697109735,-111.48777110616041,400.02303693024317,3.3876379711560234,415.0
14_LTAN06_800km_1213COLD_MY_STTLCT_PCDU_HEAT_MY_0p5,10164.0,14.338056321321192,289.44901212020994,289.8039172896716,498.62915426847627,-138.40592954263366,517.4816275183655,512.9672105897974,151.04308257757629,534.7423416326915,1.0,18.400000000000002,14.338056321321192,9.449012120209943,17.171595415722237,14.338056321321192,289.44901212020994,289.8039172896716,289.8039172896716,183.0,1.0,1.4000000000000001,-0.20575788065360534,0.03197801607132078,0.20822799754817062,-0.20575788065360534,80.03197801607132,80.03224251181754,80.03224251181754,13.0,1.0,0.1,-0.20575788065360534,-2.821554982975556,2.8290473356600545,-0.20575788065360534,-2.821554982975556,2.8290473356600545,2.8290473356600545,0.0,1.0,0.1,0.0,0.0,0.0,0.0,0.0,0.0,0.0,0.0,1.0,71.2,-7.032789410202554,-8.956917422423714,11.38799791887822,512.9672105897974,151.04308257757629,534.7423416326915,289.8039172896716,711.0,0.0,nan,nan,nan,nan,498.42339638782266,-141.2274845256092,518.0454463193396,2.8290473356600545,nan
14_LTAN06_800km_1213COLD_MY_STTLCT_PCDU_HEAT_MY_0p5,10224.5,14.92668027620863,291.98535234647665,292.3666392886922,405.94487147892033,-241.46627858999153,472.33166565045855,420.87155175512896,50.51907375648511,423.8927221479314,1.0,18.400000000000002,14.92668027620863,11.985352346476645,19.14300015507885,14.92668027620863,291.98535234647665,292.3666392886922,292.3666392886922,183.0,1.0,1.4000000000000001,0.38286607423383323,2.568318242338023,2.5966988706289182,0.38286607423383323,82.56831824233802,82.56920590510005,82.56920590510005,13.0,1.0,0.1,0.38286607423383323,-2.3825499685943328,2.4131164049104807,0.38286607423383323,-2.3825499685943328,2.4131164049104807,2.4131164049104807,0.0,1.0,0.1,0.0,0.0,0.0,0.0,0.0,0.0,0.0,0.0,1.0,42.400000000000006,20.871551755128962,10.519073756485113,23.372474951562165,420.87155175512896,50.51907375648511,423.8927221479314,292.3666392886922,423.0,1.0,41.0,6.327737553154179,-3.848828558585865,7.406331333054428,406.3277375531542,-243.84882855858586,473.88234984483177,2.4131164049104807,409.0
14_LTAN06_800km_1213COLD_MY_STTLCT_PCDU_HEAT_MY_0p5,10285.0,15.51295935532813,294.2897059498081,294.69829136929957,431.55484050769314,-273.96610916801546,511.1721914759071,447.06779986302126,20.323596781792617,447.529514401577,1.0,18.400000000000002,15.51295935532813,14.28970594980808,21.091410670982704,15.51295935532813,294.2897059498081,294.69829136929957,294.69829136929957,183.0,1.0,1.4000000000000001,0.9691451533533328,4.872671845669458,4.9681156632920755,0.9691451533533328,84.87267184566946,84.87820490886315,84.87820490886315,13.0,1.0,0.1,0.9691451533533328,-1.9716836085996192,2.1969930770688997,0.9691451533533328,-1.9716836085996192,2.1969930770688997,2.1969930770688997,0.0,1.0,0.1,0.0,0.0,0.0,0.0,0.0,0.0,0.0,0.0,1.0,50.800000000000004,7.067799863021264,20.323596781792617,21.517490119728524,447.06779986302126,20.323596781792617,447.529514401577,294.69829136929957,507.0,1.0,49.400000000000006,-7.476014338953519,4.062207223384917,8.508367523911929,432.5239856610465,-275.9377927766151,513.0484028379265,2.1969930770688997,493.0
14_LTAN06_800km_1213COLD_MY_STTLCT_PCDU_HEAT_MY_0p5,10345.5,16.087819071053914,296.3993567593814,296.8356390493534,387.73110297568826,-200.04513523114235,436.2951573698587,403.81892204674216,96.35422152823907,415.1552213441447,1.0,18.400000000000002,16.087819071053914,16.39935675938142,22.97295855096672,16.087819071053914,296.3993567593814,296.8356390493534,296.8356390493534,183.0,1.0,1.4000000000000001,1.5440048690791173,6.982322655242797,7.150998580454121,1.5440048690791173,86.9823226552428,86.99602522837756,86.99602522837756,13.0,1.0,0.1,1.5440048690791173,-1.5763888739936078,2.206570397198072,1.5440048690791173,-1.5763888739936078,2.206570397198072,2.206570397198072,0.0,1.0,0.1,0.0,0.0,0.0,0.0,0.0,0.0,0.0,0.0,1.0,42.6,3.818922046742159,16.354221528239066,16.794187309715568,403.81892204674216,96.35422152823907,415.1552213441447,296.8356390493534,425.0,1.0,41.2,-10.724892155232624,-1.6215241051359612,10.846780728165719,389.2751078447674,-201.62152410513596,438.3906346741833,2.206570397198072,411.0
14_LTAN06_800km_1213COLD_MY_STTLCT_PCDU_HEAT_MY_0p5,10406.0,16.65169713448542,298.3251241239291,298.7894889399832,118.20054158407372,57.42786548240326,131.4128143090823,134.85223871855914,355.75298960633233,380.4540917131139,1.0,18.400000000000002,16.65169713448542,18.325124123929072,24.76063794848665,16.65169713448542,298.3251241239291,298.7894889399832,298.7894889399832,183.0,1.0,1.4000000000000001,2.1078829325106234,8.90809001979045,9.154083146763515,2.1078829325106234,88.90809001979045,88.93307394566058,88.93307394566058,13.0,1.0,0.1,2.1078829325106234,-1.195896648401117,2.4234973180976724,2.1078829325106234,-1.195896648401117,2.4234973180976724,2.4234973180976724,0.0,1.0,0.1,0.0,0.0,0.0,0.0,0.0,0.0,0.0,0.0,1.0,31.400000000000002,14.852238718559136,-4.247010393667665,15.447527058949866,134.85223871855914,355.75298960633233,380.4540917131139,298.7894889399832,313.0,1.0,4.6000000000000005,0.30842451658433845,16.231968834002146,16.23489876501998,120.30842451658434,56.231968834002146,132.80117216580155,2.4234973180976724,45.0
14_LTAN06_800km_1213COLD_MY_STTLCT_PCDU_HEAT_MY_0p5,10466.5,17.20344737797782,300.08670224128593,300.57941956118196,-331.15783344207495,293.7527538924842,442.6693925148512,-313.95438606409715,593.8394561337701,671.7236456982411,0.0,nan,nan,nan,nan,17.20344737797782,300.08670224128593,300.57941956118196,300.57941956118196,nan,1.0,1.4000000000000001,2.659633176003023,10.669668137147312,10.996156909927782,2.659633176003023,90.66966813714731,90.70866755019237,90.70866755019237,13.0,1.0,0.1,2.659633176003023,-0.83741313159112,2.7883524497195786,2.659633176003023,-0.83741313159112,2.7883524497195786,2.7883524497195786,0.0,1.0,0.1,0.0,0.0,0.0,0.0,0.0,0.0,0.0,0.0,1.0,85.60000000000001,6.04561393590285,-6.160543866229887,8.63143954330478,-313.95438606409715,593.8394561337701,671.7236456982411,300.57941956118196,855.0,1.0,28.900000000000002,-8.498200266071933,12.91534076089306,15.460447429885424,-328.49820026607193,292.91534076089306,440.1255098618102,2.7883524497195786,288.0
14_LTAN06_800km_1213COLD_MY_STTLCT_PCDU_HEAT_MY_0p5,10527.0,17.739504387229246,301.7178151743605,302.23886250694846,-306.95255214772857,269.7139737245571,408.61411734336235,-289.2130477604993,571.4317888989176,640.4517752017977,0.0,nan,nan,nan,nan,17.739504387229246,301.7178151743605,302.23886250694846,302.23886250694846,nan,1.0,1.4000000000000001,3.195690185254449,12.300781070221888,12.709116833897655,3.195690185254449,92.30078107022189,92.35608600375593,92.35608600375593,13.0,1.0,0.1,3.195690185254449,-0.5037917181436455,3.235157160850419,3.195690185254449,-0.5037917181436455,3.235157160850419,3.235157160850419,0.0,1.0,0.1,0.0,0.0,0.0,0.0,0.0,0.0,0.0,0.0,1.0,74.4,-9.213047760499308,11.431788898917603,14.682167635150371,-289.2130477604993,571.4317888989176,640.4517752017977,302.23886250694846,743.0,1.0,28.900000000000002,16.24313803752591,-10.789817993586553,19.50024886099778,-303.7568619624741,269.21018200641345,405.8846551487452,3.235157160850419,288.0
14_LTAN06_800km_1213COLD_MY_STTLCT_PCDU_HEAT_MY_0p5,10587.5,18.26005483989477,303.2257770797845,303.7750837188513,-412.4171985246517,256.098422073758,485.4630237490706,-394.15714368475693,559.3241991535425,684.2539102383544,1.0,24.200000000000003,18.26005483989477,-16.774222920215493,24.795244651607035,18.26005483989477,303.2257770797845,303.7750837188513,303.7750837188513,241.0,1.0,1.4000000000000001,3.7162406379199737,13.808742975645885,14.300063882597778,3.7162406379199737,93.80874297564588,93.88232369913794,93.88232369913794,13.0,1.0,0.1,3.7162406379199737,-0.19032292037474008,3.721111029376552,3.7162406379199737,-0.19032292037474008,3.721111029376552,3.721111029376552,0.0,1.0,0.1,0.0,0.0,0.0,0.0,0.0,0.0,0.0,0.0,1.0,73.8,5.842856315243068,-0.6758008464574914,5.881808965331029,-394.15714368475693,559.3241991535425,684.2539102383544,303.7750837188513,737.0,1.0,43.5,-8.700957886731715,15.908099153383262,18.132134094489597,-408.7009578867317,255.90809915338326,482.208905133273,3.721111029376552,434.0
14_LTAN06_800km_1213COLD_MY_STTLCT_PCDU_HEAT_MY_0p5,10648.0,18.762464721325383,304.63249041030866,305.20973820637795,-369.6380291354412,180.26416547426143,411.2510692232485,-350.8755644141158,484.8966558845701,598.5302236236392,1.0,24.200000000000003,18.762464721325383,-15.367509589691338,24.25263765878332,18.762464721325383,304.63249041030866,305.20973820637795,305.20973820637795,241.0,1.0,1.4000000000000001,4.218650519350586,15.21545630617004,15.789462397731805,4.218650519350586,95.21545630617004,95.30886701559616,95.30886701559616,13.0,1.0,0.1,4.218650519350586,0.10795446454517332,4.220031560407126,4.218650519350586,0.10795446454517332,4.220031560407126,4.220031560407126,0.0,1.0,0.1,0.0,0.0,0.0,0.0,0.0,0.0,0.0,0.0,1.0,53.6,9.124435585884214,4.896655884570123,10.355315717680723,-350.8755644141158,484.8966558845701,598.5302236236392,305.20973820637795,535.0,1.0,35.300000000000004,-5.419378616090569,20.372119938806634,21.080629387797284,-365.41937861609057,180.37211993880663,407.5112561873463,4.220031560407126,352.0
14_LTAN06_800km_1213COLD_MY_STTLCT_PCDU_HEAT_MY_0p5,10708.5,19.24413902335745,305.95876986232025,306.56337964997476,-471.25856415950585,195.5087236380046,510.20417022231476,-452.0144251361484,501.46749350032485,675.1197579457004,1.0,24.200000000000003,19.24413902335745,-14.041230137679747,23.822112218054787,19.24413902335745,305.95876986232025,306.56337964997476,306.56337964997476,241.0,1.0,1.4000000000000001,4.7003248213826545,16.54173575818163,17.196571615296193,4.7003248213826545,96.54173575818163,96.65609032352319,96.65609032352319,13.0,1.0,0.1,4.7003248213826545,0.38580366765978624,4.716131666576499,4.7003248213826545,0.38580366765978624,4.716131666576499,4.716131666576499,0.0,1.0,0.1,0.0,0.0,0.0,0.0,0.0,0.0,0.0,0.0,1.0,53.2,-12.014425136148418,21.46749350032485,24.600806664388156,-452.0144251361484,501.46749350032485,675.1197579457004,306.56337964997476,531.0,1.0,61.300000000000004,13.441760661876799,-4.105472694335617,14.054744242963439,-466.5582393381232,195.89452730566438,506.01507539064403,4.716131666576499,612.0
14_LTAN06_800km_1213COLD_MY_STTLCT_PCDU_HEAT_MY_0p5,10769.0,19.70543020106688,307.20918655493205,307.840524108104,-384.6928959843471,218.26188157824095,442.2972678763659,-364.98746578328024,525.471068133173,639.7934773221114,1.0,24.200000000000003,19.70543020106688,-12.790813445067954,23.492741176704982,19.70543020106688,307.20918655493205,307.840524108104,307.840524108104,241.0,1.0,1.4000000000000001,5.161615999092081,17.792152450793424,18.525738002961116,5.161615999092081,97.79215245079342,97.92827661447589,97.92827661447589,13.0,1.0,0.1,5.161615999092081,0.6450852742705138,5.2017703460614255,5.161615999092081,0.6450852742705138,5.2017703460614255,5.2017703460614255,0.0,1.0,0.1,0.0,0.0,0.0,0.0,0.0,0.0,0.0,0.0,1.0,63.400000000000006,-4.987465783280243,5.471068133173048,7.403202108359114,-364.98746578328024,525.471068133173,639.7934773221114,307.840524108104,633.0,0.0,nan,nan,nan,nan,-379.531279985255,218.90696685251152,438.13725317965446,5.2017703460614255,nan
14_LTAN06_800km_1213COLD_MY_STTLCT_PCDU_HEAT_MY_0p5,10829.5,20.141088692404093,308.40914085345605,309.0661120467305,-402.66013912758524,155.80189070946022,431.75156837108176,-382.51905043518116,464.2110315629163,601.5086913507896,1.0,24.200000000000003,20.141088692404093,-11.590859146543949,23.238146859642434,20.141088692404093,308.40914085345605,309.0661120467305,309.0661120467305,241.0,1.0,1.4000000000000001,5.597274490429296,18.99210674931743,19.799737384588695,5.597274490429296,98.99210674931743,99.15022279546056,99.15022279546056,13.0,1.0,0.1,5.597274490429296,0.895179516163239,5.668406132888573,5.597274490429296,0.895179516163239,5.668406132888573,5.668406132888573,0.0,1.0,0.1,0.0,0.0,0.0,0.0,0.0,0.0,0.0,0.0,1.0,53.400000000000006,17.480949564818843,-15.788968437083724,23.5557874416239,-382.51905043518116,464.2110315629163,601.5086913507896,309.0661120467305,533.0,1.0,43.1,2.93713536284406,-3.302929774376537,4.4199671078111145,-397.06286463715594,156.69707022562346,426.8640185013939,5.668406132888573,430.0
14_LTAN06_800km_1213COLD_MY_STTLCT_PCDU_HEAT_MY_0p5,10890.0,20.549711263834112,309.5704689213257,310.2517781757204,-464.68116417351035,168.70579985946827,494.35840363431856,-444.1314529096762,478.276268780794,652.6874724878196,1.0,24.200000000000003,20.549711263834112,-10.429531078674302,23.044863886514577,20.549711263834112,309.5704689213257,310.2517781757204,310.2517781757204,241.0,1.0,1.4000000000000001,6.005897061859315,20.153434817187076,21.029306561279157,6.005897061859315,100.15343481718708,100.33335091183883,100.33335091183883,13.0,1.0,0.1,6.005897061859315,1.1295193947129292,6.111187575314884,6.005897061859315,1.1295193947129292,6.111187575314884,6.111187575314884,0.0,1.0,0.1,0.0,0.0,0.0,0.0,0.0,0.0,0.0,0.0,1.0,53.2,-4.131452909676227,-1.7237312192060017,4.476622885718382,-444.1314529096762,478.276268780794,652.6874724878196,310.2517781757204,531.0,1.0,51.7,-18.67526711165101,9.835319254181229,21.106849753650636,-458.675267111651,169.83531925418123,489.10840958433135,6.111187575314884,516.0
14_LTAN06_800km_1213COLD_MY_STTLCT_PCDU_HEAT_MY_0p5,10950.5,20.93228605748285,310.69623575613974,311.40056440640416,-482.2220304161973,239.97045363964062,538.6315115538032,-461.2897443587145,550.6666893957804,718.3467345653052,1.0,24.200000000000003,20.93228605748285,-9.303764243860257,22.906781281917887,20.93228605748285,310.69623575613974,311.40056440640416,311.40056440640416,241.0,1.0,1.4000000000000001,6.388471855508055,21.27920165200112,22.217493008779044,6.388471855508055,101.27920165200112,101.48048708946624,101.48048708946624,13.0,1.0,0.1,6.388471855508055,1.3496356863846586,6.5294784733990445,6.388471855508055,1.3496356863846586,6.5294784733990445,6.5294784733990445,0.0,1.0,0.1,0.0,0.0,0.0,0.0,0.0,0.0,0.0,0.0,1.0,73.4,18.710255641285528,-9.333310604219605,20.908953895331422,-461.2897443587145,550.6666893957804,718.3467345653052,311.40056440640416,733.0,1.0,61.5,4.166441439310745,1.320089326025311,4.370568623862546,-475.83355856068926,241.3200893260253,533.5287817586318,6.5294784733990445,614.0
14_LTAN06_800km_1213COLD_MY_STTLCT_PCDU_HEAT_MY_0p5,11011.0,21.280816498296623,311.81580530832366,312.54114863632367,-410.7444724107748,187.96452253744522,451.7097335111736,-389.46365591247815,499.78032784576885,633.610539194494,1.0,24.200000000000003,21.280816498296623,-8.184194691676339,22.800311260713897,21.280816498296623,311.81580530832366,312.54114863632367,312.54114863632367,241.0,1.0,1.4000000000000001,6.737002296321826,22.39877120418504,23.390001098718965,6.737002296321826,102.39877120418504,102.62015174451693,102.62015174451693,13.0,1.0,0.1,6.737002296321826,1.5544961092190874,6.9140189538518655,6.737002296321826,1.5544961092190874,6.9140189538518655,6.9140189538518655,0.0,1.0,0.1,0.0,0.0,0.0,0.0,0.0,0.0,0.0,0.0,1.0,53.400000000000006,10.536344087521854,19.780327845768852,22.411513032741794,-389.46365591247815,499.78032784576885,633.610539194494,312.54114863632367,533.0,1.0,43.300000000000004,-4.0074701144529286,-10.480981353335721,11.22099758698862,-404.00747011445293,189.51901864666428,446.2504838508024,6.9140189538518655,432.0
14_LTAN06_800km_1213COLD_MY_STTLCT_PCDU_HEAT_MY_0p5,11071.5,21.596119537842707,312.932100693019,313.6764129214031,-452.7445574675974,160.35182132627932,480.3023432372422,-431.1484379297547,473.2839220192983,640.2239033113624,1.0,24.200000000000003,21.596119537842707,-7.067899306981019,22.723282766942244,21.596119537842707,312.932100693019,313.6764129214031,313.6764129214031,241.0,1.0,1.4000000000000001,7.05230533586791,23.51506658888036,24.549813995828732,7.05230533586791,103.51506658888036,103.75501925907317,103.75501925907317,13.0,1.0,0.1,7.05230533586791,1.7419851071686594,7.264263394447396,7.05230533586791,1.7419851071686594,7.264263394447396,7.264263394447396,0.0,1.0,0.1,0.0,0.0,0.0,0.0,0.0,0.0,0.0,0.0,1.0,53.2,8.85156207024528,-6.716077980701698,11.111069009157989,-431.1484379297547,473.2839220192983,640.2239033113624,313.6764129214031,531.0,1.0,51.7,-5.692252131729504,2.0938064334479805,6.065126520685881,-445.6922521317295,162.09380643344798,474.25308190283516,7.264263394447396,516.0
14_LTAN06_800km_1213COLD_MY_STTLCT_PCDU_HEAT_MY_0p5,11132.0,21.878014889692583,314.0509554080443,314.81208701099615,-359.1165905066585,82.9358559963307,368.56896476368047,-337.23857561696593,396.986811404375,520.8919132729676,1.0,24.200000000000003,21.878014889692583,-5.949044591955726,22.672420847158957,21.878014889692583,314.0509554080443,314.81208701099615,314.81208701099615,241.0,1.0,3.2,7.334200687717786,-15.366078696094348,17.026651879400266,7.334200687717786,104.63392130390565,104.89064775831848,104.89064775831848,31.0,1.0,0.1,7.334200687717786,1.9165241861209097,7.580472589733866,7.334200687717786,1.9165241861209097,7.580472589733866,7.580472589733866,0.0,1.0,0.1,0.0,0.0,0.0,0.0,0.0,0.0,0.0,0.0,1.0,36.4,22.76142438303407,-3.0131885956250244,22.960003167625707,-337.23857561696593,396.986811404375,520.8919132729676,314.81208701099615,363.0,1.0,34.9,8.217610181059285,4.852380182451611,9.543307106181711,-351.7823898189407,84.85238018245161,361.8712149499494,7.580472589733866,348.0
14_LTAN06_800km_1213COLD_MY_STTLCT_PCDU_HEAT_MY_0p5,11192.5,22.120421959474044,315.1973878314779,315.97263546619394,-355.5585586136371,131.67784058991046,379.1582022135735,-333.43813665416303,446.87522842138833,557.5647592451197,1.0,24.200000000000003,22.120421959474044,-4.802612168522103,22.635771497928186,22.120421959474044,315.1973878314779,315.97263546619394,315.97263546619394,241.0,1.0,3.2,7.5766077574992465,-14.219646272660725,16.11221043899911,7.5766077574992465,105.78035372733927,106.05134709088809,106.05134709088809,31.0,1.0,0.1,7.5766077574992465,2.0763357633373403,7.85596304173533,7.5766077574992465,2.0763357633373403,7.85596304173533,7.85596304173533,0.0,1.0,0.1,0.0,0.0,0.0,0.0,0.0,0.0,0.0,0.0,1.0,44.800000000000004,-13.438136654163031,6.875228421388329,15.094776665529896,-333.43813665416303,446.87522842138833,557.5647592451197,315.97263546619394,447.0,1.0,35.1,12.018049143862186,13.754176353247772,18.265017721878255,-347.9819508561378,133.75417635324777,372.80238439899927,7.85596304173533,350.0
14_LTAN06_800km_1213COLD_MY_STTLCT_PCDU_HEAT_MY_0p5,11253.0,22.32510901690153,316.3698227191469,317.1565468659932,-323.92265177008596,40.64348938829333,326.46252091077884,-301.5975427531844,357.01331210744024,467.3538090319618,1.0,24.200000000000003,22.32510901690153,-3.630177280853104,22.61832619154123,22.32510901690153,316.3698227191469,317.1565468659932,317.1565468659932,241.0,1.0,3.2,7.781294814926731,-13.047211384991726,15.191388149917813,7.781294814926731,106.95278861500827,107.23547706577077,107.23547706577077,31.0,1.0,0.1,7.781294814926731,2.2244140845597826,8.092994934904727,7.781294814926731,2.2244140845597826,8.092994934904727,8.092994934904727,0.0,1.0,0.1,0.0,0.0,0.0,0.0,0.0,0.0,0.0,0.0,1.0,29.200000000000003,18.402457246815572,-2.9866878925597575,18.64324910761099,-301.5975427531844,357.01331210744024,467.3538090319618,317.1565468659932,291.0,1.0,27.700000000000003,3.8586430448407896,2.867903472853129,4.807701787455336,-316.1413569551592,42.86790347285313,319.03450397348445,8.092994934904727,276.0
14_LTAN06_800km_1213COLD_MY_STTLCT_PCDU_HEAT_MY_0p5,11313.5,22.4900422921979,317.5711686379037,318.36653271402247,-340.0235574306825,166.68659123285602,378.68250461916756,-317.53351513848463,484.25775987075974,579.0795379144809,1.0,24.200000000000003,22.4900422921979,-2.4288313620962754,22.620813957290586,22.4900422921979,317.5711686379037,318.36653271402247,318.36653271402247,241.0,1.0,3.2,7.9462280902231015,-11.845865466234898,14.264188357771612,7.9462280902231015,108.1541345337651,108.44565163071137,108.44565163071137,31.0,1.0,0.1,7.9462280902231015,2.356264784790369,8.288216008158443,7.9462280902231015,2.356264784790369,8.288216008158443,8.288216008158443,0.0,1.0,0.1,0.0,0.0,0.0,0.0,0.0,0.0,0.0,0.0,1.0,53.800000000000004,2.4664848615153687,4.257759870759742,4.92057584934289,-317.53351513848463,484.25775987075974,579.0795379144809,318.36653271402247,537.0,1.0,28.3,-12.077329340459414,9.042856017646386,15.087581945222544,-332.0773293404594,169.0428560176464,372.6269445873375,8.288216008158443,282.0
14_LTAN06_800km_1213COLD_MY_STTLCT_PCDU_HEAT_MY_0p5,11374.0,22.61097918660257,318.8070771919868,319.60789859994765,-367.59088406787606,-34.64316232684913,369.21972691854796,-344.9799048812735,284.1639148651377,446.94548356972325,1.0,24.200000000000003,22.61097918660257,-1.1929228080131793,22.64242576675151,22.61097918660257,318.8070771919868,319.60789859994765,319.60789859994765,241.0,1.0,3.2,8.067164984627773,-10.609956912151802,13.328553431146315,8.067164984627773,109.3900430878482,109.68710351563894,109.68710351563894,31.0,1.0,0.1,8.067164984627773,2.4795493087229943,8.439627696977698,8.067164984627773,2.4795493087229943,8.439627696977698,8.439627696977698,0.0,1.0,0.1,0.0,0.0,0.0,0.0,0.0,0.0,0.0,0.0,1.0,35.9,15.020095118726488,4.163914865137713,15.586578982564008,-344.9799048812735,284.1639148651377,446.94548356972325,319.60789859994765,358.0,1.0,34.300000000000004,0.4762809167517048,7.836386981873886,7.850847370911268,-359.5237190832483,-32.163613018126114,360.95955810288524,8.439627696977698,342.0
14_LTAN06_800km_1213COLD_MY_STTLCT_PCDU_HEAT_MY_0p5,11434.5,22.689541564386804,320.07693538106315,320.8801331639828,-322.6894961840586,-15.807801158077833,323.0764577077304,-299.9999546196718,304.2691342229853,427.2934340855359,1.0,24.200000000000003,22.689541564386804,0.07693538106315145,22.689671999720396,22.689541564386804,320.07693538106315,320.8801331639828,320.8801331639828,241.0,1.0,3.2,8.145727362412007,-9.34009872307547,12.393156112126714,8.145727362412007,110.65990127692453,110.95930166002952,110.95930166002952,31.0,1.0,0.1,8.145727362412007,2.590349559043773,8.547677175746985,8.145727362412007,2.590349559043773,8.547677175746985,8.547677175746985,0.0,1.0,0.1,0.0,0.0,0.0,0.0,0.0,0.0,0.0,0.0,0.0,nan,nan,nan,nan,-299.9999546196718,304.2691342229853,427.2934340855359,320.8801331639828,nan,1.0,27.5,5.456231178353391,-13.217451599034064,14.299352623263886,-314.5437688216466,-13.217451599034064,314.8213517716012,8.547677175746985,274.0
14_LTAN06_800km_1213COLD_MY_STTLCT_PCDU_HEAT_MY_0p5,11495.0,22.72075026281568,321.38831201545213,322.19043994607733,-309.54418854845,47.97385144455016,313.239676743771,-286.8234382856343,369.3621634600023,467.6495403032559,1.0,24.200000000000003,22.72075026281568,1.3883120154521293,22.763125944331275,22.72075026281568,321.38831201545213,322.19043994607733,322.19043994607733,241.0,1.0,3.2,8.176936060840884,-8.028722088686493,11.459610016071334,8.176936060840884,111.9712779113135,112.26944980908958,112.26944980908958,31.0,1.0,0.1,8.176936060840884,2.692477992890815,8.608816474131702,8.176936060840884,2.692477992890815,8.608816474131702,8.608816474131702,0.0,1.0,0.1,0.0,0.0,0.0,0.0,0.0,0.0,0.0,0.0,1.0,29.400000000000002,-6.8234382856343245,9.362163460002307,11.5848787084571,-286.8234382856343,369.3621634600023,467.6495403032559,322.19043994607733,293.0,1.0,21.5,-21.367252487609107,10.666329437440993,23.88158417143339,-301.3672524876091,50.66632943744099,305.5966259803822,8.608816474131702,214.0
14_LTAN06_800km_1213COLD_MY_STTLCT_PCDU_HEAT_MY_0p5,11555.5,22.702231986926915,322.7449396603543,323.5424043515069,-244.12358793354565,55.5316539853037,250.35992247141132,-221.42135594661875,378.276593645658,438.31563760536943,1.0,24.200000000000003,22.702231986926915,2.744939660354305,22.867575974012496,22.702231986926915,322.7449396603543,323.5424043515069,323.5424043515069,241.0,1.0,3.2,8.158417784952118,-6.672094443784317,10.539289588041528,8.158417784952118,113.32790555621568,113.62118622207905,113.62118622207905,31.0,1.0,0.1,8.158417784952118,2.791073197573553,8.622637087807679,8.158417784952118,2.791073197573553,8.622637087807679,8.622637087807679,0.0,1.0,0.1,0.0,0.0,0.0,0.0,0.0,0.0,0.0,0.0,0.0,nan,nan,nan,nan,-221.42135594661875,378.276593645658,438.31563760536943,323.5424043515069,nan,1.0,16.1,4.034829851406471,18.32272718287726,18.761721225621866,-235.96517014859353,58.32272718287726,243.06604458316062,8.622637087807679,160.0
14_LTAN06_800km_1213COLD_MY_STTLCT_PCDU_HEAT_MY_0p5,11616.0,22.63586005094957,324.14476285867363,324.93416171426475,-368.53297794351624,101.0447958110793,382.13427822222246,-345.89711789256665,425.18955866975296,548.1158426538714,1.0,24.200000000000003,22.63586005094957,4.14476285867363,23.012197187596303,22.63586005094957,324.14476285867363,324.93416171426475,324.93416171426475,241.0,1.0,3.2,8.092045848974774,-5.272271245464992,9.658056228230754,8.092045848974774,114.72772875453501,115.01275125478944,115.01275125478944,31.0,1.0,0.1,8.092045848974774,2.8842258166872057,8.590690576639043,8.092045848974774,2.8842258166872057,8.590690576639043,8.590690576639043,0.0,1.0,0.1,0.0,0.0,0.0,0.0,0.0,0.0,0.0,0.0,1.0,44.6,14.102882107433345,-14.810441330247045,20.450928001752228,-345.89711789256665,425.18955866975296,548.1158426538714,324.93416171426475,445.0,1.0,34.9,-0.4409320945414379,23.92902162776653,23.9330837372478,-360.44093209454144,103.92902162776653,375.12518852469316,8.590690576639043,348.0
14_LTAN06_800km_1213COLD_MY_STTLCT_PCDU_HEAT_MY_0p5,11676.5,22.512790078421407,325.58534963317135,326.3627515708089,-204.89204771465404,34.817732617828696,207.8293187241653,-182.37925763623264,360.40308225100006,403.9214964717333,1.0,24.200000000000003,22.512790078421407,5.585349633171347,23.195297964023585,22.512790078421407,325.58534963317135,326.3627515708089,326.3627515708089,241.0,1.0,3.2,7.96897587644661,-3.831684470967275,8.842306396209068,7.96897587644661,116.16831552903272,116.4413247493015,116.4413247493015,31.0,1.0,0.1,7.96897587644661,2.966297609749404,8.50314636055343,7.96897587644661,2.966297609749404,8.50314636055343,8.50314636055343,0.0,1.0,0.1,0.0,0.0,0.0,0.0,0.0,0.0,0.0,0.0,1.0,29.8,17.620742363767363,0.40308225100005757,17.625352102903847,-182.37925763623264,360.40308225100006,403.9214964717333,326.3627515708089,297.0,1.0,11.5,3.07692816179258,-2.215969772421886,3.7918345091946946,-196.92307183820742,37.784030227578114,200.5151594329824,8.50314636055343,114.0
14_LTAN06_800km_1213COLD_MY_STTLCT_PCDU_HEAT_MY_0p5,11737.0,22.333344714372817,327.064500825747,327.8261215744195,-294.6874541555635,169.78361371331343,340.0987667167274,-272.3541094411907,496.8481145390605,566.599338025137,1.0,24.200000000000003,22.333344714372817,7.064500825747018,23.42403590434374,22.333344714372817,327.064500825747,327.8261215744195,327.8261215744195,241.0,1.0,3.2,7.78953051239802,-2.352533278391604,8.137026387416949,7.78953051239802,117.6474667216084,117.90506016119721,117.90506016119721,31.0,1.0,0.1,7.78953051239802,3.036035155699267,8.360280800919407,7.78953051239802,3.036035155699267,8.360280800919407,8.360280800919407,0.0,1.0,0.1,0.0,0.0,0.0,0.0,0.0,0.0,0.0,0.0,1.0,54.0,7.645890558809299,16.848114539060475,18.50185412218435,-272.3541094411907,496.8481145390605,566.599338025137,327.8261215744195,539.0,1.0,22.1,-6.897923643165484,12.819648869012724,14.557635375009246,-286.8979236431655,172.81964886901272,334.92842463124634,8.360280800919407,220.0
14_LTAN06_800km_1213COLD_MY_STTLCT_PCDU_HEAT_MY_0p5,11797.5,22.099610476054902,328.57938426783574,329.3217340975591,-107.9547818656536,127.93886282901056,167.39948491450394,-85.8551713895987,456.51824709684627,464.52128087603757,1.0,24.200000000000003,22.099610476054902,8.579384267835735,23.7065100259094,22.099610476054902,328.57938426783574,329.3217340975591,329.3217340975591,241.0,1.0,3.2,7.555796274080105,-0.8376498363028873,7.602086199436379,7.555796274080105,119.16235016369711,119.40165724926504,119.40165724926504,31.0,1.0,0.1,7.555796274080105,3.097969465821791,8.166239780129343,7.555796274080105,3.097969465821791,8.166239780129343,8.166239780129343,0.0,1.0,0.1,0.0,0.0,0.0,0.0,0.0,0.0,0.0,0.0,1.0,46.0,-5.855171389598695,16.518247096846267,17.525282284575198,-85.8551713895987,456.51824709684627,464.52128087603757,329.3217340975591,459.0,1.0,2.6,19.601014408426508,11.036832294832323,22.494697885137228,-100.39898559157349,131.03683229483232,165.0775809299403,8.166239780129343,25.0
14_LTAN06_800km_1213COLD_MY_STTLCT_PCDU_HEAT_MY_0p5,11858.0,21.8081314393147,330.1150060291057,330.8345686328303,-131.06988182892985,84.52818809722245,155.96258687790817,-109.26175038961514,414.6431941263281,428.7972813970331,1.0,24.200000000000003,21.8081314393147,10.1150060291057,24.03971596844004,21.8081314393147,330.1150060291057,330.8345686328303,330.8345686328303,241.0,1.0,3.2,7.2643172373399025,0.6979719249670779,7.297771559370428,7.2643172373399025,120.69797192496708,120.91637908788394,120.91637908788394,31.0,1.0,0.1,7.2643172373399025,3.156197706169337,7.920346512946401,7.2643172373399025,3.156197706169337,7.920346512946401,7.920346512946401,0.0,1.0,0.1,0.0,0.0,0.0,0.0,0.0,0.0,0.0,0.0,1.0,37.6,10.738249610384855,14.643194126328126,18.158555529453906,-109.26175038961514,414.6431941263281,428.7972813970331,330.8345686328303,375.0,1.0,4.9,-3.805564591589942,7.684385803391763,8.575086415665558,-123.80556459158994,87.68438580339176,151.7114673897804,7.920346512946401,48.0
14_LTAN06_800km_1213COLD_MY_STTLCT_PCDU_HEAT_MY_0p5,11918.5,21.461393260765508,331.67008554185094,332.36371198437405,-93.13857042966457,44.96944423282423,103.4265160212345,-71.67717716889906,376.63952977467517,383.3992085487269,1.0,24.200000000000003,21.461393260765508,11.670085541850938,24.429128049264254,21.461393260765508,331.67008554185094,332.36371198437405,332.36371198437405,241.0,1.0,3.2,6.917579058790711,2.2530514377123154,7.275241632798,6.917579058790711,122.25305143771232,122.4486075293082,122.4486075293082,31.0,1.0,0.1,6.917579058790711,3.2211845965830435,7.630788310514428,6.917579058790711,3.2211845965830435,7.630788310514428,7.630788310514428,0.0,1.0,0.1,0.0,0.0,0.0,0.0,0.0,0.0,0.0,0.0,1.0,30.400000000000002,8.322822831100936,16.639529774675168,18.60492759997191,-71.67717716889906,376.63952977467517,383.3992085487269,332.36371198437405,303.0,1.0,2.5,-6.220991370873861,8.190628829407274,10.285287271515784,-86.22099137087386,48.190628829407274,98.77447068929301,7.630788310514428,24.0
14_LTAN06_800km_1213COLD_MY_STTLCT_PCDU_HEAT_MY_0p5,11979.0,21.063528850852435,333.2369703147862,333.9020075294972,-22.635641014693263,80.61769002166271,83.7352028036892,-1.5721121638408277,413.85466033644894,413.8576463215984,1.0,24.200000000000003,21.063528850852435,13.23697031478622,24.877492453324642,21.063528850852435,333.2369703147862,333.9020075294972,333.9020075294972,241.0,1.0,3.2,6.519714648877638,3.8199362106475974,7.556361012829283,6.519714648877638,123.8199362106476,123.9914645542653,123.9914645542653,31.0,1.0,0.1,6.519714648877638,3.284251632177643,7.300204646874715,6.519714648877638,3.284251632177643,7.300204646874715,7.300204646874715,0.0,1.0,0.1,0.0,0.0,0.0,0.0,0.0,0.0,0.0,0.0,1.0,38.2,-1.5721121638408277,13.854660336448944,13.943570191814858,-1.5721121638408277,413.85466033644894,413.8576463215984,333.9020075294972,381.0,1.0,1.2000000000000002,23.884073634184375,3.9019416538403675,24.200704990415378,-16.115926365815625,83.90194165384037,85.43570035946814,7.300204646874715,11.0
14_LTAN06_800km_1213COLD_MY_STTLCT_PCDU_HEAT_MY_0p5,12039.5,20.62133478706112,334.7979342910183,335.43240191420546,-75.62788833935798,116.41828721163594,138.82649275970837,-55.006553552296864,451.2162215026542,454.556706562376,1.0,24.400000000000002,-19.37866521293888,14.797934291018294,24.38260701230413,20.62133478706112,334.7979342910183,335.43240191420546,335.43240191420546,243.0,1.0,3.2,6.077520585086322,5.380900186879671,8.117286694660333,6.077520585086322,125.38090018687967,125.5281099520519,125.5281099520519,31.0,1.0,0.1,6.077520585086322,3.353464733090391,6.941324238085194,6.077520585086322,3.353464733090391,6.941324238085194,6.941324238085194,0.0,1.0,0.1,0.0,0.0,0.0,0.0,0.0,0.0,0.0,0.0,1.0,46.2,-15.006553552296864,11.216221502654207,18.735001316107674,-55.006553552296864,451.2162215026542,454.556706562376,335.43240191420546,461.0,1.0,2.8000000000000003,10.449632245728338,-0.22824805527369563,10.452124723983239,-69.55036775427166,119.7717519447263,138.5009971757008,6.941324238085194,27.0
14_LTAN06_800km_1213COLD_MY_STTLCT_PCDU_HEAT_MY_0p5,12100.0,20.136513697571047,336.3526918905752,336.9549117106452,-3.7901840990776385,77.49293152271818,77.58556522633312,16.34632959849341,413.8456234132934,414.1683262994408,0.0,nan,nan,nan,nan,20.136513697571047,336.3526918905752,336.9549117106452,336.9549117106452,nan,1.0,3.2,5.59269949559625,6.935657786436593,8.909637286590351,5.59269949559625,126.9356577864366,127.0588033365787,127.0588033365787,31.0,1.0,0.1,5.59269949559625,3.4307767923241954,6.561136871517987,5.59269949559625,3.4307767923241954,6.561136871517987,6.561136871517987,0.0,1.0,0.1,0.0,0.0,0.0,0.0,0.0,0.0,0.0,0.0,1.0,38.2,16.34632959849341,13.845623413293424,21.42203956315366,16.34632959849341,413.8456234132934,414.1683262994408,336.9549117106452,381.0,1.0,1.4000000000000001,1.8025153965186114,0.9237083150424041,2.0254132432580576,1.8025153965186114,80.9237083150424,80.94378067036868,6.561136871517987,13.0
14_LTAN06_800km_1213COLD_MY_STTLCT_PCDU_HEAT_MY_0p5,12160.5,19.624264616351297,337.8940344590696,338.46342532799537,-27.552528880286797,-59.33396430374226,65.41911928249111,-7.9282642639355,278.5600701553273,278.67287284409235,0.0,nan,nan,nan,nan,19.624264616351297,337.8940344590696,338.46342532799537,338.46342532799537,nan,1.0,3.2,5.0804504143765,8.477000354930965,9.882839239329863,5.0804504143765,128.47700035493096,128.5774109111467,128.5774109111467,31.0,1.0,0.1,5.0804504143765,3.5059408432738337,6.172730158485303,5.0804504143765,3.5059408432738337,6.172730158485303,6.172730158485303,0.0,1.0,0.1,0.0,0.0,0.0,0.0,0.0,0.0,0.0,0.0,1.0,18.400000000000002,-7.9282642639355,-1.4399298446726903,8.05796327842066,-7.9282642639355,278.5600701553273,278.67287284409235,338.46342532799537,183.0,1.0,0.30000000000000004,17.527921534089703,-15.828023460468444,23.616823663870317,-22.472078465910297,-55.828023460468444,60.18108103117328,6.172730158485303,2.0
14_LTAN06_800km_1213COLD_MY_STTLCT_PCDU_HEAT_MY_0p5,12221.0,19.099412673824386,339.41561917942346,339.952570379217,119.6232689934277,-20.20706878470886,121.31797934990476,138.7226816672521,319.2085503947146,348.04896358709186,0.0,nan,nan,nan,nan,19.099412673824386,339.41561917942346,339.952570379217,339.952570379217,nan,1.0,3.2,4.5555984718495885,9.998585075284836,10.987501123750887,4.5555984718495885,129.99858507528484,130.07838251997444,130.07838251997444,31.0,1.0,0.1,4.5555984718495885,3.56788238704587,5.786472341980945,4.5555984718495885,3.56788238704587,5.786472341980945,5.786472341980945,0.0,1.0,0.1,0.0,0.0,0.0,0.0,0.0,0.0,0.0,0.0,1.0,24.8,18.72268166725209,-0.7914496052853792,18.739402372833663,138.7226816672521,319.2085503947146,348.04896358709186,339.952570379217,247.0,1.0,4.2,4.178867465277293,23.360813602337032,23.731635962476084,124.17886746527729,-16.639186397662968,125.28868124828786,5.786472341980945,41.0
14_LTAN06_800km_1213COLD_MY_STTLCT_PCDU_HEAT_MY_0p5,12281.5,18.562878193118927,340.91899037119254,341.42398633154914,88.46174774403741,-22.467831084761976,91.27039085915598,107.02462593715634,318.45115928643054,335.9544781780112,0.0,nan,nan,nan,nan,18.562878193118927,340.91899037119254,341.42398633154914,341.42398633154914,nan,1.0,3.2,4.0190639911441295,11.501956267053913,12.183918636224233,4.0190639911441295,131.5019562670539,131.56335879501964,131.56335879501964,31.0,1.0,0.1,4.0190639911441295,3.6226267860836856,5.410757820875223,4.0190639911441295,3.6226267860836856,5.410757820875223,5.410757820875223,0.0,1.0,0.1,0.0,0.0,0.0,0.0,0.0,0.0,0.0,0.0,1.0,24.8,-12.975374062843656,-1.5488407135694615,13.067487885080523,107.02462593715634,318.45115928643054,335.9544781780112,341.42398633154914,247.0,1.0,2.0,12.480811735181547,21.15479570132169,24.562085471997364,92.48081173518155,-18.84520429867831,94.38136608598657,5.410757820875223,19.0
14_LTAN06_800km_1213COLD_MY_STTLCT_PCDU_HEAT_MY_0p5,12342.0,18.029261388542125,342.42429514861936,342.8986033425117,115.5792279054722,-12.535040813266791,116.25697902240255,133.6084892940143,329.8892543353526,355.9187386712923,0.0,nan,nan,nan,nan,18.029261388542125,342.42429514861936,342.8986033425117,342.8986033425117,nan,1.0,3.2,3.4854471865673275,13.007261044480742,13.466149485640516,3.4854471865673275,133.00726104448074,133.05292117291148,133.05292117291148,31.0,1.0,0.1,3.4854471865673275,3.6749729734718812,5.064954930312693,3.4854471865673275,3.6749729734718812,5.064954930312693,5.064954930312693,0.0,1.0,0.1,0.0,0.0,0.0,0.0,0.0,0.0,0.0,0.0,1.0,24.8,13.608489294014305,9.889254335352575,16.822257047572172,133.6084892940143,329.8892543353526,355.9187386712923,342.8986033425117,247.0,1.0,4.4,-0.9353249079604922,-8.860067839794908,8.909300466883991,119.06467509203951,-8.860067839794908,119.39387612812769,5.064954930312693,43.0
14_LTAN06_800km_1213COLD_MY_STTLCT_PCDU_HEAT_MY_0p5,12402.5,17.50431211170706,343.9384092875958,344.38355118353985,119.50274377267635,71.75389750491416,139.38984029097554,137.00705588438342,415.69230679250995,437.68827638924114,1.0,30.8,17.50431211170706,-16.06159071240421,23.756591479352494,17.50431211170706,343.9384092875958,344.38355118353985,344.38355118353985,307.0,1.0,3.2,2.9604979097322612,14.521375183457167,14.820083842281553,2.9604979097322612,134.52137518345717,134.55394802502815,134.55394802502815,31.0,1.0,0.1,2.9604979097322612,3.7299941974860076,4.762079859348053,2.9604979097322612,3.7299941974860076,4.762079859348053,4.762079859348053,0.0,1.0,0.1,0.0,0.0,0.0,0.0,0.0,0.0,0.0,0.0,1.0,38.800000000000004,17.00705588438342,15.692306792509953,23.140623205194686,137.00705588438342,415.69230679250995,437.68827638924114,344.38355118353985,387.0,1.0,4.800000000000001,2.463241682408622,-4.516108297599828,5.144200009875712,122.46324168240862,75.48389170240017,143.85778904843386,4.762079859348053,47.0
14_LTAN06_800km_1213COLD_MY_STTLCT_PCDU_HEAT_MY_0p5,12463.0,16.98815131856173,345.4603505342562,345.87779789468055,108.9770488147,-10.696597280984395,109.500750507716,125.96520013326173,334.7637532532718,357.6786296898797,1.0,30.8,16.98815131856173,-14.539649465743821,22.360650522939963,16.98815131856173,345.4603505342562,345.87779789468055,345.87779789468055,307.0,1.0,3.2,2.444337116586933,16.043316430117557,16.2284560576909,2.444337116586933,136.04331643011756,136.065273781537,136.065273781537,31.0,1.0,0.1,2.444337116586933,3.784880361472574,4.505563592957632,2.444337116586933,3.784880361472574,4.505563592957632,4.505563592957632,0.0,1.0,0.1,0.0,0.0,0.0,0.0,0.0,0.0,0.0,0.0,1.0,24.8,5.965200133261732,14.763753253271773,15.923316951984553,125.96520013326173,334.7637532532718,357.6786296898797,345.87779789468055,247.0,1.0,4.4,-8.578614068713065,-6.911716919511832,11.016553459017382,111.42138593128693,-6.911716919511832,111.63555470200455,4.505563592957632,43.0
14_LTAN06_800km_1213COLD_MY_STTLCT_PCDU_HEAT_MY_0p5,12523.5,16.48377665718059,347.0059404587492,347.3972331590233,121.99642628188946,25.921770909197164,124.71995122121156,138.48020293907004,372.92771136794636,397.80880396514647,1.0,30.8,16.48377665718059,-12.994059541250806,20.989532539944353,16.48377665718059,347.0059404587492,347.3972331590233,347.3972331590233,307.0,1.0,3.2,1.9399624552057944,17.58890635461057,17.695566706914708,1.9399624552057944,137.58890635461057,137.6025821203418,137.6025821203418,31.0,1.0,0.1,1.9399624552057944,3.846995224281045,4.308459885301157,1.9399624552057944,3.846995224281045,4.308459885301157,4.308459885301157,0.0,1.0,0.1,0.0,0.0,0.0,0.0,0.0,0.0,0.0,0.0,1.0,31.400000000000002,18.48020293907004,12.927711367946358,22.553128871226328,138.48020293907004,372.92771136794636,397.80880396514647,347.3972331590233,313.0,1.0,4.6000000000000005,3.9363887370952426,-10.23123386652179,10.962358447021915,123.93638873709524,29.76876613347821,127.46139764768824,4.308459885301157,45.0
14_LTAN06_800km_1213COLD_MY_STTLCT_PCDU_HEAT_MY_0p5,12584.0,15.99128182628986,348.57456606041643,348.94118300747397,180.1954759410122,21.049483661605763,181.4207549097625,196.18675776730205,369.62404972202216,418.4628801413023,1.0,30.8,15.99128182628986,-11.42543393958357,19.65354001587542,15.99128182628986,348.57456606041643,348.94118300747397,348.94118300747397,307.0,1.0,3.2,1.4474676243150633,19.157531956277808,19.21213661150799,1.4474676243150633,139.1575319562778,139.16505977682013,139.16505977682013,31.0,1.0,0.1,1.4474676243150633,3.9176039774483797,4.17645584767272,1.4474676243150633,3.9176039774483797,4.17645584767272,4.17645584767272,0.0,1.0,0.1,0.0,0.0,0.0,0.0,0.0,0.0,0.0,0.0,1.0,31.8,-3.813242232697945,9.624049722022164,10.351963551770558,196.18675776730205,369.62404972202216,418.4628801413023,348.94118300747397,317.0,1.0,11.4,-18.357056434672756,-15.032912360945886,23.726988325483706,181.64294356532724,24.967087639054114,183.35079605022952,4.17645584767272,113.0
14_LTAN06_800km_1213COLD_MY_STTLCT_PCDU_HEAT_MY_0p5,12644.5,15.51113522851174,350.1648776482462,350.50825504471135,170.04188946024348,-1.7599278097235462,170.05099681302988,185.55302468875522,348.40494983852267,394.7352708374681,1.0,30.8,15.51113522851174,-9.835122351753796,18.36640813417651,15.51113522851174,350.1648776482462,350.50825504471135,350.50825504471135,307.0,1.0,3.2,0.9673210265369434,20.74784354410758,20.77038087515843,0.9673210265369434,140.74784354410758,140.75116756988186,140.75116756988186,31.0,1.0,0.1,0.9673210265369434,3.9978845062569235,4.113245737097365,0.9673210265369434,3.9978845062569235,4.113245737097365,4.113245737097365,0.0,1.0,0.1,0.0,0.0,0.0,0.0,0.0,0.0,0.0,0.0,1.0,31.8,-14.446975311244785,-11.595050161477332,18.524585930349208,185.55302468875522,348.40494983852267,394.7352708374681,350.50825504471135,317.0,1.0,7.4,11.009210486780432,2.237956696533388,11.234374291334381,171.00921048678043,2.237956696533388,171.02385366225244,4.113245737097365,73.0
14_LTAN06_800km_1213COLD_MY_STTLCT_PCDU_HEAT_MY_0p5,12705.0,15.04627000208677,351.77625130673755,352.09788585618725,205.72310068034923,40.694668851620705,209.7094423875095,220.769370682436,392.47092015835824,450.3027184033728,1.0,30.8,15.04627000208677,-8.22374869326245,17.14701966948286,15.04627000208677,351.77625130673755,352.09788585618725,352.09788585618725,307.0,1.0,3.2,0.5024558001119726,22.359217202598927,22.36486207746567,0.5024558001119726,142.35921720259893,142.36010390684535,142.36010390684535,31.0,1.0,0.1,0.5024558001119726,4.06976539647718,4.100664850171156,0.5024558001119726,4.06976539647718,4.100664850171156,4.100664850171156,0.0,1.0,0.1,0.0,0.0,0.0,0.0,0.0,0.0,0.0,0.0,1.0,39.2,20.769370682436005,-7.52907984164176,22.091939747479138,220.769370682436,392.47092015835824,450.3027184033728,352.09788585618725,391.0,1.0,11.4,6.225556480461194,4.764434248097871,7.839476206728373,206.2255564804612,44.76443424809787,211.02804249489725,4.100664850171156,113.0
14_LTAN06_800km_1213COLD_MY_STTLCT_PCDU_HEAT_MY_0p5,12765.5,14.595514263118243,353.4083068676067,353.7095706927272,260.74469661153324,66.76949584794092,269.1578763232254,275.34021087465146,420.1778027155476,502.3560665696824,1.0,30.8,14.595514263118243,-6.591693132393289,16.01497595866222,14.595514263118243,353.4083068676067,353.7095706927272,353.7095706927272,307.0,1.0,3.2,0.05170006114344616,23.99127276346809,23.99132846899996,0.05170006114344616,143.9912727634681,143.99128204492033,143.99128204492033,31.0,1.0,0.1,0.05170006114344616,4.146606414044072,4.146928700775271,0.05170006114344616,4.146606414044072,4.146928700775271,4.146928700775271,0.0,1.0,0.1,0.0,0.0,0.0,0.0,0.0,0.0,0.0,0.0,1.0,39.6,-4.659789125348539,20.177802715547614,20.708871459359564,275.34021087465146,420.1778027155476,502.3560665696824,353.7095706927272,395.0,1.0,16.2,20.79639667267668,-9.083897738015025,22.69377255288402,260.7963966726767,70.91610226198497,270.26626514880553,4.146928700775271,161.0
14_LTAN06_800km_1213COLD_MY_STTLCT_PCDU_HEAT_MY_0p5,12826.0,14.1567056646376,355.0582430891648,355.34035557594586,212.8852319370704,-12.097985197085613,213.22871106567513,227.04193760170799,342.9602578920792,411.30254062349206,1.0,30.8,14.1567056646376,-4.941756910835181,14.994441524810773,14.1567056646376,355.0582430891648,355.34035557594586,355.34035557594586,307.0,1.0,5.800000000000001,-0.3871085373371965,-14.358791014973804,14.364008229995267,-0.3871085373371965,145.6412089850262,145.64172344366074,145.64172344366074,57.0,1.0,0.1,-0.3871085373371965,4.216543212725469,4.234275579654749,-0.3871085373371965,4.216543212725469,4.234275579654749,4.234275579654749,0.0,1.0,0.1,0.0,0.0,0.0,0.0,0.0,0.0,0.0,0.0,1.0,32.0,-12.958062398292014,-17.0397421079208,21.407106115084275,227.04193760170799,342.9602578920792,411.30254062349206,355.34035557594586,319.0,1.0,11.200000000000001,12.498123399733174,-7.881441984360151,14.775662972191563,212.49812339973317,-7.881441984360151,212.6442324074675,4.234275579654749,111.0
14_LTAN06_800km_1213COLD_MY_STTLCT_PCDU_HEAT_MY_0p5,12886.5,13.727458587318958,356.721699855544,356.9857339825996,299.96720287097355,-78.744146115865,310.13055854873846,313.6946614582925,277.977553739679,419.1370432335096,1.0,30.8,13.727458587318958,-3.2783001444560114,14.113481891570816,13.727458587318958,356.721699855544,356.9857339825996,356.9857339825996,307.0,1.0,5.800000000000001,-0.8163556146558388,-12.695334248594634,12.721554471569895,-0.8163556146558388,147.30466575140537,147.30692783648308,147.30692783648308,57.0,1.0,0.1,-0.8163556146558388,4.281911742423915,4.359037125270663,-0.8163556146558388,4.281911742423915,4.359037125270663,4.359037125270663,0.0,1.0,0.1,0.0,0.0,0.0,0.0,0.0,0.0,0.0,0.0,1.0,28.8,-6.305338541707499,-2.022446260320976,6.621750750475916,313.6946614582925,277.977553739679,419.1370432335096,356.9857339825996,287.0,1.0,20.8,19.150847256317718,5.537765626558951,19.935440771889386,299.1508472563177,-74.46223437344105,308.2788571440766,4.359037125270663,207.0
14_LTAN06_800km_1213COLD_MY_STTLCT_PCDU_HEAT_MY_0p5,12947.0,13.307852139684394,358.3975475748474,358.6445329797134,265.45518419249163,55.24139191668004,271.1421512704395,278.763036332176,413.6389394915274,498.8045736446385,1.0,30.8,13.307852139684394,-1.6024524251525918,13.403983823721212,13.307852139684394,358.3975475748474,358.6445329797134,358.6445329797134,307.0,1.0,5.800000000000001,-1.2359620622904028,-11.019486529291214,11.088583569989977,-1.2359620622904028,148.9805134707088,148.98564023494166,148.98564023494166,57.0,1.0,0.1,-1.2359620622904028,4.342713400086836,4.515170195542457,-1.2359620622904028,4.342713400086836,4.515170195542457,4.515170195542457,0.0,1.0,0.1,0.0,0.0,0.0,0.0,0.0,0.0,0.0,0.0,1.0,39.6,-1.236963667824,13.638939491527424,13.694916924503884,278.763036332176,413.6389394915274,498.8045736446385,358.6445329797134,395.0,0.0,nan,nan,nan,nan,264.2192221302012,59.58410531676685,270.8543205294835,4.515170195542457,nan
14_LTAN06_800km_1213COLD_MY_STTLCT_PCDU_HEAT_MY_0p5,13007.5,12.899873600107846,360.0750760357056,360.30607422165104,366.7328533333551,298.5838302539146,472.9115027181329,379.63272693346295,658.6589062896202,760.2319134274593,1.0,30.8,12.899873600107846,0.0750760357055924,12.90009206594653,12.899873600107846,360.0750760357056,360.30607422165104,360.30607422165104,307.0,1.0,5.800000000000001,-1.6439406018669516,-9.34195806843303,9.485500580086834,-1.6439406018669516,150.65804193156697,150.66701078655626,150.66701078655626,57.0,1.0,0.1,-1.6439406018669516,4.395893535062271,4.693231368052181,-1.6439406018669516,4.395893535062271,4.693231368052181,4.693231368052181,0.0,1.0,0.1,0.0,0.0,0.0,0.0,0.0,0.0,0.0,0.0,0.0,nan,nan,nan,nan,379.63272693346295,658.6589062896202,760.2319134274593,360.30607422165104,nan,1.0,35.800000000000004,5.088912731488165,22.979723788976855,23.53645551493196,365.08891273148816,302.97972378897686,474.43295335242567,4.693231368052181,357.0
14_LTAN06_800km_1213COLD_MY_STTLCT_PCDU_HEAT_MY_0p5,13068.0,12.504343355873884,361.74761500307255,361.96366608151817,367.0213489303486,311.9049898626913,481.6527725155314,379.52569228622247,673.6526048657638,773.2060418463925,1.0,30.8,12.504343355873884,1.7476150030725535,12.625876641269375,12.504343355873884,361.74761500307255,361.96366608151817,361.96366608151817,307.0,1.0,5.800000000000001,-2.0394708461009134,-7.669419101066069,7.935958082039789,-2.0394708461009134,152.33058089893393,152.34423296711546,152.34423296711546,57.0,1.0,0.1,-2.0394708461009134,4.443346446873932,4.88904581478255,-2.0394708461009134,4.443346446873932,4.88904581478255,4.88904581478255,0.0,1.0,0.1,0.0,0.0,0.0,0.0,0.0,0.0,0.0,0.0,1.0,114.2,19.525692286222466,-6.347395134236194,20.53149006395719,379.52569228622247,673.6526048657638,773.2060418463925,361.96366608151817,1141.0,1.0,36.0,4.981878084247683,-3.651663690434816,6.176872748757852,364.9818780842477,316.3483363095652,482.9990074686845,4.88904581478255,359.0
14_LTAN06_800km_1213COLD_MY_STTLCT_PCDU_HEAT_MY_0p5,13128.5,12.120623846541475,363.4148297834028,363.61689733692106,235.89660765155097,273.0215350100133,360.81569821826446,248.01723149809243,636.436364793416,683.0547515034475,1.0,30.8,12.120623846541475,3.4148297834028085,12.592481283645599,12.120623846541475,363.4148297834028,363.61689733692106,363.61689733692106,307.0,1.0,5.800000000000001,-2.423190355433322,-6.002204320735814,6.472890251388844,-2.423190355433322,153.9977956792642,154.01685922512206,154.01685922512206,57.0,1.0,0.1,-2.423190355433322,4.495758867011318,5.107220309422334,-2.423190355433322,4.495758867011318,5.107220309422334,5.107220309422334,0.0,1.0,0.1,0.0,0.0,0.0,0.0,0.0,0.0,0.0,0.0,1.0,100.60000000000001,8.017231498092428,-3.5636352065839674,8.773568075738064,248.01723149809243,636.436364793416,683.0547515034475,363.61689733692106,1005.0,1.0,19.6,-6.5265827038823545,-2.4827061229754577,6.982844082727047,233.47341729611765,277.51729387702454,362.6647004944842,5.107220309422334,195.0
14_LTAN06_800km_1213COLD_MY_STTLCT_PCDU_HEAT_MY_0p5,13189.0,12.938130522006812,321.8234632772051,322.0834313297396,329.4789666490777,318.7137530384907,458.4046747580396,342.4170971710845,640.5372163156958,726.317694897028,1.0,24.200000000000003,12.938130522006812,1.8234632772051214,13.065995550580901,12.938130522006812,321.8234632772051,322.0834313297396,322.0834313297396,241.0,1.0,3.2,-1.605683679967985,-7.593570826933501,7.761477822152883,-1.605683679967985,112.4064291730665,112.41789688265713,112.41789688265713,31.0,1.0,0.1,-1.605683679967985,2.9505552170934948,3.35916599310501,-1.605683679967985,2.9505552170934948,3.35916599310501,3.35916599310501,0.0,1.0,0.1,0.0,0.0,0.0,0.0,0.0,0.0,0.0,0.0,1.0,101.0,22.417097171084492,0.5372163156957868,22.42353332879754,342.4170971710845,640.5372163156958,726.317694897028,322.0834313297396,1009.0,1.0,25.8,7.8732829691097095,1.6643082555841602,8.047267031811396,327.8732829691097,321.66430825558416,459.31341901852306,3.35916599310501,257.0
14_LTAN06_800km_1213COLD_MY_STTLCT_PCDU_HEAT_MY_0p5,13249.5,13.6820786873762,282.26851311795906,282.5999164455485,248.05058626809765,250.2878420826528,352.38203308673087,261.73266495547387,532.5563552006118,593.3972188755645,1.0,18.400000000000002,13.6820786873762,2.26851311795906,13.868865453738685,13.6820786873762,282.26851311795906,282.5999164455485,282.5999164455485,183.0,1.0,1.4000000000000001,-0.8617355145985979,-7.148520986179562,7.200273632784391,-0.8617355145985979,72.85147901382044,72.85657542458497,72.85657542458497,13.0,1.0,0.1,-0.8617355145985979,5.110619242489577,5.182761535979178,-0.8617355145985979,5.110619242489577,5.182761535979178,5.182761535979178,0.0,1.0,0.1,0.0,0.0,0.0,0.0,0.0,0.0,0.0,0.0,1.0,66.60000000000001,-18.267335044526135,12.556355200611847,22.166587142654702,261.73266495547387,532.5563552006118,593.3972188755645,282.5999164455485,665.0,1.0,14.600000000000001,7.188850753499082,15.398461325142364,16.99388673429329,247.18885075349908,255.39846132514236,355.43030538220273,5.182761535979178,145.0
14_LTAN06_800km_1213COLD_MY_STTLCT_PCDU_HEAT_MY_0p5,13310.0,14.35368401458635,244.7281078890253,245.1486794492946,298.2191444201567,444.3050377208348,535.1089838928166,312.57282843474303,689.0331456098601,756.6164476303128,1.0,13.4,14.35368401458635,4.728107889025296,15.112354184601912,14.35368401458635,244.7281078890253,245.1486794492946,245.1486794492946,133.0,1.0,0.4,-0.19013018738844778,-4.688926215113327,4.692779404461001,-0.19013018738844778,35.31107378488667,35.31158565301008,35.31158565301008,3.0,1.0,0.1,-0.19013018738844778,6.839933346920105,6.842575368855358,-0.19013018738844778,6.839933346920105,6.842575368855358,6.842575368855358,0.0,1.0,0.1,0.0,0.0,0.0,0.0,0.0,0.0,0.0,0.0,1.0,114.0,-7.42717156525697,9.033145609860071,11.694468652687728,312.57282843474303,689.0331456098601,756.6164476303128,245.1486794492946,1139.0,1.0,47.800000000000004,18.029014232768247,11.14497106775491,21.19565366546769,298.02901423276825,451.1449710677549,540.6968450474637,6.842575368855358,477.0
14_LTAN06_800km_1213COLD_MY_STTLCT_PCDU_HEAT_MY_0p5,13370.5,14.958025390114363,209.12420121319388,209.6584700331177,-116.51219626412082,-160.69907430794265,198.4925297378183,-101.55417087400646,48.42512690525123,112.50885537457302,1.0,9.200000000000001,14.958025390114363,9.124201213193885,17.521232015761754,14.958025390114363,209.12420121319388,209.6584700331177,209.6584700331177,91.0,1.0,0.1,0.41421118813956603,-0.2928328909447373,0.5072691695727658,0.41421118813956603,-0.2928328909447373,0.5072691695727658,0.5072691695727658,0.0,1.0,0.1,0.41421118813956603,8.167563826785766,8.17806026958712,0.41421118813956603,8.167563826785766,8.17806026958712,8.17806026958712,0.0,1.0,0.1,0.0,0.0,0.0,0.0,0.0,0.0,0.0,0.0,1.0,2.5,-21.55417087400646,8.425126905251233,23.142278311252255,-101.55417087400646,48.42512690525123,112.50885537457302,209.6584700331177,24.0,1.0,5.300000000000001,3.9020149240187436,7.468489518843114,8.426390458573259,-116.09798507598126,-152.5315104811569,191.68882030093994,8.17806026958712,52.0
14_LTAN06_800km_1213COLD_MY_STTLCT_PCDU_HEAT_MY_0p5,13431.0,15.497757255308349,175.39329952117728,176.07665943239004,-214.09373341740735,-162.72956093412063,268.91827139563344,-198.595976162099,12.663738587056656,198.99932668925868,1.0,5.800000000000001,15.497757255308349,15.393299521177283,21.843400607349107,15.497757255308349,175.39329952117728,176.07665943239004,176.07665943239004,57.0,1.0,0.5,0.9539430533335516,5.976265417038661,6.051921652161041,0.9539430533335516,-34.02373458296134,34.037105081378506,34.037105081378506,4.0,1.0,0.1,0.9539430533335516,9.076108127246243,9.126102458687862,0.9539430533335516,9.076108127246243,9.126102458687862,9.126102458687862,0.0,1.0,0.1,0.0,0.0,0.0,0.0,0.0,0.0,0.0,0.0,1.0,11.3,1.4040238379010077,12.663738587056656,12.74133265944744,-198.595976162099,12.663738587056656,198.99932668925868,176.07665943239004,112.0,1.0,10.5,-13.139790364073804,6.346547193125616,14.59221546189534,-213.1397903640738,-153.65345280687438,262.7507446153401,9.126102458687862,104.0
14_LTAN06_800km_1213COLD_MY_STTLCT_PCDU_HEAT_MY_0p5,13491.5,15.977203130579506,143.45475797446082,144.34174242188894,-175.9791926769146,-204.63740968833926,269.89839884514294,-160.0019895463351,-61.18265171387844,171.3007692029644,1.0,5.800000000000001,15.977203130579506,-16.54524202553918,23.000348987775542,15.977203130579506,143.45475797446082,144.34174242188894,144.34174242188894,57.0,1.0,1.5,1.4333889286047086,14.037723870322196,14.110715618991835,1.4333889286047086,-65.9622761296778,65.97784837374215,65.97784837374215,14.0,1.0,0.1,1.4333889286047086,9.694941894522742,9.800331737182102,1.4333889286047086,9.694941894522742,9.800331737182102,9.800331737182102,0.0,1.0,0.1,0.0,0.0,0.0,0.0,0.0,0.0,0.0,0.0,1.0,7.1000000000000005,-0.0019895463350962928,18.817348286121558,18.817348391298296,-160.0019895463351,-61.18265171387844,171.3007692029644,144.34174242188894,70.0,1.0,8.5,-14.54580374830988,5.057532206183481,15.399968788959569,-174.54580374830988,-194.94246779381652,261.665441653434,9.800331737182102,84.0
14_LTAN06_800km_1213COLD_MY_STTLCT_PCDU_HEAT_MY_0p5,13552.0,16.402274641643626,113.21211091553944,114.3941286577782,-279.70824183061484,-170.5685921610885,327.61310288172155,-263.30596718897124,-57.35648124554906,269.48060838989994,1.0,3.2,16.402274641643626,-6.787889084460559,17.751339432359586,16.402274641643626,113.21211091553944,114.3941286577782,114.3941286577782,31.0,1.0,1.5,1.8584604396688285,-16.20492318859918,16.311143759841414,1.8584604396688285,-96.20492318859918,96.22287212991557,96.22287212991557,14.0,1.0,0.1,1.8584604396688285,10.006490004860268,10.17760862988858,1.8584604396688285,10.006490004860268,10.17760862988858,10.17760862988858,0.0,1.0,0.1,0.0,0.0,0.0,0.0,0.0,0.0,0.0,0.0,1.0,21.1,16.694032811028762,-17.356481245549062,24.081905504398968,-263.30596718897124,-57.35648124554906,269.48060838989994,114.3941286577782,210.0,1.0,20.5,2.1502186090539794,-0.5621021562282351,2.2224758493082577,-277.849781390946,-160.56210215622824,320.90604492253425,10.17760862988858,204.0
14_LTAN06_800km_1213COLD_MY_STTLCT_PCDU_HEAT_MY_0p5,13612.5,16.77673169394327,84.58540831018166,86.23311443599094,-245.50949607742552,-190.42868094877952,310.70564074712814,-228.73276438348225,-105.84327263859785,252.0346719508214,1.0,1.4000000000000001,16.77673169394327,4.585408310181663,17.392087157717548,16.77673169394327,84.58540831018166,86.23311443599094,86.23311443599094,13.0,1.0,3.3000000000000003,2.232917491968472,-4.83162579395696,5.322642984342364,2.232917491968472,-124.83162579395696,124.85159477911542,124.85159477911542,32.0,1.0,0.1,2.232917491968472,10.043791463769523,10.289007118941472,2.232917491968472,10.043791463769523,10.289007118941472,10.289007118941472,0.0,1.0,0.1,0.0,0.0,0.0,0.0,0.0,0.0,0.0,0.0,1.0,15.3,11.267235616517752,14.156727361402147,18.093190100786494,-228.73276438348225,-105.84327263859785,252.0346719508214,86.23311443599094,152.0,1.0,14.9,-3.2765785854570595,19.615110514990022,19.886893365781088,-243.27657858545706,-180.38488948500998,302.85673517814547,10.289007118941472,148.0
14_LTAN06_800km_1213COLD_MY_STTLCT_PCDU_HEAT_MY_0p5,13673.0,17.104910911649544,57.47888906773053,59.96999804698962,-298.74273101482714,-123.7586265394219,323.36267097041593,-281.6378201031776,-66.27973747169136,289.33175648688507,1.0,0.4,17.104910911649544,17.478889067730528,24.4558692410942,17.104910911649544,57.47888906773053,59.96999804698962,59.96999804698962,3.0,1.0,5.9,2.5610967096747466,8.061854963591912,8.45888419416523,2.5610967096747466,-151.9381450364081,151.95972865684146,151.95972865684146,58.0,1.0,0.1,2.5610967096747466,9.819428074772112,10.147925111663445,2.5610967096747466,9.819428074772112,10.147925111663445,10.147925111663445,0.0,1.0,0.1,0.0,0.0,0.0,0.0,0.0,0.0,0.0,0.0,1.0,20.900000000000002,-1.637820103177603,13.720262528308638,13.817671965135183,-281.6378201031776,-66.27973747169136,289.33175648688507,59.96999804698962,208.0,1.0,20.700000000000003,-16.181634305152386,6.0608015353502225,17.27942719063882,-296.1816343051524,-113.93919846464978,317.34161631660896,10.147925111663445,206.0
14_LTAN06_800km_1213COLD_MY_STTLCT_PCDU_HEAT_MY_0p5,13733.5,17.39134770084393,31.79935379439072,36.244418557792876,-238.57970774662925,-183.35435374531286,300.8971518406719,-221.18836004578532,-151.55499995092214,268.1290894883805,1.0,0.4,17.39134770084393,-8.200646205609281,19.22783329034302,17.39134770084393,31.79935379439072,36.244418557792876,36.244418557792876,3.0,1.0,5.9,2.847533498869133,-17.617680309747897,17.84631913094856,2.847533498869133,-177.6176803097479,177.64050440607005,177.64050440607005,58.0,1.0,0.1,2.847533498869133,9.457880703515201,9.87724427303016,2.847533498869133,9.457880703515201,9.87724427303016,9.87724427303016,0.0,1.0,0.1,0.0,0.0,0.0,0.0,0.0,0.0,0.0,0.0,1.0,10.5,-21.188360045785316,8.445000049077862,22.809310100455836,-221.18836004578532,-151.55499995092214,268.1290894883805,36.244418557792876,104.0,1.0,15.100000000000001,4.267825752239901,-13.896473041797663,14.537066404639255,-235.7321742477601,-173.89647304179766,292.93282730338194,9.87724427303016,150.0
14_LTAN06_800km_1213COLD_MY_STTLCT_PCDU_HEAT_MY_0p5,13794.0,17.64014362482441,7.472958239733358,19.15776009760097,-264.30214257577825,-106.70466279500424,285.0289592871969,-246.66199895095383,-99.23170455527088,265.8741674466042,1.0,0.1,17.64014362482441,7.472958239733358,19.15776009760097,17.64014362482441,7.472958239733358,19.15776009760097,19.15776009760097,0.0,1.0,9.3,3.096329422849614,-1.9440758644052778,3.6560479840077797,3.096329422849614,-201.94407586440528,201.9678118726434,201.9678118726434,92.0,1.0,0.1,3.096329422849614,8.956370342340012,9.476488041671976,3.096329422849614,8.956370342340012,9.476488041671976,9.476488041671976,0.0,1.0,0.1,0.0,0.0,0.0,0.0,0.0,0.0,0.0,0.0,1.0,15.3,-6.66199895095383,20.76829544472912,21.810647072062448,-246.66199895095383,-99.23170455527088,265.8741674466042,19.15776009760097,152.0,0.0,nan,nan,nan,nan,-261.2058131529286,-97.74829245266423,278.8964063990324,9.476488041671976,nan
14_LTAN06_800km_1213COLD_MY_STTLCT_PCDU_HEAT_MY_0p5,13854.5,17.857271528298,-15.588634655838998,23.704170031211536,-113.47403532820827,-197.98352240868667,228.19691461327517,-95.61676379991027,-213.57215706452567,233.99921323107532,1.0,0.1,17.857271528298,-15.588634655838998,23.704170031211536,17.857271528298,-15.588634655838998,23.704170031211536,23.704170031211536,0.0,1.0,13.5,3.313457326323203,14.994331240022376,15.356072700689973,3.313457326323203,-225.00566875997762,225.0300645993289,225.0300645993289,134.0,1.0,0.1,3.313457326323203,8.315138840633733,8.951007395393024,3.313457326323203,8.315138840633733,8.951007395393024,8.951007395393024,0.0,1.0,0.1,0.0,0.0,0.0,0.0,0.0,0.0,0.0,0.0,1.0,8.9,-15.616763799910274,-13.572157064525669,20.690257585790032,-95.61676379991027,-213.57215706452567,233.99921323107532,23.704170031211536,88.0,1.0,8.700000000000001,9.83942199811493,10.331616431947054,14.267323622665408,-110.16057800188507,-189.66838356805295,219.33866205260634,8.951007395393024,86.0
14_LTAN06_800km_1213COLD_MY_STTLCT_PCDU_HEAT_MY_0p5,13915.0,18.04669562545718,-37.45955131985102,41.58005781720905,-205.87292381251615,-134.39759885123698,245.8584457286186,-187.82622818705897,-171.857150171088,254.58509787476768,1.0,0.5,18.04669562545718,2.5404486801489767,18.22462900841512,18.04669562545718,-37.45955131985102,41.58005781720905,41.58005781720905,4.0,1.0,13.5,3.502881423482382,-6.8765854239896385,7.717357407844004,3.502881423482382,-246.87658542398964,246.9014350077282,246.9014350077282,134.0,1.0,0.1,3.502881423482382,7.5227242629239655,8.298286485953765,3.502881423482382,7.5227242629239655,8.298286485953765,8.298286485953765,0.0,1.0,0.1,0.0,0.0,0.0,0.0,0.0,0.0,0.0,0.0,1.0,10.5,12.173771812941027,-11.857150171087994,16.993902739903202,-187.82622818705897,-171.857150171088,254.58509787476768,41.58005781720905,104.0,1.0,10.700000000000001,-2.370042389033756,-6.874874588313006,7.271932448176947,-202.37004238903376,-126.874874588313,238.85323497566338,8.298286485953765,106.0
14_LTAN06_800km_1213COLD_MY_STTLCT_PCDU_HEAT_MY_0p5,13975.5,18.2111000445023,-58.203761396167074,60.986244395706315,-195.4543260829134,-154.34008857012128,249.04468780594124,-177.2432260384111,-212.54384996628835,276.7490728710674,0.0,nan,nan,nan,nan,18.2111000445023,-58.203761396167074,60.986244395706315,60.986244395706315,nan,1.0,18.5,3.6672858425275017,12.37920449969431,12.910991034620638,3.6672858425275017,-267.6207955003057,267.6459212647696,267.6459212647696,184.0,1.0,0.1,3.6672858425275017,6.668746514679533,7.610595609270872,3.6672858425275017,6.668746514679533,7.610595609270872,7.610595609270872,0.0,1.0,0.1,0.0,0.0,0.0,0.0,0.0,0.0,0.0,0.0,1.0,8.5,-17.24322603841111,-12.543849966288349,21.32315680635705,-177.2432260384111,-212.54384996628835,276.7490728710674,60.986244395706315,84.0,1.0,10.5,8.21295975961408,12.328657944558245,14.81379474432393,-191.78704024038592,-147.67134205544176,242.05184169640745,7.610595609270872,104.0
14_LTAN06_800km_1213COLD_MY_STTLCT_PCDU_HEAT_MY_0p5,14036.0,18.353798790496928,-77.90523670289473,80.0380399296241,-163.79278160255214,-156.38761580614863,226.46227430332164,-145.4389828120552,-234.29285250904337,275.76373666279915,1.0,1.5,18.353798790496928,2.094763297105274,18.472952208917388,18.353798790496928,-77.90523670289473,80.0380399296241,80.0380399296241,14.0,1.0,18.5,3.8099845885221306,-7.322270807033362,8.254188775180099,3.8099845885221306,-287.32227080703336,287.3475304996982,287.3475304996982,184.0,1.0,0.1,3.8099845885221306,5.7335582240353204,6.8840157229032535,3.8099845885221306,5.7335582240353204,6.8840157229032535,6.8840157229032535,0.0,1.0,0.1,0.0,0.0,0.0,0.0,0.0,0.0,0.0,0.0,1.0,12.700000000000001,14.561017187944799,5.707147490956629,15.639525377426144,-145.4389828120552,-234.29285250904337,275.76373666279915,80.0380399296241,126.0,1.0,5.1000000000000005,0.017202985970016016,9.345942417886675,9.345958250558352,-159.98279701402998,-150.65405758211332,219.75245256057335,6.8840157229032535,50.0
14_LTAN06_800km_1213COLD_MY_STTLCT_PCDU_HEAT_MY_0p5,14096.5,18.477205480569907,-96.6226023573283,98.37344361500003,-159.35947051946528,-94.69719522794607,185.37259675659737,-140.88226503889535,-191.3197975852744,237.59435504775763,1.0,1.5,18.477205480569907,-16.622602357328304,24.853933924050317,18.477205480569907,-96.6226023573283,98.37344361500003,98.37344361500003,14.0,1.0,24.3,3.93339127859511,13.960363538533102,14.50390695911045,3.93339127859511,-306.0396364614669,306.0649124816782,306.0649124816782,242.0,1.0,0.1,3.93339127859511,4.741689617879828,6.1607781475100545,3.93339127859511,4.741689617879828,6.1607781475100545,6.1607781475100545,0.0,1.0,0.1,0.0,0.0,0.0,0.0,0.0,0.0,0.0,0.0,1.0,8.5,19.117734961104645,8.680202414725613,20.996040198181447,-140.88226503889535,-191.3197975852744,237.59435504775763,98.37344361500003,84.0,1.0,7.1000000000000005,4.573920759129862,-9.955505610066254,10.955950121411641,-155.42607924087014,-89.95550561006625,179.58078710639373,6.1607781475100545,70.0
14_LTAN06_800km_1213COLD_MY_STTLCT_PCDU_HEAT_MY_0p5,14157.0,18.584607802723344,-114.41943749082084,115.91891701916863,-308.7535084746444,-143.7551141265236,340.579303295036,-290.16890067192105,-258.17455161734443,388.39682030105246,1.0,3.3000000000000003,18.584607802723344,5.58056250917916,19.404389325611394,18.584607802723344,-114.41943749082084,115.91891701916863,115.91891701916863,32.0,1.0,24.3,4.040793600748547,-3.8364715949594483,5.571941064187695,4.040793600748547,-323.83647159495945,323.8616808886115,323.8616808886115,242.0,1.0,0.1,4.040793600748547,3.6878202962256665,5.470651831464361,4.040793600748547,3.6878202962256665,5.470651831464361,5.470651831464361,0.0,1.0,0.1,0.0,0.0,0.0,0.0,0.0,0.0,0.0,0.0,1.0,17.1,-10.168900671921051,21.825448382655566,24.078138175103135,-290.16890067192105,-258.17455161734443,388.39682030105246,115.91891701916863,170.0,0.0,nan,nan,nan,nan,-304.71271487389583,-140.06729383029793,335.3635123366333,5.470651831464361,nan
14_LTAN06_800km_1213COLD_MY_STTLCT_PCDU_HEAT_MY_0p5,14217.5,17.485975840790786,-88.03188461403431,89.75172455058103,-277.0186947705962,-168.8981218910083,324.44711869689127,-259.5327189298054,-256.93000650504257,365.19893268981303,1.0,1.5,17.485975840790786,-8.031884614034311,19.242414649879056,17.485975840790786,-88.03188461403431,89.75172455058103,89.75172455058103,14.0,1.0,18.5,2.942161638815989,-17.448918718172933,17.69522759227262,2.942161638815989,-297.44891871817293,297.46346928945604,297.46346928945604,184.0,1.0,0.1,2.942161638815989,4.539662762307032,5.409699908904143,2.942161638815989,4.539662762307032,5.409699908904143,5.409699908904143,0.0,1.0,0.1,0.0,0.0,0.0,0.0,0.0,0.0,0.0,0.0,0.0,nan,nan,nan,nan,-259.5327189298054,-256.93000650504257,365.19893268981303,89.75172455058103,nan,1.0,20.5,5.923466868219805,-4.358459128701213,7.35415703636091,-274.0765331317802,-164.3584591287012,319.5804266545383,5.409699908904143,204.0
14_LTAN06_800km_1213COLD_MY_STTLCT_PCDU_HEAT_MY_0p5,14278.0,16.455507226719316,-62.70234141747617,64.82566881507941,-155.55942582107417,-52.809448600028446,164.27894820463553,-139.10391859435487,-115.51179001750461,180.8117081423462,1.0,1.5,16.455507226719316,17.29765858252383,23.87452011090845,16.455507226719316,-62.70234141747617,64.82566881507941,64.82566881507941,14.0,1.0,18.5,1.911693024744519,7.880624478385187,8.10918074716433,1.911693024744519,-272.1193755216148,272.1260904516406,272.1260904516406,184.0,1.0,0.1,1.911693024744519,1.3239905589833185,2.325407753735634,1.911693024744519,1.3239905589833185,2.325407753735634,2.325407753735634,0.0,1.0,0.1,0.0,0.0,0.0,0.0,0.0,0.0,0.0,0.0,1.0,2.7,-19.103918594354866,4.488209982495391,19.624060092312927,-139.10391859435487,-115.51179001750461,180.8117081423462,64.82566881507941,26.0,1.0,7.300000000000001,6.352267203670351,-11.48545804104512,13.125054096628858,-153.64773279632965,-51.48545804104512,162.0443710319755,2.325407753735634,72.0
14_LTAN06_800km_1213COLD_MY_STTLCT_PCDU_HEAT_MY_0p5,14338.5,15.494917114358593,-38.50181578589312,41.5027984019354,-232.5041796907286,-93.73834807318278,250.68919297238918,-217.00926257637,-132.2401638590759,254.12689936607487,1.0,0.5,15.494917114358593,1.4981842141068782,15.567177403763402,15.494917114358593,-38.50181578589312,41.5027984019354,41.5027984019354,4.0,1.0,13.5,0.9511029123837957,-7.918849890031737,7.975762053296261,0.9511029123837957,-247.91884989003174,247.92067426405978,247.92067426405978,134.0,1.0,0.1,0.9511029123837957,-1.4986115657313945,1.774946020274656,0.9511029123837957,-1.4986115657313945,1.774946020274656,1.774946020274656,0.0,1.0,0.1,0.0,0.0,0.0,0.0,0.0,0.0,0.0,0.0,1.0,10.700000000000001,-17.00926257636999,-12.240163859075892,20.95558695644024,-217.00926257637,-132.2401638590759,254.12689936607487,41.5027984019354,106.0,1.0,15.5,8.446923221655197,-15.236959638914158,17.421694835762587,-231.5530767783448,-95.23695963891416,250.3735326402977,1.774946020274656,154.0
14_LTAN06_800km_1213COLD_MY_STTLCT_PCDU_HEAT_MY_0p5,14399.0,14.60430546718613,-15.464248700816984,21.270372024475794,-179.39483512496042,28.717766776178877,181.67888429347735,-164.7905296577743,13.253518075361892,165.32263730736858,1.0,0.1,14.60430546718613,-15.464248700816984,21.270372024475794,14.60430546718613,-15.464248700816984,21.270372024475794,21.270372024475794,0.0,1.0,9.3,0.060491265211332745,-24.881282804955617,24.881356337895788,0.060491265211332745,-224.88128280495562,224.88129094078857,224.88129094078857,92.0,1.0,0.1,0.060491265211332745,-3.919008191329601,3.9194750154676807,0.060491265211332745,-3.919008191329601,3.9194750154676807,3.9194750154676807,0.0,1.0,0.1,0.0,0.0,0.0,0.0,0.0,0.0,0.0,0.0,1.0,7.5,-4.7905296577743,13.253518075361892,14.092725633317338,-164.7905296577743,13.253518075361892,165.32263730736858,21.270372024475794,74.0,1.0,7.7,-19.334343859749083,-15.201241415150726,24.594604958175495,-179.33434385974908,24.798758584849274,181.04083880427743,3.9194750154676807,76.0
14_LTAN06_800km_1213COLD_MY_STTLCT_PCDU_HEAT_MY_0p5,14459.5,13.782653583734476,6.408553348833801,15.199707096983078,-122.41838186288422,-69.08915744905264,140.56874437422752,-108.63572827914975,-62.68060410021884,125.42160734542365,1.0,0.1,13.782653583734476,6.408553348833801,15.199707096983078,13.782653583734476,6.408553348833801,15.199707096983078,15.199707096983078,0.0,1.0,9.3,-0.7611606182403214,-3.0084807553048165,3.1032760015505274,-0.7611606182403214,-203.00848075530482,203.0099076992641,203.0099076992641,92.0,1.0,0.1,-0.7611606182403214,-6.015354928245663,6.063320905207753,-0.7611606182403214,-6.015354928245663,6.063320905207753,6.063320905207753,0.0,1.0,0.1,0.0,0.0,0.0,0.0,0.0,0.0,0.0,0.0,1.0,4.1000000000000005,11.364271720850255,17.319395899781163,20.71492568363868,-108.63572827914975,-62.68060410021884,125.42160734542365,15.199707096983078,40.0,1.0,4.1000000000000005,-3.1795424811245425,4.895487622701694,5.837404342111406,-123.17954248112454,-75.1045123772983,144.2701891081138,6.063320905207753,40.0
14_LTAN06_800km_1213COLD_MY_STTLCT_PCDU_HEAT_MY_0p5,14520.0,13.02808073620628,27.123834908027067,30.090418870248666,-161.56468378003086,-35.491079689620975,165.4169392247251,-148.53660304382458,-8.367244781593907,148.77208484468392,1.0,0.4,13.02808073620628,-12.876165091972933,18.317382868326234,13.02808073620628,27.123834908027067,30.090418870248666,30.090418870248666,3.0,1.0,5.9,-1.515733465768518,-22.293199196111544,22.344667783092213,-1.515733465768518,-182.29319919611154,182.29950060571326,182.29950060571326,58.0,1.0,0.1,-1.515733465768518,-7.776738669849056,7.923074673280337,-1.515733465768518,-7.776738669849056,7.923074673280337,7.923074673280337,0.0,1.0,0.1,0.0,0.0,0.0,0.0,0.0,0.0,0.0,0.0,1.0,7.5,11.463396956175416,-8.367244781593907,14.192260391141442,-148.53660304382458,-8.367244781593907,148.77208484468392,30.090418870248666,74.0,1.0,7.300000000000001,-3.0804172457993673,-3.267818359470027,4.490835917589012,-163.08041724579937,-43.26781835947003,168.72263213526546,7.923074673280337,72.0
14_LTAN06_800km_1213COLD_MY_STTLCT_PCDU_HEAT_MY_0p5,14580.5,12.337617237277914,46.7035785425591,48.305704091489694,-127.51971632919451,51.96212245040004,137.70018236091266,-115.1820990919166,98.66570099295913,151.6635635334081,1.0,0.4,12.337617237277914,6.7035785425591,14.04118101762939,12.337617237277914,46.7035785425591,48.305704091489694,48.305704091489694,3.0,1.0,5.9,-2.2061969646968826,-2.713455561579508,3.497162582967012,-2.2061969646968826,-162.7134555615795,162.72841155077114,162.72841155077114,58.0,1.0,0.1,-2.2061969646968826,-9.218985105874602,9.479292770527529,-2.2061969646968826,-9.218985105874602,9.479292770527529,9.479292770527529,0.0,1.0,0.1,0.0,0.0,0.0,0.0,0.0,0.0,0.0,0.0,1.0,2.6,4.817900908083402,-21.33429900704087,21.87154505932162,-115.1820990919166,98.66570099295913,151.6635635334081,48.305704091489694,25.0,1.0,4.7,-9.72591329389138,2.7431373445254295,10.105354614817983,-129.72591329389138,42.74313734452543,136.58619392159366,9.479292770527529,46.0
14_LTAN06_800km_1213COLD_MY_STTLCT_PCDU_HEAT_MY_0p5,14641.0,11.707653327602674,65.18291112025906,66.22598469295053,-114.19308198681993,11.760821571242325,114.79711188736054,-102.48542865921726,76.9437326915014,128.15459838790306,1.0,1.4000000000000001,11.707653327602674,-14.817088879740936,18.884259829537097,11.707653327602674,65.18291112025906,66.22598469295053,66.22598469295053,13.0,1.0,3.3000000000000003,-2.8361608743721227,-24.23412298387956,24.399518956387617,-2.8361608743721227,-144.23412298387956,144.26200484338978,144.26200484338978,32.0,1.0,0.1,-2.8361608743721227,-10.333739457821181,10.715875124666658,-2.8361608743721227,-10.333739457821181,10.715875124666658,10.715875124666658,0.0,1.0,0.1,0.0,0.0,0.0,0.0,0.0,0.0,0.0,0.0,1.0,1.0,-22.485428659217263,-3.0562673084986045,22.69218525946204,-102.48542865921726,76.9437326915014,128.15459838790306,66.22598469295053,9.0,1.0,4.5,2.97075713880794,1.4270821134211502,3.2957489795530415,-117.02924286119206,1.4270821134211502,117.03794362522916,10.715875124666658,44.0
14_LTAN06_800km_1213COLD_MY_STTLCT_PCDU_HEAT_MY_0p5,14701.5,11.135482931076156,82.5959071100273,83.3431631955288,-42.028078037240334,-4.2280478016950855,42.2402146267959,-30.89259510616418,78.36785930833221,84.23700971048267,1.0,1.4000000000000001,11.135482931076156,2.595907110027298,11.434059376799594,11.135482931076156,82.5959071100273,83.3431631955288,83.3431631955288,13.0,1.0,3.3000000000000003,-3.408331270898641,-6.821126994111324,7.625253800496068,-3.408331270898641,-126.82112699411132,126.86691835978637,126.86691835978637,32.0,1.0,0.1,-3.408331270898641,-11.209122512951495,11.71585035592985,-3.408331270898641,-11.209122512951495,11.71585035592985,11.71585035592985,0.0,1.0,0.1,0.0,0.0,0.0,0.0,0.0,0.0,0.0,0.0,1.0,1.2000000000000002,9.10740489383582,-1.6321406916677859,9.25249734599597,-30.89259510616418,78.36785930833221,84.23700971048267,83.3431631955288,11.0,1.0,0.9,-5.436409308138977,-15.437170314646579,16.366452684959732,-45.43640930813898,-15.437170314646579,47.98722244660701,11.71585035592985,8.0
14_LTAN06_800km_1213COLD_MY_STTLCT_PCDU_HEAT_MY_0p5,14762.0,10.617618934005227,98.98479252745103,99.5526141471447,1.9117435817462614,85.30765096528542,85.32906935351697,12.529362515751489,184.29244349273645,184.71786500924748,1.0,1.4000000000000001,10.617618934005227,18.984792527451035,21.752153436800388,10.617618934005227,98.98479252745103,99.5526141471447,99.5526141471447,13.0,1.0,3.3000000000000003,-3.92619526796957,9.567758423312412,10.34200224952075,-3.92619526796957,-110.43224157668759,110.50201350624393,110.50201350624393,32.0,1.0,0.1,-3.92619526796957,-11.84876876472326,12.482320718604702,-3.92619526796957,-11.84876876472326,12.482320718604702,12.482320718604702,0.0,1.0,0.1,0.0,0.0,0.0,0.0,0.0,0.0,0.0,0.0,1.0,9.200000000000001,12.529362515751489,-15.707556507263547,20.09259207966946,12.529362515751489,184.29244349273645,184.71786500924748,99.5526141471447,91.0,1.0,1.4000000000000001,-2.0144516862233086,-6.541117799437842,6.8442850366017405,-2.0144516862233086,73.45888220056216,73.48649800985345,12.482320718604702,13.0
14_LTAN06_800km_1213COLD_MY_STTLCT_PCDU_HEAT_MY_0p5,14822.5,10.15064353688684,114.3952431028644,114.84470910223243,-38.4785590887179,-45.92130946219617,59.91131923323624,-28.32791555183106,68.47393364066824,74.10229677775385,1.0,3.2,10.15064353688684,-5.604756897135601,11.595208669486361,10.15064353688684,114.3952431028644,114.84470910223243,114.84470910223243,31.0,1.0,1.5,-4.393170665087958,-15.021791001274224,15.651011257377354,-4.393170665087958,-95.02179100127422,95.12329217169908,95.12329217169908,14.0,1.0,0.1,-4.393170665087958,-12.277974846049545,13.04026897011004,-4.393170665087958,-12.277974846049545,13.04026897011004,13.04026897011004,0.0,1.0,0.1,0.0,0.0,0.0,0.0,0.0,0.0,0.0,0.0,1.0,1.2000000000000002,11.672084448168938,-11.526066359331764,16.403894692569402,-28.32791555183106,68.47393364066824,74.10229677775385,114.84470910223243,11.0,1.0,0.30000000000000004,-2.871729753805859,-18.19928430824571,18.424461487686752,-42.87172975380586,-58.19928430824571,72.28514305218866,13.04026897011004,2.0
14_LTAN06_800km_1213COLD_MY_STTLCT_PCDU_HEAT_MY_0p5,14883.0,9.73280791934198,128.89155602079614,129.25850364079275,33.94084229157032,15.142068206132272,37.16534683035274,43.6736502109123,144.03362422692842,150.5093772184615,1.0,3.2,9.73280791934198,8.891556020796145,13.182841820554554,9.73280791934198,128.89155602079614,129.25850364079275,129.25850364079275,31.0,1.0,1.5,-4.8110062826328175,-0.5254780833424775,4.83961864898524,-4.8110062826328175,-80.52547808334248,80.66906719432426,80.66906719432426,14.0,1.0,0.1,-4.8110062826328175,-12.49021839692773,13.384742696611108,-4.8110062826328175,-12.49021839692773,13.384742696611108,13.384742696611108,0.0,1.0,0.1,0.0,0.0,0.0,0.0,0.0,0.0,0.0,0.0,1.0,3.4000000000000004,3.6736502109122995,24.033624226928424,24.312770293681815,43.6736502109123,144.03362422692842,150.5093772184615,129.25850364079275,33.0,1.0,0.8,-10.870163991062498,2.651849809204549,11.18895761915157,29.129836008937502,2.651849809204549,29.250293217644337,13.384742696611108,7.0
14_LTAN06_800km_1213COLD_MY_STTLCT_PCDU_HEAT_MY_0p5,14943.5,9.36088976901202,142.5161310112861,142.82322589723864,51.618009781385595,-34.10178381689812,61.865584885990316,60.978899550397614,108.41434719438797,124.38688382608024,1.0,3.2,9.36088976901202,22.51613101128609,24.384470734157695,9.36088976901202,142.5161310112861,142.82322589723864,142.82322589723864,31.0,1.0,1.5,-5.182924432962777,13.09909690714747,14.087194378606513,-5.182924432962777,-66.90090309285253,67.10136764863327,67.10136764863327,14.0,1.0,0.1,-5.182924432962777,-12.553172175822311,13.581046990333329,-5.182924432962777,-12.553172175822311,13.581046990333329,13.581046990333329,0.0,1.0,0.1,0.0,0.0,0.0,0.0,0.0,0.0,0.0,0.0,1.0,3.4000000000000004,20.978899550397614,-11.585652805612028,23.96542462127177,60.978899550397614,108.41434719438797,124.38688382608024,142.82322589723864,33.0,1.0,0.7000000000000001,6.435085348422817,-6.654955992720431,9.257362621531664,46.43508534842282,-46.65495599272043,65.82478309875385,13.581046990333329,6.0
14_LTAN06_800km_1213COLD_MY_STTLCT_PCDU_HEAT_MY_0p5,15004.0,9.034935174806083,155.31599167574788,155.57855676099433,-8.222149582177481,-28.138927890703336,29.315576177007053,0.8127855926286021,127.17706378504454,127.17966100522864,1.0,5.800000000000001,9.034935174806083,-4.684008324252119,10.176934096013955,9.034935174806083,155.31599167574788,155.57855676099433,155.57855676099433,57.0,1.0,0.5,-5.508879027168714,-14.101042428390741,15.13892815569369,-5.508879027168714,-54.10104242839074,54.38079201312274,54.38079201312274,4.0,1.0,0.1,-5.508879027168714,-12.484846851240945,13.646213725239695,-5.508879027168714,-12.484846851240945,13.646213725239695,13.646213725239695,0.0,1.0,0.1,0.0,0.0,0.0,0.0,0.0,0.0,0.0,0.0,1.0,3.2,0.8127855926286021,7.177063785044538,7.222940190406013,0.8127855926286021,127.17706378504454,127.17966100522864,155.57855676099433,31.0,1.0,0.5,-13.731028609346195,-0.6237747419442883,13.745189762217594,-13.731028609346195,-40.62377474194429,42.88160702393177,13.646213725239695,4.0
14_LTAN06_800km_1213COLD_MY_STTLCT_PCDU_HEAT_MY_0p5,15064.5,8.760081351568074,167.3456349327468,167.57476109584718,109.78572146588205,39.190608830202294,116.57104468205715,118.54580281745012,206.53624376294908,238.13930241214297,1.0,5.800000000000001,8.760081351568074,7.345634932746805,11.432295388559591,8.760081351568074,167.3456349327468,167.57476109584718,167.57476109584718,57.0,1.0,0.5,-5.783732850406723,-2.0713991713918176,6.14347297642926,-5.783732850406723,-42.07139917139182,42.467095426029104,42.467095426029104,4.0,1.0,0.1,-5.783732850406723,-12.301297810819392,13.593141414527544,-5.783732850406723,-12.301297810819392,13.593141414527544,13.593141414527544,0.0,1.0,0.1,0.0,0.0,0.0,0.0,0.0,0.0,0.0,0.0,1.0,9.8,-1.4541971825498763,6.536243762949084,6.696056449465372,118.54580281745012,206.53624376294908,238.13930241214297,167.57476109584718,97.0,1.0,4.6000000000000005,-15.998011384524673,-13.110688980617113,20.683968038213944,104.00198861547533,26.889311019382887,107.42182591573543,13.593141414527544,45.0
14_LTAN06_800km_1213COLD_MY_STTLCT_PCDU_HEAT_MY_0p5,15125.0,8.533526071507366,178.64410084054245,178.84780074783976,68.33566161338209,0.8604881024683717,68.34107906605772,76.86918768488945,179.50458894301082,195.27101542966903,1.0,5.800000000000001,8.533526071507366,18.64410084054245,20.504232815821506,8.533526071507366,178.64410084054245,178.84780074783976,178.84780074783976,57.0,1.0,0.5,-6.010288130467432,9.227066736403827,11.011917361172289,-6.010288130467432,-30.772933263596173,31.35437744649033,31.35437744649033,4.0,1.0,0.1,-6.010288130467432,-12.02985702164321,13.447714429315345,-6.010288130467432,-12.02985702164321,13.447714429315345,13.447714429315345,0.0,1.0,0.1,0.0,0.0,0.0,0.0,0.0,0.0,0.0,0.0,1.0,6.2,-3.1308123151105463,19.504588943010816,19.75426474430946,76.86918768488945,179.50458894301082,195.27101542966903,178.84780074783976,61.0,1.0,0.8,22.325373482914657,-11.169368919174843,24.963515441625162,62.32537348291466,-11.169368919174843,63.31829894933558,13.447714429315345,7.0
14_LTAN06_800km_1213COLD_MY_STTLCT_PCDU_HEAT_MY_0p5,15185.5,8.366992686794308,189.25070776029625,189.43557468013742,113.31758219701825,130.2439835835623,172.63942103324268,121.68457488381256,319.49469134385856,341.8830115135317,1.0,9.200000000000001,8.366992686794308,-10.749292239703749,13.621815234227217,8.366992686794308,189.25070776029625,189.43557468013742,189.43557468013742,91.0,1.0,0.1,-6.176821515180489,-20.16632634384237,21.09108442533829,-6.176821515180489,-20.16632634384237,21.09108442533829,21.09108442533829,0.0,1.0,0.1,-6.176821515180489,-11.653544888558514,13.189322670252816,-6.176821515180489,-11.653544888558514,13.189322670252816,13.189322670252816,0.0,1.0,0.1,0.0,0.0,0.0,0.0,0.0,0.0,0.0,0.0,1.0,24.8,1.6845748838125587,-0.5053086561414375,1.7587294781016098,121.68457488381256,319.49469134385856,341.8830115135317,189.43557468013742,247.0,1.0,3.8000000000000003,-12.859239318162238,-1.4095613049962026,12.936262942376839,107.14076068183776,118.5904386950038,159.82125875288395,13.189322670252816,37.0
14_LTAN06_800km_1213COLD_MY_STTLCT_PCDU_HEAT_MY_0p5,15246.0,8.271598833787785,199.20272041392195,199.37437941614834,113.37822632735578,45.67157014063139,122.23139745682253,121.64982516114355,244.87429055455334,273.426586374355,1.0,9.200000000000001,8.271598833787785,-0.7972795860780479,8.30993393508614,8.271598833787785,199.20272041392195,199.37437941614834,199.37437941614834,91.0,1.0,0.1,-6.2722153681870125,-10.21431369021667,11.986362658749695,-6.2722153681870125,-10.21431369021667,11.986362658749695,11.986362658749695,0.0,1.0,0.1,-6.2722153681870125,-11.217205824279347,12.851707751468979,-6.2722153681870125,-11.217205824279347,12.851707751468979,12.851707751468979,0.0,1.0,0.1,0.0,0.0,0.0,0.0,0.0,0.0,0.0,0.0,1.0,14.0,1.6498251611435535,4.87429055455334,5.14593348893573,121.64982516114355,244.87429055455334,273.426586374355,199.37437941614834,139.0,1.0,4.6000000000000005,-12.893989040831244,-5.545635683647959,14.035990471670525,107.10601095916876,34.45436431635204,112.51133633563104,12.851707751468979,45.0
14_LTAN06_800km_1213COLD_MY_STTLCT_PCDU_HEAT_MY_0p5,15306.5,8.24349682754722,208.53370461206012,208.69657687459977,61.454866437657515,69.39681214768731,92.69637611650052,69.69836326520473,277.93051675974743,286.53661893061536,1.0,9.200000000000001,8.24349682754722,8.53370461206012,11.865047591631365,8.24349682754722,208.53370461206012,208.69657687459977,208.69657687459977,91.0,1.0,0.1,-6.300317374427577,-0.8833294920785022,6.361939170574461,-6.300317374427577,-0.8833294920785022,6.361939170574461,6.361939170574461,0.0,1.0,0.1,-6.300317374427577,-10.723471186215278,12.437316161459565,-6.300317374427577,-10.723471186215278,12.437316161459565,12.437316161459565,0.0,1.0,0.1,0.0,0.0,0.0,0.0,0.0,0.0,0.0,0.0,1.0,18.8,-10.301636734795267,-2.0694832402525662,10.507448800606623,69.69836326520473,277.93051675974743,286.53661893061536,208.69657687459977,187.0,1.0,0.6000000000000001,15.154549063229936,18.673340961472036,24.04899207811489,55.154549063229936,58.673340961472036,80.52692234246501,12.437316161459565,5.0
14_LTAN06_800km_1213COLD_MY_STTLCT_PCDU_HEAT_MY_0p5,15367.0,8.289901650550613,217.2612117804335,217.4193105813699,102.39000538045717,87.23477547650312,134.51252452558444,110.67990703100779,304.49598725693664,323.9874196260852,1.0,9.200000000000001,8.289901650550613,17.261211780433513,19.148678844891062,8.289901650550613,217.2612117804335,217.4193105813699,217.4193105813699,91.0,1.0,0.1,-6.253912551424184,7.8441776762948905,10.032075837938232,-6.253912551424184,7.8441776762948905,10.032075837938232,10.032075837938232,0.0,1.0,0.1,-6.253912551424184,-10.204308490159775,11.968263615212017,-6.253912551424184,-10.204308490159775,11.968263615212017,11.968263615212017,0.0,1.0,0.1,0.0,0.0,0.0,0.0,0.0,0.0,0.0,0.0,1.0,24.8,-9.320092968992213,-15.504012743063356,18.089735876671305,110.67990703100779,304.49598725693664,323.9874196260852,217.4193105813699,247.0,1.0,1.8,16.13609282903299,-2.969533013656644,16.40706000800773,96.13609282903299,77.03046698634336,123.19026417930347,11.968263615212017,17.0
14_LTAN06_800km_1213COLD_MY_STTLCT_PCDU_HEAT_MY_0p5,15427.5,8.411278908504642,225.411206172318,225.56808613129633,169.15411845905388,155.69687061709922,229.90135126096447,177.56539736755852,381.1080767894172,420.44361873671875,1.0,13.4,8.411278908504642,-14.588793827681997,16.839908498066947,8.411278908504642,225.411206172318,225.56808613129633,225.56808613129633,133.0,1.0,0.1,-6.132535293470156,15.994172068179381,17.129551344742996,-6.132535293470156,15.994172068179381,17.129551344742996,17.129551344742996,0.0,1.0,0.1,-6.132535293470156,-9.656037170398719,11.438839231398385,-6.132535293470156,-9.656037170398719,11.438839231398385,11.438839231398385,0.0,1.0,0.1,0.0,0.0,0.0,0.0,0.0,0.0,0.0,0.0,0.0,nan,nan,nan,nan,177.56539736755852,381.1080767894172,420.44361873671875,225.56808613129633,nan,1.0,6.6000000000000005,3.0215831655837064,-13.959166553299497,14.282447118379055,163.0215831655837,146.0408334467005,218.8697366280232,11.438839231398385,65.0
14_LTAN06_800km_1213COLD_MY_STTLCT_PCDU_HEAT_MY_0p5,15488.0,8.603939631257564,233.01391029627283,233.17270459626658,164.18828002787725,227.7366143830892,280.75212702521867,172.79221965913482,460.750524679362,492.08555878732926,1.0,13.4,8.603939631257564,-6.986089703727174,11.083015227222571,8.603939631257564,233.01391029627283,233.17270459626658,233.17270459626658,133.0,1.0,0.1,-5.939874570717233,23.596876192134204,24.332995622051207,-5.939874570717233,23.596876192134204,24.332995622051207,24.332995622051207,0.0,1.0,0.1,-5.939874570717233,-9.109674334600015,10.875121902687962,-5.939874570717233,-9.109674334600015,10.875121902687962,10.875121902687962,0.0,1.0,0.1,0.0,0.0,0.0,0.0,0.0,0.0,0.0,0.0,1.0,47.2,12.792219659134815,20.750524679362,24.37673395425168,172.79221965913482,460.750524679362,492.08555878732926,233.17270459626658,471.0,1.0,10.0,-1.751594542839996,18.62694004848916,18.709114864485606,158.24840545716,218.62694004848916,269.8894157700509,10.875121902687962,99.0
14_LTAN06_800km_1213COLD_MY_STTLCT_PCDU_HEAT_MY_0p5,15548.5,8.860352089777187,240.0780753169831,240.24152032290718,190.17011210794618,214.24925298687853,286.4741069356606,199.03046419772338,454.32732830386163,496.0105310600634,1.0,13.4,8.860352089777187,0.078075316983103,8.860696073669438,8.860352089777187,240.0780753169831,240.24152032290718,240.24152032290718,133.0,1.0,0.4,-5.68346211219761,-9.33895878715552,10.932423921938584,-5.68346211219761,30.66104121284448,31.183347957468154,31.183347957468154,3.0,1.0,0.1,-5.68346211219761,-8.553509845982717,10.269579945942725,-5.68346211219761,-8.553509845982717,10.269579945942725,10.269579945942725,0.0,1.0,0.1,0.0,0.0,0.0,0.0,0.0,0.0,0.0,0.0,1.0,47.400000000000006,-0.9695358022766243,14.327328303861634,14.36009526425681,199.03046419772338,454.32732830386163,496.0105310600634,240.24152032290718,473.0,1.0,10.200000000000001,-15.513350004251436,5.695743140895814,16.525904461828095,184.48664999574856,205.69574314089581,276.30791297561353,10.269579945942725,101.0
14_LTAN06_800km_1213COLD_MY_STTLCT_PCDU_HEAT_MY_0p5,15609.0,9.177212073331065,246.63072414034608,246.80140864960714,209.27800414043446,181.8764650682223,277.2658139091727,218.45521621376554,428.5071892085684,480.97930589000487,1.0,13.4,9.177212073331065,6.630724140346075,11.322001769310127,9.177212073331065,246.63072414034608,246.80140864960714,246.80140864960714,133.0,1.0,0.4,-5.366602128643732,-2.7863099637925473,6.046812517475059,-5.366602128643732,37.21369003620745,37.59865881275673,37.59865881275673,3.0,1.0,0.1,-5.366602128643732,-7.985215358309745,9.621022956305076,-5.366602128643732,-7.985215358309745,9.621022956305076,9.621022956305076,0.0,1.0,0.1,0.0,0.0,0.0,0.0,0.0,0.0,0.0,0.0,1.0,47.400000000000006,18.45521621376554,-11.492810791431623,21.74119834288077,218.45521621376554,428.5071892085684,480.97930589000487,246.80140864960714,473.0,1.0,12.0,3.9114020117907558,13.891249709912557,14.431420034112598,203.91140201179076,173.89124970991256,267.9888553579967,9.621022956305076,119.0
14_LTAN06_800km_1213COLD_MY_STTLCT_PCDU_HEAT_MY_0p5,15669.5,9.550023955967657,252.6982412070406,252.87863505383612,247.40971251212756,211.57932021084707,325.5416633646418,256.95973646809523,464.2775614178877,530.6429686728105,1.0,13.4,9.550023955967657,12.69824120704061,15.888621315637813,9.550023955967657,252.6982412070406,252.87863505383612,252.87863505383612,133.0,1.0,0.4,-4.993790246007141,3.2812071029019876,5.975304266165073,-4.993790246007141,43.28120710290199,43.568346644156804,43.568346644156804,3.0,1.0,0.1,-4.993790246007141,-7.406652684162509,8.932885592289189,-4.993790246007141,-7.406652684162509,8.932885592289189,8.932885592289189,0.0,1.0,0.1,0.0,0.0,0.0,0.0,0.0,0.0,0.0,0.0,1.0,56.6,16.95973646809523,-15.722438582112318,23.126342902316683,256.95973646809523,464.2775614178877,530.6429686728105,252.87863505383612,565.0,1.0,16.8,2.4159222661204467,4.172667526684563,4.821600842477986,242.41592226612045,204.17266752668456,316.9415680107231,8.932885592289189,167.0
14_LTAN06_800km_1213COLD_MY_STTLCT_PCDU_HEAT_MY_0p5,15730.0,9.968555968978036,258.30387138248807,258.4961548636412,339.67482266255325,197.35894036194918,392.8479814020029,349.6433786315313,455.66281174443725,574.3510165636679,1.0,13.4,9.968555968978036,18.30387138248807,20.84235628937653,9.968555968978036,258.30387138248807,258.4961548636412,258.4961548636412,133.0,1.0,0.4,-4.575258232996761,8.886837278349446,9.995442196844822,-4.575258232996761,48.88683727834945,49.10046687128771,49.10046687128771,3.0,1.0,0.1,-4.575258232996761,-6.840019111324125,8.229146331296091,-4.575258232996761,-6.840019111324125,8.229146331296091,8.229146331296091,0.0,1.0,0.1,0.0,0.0,0.0,0.0,0.0,0.0,0.0,0.0,1.0,48.2,-10.356621368468723,15.66281174443725,18.77720101376945,349.6433786315313,455.66281174443725,574.3510165636679,258.4961548636412,481.0,1.0,28.400000000000002,15.099564429556494,-9.481078749374944,17.829405492449176,335.0995644295565,190.51892125062506,385.4726675594268,8.229146331296091,283.0
14_LTAN06_800km_1213COLD_MY_STTLCT_PCDU_HEAT_MY_0p5,15790.5,10.430209673066912,263.47198730631,263.67835969028727,301.62139136687216,164.35145063275675,343.4921586516632,312.0516010399391,427.8234379390667,529.5366802796495,1.0,18.400000000000002,10.430209673066912,-16.528012693690016,19.54391151808964,10.430209673066912,263.47198730631,263.67835969028727,263.67835969028727,183.0,1.0,0.4,-4.113604528907885,14.054953202171362,14.64457072554462,-4.113604528907885,54.05495320217136,54.21125075027496,54.21125075027496,3.0,1.0,0.1,-4.113604528907885,-6.28255758258598,7.509478810061325,-4.113604528907885,-6.28255758258598,7.509478810061325,7.509478810061325,0.0,1.0,0.1,0.0,0.0,0.0,0.0,0.0,0.0,0.0,0.0,1.0,48.0,-7.948398960060899,-12.176562060933293,14.541172911840958,312.0516010399391,427.8234379390667,529.5366802796495,263.67835969028727,479.0,1.0,22.0,17.507786837964318,-1.9311069498292568,17.613965312083348,297.5077868379643,158.06889305017074,336.8926508241608,7.509478810061325,219.0
14_LTAN06_800km_1213COLD_MY_STTLCT_PCDU_HEAT_MY_0p5,15851.0,10.92757267728683,268.2267015040112,268.4492042162526,326.2225431536592,144.5721657639434,356.8224471292665,337.15011583094605,412.7988672679546,532.9850893060018,1.0,18.400000000000002,10.92757267728683,-11.773298495988797,16.063075735768592,10.92757267728683,268.2267015040112,268.4492042162526,268.4492042162526,183.0,1.0,0.4,-3.6162415246879664,18.80966739987258,19.15413246426752,-3.6162415246879664,58.80966739987258,58.92074492441956,58.92074492441956,3.0,1.0,0.1,-3.6162415246879664,-5.732703898752675,6.777986187331136,-3.6162415246879664,-5.732703898752675,6.777986187331136,6.777986187331136,0.0,1.0,0.1,0.0,0.0,0.0,0.0,0.0,0.0,0.0,0.0,1.0,39.800000000000004,17.15011583094605,12.79886726795462,21.3994737402018,337.15011583094605,412.7988672679546,532.9850893060018,268.4492042162526,397.0,1.0,28.0,2.6063016289712664,18.839461865190742,19.01888880957966,322.60630162897127,138.83946186519074,351.21392629242155,6.777986187331136,279.0
14_LTAN06_800km_1213COLD_MY_STTLCT_PCDU_HEAT_MY_0p5,15911.5,11.45076331712202,272.59148621770026,272.83188658754574,313.46239090143854,-207.2892077362994,375.8024562899888,324.9131542185606,65.30227848140086,331.410538998259,1.0,18.400000000000002,11.45076331712202,-7.408513782299735,13.638403755838599,11.45076331712202,272.59148621770026,272.83188658754574,272.83188658754574,183.0,1.0,0.4,-3.0930508848527776,23.174452113561642,23.379952834427407,-3.0930508848527776,63.17445211356164,63.25012540402574,63.25012540402574,3.0,1.0,0.1,-3.0930508848527776,-5.181723914164195,6.0346687149262515,-3.0930508848527776,-5.181723914164195,6.0346687149262515,6.0346687149262515,0.0,1.0,0.1,0.0,0.0,0.0,0.0,0.0,0.0,0.0,0.0,1.0,27.8,4.913154218560578,-14.697721518599138,15.497164328148934,324.9131542185606,65.30227848140086,331.410538998259,272.83188658754574,277.0,1.0,26.400000000000002,-9.630659983414205,-12.470931650463598,15.75670485687507,310.3693400165858,-212.4709316504636,376.12899917281976,6.0346687149262515,263.0
14_LTAN06_800km_1213COLD_MY_STTLCT_PCDU_HEAT_MY_0p5,15972.0,11.99808628343702,276.5869706073726,276.8470812275766,356.2828680165971,-188.71251472911914,403.17477011529377,368.2809543000341,87.87445587825349,378.6195733134289,1.0,18.400000000000002,11.99808628343702,-3.4130293926273794,12.474086904448678,11.99808628343702,276.5869706073726,276.8470812275766,276.8470812275766,183.0,1.0,1.4000000000000001,-2.545727918537777,-12.830063496766002,13.080185777207834,-2.545727918537777,67.169936503234,67.21816049613162,67.21816049613162,13.0,1.0,0.1,-2.545727918537777,-4.647806599928572,5.299324185739374,-2.545727918537777,-4.647806599928572,5.299324185739374,5.299324185739374,0.0,1.0,0.1,0.0,0.0,0.0,0.0,0.0,0.0,0.0,0.0,1.0,34.800000000000004,8.280954300034125,7.874455878253485,11.42721573690698,368.2809543000341,87.87445587825349,378.6195733134289,276.8470812275766,347.0,1.0,33.4,-6.262859901940658,6.639678670952293,9.127362543738194,353.73714009805934,-193.3603213290477,403.1354340035451,5.299324185739374,333.0
14_LTAN06_800km_1213COLD_MY_STTLCT_PCDU_HEAT_MY_0p5,16032.5,12.56287544144024,280.2435790914918,280.5250246615556,383.95329875290884,-158.10660902545538,415.23226685888545,396.5161741943491,122.13697006603644,414.9006096098622,1.0,18.400000000000002,12.56287544144024,0.24357909149182433,12.565236572820835,12.56287544144024,280.2435790914918,280.5250246615556,280.5250246615556,183.0,1.0,1.4000000000000001,-1.9809387605345563,-9.173455012646798,9.384902516384646,-1.9809387605345563,70.8265449873532,70.8542418858501,70.8542418858501,13.0,1.0,0.1,-1.9809387605345563,-4.129353542604406,4.579921293298362,-1.9809387605345563,-4.129353542604406,4.579921293298362,4.579921293298362,0.0,1.0,0.1,0.0,0.0,0.0,0.0,0.0,0.0,0.0,0.0,1.0,42.800000000000004,-3.483825805650895,2.13697006603644,4.0870139842255115,396.5161741943491,122.13697006603644,414.9006096098622,280.5250246615556,427.0,1.0,33.6,21.972359992374322,-2.23596256805979,22.08583555676027,381.9723599923743,-162.2359625680598,414.9980618611717,4.579921293298362,335.0
14_LTAN06_800km_1213COLD_MY_STTLCT_PCDU_HEAT_MY_0p5,16093.0,13.140506463651375,283.58609540240866,283.8903774623319,319.6293355017217,-187.07180565033764,370.3495275851582,332.7698419653731,96.51428975207102,346.48344238651015,1.0,18.400000000000002,13.140506463651375,3.5860954024086595,13.621049532119033,13.140506463651375,283.58609540240866,283.8903774623319,283.8903774623319,183.0,1.0,1.4000000000000001,-1.4033077383234218,-5.830938701729963,5.997426010529075,-1.4033077383234218,74.16906129827004,74.18233567686433,74.18233567686433,13.0,1.0,0.1,-1.4033077383234218,-3.6224620152752323,3.8847784570745207,-1.4033077383234218,-3.6224620152752323,3.8847784570745207,3.8847784570745207,0.0,1.0,0.1,0.0,0.0,0.0,0.0,0.0,0.0,0.0,0.0,1.0,27.8,12.769841965373075,16.514289752071022,20.875598909635173,332.7698419653731,96.51428975207102,346.48344238651015,283.8903774623319,277.0,1.0,26.400000000000002,-1.7739722366017077,9.30573233438713,9.47331155275133,318.2260277633983,-190.69426766561287,370.9880166078084,3.8847784570745207,263.0
14_LTAN06_800km_1213COLD_MY_STTLCT_PCDU_HEAT_MY_0p5,16153.5,13.729816109113983,286.6312251395324,286.959870148039,394.80911199340966,-125.43985966242195,414.25764121516556,408.53892810252364,161.19136547711042,439.18869757717397,1.0,18.400000000000002,13.729816109113983,6.631225139532376,15.247327544237121,13.729816109113983,286.6312251395324,286.959870148039,286.959870148039,183.0,1.0,1.4000000000000001,-0.8139980928608139,-2.7858089646062467,2.9022964153341695,-0.8139980928608139,77.21419103539375,77.2184815322437,77.2184815322437,13.0,1.0,0.1,-0.8139980928608139,-3.134392823650387,3.238365524169884,-0.8139980928608139,-3.134392823650387,3.238365524169884,3.238365524169884,0.0,1.0,0.1,0.0,0.0,0.0,0.0,0.0,0.0,0.0,0.0,1.0,43.0,8.538928102523641,1.1913654771104234,8.621638176130945,408.53892810252364,161.19136547711042,439.18869757717397,286.959870148039,429.0,1.0,41.6,-6.0048860994511415,-8.57425248607234,10.467877662749943,393.99511390054886,-128.57425248607234,414.4435886581656,3.238365524169884,415.0
14_LTAN06_800km_1213COLD_MY_STTLCT_PCDU_HEAT_MY_0p5,16214.0,14.319926370049249,289.41148092284493,289.7655355303627,344.58438996353954,-207.78600134568435,402.38467187726405,358.9043163335888,81.62547957716058,368.0693239039111,1.0,18.400000000000002,14.319926370049249,9.41148092284493,17.135818171441535,14.319926370049249,289.41148092284493,289.7655355303627,289.7655355303627,183.0,1.0,1.4000000000000001,-0.2238878319255484,-0.005553181293691978,0.22395669024792095,-0.2238878319255484,79.99444681870631,79.99476012584897,79.99476012584897,13.0,1.0,0.1,-0.2238878319255484,-2.6763306972321175,2.6856790132536825,-0.2238878319255484,-2.6763306972321175,2.6856790132536825,2.6856790132536825,0.0,1.0,0.1,0.0,0.0,0.0,0.0,0.0,0.0,0.0,0.0,1.0,34.800000000000004,-1.0956836664112188,1.6254795771605757,1.9602822635035126,358.9043163335888,81.62547957716058,368.0693239039111,289.7655355303627,347.0,1.0,33.4,-15.639497868386002,-10.462332042916472,18.816330283864787,344.360502131614,-210.46233204291647,403.5821460833967,2.6856790132536825,333.0
14_LTAN06_800km_1213COLD_MY_STTLCT_PCDU_HEAT_MY_0p5,16274.5,14.90845255216934,291.9448652917913,292.32527486986555,380.27782180254576,-283.3190851351528,474.216117141445,395.1862743547151,8.625780156638484,395.28040113528374,1.0,18.400000000000002,14.90845255216934,11.944865291791302,19.103449016848373,14.90845255216934,291.9448652917913,292.32527486986555,292.32527486986555,183.0,1.0,1.4000000000000001,0.36463835019454294,2.52783118765268,2.5539952309474185,0.36463835019454294,82.52783118765268,82.52863673697834,82.52863673697834,13.0,1.0,0.1,0.36463835019454294,-2.246303476345929,2.2757065791257896,0.36463835019454294,-2.246303476345929,2.2757065791257896,2.2757065791257896,0.0,1.0,0.1,0.0,0.0,0.0,0.0,0.0,0.0,0.0,0.0,1.0,42.2,-4.813725645284876,8.625780156638484,9.878058407335498,395.1862743547151,8.625780156638484,395.28040113528374,292.32527486986555,421.0,1.0,33.0,20.64246015274034,-5.565388611498747,21.379539554313904,380.64246015274034,-285.56538861149875,475.85320598265054,2.2757065791257896,329.0
14_LTAN06_800km_1213COLD_MY_STTLCT_PCDU_HEAT_MY_0p5,16335.0,15.494624311310597,294.2463685390533,294.6540493205024,180.30112995530948,-18.367273043830004,181.23425223237467,195.79575426662007,275.87909549522334,338.297580127463,1.0,18.400000000000002,15.494624311310597,14.246368539053321,21.048572376747686,15.494624311310597,294.2463685390533,294.6540493205024,294.6540493205024,183.0,1.0,1.4000000000000001,0.9508101093357997,4.829334434914699,4.922043371229883,0.9508101093357997,84.8293344349147,84.83466284800465,84.83466284800465,13.0,1.0,0.1,0.9508101093357997,-1.8434846833829397,2.0742409797038177,0.9508101093357997,-1.8434846833829397,2.0742409797038177,2.0742409797038177,0.0,1.0,0.1,0.0,0.0,0.0,0.0,0.0,0.0,0.0,0.0,1.0,19.400000000000002,-4.204245733379935,-4.120904504776661,5.887065153718954,195.79575426662007,275.87909549522334,338.297580127463,294.6540493205024,193.0,0.0,nan,nan,nan,nan,181.25194006464528,-20.210757727212922,182.37527383147602,2.0742409797038177,nan
14_LTAN06_800km_1213COLD_MY_STTLCT_PCDU_HEAT_MY_0p5,16395.5,16.069382161162807,296.3532563041854,296.7886075393321,-314.9486490611611,187.6275145632076,366.6016036061723,-298.8792668999983,483.98077086739295,568.8287991584782,1.0,18.400000000000002,16.069382161162807,16.35325630418538,22.927146241778026,16.069382161162807,296.3532563041854,296.7886075393321,296.7886075393321,183.0,1.0,1.4000000000000001,1.5255679591880096,6.936222200046757,7.102009293609981,1.5255679591880096,86.93622220004676,86.94960660068568,86.94960660068568,13.0,1.0,0.1,1.5255679591880096,-1.4526256206045787,2.1065324093727837,1.5255679591880096,-1.4526256206045787,2.1065324093727837,2.1065324093727837,0.0,1.0,0.1,0.0,0.0,0.0,0.0,0.0,0.0,0.0,0.0,1.0,53.800000000000004,21.1207331000017,3.9807708673929483,21.492601131091412,-298.8792668999983,483.98077086739295,568.8287991584782,296.7886075393321,537.0,1.0,28.5,6.576918898026918,-13.82511105739701,15.309786345360429,-313.4230811019731,186.174888942603,364.5478254498915,2.1065324093727837,284.0
14_LTAN06_800km_1213COLD_MY_STTLCT_PCDU_HEAT_MY_0p5,16456.0,16.633154495613283,298.2763934103858,298.7398009880541,-373.13532943357467,183.66778525324474,415.8892032877679,-356.5021749379614,481.94417866363057,599.4697591065443,1.0,18.400000000000002,16.633154495613283,18.276393410385822,24.71211007919264,16.633154495613283,298.2763934103858,298.7398009880541,298.7398009880541,183.0,1.0,1.4000000000000001,2.089340293638486,8.8593593062472,9.102394749724395,2.089340293638486,88.8593593062472,88.88391912589904,88.88391912589904,13.0,1.0,0.1,2.089340293638486,-1.0808172413024977,2.352341125712446,2.089340293638486,-1.0808172413024977,2.352341125712446,2.352341125712446,0.0,1.0,0.1,0.0,0.0,0.0,0.0,0.0,0.0,0.0,0.0,1.0,53.6,3.4978250620386007,1.9441786636305665,4.001825938336358,-356.5021749379614,481.94417866363057,599.4697591065443,298.7398009880541,535.0,1.0,35.5,-11.045989139936182,-17.413031988057753,20.621046508281548,-371.0459891399362,182.58696801194225,413.53733440238216,2.352341125712446,354.0
14_LTAN06_800km_1213COLD_MY_STTLCT_PCDU_HEAT_MY_0p5,16516.5,17.18479923620664,300.0353976581285,300.5271321738855,-434.07083190192566,217.4557598823092,485.49407268680665,-416.88603266571903,517.4911575404377,664.5231842188089,0.0,nan,nan,nan,nan,17.18479923620664,300.0353976581285,300.5271321738855,300.5271321738855,nan,1.0,1.4000000000000001,2.640985034231843,10.618363553989866,10.941866683328621,2.640985034231843,90.61836355398987,90.65683986966519,90.65683986966519,13.0,1.0,0.1,2.640985034231843,-0.7278973751746776,2.7394591692198578,2.640985034231843,-0.7278973751746776,2.7394591692198578,2.7394591692198578,0.0,1.0,0.1,0.0,0.0,0.0,0.0,0.0,0.0,0.0,0.0,1.0,63.0,23.11396733428097,-2.5088424595622882,23.24972637295137,-416.88603266571903,517.4911575404377,664.5231842188089,300.5271321738855,629.0,1.0,51.900000000000006,8.570153132306189,16.727862507134546,18.79544915049319,-431.4298468676938,216.72786250713455,482.80708275168575,2.7394591692198578,518.0
14_LTAN06_800km_1213COLD_MY_STTLCT_PCDU_HEAT_MY_0p5,16577.0,17.720762338962913,301.664065869802,302.18410622495395,-395.7829652461809,120.63690558554975,413.76009784453174,-378.06220290721797,422.30097145535177,566.8060865579976,0.0,nan,nan,nan,nan,17.720762338962913,301.664065869802,302.18410622495395,302.18410622495395,nan,1.0,1.4000000000000001,3.1769481369881163,12.247031765663394,12.652382642580822,3.1769481369881163,92.2470317656634,92.30172191806837,92.30172191806837,13.0,1.0,0.1,3.1769481369881163,-0.39794550354542935,3.201774521871315,3.1769481369881163,-0.39794550354542935,3.201774521871315,3.201774521871315,0.0,1.0,0.1,0.0,0.0,0.0,0.0,0.0,0.0,0.0,0.0,0.0,nan,nan,nan,nan,-378.06220290721797,422.30097145535177,566.8060865579976,302.18410622495395,nan,1.0,42.900000000000006,7.393982890807251,0.2389600820043256,7.3978432607309195,-392.60601710919275,120.23896008200433,410.60551894969166,3.201774521871315,428.0
14_LTAN06_800km_1213COLD_MY_STTLCT_PCDU_HEAT_MY_0p5,16637.5,18.241210015406825,303.16964308059903,303.7179188464915,-284.6584166670093,45.405985699573556,288.2570341148999,-266.4172066516025,348.57562878017256,438.7289561671709,1.0,24.200000000000003,18.241210015406825,-16.83035691940097,24.81940081590622,18.241210015406825,303.16964308059903,303.7179188464915,303.7179188464915,241.0,1.0,1.4000000000000001,3.6973958134320277,13.752608976460408,14.24096167611598,3.6973958134320277,93.75260897646041,93.82548921105752,93.82548921105752,13.0,1.0,0.1,3.6973958134320277,-0.0888896029417765,3.6984641626891332,3.6973958134320277,-0.0888896029417765,3.6984641626891332,3.6984641626891332,0.0,1.0,0.1,0.0,0.0,0.0,0.0,0.0,0.0,0.0,0.0,1.0,29.400000000000002,13.582793348397502,-11.424371219827435,17.748479735281354,-266.4172066516025,348.57562878017256,438.7289561671709,303.7179188464915,293.0,1.0,21.5,-0.9610208535772813,5.317096096631758,5.403246429862984,-280.9610208535773,45.31709609663176,284.59222483707396,3.6984641626891332,214.0
14_LTAN06_800km_1213COLD_MY_STTLCT_PCDU_HEAT_MY_0p5,16698.0,18.74352337482365,304.574077217786,305.15027147549523,-457.1313221387878,32.8222079301739,458.30813107970033,-438.38779876396416,337.39628514795993,553.1908489271649,1.0,24.200000000000003,18.74352337482365,-15.425922782214002,24.27506461753273,18.74352337482365,304.574077217786,305.15027147549523,305.15027147549523,241.0,1.0,1.4000000000000001,4.199709172848852,15.157043113647376,15.728112190770897,4.199709172848852,95.15704311364738,95.24967407434556,95.24967407434556,13.0,1.0,0.1,4.199709172848852,0.20474535806960148,4.204697111346053,4.199709172848852,0.20474535806960148,4.204697111346053,4.204697111346053,0.0,1.0,0.1,0.0,0.0,0.0,0.0,0.0,0.0,0.0,0.0,1.0,52.5,1.612201236035844,17.39628514795993,17.47083082668385,-438.38779876396416,337.39628514795993,553.1908489271649,305.15027147549523,524.0,1.0,51.1,-12.931612965938939,-6.973046711756467,14.691834274357227,-452.93161296593894,33.02695328824353,454.13414941780246,4.204697111346053,510.0
14_LTAN06_800km_1213COLD_MY_STTLCT_PCDU_HEAT_MY_0p5,16758.5,19.225100135060675,305.8981920725692,306.50172656686544,-323.6031657720805,15.834657526687039,323.99034750544666,-304.3780656370198,321.73284959925627,442.8973169394816,1.0,24.200000000000003,19.225100135060675,-14.101807927430798,23.842513752229653,19.225100135060675,305.8981920725692,306.50172656686544,306.50172656686544,241.0,1.0,1.4000000000000001,4.681285933085878,16.48115796843058,17.13309680027725,4.681285933085878,96.48115796843058,96.59465969149932,96.59465969149932,13.0,1.0,0.1,4.681285933085878,0.48332229253816195,4.706170250402344,4.681285933085878,0.48332229253816195,4.706170250402344,4.706170250402344,0.0,1.0,0.1,0.0,0.0,0.0,0.0,0.0,0.0,0.0,0.0,1.0,22.6,15.621934362980198,1.7328495992562694,15.717747961298532,-304.3780656370198,321.73284959925627,442.8973169394816,306.50172656686544,225.0,1.0,27.5,1.0781201610054154,16.31797981922523,16.353556446908062,-318.9218798389946,16.31797981922523,319.339070433636,4.706170250402344,274.0
14_LTAN06_800km_1213COLD_MY_STTLCT_PCDU_HEAT_MY_0p5,16819.0,19.68630678398001,307.1464641770817,307.77670660931494,-364.06588200900137,-1.5891194177727606,364.0693501841593,-344.37957522502137,305.557344759309,460.3939430189383,1.0,24.200000000000003,19.68630678398001,-12.853535822918275,23.510934858997437,19.68630678398001,307.1464641770817,307.77670660931494,307.77670660931494,241.0,1.0,1.4000000000000001,5.1424925820052145,17.729430072943103,18.460171198213683,5.1424925820052145,97.7294300729431,97.86463473767351,97.86463473767351,13.0,1.0,0.1,5.1424925820052145,0.7413672860312204,5.195657360601828,5.1424925820052145,0.7413672860312204,5.195657360601828,5.195657360601828,0.0,1.0,0.1,0.0,0.0,0.0,0.0,0.0,0.0,0.0,0.0,1.0,36.1,15.62042477497863,-14.44265524069101,21.274114800673274,-344.37957522502137,305.557344759309,460.3939430189383,307.77670660931494,360.0,1.0,34.5,1.0766105730038475,-0.8477521317415153,1.3703189419897677,-358.92338942699615,-0.8477521317415153,358.92439059144476,5.195657360601828,344.0
14_LTAN06_800km_1213COLD_MY_STTLCT_PCDU_HEAT_MY_0p5,16879.5,20.121865656315755,308.3443848457483,309.00024133225816,-271.25367056615613,9.91690123898752,271.4348885567155,-251.13180490984038,318.26128608473584,405.4101992520467,1.0,24.200000000000003,20.121865656315755,-11.655615154251677,23.253878001633208,20.121865656315755,308.3443848457483,309.00024133225816,309.00024133225816,241.0,1.0,1.4000000000000001,5.578051454340958,18.9273507416097,19.732188528472673,5.578051454340958,98.9273507416097,99.08448608526332,99.08448608526332,13.0,1.0,0.1,5.578051454340958,0.9895454528579535,5.665144149141055,5.578051454340958,0.9895454528579535,5.665144149141055,5.665144149141055,0.0,1.0,0.1,0.0,0.0,0.0,0.0,0.0,0.0,0.0,0.0,1.0,23.0,-11.131804909840383,-1.7387139152641566,11.26677445544552,-251.13180490984038,318.26128608473584,405.4101992520467,309.00024133225816,229.0,1.0,21.3,14.324380888184805,10.906446691845474,18.003845902247143,-265.6756191118152,10.906446691845474,265.89938918675307,5.665144149141055,212.0
14_LTAN06_800km_1213COLD_MY_STTLCT_PCDU_HEAT_MY_0p5,16940.0,20.530395721028984,309.5037665952576,310.18394330640933,-314.68815257255017,21.3370106959369,315.4106868750061,-294.1577568515212,330.8407772911945,442.7012602586087,1.0,24.200000000000003,20.530395721028984,-10.496233404742384,23.05792844443913,20.530395721028984,309.5037665952576,310.18394330640933,310.18394330640933,241.0,1.0,1.4000000000000001,5.986581519054187,20.086732491118994,20.95986594551732,5.986581519054187,100.086732491119,100.2656131434556,100.2656131434556,13.0,1.0,0.1,5.986581519054187,1.2198661187752577,6.1096015935588595,5.986581519054187,1.2198661187752577,6.1096015935588595,6.1096015935588595,0.0,1.0,0.1,0.0,0.0,0.0,0.0,0.0,0.0,0.0,0.0,1.0,22.8,-14.157756851521185,10.840777291194513,17.831559980665563,-294.1577568515212,330.8407772911945,442.7012602586087,310.18394330640933,227.0,1.0,27.700000000000003,11.298428946504032,-17.443123185287845,20.78261396254876,-308.70157105349597,22.556876814712155,309.5245913696208,6.1096015935588595,276.0
14_LTAN06_800km_1213COLD_MY_STTLCT_PCDU_HEAT_MY_0p5,17000.5,20.9128888525676,310.6276635091385,311.3308437294744,-246.71142826149546,-54.41379466766024,252.64083178489045,-225.79853940892787,256.21386884147825,341.51211835881224,1.0,24.200000000000003,20.9128888525676,-9.372336490861528,22.917015762480524,20.9128888525676,310.6276635091385,311.3308437294744,311.3308437294744,241.0,1.0,1.4000000000000001,6.369074650592804,21.21062940499985,22.14623922161657,6.369074650592804,101.21062940499985,101.41083086367571,101.41083086367571,13.0,1.0,0.1,6.369074650592804,1.442172250175588,6.530311838189687,6.369074650592804,1.442172250175588,6.530311838189687,6.530311838189687,0.0,1.0,0.1,0.0,0.0,0.0,0.0,0.0,0.0,0.0,0.0,1.0,12.200000000000001,14.201460591072134,16.213868841478245,21.553909755040593,-225.79853940892787,256.21386884147825,341.51211835881224,311.3308437294744,121.0,1.0,15.700000000000001,-0.3423536109026486,-12.971622417484639,12.976139415738723,-240.34235361090265,-52.97162241748464,246.11062496521504,6.530311838189687,156.0
14_LTAN06_800km_1213COLD_MY_STTLCT_PCDU_HEAT_MY_0p5,17061.0,21.261341727465616,311.74545227110184,312.46963318659607,-243.59845882728416,-36.104355980007895,246.25948441381743,-222.33711709981856,275.64109629109396,354.13529562134096,1.0,24.200000000000003,21.261341727465616,-8.25454772889816,22.807503376317374,21.261341727465616,311.74545227110184,312.46963318659607,312.46963318659607,241.0,1.0,1.4000000000000001,6.717527525490819,22.328418166963218,23.317020261913825,6.717527525490819,102.32841816696322,102.54867303192476,102.54867303192476,13.0,1.0,0.1,6.717527525490819,1.646349019225795,6.916331480548958,6.717527525490819,1.646349019225795,6.916331480548958,6.916331480548958,0.0,1.0,0.1,0.0,0.0,0.0,0.0,0.0,0.0,0.0,0.0,1.0,17.2,17.662882900181444,-4.358903708906041,18.19278631460934,-222.33711709981856,275.64109629109396,354.13529562134096,312.46963318659607,171.0,1.0,15.700000000000001,3.119068698206661,5.541993039217914,6.359424218502207,-236.88093130179334,-34.458006960782086,239.37403756070591,6.916331480548958,156.0
14_LTAN06_800km_1213COLD_MY_STTLCT_PCDU_HEAT_MY_0p5,17121.5,21.576548929630967,312.859986874206,313.60312315192454,-352.03329343682515,54.43581283614244,356.21720537771523,-330.4567445071942,367.29579971034843,494.07273196884427,1.0,24.200000000000003,21.576548929630967,-7.140013125793985,22.72723588889044,21.576548929630967,312.859986874206,313.60312315192454,313.60312315192454,241.0,1.0,1.4000000000000001,7.03273472765617,23.442952770067393,24.475117820537484,7.03273472765617,103.4429527700674,103.68174301939554,103.68174301939554,13.0,1.0,0.1,7.03273472765617,1.8326447199464724,7.267595504644489,7.03273472765617,1.8326447199464724,7.267595504644489,7.267595504644489,0.0,1.0,0.1,0.0,0.0,0.0,0.0,0.0,0.0,0.0,0.0,1.0,29.200000000000003,-10.456744507194173,7.295799710348433,12.75038035127799,-330.4567445071942,367.29579971034843,494.07273196884427,313.60312315192454,291.0,1.0,34.7,14.999441290831044,16.26845755608889,22.127945008322687,-345.00055870916896,56.26845755608889,349.55904340380056,7.267595504644489,346.0
14_LTAN06_800km_1213COLD_MY_STTLCT_PCDU_HEAT_MY_0p5,17182.0,21.85838163928,313.9771954040428,314.7371412491333,-126.20673461574853,128.20196224144337,179.89964698388502,-104.34835297646853,442.17915764548616,454.3247585427998,1.0,24.200000000000003,21.85838163928,-6.022804595957211,22.67295796956137,21.85838163928,313.9771954040428,314.7371412491333,314.7371412491333,241.0,1.0,3.2,7.314567437305204,-15.439838700095834,17.084832919284363,7.314567437305204,104.56016129990417,104.81569647651473,104.81569647651473,31.0,1.0,0.1,7.314567437305204,2.0086919043753824,7.585363535229463,7.314567437305204,2.0086919043753824,7.585363535229463,7.585363535229463,0.0,1.0,0.1,0.0,0.0,0.0,0.0,0.0,0.0,0.0,0.0,1.0,45.800000000000004,15.651647023531467,2.179157645486157,15.802619485170874,-104.34835297646853,442.17915764548616,454.3247585427998,314.7371412491333,457.0,1.0,2.6,1.10783282155667,10.21065414581875,10.270576987007296,-118.89216717844333,130.21065414581875,176.32402521910888,7.585363535229463,25.0
14_LTAN06_800km_1213COLD_MY_STTLCT_PCDU_HEAT_MY_0p5,17242.5,22.10070355514901,315.12203621209073,315.8960886178979,-147.18404011450056,24.213242864589624,149.1624040918036,-125.08333655935155,339.33527907668037,361.6549083185082,1.0,24.200000000000003,22.10070355514901,-4.877963787909266,22.632623099162196,22.10070355514901,315.12203621209073,315.8960886178979,315.8960886178979,241.0,1.0,3.2,7.556889353174213,-14.294997892047888,16.16952508361861,7.556889353174213,105.70500210795211,105.97478024199097,105.97478024199097,31.0,1.0,0.1,7.556889353174213,2.1715368403578736,7.862706210023954,7.556889353174213,2.1715368403578736,7.862706210023954,7.862706210023954,0.0,1.0,0.1,0.0,0.0,0.0,0.0,0.0,0.0,0.0,0.0,1.0,23.6,-5.083336559351551,19.335279076680365,19.992331718655368,-125.08333655935155,339.33527907668037,361.6549083185082,315.8960886178979,235.0,1.0,4.7,-19.627150761326334,-13.615220295052495,23.88721981919709,-139.62715076132633,26.384779704947505,142.09819784150946,7.862706210023954,46.0
14_LTAN06_800km_1213COLD_MY_STTLCT_PCDU_HEAT_MY_0p5,17303.0,22.305326267951223,316.29293405371675,317.0784567141523,-187.7066739697464,81.43440513606339,204.61025827814493,-165.40134770179517,397.72733918978014,430.74893169983903,1.0,24.200000000000003,22.305326267951223,-3.707065946283251,22.611278554072253,22.305326267951223,316.29293405371675,317.0784567141523,317.0784567141523,241.0,1.0,3.2,7.761512065976426,-13.124100050421873,15.247395570515677,7.761512065976426,106.87589994957813,107.15735653506263,107.15735653506263,31.0,1.0,0.1,7.761512065976426,2.3198798783902816,8.100797010199537,7.761512065976426,2.3198798783902816,8.100797010199537,8.100797010199537,0.0,1.0,0.1,0.0,0.0,0.0,0.0,0.0,0.0,0.0,0.0,1.0,37.4,-5.401347701795174,-2.272660810219861,5.85999523498076,-165.40134770179517,397.72733918978014,430.74893169983903,317.0784567141523,373.0,1.0,7.9,-19.945161903769986,3.7542850144536715,20.29542163487492,-179.94516190376999,83.75428501445367,198.48184186684767,8.100797010199537,78.0
14_LTAN06_800km_1213COLD_MY_STTLCT_PCDU_HEAT_MY_0p5,17363.5,22.470197013602583,317.49279749638384,318.28695577404665,-133.30639519855242,-1.889188350571322,133.3197811033928,-110.83619818494984,315.6036091458125,334.5000761344551,1.0,24.200000000000003,22.470197013602583,-2.5072025036161563,22.609639940172723,22.470197013602583,317.49279749638384,318.28695577404665,318.28695577404665,241.0,1.0,3.2,7.926382811627786,-11.924236607754779,14.318343589751839,7.926382811627786,108.07576339224522,108.36603793298451,108.36603793298451,31.0,1.0,0.1,7.926382811627786,2.454598815985719,8.29774667147093,7.926382811627786,2.454598815985719,8.29774667147093,8.29774667147093,0.0,1.0,0.1,0.0,0.0,0.0,0.0,0.0,0.0,0.0,0.0,1.0,23.6,9.163801815050164,-4.396390854187473,10.163833737734002,-110.83619818494984,315.6036091458125,334.5000761344551,318.28695577404665,235.0,1.0,4.5,-5.3800123869246335,0.5654104654144021,5.409641603457906,-125.38001238692463,0.5654104654144021,125.38128726065854,8.29774667147093,44.0
14_LTAN06_800km_1213COLD_MY_STTLCT_PCDU_HEAT_MY_0p5,17424.0,22.591080701854665,318.7272799629494,319.5268938913562,-166.37892781117878,-14.820024761041381,167.0376626797541,-143.7878471093241,303.907255201908,336.20613429961685,1.0,24.200000000000003,22.591080701854665,-1.2727200370505898,22.626903092788027,22.591080701854665,318.7272799629494,319.5268938913562,319.5268938913562,241.0,1.0,3.2,8.047266499879868,-10.689754141189212,13.380184666855712,8.047266499879868,109.31024585881079,109.60605981346903,109.60605981346903,31.0,1.0,0.1,8.047266499879868,2.580117292435375,8.450769394724531,8.047266499879868,2.580117292435375,8.450769394724531,8.450769394724531,0.0,1.0,0.1,0.0,0.0,0.0,0.0,0.0,0.0,0.0,0.0,1.0,23.400000000000002,16.212152890675895,-16.092744798091985,22.8431682672778,-143.7878471093241,303.907255201908,336.20613429961685,319.5268938913562,233.0,1.0,7.5,1.6683386887011125,-12.23990746860602,12.353084182513062,-158.3316613112989,-12.23990746860602,158.8040626320243,8.450769394724531,74.0
14_LTAN06_800km_1213COLD_MY_STTLCT_PCDU_HEAT_MY_0p5,17484.5,22.66957987110141,319.995766634037,320.7977564061777,-124.96968998373166,-78.98773601760882,147.83939209769994,-102.30011011263025,241.0080306164282,261.820899377161,1.0,24.200000000000003,22.66957987110141,-0.004233365962988955,22.669580266375323,22.66957987110141,319.995766634037,320.7977564061777,320.7977564061777,241.0,1.0,3.2,8.125765669126611,-9.421267470101611,12.441396563599742,8.125765669126611,110.57873252989839,110.87688738248546,110.87688738248546,31.0,1.0,0.1,8.125765669126611,2.6925203233132606,8.560241433570177,8.125765669126611,2.6925203233132606,8.560241433570177,8.560241433570177,0.0,1.0,0.1,0.0,0.0,0.0,0.0,0.0,0.0,0.0,0.0,1.0,12.8,17.69988988736975,1.0080306164281865,17.72857094490897,-102.30011011263025,241.0080306164282,261.820899377161,320.7977564061777,127.0,1.0,4.1000000000000005,3.1560756853949528,3.704784305704436,4.866851187753239,-116.84392431460505,-76.29521569429556,139.5473489073735,8.560241433570177,40.0
14_LTAN06_800km_1213COLD_MY_STTLCT_PCDU_HEAT_MY_0p5,17545.0,22.700757190095143,321.30580267346414,322.106726425641,-30.479756038337268,44.741642086785944,54.1371412689903,-7.778998848242125,366.0474447602501,366.13009250618734,1.0,24.200000000000003,22.700757190095143,1.305802673464143,22.738282644599227,22.700757190095143,321.30580267346414,322.106726425641,322.106726425641,241.0,1.0,3.2,8.156942988120345,-8.11123143067448,11.503381860714146,8.156942988120345,111.88876856932552,112.18570430706193,112.18570430706193,31.0,1.0,0.1,8.156942988120345,2.7954225408889215,8.622650757948831,8.156942988120345,2.7954225408889215,8.622650757948831,8.622650757948831,0.0,1.0,0.1,0.0,0.0,0.0,0.0,0.0,0.0,0.0,0.0,1.0,30.8,-7.778998848242125,6.047444760250073,9.853142199787252,-7.778998848242125,366.0474447602501,366.13009250618734,322.106726425641,307.0,1.0,0.2,17.677186949783078,7.537064627674852,19.216926956704828,-22.322813050216922,47.53706462767485,52.51743040068383,8.622650757948831,1.0
14_LTAN06_800km_1213COLD_MY_STTLCT_PCDU_HEAT_MY_0p5,17605.5,22.682199577841743,322.6611388360326,323.4574047578051,60.94527841576768,-123.66344280772994,137.86578273174288,83.62747799360943,198.99769602830264,215.85559548027558,1.0,24.200000000000003,22.682199577841743,2.661138836032592,22.837772167917016,22.682199577841743,322.6611388360326,323.4574047578051,323.4574047578051,241.0,1.0,3.2,8.138385375866946,-6.7558952681060305,10.577118577369852,8.138385375866946,113.24410473189397,113.53616416390989,113.53616416390989,31.0,1.0,0.1,8.138385375866946,2.89465571007338,8.637843955871476,8.138385375866946,2.89465571007338,8.637843955871476,8.637843955871476,0.0,1.0,0.1,0.0,0.0,0.0,0.0,0.0,0.0,0.0,0.0,1.0,9.600000000000001,3.627477993609432,-1.0023039716973585,3.763404023726526,83.62747799360943,198.99769602830264,215.85559548027558,323.4574047578051,95.0,1.0,3.7,-10.916336208365365,-0.7687870976565705,10.94337378579348,69.08366379163463,-120.76878709765657,139.13178120010795,8.637843955871476,36.0
14_LTAN06_800km_1213COLD_MY_STTLCT_PCDU_HEAT_MY_0p5,17666.0,22.615781145002703,324.05975968236896,324.84796659698117,-19.475453426217094,-2.3071333524979245,19.611633039167327,3.14032771878561,321.752626329871,321.76795087197695,1.0,24.200000000000003,22.615781145002703,4.059759682368963,22.977275849787944,22.615781145002703,324.05975968236896,324.84796659698117,324.84796659698117,241.0,1.0,3.2,8.071966943027906,-5.3572744217696595,9.687984287739257,8.071966943027906,114.64272557823034,114.92654688249694,114.92654688249694,31.0,1.0,0.1,8.071966943027906,2.9929734217694772,8.608980208639915,8.071966943027906,2.9929734217694772,8.608980208639915,8.608980208639915,0.0,1.0,0.1,0.0,0.0,0.0,0.0,0.0,0.0,0.0,0.0,1.0,24.200000000000003,3.14032771878561,1.7526263298710205,3.5962977120269666,3.14032771878561,321.752626329871,321.76795087197695,324.84796659698117,241.0,1.0,0.1,-11.403486483189187,0.685840069271535,11.424092111537655,-11.403486483189187,0.685840069271535,11.424092111537655,8.608980208639915,0.0
14_LTAN06_800km_1213COLD_MY_STTLCT_PCDU_HEAT_MY_0p5,17726.5,22.49268911504072,325.4991441050872,326.2753651086306,19.967853618075697,-80.62091301286031,83.05688889634675,42.46054273311641,244.8782310922269,248.53218252783458,1.0,24.200000000000003,22.49268911504072,5.499144105087225,23.15516464019176,22.49268911504072,325.4991441050872,326.2753651086306,326.2753651086306,241.0,1.0,3.2,7.9488749130659215,-3.917889999051397,8.861967864319736,7.9488749130659215,116.0821100009486,116.35394653665986,116.35394653665986,31.0,1.0,0.1,7.9488749130659215,3.0771226292546316,8.523690284087033,7.9488749130659215,3.0771226292546316,8.523690284087033,8.523690284087033,0.0,1.0,0.1,0.0,0.0,0.0,0.0,0.0,0.0,0.0,0.0,1.0,13.600000000000001,2.4605427331164123,4.878231092226912,5.463644308578419,42.46054273311641,244.8782310922269,248.53218252783458,326.2753651086306,135.0,1.0,1.7000000000000002,-12.083271468858385,2.456209616394318,12.330385844319512,27.916728531141615,-77.54379038360568,82.41591568949552,8.523690284087033,16.0
14_LTAN06_800km_1213COLD_MY_STTLCT_PCDU_HEAT_MY_0p5,17787.0,22.313223171198864,326.97714933455745,327.73760253477354,79.60703192347604,16.386031766495037,81.2759593527995,101.9202550946749,343.3631811010525,358.17036802951435,1.0,24.200000000000003,22.313223171198864,6.977149334557453,23.378634286981807,22.313223171198864,326.97714933455745,327.73760253477354,327.73760253477354,241.0,1.0,3.2,7.769408969224067,-2.4398847695811696,8.143509895609727,7.769408969224067,117.56011523041883,117.8165710276802,117.8165710276802,31.0,1.0,0.1,7.769408969224067,3.1478044695825815,8.382862799174484,7.769408969224067,3.1478044695825815,8.382862799174484,8.382862799174484,0.0,1.0,0.1,0.0,0.0,0.0,0.0,0.0,0.0,0.0,0.0,1.0,31.400000000000002,-18.0797449053251,-16.636818898947524,24.569511979646776,101.9202550946749,343.3631811010525,358.17036802951435,327.73760253477354,313.0,1.0,2.2,7.376440892700103,19.533836236077605,20.8801972773582,87.3764408927001,19.533836236077605,89.5333076635361,8.382862799174484,21.0
14_LTAN06_800km_1213COLD_MY_STTLCT_PCDU_HEAT_MY_0p5,17847.5,22.07946017031269,328.49091227920013,329.23210963002015,19.024440522549078,-66.7599357785439,69.41770928481661,41.10390069286177,261.7309765006562,264.9389263814506,1.0,24.200000000000003,22.07946017031269,8.490912279200131,23.655827035753706,22.07946017031269,328.49091227920013,329.23210963002015,329.23210963002015,241.0,1.0,3.2,7.535645968337892,-0.926121824938491,7.592342312801401,7.535645968337892,119.07387817506151,119.31208833898398,119.31208833898398,31.0,1.0,0.1,7.535645968337892,3.2103207353497396,8.190977925983175,7.535645968337892,3.2103207353497396,8.190977925983175,8.190977925983175,0.0,1.0,0.1,0.0,0.0,0.0,0.0,0.0,0.0,0.0,0.0,1.0,13.600000000000001,1.103900692861771,21.730976500656197,21.758996677507273,41.10390069286177,261.7309765006562,264.9389263814506,329.23210963002015,135.0,1.0,1.7000000000000002,-13.439913509113026,16.450384956805806,21.242562000840238,26.560086490886974,-63.549615043194194,68.87664166131773,8.190977925983175,16.0
14_LTAN06_800km_1213COLD_MY_STTLCT_PCDU_HEAT_MY_0p5,17908.0,21.787989999561105,330.0254681127991,330.74389807114073,-26.51599923552665,71.22755160029993,76.00304153408493,-4.728009235965544,401.25301971309904,401.28087407726775,1.0,24.200000000000003,21.787989999561105,10.025468112799103,23.983880401255472,21.787989999561105,330.0254681127991,330.74389807114073,330.74389807114073,241.0,1.0,3.2,7.244175797586308,0.6084340086604811,7.269681900140466,7.244175797586308,120.60843400866048,120.82579375699439,120.82579375699439,31.0,1.0,0.1,7.244175797586308,3.2730665884830046,7.949279708186082,7.244175797586308,3.2730665884830046,7.949279708186082,7.949279708186082,0.0,1.0,0.1,0.0,0.0,0.0,0.0,0.0,0.0,0.0,0.0,1.0,38.2,-4.728009235965544,1.253019713099036,4.891229879773622,-4.728009235965544,401.25301971309904,401.28087407726775,330.74389807114073,381.0,1.0,1.2000000000000002,20.72817656205966,-5.499381811217063,21.445290949144628,-19.27182343794034,74.50061818878294,76.95287706859284,7.949279708186082,11.0
14_LTAN06_800km_1213COLD_MY_STTLCT_PCDU_HEAT_MY_0p5,17968.5,21.44125122647603,331.57948533559056,332.2720005501095,120.5284088582875,-54.13572038574328,132.12786823223138,141.96966008476355,277.44376494984726,311.6575477894437,1.0,24.200000000000003,21.44125122647603,11.579485335590562,24.36825260034081,21.44125122647603,331.57948533559056,332.2720005501095,332.2720005501095,241.0,1.0,3.2,6.897437024501233,2.1624512314519393,7.228473755597957,6.897437024501233,122.16245123145194,122.35701503544387,122.35701503544387,31.0,1.0,0.1,6.897437024501233,3.335939704095665,7.661796866030989,6.897437024501233,3.335939704095665,7.661796866030989,7.661796866030989,0.0,1.0,0.1,0.0,0.0,0.0,0.0,0.0,0.0,0.0,0.0,1.0,19.0,21.969660084763547,-2.556235050152736,22.11787290567703,141.96966008476355,277.44376494984726,311.6575477894437,332.2720005501095,189.0,1.0,4.2,7.4258458827887495,-10.799780681647633,13.106427806485643,127.42584588278875,-50.79978068164763,137.17858402916883,7.661796866030989,41.0
14_LTAN06_800km_1213COLD_MY_STTLCT_PCDU_HEAT_MY_0p5,18029.0,21.04340622965001,333.14536238854924,333.80931297185805,107.26338361365617,16.953356426807897,108.5948882700505,128.30678984330618,350.09871881535713,372.86960889304027,1.0,24.200000000000003,21.04340622965001,13.145362388549245,24.811801588606134,21.04340622965001,333.14536238854924,333.80931297185805,333.80931297185805,241.0,1.0,3.2,6.499592027675213,3.7283282844106225,7.49300529310873,6.499592027675213,123.72832828441062,123.89892621238128,123.89892621238128,31.0,1.0,0.1,6.499592027675213,3.398257477938955,7.334360940980967,6.499592027675213,3.398257477938955,7.334360940980967,7.334360940980967,0.0,1.0,0.1,0.0,0.0,0.0,0.0,0.0,0.0,0.0,0.0,1.0,31.400000000000002,8.306789843306177,-9.901281184642869,12.924323061507614,128.30678984330618,350.09871881535713,372.86960889304027,333.80931297185805,313.0,1.0,4.4,-6.23702435866862,20.35161390474684,21.28587938936305,113.76297564133138,20.35161390474684,115.56903917268691,7.334360940980967,43.0
14_LTAN06_800km_1213COLD_MY_STTLCT_PCDU_HEAT_MY_0p5,18089.5,20.601230179448585,334.7053513865871,335.33875846929084,195.92662529011992,-24.3827778954823,197.43799623040007,216.5278554695685,310.3225734911048,378.397161475073,1.0,24.400000000000002,-19.398769820551415,14.705351386587097,24.34254772931,20.601230179448585,334.7053513865871,335.33875846929084,335.33875846929084,243.0,1.0,3.2,6.057415977473788,5.2883172824484745,8.041056398508715,6.057415977473788,125.28831728244847,125.43466321472559,125.43466321472559,31.0,1.0,0.1,6.057415977473788,3.468448692675622,6.980145031292542,6.057415977473788,3.468448692675622,6.980145031292542,6.980145031292542,0.0,1.0,0.1,0.0,0.0,0.0,0.0,0.0,0.0,0.0,0.0,1.0,25.200000000000003,16.527855469568493,-9.677426508895223,19.1526131443731,216.5278554695685,310.3225734911048,378.397161475073,335.33875846929084,251.0,1.0,11.0,1.9840412675936818,19.085670797193302,19.188518690361484,201.98404126759368,-20.914329202806698,203.06393597286635,6.980145031292542,109.0
14_LTAN06_800km_1213COLD_MY_STTLCT_PCDU_HEAT_MY_0p5,18150.0,20.1164383082845,336.2591558356262,336.86034342661793,190.89162149039305,43.471058396898265,195.77881415867762,211.00805979867755,379.7302142325245,434.41850432627893,0.0,nan,nan,nan,nan,20.1164383082845,336.2591558356262,336.86034342661793,336.86034342661793,nan,1.0,3.2,5.5726241063097035,6.842121731487566,8.82432825878086,5.5726241063097035,126.84212173148757,126.9644752864979,126.9644752864979,31.0,1.0,0.1,5.5726241063097035,3.5467268409998383,6.605559076633311,5.5726241063097035,3.5467268409998383,6.605559076633311,6.605559076633311,0.0,1.0,0.1,0.0,0.0,0.0,0.0,0.0,0.0,0.0,0.0,1.0,31.8,11.00805979867755,19.730214232524474,22.5933338441358,211.00805979867755,379.7302142325245,434.41850432627893,336.86034342661793,317.0,1.0,11.4,-3.535754403297233,7.017785237898124,7.858172105884205,196.46424559670277,47.017785237898124,202.01205886421397,6.605559076633311,113.0
