unix_time_s,elapsed_time_s,utc,tle_age_days,partner_range_m,isl_angle_x_urad_legacy,isl_angle_y_urad_legacy,isl_angle_norm_urad_legacy,stt_los_angle_x_urad,stt_los_angle_y_urad,stt_los_angle_norm_urad,align_sun_dot,align_vel_dot,align_nadir_dot
1781391582.0,0.0,2026-06-13T22:59:42+00:00,0.0192592592592592,800000.0,6.014905936793463,21.034861811738416,21.877945627215652,-13.625659061326912,-0.05406140001113474,13.625766308376617,0.9943064259984811,1.0,0.856864920529204
1781391642.0,60.0,2026-06-13T23:00:42+00:00,0.0199537037037037,800000.0,6.059415354502841,21.02009303613585,21.876033134144585,-13.49578529576049,-0.06237323296397701,13.49592942962638,0.9897837805360303,1.0000000000000002,0.8597682018676804
1781391702.0,120.0,2026-06-13T23:01:42+00:00,0.0206481481481481,800000.0,6.118785719493529,21.0003964759679,21.873641462475398,-13.326130683225987,-0.06987337801332427,13.326313866758959,0.9840292171493211,1.0,0.8635117064358891
1781391762.0,180.0,2026-06-13T23:02:42+00:00,0.0213425925925925,800000.0,6.194728277955562,20.975696542618504,21.87131692161494,-13.115515915239577,-0.07670522129938101,13.115740216010579,0.9771165485617406,1.0000000000000002,0.8680799775362982
1781391822.0,240.0,2026-06-13T23:03:42+00:00,0.022037037037037,800000.0,6.28976231415044,20.94434296198918,21.868392992580244,-12.862247238592524,-0.08305178462902574,12.862515369305145,0.9691358800804768,1.0,0.8734511754232142
1781391882.0,300.0,2026-06-13T23:04:42+00:00,0.0227314814814814,800000.0,6.406880016223957,20.90527121575076,21.865005743113517,-12.564534424351917,-0.0882320613296178,12.564844216995722,0.9601932662440069,1.0,0.8795953404066521
1781391942.0,360.0,2026-06-13T23:05:42+00:00,0.0234259259259259,800000.0,6.550206328381523,20.85707612631789,21.8614461434597,-12.220681117410814,-0.09214238783031153,12.221028483441003,0.9504102211960606,1.0,0.8864723562597772
1781392002.0,420.0,2026-06-13T23:06:42+00:00,0.0241203703703703,800000.0,6.724626502509815,20.797781692827204,21.85791218165074,-11.828540641554913,-0.09495854420739858,11.828921795076434,0.939923084079165,1.0,0.8940296733329164
1781392062.0,480.0,2026-06-13T23:07:42+00:00,0.0248148148148148,800000.0,6.936534275620716,20.72367979271589,21.853750522687903,-11.385791262194088,-0.09695843344934077,11.386204091095163,0.9288821850268213,1.0,0.9021998719512436
1781392122.0,540.0,2026-06-13T23:08:42+00:00,0.0255092592592592,800000.0,7.194168067108742,20.63125412375434,21.849592694069553,-10.890536448282612,-0.09723046733275592,10.890970475359383,0.9174507331642799,1.0,0.9108981959788676
1781392182.0,600.0,2026-06-13T23:09:42+00:00,0.0262037037037037,800000.0,7.508072688519157,20.51447483892282,21.845247387312526,-10.340736550848545,-0.09658449338635161,10.341187600001161,0.9058033734206604,1.0000000000000002,0.9200202568124086
1781392242.0,660.0,2026-06-13T23:10:42+00:00,0.0268981481481481,800000.0,7.892270108142704,20.365393784756613,21.841181091417337,-9.734993235857091,-0.09477265986103732,9.735454543021628,0.8941243416799205,1.0,0.9294401768924647
1781392302.0,720.0,2026-06-13T23:11:42+00:00,0.0275925925925925,800000.0,8.364510416603906,20.170703111619755,21.836261093112576,-9.071576919832333,-0.09186783769310827,9.07204208059228,0.882605177345354,1.0,0.9390095170580666
1781392362.0,780.0,2026-06-13T23:12:42+00:00,0.028287037037037,800000.0,8.94968206388046,19.91350663364322,21.83219080836131,-8.350717054278798,-0.08727363078745551,8.351173091683203,0.8714419546305172,1.0,0.9485573852836587
1781392422.0,840.0,2026-06-13T23:13:42+00:00,0.0289814814814814,800000.0,9.679642924190848,19.56408008337622,21.82770525384187,-7.572133760856938,-0.08202551089788716,7.572578020512401,0.860831934811198,1.0,0.9578921402172528
1781392482.0,900.0,2026-06-13T23:14:42+00:00,0.0296759259259259,800000.0,10.598319242987388,19.07753825427216,21.823767699906778,-6.7377863716921,-0.07572960428354515,6.738211941125386,0.8509696062768572,1.0000000000000002,0.9668050852182175
1781392542.0,960.0,2026-06-13T23:15:42+00:00,0.0303703703703703,800000.0,11.761561040311324,18.37781692726021,21.81922255986361,-5.849913905763412,-0.06851313277320775,5.850315098711055,0.8420422246800152,1.0000000000000002,0.975076435427832
1781392602.0,1020.0,2026-06-13T23:16:42+00:00,0.0310648148148148,800000.0,13.238244990894252,17.339578670488727,21.815410124703234,-4.913252300594344,-0.06033878852849749,4.913622791657567,0.8342249498428664,1.0,0.9824836049647029
1781392662.0,1080.0,2026-06-13T23:17:42+00:00,0.0317592592592592,800000.0,4.507628055206663,21.34056715891545,21.811430887226702,-3.9331285859492837,-0.05165988574056535,3.9334678360711353,0.8276757700074681,1.0,0.9888115427513561
1781392722.0,1140.0,2026-06-13T23:18:42+00:00,0.0324537037037037,800000.0,4.264216199000449,21.38693442316604,21.807900032158585,-2.916896666122797,-0.042217822623343074,2.91720217081116,0.8225304523900664,1.0000000000000002,0.9938644630518536
1781392782.0,1200.0,2026-06-13T23:19:42+00:00,0.0331481481481481,800000.0,4.039210732541179,21.42719565301923,21.804585226383967,-1.87300949471789,-0.03269183014580179,1.8732947774073485,0.8188978485186071,1.0,0.9974779413556177
1781392842.0,1260.0,2026-06-13T23:20:42+00:00,0.0338425925925925,800000.0,3.830998167408029,21.461990452714083,21.801228890846364,-0.8110849934710264,-0.022622210467621376,0.8114004135076197,0.8168558773195079,1.0,0.9995300699403136
1781392902.0,1320.0,2026-06-13T23:21:42+00:00,0.034537037037037,800000.0,3.6384658357895545,21.49240865556473,21.79821239129488,0.2584521768536746,-0.012512614575399348,0.25875489028019466,0.8164484899305922,1.0000000000000002,0.9999502925175086
1781392962.0,1380.0,2026-06-13T23:22:42+00:00,0.0352314814814814,800000.0,3.460720062191981,21.51883580094924,21.795340730923957,1.3248868479908917,-0.0025137456317279525,1.324889232689413,0.8176839103790436,1.0000000000000002,0.9987247182916792
1781393022.0,1440.0,2026-06-13T23:23:42+00:00,0.0359259259259259,800000.0,3.2972629785949783,21.541854444671987,21.79273814979309,2.377574673183826,0.007034743791604833,2.377585080325285,0.8205343614855286,1.0,0.9958971518225705
1781393082.0,1500.0,2026-06-13T23:24:42+00:00,0.0366203703703703,800000.0,3.147529364341,21.561694039117604,21.790217780827902,3.406701907833633,0.01627029328545311,3.4067407607977613,0.8249372361713332,1.0,0.9915656911591944
1781393142.0,1560.0,2026-06-13T23:25:42+00:00,0.0373148148148148,800000.0,13.697559065841364,-16.9441850002706,21.78826587146412,4.403114775021072,0.02484251161554943,4.403184855578089,0.8307975892015509,1.0000000000000002,0.9858753928962292
1781393202.0,1620.0,2026-06-13T23:26:42+00:00,0.0380092592592592,800000.0,12.11425856190763,-18.107835211138607,21.786439739858906,5.359100304166743,0.03265332389774042,5.359199782587103,0.8379917870459355,1.0,0.9790080321871778
1781393262.0,1680.0,2026-06-13T23:27:42+00:00,0.0387037037037037,800000.0,10.865460157020712,-18.882018636709866,21.78506029876583,6.268385306307464,0.03962489929637221,6.268510547249288,0.8463719629478721,1.0,0.9711702884899774
1781393322.0,1740.0,2026-06-13T23:28:42+00:00,0.0393981481481481,800000.0,9.88123800205039,-19.41383981021089,21.783848159351784,7.126089840144199,0.04576685699943982,7.126236805987154,0.8557709417842891,1.0,0.962581722682832
1781393382.0,1800.0,2026-06-13T23:29:42+00:00,0.0400925925925925,800000.0,9.101091290376132,-19.790704570504744,21.78306337668689,7.928977048793462,0.050762049850576266,7.9291395388149475,0.866007324303508,1.0000000000000002,0.9534637162922894
1781393442.0,1860.0,2026-06-13T23:30:42+00:00,0.040787037037037,800000.0,8.477731800149519,-20.065013548662048,21.7824862029856,8.674982238922555,0.054649967240607875,8.675154376986105,0.876890459687021,1.0,0.9440302039646203
1781393502.0,1920.0,2026-06-13T23:31:42+00:00,0.0414814814814814,800000.0,7.975731794737944,-20.26937923956202,21.782103489304735,9.363315143189512,0.057298297677291984,9.363490458456116,0.8882250746789108,1.0,0.9344806387352456
1781393562.0,1980.0,2026-06-13T23:32:42+00:00,0.0421759259259259,800000.0,7.568622906450971,-20.42476149943881,21.781986479864784,9.994135583900642,0.058773759096196476,9.994308401492688,0.8998154009817368,1.0,0.924995271513
1781393622.0,2040.0,2026-06-13T23:33:42+00:00,0.0428703703703703,800000.0,7.236602277104364,-20.54486089495412,21.78209635710041,10.568401436027228,0.0589534446196574,10.568565863997579,0.911468756800246,1.0,0.9157325643564102
1781393682.0,2100.0,2026-06-13T23:34:42+00:00,0.0435648148148148,800000.0,6.964620026678351,-20.63883996212388,21.78227828070725,11.08752458039035,0.05782772575336048,11.087675381549822,0.9229985722773348,1.0,0.9068283928028664
1781393742.0,2160.0,2026-06-13T23:35:42+00:00,0.0442592592592592,800000.0,6.741246711393972,-20.713256377914156,21.782639807908534,11.55341778284584,0.05544346909441389,11.553550815365972,0.9342268752954329,1.0,0.8983966204704145
1781393802.0,2220.0,2026-06-13T23:36:42+00:00,0.0449537037037037,800000.0,6.557629551350238,-20.772508775212685,21.783012329543173,11.968116744926542,0.05180624447035431,11.96822887093814,0.9449862882490547,1.0000000000000002,0.8905306314681761
1781393862.0,2280.0,2026-06-13T23:37:42+00:00,0.0456481481481481,800000.0,6.406878486181268,-20.82001184079991,21.783502587686417,12.333817035974034,0.046906203948571534,12.33390622912515,0.9551215942576722,1.0,0.8833054500435773
1781393922.0,2340.0,2026-06-13T23:38:42+00:00,0.0463425925925925,800000.0,6.283602688355796,-20.858059251662198,21.78399179422732,12.652641685343083,0.04080928866936423,12.652707497437975,0.9644909424707628,1.0,0.8767801458936929
1781393982.0,2400.0,2026-06-13T23:39:42+00:00,0.047037037037037,800000.0,6.1835047664818505,-20.88855836974672,21.78457256783845,12.926628693585528,0.0336121729048286,12.926672393156565,0.9729667608959932,1.0,0.8710002970707832
1781394042.0,2460.0,2026-06-13T23:40:42+00:00,0.0477314814814814,800000.0,6.103295199635375,-20.912458836430694,21.78488344883443,13.157576350331606,0.025526126421981654,13.157601111066398,0.9804364390351565,1.0,0.8660003486711692
1781394102.0,2520.0,2026-06-13T23:41:42+00:00,0.0484259259259259,800000.0,6.040382433798685,-20.931377052259364,21.785517328041436,13.347392192918603,0.016548891049271708,13.347402452064575,0.9868028422799415,1.0,0.8618057658687268
1781394162.0,2580.0,2026-06-13T23:42:42+00:00,0.0491203703703703,800000.0,5.992674042958462,-20.945383831909023,21.785803773355347,13.497188865599135,0.006707736492932853,13.497190532380513,0.9919846912058331,1.0,0.8584349163288625
1781394222.0,2640.0,2026-06-13T23:43:42+00:00,0.0498148148148148,800000.0,5.958829284176811,-20.955655943307164,21.786398565440503,13.608522047267959,-0.0036921338121624625,13.608522548125134,0.9959168183434965,1.0,0.8559006426026425
1781394282.0,2700.0,2026-06-13T23:44:42+00:00,0.0505092592592592,800000.0,5.937584631082366,-20.96174207198924,21.786453174940366,13.681775366406011,-0.01455584647487719,13.681783109282977,0.9985503457883089,1.0000000000000002,0.8542115141229872
1781394342.0,2760.0,2026-06-13T23:45:42+00:00,0.0512037037037037,800000.0,5.928447896425821,-20.964801924772143,21.7869092393934,13.718067982973926,-0.025531980446863792,13.718091742932756,0.9998528132252551,1.0000000000000002,0.8533727607057084
1781394402.0,2820.0,2026-06-13T23:46:42+00:00,0.0518981481481481,800000.0,5.931013918447865,-20.96425175531414,21.787078229102093,13.717334295399384,-0.036902857139834815,13.71738393399431,0.9998082515737496,1.0,0.8533868878234705
1781394462.0,2880.0,2026-06-13T23:47:42+00:00,0.0525925925925925,800000.0,5.9453744716633175,-20.960523196212478,21.78740485388903,13.679786353946735,-0.04810912591542649,13.679870948865844,0.9984172124876243,1.0,0.8542539774955759
1781394522.0,2940.0,2026-06-13T23:48:42+00:00,0.053287037037037,800000.0,5.971897200489863,-20.953067006708032,21.78748661871799,13.604925618072043,-0.05902411816020928,13.605053653690511,0.9956967666474754,1.0000000000000002,0.8559716785105386
1781394582.0,3000.0,2026-06-13T23:49:42+00:00,0.0539814814814814,800000.0,6.011360134337143,-20.942168566975365,21.787860724548175,13.492367087346334,-0.06957137840877509,13.492546453371963,0.9916804664123487,1.0,0.8585348855073092
1781394642.0,3060.0,2026-06-13T23:50:42+00:00,0.0546759259259259,800000.0,6.064854780439076,-20.92695614486148,21.788069143381442,13.340959355749336,-0.07951944602544225,13.34119634343382,0.9864182710272679,1.0,0.8619351042614652
1781394702.0,3120.0,2026-06-13T23:51:42+00:00,0.0553703703703703,800000.0,6.134073718882996,-20.906792318706447,21.788089072844684,13.149570009634818,-0.08879580853860397,13.149869814332819,0.9799764279465405,1.0000000000000002,0.8661594980589213
1781394762.0,3180.0,2026-06-13T23:52:42+00:00,0.0560648148148148,800000.0,6.22111423208576,-20.881210757329324,21.78823593090239,12.916823844356829,-0.09705621665669906,12.917188476419195,0.9724372742416856,1.0000000000000002,0.8711896081045577
1781394822.0,3240.0,2026-06-13T23:53:42+00:00,0.0567592592592592,800000.0,6.3287611961019135,-20.848745759191196,21.78814856771172,12.640904024683293,-0.10453399872705382,12.641336239422799,0.9638989512428342,1.0,0.8769997567352841
1781394882.0,3300.0,2026-06-13T23:54:42+00:00,0.0574537037037037,800000.0,6.460525505607529,-20.80839575271758,21.78824737353421,12.320020958828344,-0.11089109909568962,12.32052000776868,0.9544750370100562,1.0000000000000002,0.8835551526139948
1781394942.0,3360.0,2026-06-13T23:55:42+00:00,0.0581481481481481,800000.0,6.620958447929921,-20.75781092214393,21.788157449603037,11.952025638415687,-0.11615220487002836,11.952590020411563,0.9442940420460514,1.0000000000000002,0.8908097229323018
1781395002.0,3420.0,2026-06-13T23:56:42+00:00,0.0588425925925925,800000.0,6.8157501051983,-20.694716435310024,21.78820180360007,11.534813224895919,-0.12016595723228385,11.535439132972414,0.9334987146296351,1.0000000000000002,0.8987037368218423
1781395062.0,3480.0,2026-06-13T23:57:42+00:00,0.059537037037037,800000.0,7.05225794161501,-20.61539476176754,21.788273067376966,11.066196360380934,-0.12299181502403139,11.066879816509761,0.9222450949527286,1.0000000000000002,0.9071613292858633
1781395122.0,3540.0,2026-06-13T23:58:42+00:00,0.0602314814814814,800000.0,7.339918411667967,-20.51486447730424,21.788392937802957,10.544097438842329,-0.12455924978576131,10.544833133175155,0.9107012810572072,1.0000000000000002,0.9160880981073032
1781395182.0,3600.0,2026-06-13T23:59:42+00:00,0.0609259259259259,800000.0,7.690987508732062,-20.38602039291575,21.788554709292892,9.966660028566139,-0.12492622850998363,9.967442936259415,0.8990458448516255,1.0,0.9253690053292583
1781395242.0,3660.0,2026-06-14T00:00:42+00:00,0.0616203703703703,800000.0,8.121561036784865,-20.21867251388956,21.78886118864718,9.33243911586705,-0.12407515887681034,9.333263871573314,0.8874658176250001,1.0,0.9348668855310467
1781395302.0,3720.0,2026-06-14T00:01:42+00:00,0.0623148148148148,800000.0,8.653052330587439,-19.9976423102013,21.789470223083395,8.640620638178603,-0.12199111379413421,8.641481750531142,0.876154173659675,1.0,0.9444219332413714
1781395362.0,3780.0,2026-06-14T00:02:42+00:00,0.0630092592592592,800000.0,9.313910267352668,-19.6992946622435,21.790161418819107,7.891015346615034,-0.11886476114437959,7.891910543838918,0.8653067725214114,1.0,0.9538525891085441
1781395422.0,3840.0,2026-06-14T00:03:42+00:00,0.0637037037037037,800000.0,10.1423597342611,-19.28693587219738,21.79113022120273,7.084524012833258,-0.11455096666843315,7.085450050093905,0.855118742020491,1.0,0.9629582403882158
1781395482.0,3900.0,2026-06-14T00:04:42+00:00,0.0643981481481481,800000.0,11.188903827014585,-18.700521453499007,21.792225023685816,6.223193789220693,-0.10922091886376016,6.224152162930503,0.8457803067578127,1.0000000000000002,0.9715240743230942
1781395542.0,3960.0,2026-06-14T00:05:42+00:00,0.0650925925925925,800000.0,12.517413379122566,-17.840341853049456,21.79365584608293,5.310508740245046,-0.1029947665419783,5.311507413357725,0.8374721342487734,1.0000000000000002,0.9793282556638558
1781395602.0,4020.0,2026-06-14T00:06:42+00:00,0.065787037037037,800000.0,14.196958768460872,-16.537178041527763,21.795226446416336,4.3513318683912985,-0.09600226528857732,4.352390775633347,0.8303603502718541,1.0,0.9861513250314078
1781395662.0,4080.0,2026-06-14T00:07:42+00:00,0.0664814814814814,800000.0,-0.3416638930830877,-21.79439199375272,21.797069908434693,3.352097938471368,-0.08833538782678105,3.353261655440342,0.8245914449866288,1.0,0.9917873550072182
1781395722.0,4140.0,2026-06-14T00:08:42+00:00,0.0671759259259259,800000.0,-0.5189396498710722,-21.79299047327388,21.799168152212008,2.320667818438021,-0.08011740682754377,2.3220503703431272,0.8202873509264152,1.0,0.9960560105127273
1781395782.0,4200.0,2026-06-14T00:09:42+00:00,0.0678703703703703,800000.0,-0.6985498378372598,-21.79039596714841,21.801590040202576,1.266170226078021,-0.071586921586442,1.2681923074789132,0.8175410199805393,1.0000000000000002,0.9988143238077485
1781395842.0,4260.0,2026-06-14T00:10:42+00:00,0.0685648148148148,800000.0,-0.2289206864782141,-5.607868887222141,5.612539366184593,0.04903918799818769,-0.019962258333451288,0.0529465175180865,0.8164128465262254,1.0,0.9999668098860215
1781395902.0,4320.0,2026-06-14T00:11:42+00:00,0.0692592592592592,800000.0,-0.2766182447029403,-5.606815028307533,5.61363451027565,-0.22606656347008017,-0.018078578328282045,0.22678828478019672,0.8169282408336733,1.0,0.9994726008623233
1781395962.0,4380.0,2026-06-14T00:12:42+00:00,0.0699537037037037,800000.0,-0.325433489834574,-5.605275630805939,5.614714761554039,-0.4989864231934043,-0.01619019921503503,0.4992490090946297,0.8190765727673176,1.0000000000000002,0.9973485978894584
1781396022.0,4440.0,2026-06-14T00:13:42+00:00,0.0706481481481481,800000.0,-0.3758504192020483,-5.603380815057029,5.6159718745880065,-0.7673016671746734,-0.014670719801823228,0.7674419055984217,0.8228115771175386,1.0000000000000002,0.9936681807810368
1781396082.0,4500.0,2026-06-14T00:14:42+00:00,0.0713425925925926,800000.0,3.747860970124301,4.183996349543081,5.617142272042867,-1.0283456255151888,-0.012867110547532534,1.0284261218240556,0.8280531855719003,1.0000000000000002,0.9885556643945344
1781396142.0,4560.0,2026-06-14T00:15:42+00:00,0.072037037037037,800000.0,3.29664741431581,4.549427971510986,5.618289690135396,-1.2799077775049787,-0.0117424834832143,1.2799616419393542,0.8346906186652475,1.0,0.9821772953857247
1781396202.0,4620.0,2026-06-14T00:16:42+00:00,0.0727314814814814,800000.0,2.9388031528726937,4.789797333212892,5.619494858489312,-1.5202240788938723,-0.01019705986118875,1.5202582774247722,0.8425864773677401,1.0,0.9747300081368673
1781396262.0,4680.0,2026-06-14T00:17:42+00:00,0.0734259259259259,800000.0,2.6570496821239864,4.9531408930486,5.62081112648926,-1.7479461375454368,-0.009278999670316555,1.747970766230057,0.851581517729679,1.0,0.9664293270587178
1781396322.0,4740.0,2026-06-14T00:18:42+00:00,0.0741203703703703,800000.0,2.4343299990154583,5.067856343654826,5.622199788697398,-1.9619318353465778,-0.008554581007650351,1.961950485461498,0.8614996825617511,1.0,0.9574977038035213
1781396382.0,4800.0,2026-06-14T00:19:42+00:00,0.0748148148148148,800000.0,2.2567953834639503,5.150505569468699,5.62324043803502,-2.1613285646102396,-0.008198697339167824,2.1613441148595975,0.8721531150565462,1.0,0.9481542925812658
1781396442.0,4860.0,2026-06-14T00:20:42+00:00,0.0755092592592592,800000.0,2.1144667404054123,5.211919820533078,5.624506895003885,-2.3461350308352253,-0.007742776237163394,2.3461478072568367,0.8833469951189238,1.0000000000000002,0.9386067975717071
1781396502.0,4920.0,2026-06-14T00:21:42+00:00,0.0762037037037037,800000.0,1.9993053956511044,5.258641942093096,5.625881010137014,-2.5160153149838087,-0.007926232054789716,2.5160278000029455,0.8948839893360725,1.0000000000000002,0.9290456451905305
1781396562.0,4980.0,2026-06-14T00:22:42+00:00,0.0768981481481481,800000.0,1.9056311286852048,5.294533747440344,5.62703452996325,-2.6711904090363117,-0.008205325144407076,2.671203011507793,0.9065681599873144,1.0,0.9196404123703106
1781396622.0,5040.0,2026-06-14T00:23:42+00:00,0.0775925925925925,800000.0,1.8289589171943816,5.3226971692593,5.6281609675297855,-2.81186798543787,-0.008773609366778644,2.811881673141981,0.918208282821958,1.0,0.9105382232331722
1781396682.0,5100.0,2026-06-14T00:24:42+00:00,0.078287037037037,800000.0,1.7661560290584306,5.345021617996496,5.629259561952115,-2.9386513493405273,-0.009660724169000198,2.9386672289615188,0.9296206144525374,1.0,0.901863721120782
1781396742.0,5160.0,2026-06-14T00:25:42+00:00,0.0789814814814814,800000.0,1.7144482409915875,5.362747609769675,5.630132742407546,-3.0517911010610295,-0.010708484978745533,3.051809888601489,0.9406311511999104,1.0,0.8937201933822507
1781396802.0,5220.0,2026-06-14T00:26:42+00:00,0.0796759259259259,800000.0,1.6720650618425366,5.376989142086556,5.630969171035409,-3.1520586571258105,-0.012168141081611988,3.1520821438565254,0.951077445011486,1.0000000000000002,0.8861914572337021
1781396862.0,5280.0,2026-06-14T00:27:42+00:00,0.0803703703703703,800000.0,1.6373085341143276,5.388354058920586,5.63161954504826,-3.2398268361590565,-0.01359922328196747,3.239855377508427,0.9608100258765458,1.0,0.8793441691029436
1781396922.0,5340.0,2026-06-14T00:28:42+00:00,0.0810648148148148,800000.0,1.6090836253533691,5.397568769411052,5.632308472900067,-3.315805682409838,-0.015390055341251983,3.315841398092614,0.9696934908806688,0.9999999999999999,0.8732302905990718
1781396982.0,5400.0,2026-06-14T00:29:42+00:00,0.0817592592592592,800000.0,1.5862439444450671,5.404934386201996,5.6328931793916865,-3.3802901940966303,-0.017463960917689855,3.3803353067760558,0.9776073267554442,1.0000000000000002,0.8678895172428996
1781397042.0,5460.0,2026-06-14T00:30:42+00:00,0.0824537037037037,800000.0,1.568300655193695,5.410334843724056,5.633053351983769,-3.4338277631021086,-0.019629640342848295,3.4338838695318192,0.9844465302187175,1.0,0.8633515400590499
1781397102.0,5520.0,2026-06-14T00:31:42+00:00,0.0831481481481481,800000.0,1.5544262957569357,5.4145333154779705,5.633241707344137,-3.476771831492611,-0.021803110357371848,3.4768401953327883,0.9901220633471838,1.0000000000000002,0.8596380546033845
1781397162.0,5580.0,2026-06-14T00:32:42+00:00,0.0838425925925926,800000.0,1.544307136626139,5.4175735486824825,5.633381549976757,-3.5095293920395654,-0.024130550118504623,3.5096123485420185,0.9945611905142588,1.0000000000000002,0.8567644734803885
1781397222.0,5640.0,2026-06-14T00:33:42+00:00,0.084537037037037,800000.0,1.537533368885147,5.419339920218692,5.63322767437206,-3.5321858236670467,-0.02658822632824874,3.5322858925480163,0.9977077306503649,1.0000000000000002,0.8547413234912735
1781397282.0,5700.0,2026-06-14T00:34:42+00:00,0.0852314814814814,800000.0,1.534019809717812,5.420168286059515,5.633066751407444,-3.5451428937586478,-0.029036256951802526,3.545261801529643,0.9995222373643515,1.0000000000000002,0.8535753197240927
1781397342.0,5760.0,2026-06-14T00:35:42+00:00,0.0859259259259259,800000.0,1.5334687551421595,5.419862435045722,5.632622412146672,-3.5482477671239154,-0.031552293257301176,3.54838805151151,0.999982107328348,1.0,0.8532701125794159
1781397402.0,5820.0,2026-06-14T00:36:42+00:00,0.0866203703703703,800000.0,1.5359800692806205,5.418594483928033,5.6320867317968935,-3.5417080970176196,-0.03401261691827256,3.5418714124865964,0.9990816362417068,1.0000000000000002,0.8538267125229311
1781397462.0,5880.0,2026-06-14T00:37:42+00:00,0.0873148148148148,800000.0,1.541585750762198,5.4161590528419525,5.631275655891379,-3.5253719605094234,-0.036256421555291955,3.5255583937938186,0.9968320296286372,1.0,0.8552435972055892
1781397522.0,5940.0,2026-06-14T00:38:42+00:00,0.0880092592592592,800000.0,1.5504629947308417,5.41293707422074,5.6306148214473986,-3.499297938789325,-0.03848562622262328,3.4995095667594573,0.9932613704304766,1.0,0.8575165017289389
1781397582.0,6000.0,2026-06-14T00:39:42+00:00,0.0887037037037037,800000.0,1.5629193196109183,5.408425790985267,5.629723468893269,-3.4631664419339425,-0.040551845331170955,3.463403854114788,0.9884145428338033,1.0000000000000002,0.8606378902257928
1781397642.0,6060.0,2026-06-14T00:40:42+00:00,0.0893981481481481,800000.0,1.579268546830797,5.402511909778102,5.628607650059053,-3.416657355085231,-0.04273258575270403,3.4169245756883657,0.9823531007526178,1.0000000000000002,0.8645961043155858
1781397702.0,6120.0,2026-06-14T00:41:42+00:00,0.0900925925925926,800000.0,1.6000678882872623,5.395271472670908,5.62753689556493,-3.359570823241213,-0.04415053364174172,3.3598609176563383,0.9751550763693676,1.0,0.8693741866552265
1781397762.0,6180.0,2026-06-14T00:42:42+00:00,0.090787037037037,800000.0,1.6259138799241593,5.386153246788564,5.626210335814066,-3.291336524410673,-0.04590010993400298,3.2916565642563143,0.9669147174227586,1.0,0.8749483809983643
1781397822.0,6240.0,2026-06-14T00:43:42+00:00,0.0914814814814814,800000.0,1.6577593449131405,5.3752915899810025,5.625115618631082,-3.2117466424605214,-0.04680570130895838,3.212087680781995,0.9577421136152315,1.0,0.8812863156435624
1781397882.0,6300.0,2026-06-14T00:44:42+00:00,0.0921759259259259,800000.0,1.696715765995064,5.361842408959989,5.623895305666533,-3.12019750542178,-0.04808148266521074,3.1205679453932076,0.9477626803494924,1.0,0.8883448997250747
1781397942.0,6360.0,2026-06-14T00:45:42+00:00,0.0928703703703703,800000.0,1.7438894953328807,5.34498462236992,5.622278113478849,-3.0158528891336154,-0.04826435546499648,3.0162390649456197,0.9371164667206568,1.0000000000000002,0.8960679915534511
1781398002.0,6420.0,2026-06-14T00:46:42+00:00,0.0935648148148148,800000.0,1.8015999485416712,5.325342483240954,5.621835548857355,-2.8990617961031138,-0.04877627096361373,2.89947209371529,0.9259572449583121,1.0,0.904383936374596
1781398062.0,6480.0,2026-06-14T00:47:42+00:00,0.0942592592592592,800000.0,1.8712199889703625,5.299029646026056,5.619713465701367,-2.7678344849116687,-0.04889781486628251,2.7682663766633695,0.9144513286010779,1.0,0.913203125406312
1781398122.0,6540.0,2026-06-14T00:48:42+00:00,0.0949537037037037,800000.0,1.9567501273871464,5.267335495349887,5.61904745322572,-2.6233368176879925,-0.04853754535047092,2.6237858053480685,0.9027760550621398,1.0,0.9224157889085017
1781398182.0,6600.0,2026-06-14T00:49:42+00:00,0.0956481481481481,800000.0,2.061057015627103,5.225603114426585,5.617373401436878,-2.463873401312991,-0.04818161742591498,2.464344457651045,0.8911178571752787,1.0000000000000002,0.9318903042266912
1781398242.0,6660.0,2026-06-14T00:50:42+00:00,0.0963425925925925,800000.0,2.189349506241988,5.171649218852064,5.615977822546595,-2.2895330169831833,-0.04601521859816909,2.2899953790780354,0.8796697887426722,1.0,0.9414723695608456
1781398302.0,6720.0,2026-06-14T00:51:42+00:00,0.097037037037037,800000.0,2.3490684306747336,5.100465532551303,5.615413710559223,-2.100889136118325,-0.0451862428328792,2.101375016221844,0.8686285903601667,1.0000000000000002,0.9509854811947515
1781398362.0,6780.0,2026-06-14T00:52:42+00:00,0.0977314814814814,800000.0,2.5484659733327555,5.002708980792563,5.614425702040898,-1.8973447845988243,-0.043368889156508134,1.897840375845932,0.8581911890326291,1.0,0.9602331260087362
1781398422.0,6840.0,2026-06-14T00:53:42+00:00,0.0984259259259259,800000.0,2.7993357674277664,4.864096408011584,5.612104293866214,-1.6794834998595458,-0.04261075109880294,1.6800239588796564,0.8485506089153456,1.0,0.9690030542858801
1781398482.0,6900.0,2026-06-14T00:54:42+00:00,0.0991203703703703,800000.0,3.117703516372764,4.665570924756633,5.611383721501993,-1.448179458618707,-0.03847151937062877,1.4486903748447615,0.8398914589207439,1.0,0.9770738529766818
1781398542.0,6960.0,2026-06-14T00:55:42+00:00,0.0998148148148148,800000.0,3.5212031187829105,4.3679081967801,5.610480676307982,-1.2047766429137936,-0.03730984049258047,1.205354214954348,0.8323849691149913,1.0,0.9842237913455127
1781398602.0,7020.0,2026-06-14T00:56:42+00:00,0.1005092592592592,800000.0,-1.2468164677143818,5.468781239745506,5.609110406504419,-0.9506721845252905,-0.03438043646207942,0.9512936543683086,0.8261838949077056,1.0,0.9902415958166749
1781398662.0,7080.0,2026-06-14T00:57:42+00:00,0.1012037037037037,800000.0,-1.281250501198864,5.460077348960981,5.608390812297152,-0.6877498435467042,-0.03165022575208752,0.6884777295517076,0.821417529014642,1.0,0.9949383868869481
1781398722.0,7140.0,2026-06-14T00:58:42+00:00,0.1018981481481481,800000.0,-1.3208337798124874,5.44951891696526,5.60730401353948,-0.41834005779608796,-0.029094747964543272,0.41935057924838315,0.8181871156209803,1.0,0.9981596651732383
1781398782.0,7200.0,2026-06-14T00:59:42+00:00,0.1025925925925926,800000.0,-1.3657550632784456,5.437406999903172,5.606307320818822,-0.14498533522308077,-0.02631889510496555,0.14735478163023855,0.8165620809014068,1.0,0.9997960011262098
1781398842.0,7260.0,2026-06-14T01:00:42+00:00,0.103287037037037,800000.0,-1.4161952959230306,5.423654816222336,5.605500930490178,0.12965987936977275,-0.02328709579092192,0.13173447972554336,0.8165773422617851,1.0000000000000002,0.9997910645784618
1781398902.0,7320.0,2026-06-14T01:01:42+00:00,0.1039814814814814,800000.0,-1.4723494992675077,5.4079841861028175,5.604828811402846,0.4028463591475368,-0.020588398282480578,0.4033721249941104,0.8182319033777625,1.0,0.998145888076246
1781398962.0,7380.0,2026-06-14T01:02:42+00:00,0.1046759259259259,800000.0,-1.5344672896964615,5.389982499420192,5.604150355513702,0.6718393759489788,-0.01783898953868858,0.6720761687660668,0.8214889187362218,1.0,0.9949187484658353
1781399022.0,7440.0,2026-06-14T01:03:42+00:00,0.1053703703703703,800000.0,-1.6030837367160633,5.36933199714449,5.603534916682788,0.9342047870502533,-0.015249477774945086,0.9343292410708431,0.8262772112648371,1.0,0.9902206851492936
1781399082.0,7500.0,2026-06-14T01:04:42+00:00,0.1060648148148148,800000.0,3.4016125063198115,-4.452303009077927,5.603032190501472,1.1876269768607197,-0.012738442955763825,1.1876952909295675,0.8324940903925929,1.0,0.984207303942167
1781399142.0,7560.0,2026-06-14T01:05:42+00:00,0.1067592592592592,800000.0,3.017423201389786,-4.720608725907361,5.602587752047986,1.4302613543538703,-0.010514713654424974,1.430300003831854,0.8400092322135625,1.0,0.9770679964164187
1781399202.0,7620.0,2026-06-14T01:06:42+00:00,0.1074537037037037,800000.0,2.7147124782358314,-4.900500323416225,5.602193075866973,1.6605253124804373,-0.0084521357356937,1.6605468231840825,0.8486692946849226,1.0,0.9690139406723874
1781399262.0,7680.0,2026-06-14T01:07:42+00:00,0.1081481481481481,800000.0,2.475851069448591,-5.024999804987667,5.601826626933024,1.8773364299625137,-0.0067277111476666575,1.8773484847948936,0.8583029177712085,1.0,0.9602662194958043
1781399322.0,7740.0,2026-06-14T01:08:42+00:00,0.1088425925925925,800000.0,2.2860652261653804,-5.113903483114044,5.6016161108102125,2.079870061713438,-0.00521088708899534,2.079876589357194,0.8687258045188473,1.0,0.9510451504313906
1781399382.0,7800.0,2026-06-14T01:09:42+00:00,0.109537037037037,800000.0,2.134101338709997,-5.178922336111311,5.601394923352258,2.267770085974388,-0.0041343990925073095,2.2677738547077704,0.8797456302924772,1.0,0.941561561394193
1781399442.0,7860.0,2026-06-14T01:10:42+00:00,0.1102314814814814,800000.0,2.011367559721369,-5.227609038624582,5.60120484547824,2.44076251290892,-0.00330703154935795,2.440764753285153,0.8911665637525633,1.0,0.9320103543267659
1781399502.0,7920.0,2026-06-14T01:11:42+00:00,0.1109259259259259,800000.0,1.9117411446962704,-5.264854743597828,5.601200735155737,2.599154673509693,-0.002890469224697406,2.599156280726424,0.9027932686749891,1.0,0.9225663611802044
1781399562.0,7980.0,2026-06-14T01:12:42+00:00,0.1116203703703703,800000.0,1.830277777980349,-5.293759333242488,5.601232420000141,2.743027056091033,-0.0027907470437136747,2.7430284757392696,0.9144343389964452,1.0,0.9133822562374003
1781399622.0,8040.0,2026-06-14T01:13:42+00:00,0.1123148148148148,800000.0,1.763485502851719,-5.316391366245775,5.601240780207614,2.8728750589893304,-0.0031312276475230216,2.872876765395538,0.9259051796024858,1.0,0.904588155058315
1781399682.0,8100.0,2026-06-14T01:14:42+00:00,0.1130092592592592,800000.0,1.7085369531421082,-5.334349437860968,5.601283999714686,2.9891386388110246,-0.0036843699354306703,2.989140909461253,0.9370303530652049,1.0000000000000002,0.8962924753796944
1781399742.0,8160.0,2026-06-14T01:15:42+00:00,0.1137037037037037,800000.0,1.6633563942641387,-5.34870715125795,5.601376856118265,3.092417324193772,-0.00471764551242225,3.092420922700037,0.9476454618269661,1.0,0.8885836553211615
1781399802.0,8220.0,2026-06-14T01:16:42+00:00,0.1143981481481481,800000.0,1.626237491041456,-5.360309972105503,5.601568653004487,3.183249260741977,-0.006275829144560402,3.1832554471870136,0.9575986117046307,1.0000000000000002,0.8815323733491248
1781399862.0,8280.0,2026-06-14T01:17:42+00:00,0.1150925925925926,800000.0,1.59593750922887,-5.369596227915662,5.601747957933287,3.2622027461886294,-0.00788060005164945,3.2622122648745298,0.9667515314862256,1.0,0.8751939873518373
1781399922.0,8340.0,2026-06-14T01:18:42+00:00,0.115787037037037,800000.0,1.5712640041279096,-5.37692371030816,5.6018014207165665,3.3296113044314333,-0.010046114149032115,3.329626459981222,0.9749804246721442,1.0,0.869610985432582
1781399982.0,8400.0,2026-06-14T01:19:42+00:00,0.1164814814814814,800000.0,1.5516778893275822,-5.382969580560918,5.602148318053734,3.3863215406818465,-0.012343055547181375,3.3863440356682775,0.9821766030558553,1.0,0.8648153008566467
1781400042.0,8460.0,2026-06-14T01:20:42+00:00,0.1171759259259259,800000.0,1.5361944602928197,-5.387259953215952,5.602005285909563,3.4321599096556095,-0.015034907601830585,3.432192840429249,0.9882469587259812,1.0000000000000002,0.860830398428683
1781400102.0,8520.0,2026-06-14T01:21:42+00:00,0.1178703703703703,800000.0,1.524686333558265,-5.39086853631643,5.602332727675659,3.468134730982384,-0.01779395632343972,3.468180378401316,0.9931143164550167,1.0000000000000002,0.857673080809882
1781400162.0,8580.0,2026-06-14T01:22:42+00:00,0.1185648148148148,800000.0,1.5165731170712176,-5.393278411416766,5.602450003567838,3.4940794978137566,-0.02108872301852454,3.494143138350372,0.9967176722571611,1.0000000000000002,0.8553549815848775
1781400222.0,8640.0,2026-06-14T01:23:42+00:00,0.1192592592592592,800000.0,1.511779188983063,-5.394781726936609,5.602601734688218,3.5104365657169803,-0.024175245848680194,3.5105198082954425,0.9990123532745387,1.0000000000000002,0.8538837353212702
1781400282.0,8700.0,2026-06-14T01:24:42+00:00,0.1199537037037037,800000.0,1.5099330125047243,-5.395381364303436,5.602681301709423,3.5171130702384925,-0.027329492131617873,3.517219249632102,0.9999701255548106,1.0,0.8532638277753656
1781400342.0,8760.0,2026-06-14T01:25:42+00:00,0.1206481481481481,800000.0,1.5113412871855485,-5.395451085618974,5.603128135573791,3.5146363397424074,-0.03077577968933883,3.514771080632904,0.9995792558045722,1.0000000000000002,0.8534971298584502
1781400402.0,8820.0,2026-06-14T01:26:42+00:00,0.1213425925925926,800000.0,1.515573807916314,-5.394348982916905,5.603210233137662,3.5023069437490735,-0.033951701996799526,3.5024715054231996,0.9978445355942169,1.0,0.8545831185938855
1781400462.0,8880.0,2026-06-14T01:27:42+00:00,0.122037037037037,800000.0,1.523198004923793,-5.392596590346382,5.60359082628445,3.480650788787159,-0.03718705079058086,3.4808494351567654,0.9947872718794163,1.0,0.8565187872490908
1781400522.0,8940.0,2026-06-14T01:28:42+00:00,0.1227314814814814,800000.0,1.5340630946223768,-5.389785262185665,5.603849993598702,3.449015284794155,-0.04017810884737429,3.4492492973361983,0.9904452376707411,1.0000000000000002,0.8592982429091311
1781400582.0,9000.0,2026-06-14T01:29:42+00:00,0.1234259259259259,800000.0,1.5487934536759331,-5.385766121770939,5.604037640894734,3.407410226258186,-0.04315798220142865,3.407683533052411,0.984872577966376,1.0000000000000002,0.8629119883669754
1781400642.0,9060.0,2026-06-14T01:30:42+00:00,0.1241203703703703,800000.0,1.5676238797516575,-5.380644988332553,5.604354121469829,3.355410159056616,-0.045724880640120244,3.355721695881513,0.9781396711269696,1.0000000000000002,0.8673458871005193
1781400702.0,9120.0,2026-06-14T01:31:42+00:00,0.1248148148148148,800000.0,1.5912521818055223,-5.373938820183116,5.604578659379484,3.2926275811219763,-0.04831304029945603,3.292982012982782,0.970332924648679,1.0,0.8725798058232636
1781400762.0,9180.0,2026-06-14T01:32:42+00:00,0.1255092592592592,800000.0,1.6204057719372629,-5.36537241586246,5.604724438063425,3.2185908897314617,-0.050345661587988325,3.2189846226882004,0.9615544835508731,1.0,0.878585938741663
1781400822.0,9240.0,2026-06-14T01:33:42+00:00,0.1262037037037037,800000.0,1.6560850814630212,-5.354710983231721,5.604957404921718,3.1328782427119535,-0.052226874855453645,3.133313538431018,0.9519218232530359,1.0000000000000002,0.885326832136867
1781400882.0,9300.0,2026-06-14T01:34:42+00:00,0.1268981481481481,800000.0,1.699496254474359,-5.341221359749321,5.605081010370391,3.034864648000148,-0.05370560691929857,3.035339803695071,0.9415671918657486,1.0000000000000002,0.8927531516830375
1781400942.0,9360.0,2026-06-14T01:35:42+00:00,0.1275925925925926,800000.0,1.7522403588346127,-5.324212675402092,5.605139328156005,2.9240369758500333,-0.05482589639451578,2.9245509253650672,0.9306368598053202,1.0000000000000002,0.9008012684182158
1781401002.0,9420.0,2026-06-14T01:36:42+00:00,0.128287037037037,800000.0,1.8163181212476824,-5.302723165626427,5.605165875230087,2.7998446009657547,-0.05561863649023464,2.800396975837911,0.9192901143410335,1.0,0.9093907837485441
1781401062.0,9480.0,2026-06-14T01:37:42+00:00,0.1289814814814814,800000.0,1.894335886701904,-5.275341889458763,5.605153031124577,2.6617795375059856,-0.056078067094606845,2.662370195125886,0.9076979424928169,1.0000000000000002,0.9184221769017593
1781401122.0,9540.0,2026-06-14T01:38:42+00:00,0.1296759259259259,800000.0,1.9896305780878876,-5.240045017947986,5.605060358942073,2.509351510296677,-0.056220884846960584,2.509981233021711,0.8960413384818189,1.0000000000000002,0.9277748265588817
1781401182.0,9600.0,2026-06-14T01:39:42+00:00,0.1303703703703703,800000.0,2.1066550095367744,-5.194002782853646,5.6049674608777,2.3422432185373707,-0.056020588775183774,2.342913058811833,0.8845091643590636,1.0,0.9373057300336165
1781401242.0,9660.0,2026-06-14T01:40:42+00:00,0.1310648148148148,800000.0,2.251329917887632,-5.132885532841086,5.604908589123042,2.1602874360660773,-0.05546851878469459,2.1609994361408598,0.8732955021606047,1.0,0.9468493075188519
1781401302.0,9720.0,2026-06-14T01:41:42+00:00,0.1317592592592592,800000.0,2.431566545793644,-5.049925806381519,5.6048431304168425,1.963518622868885,-0.05468431918266658,1.9642799589461262,0.8625964527830732,1.0,0.9562187144665332
1781401362.0,9780.0,2026-06-14T01:42:42+00:00,0.1324537037037037,800000.0,2.65797650545049,-4.934525031237559,5.604852931829419,1.7522552277979666,-0.053539368967095345,1.7530729726325425,0.8526063629106083,1.0,0.9652090664113022
1781401422.0,9840.0,2026-06-14T01:43:42+00:00,0.1331481481481481,800000.0,2.944479709420857,-4.769107956924613,5.604850708448245,1.5271341262471916,-0.052105400489436696,1.5280227787271163,0.84351351973253,1.0,0.9736028842249846
1781401482.0,9900.0,2026-06-14T01:44:42+00:00,0.1338425925925926,800000.0,3.308308440141709,-4.524520192293223,5.605014514306093,1.2891456914843558,-0.05036723857451258,1.2901292464688565,0.8354954009892461,1.0,0.9811778684689482
1781401542.0,9960.0,2026-06-14T01:45:42+00:00,0.134537037037037,800000.0,3.766588410515483,-4.1509160593061765,5.605113057346433,1.0396364472000013,-0.04840470953701571,1.0407626810430914,0.8287136333835137,1.0,0.9877168135607418
1781401602.0,10020.0,2026-06-14T01:46:42+00:00,0.1352314814814814,800000.0,-2.396027367181646,-5.06747018008764,5.605372527349174,0.7804005004894446,-0.0462419520363358,0.7817693133478101,0.8233089074985106,1.0,0.9930191001901923
1781401662.0,10080.0,2026-06-14T01:47:42+00:00,0.1359259259259259,800000.0,-2.4325374330237564,-5.050290041975163,5.60559255307905,0.5135181665231806,-0.04388037326659818,0.5153895560712741,0.8193961483546507,1.0,0.9969128158947661
1781401722.0,10140.0,2026-06-14T01:48:42+00:00,0.1366203703703703,800000.0,-2.477399873223717,-5.028815342482299,5.6059338098691684,0.24142578267065196,-0.04139483167616189,0.24494885308495454,0.8170602815626502,1.0,0.999266246214128
1781401782.0,10200.0,2026-06-14T01:49:42+00:00,0.0001736111111111,800000.0,-2.950077455454971,-5.839443194519671,6.542327859042665,-0.03542413891560525,-0.039942215459853554,0.053387734487927684,0.8163529302921033,1.0,0.9999973497155984
1781401842.0,10260.0,2026-06-14T01:50:42+00:00,0.0008680555555555,800000.0,-3.022127829042491,-5.803153280866816,6.5429232470134,-0.3558394277806221,-0.036915861713054214,0.35774918477790824,0.8172903198037222,1.0000000000000002,0.9990799520594826
1781401902.0,10320.0,2026-06-14T01:51:42+00:00,0.0015625,800000.0,-3.1043192659433627,-5.760396209564952,6.5436199917230375,-0.67288668922925,-0.033877820133549584,0.6737389726287937,0.819852585936907,1.0,0.9965457782972137
1781401962.0,10380.0,2026-06-14T01:52:42+00:00,0.0022569444444444,800000.0,-3.197041202991815,-5.710376008802404,6.544422557837584,-0.9835328148764777,-0.030852276171672785,0.9840165958376011,0.8239845569999265,1.0,0.9924820252505568
1781402022.0,10440.0,2026-06-14T01:53:42+00:00,0.0029513888888888,800000.0,4.22912902224716,4.995462135381105,6.545240578683076,-1.2849687648765307,-0.0280469183193573,1.2852748174361504,0.8295979261158211,1.0,0.9870248284769993
1781402082.0,10500.0,2026-06-14T01:54:42+00:00,0.0036458333333333,800000.0,3.733186836693576,5.377317810362305,6.546161531103693,-1.5747683094103597,-0.02522015024132858,1.5749702487035613,0.8365746262753134,1.0000000000000002,0.9803495488328596
1781402142.0,10560.0,2026-06-14T01:55:42+00:00,0.0043402777777777,800000.0,3.341138133843144,5.630422954174906,6.547126596631572,-1.850932050499076,-0.022634662874158086,1.8510704426164177,0.8447711216201533,1.0,0.9726591672223427
1781402202.0,10620.0,2026-06-14T01:56:42+00:00,0.0050347222222222,800000.0,3.0322483705685035,5.803882795792863,6.548250582263611,-2.111923053239394,-0.02026726244948077,2.112020299317978,0.8540232667647704,1.0000000000000002,0.9641721726547682
1781402262.0,10680.0,2026-06-14T01:57:42+00:00,0.0057291666666666,800000.0,2.787579162636085,5.926457286173987,6.54931244886115,-2.356593638452976,-0.018093289098961747,2.356663095121459,0.8641513950509773,1.0000000000000002,0.955111178653663
1781402322.0,10740.0,2026-06-14T01:58:42+00:00,0.0064236111111111,800000.0,2.592301496517368,6.0157088573646185,6.550479379818038,-2.5842742095687767,-0.01616466578759453,2.584324764162266,0.8749653448852478,1.0,0.9456931840247871
1781402382.0,10800.0,2026-06-14T01:59:42+00:00,0.0071180555555555,800000.0,2.4351453251064235,6.08225061136362,6.551618521695292,-2.794604198313137,-0.014509502206496838,2.7946418645121045,0.8862691965537618,1.0,0.9361220055454689
1781402442.0,10860.0,2026-06-14T02:00:42+00:00,0.0078125,800000.0,2.3077624232692115,6.133021317524703,6.552840443919402,-2.9876044919784914,-0.013224548115057973,2.9876337608821646,0.8978655498483349,1.0,0.9265830389058198
1781402502.0,10920.0,2026-06-14T02:01:42+00:00,0.0085069444444444,800000.0,2.203890455935484,6.172373588248703,6.554031496313829,-3.1635045291136277,-0.012159271098876288,3.1635278967627407,0.9095592791537876,1.0,0.9172402194064985
1781402562.0,10980.0,2026-06-14T02:02:42+00:00,0.0092013888888888,800000.0,2.1186464933687463,6.203186282991009,6.555012053791472,-3.3225353637246426,-0.01133264054071291,3.3225546905871193,0.9211607488860633,1.0,0.908234867903075
1781402622.0,11040.0,2026-06-14T02:03:42+00:00,0.0098958333333333,800000.0,2.048635394870055,6.2279918692268526,6.556278647546195,-3.4655324972357016,-0.010791518501702888,3.465549299356206,0.9324884632993942,1.0000000000000002,0.8996860066574108
1781402682.0,11100.0,2026-06-14T02:04:42+00:00,0.0105902777777777,800000.0,1.9908739980788408,6.247688603689952,6.557224425387904,-3.5927853196173496,-0.010717423771116757,3.592801304835856,0.9433711951253264,0.9999999999999998,0.8916917202759622
1781402742.0,11160.0,2026-06-14T02:05:42+00:00,0.0112847222222222,800000.0,1.943328821447146,6.263692963058281,6.558229672993542,-3.7051445100931506,-0.010694726381174288,3.705159944974816,0.9536496869687354,1.0,0.884331183501085
1781402802.0,11220.0,2026-06-14T02:06:42+00:00,0.0119791666666666,800000.0,1.9041959278959624,6.276352754703657,6.5588540182940305,-3.8030194078302753,-0.011227859917225247,3.8030359821032538,0.9631779722593946,1.0,0.8776670335468391
1781402862.0,11280.0,2026-06-14T02:07:42+00:00,0.0126736111111111,800000.0,1.8722746914043291,6.28677540257925,6.559646140040534,-3.887312212272779,-0.011425264100279817,3.8873290023285714,0.9718243906704556,1.0,0.8717478428840948
1781402922.0,11340.0,2026-06-14T02:08:42+00:00,0.0133680555555555,800000.0,1.8464663381443431,6.294970812538846,6.560190200643283,-3.9584084522079075,-0.0125483847678666,3.9584283417123123,0.9794723549480158,1.0,0.8666105156325146
1781402982.0,11400.0,2026-06-14T02:09:42+00:00,0.0140625,800000.0,1.825944587469248,6.301548240285749,6.5607609208960405,-4.016908543892178,-0.013561068462722148,4.016931434885569,0.98602092134165,1.0,0.8622824891132428
1781403042.0,11460.0,2026-06-14T02:10:42+00:00,0.0147569444444444,800000.0,1.810071323900447,6.306107190203577,6.5607428003194865,-4.06300642460493,-0.014965964628606207,4.063033987856636,0.9913852170448999,1.0,0.8587836731118935
1781403102.0,11520.0,2026-06-14T02:11:42+00:00,0.0154513888888888,800000.0,1.7984773243058347,6.309873420320787,6.561175448539157,-4.097551088205883,-0.01608483354148902,4.097582658388634,0.9954967548065371,1.0000000000000002,0.8561280867976184
1781403162.0,11580.0,2026-06-14T02:12:42+00:00,0.0161458333333333,800000.0,1.790674418678084,6.312119750007465,6.561201918257233,-4.120357184072139,-0.01770875230054026,4.120395238838494,0.9983036584484934,1.0000000000000002,0.8543251744082182
1781403222.0,11640.0,2026-06-14T02:13:42+00:00,0.0168402777777777,800000.0,1.7865518380648038,6.31325327125004,6.561168671589083,-4.131835441875262,-0.01925975572295177,4.131880329453777,0.9997708143981475,1.0,0.8533807925458764
1781403282.0,11700.0,2026-06-14T02:14:42+00:00,0.0175347222222222,800000.0,1.785973427465675,6.313391595296405,6.5611442995237335,-4.13208611116403,-0.020727965771663893,4.1321381001413435,0.9998799681609245,1.0,0.8532978736188485
1781403342.0,11760.0,2026-06-14T02:15:42+00:00,0.0182291666666666,800000.0,1.7889447202012363,6.312127437983041,6.560737458950345,-4.120957517218455,-0.022484792343833767,4.121018857589229,0.9986297707313113,1.0000000000000002,0.8540767693047103
1781403402.0,11820.0,2026-06-14T02:16:42+00:00,0.0189236111111111,800000.0,1.7955554584075537,6.309836023124899,6.560339171334193,-4.098509275146267,-0.023907026259376227,4.098579000625039,0.9960357813317122,1.0000000000000002,0.8557152764276306
1781403462.0,11880.0,2026-06-14T02:17:42+00:00,0.0196180555555555,800000.0,1.80603960840301,6.306253199842077,6.559771984424377,-4.06450486534613,-0.02528674138097438,4.064583523525139,0.9921304266777671,1.0000000000000002,0.858208345483577
1781403522.0,11940.0,2026-06-14T02:18:42+00:00,0.0203125,800000.0,1.8208432529800969,6.301610620970161,6.559402912632146,-4.01890945344919,-0.026739153337312083,4.0189984047452,0.9869629089756247,1.0000000000000002,0.8615474692554635
1781403582.0,12000.0,2026-06-14T02:19:42+00:00,0.0210069444444444,800000.0,1.840301488195461,6.295154692564832,6.55863416960997,-3.9610249915958406,-0.02793479169454806,3.9611234942417344,0.9805990601933252,1.0000000000000002,0.8657197479959831
1781403642.0,12060.0,2026-06-14T02:20:42+00:00,0.0217013888888888,800000.0,1.8651394276450568,6.28711580662599,6.5579394820692345,-3.8906780634522975,-0.029004936888068003,3.8907861775986614,0.973121132320278,1.0000000000000002,0.8707066285828602
1781403702.0,12120.0,2026-06-14T02:21:42+00:00,0.0223958333333333,800000.0,1.8961745796983605,6.277058995877805,6.557205782528465,-3.807317012873982,-0.02983847693243988,3.8074339352410713,0.9646275079146315,1.0,0.8764823211014796
1781403762.0,12180.0,2026-06-14T02:22:42+00:00,0.0230902777777777,800000.0,1.9344399346783736,6.264525465490364,6.556396660411551,-3.710347173096382,-0.030484622863933834,3.7104724035000545,0.9552322989255143,1.0000000000000002,0.883011905158468
1781403822.0,12240.0,2026-06-14T02:23:42+00:00,0.0237847222222222,800000.0,1.9813513490668797,6.249094284565852,6.555679411460169,-3.599270520643933,-0.030900576697123903,3.5994031625280134,0.9450647932410413,1.0,0.89024915989324
1781403882.0,12300.0,2026-06-14T02:24:42+00:00,0.0244791666666666,800000.0,2.038498345219045,6.229751846391382,6.554790886906891,-3.473264678283803,-0.031094579277700516,3.4734038633988913,0.9342687135187402,1.0,0.8981341859730965
1781403942.0,12360.0,2026-06-14T02:25:42+00:00,0.0251736111111111,800000.0,2.1083083986046383,6.206071380130514,6.554409681954731,-3.3320652407666724,-0.0309334811106695,3.3322088243354564,0.9230012345044638,1.0,0.9065909291052513
1781404002.0,12420.0,2026-06-14T02:26:42+00:00,0.0258680555555555,800000.0,2.1932932338655897,6.175433076092114,6.553358595942472,-3.174520004927642,-0.03089473467238441,3.174670336635959,0.9114317097298256,1.0000000000000002,0.9155247727096676
1781404062.0,12480.0,2026-06-14T02:27:42+00:00,0.0265625,800000.0,2.2974311748758844,6.137208063516308,6.5531300016237415,-3.000662702738701,-0.0297662435699296,3.000810338035943,0.8997400416755791,1.0,0.9248204300026714
1781404122.0,12540.0,2026-06-14T02:28:42+00:00,0.0272569444444444,800000.0,2.425318230171245,6.087146353933199,6.552520068782942,-2.809675917834865,-0.029277160183501325,2.809828449455518,0.8881146286788962,1.0,0.9343404412245234
1781404182.0,12600.0,2026-06-14T02:29:42+00:00,0.0279513888888888,800000.0,2.5832505675915005,6.021451245718669,6.552179683092392,-2.6013207828830263,-0.027636994289904373,2.60146758944111,0.876749815750877,1.0,0.9439246491356279
1781404242.0,12660.0,2026-06-14T02:30:42+00:00,0.0286458333333333,800000.0,2.779947727469823,5.932666205487267,6.551689680776657,-2.3757881673221983,-0.02649387020159404,2.375935887423402,0.8658428029303061,1.0000000000000002,0.953391072651603
1781404302.0,12720.0,2026-06-14T02:31:42+00:00,0.0293402777777777,800000.0,3.026506533280429,5.81045389860981,6.5514209377706045,-2.133064977682888,-0.024354814767184648,2.1332040118140703,0.8555899851845508,1.0,0.9625385991731441
1781404362.0,12780.0,2026-06-14T02:32:42+00:00,0.0300347222222222,800000.0,3.338137419007362,5.636599279500497,6.550909315953217,-1.874010313076402,-0.023084475474902753,1.874152487532609,0.8461827070522547,1.0,0.9711518327660136
1781404422.0,12840.0,2026-06-14T02:33:42+00:00,0.0307291666666666,800000.0,3.733862989716134,5.382460976130574,6.550772396102646,-1.599467145500489,-0.02026669023104853,1.5995955389623977,0.8378026047401139,1.0,0.9790082744522877
1781404482.0,12900.0,2026-06-14T02:34:42+00:00,0.0314236111111111,800000.0,4.234745230195146,4.997728075207574,6.550599444201923,-1.3111960188601364,-0.018755045897050973,1.3113301459286564,0.8306166510181456,1.0000000000000002,0.985887722270208
1781404542.0,12960.0,2026-06-14T02:35:42+00:00,0.0321180555555555,800000.0,-3.941242259576432,5.231815451727793,6.550212475149857,-1.0108034735553926,-0.016146833831061982,1.0109324321607331,0.8247720850649254,1.0,0.9915834316850429
1781404602.0,13020.0,2026-06-14T02:36:42+00:00,0.0328125,800000.0,-3.98429199851318,5.198975108361002,6.55010877060629,-0.700947213977709,-0.013971432384822374,0.7010864409657313,0.8203914851448106,1.0000000000000002,0.9959141874040799
1781404662.0,13080.0,2026-06-14T02:37:42+00:00,0.0335069444444444,800000.0,-4.037890256793004,5.157317332800661,6.549998457794474,-0.3841484778698957,-0.011691137759458963,0.3843263401744257,0.8175683365617509,1.0000000000000002,0.9987360974640045
1781404722.0,13140.0,2026-06-14T02:38:42+00:00,0.0342013888888888,800000.0,-4.101741376296756,5.106566040308854,6.549908323179833,-0.06361750983727424,-0.009493547762846642,0.06432196364400837,0.8163634590770958,1.0000000000000002,0.9999527316047099
1781404782.0,13200.0,2026-06-14T02:39:42+00:00,0.0348958333333333,800000.0,-4.175787254000944,5.045943672126555,6.549713484798459,0.25763414074893426,-0.007313068309304071,0.2577379123209044,0.8168026122188815,1.0000000000000002,0.9995222794513889
1781404842.0,13260.0,2026-06-14T02:40:42+00:00,0.0355902777777777,800000.0,-4.260159611723172,4.975345842906672,6.550040165822346,0.5761919873302676,-0.0053885255566932765,0.57621718342243,0.8188754815707024,1.0000000000000002,0.9974607238273552
1781404902.0,13320.0,2026-06-14T02:41:42+00:00,0.0362847222222222,800000.0,-4.354159108855473,4.892778502564165,6.549655183319434,0.8890833443440168,-0.0037890132057651423,0.8890914181404604,0.8225361365947064,1.0000000000000002,0.993840568106673
1781404962.0,13380.0,2026-06-14T02:42:42+00:00,0.0369791666666666,800000.0,4.401807118111679,-4.8500939396334735,6.549757028190282,1.1933925887936863,-0.0019127481990632161,1.193394121651925,0.8277049146491251,1.0000000000000002,0.9887853069533961
1781405022.0,13440.0,2026-06-14T02:43:42+00:00,0.0376736111111111,800000.0,3.871267672239172,-5.283550904009077,6.55000943093819,1.4866639636645382,-0.0005821258798640455,1.4866640776346536,0.8342715375060785,1.0000000000000002,0.9824604343072987
1781405082.0,13500.0,2026-06-14T02:44:42+00:00,0.0383680555555555,800000.0,3.4498811704636645,-5.567926411783335,6.550075161198854,1.7666136773532326,0.00021220161262391207,1.76661369009782,0.8420992120165804,1.0,0.975062205480509
1781405142.0,13560.0,2026-06-14T02:45:42+00:00,0.0390625,800000.0,3.117737191867504,-5.760224260938974,6.549844939680925,2.03165741380393,0.0008360972680576673,2.031657585845389,0.8510294046863786,1.0000000000000002,0.9668055399286051
1781405202.0,13620.0,2026-06-14T02:46:42+00:00,0.0397569444444444,800000.0,2.8551982149174955,-5.894959262719762,6.550015385905103,2.280645016392359,0.0015071403654682777,2.280645514381265,0.860886900098919,1.0,0.957912356321835
1781405262.0,13680.0,2026-06-14T02:47:42+00:00,0.0404513888888888,800000.0,2.6460436599053776,-5.991967126049621,6.550207408150127,2.512745045774171,0.001091691928821045,2.512745282923422,0.8714848487218896,1.0000000000000002,0.9486013474509829
1781405322.0,13740.0,2026-06-14T02:48:42+00:00,0.0411458333333333,800000.0,2.4779364109881383,-6.06331503424781,6.550111301454067,2.7274321442366247,0.0007523612334966578,2.7274322480059188,0.8826295698792926,1.0,0.9390798242248085
1781405382.0,13800.0,2026-06-14T02:49:42+00:00,0.0418402777777777,800000.0,2.341919335904896,-6.117255387070203,6.550221343323036,2.9248060373454785,-0.00021983731163367423,2.9248060456072986,0.8941249442914683,1.0000000000000002,0.9295378777475582
1781405442.0,13860.0,2026-06-14T02:50:42+00:00,0.0425347222222222,800000.0,2.2310159383812795,-6.158550248455336,6.55020406400141,3.104889866949042,-0.0014547228199569481,3.104890207737034,0.9057762841619349,1.0,0.9201447940846906
1781405502.0,13920.0,2026-06-14T02:51:42+00:00,0.0432291666666666,800000.0,2.1401574783954422,-6.190677575852984,6.550172736691828,3.268138311192081,-0.0032728352004319713,3.26813994996109,0.917393637893225,1.0000000000000002,0.9110474430216461
1781405562.0,13980.0,2026-06-14T02:52:42+00:00,0.0439236111111111,800000.0,2.065400693474723,-6.215912947489884,6.550072808402838,3.4150247682302415,-0.005289214207860951,3.4150288642137347,0.928794532754395,1.0,0.9023702458827256
1781405622.0,14040.0,2026-06-14T02:53:42+00:00,0.0446180555555555,800000.0,2.003829761936848,-6.236046789650617,6.550084982466689,3.5462757356663372,-0.007900251619369913,3.546284535588123,0.9398061820908086,1.0000000000000002,0.8942162942382368
1781405682.0,14100.0,2026-06-14T02:54:42+00:00,0.0453125,800000.0,1.9529644263422976,-6.25197795770266,6.549908276774449,3.6623264973102727,-0.010789165124464734,3.6623423896442304,0.9502672396041809,1.0000000000000002,0.8866692267509122
1781405742.0,14160.0,2026-06-14T02:55:42+00:00,0.0460069444444444,800000.0,1.9110103220593333,-6.264649864966914,6.549641088002249,3.7638771275934304,-0.014043259497738339,3.7639033256392618,0.9600291872337666,1.0,0.8797955345302687
1781405802.0,14220.0,2026-06-14T02:56:42+00:00,0.0467013888888888,800000.0,1.8765426021816776,-6.274748298660999,6.549341825660948,3.8515866552066726,-0.01754907264611423,3.8516266346203474,0.9689573832942716,1.0000000000000002,0.8736470236446197
1781405862.0,14280.0,2026-06-14T02:57:42+00:00,0.0473958333333333,800000.0,1.8485725501250412,-6.282826662416949,6.549132106092616,3.926210002951163,-0.02166294142070098,3.9262697653504106,0.9769318491647294,1.0000000000000002,0.8682632437213387
1781405922.0,14340.0,2026-06-14T02:58:42+00:00,0.0480902777777777,800000.0,1.82590270679358,-6.288800234195456,6.5485058662486475,3.9878362229458286,-0.025709849882971994,3.9879190986553197,0.9838478552699763,1.0000000000000002,0.8636737522958049
1781405982.0,14400.0,2026-06-14T02:59:42+00:00,0.0487847222222222,800000.0,1.8081709360861409,-6.293432638246791,6.548036080097344,4.037412582132398,-0.030100312425177942,4.03752478471267,0.9896163530344921,1.0000000000000002,0.8599001327285424
1781406042.0,14460.0,2026-06-14T03:00:42+00:00,0.0494791666666666,800000.0,1.7946440235535643,-6.296853173251718,6.547603153579694,4.075114742841821,-0.03441411674679602,4.075260052899474,0.9941642951724654,1.0000000000000002,0.8569577215634622
1781406102.0,14520.0,2026-06-14T03:01:42+00:00,0.0501736111111111,800000.0,1.785185978139491,-6.299031911946884,6.547113257327314,4.101413674641954,-0.03929417388832214,4.101601902018476,0.9974348589363007,1.0000000000000002,0.8548570199893647
1781406162.0,14580.0,2026-06-14T03:02:42+00:00,0.0508680555555555,800000.0,1.7792398215171272,-6.29986194565344,6.546293216528316,4.116174201595233,-0.043807891048053306,4.116407315754386,0.9993875883826722,1.0,0.8536047808524404
1781406222.0,14640.0,2026-06-14T03:03:42+00:00,0.0515625,800000.0,1.776997519425335,-6.300061375868615,6.545876069996692,4.120099377223222,-0.04848737585578588,4.1203846791061345,0.9999984892299889,1.0000000000000002,0.8532047771478293
1781406282.0,14700.0,2026-06-14T03:04:42+00:00,0.0522569444444444,800000.0,1.7780497886518396,-6.298816138661705,6.544963391768513,4.112562407004815,-0.052876072063059096,4.112902312297978,0.9992600824448705,1.0000000000000002,0.8536582551600785
1781406342.0,14760.0,2026-06-14T03:05:42+00:00,0.0529513888888888,800000.0,1.7828486588001002,-6.29705834243959,6.544577381945556,4.09424171225232,-0.05735385073219114,4.0946434109139,0.9971814185980843,1.0,0.8549640750403461
1781406402.0,14820.0,2026-06-14T03:06:42+00:00,0.0536458333333333,800000.0,1.7912932347330417,-6.293719565183448,6.543671554866831,4.064347732183684,-0.06122499201226185,4.064808850087979,0.9937880536253572,1.0000000000000002,0.8571185397800892
1781406462.0,14880.0,2026-06-14T03:07:42+00:00,0.0543402777777777,800000.0,1.8038261083584837,-6.289627851207328,6.5431802004742785,4.023149031226942,-0.06537658551791316,4.02368018428357,0.9891219887815372,1.0000000000000002,0.8601149125658465
1781406522.0,14940.0,2026-06-14T03:08:42+00:00,0.0550347222222222,800000.0,1.8207233231766404,-6.283790885443693,6.542252006117208,3.969878287335017,-0.06871585066913023,3.9704729547482365,0.9832415753239602,1.0,0.8639426192970974
1781406582.0,15000.0,2026-06-14T03:09:42+00:00,0.0557291666666666,800000.0,1.8426812662312035,-6.276608974244268,6.541505519716629,3.904485934590539,-0.07207435610330097,3.905151101586603,0.9762213611496372,1.0,0.8685861287134079
1781406642.0,15060.0,2026-06-14T03:10:42+00:00,0.0564236111111111,800000.0,1.8704282075907344,-6.267591438079427,6.54073421829978,3.8264114026395744,-0.07466447875867331,3.8271397944990797,0.9681518615493968,1.0000000000000002,0.8740235095161291
1781406702.0,15120.0,2026-06-14T03:11:42+00:00,0.0571180555555555,800000.0,1.904839862737277,-6.2564356218060855,6.539984831211542,3.7350698328412157,-0.07710229438801591,3.7358655516493635,0.9591392409962824,1.0000000000000002,0.8802246739751207
1781406762.0,15180.0,2026-06-14T03:12:42+00:00,0.0578125,800000.0,1.9472013583994765,-6.242565410008854,6.5392060701886265,3.6299162498108606,-0.0789468131174853,3.6307746528726277,0.9493048721412178,1.0000000000000002,0.8871493300848101
1781406822.0,15240.0,2026-06-14T03:13:42+00:00,0.0585069444444444,800000.0,1.9989989301134667,-6.2253284746134,6.538402812570299,3.5102812361598605,-0.08029204466654026,3.511199391856397,0.9387847324427001,1.0000000000000002,0.8947446912682793
1781406882.0,15300.0,2026-06-14T03:14:42+00:00,0.0592013888888888,800000.0,2.0622108948190774,-6.2038306463304,6.537601124499625,3.375546651023094,-0.08110719781377111,3.376520927044645,0.9277285895128451,1.0000000000000002,0.9029430308569901
1781406942.0,15360.0,2026-06-14T03:15:42+00:00,0.0598958333333333,800000.0,2.1393846977842697,-6.176823982910792,6.536828084092118,3.225123074565309,-0.08145163885407015,3.226151455769801,0.9162989209351535,1.0000000000000002,0.9116592180862246
1781407002.0,15420.0,2026-06-14T03:16:42+00:00,0.0605902777777777,800000.0,2.2337474420757992,-6.142584377169318,6.536128094340315,3.05842194804369,-0.08132572320896148,3.059503012832447,0.9046695132667809,1.0,0.9207884345941856
1781407062.0,15480.0,2026-06-14T03:17:42+00:00,0.0612847222222222,800000.0,2.3495042540509705,-6.098491399952957,6.5354240562570824,2.8749162754935513,-0.08069931302564053,2.876048673131337,0.8930236643394374,1.0,0.9302043396990927
1781407122.0,15540.0,2026-06-14T03:18:42+00:00,0.0619791666666666,800000.0,2.4922628620832508,-6.040901315971527,6.534819269346776,2.6742977869452433,-0.07957603657839331,2.6754814517872765,0.881551916873383,1.0000000000000002,0.9397580269689105
1781407182.0,15600.0,2026-06-14T03:19:42+00:00,0.0626736111111111,800000.0,2.6694193575237937,-5.964123420817237,6.534261081795205,2.456380298420498,-0.07799711719574509,2.457618302495166,0.8704492684468375,1.0,0.949278174632206
1781407242.0,15660.0,2026-06-14T03:20:42+00:00,0.0633680555555555,800000.0,2.891001422891847,-5.859451220113538,6.533839440027028,2.2213472973443955,-0.07599863600834879,2.2226469823375865,0.8599118245132261,0.9999999999999999,0.9585728151950818
1781407302.0,15720.0,2026-06-14T03:21:42+00:00,0.0640625,800000.0,3.170218778290827,-5.712759260637709,6.533445145727458,1.9695568684561933,-0.07357609822846783,1.9709306685709398,0.8501328833146968,1.0,0.9674331108624749
1781407362.0,15780.0,2026-06-14T03:22:42+00:00,0.0647569444444444,800000.0,3.5245382787936936,-5.500963402388575,6.533220372304956,1.7019688993789712,-0.07071857703888955,1.7034374809753576,0.8412984860726713,1.0000000000000002,0.9756394010812341
1781407422.0,15840.0,2026-06-14T03:23:42+00:00,0.0654513888888888,800000.0,3.974581999679105,-5.184950512229227,6.53307078535349,1.4197439267267844,-0.0675869567315681,1.4213517559695854,0.8335825674609229,1.0,0.9829695672153791
1781407482.0,15900.0,2026-06-14T03:24:42+00:00,0.0661458333333333,800000.0,-4.913003830791242,-4.306269214252594,6.533112672148635,1.1247155619889344,-0.06403181081100598,1.1265368028501426,0.8271418903433619,1.0,0.9892094318453585
1781407542.0,15960.0,2026-06-14T03:25:42+00:00,0.0668402777777777,800000.0,-4.956597135918061,-4.256163850579753,6.5332064019723886,0.8189234902682238,-0.06033987680134156,0.8211434610623717,0.8221109909784017,1.0,0.9941645260786193
1781407602.0,16020.0,2026-06-14T03:26:42+00:00,0.0675347222222222,800000.0,-5.0088841116760845,-4.194940550169114,6.533486531986904,0.505072752704467,-0.05629282971370757,0.5082001261330463,0.8185974540352895,1.0,0.9976721857329947
1781407662.0,16080.0,2026-06-14T03:27:42+00:00,0.0682291666666666,800000.0,-5.06945445958813,-4.12209348001262,6.533836788273834,0.18592236168005644,-0.052155963621257274,0.19309937626505072,0.8166778979825169,1.0,0.9996126638236389
1781407722.0,16140.0,2026-06-14T03:28:42+00:00,0.0003587962962962,800000.0,-11.657864090003049,-9.245466656814504,14.878993542684645,-0.2414557806540217,0.00871160318988394,0.24161288467584058,0.8163949674356359,1.0,0.9999178752835538
1781407782.0,16200.0,2026-06-14T03:29:42+00:00,0.0010532407407407,800000.0,-11.83137986652378,-9.025117518967816,14.880668525881626,-0.9702474226861311,0.015069563714302549,0.9703644433817736,0.817755583860595,1.0,0.998576583814759
1781407842.0,16260.0,2026-06-14T03:30:42+00:00,0.0017476851851851,800000.0,-12.020481734783866,-8.774783663316176,14.882500108324306,-1.68964768807775,0.0214081919671065,1.6897833057850304,0.8207306296597262,1.0,0.9956352853123752
1781407902.0,16320.0,2026-06-14T03:31:42+00:00,0.0024421296296296,800000.0,-12.223785954667726,-8.492935836620514,14.884586060434632,-2.3929082052394484,0.027443683510448222,2.393065572538057,0.8252560962342793,1.0,0.9911946572484581
1781407962.0,16380.0,2026-06-14T03:32:42+00:00,0.003136574074074,800000.0,9.286860685560873,11.63473266399268,14.886664688760687,-3.073756335371085,0.03326506313616612,3.073936332076404,0.8312355874188303,1.0,0.9854020901364248
1781408022.0,16440.0,2026-06-14T03:33:42+00:00,0.0038310185185185,800000.0,8.22380645779721,12.411672790025234,14.888942679114587,-3.726948711105771,0.03867194590227413,3.7271493416031554,0.8385439687270273,1.0,0.9784413445467878
1781408082.0,16500.0,2026-06-14T03:34:42+00:00,0.0045254629629629,800000.0,7.385808251674401,12.930751393096928,14.891423542448177,-4.348194423373123,0.04370107991948341,4.3484140244276706,0.8470318474781258,1.0000000000000002,0.9705206753380939
1781408142.0,16560.0,2026-06-14T03:35:42+00:00,0.0052199074074074,800000.0,6.725308860219886,13.289071169842698,14.893931375647481,-4.934106561076669,0.04802857301691957,4.934340310506144,0.8565305194582216,1.0,0.9618607915789239
1781408202.0,16620.0,2026-06-14T03:36:42+00:00,0.0059143518518518,800000.0,6.201626600074192,13.5442185730966,14.896510639829808,-5.482471762097468,0.05187098600809688,5.4827171385532525,0.8668570636478663,1.0,0.9526838169050824
1781408262.0,16680.0,2026-06-14T03:37:42+00:00,0.0066087962962962,800000.0,5.783129187993346,13.731005791605046,14.899164515304605,-5.99190635084756,0.054940560412240526,5.992158224088024,0.8778193208669872,1.0000000000000002,0.9432040701783091
1781408322.0,16740.0,2026-06-14T03:38:42+00:00,0.0073032407407407,800000.0,5.446083232764997,13.871047498494654,14.901871737593867,-6.461859499155498,0.05737748419357199,6.462114233168471,0.889220536666167,1.0,0.9336210953725814
1781408382.0,16800.0,2026-06-14T03:39:42+00:00,0.0079976851851851,800000.0,5.172725313470016,13.978220106261576,14.904620911237858,-6.892396227309719,0.059012360987507825,6.892648853161067,0.9008635164894673,1.0,0.924115014289074
1781408442.0,16860.0,2026-06-14T03:40:42+00:00,0.0086921296296296,800000.0,4.949815708545084,14.061732970686936,14.907481668191435,-7.2842065593642555,0.05977690919464304,7.28445183101365,0.9125542363951171,1.0000000000000002,0.9148440124901243
1781408502.0,16920.0,2026-06-14T03:41:42+00:00,0.009386574074074,800000.0,4.7672762007460525,14.127120508341028,14.909810737611306,-7.638148715159313,0.059935073437118035,7.6383838609955825,0.9241048926022803,1.0,0.9059436059757143
1781408562.0,16980.0,2026-06-14T03:42:42+00:00,0.0100810185185185,800000.0,4.61739665907959,14.179773039424594,14.91262268539213,-7.955674301223418,0.05949979429424532,7.955896794998523,0.9353364083183516,1.0000000000000002,0.8975272677836696
1781408622.0,17040.0,2026-06-14T03:43:42+00:00,0.0107754629629629,800000.0,4.494264460972333,14.221854312508029,14.91507804643885,-8.2380301015967,0.05818547355276357,8.238235581976634,0.9460804479567572,1.0,0.889687996448285
1781408682.0,17100.0,2026-06-14T03:44:42+00:00,0.0114699074074074,800000.0,4.393179501554831,14.255828010150434,14.917394490589542,-8.486663410052119,0.055812748289292974,8.486846935015917,0.956181013233736,1.0,0.8825004592210527
1781408742.0,17160.0,2026-06-14T03:45:42+00:00,0.0121643518518518,800000.0,4.310636503854351,14.282832749665648,14.919145365042974,-8.702985471121098,0.053348540528731225,8.70314898053121,0.9654956887005138,1.0000000000000002,0.8760234131105271
1781408802.0,17220.0,2026-06-14T03:46:42+00:00,0.0128587962962962,800000.0,4.243632945497227,14.304999213440494,14.921173649302611,-8.888525272107968,0.04988485413504454,8.8886652547823,0.9738965857716715,1.0,0.8703021719859055
1781408862.0,17280.0,2026-06-14T03:47:42+00:00,0.0135532407407407,800000.0,4.190070455801672,14.322496191705325,14.922821033102139,-9.044448999202487,0.04592752975914438,9.044565607986081,0.9812710710453955,1.0000000000000002,0.865370967705336
1781408922.0,17340.0,2026-06-14T03:48:42+00:00,0.0142476851851851,800000.0,4.148148401718203,14.33618708854746,14.924255271219137,-9.171889805890359,0.04124792082272538,9.171982555716495,0.9875223092025318,1.0,0.8612550980849613
1781408982.0,17400.0,2026-06-14T03:49:42+00:00,0.0149421296296296,800000.0,4.116530401626268,14.346478251100638,14.92538980250824,-9.27177177934346,0.03639091676577319,9.271843194697203,0.9925696455361256,1.0,0.8579727925167008
1781409042.0,17460.0,2026-06-14T03:50:42+00:00,0.015636574074074,800000.0,4.0942229987088,14.353713341576348,14.926210123648366,-9.344861329128559,0.03108329726640338,9.344913024314957,0.9963488764291897,1.0,0.855536763092799
1781409102.0,17520.0,2026-06-14T03:51:42+00:00,0.0163310185185185,800000.0,4.080541381498176,14.358249901511186,14.926826796086468,-9.39179003405343,0.025615560797043885,9.3918249664642,0.9988124509958358,1.0,0.8539554340708564
1781409162.0,17580.0,2026-06-14T03:52:42+00:00,0.0170254629629629,800000.0,4.075082162443611,14.360118228095017,14.927132683658066,-9.412910717891574,0.020040836904542496,9.412932052136672,0.9999296088823268,1.0,0.8532338462068805
1781409222.0,17640.0,2026-06-14T03:53:42+00:00,0.0177199074074074,800000.0,4.077506891705069,14.359296358229834,14.927004198946783,-9.408213488617623,0.014296073836188583,9.408224350276395,0.9996864625375682,1.0,0.8533742373184946
1781409282.0,17700.0,2026-06-14T03:54:42+00:00,0.0184143518518518,800000.0,4.088070025056198,14.356003410275475,14.92672604577454,-9.377931492163835,0.008749538850034294,9.37793557378959,0.9980860351542739,1.0000000000000002,0.8543763038122101
1781409342.0,17760.0,2026-06-14T03:55:42+00:00,0.0191087962962962,800000.0,4.106969156884267,14.34972653898074,14.925878446481025,-9.321560142740296,0.003239482582746353,9.321560705642156,0.9951482558816243,1.0,0.8562371451248737
1781409402.0,17820.0,2026-06-14T03:56:42+00:00,0.0198032407407407,800000.0,4.134731503827266,14.340845993619014,14.92500815481989,-9.238838518905776,-0.001985810803781657,9.238838732322458,0.990909909002683,1.0,0.8589508899789197
1781409462.0,17880.0,2026-06-14T03:57:42+00:00,0.0204976851851851,800000.0,4.1722675582379365,14.328562098082882,14.923655998988387,-9.128984491642338,-0.0068063630192292945,9.128987028976647,0.9854245304547737,1.0,0.862508001305435
1781409522.0,17940.0,2026-06-14T03:58:42+00:00,0.0211921296296296,800000.0,4.220776728918909,14.312856790878287,14.922225896680901,-8.991338766183839,-0.011357366708626554,8.991345939182791,0.97876224803674,1.0,0.8668942566752084
1781409582.0,18000.0,2026-06-14T03:59:42+00:00,0.021886574074074,800000.0,4.28180148530388,14.292806315517325,14.92039330354406,-8.824759837313115,-0.015271930646078848,8.824773051932851,0.9710095502173326,1.0,0.8720894016191618
1781409642.0,18060.0,2026-06-14T04:00:42+00:00,0.0225810185185185,800000.0,4.357283550435473,14.267831566894015,14.91834231944531,-8.628094883203197,-0.018746955621959105,8.628115249688213,0.9622689646742275,1.0000000000000002,0.8780654815808244
1781409702.0,18120.0,2026-06-14T04:01:42+00:00,0.0232754629629629,800000.0,4.449871943424698,14.236877948159703,14.9161004965666,-8.40012696298415,-0.021463994809975545,8.400154385326886,0.9526586082527129,1.0,0.8847848697331122
1781409762.0,18180.0,2026-06-14T04:02:42+00:00,0.0239699074074074,800000.0,4.562869228311027,14.198758897854546,14.913903909911426,-8.139566099827157,-0.023695239522498607,8.13960058957634,0.9423115890689635,1.0000000000000002,0.89219803722142
1781409822.0,18240.0,2026-06-14T04:03:42+00:00,0.0246643518518518,800000.0,4.700168723538503,14.151143415736325,14.911285860128464,-7.844608476019588,-0.024758355064358056,7.844647545822811,0.9313752273963329,1.0,0.9002411415638341
1781409882.0,18300.0,2026-06-14T04:04:42+00:00,0.0253587962962962,800000.0,4.867347663244907,14.092366478348142,14.909254382260906,-7.514297079848103,-0.025901622915106698,7.514341720888355,0.9200100270243561,1.0,0.908833549763425
1781409942.0,18360.0,2026-06-14T04:05:42+00:00,0.0260532407407407,800000.0,5.071226457269431,14.017463908390924,14.906596935717811,-7.146992179506218,-0.025331713565439617,7.147037072076456,0.9083883162735583,1.0,0.9178754750892051
1781410002.0,18420.0,2026-06-14T04:06:42+00:00,0.0267476851851851,800000.0,5.320022231971845,13.92170723905916,14.9035757118467,-6.740994456782502,-0.024694042066363553,6.741039687027958,0.8966924752677613,1.0,0.9272459814464143
1781410062.0,18480.0,2026-06-14T04:07:42+00:00,0.0274421296296296,800000.0,5.626600433258281,13.798410989480404,14.901502550754936,-6.296676116484699,-0.02212706274235563,6.296714994567758,0.8851127645518226,1.0000000000000002,0.936801697343496
1781410122.0,18540.0,2026-06-14T04:08:42+00:00,0.028136574074074,800000.0,6.005253258618376,13.634503661217058,14.898414572963393,-5.812255537439961,-0.02021000026013372,5.812290673788778,0.8738446562112585,1.0,0.9463766180670811
1781410182.0,18600.0,2026-06-14T04:09:42+00:00,0.0288310185185185,800000.0,6.47795144619612,13.413868220208318,14.896164458288888,-5.2891189114336,-0.016983790787494513,5.289146179529742,0.8630855326994445,1.0,0.9557834077069015
1781410242.0,18660.0,2026-06-14T04:10:42+00:00,0.0295254629629629,800000.0,7.07107937621416,13.107384986706716,14.893075731173392,-4.726801240333707,-0.012870379764561776,4.7268187623702635,0.8530309271715993,1.0,0.9648166272553991
1781410302.0,18720.0,2026-06-14T04:11:42+00:00,0.0302199074074074,800000.0,7.822474160381065,12.670690058100703,14.89085251213917,-4.1281609995093955,-0.00862801488546304,4.128170015940632,0.8438702132386632,1.0000000000000002,0.973258178174945
1781410362.0,18780.0,2026-06-14T04:12:42+00:00,0.0309143518518518,800000.0,8.776349252634006,12.026479889170275,14.88826802313911,-3.4951025131912443,-0.0034142530479873423,3.4951041808277514,0.8357818141317058,1.0,0.9808850769520527
1781410422.0,18840.0,2026-06-14T04:13:42+00:00,0.0316087962962962,800000.0,9.978902436254977,11.046019027941195,14.886001148660927,-2.831602771942927,0.0017852637068229565,2.83160333472776,0.8289281503896794,1.0,0.9874793773136015
1781410482.0,18900.0,2026-06-14T04:14:42+00:00,0.0323032407407407,800000.0,-12.994727480207622,7.256485696631265,14.883532072403959,-2.142135246602379,0.007592177294676317,2.142148700695708,0.8234505580157293,1.0,0.9928396746026752
1781410542.0,18960.0,2026-06-14T04:15:42+00:00,0.0329976851851851,800000.0,-13.100561871045972,7.058943229798291,14.881310455017687,-1.432500377687464,0.013642799117998712,1.432565341631055,0.8194644723453244,1.0,0.996793240814928
1781410602.0,19020.0,2026-06-14T04:16:42+00:00,0.0336921296296296,800000.0,-13.216583033690412,6.835017119911512,14.879365783389986,-0.7090849845529409,0.019836304341984204,0.7093623857298836,0.817055219730079,1.0,0.9992075313985368
1781410662.0,19080.0,2026-06-14T04:17:42+00:00,0.034386574074074,800000.0,-13.340977423890063,6.584546379327891,14.877430209759494,0.02106710206515593,0.025747121556651993,0.0332676578357526,0.8162747275629926,1.0,0.9999996755951376
1781410722.0,19140.0,2026-06-14T04:18:42+00:00,0.0350810185185185,800000.0,-13.472126085519564,6.307426286885289,14.87554394395809,0.7507401000817052,0.031808155401167465,0.7514136388306467,0.8171394321556298,1.0,0.9991426839376473
1781410782.0,19200.0,2026-06-14T04:19:42+00:00,0.0357754629629629,800000.0,-13.60833665546266,6.003992663847668,14.873962297785525,1.4724795730470108,0.03771672814378107,1.4729625401287634,0.8196296627831766,1.0,0.9966674888254791
1781410842.0,19260.0,2026-06-14T04:20:42+00:00,0.0364699074074074,800000.0,-13.747624978635251,5.674142156146075,14.87256137191405,2.1796147919172273,0.04340778182868987,2.180046989554965,0.8236905279977568,1.0,0.9926605229941209
1781410902.0,19320.0,2026-06-14T04:21:42+00:00,0.0371643518518518,800000.0,9.644579254169644,-11.31974579346724,14.871266046261116,2.8655601480366495,0.04863663576721883,2.8659728687401382,0.8292341222230164,1.0,0.9872571955309072
1781410962.0,19380.0,2026-06-14T04:22:42+00:00,0.0378587962962962,800000.0,8.505957492469944,-12.196986623683284,14.8700301130164,3.524954942546082,0.05346137606794976,3.5253603313294275,0.8361429022758666,1.0,0.9806321874178254
1781411022.0,19440.0,2026-06-14T04:23:42+00:00,0.0385532407407407,800000.0,7.605638241945999,-12.776536491574792,14.868948106301726,4.153097588647912,0.057776036845118284,4.1534994464025905,0.8442739685864381,1.0,0.9729878512212458
1781411082.0,19500.0,2026-06-14T04:24:42+00:00,0.0392476851851851,800000.0,6.896449657829246,-13.17187404405126,14.868062540738938,4.746655811416982,0.061538922596046104,4.747054711192288,0.8534639406093142,1.0,0.9645421019486219
1781411142.0,19560.0,2026-06-14T04:25:42+00:00,0.0399421296296296,800000.0,6.33490431341777,-13.44994147548812,14.8671429116093,5.302963154494553,0.06443964561778502,5.303354663404492,0.8635340453691935,1.0,0.9555170338756827
1781411202.0,19620.0,2026-06-14T04:26:42+00:00,0.040636574074074,800000.0,5.886820459232668,-13.651096952685576,14.866307649543034,5.820488842928317,0.0666792958940709,5.8208707681200025,0.8742951308523346,1.0,0.946129178021663
1781411262.0,19680.0,2026-06-14T04:27:42+00:00,0.0413310185185185,800000.0,5.526352864482631,-13.800173946756656,14.865576912569406,6.298523992730807,0.06817339175949205,6.298892926407753,0.8855524046522937,1.0,0.9365819322014788
1781411322.0,19740.0,2026-06-14T04:28:42+00:00,0.0420254629629629,800000.0,5.234310768600407,-13.913012245582236,14.8650569782967,6.737173126780149,0.0687474371302435,6.73752387382194,0.8971097108393346,1.0000000000000002,0.927060322928371
1781411382.0,19800.0,2026-06-14T04:29:42+00:00,0.0427199074074074,800000.0,4.996089594224017,-13.99973800617411,14.864507239563286,7.1367990437225375,0.06851543537552046,7.137127920624908,0.9087732430473093,1.0,0.917727965142793
1781411442.0,19860.0,2026-06-14T04:30:42+00:00,0.0434143518518518,800000.0,4.800866157191319,-14.067374482815394,14.864028414229791,7.49843412200875,0.0673745801134383,7.49873680136532,0.920354688912558,1.0,0.9087258998153926
1781411502.0,19920.0,2026-06-14T04:31:42+00:00,0.0441087962962963,800000.0,4.640375583876749,-14.120732971073204,14.863653157948532,7.823363209013385,0.06549394004939327,7.823637348211342,0.9316738294983882,1.0,0.9001729006320207
1781411562.0,19980.0,2026-06-14T04:32:42+00:00,0.0448032407407407,800000.0,4.508207253326679,-14.163147790903295,14.863333676733365,8.112973528473336,0.06279355616890595,8.113216532572357,0.9425606332979214,1.0,0.8921668285619233
1781411622.0,20040.0,2026-06-14T04:33:42+00:00,0.0454976851851851,800000.0,4.399349801452759,-14.197001122150688,14.863011792294667,8.368698676660216,0.05917312802252106,8.368907873779852,0.9528569243230647,1.0000000000000002,0.8847866556377382
1781411682.0,20100.0,2026-06-14T04:34:42+00:00,0.0461921296296296,800000.0,4.309915683983832,-14.223973735155823,14.862597418400746,8.591996659688135,0.05511421583522358,8.592173425675206,0.9624176672166251,1.0000000000000002,0.8780948353695457
1781411742.0,20160.0,2026-06-14T04:35:42+00:00,0.046886574074074,800000.0,4.236905219922479,-14.245659968716692,14.862375105847102,8.784438020107453,0.04999530952363704,8.784580289352686,0.9711119211821994,1.0000000000000002,0.8721397688476905
1781411802.0,20220.0,2026-06-14T04:36:42+00:00,0.0475810185185185,800000.0,4.177871987388706,-14.262639613269451,14.861948159006955,8.94717433880301,0.04463735091775667,8.947285685727936,0.9788235776778575,1.0000000000000002,0.8669582031692399
1781411862.0,20280.0,2026-06-14T04:37:42+00:00,0.0482754629629629,800000.0,4.130903371028978,-14.275842196594398,14.86149498142242,9.08142428466099,0.03844491692478816,9.081505659837896,0.98545190964109,1.0000000000000002,0.8625774414282161
1781411922.0,20340.0,2026-06-14T04:38:42+00:00,0.0489699074074074,800000.0,4.09460753036472,-14.2858591200949,14.861076058849779,9.188286224934332,0.032243340457912134,9.18834279858571,0.990911964743661,1.0000000000000002,0.8590172878805089
1781411982.0,20400.0,2026-06-14T04:39:42+00:00,0.0496643518518518,800000.0,4.067930477867013,-14.293092511064058,14.860704959812466,9.2686442807201,0.025336288369437743,9.268678909641533,0.9951348601949748,1.0000000000000002,0.8562916950097318
1781412042.0,20460.0,2026-06-14T04:40:42+00:00,0.0503587962962963,800000.0,4.0499825015751485,-14.297478967096108,14.860022310804936,9.322921998311863,0.01823706024828224,9.322939835533305,0.9980679885297946,1.0000000000000002,0.8544100933836208
1781412102.0,20520.0,2026-06-14T04:41:42+00:00,0.0510532407407407,800000.0,4.040366394316792,-14.299916546960016,14.859750127453198,9.351959280040813,0.011191193361051715,9.351965976111671,0.9996751437839214,1.0,0.8533783966823799
1781412162.0,20580.0,2026-06-14T04:42:42+00:00,0.0517476851851851,800000.0,4.038706931794233,-14.299524746883217,14.858921955096484,9.355518854992631,0.004016475671029824,9.3555197171616,0.9999366017080099,1.0,0.8531996875279254
1781412222.0,20640.0,2026-06-14T04:43:42+00:00,0.0524421296296296,800000.0,4.045192229693878,-14.297501571994738,14.858739225666751,9.334304175249367,-0.0030680747623750004,9.334304679469195,0.9988491637242394,1.0,0.8538745893613351
1781412282.0,20700.0,2026-06-14T04:44:42+00:00,0.053136574074074,800000.0,4.059716769451803,-14.29239710828674,14.857789719508464,9.287312566692494,-0.009514968318456371,9.287317440793462,0.9964261624550648,1.0,0.8554013263312008
1781412342.0,20760.0,2026-06-14T04:45:42+00:00,0.0538310185185185,800000.0,4.083053915905661,-14.285548044846427,14.857597794455474,9.215040349083113,-0.016137881141543298,9.215054479840994,0.9926974310093462,1.0,0.8577754722960605
1781412402.0,20820.0,2026-06-14T04:46:42+00:00,0.0545254629629629,800000.0,4.115754403931271,-14.275325093193782,14.856794433182674,9.116219335054149,-0.02197794814644216,9.116245827917314,0.987709236269564,1.0,0.8609893870757094
1781412462.0,20880.0,2026-06-14T04:47:42+00:00,0.0552199074074074,800000.0,4.1588885754050775,-14.262197795130255,14.856198710641063,8.990439074484248,-0.027551981438253964,8.990481292105242,0.9815241630465759,1.0,0.8650313340547533
1781412522.0,20940.0,2026-06-14T04:48:42+00:00,0.0559143518518518,800000.0,4.213965591181194,-14.245579255019187,14.855774443451008,8.836836705969894,-0.03215046574371022,8.836895191209658,0.9742209373586264,1.0,0.869884275970613
1781412582.0,21000.0,2026-06-14T04:49:42+00:00,0.0566087962962962,800000.0,4.282591380495755,-14.224599535786746,14.855296055138082,8.654054142614918,-0.03627092425361661,8.654130151740071,0.9658941847744257,1.0,0.8755243509551799
1781412642.0,21060.0,2026-06-14T04:50:42+00:00,0.0573032407407407,800000.0,4.367190903439287,-14.19840705862893,14.854868541646766,8.440973989404034,-0.0394732337023973,8.441066284894012,0.9566540849016971,1.0,0.8819190358805997
1781412702.0,21120.0,2026-06-14T04:51:42+00:00,0.0579976851851851,800000.0,4.470608628060063,-14.165778736095408,14.854481771684192,8.196147842810868,-0.04182051180567248,8.196254535848734,0.9466258870777119,1.0,0.8890250275223996
1781412762.0,21180.0,2026-06-14T04:52:42+00:00,0.0586921296296296,800000.0,4.596590670178714,-14.12509705249049,14.854191749518032,7.918163671920697,-0.04326769990260715,7.918281886190938,0.9359492546177928,1.0,0.8967859015703401
1781412822.0,21240.0,2026-06-14T04:53:42+00:00,0.059386574074074,800000.0,4.7498664351094,-14.074037445098115,14.85394766240284,7.605522260642927,-0.043889368786670796,7.605648896302511,0.9247773920108127,1.0,0.905129647027108
1781412882.0,21300.0,2026-06-14T04:54:42+00:00,0.0600810185185185,800000.0,4.936576924096348,-14.00963921524584,14.853948386502312,7.256885424437819,-0.0435041776022585,7.257015824489217,0.9132758911085859,1.0,0.9139662249148643
1781412942.0,21360.0,2026-06-14T04:55:42+00:00,0.0607754629629629,800000.0,5.164502511273408,-13.927280037773892,14.853996615036793,6.870815985384762,-0.042307127992675594,6.870946237462331,0.9016212332760423,1.0,0.9231853690865486
1781413002.0,21420.0,2026-06-14T04:56:42+00:00,0.0614699074074074,800000.0,5.444049264557552,-13.820744755018447,14.854314456692356,6.446365472961981,-0.040112403526204946,6.4464902711408,0.8899988758735663,1.0000000000000002,0.9326549186077879
1781413062.0,21480.0,2026-06-14T04:57:42+00:00,0.0621643518518518,800000.0,5.788767260322748,-13.680352222622757,14.854691626863344,5.982716855566047,-0.037081675090859904,5.982831773040392,0.8786008596985778,1.0,0.9422200425320615
1781413122.0,21540.0,2026-06-14T04:58:42+00:00,0.0628587962962963,800000.0,6.2169293787361015,-13.491917639281825,14.855371166192924,5.479736669528152,-0.03323650251476861,5.479837464055928,0.8676228753742515,1.0000000000000002,0.9517037675815703
1781413182.0,21600.0,2026-06-14T04:59:42+00:00,0.0635532407407407,800000.0,6.752856451387175,-13.23267951921268,14.856139387850131,4.9377836827111246,-0.028563979967060546,4.937866300154328,0.8572607637741381,1.0,0.9609092324762629
1781413242.0,21660.0,2026-06-14T05:00:42+00:00,0.0642476851851851,800000.0,7.429113601333675,-12.866430113216254,14.857212146287708,4.358172410563106,-0.02320736503133046,4.3582341999926,0.8477064576393263,1.0000000000000002,0.9696240348231552
1781413302.0,21720.0,2026-06-14T05:01:42+00:00,0.0649421296296296,800000.0,8.28723900378108,-12.332691131566182,14.858452168796102,3.742939525698157,-0.017292286571613594,3.7429794704497668,0.8391434136454515,1.0000000000000002,0.9776268890202365
1781413362.0,21780.0,2026-06-14T05:02:42+00:00,0.065636574074074,800000.0,9.37486823550632,-11.529371344797966,14.859830350288451,3.095224192005145,-0.010661495628340595,3.0952425537044648,0.8317416816281046,1.0,0.9846965648689718
1781413422.0,21840.0,2026-06-14T05:03:42+00:00,0.0663310185185185,800000.0,-14.17930487210998,-4.451105952349045,14.861528550431107,2.419168668490731,-0.0037333735766045127,2.4191715492468657,0.8256528145639811,1.0000000000000002,0.9906227287841991
1781413482.0,21900.0,2026-06-14T05:04:42+00:00,0.0670254629629629,800000.0,-14.258780990087994,-4.196128467479653,14.863388894827716,1.7199714369027015,0.003703037295974612,1.7199754231518423,0.8210048660129612,1.0,0.9952179186206112
1781413542.0,21960.0,2026-06-14T05:05:42+00:00,0.0677199074074074,800000.0,-14.33894152728825,-3.921273290396455,14.86545082871583,1.0036255074448308,0.011229806396259971,1.0036883319764118,0.8178978065581556,1.0,0.9983295275777193
1781413602.0,22020.0,2026-06-14T05:06:42+00:00,0.0684143518518518,800000.0,-14.418436740228955,-3.627676862874554,14.867795985061791,0.2769058207942138,0.01903029472015212,0.27755897698841064,0.8163997153491823,1.0000000000000002,0.9998504419970394
1781413662.0,22080.0,2026-06-14T05:07:42+00:00,0.0691087962962963,800000.0,-11.711579249178032,-2.68188623322956,12.014724394581997,-0.36375859657823983,0.017490033140672087,0.3641788267374044,0.816544073118922,1.0,0.9997269707494659
1781413722.0,22140.0,2026-06-14T05:08:42+00:00,0.0698032407407407,800000.0,-11.771209769157396,-2.4175196408643678,12.016895632544683,-0.9502232601574342,0.0236458314703469,0.9505174219813896,0.8183283875636305,1.0000000000000002,0.9979629664965632
1781413782.0,22200.0,2026-06-14T05:09:42+00:00,0.0704976851851851,800000.0,-11.826881927965069,-2.1413974685552537,12.019181305578245,-1.5276890636531393,0.029465432481793515,1.5279731957455094,0.8217142716082197,1.0,0.9946195418037296
1781413842.0,22260.0,2026-06-14T05:10:42+00:00,0.0711921296296296,800000.0,-11.877699744996258,-1.8551385938380265,12.021700812889643,-2.090668025934136,0.0349863517736505,2.0909607455602237,0.8266289710101381,1.0,0.9898104222616605
1781413902.0,22320.0,2026-06-14T05:11:42+00:00,0.071886574074074,800000.0,7.270693514267516,9.576741144973903,12.024015765801698,-2.6343805605392157,0.04021295595864824,2.634687461459868,0.8329682036640469,1.0,0.9836936083357007
1781413962.0,22380.0,2026-06-14T05:12:42+00:00,0.0725810185185185,800000.0,6.46285527998631,10.142773014988263,12.026817650717959,-3.1548344181938623,0.045169072694394956,3.15515775379753,0.8406000432134171,1.0000000000000002,0.976460492296108
1781414022.0,22440.0,2026-06-14T05:13:42+00:00,0.0732754629629629,800000.0,5.826341930856567,10.524518283010163,12.029619502905012,-3.6487117686514092,0.04949212082477252,3.6490474155208,0.8493695320584658,1.0000000000000002,0.9683238032206873
1781414082.0,22500.0,2026-06-14T05:14:42+00:00,0.0739699074074074,800000.0,5.323799977627472,10.79060228617444,12.032453777188563,-4.113553071116575,0.05309526000187109,4.113895717629128,0.8591036985269435,1.0,0.9595057160249036
1781414142.0,22560.0,2026-06-14T05:15:42+00:00,0.0746643518518518,800000.0,4.924237257143568,10.981712467260762,12.035203416570543,-4.54765415836263,0.056326918594968196,4.548002975574151,0.8696166810963863,1.0,0.9502272155230028
1781414202.0,22620.0,2026-06-14T05:16:42+00:00,0.0753587962962963,800000.0,4.604142153836224,11.123021771828313,12.038261432171106,-4.950278038693064,0.058814686575387395,4.950627417582928,0.8807146538142824,1.0,0.9406994349118396
1781414262.0,22680.0,2026-06-14T05:17:42+00:00,0.0760532407407407,800000.0,4.345555610079415,11.229741102168784,12.04121832631697,-5.3209299266039,0.06055329518860439,5.321274470029448,0.8922003377049164,1.0000000000000002,0.9311172942636867
1781414322.0,22740.0,2026-06-14T05:18:42+00:00,0.0767476851851851,800000.0,4.13553537694273,11.31237970056618,12.044608227075159,-5.660175228249019,0.0617065857759077,5.66051157734104,0.9038770039180107,1.0,0.9216554329712919
1781414382.0,22800.0,2026-06-14T05:19:42+00:00,0.0774421296296296,800000.0,3.963671535915941,11.376587388956398,12.047299807973237,-5.9680262461492966,0.06146636355444782,5.9683427673497,0.915551927252163,1.0,0.9124661936826786
1781414442.0,22860.0,2026-06-14T05:20:42+00:00,0.078136574074074,800000.0,3.82257025247078,11.4277489498466,12.050124040680851,-6.245625639839709,0.061541707092047926,6.24592883522819,0.9270392937526487,1.0,0.9036792827107318
1781414502.0,22920.0,2026-06-14T05:21:42+00:00,0.0788310185185185,800000.0,3.706517952099733,11.46892000878718,12.052983095366745,-6.494101119967588,0.06067060479973783,6.494384518847883,0.9381625943378109,1.0,0.8954026839562903
1781414562.0,22980.0,2026-06-14T05:22:42+00:00,0.0795254629629629,800000.0,3.611307257797837,11.502989049929708,12.05654582345317,-6.715055956447348,0.0584859198317593,6.715310648141125,0.9487565317171238,1.0,0.8877244140414597
1781414622.0,23040.0,2026-06-14T05:23:42+00:00,0.0802199074074074,800000.0,3.5327362325522547,11.529216560433072,12.0583191111428,-6.908317337917759,0.05560509076260045,6.908541117160252,0.9586685083908307,1.0,0.8807147652427345
1781414682.0,23100.0,2026-06-14T05:24:42+00:00,0.0809143518518518,800000.0,3.468585612739051,11.551258518895828,12.060790169937615,-7.076238674915553,0.05285753870237109,7.076436087732884,0.9677597928182724,1.0,0.8744287620370461
1781414742.0,23160.0,2026-06-14T05:25:42+00:00,0.0816087962962962,800000.0,3.416678702354324,11.569324403758484,12.06328978821794,-7.21970263410428,0.04923829153858597,7.219870534451841,0.9759064018084552,1.0000000000000002,0.8689086186535382
1781414802.0,23220.0,2026-06-14T05:26:42+00:00,0.0823032407407407,800000.0,3.3751865930348246,11.583727915470863,12.065431486584346,-7.339446505622428,0.04451103233935147,7.339581475867217,0.9829997533027891,1.0000000000000002,0.8641860488698321
1781414862.0,23280.0,2026-06-14T05:27:42+00:00,0.0829976851851851,800000.0,3.342782286005664,11.59487755298684,12.067119742523124,-7.436283268768294,0.03973526888867859,7.436389429350571,0.9889471552826216,1.0,0.8602843400397756
1781414922.0,23340.0,2026-06-14T05:28:42+00:00,0.0836921296296296,800000.0,3.3185335256916573,11.603523889626024,12.068737772371282,-7.511143765557754,0.03441182343690043,7.51122259292516,0.9936721711371763,1.0,0.8572201408180146
1781414982.0,23400.0,2026-06-14T05:29:42+00:00,0.084386574074074,800000.0,3.3016565442665557,11.609884228694243,12.070225670631908,-7.564545773616344,0.028837028438846446,7.564600738660705,0.9971148837367998,1.0,0.8550049338853764
1781415042.0,23460.0,2026-06-14T05:30:42+00:00,0.0850810185185185,800000.0,3.2916560162448807,11.613801971113588,12.071263212834149,-7.5967835460015465,0.022812045226237275,7.596817796565035,0.9992320791534515,1.0000000000000002,0.8536461827234204
1781415102.0,23520.0,2026-06-14T05:31:42+00:00,0.0857754629629629,800000.0,3.2882459179027275,11.615712676370672,12.072172223614201,-7.608245441194482,0.01669300626725236,7.608263753966134,0.9999973646591811,1.0000000000000002,0.8531481517234738
1781415162.0,23580.0,2026-06-14T05:32:42+00:00,0.0864699074074074,800000.0,3.2912684528606477,11.61530424391202,12.072602896949617,-7.598822310292717,0.010626728147227343,7.5988297408715155,0.9994012360656169,1.0,0.8535124036801242
1781415222.0,23640.0,2026-06-14T05:33:42+00:00,0.0871643518518518,800000.0,3.300919369295795,11.61301550763332,12.073035983675528,-7.568704814145417,0.004397632259478951,7.568706091719872,0.9974511037233876,1.0,0.8547379788306279
1781415282.0,23700.0,2026-06-14T05:34:42+00:00,0.0878587962962963,800000.0,3.317399004475882,11.60815324543741,12.072876953090207,-7.5173206786573425,-0.0018003721164612518,7.517320894248765,0.9941712760431266,1.0,0.856821256713937
1781415342.0,23760.0,2026-06-14T05:35:42+00:00,0.0885532407407407,800000.0,3.3413036199220407,11.60094616012319,12.072541641700024,-7.444492916963359,-0.007622179681989472,7.444496819016093,0.9896028948061216,1.0000000000000002,0.8597554991010765
1781415402.0,23820.0,2026-06-14T05:36:42+00:00,0.0892476851851851,800000.0,3.3733139769729976,11.59099236094364,12.071882665876736,-7.349535092540656,-0.013271245740116844,7.349547074646851,0.9838038215593148,1.0000000000000002,0.8635300712038751
1781415462.0,23880.0,2026-06-14T05:37:42+00:00,0.0899421296296296,800000.0,3.4146026477853666,11.578101972058036,12.071120764768986,-7.231934055843405,-0.018704700446173506,7.231958244755457,0.9768484609597619,1.0,0.8681293359025049
1781415522.0,23940.0,2026-06-14T05:38:42+00:00,0.090636574074074,800000.0,3.4662874445491303,11.561236538899983,12.06968677955791,-7.090441428820444,-0.023857291339616504,7.090481565160674,0.9688275061351969,1.0000000000000002,0.8735312220897478
1781415582.0,24000.0,2026-06-14T05:39:42+00:00,0.0913310185185185,800000.0,3.5302842725054786,11.540440984964397,12.068333984943637,-6.924505639852852,-0.028218157459053705,6.92456313573386,0.9598475909094099,1.0,0.879705476716029
1781415642.0,24060.0,2026-06-14T05:40:42+00:00,0.0920254629629629,800000.0,3.6087345947793072,11.514674091598929,12.066925242633129,-6.732936841157367,-0.03240768103071723,6.733014834738145,0.9500308178125786,1.0,0.8866116217964817
1781415702.0,24120.0,2026-06-14T05:41:42+00:00,0.0927199074074074,800000.0,3.704484803449034,11.482725311799843,12.06549577287372,-6.514624601913437,-0.035980634670959855,6.514723962680778,0.9395141128247871,1.0000000000000002,0.8941966630174732
1781415762.0,24180.0,2026-06-14T05:42:42+00:00,0.0934143518518518,800000.0,3.8208983378953896,11.442087667970728,12.063193371162528,-6.26799198878587,-0.03938153376542422,6.268115703836806,0.9284483616307165,1.0,0.9023926390941487
1781415822.0,24240.0,2026-06-14T05:43:42+00:00,0.0941087962962963,800000.0,3.962788342946592,11.391518784826497,12.061110714857415,-5.992391236016467,-0.04094149830942084,5.992531095603158,0.9169972823882664,1.0,0.9111141517286228
1781415882.0,24300.0,2026-06-14T05:44:42+00:00,0.0948032407407407,800000.0,4.136085403086266,11.327920622691744,12.059394184436803,-5.686766478750625,-0.04275239923980302,5.686927180075594,0.9053359822435035,1.0000000000000002,0.92025607796438
1781415942.0,24360.0,2026-06-14T05:45:42+00:00,0.0954976851851851,800000.0,4.348266754336633,11.245876340465571,12.057245059793408,-5.3498616340448315,-0.04408477013653808,5.350043268085112,0.8936491261395093,1.0000000000000002,0.9296917324999083
1781416002.0,24420.0,2026-06-14T05:46:42+00:00,0.0961921296296296,800000.0,4.609599473126469,11.13829190726834,12.054457844057824,-4.981195863116952,-0.04450245200970216,4.981394653605385,0.8821286422787439,1.0,0.9392718187807259
1781416062.0,24480.0,2026-06-14T05:47:42+00:00,0.096886574074074,800000.0,4.933761616830311,10.996238640430876,12.052355285545358,-4.580751330202592,-0.044189055569182414,4.5809644641477965,0.8709708961711756,1.0,0.9488245713981396
1781416122.0,24540.0,2026-06-14T05:48:42+00:00,0.0975810185185185,800000.0,5.338734014542195,10.802774692301556,12.049980163081631,-4.148599509211347,-0.04350309578952764,4.148827594293586,0.8603732723939475,1.0,0.9581575159548508
1781416182.0,24600.0,2026-06-14T05:49:42+00:00,0.0982754629629629,800000.0,5.848685415556244,10.532743493689631,12.0476473468475,-3.6855770874729825,-0.042290867700275105,3.6858197168603724,0.8505302080263837,1.0,0.967061243139483
1781416242.0,24660.0,2026-06-14T05:50:42+00:00,0.0989699074074074,800000.0,6.49525161856713,10.144039134646794,12.04532372141756,-3.193403771462981,-0.040365396321203756,3.193658875461523,0.8416287466395175,1.0000000000000002,0.9753154627691248
1781416302.0,24720.0,2026-06-14T05:51:42+00:00,0.0996643518518518,800000.0,7.315972221515461,9.565857398219489,12.042801887810676,-2.674258960926911,-0.03843295732080573,2.6745351151754027,0.8338437017775922,1.0,0.9826973760283343
1781416362.0,24780.0,2026-06-14T05:52:42+00:00,0.1003587962962963,800000.0,-11.981782226611784,1.1897301127162638,12.040704425699268,-2.131579618068979,-0.03557262237981411,2.131876422222937,0.8273325673804206,1.0,0.9889920820340348
1781416422.0,24840.0,2026-06-14T05:53:42+00:00,0.1010532407407407,800000.0,-12.001895024814312,0.9350012351045088,12.038260318514029,-1.5690898737935608,-0.03284766015182471,1.5694336560743631,0.8222304527675939,1.0000000000000002,0.9940043564118382
1781416482.0,24900.0,2026-06-14T05:54:42+00:00,0.1017476851851851,800000.0,-12.017203403506391,0.674711811248173,12.036129513655267,-0.9917391280035347,-0.029715600403604353,0.992184214206494,0.8186453819533817,1.0000000000000002,0.9975707611090494
1781416542.0,24960.0,2026-06-14T05:55:42+00:00,0.1024421296296296,800000.0,-12.026753834034007,0.4105769783405153,12.033760062407548,-0.40489978663861664,-0.026250801237259758,0.4057498512453152,0.8166543131988748,1.0,0.9995707703431745
1781416602.0,25020.0,2026-06-14T05:56:42+00:00,0.103136574074074,800000.0,-12.031049208061576,0.1441443757748618,12.03191267620683,0.18584522415004995,-0.02314617174893788,0.18728105244795493,0.8163001478086871,1.0000000000000002,0.999935526862386
1781416662.0,25080.0,2026-06-14T05:57:42+00:00,0.1038310185185185,800000.0,-12.02904859998775,-0.1226459277768665,12.02967382120012,0.7743720925348163,-0.01966382958792331,0.7746217166403309,0.8175900058278053,1.0,0.9986530372041537
1781416722.0,25140.0,2026-06-14T05:58:42+00:00,0.1045254629629629,800000.0,-12.021459697517969,-0.3881462593623041,12.027724255972355,1.3549727156329785,-0.016489070530081966,1.3550730421481916,0.820494989496382,1.0,0.9957690608260162
1781416782.0,25200.0,2026-06-14T05:59:42+00:00,0.1052199074074074,800000.0,-12.008251290441214,-0.6505369202926651,12.02585952599842,1.922059958812203,-0.013315200326965149,1.92210607923416,0.824951374190974,1.0,0.9913835642299665
1781416842.0,25260.0,2026-06-14T06:00:42+00:00,0.1059143518518518,800000.0,7.551588387635887,-9.356955300977477,12.024104943020403,2.4706992626482664,-0.010502068685014146,2.4707215828371583,0.8308631335632634,1.0000000000000002,0.9856432565480008
1781416902.0,25320.0,2026-06-14T06:01:42+00:00,0.1066087962962963,800000.0,6.683554922106051,-9.9933884321757,12.022384071104662,2.99667481541361,-0.007920027110284097,2.9966852814674456,0.8381056169032537,1.0000000000000002,0.9787312504095608
1781416962.0,25380.0,2026-06-14T06:02:42+00:00,0.1073032407407407,800000.0,5.998465977150449,-10.417174793228302,12.020778874586396,3.4964813837150923,-0.00570529501006993,3.4964860384473666,0.8465300422379615,1.0,0.9708551888727551
1781417022.0,25440.0,2026-06-14T06:03:42+00:00,0.1079976851851851,800000.0,5.458058564122541,-10.70851163539182,12.019260573542509,3.9675529210765403,-0.0039014511001816267,3.967554839301364,0.8559684580432011,1.0,0.9622352072854835
1781417082.0,25500.0,2026-06-14T06:04:42+00:00,0.1086921296296296,800000.0,5.029102093862632,-10.914894524668515,12.017769774593464,4.408025368590271,-0.002573334726866036,4.40802611972604,0.86623885041664,1.0,0.9530928969635609
1781417142.0,25560.0,2026-06-14T06:05:42+00:00,0.109386574074074,800000.0,4.685900267377614,-11.065123336180305,12.016431074187192,4.816924492960718,-0.0017835871274282569,4.816924823169644,0.8771501165689224,1.0000000000000002,0.9436420900348532
1781417202.0,25620.0,2026-06-14T06:06:42+00:00,0.1100810185185185,800000.0,4.409002059729361,-11.176834520965114,12.015029299661954,5.193767464799159,-0.0014800828709696234,5.193767675690895,0.8885066854236503,1.0,0.9340818924064791
1781417262.0,25680.0,2026-06-14T06:07:42+00:00,0.1107754629629629,800000.0,4.184029871121248,-11.26174359089842,12.013865933560957,5.538783068112695,-0.0018092291259345222,5.538783363602688,0.900112647758808,1.0000000000000002,0.9245920389954289
1781417322.0,25740.0,2026-06-14T06:08:42+00:00,0.1114699074074074,800000.0,4.000087137988217,-11.327011599353408,12.012572117718396,5.852426011649724,-0.0025607410358175625,5.852426571878451,0.9117753191616894,1.0,0.9153303775245529
1781417382.0,25800.0,2026-06-14T06:09:42+00:00,0.1121643518518518,800000.0,3.8489988587252193,-11.37802203282989,12.011418633701451,6.135607312822103,-0.004027182388663814,6.135608634467657,0.9233082322952261,1.0,0.9064321275669537
1781417442.0,25860.0,2026-06-14T06:10:42+00:00,0.1128587962962962,800000.0,3.724475936991696,-11.418091426012356,12.010184545543297,6.38931692605496,-0.0059497304210046065,6.389319696248145,0.9345335939543677,1.0000000000000002,0.898010497955234
1781417502.0,25920.0,2026-06-14T06:11:42+00:00,0.1135532407407407,800000.0,3.621684619587125,-11.449817723017366,12.008951884909711,6.6147417063301255,-0.008502627081397734,6.614747170990776,0.945284258390389,1.0,0.8901582476050298
1781417562.0,25980.0,2026-06-14T06:12:42+00:00,0.1142476851851851,800000.0,3.5368506322743296,-11.475045002244066,12.007746258084648,6.813096406954008,-0.011588100725808126,6.813106261796307,0.9554052943824732,1.0000000000000002,0.8829498271654496
1781417622.0,26040.0,2026-06-14T06:13:42+00:00,0.1149421296296296,800000.0,3.4669909534344727,-11.495059462241985,12.006515660743357,6.9855388426041625,-0.015212492352710272,6.985555406798738,0.9647551946227667,1.0000000000000002,0.8764438000000296
1781417682.0,26100.0,2026-06-14T06:14:42+00:00,0.115636574074074,800000.0,3.409786656191759,-11.510775868265728,12.005190799408062,7.133186685712071,-0.019030494766759803,7.133212071216658,0.9732067884653889,1.0000000000000002,0.8706853141312453
1781417742.0,26160.0,2026-06-14T06:15:42+00:00,0.1163310185185185,800000.0,3.3635587886648937,-11.52321365701556,12.00408183536062,7.25731977554825,-0.023603218430103545,7.257358158206329,0.9806479076443856,1.0000000000000002,0.8657084606306554
1781417802.0,26220.0,2026-06-14T06:16:42+00:00,0.1170254629629629,800000.0,3.326609806872177,-11.532307245128836,12.002518202578539,7.358390889266338,-0.028093659904221413,7.358444518576237,0.9869818725107453,1.0000000000000002,0.8615384159383569
1781417862.0,26280.0,2026-06-14T06:17:42+00:00,0.1177199074074074,800000.0,3.298143214270434,-11.539227296241028,12.00131306383398,7.437746379017118,-0.03305663491644788,7.43781983780827,0.9921278610997761,1.0,0.8581933129594415
1781417922.0,26340.0,2026-06-14T06:18:42+00:00,0.1184143518518518,800000.0,3.2771070966515747,-11.543773295980529,11.999922201077691,7.4956294085340875,-0.038048253623217954,7.495725975493291,0.996021183582342,1.0000000000000002,0.8556858089017177
1781417982.0,26400.0,2026-06-14T06:19:42+00:00,0.1191087962962963,800000.0,3.263275702645365,-11.546332043376308,11.998614585333348,7.53291858458618,-0.04326406838708181,7.533042823561888,0.9986134646685083,1.0,0.8540243314320114
1781418042.0,26460.0,2026-06-14T06:20:42+00:00,0.1198032407407407,800000.0,3.2558366810075894,-11.546894711428608,11.997135073433677,7.549469401074244,-0.048226966666674025,7.5496234394882356,0.999872755620564,1.0,0.8532139998215699
1781418102.0,26520.0,2026-06-14T06:21:42+00:00,0.1204976851851851,800000.0,3.2550036763003463,-11.545978256421952,11.996026960227175,7.545966506418359,-0.05328273578363038,7.546154621124608,0.9997836087239934,1.0,0.8532572296891983
1781418162.0,26580.0,2026-06-14T06:22:42+00:00,0.1211921296296296,800000.0,3.260637379708529,-11.54263755286541,11.994341907698448,7.521875123736936,-0.05787906581068269,7.522097803362548,0.9983471138979428,1.0,0.8541540239340981
1781418222.0,26640.0,2026-06-14T06:23:42+00:00,0.121886574074074,800000.0,3.273037767717862,-11.538043732033858,11.993299353857275,7.477577245722442,-0.062319554609831934,7.477836932738825,0.9955808956155561,1.0,0.8559019520656348
1781418282.0,26700.0,2026-06-14T06:24:42+00:00,0.1225810185185185,800000.0,3.2926006915000947,-11.531043778801052,11.991921861915769,7.412308073133465,-0.06624711274468224,7.412604107261263,0.9915190699998933,1.0,0.8584958184085643
1781418342.0,26760.0,2026-06-14T06:25:42+00:00,0.1232754629629629,800000.0,3.3199599568061706,-11.521904265598296,11.990680215084074,7.325740844222022,-0.07003422799121903,7.326075600878898,0.9862121698884174,1.0000000000000002,0.8619270171385617
1781418402.0,26820.0,2026-06-14T06:26:42+00:00,0.1239699074074074,800000.0,3.356124548192728,-11.51029542146958,11.989598520070862,7.21731254136827,-0.07282330022113787,7.217679928678384,0.9797270154828863,1.0,0.866182565460417
1781418462.0,26880.0,2026-06-14T06:27:42+00:00,0.1246643518518518,800000.0,3.4021647529573324,-11.495631146582548,11.988505347396064,7.086052477046219,-0.07527418334640157,7.08645227953532,0.9721465171888655,1.0,0.8712438134255427
1781418522.0,26940.0,2026-06-14T06:28:42+00:00,0.1253587962962963,800000.0,3.459749612133342,-11.477518284665384,11.987630848232065,6.931211519329352,-0.07690158041008158,6.931638116546007,0.963569405485978,1.0,0.8770848362846566
1781418582.0,27000.0,2026-06-14T06:29:42+00:00,0.1260532407407407,800000.0,3.5307351389243,-11.454924584023365,11.986717142191086,6.751555253801303,-0.07790327890748794,6.752004684980344,0.9541098548916497,1.0000000000000002,0.8836705220721149
1781418642.0,27060.0,2026-06-14T06:30:42+00:00,0.1267476851851851,800000.0,3.6177305658194734,-11.427108433452242,11.986107858547738,6.546143625639843,-0.07813323117531232,6.546609898972066,0.9438969589208603,1.0,0.8909543881854091
1781418702.0,27120.0,2026-06-14T06:31:42+00:00,0.1274421296296296,800000.0,3.723861578298433,-11.392623158097448,11.985783557062325,6.313712739670512,-0.07782113981766134,6.3141923227662495,0.9330740239306554,1.0,0.8988761955025515
1781418762.0,27180.0,2026-06-14T06:32:42+00:00,0.128136574074074,800000.0,3.853266346746532,-11.349055551638656,11.985354540152308,6.053024957014586,-0.07615734410436864,6.0535040324841995,0.921797637772393,1.0,0.9073594711622499
1781418822.0,27240.0,2026-06-14T06:33:42+00:00,0.1288310185185185,800000.0,4.011126069470376,-11.294007282848264,11.985146342461343,5.762966552758698,-0.07400380815960929,5.763441684604573,0.9102364390832159,1.0000000000000002,0.91630910398607
1781418882.0,27300.0,2026-06-14T06:34:42+00:00,0.1295254629629629,800000.0,4.204423215973315,-11.223954423169864,11.985588324000194,5.442726546234076,-0.07083388866026809,5.443187457442914,0.8985694961685974,1.0,0.9256092461087018
1781418942.0,27360.0,2026-06-14T06:35:42+00:00,0.1302199074074074,800000.0,4.441637969227504,-11.131944421144512,11.98533831166788,5.090897133113257,-0.06736683207988974,5.091342839566519,0.8869842657078054,1.0000000000000002,0.9351218402211283
1781419002.0,27420.0,2026-06-14T06:36:42+00:00,0.1309143518518518,800000.0,4.735269362192651,-11.010848957196009,11.985890483844111,4.707767365615256,-0.06282415911207101,4.708186534507756,0.8756740884377756,1.0,0.9446861463700575
1781419062.0,27480.0,2026-06-14T06:37:42+00:00,0.1316087962962963,800000.0,5.100604166906432,-10.846729261170104,11.986146108428137,4.29267998153146,-0.05744329099152446,4.2930643083374465,0.8648351053315607,1.0,0.9541196747480913
1781419122.0,27540.0,2026-06-14T06:38:42+00:00,0.1323032407407407,800000.0,5.559621228951213,-10.620251168351269,11.98745690662834,3.8467716906068072,-0.0517719754375022,3.8471200627345454,0.8546625799772861,1.0,0.963220951008223
1781419182.0,27600.0,2026-06-14T06:39:42+00:00,0.1329976851851851,800000.0,6.139710641279873,-10.296647544879445,11.988202426640834,3.370623765892778,-0.04556038612133707,3.3709316694327605,0.8453467159465716,1.0000000000000002,0.9717744572916667
1781419242.0,27660.0,2026-06-14T06:40:42+00:00,0.1336921296296296,800000.0,6.876803560468969,-9.821269906617152,11.989485801647307,2.866454919462156,-0.03883230118641702,2.8667179409429573,0.8370679880010201,1.0000000000000002,0.9795579015750187
1781419302.0,27720.0,2026-06-14T06:41:42+00:00,0.134386574074074,800000.0,7.808979491342122,-9.09923670308487,11.990674262733046,2.336980241017452,-0.031303221173253765,2.3371898807246727,0.8299921414216194,1.0,0.9863517045724928
1781419362.0,27780.0,2026-06-14T06:42:42+00:00,0.1350810185185185,800000.0,-11.887516815554394,1.5841094182593936,11.992600163813792,1.7858136587351703,-0.02391896105863895,1.785973835313166,0.8242650988145263,1.0,0.9919502303197179
1781419422.0,27840.0,2026-06-14T06:43:42+00:00,0.1357754629629629,800000.0,-11.848554797198286,1.8636686017868929,11.99422825526915,1.2172013849203682,-0.01612399863220461,1.2173081757648527,0.8200080535966705,1.0,0.996173889523141
1781419482.0,27900.0,2026-06-14T06:44:42+00:00,0.1364699074074074,800000.0,-11.80497387410226,2.1347676760935697,11.996442856077415,0.6361928376022854,-0.008263486527897174,0.6362465024077104,0.8173130640473838,1.0000000000000002,0.9988809118225452
1781419542.0,27960.0,2026-06-14T06:45:42+00:00,0.1371643518518518,800000.0,-11.757056570521527,2.395606958152113,11.998637918546848,0.04843965203279176,-0.0002893757763899256,0.048440516382444856,0.8162394782349769,1.0,0.9999774081495274
1781419602.0,28020.0,2026-06-14T06:46:42+00:00,0.0007175925925925,800000.0,-30.691664921856507,6.852514349548609,31.44734088259748,-1.3357410977783881,0.02087421644972009,1.335904193124119,0.8168115380798302,1.0,0.999424404477464
1781419662.0,28080.0,2026-06-14T06:47:42+00:00,0.001412037037037,800000.0,-30.5515606941333,7.473212150073877,31.45229340902381,-2.8667897405877274,0.035813352060677095,2.867013430893701,0.8190173756408532,1.0,0.9972408549270909
1781419722.0,28140.0,2026-06-14T06:48:42+00:00,0.0021064814814814,800000.0,-30.4082079266545,8.057539610035912,31.457639038522128,-4.370365478250381,0.05010552972876087,4.370652694688984,0.8228094697843971,1.0,0.9935021937449492
1781419782.0,28200.0,2026-06-14T06:49:42+00:00,0.0028009259259259,800000.0,20.93259982009169,23.48955271677193,31.46319789948425,-5.8326296860061335,0.06398859464515405,5.832980678377451,0.8281065263757722,1.0000000000000002,0.9883346384641667
1781419842.0,28260.0,2026-06-14T06:50:42+00:00,0.0034953703703703,800000.0,18.423042546143574,25.51252725717252,31.468993369743924,-7.241493192206279,0.07682928850188467,7.241900744441447,0.8347966261449185,1.0,0.9819060597630926
1781419902.0,28320.0,2026-06-14T06:51:42+00:00,0.0041898148148148,800000.0,16.43368064800938,26.84422481441648,31.475041946400825,-8.586798517357586,0.08875561582179642,8.58725720687545,0.8427413420129325,1.0000000000000002,0.9744146511481708
1781419962.0,28380.0,2026-06-14T06:52:42+00:00,0.0048842592592592,800000.0,14.866843489221797,27.74960983043413,31.481167085645716,-9.860534409814376,0.09931944449081964,9.861034590710414,0.8517805123670393,1.0000000000000002,0.9660767892952165
1781420022.0,28440.0,2026-06-14T06:53:42+00:00,0.0055787037037037,800000.0,13.628190480933606,28.385533595893733,31.487554578090393,-11.05697255239392,0.10851657474501814,11.057505047314558,0.8617373153991014,1.0,0.957115374793802
1781420082.0,28500.0,2026-06-14T06:54:42+00:00,0.0062731481481481,800000.0,12.641623226653069,28.84542392692658,31.493953694777076,-12.17223164207008,0.1162131122293239,12.172786395713436,0.8724233270487953,1.0,0.9477496504319357
1781420142.0,28560.0,2026-06-14T06:55:42+00:00,0.0069675925925925,800000.0,11.84951625691207,29.18682656454078,31.500506034529142,-13.204399483698834,0.12219528609545989,13.204964877387974,0.8836433532223283,1.0,0.9381871157799992
1781420202.0,28620.0,2026-06-14T06:56:42+00:00,0.007662037037037,800000.0,11.208951777866185,29.445932849929967,31.50719856415537,-14.153258986634032,0.12667699895794082,14.153825878708625,0.8951998368038788,1.0,0.9286177721901689
1781420262.0,28680.0,2026-06-14T06:57:42+00:00,0.0083564814814814,800000.0,10.687133824595,29.646145234038112,31.51362810947802,-15.019056134290894,0.12903504498085458,15.019610421306345,0.9068967351155798,1.0,0.9192106204079413
1781420322.0,28740.0,2026-06-14T06:58:42+00:00,0.0090509259259259,800000.0,10.2605799991907,29.803352462514844,31.52014149594957,-15.80435727593047,0.13016165740284052,15.80489326007342,0.918542842858214,1.0000000000000002,0.910112125031942
1781420382.0,28800.0,2026-06-14T06:59:42+00:00,0.0097453703703703,800000.0,9.910243913367395,29.92818832376368,31.526328532911982,-16.510984896328033,0.1292560274205029,16.51149082812927,0.9299545421839466,1.0,0.9014462419784378
1781420442.0,28860.0,2026-06-14T07:00:42+00:00,0.0104398148148148,800000.0,9.622295428048208,30.028471692812477,31.532486129556574,-17.142189339532006,0.12666352586866048,17.142657291130515,0.9409580635888661,1.0000000000000002,0.8933155913283439
1781420502.0,28920.0,2026-06-14T07:01:42+00:00,0.0111342592592592,800000.0,9.38521920354992,30.1088862416356,31.53771345881682,-17.70033158785345,0.12243570582410185,17.700755035365674,0.9513912498162183,1.0000000000000002,0.8858033657307246
1781420562.0,28980.0,2026-06-14T07:02:42+00:00,0.0118287037037037,800000.0,9.19098846432295,30.17428139979588,31.543010746366384,-18.189295245789996,0.11652123091813321,18.189668461403393,0.9611049605729041,1.0,0.8789756512281464
1781420622.0,29040.0,2026-06-14T07:03:42+00:00,0.0125231481481481,800000.0,9.032513068031667,30.227001658489527,31.54770865826061,-18.61158843161055,0.10902046418077155,18.611907731591348,0.9699641753169485,1.0,0.872883905187243
1781420682.0,29100.0,2026-06-14T07:04:42+00:00,0.0132175925925925,800000.0,8.904567503241026,30.26917963435441,31.551775832060418,-18.97006370455269,0.09990402980367186,18.97032677024722,0.9778488102322672,1.0,0.8675673871463435
1781420742.0,29160.0,2026-06-14T07:05:42+00:00,0.013912037037037,800000.0,8.803004764776158,30.30282035341005,31.555567088228887,-19.267382050492003,0.08979401169193629,19.2675912880712,0.9846543318037184,1.0000000000000002,0.8630554175266616
1781420802.0,29220.0,2026-06-14T07:06:42+00:00,0.0146064814814814,800000.0,8.724558333671597,30.328811729542576,31.558750593831782,-19.505573954937372,0.07835201420262172,19.5057313205545,0.9902922155837051,1.0,0.8593693850461989
1781420862.0,29280.0,2026-06-14T07:07:42+00:00,0.0153009259259259,800000.0,8.666839417139697,30.348170375516165,31.561456725313604,-19.68654455324506,0.06624109795010602,19.686655996637935,0.9946902814966342,1.0,0.856524456058719
1781420922.0,29340.0,2026-06-14T07:08:42+00:00,0.0159953703703703,800000.0,8.62804324814362,30.361362228430107,31.563514485205527,-19.811607949847968,0.053361178963683975,19.811679812017445,0.9977929330539059,1.0000000000000002,0.8545309637730194
1781420982.0,29400.0,2026-06-14T07:09:42+00:00,0.0166898148148148,800000.0,8.607029120498444,30.36892505013989,31.565052811331114,-19.88183495600719,0.03998182346432386,19.88187515714041,0.9995613175732811,1.0,0.8533954695789655
1781421042.0,29460.0,2026-06-14T07:10:42+00:00,0.0173842592592592,800000.0,8.603100870040025,30.370755541043746,31.56574308825824,-19.897598206162385,0.026502275244545785,19.897615855787087,0.9999734266482904,1.0,0.8531214979722802
1781421102.0,29520.0,2026-06-14T07:11:42+00:00,0.0180787037037037,800000.0,8.616230067015247,30.367312258124738,31.566011378541166,-19.85926377298583,0.013077348106591974,19.85926807870977,0.9990241538918685,1.0,0.8537099511709594
1781421162.0,29580.0,2026-06-14T07:12:42+00:00,0.0187731481481481,800000.0,8.646762181691422,30.35822806834041,31.565622244399055,-19.766375586023397,-0.00019173227328111997,19.76637558695329,0.996725307762442,1.0,0.8551592056266519
1781421222.0,29640.0,2026-06-14T07:13:42+00:00,0.0194675925925925,800000.0,8.695680896842253,30.34308182820344,31.564497162045164,-19.618195834295655,-0.012976036891587661,19.6182001256565,0.9931055807786384,1.0000000000000002,0.8574648910125643
1781421282.0,29700.0,2026-06-14T07:14:42+00:00,0.020162037037037,800000.0,8.764421816222558,30.3214138117138,31.562687232139574,-19.413518068589717,-0.025036148723209806,19.413534212198517,0.9882104726949014,1.0,0.8606193494480141
1781421342.0,29760.0,2026-06-14T07:15:42+00:00,0.0208564814814814,800000.0,8.855179230776876,30.29252438898058,31.560279356592606,-19.150836893354715,-0.03626258426430856,19.15087122537493,0.9821021601583003,1.0000000000000002,0.8646107714203731
1781421402.0,29820.0,2026-06-14T07:16:42+00:00,0.0215509259259259,800000.0,8.970808069801762,30.255240104974693,31.557169569447915,-18.828126945078893,-0.04646453044883092,18.828184278166486,0.9748593087504727,1.0000000000000002,0.8694220070532186
1781421462.0,29880.0,2026-06-14T07:17:42+00:00,0.0222453703703703,800000.0,9.115108086874182,30.208444992807763,31.553689868522373,-18.443227858193392,-0.05551651964572496,18.443311413984052,0.966576802036927,1.0000000000000002,0.8750290505158353
1781421522.0,29940.0,2026-06-14T07:18:42+00:00,0.0229398148148148,800000.0,9.292734914373709,30.14982356853476,31.549433963267777,-17.993241179299623,-0.06321647025613747,17.99335222960289,0.957365360285981,1.0,0.8813992086604957
1781421582.0,30000.0,2026-06-14T07:19:42+00:00,0.0236342592592592,800000.0,9.509897109328088,30.077445884383916,31.545061324366603,-17.47557807923882,-0.06939006400721509,17.475715841834784,0.9473510205230509,1.0,0.8884889851352118
1781421642.0,30060.0,2026-06-14T07:20:42+00:00,0.0243287037037037,800000.0,9.774516136380765,29.987034836130853,31.53987038596851,-16.887116238090154,-0.07420732223064996,16.8872792825085,0.9366744379027956,1.0000000000000002,0.8962417375448859
1781421702.0,30120.0,2026-06-14T07:21:42+00:00,0.0250231481481481,800000.0,10.096287025204935,29.874869253986365,31.534787531202763,-16.22482162062469,-0.07694969138661578,16.225004094794397,0.9254899713374919,1.0,0.9045852084521535
1781421762.0,30180.0,2026-06-14T07:22:42+00:00,0.0257175925925925,800000.0,10.488027721493376,29.7335228994158,31.529051833141086,-15.485585613655312,-0.07856683735401881,15.485784918620695,0.9139644961269997,1.0,0.9134290812323071
1781421822.0,30240.0,2026-06-14T07:23:42+00:00,0.026412037037037,800000.0,10.966214365256407,29.554442416277013,31.52337107673908,-14.66682994850891,-0.07816879408655955,14.66703825245052,0.9022758664260708,1.0000000000000002,0.922662774585037
1781421882.0,30300.0,2026-06-14T07:24:42+00:00,0.0271064814814814,800000.0,11.55246576539678,29.32345579525999,31.51705133792232,-13.766291112767039,-0.07598136497060377,13.766500796109067,0.8906109367087025,1.0000000000000002,0.9321537634390797
1781421942.0,30360.0,2026-06-14T07:25:42+00:00,0.0278009259259259,800000.0,12.275412519172324,29.022144418711264,31.511436323601405,-12.782750254715346,-0.07221086624813461,12.782954215815277,0.8791631299944372,1.0,0.9417468001374087
1781422002.0,30420.0,2026-06-14T07:26:42+00:00,0.0284953703703703,800000.0,13.172936709683126,28.619139301484545,31.50525981348344,-11.715564771287214,-0.0673499738981178,11.715758359116585,0.8681294714466645,1.0000000000000002,0.9512644384891208
1781422062.0,30480.0,2026-06-14T07:27:42+00:00,0.0291898148148148,800000.0,14.296049562861112,28.067741626706542,31.49881193199732,-10.565817341791703,-0.060525252772300746,10.56599069686934,0.8577070331111217,1.0,0.9605092837586346
1781422122.0,30540.0,2026-06-14T07:28:42+00:00,0.0298842592592592,800000.0,15.712980955425868,27.29305317896791,31.49299163838752,-9.33644867436718,-0.052437700086343936,9.336595930074461,0.8480888491261586,1.0,0.9692683430832572
1781422182.0,30600.0,2026-06-14T07:29:42+00:00,0.0305787037037037,800000.0,17.51058347406549,26.169090282096047,31.487169129578945,-8.031745002109702,-0.042972346368078396,8.031859959029823,0.8394593334615359,1.0,0.977319689419176
1781422242.0,30660.0,2026-06-14T07:30:42+00:00,0.0312731481481481,800000.0,19.789393347352803,24.483989649109763,31.48151581792029,-6.658613575075764,-0.03300056318475325,6.658695351144528,0.831989338879109,1.0,0.9844414078078644
1781422302.0,30720.0,2026-06-14T07:31:42+00:00,0.0319675925925925,800000.0,-29.65343067770953,-10.55487403453128,31.4758846872101,-5.225737591644045,-0.021537267102696434,5.225781973120957,0.8258310709647094,1.0,0.9904224464822708
1781422362.0,30780.0,2026-06-14T07:32:42+00:00,0.032662037037037,800000.0,-29.380602251881008,-11.276765226857092,31.470386439713266,-3.7442244208711806,-0.009841778541319762,3.7442373555175403,0.8211130652575216,1.0,0.9950746036542094
1781422422.0,30840.0,2026-06-14T07:33:42+00:00,0.0333564814814814,800000.0,-29.10941311584212,-11.946941331577062,31.465653324361558,-2.226981909275506,0.0028741362876066184,2.226983763950644,0.8179356319468112,1.0,0.9982445242075945
1781422482.0,30900.0,2026-06-14T07:34:42+00:00,0.0340509259259259,800000.0,-28.84315537722628,-12.56394527149549,31.46077451208014,-0.6881538928780765,0.015261316327344619,0.6883230985949073,0.8163671224710577,1.0000000000000002,0.9998243459581967
1781422542.0,30960.0,2026-06-14T07:35:42+00:00,0.0347453703703703,800000.0,-28.58632959336985,-13.127190548003494,31.45634071700593,0.8569584218165262,0.027957048369276552,0.857414329992095,0.816441261437054,1.0,0.9997596354768259
1781422602.0,31020.0,2026-06-14T07:36:42+00:00,0.0354398148148148,800000.0,-28.342251729710394,-13.636038393352331,31.451943917272434,2.392841187532509,0.04050195225763144,2.393183937119892,0.8181557772241838,1.0,0.9980535160496714
1781422662.0,31080.0,2026-06-14T07:37:42+00:00,0.0361342592592592,800000.0,-28.115088169620066,-14.090579440029078,31.448411911275908,3.9044259697512604,0.05261465325266529,3.904780461819201,0.8214725041068145,1.0,0.9947663886506585
1781422722.0,31140.0,2026-06-14T07:38:42+00:00,0.0368287037037037,800000.0,-27.90717913557889,-14.490384309548064,31.44490236498893,5.377618359871066,0.06383650615274003,5.377997240975507,0.8263189637328119,1.0,0.9900112875815004
1781422782.0,31200.0,2026-06-14T07:39:42+00:00,0.0375231481481481,800000.0,19.089741767230777,-24.98334366255477,31.441782730959623,6.799839150094405,0.07453411024137227,6.800247627899007,0.8325912526885724,1.0,0.9839455450039656
1781422842.0,31260.0,2026-06-14T07:40:42+00:00,0.0382175925925925,800000.0,16.953675811087482,-26.47611869713531,31.439020098792053,8.160529629511426,0.08412270529275595,8.160963206857367,0.840157967961733,1.0,0.9767599126595093
1781422902.0,31320.0,2026-06-14T07:41:42+00:00,0.038912037037037,800000.0,15.27063689657532,-27.478654886565607,31.43674324102329,9.4512230389667,0.09258184686806642,9.451676482543425,0.848864846850622,1.0000000000000002,0.9686665140492577
1781422962.0,31380.0,2026-06-14T07:42:42+00:00,0.0396064814814814,800000.0,13.942000702085386,-28.173663676968307,31.434610043069927,10.665534569012117,0.09965548239796215,10.666000133975457,0.8585397731693709,1.0000000000000002,0.9598869609227982
1781423022.0,31440.0,2026-06-14T07:43:42+00:00,0.0403009259259259,800000.0,12.886000893285493,-28.67015028087552,31.43288940186284,11.799282028126681,0.10539234798601381,11.799752706149706,0.8689978633317539,1.0,0.9506417209392238
1781423082.0,31500.0,2026-06-14T07:44:42+00:00,0.0409953703703703,800000.0,12.039795677479422,-29.033954609804344,31.431309235213718,12.850112954565889,0.10953189240061137,12.850579760483765,0.8800463756009007,1.0,0.9411414574327019
1781423142.0,31560.0,2026-06-14T07:45:42+00:00,0.0416898148148148,800000.0,11.356411000542254,-29.306600610364097,31.430000161448145,13.817360189782173,0.11196922665959022,13.817813854655013,0.8914892063465097,1.0000000000000002,0.9315806657940653
1781423202.0,31620.0,2026-06-14T07:46:42+00:00,0.0423842592592592,800000.0,10.80064823168647,-29.51469191440715,31.42882500232872,14.701546223132178,0.11266163602174611,14.701977893981582,0.9031308790793713,1.0,0.9221336034888292
1781423262.0,31680.0,2026-06-14T07:47:42+00:00,0.0430787037037037,800000.0,10.346250999608689,-29.676094979745137,31.427941755605925,15.504442423466552,0.11154484625407746,15.504843666264913,0.914779982112445,1.0,0.912952274533487
1781423322.0,31740.0,2026-06-14T07:48:42+00:00,0.0437731481481481,800000.0,9.973151578813376,-29.80278500124544,31.427213466110036,16.228337559826514,0.10871636035535565,16.228701710324362,0.9262520297959995,1.0000000000000002,0.9041660871036111
1781423382.0,31800.0,2026-06-14T07:49:42+00:00,0.0444675925925925,800000.0,9.666103571307543,-29.90331661900284,31.426770484215776,16.87617819549609,0.10423748435618913,16.87650010930236,0.9373717914586246,1.0000000000000002,0.895882760537188
1781423442.0,31860.0,2026-06-14T07:50:42+00:00,0.045162037037037,800000.0,9.413176025676664,-29.98348078154805,31.42637431629419,17.450936082436684,0.09814847658020265,17.451212086177442,0.947975147217675,1.0000000000000002,0.888190075061174
1781423502.0,31920.0,2026-06-14T07:51:42+00:00,0.0458564814814814,800000.0,9.20512246522805,-30.04749422111446,31.42588405387751,17.955731232931395,0.09051207713356879,17.955959360206155,0.9579105389046919,1.0,0.8811581119564248
1781423562.0,31980.0,2026-06-14T07:52:42+00:00,0.0465509259259259,800000.0,9.034663858661826,-30.09865608086845,31.425375875451508,18.393657793655965,0.08161252050954942,18.39383884983297,0.9670400908176834,1.0,0.874841705675233
1781423622.0,32040.0,2026-06-14T07:53:42+00:00,0.0472453703703703,800000.0,8.89626733683924,-30.139575741671585,31.425110953129046,18.767873639443124,0.07094136192954986,18.768007715869484,0.9752404577736692,1.0,0.8692828994604086
1781423682.0,32100.0,2026-06-14T07:54:42+00:00,0.0479398148148148,800000.0,8.78520842155097,-30.17135340937478,31.424360829832025,19.080567962576634,0.05921297911472251,19.080659840566348,0.9824034473713151,1.0000000000000002,0.8645132581452768
1781423742.0,32160.0,2026-06-14T07:55:42+00:00,0.0486342592592592,800000.0,8.69824287083823,-30.19581118168456,31.42366054361004,19.334466873763482,0.04655740547157006,19.334522928809537,0.9884364728682365,1.0,0.86055594716333
1781423802.0,32220.0,2026-06-14T07:56:42+00:00,0.0493287037037037,800000.0,8.632542957684365,-30.214102177468146,31.423124738108896,19.53145652348177,0.03319393590333286,19.53148473020009,0.9932628852383871,1.0000000000000002,0.857427526762107
1781423862.0,32280.0,2026-06-14T07:57:42+00:00,0.0500231481481481,800000.0,8.586214363825212,-30.22654849705616,31.422401422336367,19.673036323577424,0.018700966855677847,19.6730452120397,0.9968222172237635,1.0000000000000002,0.8551394356936948
1781423922.0,32340.0,2026-06-14T07:58:42+00:00,0.0507175925925925,800000.0,8.557850359604448,-30.233678861759945,31.421523519610123,19.760339010177347,0.004232281131395163,19.760339463413583,0.9990703491859476,1.0,0.8536991534585406
1781423982.0,32400.0,2026-06-14T07:59:42+00:00,0.051412037037037,800000.0,8.546724658014291,-30.23593542773077,31.420666663357324,19.794235252774584,-0.010371698449697635,19.79423797003342,0.999979614813113,1.0,0.853111040196769
1781424042.0,32460.0,2026-06-14T08:00:42+00:00,0.0521064814814814,800000.0,8.552393511187457,-30.23333223627715,31.41970421374645,19.774848597633742,-0.025094931568907658,19.774864520773022,0.9995388661865615,1.0,0.8533768595048801
1781424102.0,32520.0,2026-06-14T08:01:42+00:00,0.0528009259259259,800000.0,8.575234941894264,-30.225715796397772,31.418601969427193,19.702159338711176,-0.039365353812255144,19.702198665099406,0.9977534995048704,1.0000000000000002,0.8544959885017649
1781424162.0,32580.0,2026-06-14T08:02:42+00:00,0.0534953703703703,800000.0,8.615932287983522,-30.213220581024338,31.417717725333738,19.57570274795081,-0.053202650685348074,19.57577504463537,0.9946454425371654,1.0,0.8564653169245955
1781424222.0,32640.0,2026-06-14T08:03:42+00:00,0.0541898148148148,800000.0,8.675611350206337,-30.19493585559632,31.416562250243185,19.394158832436375,-0.0663753141207915,19.394272414816044,0.9902531075470034,1.0000000000000002,0.859278834083389
1781424282.0,32700.0,2026-06-14T08:04:42+00:00,0.0548842592592592,800000.0,8.756324344548947,-30.17062745145471,31.41560085119196,19.156437343087102,-0.07854145664571072,19.15659835252684,0.9846312980543753,1.0000000000000002,0.8629268987610009
1781424342.0,32760.0,2026-06-14T08:05:42+00:00,0.0555787037037037,800000.0,8.860611572496312,-30.139252765700903,31.41472576218779,18.860660095545565,-0.08932831260112573,18.860871633812078,0.977851060595464,1.0,0.8673951883555329
1781424402.0,32820.0,2026-06-14T08:06:42+00:00,0.0562731481481481,800000.0,8.99175639731144,-30.099582176917355,31.413954388672433,18.50457667690429,-0.09891117660403598,18.50484102639867,0.9699994704896774,1.0,0.8726633258895915
1781424462.0,32880.0,2026-06-14T08:07:42+00:00,0.0569675925925925,800000.0,9.15402263916596,-30.04983873194017,31.41319688115131,18.085579055726484,-0.10695854831014068,18.085895330671054,0.9611793419449534,1.0,0.878703192059396
1781424522.0,32940.0,2026-06-14T08:08:42+00:00,0.057662037037037,800000.0,9.35290227464882,-29.98787178135617,31.41256492128888,17.600885213646663,-0.11334809569113341,17.60125018556246,0.9515088307676965,1.0000000000000002,0.8854769389194457
1781424582.0,33000.0,2026-06-14T08:09:42+00:00,0.0583564814814814,800000.0,9.595363917152635,-29.910640867679145,31.41205892357062,17.04745654669429,-0.11795049344471314,17.04786458857337,0.9411208647019287,1.0,0.8929347412218323
1781424642.0,33060.0,2026-06-14T08:10:42+00:00,0.0590509259259259,800000.0,9.890320476940886,-29.81397031437796,31.411642189532316,16.422171979147482,-0.12066818306445236,16.422615300953158,0.9301623594192923,1.0,0.901012366775848
1781424702.0,33120.0,2026-06-14T08:11:42+00:00,0.0597453703703703,800000.0,10.249200774196948,-29.69230838498703,31.411451633742917,15.722003254860455,-0.1215763986835608,15.722473315816428,0.9187932004462499,1.0000000000000002,0.9096286995291376
1781424762.0,33180.0,2026-06-14T08:12:42+00:00,0.0604398148148148,800000.0,10.686579644610395,-29.53771486300905,31.411456251326953,14.943926353702777,-0.12062053890774888,14.944413142686425,0.9071849269776859,1.0,0.9186833950821361
1781424822.0,33240.0,2026-06-14T08:13:42+00:00,0.0611342592592592,800000.0,11.221664609062762,-29.338912105134558,31.411741755450347,14.085508941657409,-0.11786833286195952,14.086002097451301,0.8955190247156494,1.0000000000000002,0.9280549154984665
1781424882.0,33300.0,2026-06-14T08:14:42+00:00,0.0618287037037037,800000.0,11.879548855081907,-29.079440997801974,31.412379243618656,13.144794165195385,-0.11300410788619153,13.145279897124816,0.8839847668009788,1.0000000000000002,0.9375992747111023
1781424942.0,33360.0,2026-06-14T08:15:42+00:00,0.0625231481481481,800000.0,12.693741633397932,-28.7344504016099,31.413368436671025,12.120854318540108,-0.10660138427283532,12.121323082337227,0.8727765575132028,1.0,0.9471498875779278
1781425002.0,33420.0,2026-06-14T08:16:42+00:00,0.0632175925925925,800000.0,13.70880716738502,-28.26562730299048,31.41459980302324,11.0137210339739,-0.0982968491968697,11.014159672202013,0.86209070984603,1.0000000000000002,0.956518942759375
1781425062.0,33480.0,2026-06-14T08:17:42+00:00,0.063912037037037,800000.0,14.984807209238484,-27.61206000330059,31.416083535729243,9.825348212346814,-0.08852497330168282,9.825747002888116,0.852121622344091,1.0,0.965500704818651
1781425122.0,33540.0,2026-06-14T08:18:42+00:00,0.0646064814814814,800000.0,16.600375343733216,-26.67455966790961,31.4182207489491,8.559244057381846,-0.07704669306060272,8.559590821221423,0.8430574447707321,1.0,0.9738770550249922
1781425182.0,33600.0,2026-06-14T08:19:42+00:00,0.0653009259259259,800000.0,18.651879731506355,-25.285416552624472,31.42045365296805,7.2208942260724625,-0.06485713961136993,7.221185489425209,0.8350753242818187,1.0,0.9814253660107362
1781425242.0,33660.0,2026-06-14T08:20:42+00:00,0.0659953703703703,800000.0,21.235141537228923,-23.16196838823055,31.423049115633837,5.818273542152876,-0.05086321498796009,5.818495860439799,0.8283363645327658,1.0000000000000002,0.9879285062891554
1781425302.0,33720.0,2026-06-14T08:21:42+00:00,0.0666898148148148,800000.0,-26.2807092572826,17.231958118027293,31.426359312641768,4.36097896746904,-0.036647943805335065,4.361132952168793,0.8229805320404385,1.0,0.9931863978322487
1781425362.0,33780.0,2026-06-14T08:22:42+00:00,0.0673842592592592,800000.0,-25.892209856453352,17.816587331308668,31.429879340919662,2.86122403773234,-0.021091043084616456,2.8613017712565294,0.8191218194606615,1.0000000000000002,0.9970281631388128
1781425422.0,33840.0,2026-06-14T08:23:42+00:00,0.0680787037037037,800000.0,-25.53095859860311,18.33715683687355,31.433758410722767,1.332461949846224,-0.005726566289028234,1.3324742554171407,0.8168440502816275,1.0,0.9993235929564914
1781425482.0,33900.0,2026-06-14T08:24:42+00:00,0.0687731481481481,800000.0,-19.083921273829837,14.229265909944113,23.804790684264223,-0.15548774540682583,-0.006978265952619395,0.1556442583823874,0.8161976067640148,1.0,0.9999925418530966
1781425542.0,33960.0,2026-06-14T08:25:42+00:00,0.0694675925925926,800000.0,-18.85843860354466,14.5312452171983,23.807515496708426,-1.3226164421765896,0.0053431096005474715,1.3226272346871069,0.8171973864384247,1.0,0.9990109928141304
1781425602.0,34020.0,2026-06-14T08:26:42+00:00,0.070162037037037,800000.0,-18.66125241823927,14.790618409583477,23.811861219886836,-2.4773211138410316,0.016951411860764917,2.477379109350574,0.8198221585430502,1.0,0.996412926001981
1781425662.0,34080.0,2026-06-14T08:27:42+00:00,0.0708564814814814,800000.0,-18.492210555479797,15.006892473014732,23.81530333472208,-3.6081555560731373,0.02826209858543753,3.608266240597817,0.82401539313371,1.0000000000000002,0.9922877178776135
1781425722.0,34140.0,2026-06-14T08:28:42+00:00,0.0715509259259259,800000.0,15.32119992154721,18.237499350798306,23.81901655413982,-4.705255830088094,0.0389156487285533,4.7054167567064615,0.8296875173833002,1.0,0.986773450795114
1781425782.0,34200.0,2026-06-14T08:29:42+00:00,0.0722453703703703,800000.0,13.52945139571659,19.609026801946666,23.823517523416232,-5.75981397266935,0.05012259736920141,5.760032054991023,0.8367192994916341,1.0,0.9800470788656176
1781425842.0,34260.0,2026-06-14T08:30:42+00:00,0.0729398148148148,800000.0,12.113770180728425,20.519378689457287,23.828309419529933,-6.7645868986597595,0.058997075953162864,6.764844164095008,0.8449661572888943,1.0,0.9723127485173318
1781425902.0,34320.0,2026-06-14T08:31:42+00:00,0.0736342592592592,800000.0,10.998044601928212,21.14315242970218,23.832538256166156,-7.713714919256853,0.06783477722138817,7.714013184624877,0.8542630670605661,1.0,0.9637896637762349
1781425962.0,34380.0,2026-06-14T08:32:42+00:00,0.0743287037037037,800000.0,10.114655839203984,21.58543303894258,23.837726028801846,-8.603552722666723,0.07531532717611439,8.603882370779695,0.8644296672210138,1.0000000000000002,0.954700726083703
1781426022.0,34440.0,2026-06-14T08:33:42+00:00,0.0750231481481481,800000.0,9.409355242353096,21.90713479519844,23.842368192186612,-9.431264861144104,0.08175479058132241,9.43161919963028,0.8752752934489542,1.0,0.9452628534157638
1781426082.0,34500.0,2026-06-14T08:34:42+00:00,0.0757175925925925,800000.0,8.841964594046715,22.147529946453517,23.847293779618497,-10.195963649541696,0.08671280622866255,10.196332372649476,0.8866037169974569,1.0000000000000002,0.9356794934870794
1781426142.0,34560.0,2026-06-14T08:35:42+00:00,0.076412037037037,800000.0,8.38227722414938,22.330631316550715,23.852036945682624,-10.897631404318718,0.0912548319341415,10.898013473507218,0.8982174003042359,1.0000000000000002,0.9261354710610896
1781426202.0,34620.0,2026-06-14T08:36:42+00:00,0.0771064814814814,800000.0,8.007408606413884,22.473223456368707,23.857165906912577,-11.53695435651378,0.0934886314685833,11.537333138489855,0.9099212233647093,1.0000000000000002,0.9167940270516066
1781426262.0,34680.0,2026-06-14T08:37:42+00:00,0.0778009259259259,800000.0,7.700316704772699,22.58509681932154,23.86171569045129,-12.115344846551558,0.09491649339482877,12.115716647874436,0.9215256743261372,1.0,0.9077957318169201
1781426322.0,34740.0,2026-06-14T08:38:42+00:00,0.0784953703703703,800000.0,7.447993893925427,22.67427057775685,23.866192810695225,-12.63485715730881,0.09462168186533698,12.635211460370448,0.9328494641039647,1.0000000000000002,0.8992588512672999
1781426382.0,34800.0,2026-06-14T08:39:42+00:00,0.0791898148148148,800000.0,7.2404313997982275,22.745953182744447,23.870530640243135,-13.09773928118355,0.09340484633426877,13.098072329284845,0.9437216458731547,1.0000000000000004,0.8912807457019075
1781426442.0,34860.0,2026-06-14T08:40:42+00:00,0.0798842592592592,800000.0,7.069748086678499,22.803719700834108,23.874483663595825,-13.506199960895941,0.09038371414919838,13.506502382167225,0.9539832970986315,1.0,0.8839399202194005
1781426502.0,34920.0,2026-06-14T08:41:42+00:00,0.0805787037037037,800000.0,6.929716853997047,22.850602164696703,23.878253599579104,-13.862540192713716,0.08660447215756817,13.862810715334785,0.9634888361786038,1.0000000000000002,0.8772984111999487
1781426562.0,34980.0,2026-06-14T08:42:42+00:00,0.0812731481481481,800000.0,6.815841980664579,22.888674047304825,23.88194090833396,-14.16930850637433,0.08114545340204199,14.169540858243069,0.972107038503518,1.0,0.8714042667161205
1781426622.0,35040.0,2026-06-14T08:43:42+00:00,0.0819675925925925,800000.0,6.724073596033923,22.919129646699695,23.88513490619447,-14.428203649215364,0.07481512422748693,14.428397618794843,0.9797217993599193,1.0,0.8662939452809222
1781426682.0,35100.0,2026-06-14T08:44:42+00:00,0.082662037037037,800000.0,6.651505965592528,22.94330532255086,23.888026095391467,-14.641179243847992,0.06776941256716296,14.6413360846531,0.9862327104248192,1.0000000000000002,0.8619945204921636
1781426742.0,35160.0,2026-06-14T08:45:42+00:00,0.0833564814814814,800000.0,6.595959919268327,22.96204590646161,23.890630788387416,-14.809908620773635,0.05980572741867821,14.810029374741204,0.9915554749077042,1.0000000000000002,0.858525613490696
1781426802.0,35220.0,2026-06-14T08:46:42+00:00,0.0840509259259259,800000.0,6.555762957360712,22.97588711195335,23.89287376048195,-14.93568597402392,0.05113009474090505,14.935773491896665,0.9956222036364644,1.0,0.8559010161496035
1781426862.0,35280.0,2026-06-14T08:47:42+00:00,0.0847453703703703,800000.0,6.529503438149851,22.985072125586093,23.894517274203416,-15.019241428218004,0.042133996391134146,15.019300528078926,0.9983816323008587,1.0000000000000002,0.8541299936362406
1781426922.0,35340.0,2026-06-14T08:48:42+00:00,0.0854398148148148,800000.0,6.516515058497998,22.99009785611954,23.89580649280504,-15.061429059497408,0.03273968128622323,15.061464643287641,0.9997992723724358,1.0000000000000002,0.8532182614683413
1781426982.0,35400.0,2026-06-14T08:49:42+00:00,0.0861342592592592,800000.0,6.51649688988831,22.99115611135,23.896819684895114,-15.062675721223966,0.023367516742572245,15.062693846838574,0.9998575042694589,1.0000000000000002,0.8531686377892169
1781427042.0,35460.0,2026-06-14T08:50:42+00:00,0.0868287037037037,800000.0,6.529300497404955,22.98769124782894,23.896981271510505,-15.022616483199643,0.013843479215493587,15.02262286164498,0.9985556226726596,1.0,0.8539813749327454
1781427102.0,35520.0,2026-06-14T08:51:42+00:00,0.0875231481481481,800000.0,6.555529654839072,22.98027024416944,23.897024700797665,-14.941383013985812,0.004671134247312969,14.941383744155656,0.9959098377990235,1.0000000000000002,0.855654172875188
1781427162.0,35580.0,2026-06-14T08:52:42+00:00,0.0882175925925926,800000.0,6.595794250650389,22.96779281690842,23.89610865135457,-14.817815319046897,-0.004145781151272121,14.817815899007595,0.9919532279644783,1.0,0.8581818742289471
1781427222.0,35640.0,2026-06-14T08:53:42+00:00,0.088912037037037,800000.0,6.651571866616263,22.950835325891088,23.8952767394088,-14.651532180228456,-0.012582545331105699,14.651537583090624,0.9867356457597958,1.0,0.8615558402329264
1781427282.0,35700.0,2026-06-14T08:54:42+00:00,0.0896064814814814,800000.0,6.72436497850051,22.927573407704177,23.893319290750455,-14.440574384063387,-0.020200496921868594,14.440588512998477,0.9803235831888488,1.0,0.8657630043150661
1781427342.0,35760.0,2026-06-14T08:55:42+00:00,0.0903009259259259,800000.0,6.816771322940556,22.89825949412191,23.89139299265342,-14.184028088747606,-0.027123962729376505,14.184054023153436,0.9727999624796603,1.0000000000000002,0.8707845954896634
1781427402.0,35820.0,2026-06-14T08:56:42+00:00,0.0909953703703703,800000.0,6.931611926590879,22.860961224299704,23.888716834518164,-13.879605023567459,-0.03317981810664866,13.879644682432206,0.9642638315805061,1.0,0.8765945371016388
1781427462.0,35880.0,2026-06-14T08:57:42+00:00,0.0916898148148148,800000.0,7.072852230002712,22.814689950215413,23.885881105622094,-13.525535305058204,-0.03836279014620775,13.525589709585446,0.9548299553847593,1.0,0.8831575399224263
1781427522.0,35940.0,2026-06-14T08:58:42+00:00,0.0923842592592592,800000.0,7.245449147496751,22.756979577090515,23.88255959525855,-13.119513988820328,-0.04236046645124697,13.119582375669212,0.9446282638461023,1.0000000000000002,0.8904269213374152
1781427582.0,36000.0,2026-06-14T08:59:42+00:00,0.0930787037037037,800000.0,7.455640383957651,22.68538930164709,23.879142809200342,-12.659302740510778,-0.045346747297926315,12.65938395828937,0.93380310739109,1.0,0.8983422166163044
1781427642.0,36060.0,2026-06-14T09:00:42+00:00,0.0937731481481481,800000.0,7.711412503383516,22.595778426177347,23.875407545887906,-12.14247972853302,-0.04700331383881165,12.142570702670302,0.9225122614621484,1.0,0.9068266937196933
1781427702.0,36120.0,2026-06-14T09:01:42+00:00,0.0944675925925925,800000.0,8.023134998326826,22.48289448761185,23.87155712856755,-11.566921299647632,-0.047628603883783927,11.567019358337307,0.9109256397952383,1.0,0.9157849451129898
1781427762.0,36180.0,2026-06-14T09:02:42+00:00,0.095162037037037,800000.0,8.404159418420395,22.338965123976863,23.867535657048442,-10.930612946219108,-0.04686204007238931,10.930713399904533,0.8992236567550741,1.0,0.9251007912181353
1781427822.0,36240.0,2026-06-14T09:03:42+00:00,0.0958564814814814,800000.0,8.872037461103387,22.15285770253558,23.86340615042228,-10.232020018808177,-0.04499665990778855,10.232118957708327,0.8875951441705884,1.0000000000000002,0.9346357999769678
1781427882.0,36300.0,2026-06-14T09:04:42+00:00,0.0965509259259259,800000.0,9.45012764462748,21.90805326053267,23.8593317208611,-9.470329745477304,-0.041926775957014904,9.470422553540807,0.8762347734737613,1.0,0.9442288034703374
1781427942.0,36360.0,2026-06-14T09:05:42+00:00,0.0972453703703703,800000.0,10.16940501237619,21.57884628544565,23.855049891304642,-8.645375340828974,-0.037810125130171915,8.645458020797745,0.8653399503516559,1.0000000000000002,0.953696833104201
1781428002.0,36420.0,2026-06-14T09:06:42+00:00,0.0979398148148148,800000.0,11.071674958092794,21.125461548928744,23.850935244407626,-7.7583485507411485,-0.03260391253294692,7.758417058259999,0.8551071426455233,1.0000000000000002,0.9628378865924124
1781428062.0,36480.0,2026-06-14T09:07:42+00:00,0.0986342592592592,800000.0,12.212002442686414,20.4826042444989,23.84680440430003,-6.811552509050281,-0.02657230894162435,6.811604339004994,0.8457276472609192,1.0,0.9714358646231103
1781428122.0,36540.0,2026-06-14T09:08:42+00:00,0.0993287037037037,800000.0,13.660137553763798,19.5418719554492,23.84290497214884,-5.8089167947721325,-0.019608632060817144,5.808949890215704,0.8373828851609839,1.0,0.9792678441607828
1781428182.0,36600.0,2026-06-14T09:09:42+00:00,0.1000231481481481,800000.0,15.491756803823291,18.11926042443603,23.839088220763372,-4.755946317053603,-0.012039334556329107,4.755961555382075,0.8302393894112016,1.0000000000000002,0.9861135751581811
1781428242.0,36660.0,2026-06-14T09:10:42+00:00,0.1007175925925926,800000.0,-16.66458572119393,-17.041763169211027,23.835480049172453,-3.659741874607654,-0.004025723263305081,3.65974408875874,0.8244436977382964,1.0000000000000002,0.991766721626767
1781428302.0,36720.0,2026-06-14T09:11:42+00:00,0.101412037037037,800000.0,-16.31123388297223,-17.375287660988725,23.831847852970366,-2.5290910991037374,0.004590939589974932,2.5290952659581785,0.8201174243810557,1.0,0.9960469771491625
1781428362.0,36780.0,2026-06-14T09:12:42+00:00,0.1021064814814814,800000.0,-15.99319645731009,-17.664393158679776,23.828829568120394,-1.3740626136865208,0.013566848172951347,1.3741295883941882,0.8173528888387526,1.0,0.9988118497157066
1781428422.0,36840.0,2026-06-14T09:13:42+00:00,0.1028009259259259,800000.0,-15.710786253274607,-17.912236727751253,23.82597383711909,-0.20561510121199614,0.022429001865246264,0.20683478907352756,0.8162096398360961,1.0,0.9999667307244703
1781428482.0,36900.0,2026-06-14T09:14:42+00:00,0.1034953703703703,800000.0,-15.464551203436011,-18.12154566560885,23.823155988123005,0.964560407469286,0.03126250413301678,0.9650669012156524,0.8167121086978086,1.0,0.9994719309892182
1781428542.0,36960.0,2026-06-14T09:15:42+00:00,0.1041898148148148,800000.0,-15.255198428941595,-18.29462180521575,23.820458981771484,2.1246873145873533,0.03996461932712407,2.125063141548124,0.8188486207840351,1.0,0.9973456963087569
1781428602.0,37020.0,2026-06-14T09:16:42+00:00,0.1048842592592592,800000.0,-15.083685879598209,-18.433614868774374,23.8183907274335,3.263617729711258,0.04834975959636424,3.2639758554466503,0.8225718868076086,1.0,0.993662761628416
1781428662.0,37080.0,2026-06-14T09:17:42+00:00,0.1055787037037037,800000.0,15.930557921599608,-17.703978807341237,23.816245323396963,4.370823474620799,0.05611939946606054,4.371183733646147,0.827800924864971,1.0000000000000002,0.9885486571101012
1781428722.0,37140.0,2026-06-14T09:18:42+00:00,0.1062731481481481,800000.0,14.013640336083151,-19.254838178406835,23.814510466220593,5.437180663964414,0.0630987532695454,5.437546783730019,0.8344242487663696,1.0,0.9821705832101394
1781428782.0,37200.0,2026-06-14T09:19:42+00:00,0.1069675925925925,800000.0,12.49308913363118,-20.27249499421337,23.812839591095802,6.454998355678666,0.06950746450143402,6.455372573247473,0.8423040198058975,1.0,0.974726088417625
1781428842.0,37260.0,2026-06-14T09:20:42+00:00,0.107662037037037,800000.0,11.295531963372898,-20.96178143018886,23.811453610869485,7.418399441311829,0.07462474061636859,7.418774772343996,0.8512808169008262,1.0,0.9664309378014978
1781428902.0,37320.0,2026-06-14T09:21:42+00:00,0.1083564814814814,800000.0,10.34883129371228,-21.44360604828208,23.81021943409255,8.322945609616365,0.07910328590197105,8.323321509498046,0.8611786919377051,1.0,0.9575074597316053
1781428962.0,37380.0,2026-06-14T09:22:42+00:00,0.1090509259259259,800000.0,9.594823121098546,-21.790199971252303,23.809104256824345,9.165767936838348,0.082154382779192,9.16613611150215,0.8718102340463215,1.0,0.9481743699878558
1781429022.0,37440.0,2026-06-14T09:23:42+00:00,0.1097453703703703,800000.0,8.98947619088315,-22.045913984927623,23.808254988916815,9.94557173979295,0.08409764376250589,9.94592728935088,0.882981383926275,1.0000000000000002,0.9386386887686229
1781429082.0,37500.0,2026-06-14T09:24:42+00:00,0.1104398148148148,800000.0,8.499594122515873,-22.238211356087124,23.807165823875565,10.661882287416844,0.08460492533785863,10.662217963637982,0.8944958189603608,1.0,0.9290899860303345
1781429142.0,37560.0,2026-06-14T09:25:42+00:00,0.1111342592592592,800000.0,8.10078162129992,-22.385783570257093,23.806427050911758,11.31568891223425,0.08386455277145377,11.315999682823993,0.9061588055089413,1.0,0.9196968784863884
1781429202.0,37620.0,2026-06-14T09:26:42+00:00,0.1118287037037037,800000.0,7.774242562829694,-22.500537101852533,23.805734966548613,11.908160078666773,0.08175289809312702,11.908440703782325,0.9177804748072217,1.0000000000000002,0.9106054892503415
1781429262.0,37680.0,2026-06-14T09:27:42+00:00,0.1125231481481481,800000.0,7.50602250409844,-22.590876733044816,23.80521130760359,12.44138237770621,0.07832987241642192,12.44162895432955,0.9291785406364528,1.0000000000000002,0.9019394733794465
1781429322.0,37740.0,2026-06-14T09:28:42+00:00,0.1132175925925925,800000.0,7.285187012739123,-22.662450807154467,23.80463455710419,12.9174456964242,0.07372566275270664,12.917656087441577,0.9401804840398071,1.0,0.8938011793377548
1781429382.0,37800.0,2026-06-14T09:29:42+00:00,0.113912037037037,800000.0,7.10335650102417,-22.719579228351293,23.80413732723734,13.338783016426364,0.06782857322195301,13.338955471649559,0.9506253001085423,1.0000000000000002,0.8862735563356452
1781429442.0,37860.0,2026-06-14T09:30:42+00:00,0.1146064814814814,800000.0,6.953829906167495,-22.76515150728484,23.803526493222442,13.707624231150517,0.06088153739501223,13.707759431213416,0.9603648585902302,1.0,0.8794224732883729
1781429502.0,37920.0,2026-06-14T09:31:42+00:00,0.1153009259259259,800000.0,6.831559600285064,-22.80152140421744,23.802932275651106,14.026429325190266,0.052775841262348855,14.0265286120258,0.96926495070202,1.0000000000000002,0.8732991893212734
1781429562.0,37980.0,2026-06-14T09:32:42+00:00,0.1159953703703703,800000.0,6.732430996524213,-22.83016910827653,23.802147983647693,14.297247830812001,0.043641583622044955,14.29731443745571,0.9772060827910835,1.0,0.867942786391802
1781429622.0,38040.0,2026-06-14T09:33:42+00:00,0.1166898148148148,800000.0,6.653182952097694,-22.852467891690942,23.80126324661884,14.522000190720181,0.033771032248043065,14.522039458075303,0.984084059840685,1.0,0.8633824322066337
1781429682.0,38100.0,2026-06-14T09:34:42+00:00,0.1173842592592592,800000.0,6.591527634691316,-22.869456839958275,23.800426313694754,14.70259769431441,0.023163168326111316,14.70261594047897,0.9898104086001972,1.0000000000000002,0.8596393923690964
1781429742.0,38160.0,2026-06-14T09:35:42+00:00,0.1180787037037037,800000.0,6.545517124126601,-22.881798406719337,23.799590180252647,14.840384572771868,0.01194215981493385,14.840389377740271,0.9943126823131005,1.0000000000000002,0.8567287476384681
1781429802.0,38220.0,2026-06-14T09:36:42+00:00,0.1187731481481481,800000.0,6.51379796101761,-22.889689292500517,23.79847557689715,14.9363752518145,0.0003732161888403418,14.93637525647729,0.997534672101495,1.0000000000000002,0.8546607945629062
1781429862.0,38280.0,2026-06-14T09:37:42+00:00,0.1194675925925926,800000.0,6.495399954417174,-22.8938823844942,23.797480354081532,14.991486124306885,-0.011358986452538085,14.991490427634576,0.9994365446744261,1.0,0.8534421214817058
1781429922.0,38340.0,2026-06-14T09:38:42+00:00,0.120162037037037,800000.0,6.489897430106196,-22.894186910021304,23.79627203837378,15.006121840461432,-0.02317179455578049,15.006139730884707,0.9999949357948617,1.0000000000000002,0.8530763649770539
1781429982.0,38400.0,2026-06-14T09:39:42+00:00,0.1208564814814814,800000.0,6.497106734555868,-22.890946694218595,23.795122115210262,14.980485158851545,-0.03481186507977456,14.980525606951238,0.9992030063433761,1.0,0.8535646514032224
1781430042.0,38460.0,2026-06-14T09:40:42+00:00,0.1215509259259259,800000.0,6.517219032246941,-22.88392357956105,23.7938669053492,14.914262630473,-0.04608114088765575,14.91433381959345,0.9970704634214482,1.0000000000000002,0.8549057265472785
1781430102.0,38520.0,2026-06-14T09:41:42+00:00,0.1222453703703703,800000.0,6.55097008370493,-22.87291801011276,23.79255319075566,14.807019934044208,-0.05694433373609378,14.807129430930466,0.9936235411556414,1.0000000000000002,0.8570957733169176
1781430162.0,38580.0,2026-06-14T09:42:42+00:00,0.1229398148148148,800000.0,6.599460213557948,-22.857747758860388,23.791374649608233,14.658010163150381,-0.06704083962610297,14.658163473545983,0.9889049340218842,1.0,0.8601279153166361
1781430222.0,38640.0,2026-06-14T09:43:42+00:00,0.1236342592592592,800000.0,6.66420054684045,-22.83761622877211,23.79008793470894,14.465952905517899,-0.07633748119837108,14.46615432226884,0.9829736892581137,1.0000000000000002,0.8639914050124964
1781430282.0,38700.0,2026-06-14T09:44:42+00:00,0.1243287037037037,800000.0,6.747168362532363,-22.812051036003407,23.788946033432875,14.229401604338124,-0.0846028977785479,14.2296531112973,0.9759050573991923,1.0000000000000002,0.8686704918833967
1781430342.0,38760.0,2026-06-14T09:45:42+00:00,0.1250231481481481,800000.0,6.851209579049092,-22.77972936899188,23.787709911224436,13.946644165224178,-0.09163185266810203,13.946945180497591,0.9677902636058577,1.0000000000000002,0.8741429646810109
1781430402.0,38820.0,2026-06-14T09:46:42+00:00,0.1257175925925926,800000.0,6.979757064936578,-22.739633404040983,23.786717638962056,13.615780037797384,-0.09757022828201567,13.61612962581984,0.9587361690329755,1.0,0.8803783774571949
1781430462.0,38880.0,2026-06-14T09:47:42+00:00,0.126412037037037,800000.0,7.137203541365687,-22.68954734158892,23.785609787371182,13.234479962443691,-0.10201444986838476,13.23487313215754,0.9488648177571153,1.0,0.887335989532361
1781430522.0,38940.0,2026-06-14T09:48:42+00:00,0.1271064814814815,800000.0,7.329176443487751,-22.627260398177118,23.784653465347994,12.800511812842084,-0.10513981059934424,12.80094360000397,0.9383128369316143,1.0,0.8949624681248718
1781430582.0,39000.0,2026-06-14T09:49:42+00:00,0.1278009259259259,800000.0,7.56286779299337,-22.54937830040904,23.78384811146536,12.311513339138482,-0.10685098859067099,12.311977007513764,0.9272306201158854,1.0,0.9031894361774562
1781430642.0,39060.0,2026-06-14T09:50:42+00:00,0.1284953703703703,800000.0,7.847484460166041,-22.451298223908918,23.783267317411273,11.765179816865048,-0.10722973501348987,11.765668461215443,0.9157812374659872,1.0000000000000002,0.9119310055467702
1781430702.0,39120.0,2026-06-14T09:51:42+00:00,0.1291898148148148,800000.0,8.194792887770399,-22.326101064841268,23.782544422978773,11.159188318697886,-0.1059558122039192,11.159691329347023,0.9041390143859462,1.0000000000000002,0.9210814990064251
1781430762.0,39180.0,2026-06-14T09:52:42+00:00,0.1298842592592592,800000.0,8.620706045057519,-22.165546201301147,23.78293529229113,10.492269560943216,-0.10335768585179046,10.492778628691266,0.8924877112307713,1.0,0.9305136345004514
1781430822.0,39240.0,2026-06-14T09:53:42+00:00,0.1305787037037037,800000.0,9.14523449345961,-21.954240061052907,23.782850346388337,9.762499138851513,-0.09967253151393532,9.763007940671509,0.8810182318543525,1.0,0.9400775166281317
1781430882.0,39300.0,2026-06-14T09:54:42+00:00,0.1312731481481481,800000.0,9.79598537407461,-21.672408882261177,23.783495037714637,8.969754322917817,-0.09435841098024815,8.970250616522684,0.8699258022688243,1.0,0.9496008387688254
1781430942.0,39360.0,2026-06-14T09:55:42+00:00,0.1319675925925925,800000.0,10.609387012385476,-21.286947570506936,23.784306373070557,8.114331279673753,-0.08737936472921509,8.114801739394029,0.8594066169699989,1.0,0.9588907244225364
1781431002.0,39420.0,2026-06-14T09:56:42+00:00,0.132662037037037,800000.0,11.634429946210233,-20.746307428045085,23.78590406253738,7.198008145965842,-0.07985672774412346,7.198451108839777,0.8496539153813242,1.0,0.967737588843368
1781431062.0,39480.0,2026-06-14T09:57:42+00:00,0.1333564814814815,800000.0,12.934055329783106,-19.96346451007548,23.787175168963085,6.223627833815773,-0.07089502766082667,6.224031612933327,0.8408535053159022,1.0,0.9759212809318576
1781431122.0,39540.0,2026-06-14T09:58:42+00:00,0.1340509259259259,800000.0,14.584003990007185,-18.794467929299067,23.789182355137736,5.195984845144673,-0.060888427350835474,5.196341589191223,0.8331788838014746,1.0000000000000002,0.9832195436817674
1781431182.0,39600.0,2026-06-14T09:59:42+00:00,0.1347453703703703,800000.0,-12.57934476020951,20.193890872111357,23.79145105181592,4.121360147332313,-0.05025374518579803,4.121666520101331,0.8267861298185352,1.0,0.9894184971428241
1781431242.0,39660.0,2026-06-14T10:00:42+00:00,0.1354398148148148,800000.0,-12.220262010063038,20.416274940643994,23.794097714487048,3.0077312999927734,-0.039052075347041776,3.0079848133833935,0.8218088653096742,1.0000000000000002,0.9943244619934415
1781431302.0,39720.0,2026-06-14T10:01:42+00:00,0.1361342592592592,800000.0,-11.90047866907406,20.607660598660733,23.79699703539673,1.8643214040190916,-0.02763433058412132,1.8645262008645922,0.8183536111625983,1.0000000000000002,0.9977760619623899
1781431362.0,39780.0,2026-06-14T10:02:42+00:00,0.1368287037037037,800000.0,-11.61890718481763,20.771240408945943,23.800072106941933,0.7019115144582092,-0.015102987898000467,0.7020739806975216,0.8164957980426483,1.0000000000000002,0.9996552833199539
1781431422.0,39840.0,2026-06-14T10:03:42+00:00,0.0003703703703703,800000.0,-17.47440380963787,32.0443132445136,36.49921642740836,-0.68037546447757,0.000909193471822986,0.6803760719600876,0.8162767703909963,1.0,0.9998961165369668
1781431482.0,39900.0,2026-06-14T10:04:42+00:00,0.0010648148148148,800000.0,-17.156904742280012,32.22191842278948,36.5049504475841,-2.468150458194935,0.018356269941453354,2.4682187174020926,0.8177020793874739,1.0,0.9984895970950453
1781431542.0,39960.0,2026-06-14T10:05:42+00:00,0.0017592592592592,800000.0,-16.895425670490265,32.36634948999676,36.510765369897065,-4.232261113984573,0.03528351995909493,4.232408187276676,0.820741194688438,1.0,0.9954845164316061
1781431602.0,40020.0,2026-06-14T10:06:42+00:00,0.0024537037037037,800000.0,-16.690716232475417,32.47900464222481,36.51665032423811,-5.955693369944193,0.0514332882527084,5.955915454398065,0.8253287022693158,1.0000000000000002,0.990983696124542
1781431662.0,40080.0,2026-06-14T10:07:42+00:00,0.0031481481481481,800000.0,22.70854615207928,28.60517555225952,36.52306307960355,-7.623687514762129,0.06713069035123975,7.623983070044621,0.8313669049406076,1.0,0.9851363674525282
1781431722.0,40140.0,2026-06-14T10:08:42+00:00,0.0038425925925925,800000.0,20.120440823155505,30.489580805001022,36.530079066199534,-9.223358213784769,0.08128902892034578,9.22371642267984,0.8387295208350375,1.0,0.978127721634816
1781431782.0,40200.0,2026-06-14T10:09:42+00:00,0.004537037037037,800000.0,18.07978948913989,31.75027867469449,36.53709052308863,-10.74394473599389,0.09391458642335662,10.744355189569726,0.8472661782465719,1.0000000000000002,0.9701669805501126
1781431842.0,40260.0,2026-06-14T10:10:42+00:00,0.0052314814814814,800000.0,16.470895265602962,32.62200252760088,36.54429421621466,-12.17763601444095,0.10542530125071961,12.17809235448447,0.8568073786635159,1.0000000000000002,0.9614753556820304
1781431902.0,40320.0,2026-06-14T10:11:42+00:00,0.0059259259259259,800000.0,15.194634590345418,33.24410801802168,36.5519854214243,-13.51897438432168,0.11500686128217294,13.519463561180515,0.8671696076634452,1.0,0.9522750521878975
1781431962.0,40380.0,2026-06-14T10:12:42+00:00,0.0066203703703703,800000.0,14.174148303065724,33.70016665274341,36.559645957530556,-14.764716856473079,0.12280128792620557,14.765227529846488,0.8781603176079127,1.0000000000000002,0.9427801245220604
1781432022.0,40440.0,2026-06-14T10:13:42+00:00,0.0073148148148148,800000.0,13.35159412414236,34.04264762903454,36.567293080708666,-15.913359519466702,0.12866895453146732,15.913879693389093,0.8895825485563077,1.0000000000000002,0.9331895944655821
1781432082.0,40500.0,2026-06-14T10:14:42+00:00,0.0080092592592592,800000.0,12.684094887342424,34.30517101332931,36.57500541852148,-16.965390835913,0.13255859485409485,16.96590869939923,0.9012390568401202,1.0000000000000002,0.9236828912001604
1781432142.0,40560.0,2026-06-14T10:15:42+00:00,0.0087037037037037,800000.0,12.139271085211435,34.5096189857826,36.58245077935781,-17.92225855044117,0.13426376702329434,17.922761458770715,0.9129358849496815,1.0,0.9144174099539542
1781432202.0,40620.0,2026-06-14T10:16:42+00:00,0.0093981481481481,800000.0,11.692787439176538,34.67140083826664,36.58998926189404,-18.78662531641706,0.1337931067927517,18.787101728975326,0.9244854060230046,1.0,0.9055278421077375
1781432262.0,40680.0,2026-06-14T10:17:42+00:00,0.0100925925925925,800000.0,11.325772553064509,34.80027482137858,36.596888550356645,-19.56129060612914,0.13132686615480976,19.56173143980896,0.9357088311519141,1.0,0.897126855296001
1781432322.0,40740.0,2026-06-14T10:18:42+00:00,0.010787037037037,800000.0,11.02393983663125,34.904236657877604,36.603729129568094,-20.249995117629553,0.12680430531161357,20.250392134372763,0.946438211269775,1.0,0.8893067006641353
1781432382.0,40800.0,2026-06-14T10:19:42+00:00,0.0114814814814814,800000.0,10.776092853631406,34.988206614725186,36.610091222295324,-20.85627486108836,0.12036360563988156,20.85662217327698,0.9565180039727148,1.0,0.8821413776483799
1781432442.0,40860.0,2026-06-14T10:20:42+00:00,0.0121759259259259,800000.0,10.57333379761535,35.05647369396749,36.61627691958358,-21.383711309548932,0.11173928578872894,21.38400325098459,0.9658062904093033,1.0000000000000002,0.8756890621023934
1781432502.0,40920.0,2026-06-14T10:21:42+00:00,0.0128703703703703,800000.0,10.40869987779247,35.11107527348787,36.621423238406344,-21.835362798080283,0.10179175061379886,21.835600062381648,0.9741757193960517,1.0,0.8699945801637723
1781432562.0,40980.0,2026-06-14T10:22:42+00:00,0.0135648148148148,800000.0,10.276899762663326,35.15519867510726,36.62652949186003,-22.21479569488461,0.09042830489217862,22.21497974439296,0.9815142106442101,1.0,0.8650917628650054
1781432622.0,41040.0,2026-06-14T10:23:42+00:00,0.0142592592592592,800000.0,10.173551252668362,35.18971245758366,36.630820464986705,-22.524349476790945,0.0775010146856503,22.524482807822466,0.9877254846164408,1.0000000000000002,0.8610055814896879
1781432682.0,41100.0,2026-06-14T10:24:42+00:00,0.0149537037037037,800000.0,10.09553631059711,35.21579184358312,36.63429880002018,-22.76644765981802,0.06335587568821716,22.76653581496793,0.9927294575413349,1.0,0.857754004292623
1781432742.0,41160.0,2026-06-14T10:25:42+00:00,0.0156481481481481,800000.0,10.04029782945,35.23447521658733,36.637082638937905,-22.94288572223707,0.04876604079582195,22.94293754928441,0.9964625185155493,1.0,0.8553495392284696
1781432802.0,41220.0,2026-06-14T10:26:42+00:00,0.0163425925925925,800000.0,10.006302772272084,35.24652198745568,36.639369636807025,-23.0552591046845,0.03326723144174912,23.055283105891917,0.9988777264499422,1.0,0.8538004522748024
1781432862.0,41280.0,2026-06-14T10:27:42+00:00,0.017037037037037,800000.0,9.992366528546224,35.25202413553404,36.64085963092413,-23.104216133128812,0.017719441585236397,23.104222927961455,0.9999449452762074,1.0000000000000002,0.853111659712801
1781432922.0,41340.0,2026-06-14T10:28:42+00:00,0.0177314814814814,800000.0,9.998202278017088,35.25065184670941,36.641131320007894,-23.090079150108135,0.001643948469106371,23.09007920863038,0.9996509274551504,1.0,0.8532852973310868
1781432982.0,41400.0,2026-06-14T10:29:42+00:00,0.0184259259259259,800000.0,10.02385727678892,35.243104322739526,36.64088040712089,-23.01291174887881,-0.013410371864293058,23.012915656208317,0.9979993442072743,1.0,0.8543209692083534
1781433042.0,41460.0,2026-06-14T10:30:42+00:00,0.0191203703703703,800000.0,10.070280099575584,35.228727963098336,36.639784595189624,-22.872094613826164,-0.028793103775412998,22.87211273727551,0.9950107715920762,1.0000000000000002,0.85621567898734
1781433102.0,41520.0,2026-06-14T10:31:42+00:00,0.0198148148148148,800000.0,10.138661792151034,35.207087977222585,36.637842550722254,-22.66632262863929,-0.04306196297602233,22.666363533620054,0.9907226400643019,1.0000000000000002,0.8589634437937046
1781433162.0,41580.0,2026-06-14T10:32:42+00:00,0.0205092592592592,800000.0,10.231372062129063,35.1771056164641,36.634815869956064,-22.394107087575993,-0.05665839983908988,22.394178761992897,0.9851891295691486,1.0000000000000002,0.8625545849749774
1781433222.0,41640.0,2026-06-14T10:33:42+00:00,0.0212037037037037,800000.0,10.351129666245823,35.13822666904539,36.63114602101123,-22.053398348926358,-0.06868277159880642,22.05350530096162,0.9784810071110117,1.0000000000000002,0.8669746951748399
1781433282.0,41700.0,2026-06-14T10:34:42+00:00,0.0218981481481481,800000.0,10.50186790109898,35.08905874996277,36.62692006394302,-21.641803983046085,-0.08001582657118922,21.641951903030634,0.9706853952628909,1.0000000000000002,0.8722032790236376
1781433342.0,41760.0,2026-06-14T10:35:42+00:00,0.0225925925925925,800000.0,10.688393987295411,35.02699222731525,36.621468437517024,-21.156090163314094,-0.08932943733320486,21.15627875470187,0.9619054433289271,0.9999999999999999,0.8782120708183676
1781433402.0,41820.0,2026-06-14T10:36:42+00:00,0.023287037037037,800000.0,10.91739375280501,34.95070288051581,36.616131939295315,-20.593813766481848,-0.09744183792358363,20.59404429344356,0.9522598805986052,1.0,0.8849630519120318
1781433462.0,41880.0,2026-06-14T10:37:42+00:00,0.0239814814814814,800000.0,11.196420388216078,34.85566847625909,36.6097999781007,-19.95075873669722,-0.103673134536649,19.95102810104595,0.9418824153350861,1.0,0.8924062089519276
1781433522.0,41940.0,2026-06-14T10:38:42+00:00,0.0246759259259259,800000.0,11.535975063794124,34.73800430476738,36.6033832282006,-19.223860111357602,-0.10803306253505951,19.22416366772939,0.930920927729558,1.0000000000000002,0.9004771086349826
1781433582.0,42000.0,2026-06-14T10:39:42+00:00,0.0253703703703703,800000.0,11.949087989286705,34.59069872539413,36.596408868722335,-18.409398028447377,-0.1102353712775947,18.409728069878785,0.9195364197119374,1.0000000000000002,0.9090944174194184
1781433642.0,42060.0,2026-06-14T10:40:42+00:00,0.0260648148148148,800000.0,12.452656886099083,34.40528215900599,36.58950811316991,-17.504204255898483,-0.1105315289015335,17.50455323197641,0.9079016613287635,1.0,0.918157549707742
1781433702.0,42120.0,2026-06-14T10:41:42+00:00,0.0267592592592592,800000.0,13.068388719314813,34.16820841821263,36.58208919990124,-16.505061089028047,-0.10888871419255958,16.505420270463464,0.8961994652989487,1.0,0.9275446976189834
1781433762.0,42180.0,2026-06-14T10:42:42+00:00,0.0274537037037037,800000.0,13.82529342295715,33.86095359053066,36.57462120502321,-15.410028658465974,-0.10515964669746275,15.410387464500564,0.8846204748824471,1.0,0.9371115632804031
1781433822.0,42240.0,2026-06-14T10:43:42+00:00,0.0281481481481481,800000.0,14.761932036588352,33.454970487222454,36.56705741174396,-14.218212337124886,-0.09946680161533202,14.218560254406698,0.87336041470838,1.0,0.9466911926102579
1781433882.0,42300.0,2026-06-14T10:44:42+00:00,0.0288425925925925,800000.0,15.929545399576288,32.90723454264401,36.560039686545,-12.92980135315173,-0.09184115377349505,12.930127525646865,0.8626168288055795,1.0,0.9560953460131305
1781433942.0,42360.0,2026-06-14T10:45:42+00:00,0.029537037037037,800000.0,17.396781655633305,32.14683041276762,36.55224640922936,-11.546963561560363,-0.08356157223444363,11.547265911390326,0.8525852692674039,1.0000000000000002,0.9651178017744525
1781434002.0,42420.0,2026-06-14T10:46:42+00:00,0.0302314814814814,800000.0,19.254035894206385,31.061774377403783,36.545201130765804,-10.073854075104407,-0.0720489873762975,10.074111721788656,0.8434549483762545,1.0,0.9735398916157787
1781434062.0,42480.0,2026-06-14T10:47:42+00:00,0.0309259259259259,800000.0,21.61259069173122,29.46085534875193,36.53828231168499,-8.517102140124535,-0.06061844608146572,8.517317856069438,0.8354039581111322,1.0000000000000002,0.9811383717759168
1781434122.0,42540.0,2026-06-14T10:48:42+00:00,0.0316203703703703,800000.0,24.58408792026888,27.02239958863915,36.532005945466445,-6.885611321978536,-0.047039235727821954,6.885771994994959,0.8285942243179963,1.0,0.9876954290080585
1781434182.0,42600.0,2026-06-14T10:49:42+00:00,0.0323148148148148,800000.0,-11.685785692268192,-34.60526115959183,36.52508298647896,-5.191338471882285,-0.03295389624800554,5.191443064208932,0.8231663797420152,1.0,0.993010244323262
1781434242.0,42660.0,2026-06-14T10:50:42+00:00,0.0330092592592592,800000.0,-11.247139609110318,-34.74488256157758,36.519926254096355,-3.44767837969054,-0.017439244252999975,3.4477224855004938,0.8192349334228017,1.0,0.9969111548567903
1781434302.0,42720.0,2026-06-14T10:51:42+00:00,0.0337037037037037,800000.0,-10.852925072398213,-34.86362893861289,36.51381389825467,-1.670887757128947,-0.0023401602823600043,1.6708893958827886,0.8168841156009021,1.0000000000000002,0.9992671369749959
1781434362.0,42780.0,2026-06-14T10:52:42+00:00,0.0343981481481481,800000.0,-10.50070033400542,-34.96564496503121,36.508369387377385,0.12220001488821675,0.013931594426267662,0.12299159711922765,0.8161646726890592,1.0000000000000002,0.9999972169436361
1781434422.0,42840.0,2026-06-14T10:53:42+00:00,0.0350925925925925,800000.0,-10.189466900395772,-35.05207479581609,36.503057176156446,1.9128417397534723,0.029491537943623913,1.9130690714538696,0.8170917952100571,1.0000000000000002,0.9990765512303041
1781434482.0,42900.0,2026-06-14T10:54:42+00:00,0.035787037037037,800000.0,-9.91739062970117,-35.12566197922707,36.498859795629265,3.684464538501133,0.04534888273497614,3.6847436079919698,0.8196444972109388,1.0000000000000002,0.9965383092649734
1781434542.0,42960.0,2026-06-14T10:55:42+00:00,0.0364814814814814,800000.0,-9.685367875443635,-35.185706444631464,36.49438708747491,5.418349143723284,0.059605040240291174,5.418676979125891,0.8237665158687041,1.0000000000000002,0.9924710813758709
1781434602.0,43020.0,2026-06-14T10:56:42+00:00,0.0371759259259259,800000.0,23.5706056840239,-27.85668715596437,36.49066280046185,7.100494691391836,0.07399051826793013,7.1008801890524245,0.8293685823590595,1.0,0.9870121949095823
1781434662.0,43080.0,2026-06-14T10:57:42+00:00,0.0378703703703703,800000.0,20.79587151927557,-29.980088798232803,36.48662764076917,8.716137134410323,0.08687077164586665,8.716570029364357,0.8363318320917863,1.0,0.9803378813778559
1781434722.0,43140.0,2026-06-14T10:58:42+00:00,0.0385648148148148,800000.0,18.60406244855794,-31.38465842923192,36.484351773183555,10.255673980592924,0.09851382590553931,10.2561471211223,0.8445122755929491,1.0000000000000002,0.9726516029182607
1781434782.0,43200.0,2026-06-14T10:59:42+00:00,0.0392592592592592,800000.0,16.8765851943203,-32.34295414687688,36.48130768994076,11.70904109007137,0.10848387827076506,11.709543629058496,0.8537456829622617,1.0,0.9641719289490236
1781434842.0,43260.0,2026-06-14T11:00:42+00:00,0.0399537037037037,800000.0,15.509373627080494,-33.01823883934202,36.47937453351159,13.07147010749522,0.1171466466550912,13.07199503166841,0.8638526337182153,1.0,0.9551211825935292
1781434902.0,43320.0,2026-06-14T11:01:42+00:00,0.0406481481481481,800000.0,14.418282668192846,-33.50713807586084,36.4775982917559,14.338571930254043,0.12381097695242853,14.339106462994236,0.8746435352386178,1.0,0.9457157627181478
1781434962.0,43380.0,2026-06-14T11:02:42+00:00,0.0413425925925925,800000.0,13.540666397368454,-33.86997997517631,36.47636481344691,15.508896125147569,0.12860397029069784,15.509429325471386,0.8859233320144088,1.0,0.9361586544797302
1781435022.0,43440.0,2026-06-14T11:03:42+00:00,0.042037037037037,800000.0,12.82949587610779,-34.14458434722931,36.47531500453593,16.582373748199416,0.1314645915703476,16.58289486379896,0.8974957506608301,1.0000000000000002,0.9266342740568998
1781435082.0,43500.0,2026-06-14T11:04:42+00:00,0.0427314814814814,800000.0,12.249716868473875,-34.35621225314221,36.47471567731176,17.560480514084702,0.13224951906229881,17.560978498387858,0.9091670034152725,1.0,0.9173055069341296
1781435142.0,43560.0,2026-06-14T11:05:42+00:00,0.0434259259259259,800000.0,11.77474952325718,-34.52137223778293,36.47423566731749,18.445487271992175,0.13110967735190188,18.4459532268929,0.9207489211433779,1.0000000000000002,0.9083126135734931
1781435202.0,43620.0,2026-06-14T11:06:42+00:00,0.0441203703703703,800000.0,11.3844348898212,-34.651734673276785,36.47393690880861,19.240512282406836,0.1278148838253107,19.240936815393777,0.9320615346506901,1.0,0.8997735896737029
1781435262.0,43680.0,2026-06-14T11:07:42+00:00,0.0448148148148148,800000.0,11.063216706571849,-34.755418898563185,36.473742702266975,19.949020117241343,0.12261370141362415,19.949396927172362,0.9429351501054902,1.0,0.891785558875533
1781435322.0,43740.0,2026-06-14T11:08:42+00:00,0.0455092592592592,800000.0,10.798994783588157,-34.83836853606054,36.473692033989884,20.57467466429101,0.115391589741628,20.574998244481126,0.953211986494362,1.0,0.8844268177105339
1781435382.0,43800.0,2026-06-14T11:09:42+00:00,0.0462037037037037,800000.0,10.582270245931165,-34.90479120308517,36.473673964777554,21.121068231927058,0.10638558334142956,21.12133615920312,0.9627474462708836,1.0000000000000002,0.8777592180021164
1781435442.0,43860.0,2026-06-14T11:10:42+00:00,0.0468981481481481,800000.0,10.405623571872724,-34.95779690578047,36.47361466081073,21.59169359597609,0.09541017164461818,21.591904395938958,0.9714110806869241,1.0,0.871830643024893
1781435502.0,43920.0,2026-06-14T11:11:42+00:00,0.0475925925925925,800000.0,10.263173808218529,-34.99983425837083,36.47356761726403,21.989782520045104,0.08324925508129383,21.98994010263222,0.9790873125271653,1.0,0.8666774038030548
1781435562.0,43980.0,2026-06-14T11:12:42+00:00,0.048287037037037,800000.0,10.150420181324517,-35.032735718304835,36.47360143673821,22.318324448692564,0.06939594374887031,22.31843233728832,0.9856759753451565,1.0000000000000002,0.862326442751279
1781435622.0,44040.0,2026-06-14T11:13:42+00:00,0.0489814814814814,800000.0,10.06375681222362,-35.057842446269945,36.47370995886028,22.579759208524774,0.054660333316585985,22.5798253683902,0.9910927044966615,1.0,0.8587972722627146
1781435682.0,44100.0,2026-06-14T11:14:42+00:00,0.0496759259259259,800000.0,10.000439765405094,-35.075623425417035,36.47338967224132,22.775874995890977,0.03873302154150049,22.77590793086874,0.9952692200381493,1.0,0.8561036113185319
1781435742.0,44160.0,2026-06-14T11:15:42+00:00,0.0503703703703703,800000.0,9.95877703923104,-35.087396456554266,36.473313946178955,22.908698395284073,0.022424872279957625,22.908709370913673,0.998153523330699,1.0,0.8542547032154033
1781435802.0,44220.0,2026-06-14T11:16:42+00:00,0.0510648148148148,800000.0,9.93741463098072,-35.093209520091584,36.4730799901664,22.97906847591452,0.005362091237265804,22.979069101527827,0.9997100237929197,1.0000000000000002,0.8532563093326669
1781435862.0,44280.0,2026-06-14T11:17:42+00:00,0.0517592592592592,800000.0,9.935623576464552,-35.09339767099362,36.47277307729286,22.987526216209055,-0.011502705692594088,22.987529094122685,0.9999196212654797,1.0,0.8531113841679658
1781435922.0,44340.0,2026-06-14T11:18:42+00:00,0.0524537037037037,800000.0,9.953586254654416,-35.08816304493756,36.472634470202,22.934429379082413,-0.028558587261259122,22.934447160047807,0.9987797514872818,1.0,0.8538204362815806
1781435982.0,44400.0,2026-06-14T11:19:42+00:00,0.0531481481481481,800000.0,9.99153756185035,-35.07679408443495,36.472075703087114,22.818856164706588,-0.044960770140774486,22.818900458532607,0.9963043911447815,1.0000000000000002,0.8553815767481122
1781436042.0,44460.0,2026-06-14T11:20:42+00:00,0.0538425925925925,800000.0,10.050995838889436,-35.059593304858254,36.471874095738954,22.640480291404163,-0.06090504025800359,22.640562211424637,0.9925240256964825,1.0000000000000002,0.8577902565394436
1781436102.0,44520.0,2026-06-14T11:21:42+00:00,0.054537037037037,800000.0,10.133454543705714,-35.03555336231935,36.4715903189493,22.397431235373563,-0.07568911385519211,22.397559125611064,0.9874855829385559,1.0000000000000002,0.8610386902586562
1781436162.0,44580.0,2026-06-14T11:22:42+00:00,0.0552314814814814,800000.0,10.241673621870312,-35.00372184558214,36.471254730538114,22.087981992557243,-0.08938443534923263,22.088162849834653,0.9812523109544108,1.0,0.8651149587836295
1781436222.0,44640.0,2026-06-14T11:23:42+00:00,0.0559259259259259,800000.0,10.37896181780058,-34.96293427816055,36.470942156110205,21.70971914505397,-0.10170306920615768,21.70995736687221,0.9739036026635636,1.0,0.8700017925960759
1781436282.0,44700.0,2026-06-14T11:24:42+00:00,0.0566203703703703,800000.0,10.54982414566881,-34.91148199460628,36.470678147852624,21.259944213048858,-0.11244405908015453,21.26024156984986,0.9655347514832902,1.0,0.8756750350843483
1781436342.0,44760.0,2026-06-14T11:25:42+00:00,0.0573148148148148,800000.0,10.759782892925688,-34.84702868181144,36.47037614083361,20.735375472389077,-0.12150976930550117,20.735731494331016,0.9562565914115576,1.0,0.8821017916708054
1781436402.0,44820.0,2026-06-14T11:26:42+00:00,0.0580092592592592,800000.0,11.016209286195288,-34.766634369531225,36.470203350432875,20.132790228600445,-0.12854218439888265,20.13320057720579,0.9461950012620193,1.0,0.8892382991370028
1781436462.0,44880.0,2026-06-14T11:27:42+00:00,0.0587037037037037,800000.0,11.328116177525606,-34.66611862406764,36.470069873657316,19.44842639790345,-0.13376337037270397,19.448886394699343,0.9354902513986054,1.0,0.8970275777357501
1781436522.0,44940.0,2026-06-14T11:28:42+00:00,0.0593981481481481,800000.0,11.707255535413362,-34.53997201854721,36.470117894153994,18.67871398542809,-0.1370257727967969,18.679216584531524,0.9242961237119078,1.0,0.9053969600945945
1781436582.0,45000.0,2026-06-14T11:29:42+00:00,0.0600925925925925,800000.0,12.1686383954736,-34.38042754588298,36.4703929048962,17.820104422494587,-0.13828289858196535,17.820640947750768,0.9127787477294557,1.0,0.9142556516958402
1781436642.0,45060.0,2026-06-14T11:30:42+00:00,0.060787037037037,800000.0,12.731754949954771,-34.17646063298659,36.470920546426846,16.869400981861002,-0.13749016192110747,16.869961263483624,0.9011150887529871,1.0,0.9234925427653252
1781436702.0,45120.0,2026-06-14T11:31:42+00:00,0.0614814814814814,800000.0,13.422124127082164,-33.91229264629517,36.47186598750832,15.824013111666916,-0.13474538284269116,15.824586796387573,0.8894910126635879,1.0,0.932974563136711
1781436762.0,45180.0,2026-06-14T11:32:42+00:00,0.0621759259259259,800000.0,14.273513357200647,-33.56423363978843,36.473154009277714,14.682217643509214,-0.1299923054711634,14.682793090241889,0.8780988676824486,1.0,0.9425459448553666
1781436822.0,45240.0,2026-06-14T11:33:42+00:00,0.0628703703703703,800000.0,15.330992352040369,-33.096489416841564,36.47488092122339,13.443543830583213,-0.12336268731588024,13.444109828375911,0.8671345305073325,1.0,0.9520288058203383
1781436882.0,45300.0,2026-06-14T11:34:42+00:00,0.0635648148148148,800000.0,16.6550228681666,-32.45280269451849,36.47703646773541,12.109180212211198,-0.11479120036021702,12.109724292133466,0.8567938793008989,1.0,0.9612254760118113
1781436942.0,45360.0,2026-06-14T11:35:42+00:00,0.0642592592592592,800000.0,18.325789574539925,-31.54248845019064,36.47962638460989,10.68209732576367,-0.1046790674281424,10.682610213999432,0.8472687060004882,1.0,0.9699229319720206
1781437002.0,45420.0,2026-06-14T11:36:42+00:00,0.0649537037037037,800000.0,20.446157395709577,-30.214951400452428,36.482717009315955,9.16766723076615,-0.09316368272419565,9.168140592608855,0.8387421401869243,1.0,0.977899551882401
1781437062.0,45480.0,2026-06-14T11:37:42+00:00,0.0656481481481481,800000.0,23.13291862596512,-28.215454098004862,36.48621348005495,7.573615268990474,-0.08027010996585121,7.574040634512042,0.8313837198839359,1.0000000000000002,0.9849341442350045
1781437122.0,45540.0,2026-06-14T11:38:42+00:00,0.0663425925925925,800000.0,-4.0490439446844855,36.26494028139314,36.49028158947252,5.910240025041171,-0.06626643940853813,5.910611507669113,0.8253442767881213,1.0000000000000002,0.9908168572858435
1781437182.0,45600.0,2026-06-14T11:39:42+00:00,0.067037037037037,800000.0,-3.697164984310927,36.30706415348399,36.49482067864449,4.190359299912219,-0.05140902268497019,4.190674641388215,0.8207509172372379,1.0000000000000002,0.9953611907006326
1781437242.0,45660.0,2026-06-14T11:40:42+00:00,0.0677314814814814,800000.0,-3.361517884442588,36.344534075420846,36.49965697985194,2.4288370088561173,-0.03595064961114461,2.429103057673057,0.817702466357372,1.0000000000000002,0.9984159695205168
1781437302.0,45720.0,2026-06-14T11:41:42+00:00,0.0684259259259259,800000.0,-3.040283499812276,36.37819002405,36.50501380886086,0.6423682039562006,-0.020040838046313306,0.6426807486174715,0.8162657105193417,1.0000000000000002,0.9998759145787933
1781437362.0,45780.0,2026-06-14T11:42:42+00:00,0.0691203703703703,800000.0,-2.084313134932014,27.687650563761604,27.76599277867475,-0.868865714802757,-0.00958510688066138,0.868918583432084,0.8164727429782572,1.0000000000000002,0.9996894510288566
1781437422.0,45840.0,2026-06-14T11:43:42+00:00,0.0698148148148148,800000.0,-1.858448306091548,27.70807126881176,27.77032667333905,-2.2249817571917143,0.0027108763727335533,2.224983408631767,0.8183196466008299,1.0,0.997862670195315
1781437482.0,45900.0,2026-06-14T11:44:42+00:00,0.0705092592592592,800000.0,-1.640523531364111,27.72657588009258,27.775066651432017,-3.5596988607748106,0.014866678769808322,3.559729905138749,0.8217666409145503,1.0,0.9944588700353327
1781437542.0,45960.0,2026-06-14T11:45:42+00:00,0.0712037037037037,800000.0,-1.4297348806992818,27.74314336261143,27.77995942163161,-4.860660588689812,0.026029606430462426,4.860730284520353,0.8267396676932834,1.0,0.9895937430304076
1781437602.0,46020.0,2026-06-14T11:46:42+00:00,0.0718981481481481,800000.0,16.722610071426203,22.190036662473137,27.785669232229534,-6.116718062080462,0.03684839680230423,6.116829052321822,0.8331332638853107,1.0,0.9834269064877839
1781437662.0,46080.0,2026-06-14T11:47:42+00:00,0.0725925925925926,800000.0,14.86832253980257,23.478300305348007,27.79024289882522,-7.3185105990451715,0.046015703309946615,7.318655261268127,0.8408144754349194,1.0,0.9761509365408972
1781437722.0,46140.0,2026-06-14T11:48:42+00:00,0.073287037037037,800000.0,13.40820559396884,24.34903818439988,27.796683934518175,-8.458443530884253,0.05561893403998937,8.458626391500065,0.8496275253617775,1.0,0.9679792862621032
1781437782.0,46200.0,2026-06-14T11:49:42+00:00,0.0739814814814814,800000.0,12.2554767099862,24.95493117407743,27.801893807651947,-9.53125127475383,0.06250139334989899,9.531456199693055,0.8593988518640491,1.0,0.9591344198337229
1781437842.0,46260.0,2026-06-14T11:50:42+00:00,0.0746759259259259,800000.0,11.339648969796528,25.39207179798656,27.80908033273146,-10.533301436213614,0.06949211863019497,10.533530666433336,0.8699421303514929,1.0000000000000002,0.9498372277894176
1781437902.0,46320.0,2026-06-14T11:51:42+00:00,0.0753703703703703,800000.0,10.604934076947826,25.71200704641772,27.813161149560898,-11.461332222018441,0.07322779090843672,11.461566150087846,0.8810632434087402,1.0000000000000002,0.9402984473329352
1781437962.0,46380.0,2026-06-14T11:52:42+00:00,0.0760648148148148,800000.0,10.011908397126613,25.95528333721843,27.819328584057217,-12.315886298671646,0.07782133672245936,12.316132164046358,0.8925648395345552,1.0000000000000002,0.9307123948324016
1781438022.0,46440.0,2026-06-14T11:53:42+00:00,0.0767592592592592,800000.0,9.530215045362064,26.141373405339223,27.824385030548697,-13.097389475536263,0.07883933806846738,13.09762675888709,0.9042502678857459,1.0000000000000002,0.9212529746039735
1781438082.0,46500.0,2026-06-14T11:54:42+00:00,0.0774537037037037,800000.0,9.136726996080087,26.28856411462404,27.83106867171287,-13.80735153299067,0.07916546014017312,13.807578481604189,0.9159269996698434,1.0000000000000002,0.9120717326793906
1781438142.0,46560.0,2026-06-14T11:55:42+00:00,0.0781481481481481,800000.0,8.813738327896827,26.403182835257493,27.83540995107982,-14.446774958903239,0.07679915823829708,14.446979089896262,0.9274095117098347,1.0,0.9032975787272205
1781438202.0,46620.0,2026-06-14T11:56:42+00:00,0.0788425925925925,800000.0,8.548144188060252,26.496165614255275,27.84093319768416,-15.0190057570969,0.07441067314695793,15.019190087351182,0.9385216191256398,1.0000000000000002,0.895037731017545
1781438262.0,46680.0,2026-06-14T11:57:42+00:00,0.079537037037037,800000.0,8.329993620074935,26.570754254017217,27.84589332985859,-15.526646055747223,0.06941446902466869,15.526801219470828,0.9490984079616624,1.0,0.8873795033911585
1781438322.0,46740.0,2026-06-14T11:58:42+00:00,0.0802314814814814,800000.0,8.150800114565477,26.631092030906693,27.850504578305628,-15.972082669132522,0.06353479915374965,15.972209035080494,0.9589877327713657,1.0000000000000002,0.8803925703217148
1781438382.0,46800.0,2026-06-14T11:59:42+00:00,0.0809259259259259,800000.0,8.004585444608653,26.67996328989279,27.854870835996845,-16.358312138298135,0.05608050370772444,16.358408267215005,0.9680513473882044,0.9999999999999999,0.8741314257599856
1781438442.0,46860.0,2026-06-14T12:00:42+00:00,0.0816203703703703,800000.0,7.886207277623712,26.719202611849383,27.858715933055926,-16.687602534042778,0.04759167422820787,16.68767039768124,0.9761657706040647,1.0,0.8686378363730789
1781438502.0,46920.0,2026-06-14T12:01:42+00:00,0.0823148148148148,800000.0,7.791846823047586,26.750373945771887,27.862077868537877,-16.962309131257133,0.037961710508382374,16.96235161042813,0.983222946454656,1.0000000000000002,0.8639431490301029
1781438562.0,46980.0,2026-06-14T12:02:42+00:00,0.0830092592592592,800000.0,7.718492917616186,26.774472944779497,27.864808170701995,-17.184383539204802,0.027515391956612345,17.184405567818967,0.9891307316558202,1.0000000000000002,0.8600703582655127
1781438622.0,47040.0,2026-06-14T12:03:42+00:00,0.0837037037037037,800000.0,7.663861655050217,26.79255564771384,27.867109889681632,-17.355596670950728,0.016228856673582565,17.355604258581863,0.993813253651836,1.0,0.8570358830350677
1781438682.0,47100.0,2026-06-14T12:04:42+00:00,0.0843981481481481,800000.0,7.626264032467335,26.805064192630585,27.868824328700185,-17.477216658478422,0.004486711809400384,17.4772172343877,0.9972111705615992,1.0000000000000002,0.8548510280001045
1781438742.0,47160.0,2026-06-14T12:05:42+00:00,0.0850925925925926,800000.0,7.604538610310822,26.812352932913747,27.86989912566668,-17.550176108424342,-0.0075332602906290356,17.550177725217463,0.9992818530955732,1.0000000000000002,0.853523118646801
1781438802.0,47220.0,2026-06-14T12:06:42+00:00,0.085787037037037,800000.0,7.598041724167065,26.814601800144583,27.87029077247851,-17.57505720607655,-0.019674024034836198,17.575068217907006,0.9999995044452815,1.0,0.8530563103912452
1781438862.0,47280.0,2026-06-14T12:07:42+00:00,0.0864814814814814,800000.0,7.6065683127567505,26.81187574157478,27.869993941123873,-17.552056860634163,-0.031775718571643366,17.552085623515673,0.9993552227608569,1.0000000000000002,0.8534520739807954
1781438922.0,47340.0,2026-06-14T12:08:42+00:00,0.0871759259259259,800000.0,7.630364581356827,26.804112355830306,27.869031250267735,-17.480997847427936,-0.043613908517971395,17.48105225422075,0.9973570220712362,1.0,0.8547093620653465
1781438982.0,47400.0,2026-06-14T12:09:42+00:00,0.0878703703703703,800000.0,7.67017019338112,26.791027360383744,27.867376227773267,-17.361324984645687,-0.055011912579986944,17.361412141096363,0.9940298114491641,1.0000000000000002,0.8568244586308449
1781439042.0,47460.0,2026-06-14T12:10:42+00:00,0.0885648148148148,800000.0,7.727182078854208,26.772202491941524,27.86503488512594,-17.192091235389874,-0.06577738862060534,17.192217067929985,0.9894153247003835,1.0000000000000002,0.8597905101158204
1781439102.0,47520.0,2026-06-14T12:11:42+00:00,0.0892592592592592,800000.0,7.80313023379451,26.746986427651787,27.86198349734898,-16.97196349650066,-0.07578247146794836,16.97213268595119,0.9835720094161504,1.0,0.8635967358300376
1781439162.0,47580.0,2026-06-14T12:12:42+00:00,0.0899537037037037,800000.0,7.900416257198802,26.714630223725518,27.85835682568877,-16.699360882132208,-0.08496307297096384,16.69957701845936,0.9765748449820721,1.0,0.868227309345805
1781439222.0,47640.0,2026-06-14T12:13:42+00:00,0.0906481481481481,800000.0,8.022148050632321,26.674048625291235,27.854258730231276,-16.372340550766936,-0.0930972141534217,16.372605235623638,0.9685150784527254,1.0000000000000002,0.8736599154218831
1781439282.0,47700.0,2026-06-14T12:14:42+00:00,0.0913425925925925,800000.0,8.172265370939108,26.6237035889732,27.849730951780394,-15.988600979973862,-0.10005270982437642,15.988914029463176,0.9594998833667856,1.0000000000000002,0.879863992822614
1781439342.0,47760.0,2026-06-14T12:15:42+00:00,0.092037037037037,800000.0,8.35590347550431,26.561543891414694,27.844869128575453,-15.545704819996292,-0.10567694926903348,15.546064002443279,0.9496518850061998,1.0,0.8867986789274661
1781439402.0,47820.0,2026-06-14T12:16:42+00:00,0.0927314814814814,800000.0,8.579508739002078,26.48476769144929,27.839735808240874,-15.04097319284181,-0.10984957398256445,15.041374322736939,0.939108512887621,1.0000000000000002,0.8944105097790833
1781439462.0,47880.0,2026-06-14T12:17:42+00:00,0.0934259259259259,800000.0,8.851322553900875,26.38952579589733,27.83438489863796,-14.471663414115875,-0.11245147232024993,14.472100307318456,0.9280211498462404,1.0000000000000002,0.9026309660952052
1781439522.0,47940.0,2026-06-14T12:18:42+00:00,0.0941203703703703,800000.0,9.181918713631374,26.270416919617208,27.8288058743857,-13.835071077644827,-0.11342930143818597,13.835536055025448,0.9165540090304202,1.0000000000000002,0.9113740005948971
1781439582.0,48000.0,2026-06-14T12:19:42+00:00,0.0948148148148148,800000.0,9.584989267896662,26.11991824200756,27.823050663700656,-13.128733246313002,-0.11280566477893703,13.129217865922195,0.904882672518036,1.0,0.9205337509375922
1781439642.0,48060.0,2026-06-14T12:20:42+00:00,0.0955092592592592,800000.0,10.078429588376691,25.92723420157959,27.81719281867646,-12.350605721882024,-0.11059241832196809,12.35110085702385,0.8931922229315753,1.0,0.9299827124795206
1781439702.0,48120.0,2026-06-14T12:21:42+00:00,0.0962037037037037,800000.0,10.6858523756261,25.67645181134086,27.81128581374445,-11.499272717469358,-0.10681152309267726,11.499768768640546,0.8816749082143528,1.0,0.9395707176798223
1781439762.0,48180.0,2026-06-14T12:22:42+00:00,0.0968981481481481,800000.0,11.43866911110607,25.343534710810957,27.805357445489744,-10.574170129879708,-0.10150821208652737,10.574657339732633,0.8705272940825896,1.0000000000000002,0.9491251270442117
1781439822.0,48240.0,2026-06-14T12:23:42+00:00,0.0975925925925925,800000.0,12.378954053659632,24.891166621776254,27.799436671552257,-9.575885749549064,-0.09480166998867424,9.576355008302976,0.8599468628647726,1.0,0.9584526572711678
1781439882.0,48300.0,2026-06-14T12:24:42+00:00,0.098287037037037,800000.0,13.56290040160346,24.25973416077705,27.793649793709864,-8.506444118913747,-0.08680482418299024,8.506887011457463,0.8501280403657019,1.0,0.9673432321042799
1781439942.0,48360.0,2026-06-14T12:25:42+00:00,0.0989814814814814,800000.0,15.063575603737442,23.35089563644483,27.78804845601166,-7.369507779966668,-0.07755800733024315,7.369915885781213,0.8412576980728677,1.0,0.9755761191985478
1781440002.0,48420.0,2026-06-14T12:26:42+00:00,0.0996759259259259,800000.0,16.968207152272647,21.99892538804506,27.782598370044692,-6.170528357624031,-0.06718600060066096,6.170894114382374,0.8335102706980135,1.0,0.9829283878571531
1781440062.0,48480.0,2026-06-14T12:27:42+00:00,0.1003703703703703,800000.0,2.7833885903233,-27.637442135743218,27.777247161144253,-4.916890008760822,-0.05590558895326114,4.917207824886823,0.8270426801784229,1.0,0.9891853944250794
1781440122.0,48540.0,2026-06-14T12:28:42+00:00,0.1010648148148148,800000.0,2.980270546397932,-27.61174330795001,27.772115170325957,-3.6179090609249,-0.04396498876155071,3.618176183294464,0.8219892635553652,1.0,0.9941526129162304
1781440182.0,48600.0,2026-06-14T12:29:42+00:00,0.1017592592592592,800000.0,3.190121577301905,-27.583359364413603,27.767221494134965,-2.2845745153819075,-0.03151810034913993,2.284791917655106,0.818457087609638,1.0000000000000002,0.9976677551635396
1781440242.0,48660.0,2026-06-14T12:30:42+00:00,0.1024537037037037,800000.0,3.413431930425321,-27.551960945287423,27.76260199394665,-0.929257188866014,-0.018799989248032348,0.9294473425939164,0.8165219912535303,1.0,0.9996118537781846
1781440302.0,48720.0,2026-06-14T12:31:42+00:00,0.1031481481481481,800000.0,3.65093029979957,-27.517200480406185,27.758343148193497,0.4347470606031131,-0.005975958896155785,0.4347881309186986,0.8162256440947833,1.0,0.9999179239460217
1781440362.0,48780.0,2026-06-14T12:32:42+00:00,0.1038425925925926,800000.0,3.903614415519925,-27.478545149301763,27.75443476324586,1.7937832920557333,0.006747557706574328,1.7937959829348786,0.8175738939634477,1.0,0.9985760231348089
1781440422.0,48840.0,2026-06-14T12:33:42+00:00,0.104537037037037,800000.0,4.172805107880645,-27.435411493501583,27.75092982741504,3.134407086610221,0.019186992653443258,3.1344658117898585,0.8205365574937427,1.0,0.99563398190585
1781440482.0,48900.0,2026-06-14T12:34:42+00:00,0.1052314814814814,800000.0,4.460184100895817,-27.386995612472493,27.747806596044153,4.443938659422162,0.03117252374812904,4.444047989721047,0.8250486603900171,1.0,0.9911937002266988
1781440542.0,48960.0,2026-06-14T12:35:42+00:00,0.1059259259259259,800000.0,17.32989280235918,-21.667097245562605,27.745058795935666,5.710960033808432,0.04251604736170797,5.711118289970929,0.8310130266699312,1.0,0.9854035487126988
1781440602.0,49020.0,2026-06-14T12:36:42+00:00,0.1066203703703703,800000.0,15.340786233568988,-23.115266157138805,27.742661223816047,6.925688475062251,0.053028318212848397,6.92589148457746,0.838303993907951,1.0000000000000002,0.978447935517843
1781440662.0,49080.0,2026-06-14T12:37:42+00:00,0.1073148148148148,800000.0,13.772349342322572,-24.080370541426877,27.740617365505628,8.080197032064532,0.06253258043782364,8.080438998012465,0.8467719277909996,1.0000000000000002,0.9705353871734249
1781440722.0,49140.0,2026-06-14T12:38:42+00:00,0.1080092592592592,800000.0,12.535959501768788,-24.744632892525477,27.738910173542163,9.168479328075465,0.07087448713625044,9.168753262154782,0.8562481873857483,1.0000000000000002,0.9618865101170312
1781440782.0,49200.0,2026-06-14T12:39:42+00:00,0.1087037037037037,800000.0,11.555370795281029,-25.21595947958661,27.737541468064315,10.186417478911363,0.07791422992637315,10.186715451110626,0.8665502366351976,1.0,0.9527229916312312
1781440842.0,49260.0,2026-06-14T12:40:42+00:00,0.1093981481481481,800000.0,10.77144736352444,-25.55953370951072,27.736507382018964,11.131610939970871,0.08356052791797831,11.131924563196838,0.8774866140892708,1.0,0.9432584476639321
1781440902.0,49320.0,2026-06-14T12:41:42+00:00,0.1100925925925925,800000.0,10.13977351072183,-25.815854852662408,27.735777772084727,12.003132897080595,0.08775110120306781,12.003453653042559,0.8888615340935802,1.0,0.9336915302136539
1781440962.0,49380.0,2026-06-14T12:42:42+00:00,0.110787037037037,800000.0,9.62719484240398,-26.010844292654788,27.7353006356582,12.801271588467914,0.0904353269993094,12.801591027293652,0.9004789987526011,1.0,0.9242013572104415
1781441022.0,49440.0,2026-06-14T12:43:42+00:00,0.1114814814814814,800000.0,9.208851302947007,-26.161590841126685,27.73502799094157,13.52726940603989,0.09157014403305255,13.527579335374863,0.9121463560624681,1.0,0.9149450661181318
1781441082.0,49500.0,2026-06-14T12:44:42+00:00,0.1121759259259259,800000.0,8.865897169031665,-26.2796683716174,27.7349076496395,14.183032660907035,0.09112620421817125,14.183325401521707,0.9236772872341178,1.0,0.9060571338486566
1781441142.0,49560.0,2026-06-14T12:45:42+00:00,0.1128703703703703,800000.0,8.584049977461104,-26.373101565685445,27.734931047498748,14.771064067014526,0.0890984276977469,14.771332783525864,0.9348942561092269,1.0000000000000002,0.8976500430276959
1781441202.0,49620.0,2026-06-14T12:46:42+00:00,0.1135648148148148,800000.0,8.35218722263258,-26.44758364479981,27.735062863649492,15.294019504599456,0.08552481612739055,15.294258631958668,0.9456304670745351,1.0000000000000002,0.8898158780419076
1781441262.0,49680.0,2026-06-14T12:47:42+00:00,0.1142592592592592,800000.0,8.161672663237617,-26.507204019857923,27.73526213346851,15.754679140145107,0.08042042470368604,15.754884393534372,0.9557313992953669,1.0,0.8826284843206864
1781441322.0,49740.0,2026-06-14T12:48:42+00:00,0.1149537037037037,800000.0,8.005742134909966,-26.55499523434096,27.735530985119862,16.155804299772814,0.07385961819943665,16.155973131190777,0.9650559911933535,1.0000000000000002,0.8761458949235962
1781441382.0,49800.0,2026-06-14T12:49:42+00:00,0.1156481481481481,800000.0,7.879072613792836,-26.593195921244085,27.73585864110021,16.500010944208764,0.06595727920789496,16.500142772766832,0.9734775363711297,1.0000000000000002,0.8704128003316083
1781441442.0,49860.0,2026-06-14T12:50:42+00:00,0.1163425925925926,800000.0,7.777479875826679,-26.62346118464941,27.73621961748614,16.78969209159258,0.05684901693477573,16.78978833521176,0.9808843540641007,1.0,0.8654629050237491
1781441502.0,49920.0,2026-06-14T12:51:42+00:00,0.117037037037037,800000.0,7.697696222307942,-26.64704992633604,27.736614734094346,17.026975435573565,0.0466704242568966,17.02703939656351,0.9871802863549449,1.0,0.8613210688623938
1781441562.0,49980.0,2026-06-14T12:52:42+00:00,0.1177314814814814,800000.0,7.637178598313518,-26.66484515000282,27.73698728802692,17.21362647148279,0.03564596390654706,17.213663379259973,0.9922850559087493,1.0,0.8580051698363267
1781441622.0,50040.0,2026-06-14T12:53:42+00:00,0.1184259259259259,800000.0,7.594050941694747,-26.67751484931712,27.73732878704419,17.35110936999579,0.023845502174199146,17.351125755337307,0.9961345259949714,1.0,0.8555276591486716
1781441682.0,50100.0,2026-06-14T12:54:42+00:00,0.1191203703703703,800000.0,7.567023615716168,-26.68558746048155,27.737707628998766,17.440583526229375,0.011532951552692197,17.44058733943198,0.9986808880383575,1.0,0.8538967982447174
1781441742.0,50160.0,2026-06-14T12:55:42+00:00,0.1198148148148148,800000.0,7.555274831690513,-26.689282237680025,27.738059848246753,17.482755868847146,-0.00105551992540703,17.48275590071061,0.9998927777716766,1.0000000000000002,0.8531175724854432
1781441802.0,50220.0,2026-06-14T12:56:42+00:00,0.1205092592592592,800000.0,7.558444426185265,-26.68871138040923,27.738374092410613,17.47797090571348,-0.013740754396388555,17.477976307035615,0.9997553386582423,1.0000000000000002,0.853192284366489
1781441862.0,50280.0,2026-06-14T12:57:42+00:00,0.1212037037037037,800000.0,7.576613226862548,-26.683897136236784,27.73869921908261,17.426206897458304,-0.02635207888516053,17.4262268223814,0.9982702515802484,1.0000000000000002,0.8541208329903703
1781441922.0,50340.0,2026-06-14T12:58:42+00:00,0.1218981481481481,800000.0,7.610301000416608,-26.67468439694992,27.73906034806921,17.327036758805615,-0.03860747557397806,17.327079770641422,0.9954557335849294,1.0000000000000002,0.8559006830703613
1781441982.0,50400.0,2026-06-14T12:59:42+00:00,0.1225925925925925,800000.0,7.6605126579289,-26.660668213857434,27.739406695019216,17.179630809188414,-0.050299768286439506,17.179704444684297,0.9913465023683539,1.0000000000000002,0.8585265219172183
1781442042.0,50460.0,2026-06-14T13:00:42+00:00,0.123287037037037,800000.0,7.728749749579787,-26.641288286567743,27.739715468253117,16.98278314161728,-0.06125694013791538,16.982893618224047,0.9859936971001173,1.0000000000000002,0.8619896005651883
1781442102.0,50520.0,2026-06-14T13:01:42+00:00,0.1239814814814814,800000.0,7.817096833357175,-26.61575200269778,27.739957778828604,16.73492850275806,-0.07131071154819202,16.73508043631717,0.9794647463118493,1.0,0.8662767551536447
1781442162.0,50580.0,2026-06-14T13:02:42+00:00,0.1246759259259259,800000.0,7.928351919922656,-26.58301141983394,27.740138073073158,16.4342080488192,-0.08036780213116074,16.43440455798424,0.9718431720576574,1.0,0.871369105765352
1781442222.0,50640.0,2026-06-14T13:03:42+00:00,0.1253703703703703,800000.0,8.066113760561205,-26.54174089752609,27.74033527320324,16.078474903081588,-0.0882926254882857,16.078717324362042,0.9632283096866427,1.0000000000000002,0.8772404360954507
1781442282.0,50700.0,2026-06-14T13:04:42+00:00,0.1260648148148148,800000.0,8.234960120122606,-26.490104768675835,27.740587932403884,15.665290665980237,-0.09492964229769751,15.665578294037992,0.9537349241513724,1.0,0.883855269615884
1781442342.0,50760.0,2026-06-14T13:05:42+00:00,0.1267592592592592,800000.0,8.44069771913444,-26.425601128042896,27.740904328522227,15.191991914612693,-0.10021026073346068,15.192322417261085,0.943492683855731,1.0,0.8911666757969926
1781442402.0,50820.0,2026-06-14T13:06:42+00:00,0.1274537037037037,800000.0,8.69072496879397,-26.344816697802,27.74127011014467,14.65579451489337,-0.1039976169327761,14.656163494144922,0.9326454472681254,1.0000000000000002,0.8991138760702184
1781442462.0,50880.0,2026-06-14T13:07:42+00:00,0.1281481481481481,800000.0,8.994498981563545,-26.24313855436539,27.741725489106962,14.053915946514843,-0.10628652278883877,14.054317850989095,0.9213503182050237,1.0,0.9076197631876053
1781442522.0,50940.0,2026-06-14T13:08:42+00:00,0.1288425925925926,800000.0,9.364212752478991,-26.114128509249944,27.742317644193154,13.383709693055753,-0.10707098015969765,13.384137975334342,0.909776395592426,1.0,0.9165885005883767
1781442582.0,51000.0,2026-06-14T13:09:42+00:00,0.129537037037037,800000.0,9.815732650951594,-25.94862176221556,27.743099661600255,12.642843269212104,-0.1063437092316924,12.643290509766631,0.8981031495132562,1.0000000000000002,0.9259034411036842
1781442642.0,51060.0,2026-06-14T13:10:42+00:00,0.1302314814814814,800000.0,10.369885517459766,-25.73327663647169,27.744117432248615,11.829482834793668,-0.10410867394990059,11.829940944682253,0.8865183709936548,1.0,0.9354256792250685
1781442702.0,51120.0,2026-06-14T13:11:42+00:00,0.1309259259259259,800000.0,11.054299131488964,-25.448165226869406,27.74538957561207,10.942539954758901,-0.10039194982304656,10.943000466283651,0.8752156257471562,1.0000000000000002,0.9449936129578699
1781442762.0,51180.0,2026-06-14T13:12:42+00:00,0.1316203703703703,800000.0,11.90590806321958,-25.062750550044797,27.74692977508697,9.981935573754036,-0.09525246430186177,9.982390035984965,0.8643911550524045,1.0,0.9544239357249231
1781442822.0,51240.0,2026-06-14T13:13:42+00:00,0.1323148148148148,800000.0,12.974170427769934,-24.528830841446087,27.748741245993422,8.948868085195038,-0.0887877386316873,8.949308535789434,0.8542402105445466,1.0,0.9635144751431759
1781442882.0,51300.0,2026-06-14T13:14:42+00:00,0.1330092592592592,800000.0,14.324446839509635,-23.768024755290813,27.750833825779985,7.846071913798734,-0.08111921159390328,7.846491241503488,0.8449528373005308,1.0000000000000002,0.9720492117268887
1781442942.0,51360.0,2026-06-14T13:15:42+00:00,0.1337037037037037,800000.0,16.038876942257723,-22.64939514453414,27.75321015634287,6.678064821019463,-0.0723782163702072,6.678457034371236,0.836709182353633,1.0000000000000002,0.9798056339811647
1781443002.0,51420.0,2026-06-14T13:16:42+00:00,0.1343981481481481,800000.0,18.20522957346481,-20.95133859775876,27.755881770545386,5.451239931951807,-0.06274690285233572,5.451601046437964,0.8296744803349994,1.0,0.9865643052153547
1781443062.0,51480.0,2026-06-14T13:17:42+00:00,0.1350925925925926,800000.0,8.639028697858057,26.380335069580564,27.758870568266232,4.173926277745081,-0.05239847507814671,4.174255163767714,0.8239939453084739,1.0000000000000002,0.9921201517397885
1781443122.0,51540.0,2026-06-14T13:18:42+00:00,0.135787037037037,800000.0,8.815811021970045,26.32528770521598,27.762191857587258,2.8562714832387006,-0.04151289901299496,2.8565731404511716,0.8197878666029091,1.0,0.9962945890696606
1781443182.0,51600.0,2026-06-14T13:19:42+00:00,0.1364814814814814,800000.0,9.026485124448437,26.257666903368275,27.765851416985768,1.5099932571149566,-0.030279636800559163,1.5102968227925957,0.817147226269285,1.0000000000000002,0.998947271140131
1781443242.0,51660.0,2026-06-14T13:20:42+00:00,0.1371759259259259,800000.0,9.271227988761373,26.176506453953092,27.769860614584296,0.14799104397129123,-0.018882637350998766,0.14919082776445067,0.816130181356936,1.0,0.9999860781973418
1781443302.0,51720.0,2026-06-14T13:21:42+00:00,0.0007291666666666,800000.0,12.259173089564484,33.481860695073514,35.65560713890889,-1.5594038461499844,-0.000690560865744122,1.5594039990527386,0.8167597212279926,1.0,0.999374029064099
1781443362.0,51780.0,2026-06-14T13:22:42+00:00,0.0014236111111111,800000.0,12.664249647614838,33.337088756824826,35.661529775340945,-3.295888491021545,0.015040982329730043,3.2959228110496945,0.8190227072989125,1.0,0.9971321427659429
1781443422.0,51840.0,2026-06-14T13:23:42+00:00,0.0021180555555555,800000.0,13.118001223649651,33.167980625912286,35.66786922293742,-5.000730520158196,0.030273340381736513,5.000822153444324,0.8228703850482085,1.0,0.9933378313361705
1781443482.0,51900.0,2026-06-14T13:24:42+00:00,0.0028125,800000.0,23.635304055754435,26.721677467781824,35.67457980831899,-6.658362596923289,0.04478477293111405,6.6585132085168635,0.8282203146005906,1.0000000000000002,0.9881190594290965
1781443542.0,51960.0,2026-06-14T13:25:42+00:00,0.0035069444444444,800000.0,20.80759890938216,28.98655622850728,35.68160050168904,-8.255088744366278,0.05835957180361631,8.25529502906976,0.8349595492494246,1.0000000000000002,0.981645105575255
1781443602.0,52020.0,2026-06-14T13:26:42+00:00,0.0042013888888888,800000.0,18.56746302747022,30.47856698932223,35.68884600262491,-9.779443462684638,0.07077237295320352,9.779699543882662,0.8429487736422454,1.0,0.9741151687341304
1781443662.0,52080.0,2026-06-14T13:27:42+00:00,0.0048958333333333,800000.0,16.803512286327024,31.493896021943037,35.6962674771145,-11.222408118839807,0.08179355136920058,11.222706187495385,0.8520270742084666,1.0,0.9657462108120219
1781443722.0,52140.0,2026-06-14T13:28:42+00:00,0.0055902777777777,800000.0,15.40900330275931,32.2075145723388,35.703800605984,-12.577442435386589,0.09128046440055076,12.577773663834332,0.8620170324878345,1.0,0.9567613211696606
1781443782.0,52200.0,2026-06-14T13:29:42+00:00,0.0062847222222222,800000.0,14.298343993064725,32.72390828930738,35.711298137578396,-13.840306810710432,0.0990802121659856,13.840661454679124,0.8727298201332044,1.0,0.9473795948821271
1781443842.0,52260.0,2026-06-14T13:30:42+00:00,0.0069791666666666,800000.0,13.406597064860184,33.107167001034064,35.7186415152351,-15.00878415096031,0.10497186166519554,15.009151234558828,0.8839700030866086,1.0,0.937808121455854
1781443902.0,52320.0,2026-06-14T13:31:42+00:00,0.0076736111111111,800000.0,12.68536660585834,33.39795971358023,35.725932303509644,-16.082537909739393,0.10871156257135847,16.08290532901445,0.895539947870784,1.0,0.9282363096391105
1781443962.0,52380.0,2026-06-14T13:32:42+00:00,0.0083680555555555,800000.0,12.09843280594458,33.622788990087095,35.73323405223599,-17.062604430372904,0.11032273065275058,17.062961086877028,0.9072436918835467,1.0,0.9188324621464579
1781444022.0,52440.0,2026-06-14T13:33:42+00:00,0.0090625,800000.0,11.61847591177429,33.7993182574877,35.740493801616964,-17.95103381532952,0.1098404691177185,17.951369863265587,0.9188902040388955,1.0,0.9097422987599655
1781444082.0,52500.0,2026-06-14T13:34:42+00:00,0.0097569444444444,800000.0,11.224675918008696,33.93965867426476,35.747640207290885,-18.750582223829475,0.10730915151023118,18.750889285220257,0.9302961274584169,1.0,0.9010890355521546
1781444142.0,52560.0,2026-06-14T13:35:42+00:00,0.0104513888888888,800000.0,10.901015356739908,34.05228729238992,35.75458579890612,-19.464456142580612,0.10281607218963235,19.464727690649685,0.9412879955366195,1.0,0.8929745860824156
1781444202.0,52620.0,2026-06-14T13:36:42+00:00,0.0111458333333333,800000.0,10.635090888075435,34.143175838672164,35.761174680763936,-20.09609279101838,0.09645895650821579,20.09632428568746,0.9517040255013044,1.0,0.8854815012009943
1781444262.0,52680.0,2026-06-14T13:37:42+00:00,0.0118402777777777,800000.0,10.417208299964862,34.21669992126914,35.7673144402405,-20.648975966113365,0.08830279312162348,20.64916477323963,0.9613955208563125,1.0,0.8786753099006649
1781444322.0,52740.0,2026-06-14T13:38:42+00:00,0.0125347222222222,800000.0,10.239744706249924,34.27608761941708,35.772930466249626,-21.126468972216944,0.07843982881770628,21.126614590151217,0.9702279294988772,1.0000000000000002,0.8726069938315268
1781444382.0,52800.0,2026-06-14T13:39:42+00:00,0.0132291666666666,800000.0,10.096704025704708,34.32374931277256,35.77797086293096,-21.531710275405317,0.06703541316828016,21.53181462697962,0.9780816545944698,1.0,0.8673154150199263
1781444442.0,52860.0,2026-06-14T13:40:42+00:00,0.0139236111111111,800000.0,9.983402338347224,34.36148504880672,35.782397586085324,-21.86753764187769,0.05426900157353809,21.86760498187832,0.9848526699370194,1.0000000000000002,0.8628295706194697
1781444502.0,52920.0,2026-06-14T13:41:42+00:00,0.0146180555555555,800000.0,9.896228975533928,34.390636603692265,35.78618775370486,-22.136426644349367,0.040373657257301576,22.13646346218973,0.9904529753428389,1.0,0.8591705929371637
1781444562.0,52980.0,2026-06-14T13:42:42+00:00,0.0153125,800000.0,9.832457827778525,34.41213658714036,35.789277324738585,-22.340411751760215,0.02563227486955949,22.34042645635264,0.994810924293193,1.0,0.8563534484424692
1781444622.0,53040.0,2026-06-14T13:43:42+00:00,0.0160069444444444,800000.0,9.7901173770275,34.42655593159894,35.791537429502604,-22.48104061045716,0.010302009206583501,22.48104297092147,0.9978714575168182,1.0,0.8543883161841249
1781444682.0,53100.0,2026-06-14T13:44:42+00:00,0.0167013888888888,800000.0,9.767857463800093,34.43427821723694,35.79288414999821,-22.559361244945915,-0.00546590976161207,22.5593619071138,0.9995962586066189,1.0,0.8532816368685617
1781444742.0,53160.0,2026-06-14T13:45:42+00:00,0.0173958333333333,800000.0,9.76502416251714,34.435591613297206,35.793374619506444,-22.576057572526,-0.02143816027777013,22.576067751331824,0.9999638569326936,1.0,0.8530368363705214
1781444802.0,53220.0,2026-06-14T13:46:42+00:00,0.0180902777777777,800000.0,9.781510679142125,34.43049117447134,35.792969612502404,-22.531249421036186,-0.03733135267058943,22.531280347615304,0.9989696873935203,1.0,0.8536547300672505
1781444862.0,53280.0,2026-06-14T13:47:42+00:00,0.0187847222222222,800000.0,9.817800553781897,34.41883251985548,35.791692328579565,-22.424594704532428,-0.05294699576093423,22.424657211357857,0.9966260988190782,1.0000000000000002,0.8551336088695273
1781444922.0,53340.0,2026-06-14T13:48:42+00:00,0.0194791666666666,800000.0,9.874968479478632,34.40024732383516,35.78955180512498,-22.25524633446928,-0.06804105830186868,22.255350345333213,0.9929623190604104,1.0000000000000002,0.8574690074784527
1781444982.0,53400.0,2026-06-14T13:49:42+00:00,0.0201736111111111,800000.0,9.954738173908272,34.37414716043573,35.78657297253201,-22.02188345392373,-0.08242752393539221,22.0220377157724,0.9880243744701855,1.0,0.860653153194039
1781445042.0,53460.0,2026-06-14T13:50:42+00:00,0.0208680555555555,800000.0,10.059517577967563,34.33978823545573,35.78288627203487,-21.722728029795384,-0.09590573790132367,21.722939740445362,0.9818749671926188,1.0,0.8646740944593116
1781445102.0,53520.0,2026-06-14T13:51:42+00:00,0.0215625,800000.0,10.192568825294485,34.296074656743734,35.77861366961141,-21.3555698128754,-0.10820334818276156,21.355843930810906,0.9745932913022275,1.0,0.8695145013232428
1781445162.0,53580.0,2026-06-14T13:52:42+00:00,0.0222569444444444,800000.0,10.358130596019215,34.24142085247754,35.773814046599405,-20.91775591334341,-0.11906815104170965,20.918094790750082,0.9662747559443636,1.0,0.8751501366001286
1781445222.0,53640.0,2026-06-14T13:53:42+00:00,0.0229513888888888,800000.0,10.56162562322818,34.17367811882938,35.768536620535485,-20.40625975611404,-0.12826557897238633,20.406662865170986,0.9570306162547314,1.0000000000000002,0.8815480156597787
1781445282.0,53700.0,2026-06-14T13:54:42+00:00,0.0236458333333333,800000.0,10.810002455194285,34.0898786309706,35.762773636221404,-19.817782884443496,-0.13559482048982496,19.818246754198142,0.9469874456379274,1.0,0.8886642753488943
1781445342.0,53760.0,2026-06-14T13:55:42+00:00,0.0243402777777777,800000.0,11.112110128871697,33.98602585774287,35.756523112843894,-19.148856902057755,-0.14094336832969262,19.14937559526579,0.9362864237322889,1.0000000000000002,0.8964418187162277
1781445402.0,53820.0,2026-06-14T13:56:42+00:00,0.0250347222222222,800000.0,11.47923956041662,33.85668773055174,35.7498006283885,-18.395968204804028,-0.14424678316827783,18.39653373129338,0.9250824125450534,1.0,0.9048078401041225
1781445462.0,53880.0,2026-06-14T13:57:42+00:00,0.0257291666666666,800000.0,11.925904285284828,33.69435292418074,35.742644166331935,-17.555736813088625,-0.1454772458957948,17.556339558105744,0.9135427495161643,1.0,0.9136713794520055
1781445522.0,53940.0,2026-06-14T13:58:42+00:00,0.0264236111111111,800000.0,12.470906890509683,33.488392121994494,35.73507976188419,-16.625110190913563,-0.1446623188052816,16.625739563896104,0.9018456901928491,1.0000000000000002,0.922921125066855
1781445582.0,54000.0,2026-06-14T13:59:42+00:00,0.0271180555555555,800000.0,13.138894825362266,33.22356761656059,35.727244539764115,-15.601672352991118,-0.14187448256143959,15.602317410528778,0.8901784354294769,1.0000000000000002,0.9324237593466178
1781445642.0,54060.0,2026-06-14T14:00:42+00:00,0.0278125,800000.0,13.96248518475474,32.87739844668619,35.71938298958507,-14.483911076524445,-0.13705290885759566,14.48455948838258,0.8787346755765971,1.0,0.9420232098402588
1781445702.0,54120.0,2026-06-14T14:01:42+00:00,0.0285069444444444,800000.0,14.985079002315915,32.41524066212649,35.7113486148203,-13.271405424696745,-0.13059814600842667,13.27204798900347,0.8677115922036891,1.0,0.9515412189202597
1781445762.0,54180.0,2026-06-14T14:02:42+00:00,0.0292013888888888,800000.0,16.264960102755666,31.78353520104643,35.70352975575932,-11.965408557349022,-0.12223948098249379,11.966032944756256,0.8573063019151073,1.0000000000000002,0.9607796582290473
1781445822.0,54240.0,2026-06-14T14:03:42+00:00,0.0298958333333333,800000.0,17.879471009242657,30.89508244755482,35.69568045312428,-10.568973339354917,-0.11228462658026489,10.569569777685434,0.8477117509736554,1.0000000000000002,0.9695249520436755
1781445882.0,54300.0,2026-06-14T14:04:42+00:00,0.0305902777777777,800000.0,19.927960748266248,29.606033314155358,35.688104855586225,-9.08738764541118,-0.10083076362811819,9.087947021240032,0.8391121215463737,1.0,0.9775548225013
1781445942.0,54360.0,2026-06-14T14:05:42+00:00,0.0312847222222222,800000.0,22.52405397587412,27.672824312231384,35.68078212320626,-7.528291424931361,-0.08805555761974393,7.528806383479575,0.8316778711345271,1.0000000000000002,0.9846473141334825
1781446002.0,54420.0,2026-06-14T14:06:42+00:00,0.0319791666666666,800000.0,17.773631483599218,-30.93081244271453,35.673759746922855,-5.901807873009533,-0.07416742519661998,5.902273881893114,0.8255606208675643,1.0000000000000002,0.9905917096681465
1781446062.0,54480.0,2026-06-14T14:07:42+00:00,0.0326736111111111,800000.0,17.981858557848447,-30.80249966829677,35.66708879359079,-4.220445234438227,-0.05936529377402716,4.220862733493855,0.8208881707400713,1.0000000000000002,0.9952005542043438
1781446122.0,54540.0,2026-06-14T14:08:42+00:00,0.0333680555555555,800000.0,18.24719013473291,-30.63871738787365,35.66077608503613,-2.4988084664007713,-0.04386533319901777,2.499193453739193,0.8177599627260153,1.0,0.9983216469937543
1781446182.0,54600.0,2026-06-14T14:09:42+00:00,0.0340625,800000.0,18.56907255717497,-30.437741972259197,35.65482564819884,-0.7531464596974364,-0.027931808693007574,0.7536642327267793,0.816243340716225,1.0000000000000002,0.9998486386186107
1781446242.0,54660.0,2026-06-14T14:10:42+00:00,0.0347569444444444,800000.0,18.9475047343837,-30.197051837103214,35.64926191819672,0.9992625147334654,-0.01183192079308247,0.9993325611132177,0.8163709121685055,1.0000000000000002,0.9997288734799591
1781446302.0,54720.0,2026-06-14T14:11:42+00:00,0.0354513888888888,800000.0,19.38298218774403,-29.91323523704258,35.644096858204286,2.74084610358483,0.0041679082969382775,2.740849272578796,0.8181392429291284,1.0000000000000002,0.9979673885561856
1781446362.0,54780.0,2026-06-14T14:12:42+00:00,0.0361458333333333,800000.0,19.876447394100627,-29.58192446519765,35.63935207148285,4.454482875209235,0.019796095123321006,4.4545268627447365,0.8215090178321878,1.0000000000000002,0.9946264885353624
1781446422.0,54840.0,2026-06-14T14:13:42+00:00,0.0368402777777777,800000.0,20.429229481316177,-29.19764894587446,35.6350406365252,6.124228566635155,0.03480535274959437,6.124327469116108,0.8264066484878068,1.0,0.9898209606008495
1781446482.0,54900.0,2026-06-14T14:14:42+00:00,0.0375347222222222,800000.0,21.541015671198924,-28.38246762448816,35.63116367173483,7.73590176748792,0.048927742742893715,7.73605649412106,0.832727183267576,1.0,0.9837096207991426
1781446542.0,54960.0,2026-06-14T14:15:42+00:00,0.0382291666666666,800000.0,19.135066329470877,-30.0530341212097,35.62773671346307,9.277517068578161,0.0619489573717813,9.277723892802511,0.8403382646804575,1.0000000000000002,0.9764843537410066
1781446602.0,55020.0,2026-06-14T14:16:42+00:00,0.0389236111111111,800000.0,17.240158902771018,-31.17533821089367,35.6247777755371,10.739532616996625,0.07365424157842929,10.739785183086152,0.8490848042468357,1.0000000000000002,0.9683580265766294
1781446662.0,55080.0,2026-06-14T14:17:42+00:00,0.0396180555555555,800000.0,15.744762811480053,-31.95386204550629,35.622280325844,12.114885540517076,0.08386915506402477,12.115175842512599,0.8587940326210856,1.0000000000000002,0.9595526125349143
1781446722.0,55140.0,2026-06-14T14:18:42+00:00,0.0403125,800000.0,14.55655271759186,-32.51013042067058,35.62024434207381,13.39887604528424,0.09244771506033325,13.399194970479073,0.869280596039138,1.0,0.9502886009419873
1781446782.0,55200.0,2026-06-14T14:19:42+00:00,0.0410069444444444,800000.0,13.604791178085412,-32.91802658075032,35.618630195029894,14.5889301220946,0.09928901009558247,14.58926798762998,0.8803514428826332,1.0,0.9407763991652345
1781446842.0,55260.0,2026-06-14T14:20:42+00:00,0.0417013888888888,800000.0,12.836537333559178,-33.22380435343939,35.617381521266786,15.684300546598937,0.1042819098788339,15.68464721798905,0.8918103146617983,1.0000000000000002,0.9312100437146379
1781446902.0,55320.0,2026-06-14T14:21:42+00:00,0.0423958333333333,800000.0,12.21226350986386,-33.45732631409563,35.61645777056203,16.68572408961673,0.10735020910946635,16.686069413202496,0.9034617191197334,1.0,0.9217632041833392
1781446962.0,55380.0,2026-06-14T14:22:42+00:00,0.0430902777777777,800000.0,11.702274048233171,-33.638439062071555,35.61583637137633,17.595083212218057,0.1084169489360437,17.595417229486042,0.915114331913778,1.0,0.9125872288022523
1781447022.0,55440.0,2026-06-14T14:23:42+00:00,0.0437847222222222,800000.0,11.284021725511051,-33.780638819061934,35.615455989299356,18.4150499103864,0.10749756618640527,18.415363665395212,0.9265838382603176,1.0000000000000002,0.9038108518926045
1781447082.0,55500.0,2026-06-14T14:24:42+00:00,0.0444791666666666,800000.0,10.940256111970966,-33.89336189018732,35.61529424298949,19.148862431202364,0.1046043220816606,19.149148139625204,0.9376952504668783,1.0000000000000002,0.8955411384591598
1781447142.0,55560.0,2026-06-14T14:25:42+00:00,0.0451736111111111,800000.0,10.657613612391591,-33.98327312490117,35.615271727064844,19.800008999404707,0.09979588660134597,19.800260493122053,0.9482847564770424,1.0000000000000002,0.8878652604553535
1781447202.0,55620.0,2026-06-14T14:26:42+00:00,0.0458680555555555,800000.0,10.425665359347208,-34.055203606177834,35.615325224449656,20.37205460795959,0.09309941239526387,20.372267337001936,0.9582011593434107,1.0,0.8808527527544538
1781447262.0,55680.0,2026-06-14T14:27:42+00:00,0.0465625,800000.0,10.23625218690609,-34.112761977810386,35.61546558152351,20.868526609986837,0.08459566039946631,20.868698073849437,0.9673069861187904,1.0,0.874557972373372
1781447322.0,55740.0,2026-06-14T14:28:42+00:00,0.0472569444444444,800000.0,10.08295167746522,-34.15861760201047,35.6156857439314,21.29273542641455,0.0744282692836179,21.292865507173,0.9754793216202049,1.0,0.8690225544065827
1781447382.0,55800.0,2026-06-14T14:29:42+00:00,0.0479513888888888,800000.0,9.9607125601917,-34.19477601208608,35.61598659623931,21.647686009221317,0.06275645643863043,21.64777697424521,0.9826104237210864,1.0,0.8642777214648493
1781447442.0,55860.0,2026-06-14T14:30:42+00:00,0.0486458333333333,800000.0,9.865588952695028,-34.22276129732227,35.61638999389238,21.936014019317387,0.04979077298049195,21.93607052725631,0.9886081796005074,1.0000000000000002,0.8603463584801593
1781447502.0,55920.0,2026-06-14T14:31:42+00:00,0.0493402777777777,800000.0,9.794553024760772,-34.24368816145567,35.61689834690648,22.159926212775403,0.03577972478197383,22.15995509797698,0.9933964358897289,1.0,0.8572447999388052
1781447562.0,55980.0,2026-06-14T14:32:42+00:00,0.0500347222222222,800000.0,9.745388287798924,-34.25828906584134,35.6174530616482,22.321174694931248,0.02100135387245003,22.321184574715193,0.9969152368013396,1.0000000000000002,0.8549843047176976
1781447622.0,56040.0,2026-06-14T14:33:42+00:00,0.0507291666666666,800000.0,9.716585369166705,-34.2670369486564,35.61799899596954,22.421053808643506,0.005676751665254984,22.42105452728745,0.999120991098432,1.0,0.8535722104858938
1781447682.0,56100.0,2026-06-14T14:34:42+00:00,0.0514236111111111,800000.0,9.70722461607546,-34.27024276993889,35.61853098118296,22.460364059230475,-0.009988797828560277,22.460366280389422,0.9999865705104075,1.0000000000000002,0.8530127631726953
1781447742.0,56160.0,2026-06-14T14:35:42+00:00,0.0521180555555555,800000.0,9.716980031580908,-34.26810368757126,35.61913293829985,22.439455073786327,-0.025722276792787824,22.439469816463987,0.9995013688827732,1.0,0.8533076289045071
1781447802.0,56220.0,2026-06-14T14:36:42+00:00,0.0528125,800000.0,9.746104572408576,-34.26050527990709,35.619780689539134,22.358139839420517,-0.041149491627604784,22.358177706596397,0.9976713285218218,1.0000000000000002,0.8544560945221987
1781447862.0,56280.0,2026-06-14T14:37:42+00:00,0.0535069444444444,800000.0,9.79539754228776,-34.247028387141086,35.62034203037788,22.215662667219334,-0.056008870563217794,22.21573327030338,0.9945189296311105,1.0,0.8564549562003078
1781447922.0,56340.0,2026-06-14T14:38:42+00:00,0.0542013888888888,800000.0,9.866327078430592,-34.227134272334965,35.620796320618936,22.010867929016012,-0.07015406119748241,22.01097972787418,0.9900831425745937,1.0000000000000002,0.8592980942805687
1781447982.0,56400.0,2026-06-14T14:39:42+00:00,0.0548958333333333,800000.0,9.961077355437592,-34.20009595842089,35.62119629723584,21.74218371687447,-0.0833829364164515,21.742343606253833,0.9844193221205695,1.0,0.8629757302206342
1781448042.0,56460.0,2026-06-14T14:40:42+00:00,0.0555902777777777,800000.0,10.082518274845278,-34.1648867900563,35.621575823367955,21.407501851157388,-0.09548654215352004,21.407714805346213,0.9775990610915699,1.0,0.8674733677633617
1781448102.0,56520.0,2026-06-14T14:41:42+00:00,0.0562847222222222,800000.0,10.234414775789894,-34.12009214874676,35.62195859356805,21.004272617668196,-0.10628968364008118,21.00454154925011,0.9697099976638428,1.0,0.8727704134601605
1781448162.0,56580.0,2026-06-14T14:42:42+00:00,0.0569791666666666,800000.0,10.421693724881978,-34.06383093487443,35.62241258049422,20.529635133864275,-0.11560936605029215,20.52996064913698,0.9608555065854698,1.0,0.8788384707769603
1781448222.0,56640.0,2026-06-14T14:43:42+00:00,0.0576736111111111,800000.0,10.650622596402936,-33.993537189974674,35.622974782816776,19.980388451687737,-0.12328097941631254,19.980768776006155,0.9511542648816985,1.0,0.8856393372520467
1781448282.0,56700.0,2026-06-14T14:44:42+00:00,0.0583680555555555,800000.0,10.92911038029495,-33.90574595851825,35.62365874960414,19.353039456362467,-0.12917062194955226,19.35347052208201,0.9407396846663993,1.0000000000000002,0.8931227528595841
1781448342.0,56760.0,2026-06-14T14:45:42+00:00,0.0590625,800000.0,11.267309360991412,-33.79574493864988,35.62449489037794,18.64403607891649,-0.1331752753224738,18.644511711651152,0.9297591543363982,1.0,0.9012239718107689
1781448402.0,56820.0,2026-06-14T14:46:42+00:00,0.0597569444444444,800000.0,11.678146270132665,-33.65704394591118,35.625492382332204,17.84978957984904,-0.1352608994828089,17.8503020578313,0.9183730196792983,1.0000000000000002,0.9098612811324664
1781448462.0,56880.0,2026-06-14T14:47:42+00:00,0.0604513888888888,800000.0,12.178329730468388,-33.48057465227188,35.62668373663708,16.966944825502047,-0.13541635323723905,16.96748520849082,0.9067532511068312,1.0,0.9189336556234698
1781448522.0,56940.0,2026-06-14T14:48:42+00:00,0.0611458333333333,800000.0,12.789662481584593,-33.25339190812383,35.62812849123748,15.992620170951135,-0.13364647205160674,15.993178586878999,0.895081726515549,1.0000000000000002,0.9283188050198272
1781448582.0,57000.0,2026-06-14T14:49:42+00:00,0.0618402777777777,800000.0,13.540851578932816,-32.95650743283653,35.62984765127823,14.924654713689762,-0.1299479310125439,14.925220426768794,0.8835480532570859,1.0000000000000002,0.9378719426282864
1781448642.0,57060.0,2026-06-14T14:50:42+00:00,0.0625347222222222,800000.0,14.470064423804445,-32.56138035199906,35.63181520574838,13.761934156134405,-0.12441692949974809,13.76249655004952,0.872346873862121,1.0,0.9474256703261772
1781448702.0,57120.0,2026-06-14T14:51:42+00:00,0.0632291666666666,800000.0,15.62843018960268,-32.02408388186293,35.634109763874804,12.504773659231253,-0.11720559583207057,12.505322923471354,0.8616746036899121,1.0,0.9567914070893629
1781448762.0,57180.0,2026-06-14T14:52:42+00:00,0.0639236111111111,800000.0,17.084305557894766,-31.274732931339567,35.63681265660735,11.155204020981262,-0.10841309974963922,11.155730820968829,0.8517256269506464,1.0000000000000002,0.9657627666353614
1781448822.0,57240.0,2026-06-14T14:53:42+00:00,0.0646180555555555,800000.0,18.92726887623908,-30.198723608319053,35.63992725420599,9.717283803166326,-0.09813624207847343,9.71777933651963,0.8426879506595205,1.0000000000000002,0.9741211742176321
1781448882.0,57300.0,2026-06-14T14:54:42+00:00,0.0653125,800000.0,21.26699418632446,-28.603650517323075,35.643426668017135,8.197363116901471,-0.08654933410983931,8.197820006414599,0.8347384250231844,1.0,0.9816438195311257
1781448942.0,57360.0,2026-06-14T14:55:42+00:00,0.0660069444444444,800000.0,24.210758232614506,-26.16422321711989,35.64726343989657,6.6042850815364496,-0.0738920228397659,6.60469843893302,0.8280376862043235,1.0000000000000002,0.988113733189028
1781449002.0,57420.0,2026-06-14T14:56:42+00:00,0.0667013888888889,800000.0,23.868804643859843,26.482228620171536,35.651483388742434,4.949402507398049,-0.06042757832138534,4.949771375776853,0.8227250248133295,1.0000000000000002,0.9933313960693567
1781449062.0,57480.0,2026-06-14T14:57:42+00:00,0.0673958333333333,800000.0,24.138029388181764,26.243399585248465,35.656142311469225,3.2463041869458946,-0.04638835068988788,3.2466356052477114,0.8189135890961139,1.0000000000000002,0.9971269055362613
1781449122.0,57540.0,2026-06-14T14:58:42+00:00,0.0680902777777777,800000.0,24.46159953214189,25.949110825242357,35.66127036844866,1.5104821028023032,-0.03199935701631816,1.510821015784307,0.8166862123047256,1.0,0.9993714131278796
1781449182.0,57600.0,2026-06-14T14:59:42+00:00,0.0687847222222222,800000.0,16.299363759226473,16.77274866693203,23.387910483830222,-0.1751650652536819,-0.012571515483830063,0.1756156117402061,0.8160921802355505,1.0,0.9999864423607615
1781449242.0,57660.0,2026-06-14T15:00:42+00:00,0.0694791666666666,800000.0,16.58016194924093,16.501204669012797,23.392125294459813,-1.3228148034920644,-0.0024232070020836077,1.3228170229740484,0.8171452494558955,1.0,0.9989498357502837
1781449302.0,57720.0,2026-06-14T15:01:42+00:00,0.0701736111111111,800000.0,16.893757477661424,16.186459232493394,23.396591721855813,-2.4579121268501893,0.007493044598413309,2.457923548248516,0.8198230405664595,1.0,0.9962974832363797
1781449362.0,57780.0,2026-06-14T15:02:42+00:00,0.0708680555555555,800000.0,17.23895451334933,15.825190976292948,23.401244029954285,-3.5695225153557164,0.017032072701183357,3.5695631496209588,0.8240678825246935,1.0,0.9921205770741496
1781449422.0,57840.0,2026-06-14T15:03:42+00:00,0.0715625,800000.0,14.996211011269436,17.970987478176557,23.406040580057475,-4.647695664945556,0.025985289211964135,4.647768306317468,0.829789090072614,1.0,0.9865587916764297
1781449482.0,57900.0,2026-06-14T15:04:42+00:00,0.0722569444444444,800000.0,13.246030790792616,19.30326090237932,23.410963525151036,-5.683794454109563,0.0341663955710278,5.683897143611321,0.8368664339601158,1.0000000000000002,0.9797903511021274
1781449542.0,57960.0,2026-06-14T15:05:42+00:00,0.0729513888888888,800000.0,11.863766414442264,20.188131044852742,23.416011373002778,-6.670734792315138,0.04145597919817695,6.670863607331135,0.8451545112656423,1.0000000000000002,0.9720202967235095
1781449602.0,58020.0,2026-06-14T15:06:42+00:00,0.0736458333333333,800000.0,10.774833243604656,20.795505819360592,23.421146293692548,-7.603026625421013,0.04773033344842935,7.603176444854606,0.8544876359570598,1.0,0.9634683444805201
1781449662.0,58080.0,2026-06-14T15:07:42+00:00,0.0743402777777777,800000.0,9.912465361543944,21.225842854208363,23.426339330235887,-8.476783100348767,0.052865884676072186,8.476947949121845,0.8646849344521601,1.0000000000000002,0.9543575523844232
1781449722.0,58140.0,2026-06-14T15:08:42+00:00,0.0750347222222222,800000.0,9.224236910028832,21.53956361054579,23.43158865943764,-9.289616293886773,0.0567765622906381,9.289789796635453,0.8755553914707004,1.0,0.9449046951871884
1781449782.0,58200.0,2026-06-14T15:09:42+00:00,0.0757291666666666,800000.0,8.670574862668197,21.773994069264496,23.436844629290416,-10.040382039577127,0.05943667701848954,10.040557963541566,0.8869025405526897,1.0000000000000002,0.9353128406542788
1781449842.0,58260.0,2026-06-14T15:10:42+00:00,0.0764236111111111,800000.0,8.221932284463866,21.952815592934492,23.44197694196667,-10.729016103801026,0.06083769879886389,10.729188589134637,0.8985287000263948,1.0,0.9257662620040767
1781449902.0,58320.0,2026-06-14T15:11:42+00:00,0.0771180555555555,800000.0,7.856258778631457,22.09156068182208,23.446915689605127,-11.356391482498351,0.06080558344681782,11.356554267150727,0.9102387700164174,1.0000000000000002,0.9164275567434031
1781449962.0,58380.0,2026-06-14T15:12:42+00:00,0.0778125,800000.0,7.556934134731864,22.200844811143902,23.451753960955045,-11.924070484371105,0.059353382958595574,11.924218202478468,0.9218434107929985,1.0000000000000002,0.907436622281744
1781450022.0,58440.0,2026-06-14T15:13:42+00:00,0.0785069444444444,800000.0,7.311224228691656,22.287898979789524,23.4564370835707,-12.433969947492676,0.05653636323454392,12.434098480208318,0.9331615974308182,1.0000000000000002,0.8989110633565957
1781450082.0,58500.0,2026-06-14T15:14:42+00:00,0.0792013888888888,800000.0,7.109297670914904,22.357819860125435,23.46090838547168,-12.88824794944256,0.05238619511216208,12.888354414732266,0.944022703740199,1.0,0.8909476204424568
1781450142.0,58560.0,2026-06-14T15:15:42+00:00,0.0798958333333333,800000.0,6.943500410407301,22.414306008273098,23.465151007011094,-13.28918119890182,0.04697498438014619,13.28926422291329,0.9542681621471867,1.0000000000000002,0.883624235868407
1781450202.0,58620.0,2026-06-14T15:16:42+00:00,0.0805902777777777,800000.0,6.807847741659929,22.46003762527957,23.469130384456047,-13.639048430392835,0.040376027818073146,13.639108193361603,0.9637527749494001,1.0,0.8770024497072925
1781450262.0,58680.0,2026-06-14T15:17:42+00:00,0.0812847222222222,800000.0,6.697634137311947,22.49698701537612,23.472808264187055,-13.940029174562444,0.032725901381888134,13.940067588511662,0.9723457278192782,1.0,0.871129884466184
1781450322.0,58740.0,2026-06-14T15:18:42+00:00,0.0819791666666666,800000.0,6.609177715805993,22.526580608660336,23.476116884987142,-14.194138215907666,0.024175015446827874,14.194158802960544,0.9799313587829417,1.0000000000000002,0.8660426457594893
1781450382.0,58800.0,2026-06-14T15:19:42+00:00,0.0826736111111111,800000.0,6.539592392964309,22.54983900793165,23.478958834449035,-14.403146586832142,0.01484302306053814,14.403154234996858,0.986409722029612,1.0000000000000002,0.8617675198627903
1781450442.0,58860.0,2026-06-14T15:20:42+00:00,0.0833680555555555,800000.0,6.486659510455625,22.567511091170346,23.48125440547589,-14.568575726825797,0.004870612572426963,14.568576541005116,0.9916969955234842,1.0000000000000002,0.8583238976415876
1781450502.0,58920.0,2026-06-14T15:21:42+00:00,0.0840625,800000.0,6.448709690762888,22.580146273237798,23.482948332706307,-14.691665302767415,-0.005642278827602543,14.691666386215362,0.9957257751930882,1.0,0.8557253901362185
1781450562.0,58980.0,2026-06-14T15:22:42+00:00,0.0847569444444444,800000.0,6.424550404895258,22.58817302942601,23.484045833551093,-14.773373990121597,-0.016581596806274704,14.773383295689378,0.9984452844343294,1.0000000000000002,0.8539811196920617
1781450622.0,59040.0,2026-06-14T15:23:42+00:00,0.0854513888888888,800000.0,6.41344602070996,22.59186336435516,23.4845604628712,-14.814373323563371,-0.027752623991541513,14.814399318839913,0.9998215251225586,1.0000000000000002,0.8530966866018032
1781450682.0,59100.0,2026-06-14T15:24:42+00:00,0.0861458333333333,800000.0,6.415052837842495,22.59128967128364,23.484447447707982,-14.814986005298225,-0.03902685642969063,14.81503740908895,0.9998373725892356,1.0000000000000002,0.8530748132105301
1781450742.0,59160.0,2026-06-14T15:25:42+00:00,0.0868402777777777,800000.0,6.429384378059752,22.58647997824345,23.483740359841125,-14.775222675846118,-0.050239132879436876,14.775308087864355,0.9984926152644913,1.0000000000000002,0.8539156656396117
1781450802.0,59220.0,2026-06-14T15:26:42+00:00,0.0875347222222222,800000.0,6.456846168888063,22.577314149652832,23.48246104352775,-14.694771950757382,-0.061243968273423655,14.694899574628463,0.9958039573675714,1.0,0.8556168581237794
1781450862.0,59280.0,2026-06-14T15:27:42+00:00,0.0882291666666666,800000.0,6.498245423856462,22.56356089269873,23.480661697388236,-14.573014044119365,-0.07188301140474626,14.573191328512396,0.9918049777716135,1.0000000000000002,0.8581731397797807
1781450922.0,59340.0,2026-06-14T15:28:42+00:00,0.0889236111111111,800000.0,6.554821281435045,22.544850727692527,23.478415116133625,-14.409018805112792,-0.08196430844162217,14.409251926243513,0.9865460432198666,1.0000000000000002,0.8615757615094285
1781450982.0,59400.0,2026-06-14T15:29:42+00:00,0.0896180555555555,800000.0,6.628299561867367,22.5205699625164,23.475741234696873,-14.201528168405076,-0.09126638210054466,14.201821427919187,0.980094168360792,1.0000000000000002,0.8658115174429086
1781451042.0,59460.0,2026-06-14T15:30:42+00:00,0.0903125,800000.0,6.7209837907483045,22.489836643394327,23.47263034604481,-13.948995258567754,-0.0995844376394131,13.949350729828454,0.972532800648407,1.0,0.8708614559315656
1781451102.0,59520.0,2026-06-14T15:31:42+00:00,0.0910069444444444,800000.0,6.83581963860392,22.451463223050684,23.4690568832137,-13.649580197713087,-0.10679181026011009,13.649997951081893,0.9639615224421025,1.0,0.8766992677192619
1781451162.0,59580.0,2026-06-14T15:32:42+00:00,0.0917013888888888,800000.0,6.976604653378352,22.4038526583534,23.464987245399247,-13.301241610877875,-0.11280313018211807,13.301719924022155,0.9544956448062174,1.0,0.8832893654390078
1781451222.0,59640.0,2026-06-14T15:33:42+00:00,0.0923958333333333,800000.0,7.148204683090536,22.344922061144437,23.460442709164223,-12.90181804090903,-0.11757487082829837,12.902353762433272,0.944265630731294,1.0,0.8905846862718734
1781451282.0,59700.0,2026-06-14T15:34:42+00:00,0.0930902777777777,800000.0,7.356810762039903,22.27193475595702,23.45552690437954,-12.449075374673845,-0.1210949324791577,12.449664319449855,0.9334163263667867,1.0000000000000002,0.8985242943878791
1781451342.0,59760.0,2026-06-14T15:35:42+00:00,0.0937847222222222,800000.0,7.610310651405208,22.18109497176508,23.450326274006375,-11.940743187685705,-0.12331719729079842,11.94137994560973,0.9221059775462485,1.0000000000000002,0.9070308993168359
1781451402.0,59820.0,2026-06-14T15:36:42+00:00,0.0944791666666666,800000.0,7.918858592580162,22.067072180153325,23.444914075623682,-11.374651008688812,-0.12419873691777578,11.375329045602038,0.9105049475295736,1.0,0.9160084504109456
1781451462.0,59880.0,2026-06-14T15:37:42+00:00,0.0951736111111111,800000.0,8.295652924951938,21.92225988759052,23.439354428616927,-10.74888158863348,-0.1237257294629787,10.749593641742694,0.8987940536789669,1.0,0.9253400448898296
1781451522.0,59940.0,2026-06-14T15:38:42+00:00,0.0958680555555555,800000.0,8.758021168762362,21.73560225208257,23.433722283351113,-10.061949081968349,-0.12190643356356169,10.062687538956373,0.8871624808700525,1.0,0.9348864679986126
1781451582.0,60000.0,2026-06-14T15:39:42+00:00,0.0965625,800000.0,9.328938629051455,21.49059517362644,23.428076678662816,-9.312995491478695,-0.1187329746000475,9.313752334239936,0.8758051910057003,1.0000000000000002,0.9444857405584399
1781451642.0,60060.0,2026-06-14T15:40:42+00:00,0.0972569444444444,800000.0,10.039103599688833,21.16192541916591,23.422439850101558,-8.50200885756825,-0.11423642408397636,8.502776286293582,0.8649197824704348,1.0000000000000002,0.9539540971129484
1781451702.0,60120.0,2026-06-14T15:41:42+00:00,0.0979513888888889,800000.0,10.929607746261498,20.70969973029032,23.416831305834833,-7.630049030637767,-0.10849194212691073,7.63082031707226,0.8547027915444528,1.0000000000000002,0.9630888145323929
1781451762.0,60180.0,2026-06-14T15:42:42+00:00,0.0986458333333333,800000.0,12.054790916858895,20.069139016648226,23.41128627219649,-6.69947882650349,-0.10161087709448895,6.70024934738346,0.8453454530620376,1.0000000000000002,0.9716732255074886
1781451822.0,60240.0,2026-06-14T15:43:42+00:00,0.0993402777777777,800000.0,13.483099636243631,19.13218736638329,23.405866128457404,-5.714149124275208,-0.09370823929114952,5.714917448972135,0.8370289841615366,1.0000000000000002,0.9794840733874646
1781451882.0,60300.0,2026-06-14T15:44:42+00:00,0.1000347222222222,800000.0,15.288308877563596,17.71598784021347,23.400611391379957,-4.679493702233853,-0.0849007588614295,4.680263822489235,0.8299195548352156,1.0,0.9863010859635204
1781451942.0,60360.0,2026-06-14T15:45:42+00:00,0.1007291666666666,800000.0,18.843607590835717,-13.86614510227867,23.395545025385672,-3.6025918590103423,-0.07530149312783604,3.6033787502113728,0.8241631662508485,1.0,0.9919182780421577
1781452002.0,60420.0,2026-06-14T15:46:42+00:00,0.1014236111111111,800000.0,19.01232061782213,-13.625566661616215,23.390690501244542,-2.4920248790989996,-0.06507324758262323,2.4928743501426887,0.8198807390861791,1.0,0.9961561003641725
1781452062.0,60480.0,2026-06-14T15:47:42+00:00,0.1021180555555555,800000.0,19.2063370074039,-13.342590933825706,23.386066665204318,-1.3576862502479012,-0.05436455703518715,1.3587742487896357,0.8171637582997197,1.0000000000000002,0.9988732169741733
1781452122.0,60540.0,2026-06-14T15:48:42+00:00,0.1028125,800000.0,19.42369577488113,-13.016247618255877,23.381673584559486,-0.21046292722007415,-0.043344438156407976,0.214879929386476,0.8160707855884247,1.0,0.9999765219626623
1781452182.0,60600.0,2026-06-14T15:49:42+00:00,0.1035069444444444,800000.0,19.662207160915678,-12.64537941743698,23.37751079669738,0.9382136904408479,-0.032204925925952456,0.9387662574808125,0.8166251460836133,1.0000000000000002,0.9994280793739071
1781452242.0,60660.0,2026-06-14T15:50:42+00:00,0.1042013888888888,800000.0,19.91942033610285,-12.22873589569027,23.37360237817208,2.0768376104476993,-0.02115410004054699,2.076945342592971,0.8188140040038485,1.0000000000000002,0.9972480079638579
1781452302.0,60720.0,2026-06-14T15:51:42+00:00,0.1048958333333333,800000.0,20.192593279295043,-11.765036571147691,23.37000018963359,3.1943457455254025,-0.010373113630572015,3.1943625879731674,0.8225889116893847,1.0,0.9935128898415582
1781452362.0,60780.0,2026-06-14T15:52:42+00:00,0.1055902777777777,800000.0,15.546442261725884,-17.44455866329934,23.366739052646363,4.280555454971822,-8.885694900012675e-06,4.2805554549810445,0.8278677839665524,1.0,0.9883499383799337
1781452422.0,60840.0,2026-06-14T15:53:42+00:00,0.1062847222222222,800000.0,13.672891768144703,-18.945185168386093,23.363818402988745,5.326525101951742,0.009816955345396394,5.326534148424684,0.8345381073979292,1.0,0.9819277614347521
1781452482.0,60900.0,2026-06-14T15:54:42+00:00,0.1069791666666666,800000.0,12.188140293457325,-19.929769910009718,23.361217701115812,6.32480514849338,0.018940166854086588,6.324833507399925,0.8424611205987905,1.0,0.9744449661701322
1781452542.0,60960.0,2026-06-14T15:55:42+00:00,0.1076736111111111,800000.0,11.019252115203106,-20.59652172030181,23.358951692087388,7.26956399592324,0.02723317562921386,7.269615006083769,0.8514766235020648,1.0000000000000002,0.9661179992398437
1781452602.0,61020.0,2026-06-14T15:56:42+00:00,0.1083680555555555,800000.0,10.095548274467856,-21.06251965945051,23.357008142458017,8.156564391779646,0.03458154919888833,8.156637699493135,0.8614080527723208,1.0,0.9571695063589631
1781452662.0,61080.0,2026-06-14T15:57:42+00:00,0.1090625,800000.0,9.36020524573892,-21.397656332475595,23.355366380450796,8.983095206170342,0.04088141753033694,8.983188229878069,0.8720675386980763,1.0,0.9478181992833207
1781452722.0,61140.0,2026-06-14T15:58:42+00:00,0.1097569444444444,800000.0,8.770098557458496,-21.64475079682291,23.35401177023129,9.747799931721813,0.04603943786608847,9.747908654614836,0.8832607202087124,1.0,0.9382708364879855
1781452782.0,61200.0,2026-06-14T15:59:42+00:00,0.1104513888888888,800000.0,8.293024074975978,-21.830811539135865,23.352913753221433,10.450472033989046,0.0499793958242406,10.450591546567788,0.8947911202584344,1.0,0.9287165402220676
1781452842.0,61260.0,2026-06-14T16:00:42+00:00,0.1111458333333333,800000.0,7.904923314010266,-21.973485227086417,23.352127646648558,11.09184042149159,0.052721520222487606,11.091965718236299,0.9064639731965732,1.0,0.9193233613216033
1781452902.0,61320.0,2026-06-14T16:01:42+00:00,0.1118402777777777,800000.0,7.587608545813719,-22.084288543185764,23.35139404624896,11.673205014136547,0.05396886829077352,11.673329770926854,0.9180894762460622,1.0,0.9102367961360411
1781452962.0,61380.0,2026-06-14T16:02:42+00:00,0.1125347222222222,800000.0,7.327376216062165,-22.171533153355615,23.35095982143048,12.196565446774263,0.05410835238445405,12.196685468242823,0.9294854868201753,1.0,0.9015798559408035
1781453022.0,61440.0,2026-06-14T16:03:42+00:00,0.1132291666666666,800000.0,7.113536436785331,-22.240741683071946,23.350652908443617,12.663984624182827,0.05276139554072995,12.664094532432962,0.9404797136240564,1.0000000000000002,0.8934542661200471
1781453082.0,61500.0,2026-06-14T16:04:42+00:00,0.1139236111111111,800000.0,6.937935443921221,-22.29601585624772,23.350530428366465,13.07786537241974,0.050190108888513996,13.077961681629349,0.9509114504073656,1.0000000000000002,0.8859423991651751
1781453142.0,61560.0,2026-06-14T16:05:42+00:00,0.1146180555555555,800000.0,6.794111397281235,-22.34028331045286,23.35055048751454,13.440516197754432,0.04637484707323225,13.44059620286765,0.9606329204772677,1.0,0.8791096078787786
1781453202.0,61620.0,2026-06-14T16:06:42+00:00,0.1153125,800000.0,6.677017365863082,-22.37569646031454,23.35068206687269,13.754202478098396,0.04138765367738023,13.754264747575748,0.9695103127821898,1.0,0.8730067034678165
1781453262.0,61680.0,2026-06-14T16:07:42+00:00,0.1160069444444444,800000.0,6.582699301138195,-22.40386142781681,23.35090869679429,14.021054449375878,0.03532012640409171,14.021098936377715,0.97742456528062,1.0000000000000002,0.8676723900206647
1781453322.0,61740.0,2026-06-14T16:08:42+00:00,0.1167013888888888,800000.0,6.508056830931673,-22.42601657966537,23.351253142948504,14.243004243434672,0.028234035983346895,14.24303222769948,0.9842719399590446,1.0,0.8631355244898725
1781453382.0,61800.0,2026-06-14T16:09:42+00:00,0.1173958333333333,800000.0,6.45070342118564,-22.44311915213123,23.351770209233727,14.421760769895801,0.020363093191325815,14.421775145926727,0.9899644343695324,1.0000000000000002,0.8594171216059042
1781453442.0,61860.0,2026-06-14T16:10:42+00:00,0.1180902777777777,800000.0,6.408771803904664,-22.45570780762245,23.35232684714393,14.558629013804715,0.011801194921352842,14.55863379681617,0.9944300762088821,1.0,0.8565320619489936
1781453502.0,61920.0,2026-06-14T16:11:42+00:00,0.1187847222222222,800000.0,6.380900867923115,-22.46426320503689,23.352923098221265,14.654671698181353,0.002707612313329749,14.654671948311979,0.997613131189479,1.0,0.8544904814575502
1781453562.0,61980.0,2026-06-14T16:12:42+00:00,0.1194791666666666,800000.0,6.366184151822268,-22.46911518152931,23.353574409407738,14.710658610062168,-0.006775191514935691,14.710660170264836,0.9994742542656705,1.0000000000000002,0.8532988399268966
1781453622.0,62040.0,2026-06-14T16:13:42+00:00,0.1201736111111111,800000.0,6.364136292571799,-22.470472013428758,23.354321725469028,14.72706575773624,-0.01643732537653455,14.727074930832423,0.9999905905161188,1.0,0.8529606704326395
1781453682.0,62100.0,2026-06-14T16:14:42+00:00,0.1208680555555555,800000.0,6.374651289287611,-22.468303332130127,23.355102947420846,14.704000528120785,-0.026046520767564682,14.704023597377025,0.9991558261411989,1.0000000000000002,0.8534770119160294
1781453742.0,62160.0,2026-06-14T16:15:42+00:00,0.1215625,800000.0,6.397988952738069,-22.46240011838692,23.355806167158242,14.64121590764442,-0.03546174309375233,14.641258852622041,0.9969801955083717,1.0,0.8548465272927188
1781453802.0,62220.0,2026-06-14T16:16:42+00:00,0.1222569444444444,800000.0,6.4347946482147975,-22.4525760835988,23.35647137207345,14.538202982495488,-0.04461899214335513,14.538271452091564,0.9934904556707151,1.0000000000000002,0.8570653101704957
1781453862.0,62280.0,2026-06-14T16:17:42+00:00,0.1229513888888888,800000.0,6.48611872326047,-22.43850412553715,23.357144591836946,14.394128802352235,-0.05332054674833331,14.394227560359456,0.9887298284190233,1.0,0.8601263801258544
1781453922.0,62340.0,2026-06-14T16:18:42+00:00,0.1236458333333333,800000.0,6.553462549584551,-22.419611478793268,23.357800629529443,14.207815248637372,-0.061406273934561384,14.207947947184039,0.9827578995606858,1.0,0.8640188598239521
1781453982.0,62400.0,2026-06-14T16:19:42+00:00,0.1243402777777777,800000.0,6.638871395586248,-22.39511790157832,23.35842287554378,13.977807032874034,-0.06878568251062367,13.977976281221158,0.9756504527676637,1.0000000000000002,0.8687268279182515
1781454042.0,62460.0,2026-06-14T16:20:42+00:00,0.1250347222222222,800000.0,6.745021150507687,-22.364076655674776,23.359093196905,13.702417496414956,-0.07534733356036688,13.702624656128233,0.9674992342500943,1.0000000000000002,0.8742278525294508
1781454102.0,62520.0,2026-06-14T16:21:42+00:00,0.1257291666666666,800000.0,6.875316239138794,-22.325140324713335,23.35983441521594,13.37967115234705,-0.08091546303349684,13.379915823991785,0.9584116306861792,1.0000000000000002,0.8804912114053353
1781454162.0,62580.0,2026-06-14T16:22:42+00:00,0.1264236111111111,800000.0,7.034103061233134,-22.276436196639004,23.360612481246672,13.007380415198107,-0.08536817698873295,13.007660550280425,0.9485102165180003,1.0,0.8874758188606335
1781454222.0,62640.0,2026-06-14T16:23:42+00:00,0.1271180555555555,800000.0,7.226923501953683,-22.215500884001155,23.361440512736937,12.583246478863257,-0.08863751957937871,12.583558660319495,0.9379321305687097,1.0,0.8951279130446732
1781454282.0,62700.0,2026-06-14T16:24:42+00:00,0.1278125,800000.0,7.460833077040317,-22.13896528906198,23.362316115354446,12.104898829790757,-0.09070660422792712,12.105238674537574,0.9268282485364412,1.0000000000000002,0.9033785973291601
1781454342.0,62760.0,2026-06-14T16:25:42+00:00,0.1285069444444444,800000.0,7.744885331991999,-22.042193876795096,23.36325233583561,11.570017422029007,-0.09153955304990746,11.570379537241953,0.9153620961173436,1.0000000000000002,0.9121413743261556
1781454402.0,62820.0,2026-06-14T16:26:42+00:00,0.1292013888888888,800000.0,8.090829226104004,-21.918677449358157,23.36428767788525,10.976494586613754,-0.09114831303888987,10.976873025818003,0.903708399404581,1.0000000000000002,0.9213098689316759
1781454462.0,62880.0,2026-06-14T16:27:42+00:00,0.1298958333333333,800000.0,8.513973549523852,-21.7590713828252,23.36546453732248,10.322526300238552,-0.08952838338901689,10.32291453759784,0.8920512653775177,1.0000000000000002,0.9307560309493845
1781454522.0,62940.0,2026-06-14T16:28:42+00:00,0.1305902777777778,800000.0,9.034556709739014,-21.549599647889625,23.366823916095548,9.606855040986279,-0.08670236462364384,9.607246279686745,0.8805818995244883,1.0,0.94032915443257
1781454582.0,63000.0,2026-06-14T16:29:42+00:00,0.1312847222222222,800000.0,9.679542695202882,-21.26942355856905,23.368395864972577,8.828960635598518,-0.08266441133436163,8.829347615189326,0.8694957615191645,1.0,0.9498561159563037
1781454642.0,63060.0,2026-06-14T16:30:42+00:00,0.1319791666666666,800000.0,10.485006321601048,-20.886034470491257,23.370104695241803,7.989257249245256,-0.0774342800540919,7.989632498578728,0.858989185172648,1.0000000000000002,0.9591432682746022
1781454702.0,63120.0,2026-06-14T16:31:42+00:00,0.1326736111111111,800000.0,11.499078521298374,-20.347462573965863,23.37194985528437,7.089378127865213,-0.0711962041374161,7.08973561843721,0.8492554117055673,1.0,0.9679803688267505
1781454762.0,63180.0,2026-06-14T16:32:42+00:00,0.1333680555555555,800000.0,12.784208941018184,-19.56803100927481,23.373999140659475,6.132388261997604,-0.06405505604993547,6.132722792209962,0.8404801100832346,1.0,0.9761468050391449
1781454822.0,63240.0,2026-06-14T16:33:42+00:00,0.1340625,800000.0,14.41425096436922,-18.403243951712174,23.37627042130651,5.1228781152199705,-0.056102937291563765,5.123185310231561,0.8328365000997409,1.0000000000000002,0.9834201352173425
1781454882.0,63300.0,2026-06-14T16:34:42+00:00,0.1347569444444444,800000.0,21.2345378201922,9.780653161847718,23.378767561818453,4.067073479799806,-0.04745847471215932,4.067350365645048,0.8264802470116406,1.0,0.9895866395269283
1781454942.0,63360.0,2026-06-14T16:35:42+00:00,0.1354513888888888,800000.0,21.385379885300623,9.452964088935358,23.381467081971607,2.972781081213947,-0.03826165248057477,2.9730272973644403,0.8215444120151524,1.0000000000000002,0.9944531894378786
1781455002.0,63420.0,2026-06-14T16:36:42+00:00,0.1361458333333333,800000.0,21.546885290356016,9.086280902977869,23.384370129716576,1.8492668962194365,-0.028715742860520935,1.8494898343438115,0.8181347717308984,1.0000000000000002,0.9978593652371316
1781455062.0,63480.0,2026-06-14T16:37:42+00:00,0.1368402777777777,800000.0,21.716698576736757,8.681125641980485,23.38753812363951,0.7069739824993482,-0.019003243117491717,0.7072293370470226,0.8163258245703316,1.0000000000000002,0.9996884902086419
1781455122.0,63540.0,2026-06-14T16:38:42+00:00,0.0003935185185185,800000.0,28.40288693345647,10.66459196806111,30.339042634861535,-0.5964871748623557,-0.026461744905655234,0.5970738427688207,0.8161578248346726,1.0000000000000002,0.9998761957869031
1781455182.0,63600.0,2026-06-14T16:39:42+00:00,0.0010879629629629,800000.0,28.63440173330632,10.042455433166229,30.34435489100907,-2.08245652877275,-0.01348290721246384,2.0825001759940265,0.8176351412120643,1.0,0.9984153428506044
1781455242.0,63660.0,2026-06-14T16:40:42+00:00,0.0017824074074074,800000.0,28.865987555010957,9.374040626031912,30.349923808545945,-3.548439252823303,-0.0007881434543001442,3.5484393403505297,0.820726080278912,1.0,0.9953565904871958
1781455302.0,63720.0,2026-06-14T16:41:42+00:00,0.0024768518518518,800000.0,29.09381527942059,8.661325798559167,30.355702134884535,-4.9805536927588445,0.011342881063133997,4.980566609072162,0.8253641464427299,1.0,0.9908045296462686
1781455362.0,63780.0,2026-06-14T16:42:42+00:00,0.0031712962962962,800000.0,18.80615565560029,23.83610275273641,30.3616746076641,-6.366282897785602,0.022676966317600744,6.366323285809386,0.8314506162208155,1.0000000000000002,0.9849099411929921
1781455422.0,63840.0,2026-06-14T16:43:42+00:00,0.0038657407407407,800000.0,16.666470082452122,25.385740094468545,30.36786171519456,-7.6949255677230415,0.033039986203485666,7.694996499900835,0.8388582550122763,1.0,0.9778592552544885
1781455482.0,63900.0,2026-06-14T16:44:42+00:00,0.0045601851851851,800000.0,14.979888766495694,26.4233505034448,30.37417520336117,-8.957793169146981,0.04229102879897653,8.95789299960282,0.8474358633973504,1.0,0.969862572957139
1781455542.0,63960.0,2026-06-14T16:45:42+00:00,0.0052546296296296,800000.0,13.650109132163962,27.14133889655861,30.380548981508404,-10.148285181505145,0.05025023255974183,10.14840959022788,0.8570132594518314,1.0000000000000002,0.9611416182545718
1781455602.0,64020.0,2026-06-14T16:46:42+00:00,0.005949074074074,800000.0,12.595138743582671,27.65375486020671,30.386965591162664,-11.261893108393785,0.05672905268458338,11.262035986903342,0.8674064015076076,1.0,0.9519187696131515
1781455662.0,64080.0,2026-06-14T16:47:42+00:00,0.0066435185185185,800000.0,11.751558645243612,28.029669392474528,30.393444965058226,-12.295959464931142,0.06162404664581461,12.296113885547529,0.8784223473960895,1.0,0.9424079645807032
1781455722.0,64140.0,2026-06-14T16:48:42+00:00,0.0073379629629629,800000.0,11.071784663015816,28.31205325572557,30.399946960138486,-13.24946043474938,0.06493987756169328,13.249619579432723,0.8898638782181072,1.0,0.932807882203938
1781455782.0,64200.0,2026-06-14T16:49:42+00:00,0.0080324074074074,800000.0,10.52026277147095,28.52839889567181,30.406339344474965,-14.122659276959501,0.06664144820682033,14.122816508604414,0.9015336342533847,1.0,0.9232974554920848
1781455842.0,64260.0,2026-06-14T16:50:42+00:00,0.0087268518518518,800000.0,10.070314001948889,28.696894326634705,30.41254622835594,-14.916856043700747,0.06665270281087404,14.917004954456626,0.9132376670636283,1.0,0.9140334960888772
1781455902.0,64320.0,2026-06-14T16:51:42+00:00,0.0094212962962962,800000.0,9.701764897882262,28.829869374876008,30.418507693609723,-15.634141396753057,0.0649488037419127,15.634276304350486,0.9247884605915966,1.0,0.9051500776155348
1781455962.0,64380.0,2026-06-14T16:52:42+00:00,0.0101157407407407,800000.0,9.399167877464812,28.935879088638625,30.424159075002887,-16.277093663883335,0.0615050026600869,16.277209865581483,0.9360074021562199,1.0,0.89675925122127
1781456022.0,64440.0,2026-06-14T16:53:42+00:00,0.0108101851851851,800000.0,9.150628383029996,29.02104276740506,30.429507441164205,-16.848634467335252,0.05638414747644205,16.848728812167526,0.9467267744891221,1.0,0.8889526789421884
1781456082.0,64500.0,2026-06-14T16:54:42+00:00,0.0115046296296296,800000.0,8.94687926327544,29.08975390539669,30.43452695259399,-17.351779112914578,0.04973190054017723,17.351850381020174,0.9567913377906272,1.0,0.8818038244694413
1781456142.0,64560.0,2026-06-14T16:55:42+00:00,0.012199074074074,800000.0,8.780612507239601,29.14516817362604,30.439119301833237,-17.78943666323725,0.04166799249127856,17.789485462399636,0.9660595279255233,1.0000000000000002,0.8753703939865879
1781456202.0,64620.0,2026-06-14T16:56:42+00:00,0.0128935185185185,800000.0,8.646087897613562,29.18963338183726,30.443218175799483,-18.16437975311437,0.032321512338353287,18.164408509376546,0.974404375560294,1.0,0.8696968091195529
1781456262.0,64680.0,2026-06-14T16:57:42+00:00,0.0135879629629629,800000.0,8.538800830192036,29.224883161299417,30.44675541678112,-18.479146286321946,0.021868183713586176,18.47915922569923,0.9817142157996751,1.0,0.8648165625858221
1781456322.0,64740.0,2026-06-14T16:58:42+00:00,0.0142824074074074,800000.0,8.455231544612607,29.252162936385066,30.449630160805437,-18.735954489325632,0.01047083724908332,18.735957415208702,0.9878932089794634,1.0000000000000002,0.8607543493294526
1781456382.0,64800.0,2026-06-14T16:59:42+00:00,0.0149768518518518,800000.0,8.392674557699804,29.2724143422558,30.451785295055604,-18.93668986052072,-0.001766391419192881,18.93668994290414,0.9928617216143285,1.0000000000000002,0.8575279132678871
1781456442.0,64860.0,2026-06-14T17:00:42+00:00,0.0156712962962962,800000.0,8.349158977113788,29.28638211048828,30.45325323748922,-19.082932786350096,-0.01467829950553251,19.082938431510797,0.9965566095143974,1.0000000000000002,0.8551495828096942
1781456502.0,64920.0,2026-06-14T17:01:42+00:00,0.0163657407407407,800000.0,8.323286862609454,29.29452480111416,30.45400281605654,-19.175817723433,-0.02801902842534308,19.175838193630053,0.9989314137603051,1.0000000000000002,0.8536274816240976
1781456562.0,64980.0,2026-06-14T17:02:42+00:00,0.0170601851851851,800000.0,8.314196906332143,29.29712486660036,30.454021009489637,-19.216070434248373,-0.04164046103058204,19.21611555080759,0.9999564884010819,1.0,0.8529664111635697
1781456622.0,65040.0,2026-06-14T17:03:42+00:00,0.0177546296296296,800000.0,8.32152823568259,29.29433989691409,30.453344351207065,-19.20401277095728,-0.055303588659791486,19.204092402246168,0.9996190815340011,1.0,0.853168410460008
1781456682.0,65100.0,2026-06-14T17:04:42+00:00,0.018449074074074,800000.0,8.345424614876931,29.286135458513524,30.45199241588302,-19.139546251118766,-0.068805185408045,19.139669925373674,0.9979233717147286,1.0,0.8542329963411762
1781456742.0,65160.0,2026-06-14T17:05:42+00:00,0.0191435185185185,800000.0,8.386536709752136,29.27232632930368,30.450009634042246,-19.022165831936928,-0.08191741566375754,19.02234221647528,0.9948904614181102,1.0000000000000002,0.8561570859221246
1781456802.0,65220.0,2026-06-14T17:06:42+00:00,0.0198379629629629,800000.0,8.446060159512914,29.25254815555441,30.44745483305856,-18.8509682860248,-0.09438460380895825,18.851204570906045,0.990558322752713,1.0000000000000002,0.8589345996506748
1781456862.0,65280.0,2026-06-14T17:07:42+00:00,0.0205324074074074,800000.0,8.52578536959463,29.22620444709288,30.4443762056585,-18.624651018952843,-0.10597642543936359,18.624952525591308,0.9849816902307911,1.0,0.8625557416078764
1781456922.0,65340.0,2026-06-14T17:08:42+00:00,0.0212268518518518,800000.0,8.6281517927244,29.19239390522988,30.440776357977406,-18.341496840312416,-0.11642342371571884,18.341866337883395,0.9782318931122229,1.0000000000000002,0.8670059532604626
1781456982.0,65400.0,2026-06-14T17:09:42+00:00,0.0219212962962962,800000.0,8.756355289133158,29.149821455252397,30.436587338639384,-17.999390541132254,-0.12557057844462677,17.999828549804917,0.9703966162387411,1.0,0.8722645394803408
1781457042.0,65460.0,2026-06-14T17:10:42+00:00,0.0226157407407407,800000.0,8.914517636332219,29.09686530485652,30.43182865450976,-17.59592815923158,-0.13332474545456052,17.59643325428734,0.9615795683692536,1.0,0.8783029736947907
1781457102.0,65520.0,2026-06-14T17:11:42+00:00,0.0233101851851851,800000.0,9.107859772061056,29.03143271208838,30.426586974947476,-17.128422711491343,-0.13959144266754459,17.128991515976605,0.9519000430036173,1.0,0.8850829057130647
1781457162.0,65580.0,2026-06-14T17:12:42+00:00,0.0240046296296296,800000.0,9.343028581131064,28.95061758345471,30.42088824362742,-16.593961769556003,-0.14424118303502903,16.594588658004437,0.9414923302209263,1.0,0.8925539103863398
1781457222.0,65640.0,2026-06-14T17:13:42+00:00,0.024699074074074,800000.0,9.628529691124816,28.85047710805654,30.414776234182074,-15.98955886241754,-0.1472124420438295,15.990236524761222,0.9305048992200373,1.0,0.9006510486924311
1781457282.0,65700.0,2026-06-14T17:14:42+00:00,0.0253935185185185,800000.0,9.975246778495022,28.725599758107947,30.40831514166621,-15.312246256566569,-0.1484878529508113,15.312966207244463,0.9190993306729633,1.0,0.9092923793569705
1781457342.0,65760.0,2026-06-14T17:15:42+00:00,0.0260879629629629,800000.0,10.397268297827091,28.56840884047844,30.401598177295334,-14.559279714416059,-0.14802690866364654,14.560032203545962,0.90744894856616,1.0,0.9183766073244568
1781457402.0,65820.0,2026-06-14T17:16:42+00:00,0.0267824074074074,800000.0,10.912928432963962,28.368067689711324,30.39472440130091,-13.728282527070178,-0.14585256044598427,13.729057291469397,0.8957370450505956,1.0000000000000002,0.9277811182344935
1781457462.0,65880.0,2026-06-14T17:17:42+00:00,0.0274768518518518,800000.0,11.54638721379739,28.108681308213797,30.387777519550053,-12.817519229705022,-0.14195688047450117,12.818305307636109,0.8841546539648866,1.0000000000000002,0.9373607370828925
1781457522.0,65940.0,2026-06-14T17:18:42+00:00,0.0281712962962962,800000.0,12.329729728337108,27.76640376076737,30.380839570028282,-11.826126549502241,-0.13636689402663188,11.826912745709603,0.8728978223823592,1.0,0.9469476059694395
1781457582.0,66000.0,2026-06-14T17:19:42+00:00,0.0288657407407407,800000.0,13.305884604585072,27.304413078514116,30.373961524184935,-10.754416798156635,-0.12910717314417466,10.755191738441063,0.8621643253729805,1.0,0.9563526052220392
1781457642.0,66060.0,2026-06-14T17:20:42+00:00,0.0295601851851851,800000.0,14.532220394895898,26.664160126199327,30.367134616908235,-9.604158035398259,-0.12024902334291153,9.604910795864784,0.8521498174837456,1.0,0.9653687231487487
1781457702.0,66120.0,2026-06-14T17:21:42+00:00,0.0302546296296296,800000.0,16.083987159566377,25.749872102207505,30.360345126976743,-8.378869710177009,-0.1099708400604521,8.379591350763196,0.8430434537547353,1.0,0.9737766750427891
1781457762.0,66180.0,2026-06-14T17:22:42+00:00,0.030949074074074,800000.0,18.05366076759984,24.401041882886528,30.35367378229456,-7.084064837556083,-0.09848795615384015,7.084749431010659,0.8350230767243476,1.0,0.9813528669137397
1781457822.0,66240.0,2026-06-14T17:23:42+00:00,0.0316435185185185,800000.0,20.53276555676849,22.34632565347338,30.347203027961253,-5.727331268753872,-0.08595346911676682,5.727976209875442,0.8282501557513823,1.0,0.9878794895303469
1781457882.0,66300.0,2026-06-14T17:24:42+00:00,0.0323379629629629,800000.0,29.672687964698245,-6.33294854401732,30.340973094340914,-4.3183568003993615,-0.07252835650326916,4.318965827377252,0.8228646832198494,1.0,0.9931561471653474
1781457942.0,66360.0,2026-06-14T17:25:42+00:00,0.0330324074074074,800000.0,29.787363316085905,-5.738113902795303,30.33501218865674,-2.8687616280696733,-0.05842850570781724,2.869356577521206,0.818980357185831,1.0,0.9970120451083185
1781458002.0,66420.0,2026-06-14T17:26:42+00:00,0.0337268518518518,800000.0,29.895069255878767,-5.11425590202474,30.32937156034036,-1.3917615195010817,-0.04386764223649531,1.3924526911889499,0.8166804158480203,1.0000000000000002,0.9993174534334478
1781458062.0,66480.0,2026-06-14T17:27:42+00:00,0.0344212962962963,800000.0,29.993581286515237,-4.464793088079809,30.324071225845685,0.09829491622614532,-0.029065974461551826,0.10250229961959151,0.8160144429656355,1.0000000000000002,0.9999930479472222
1781458122.0,66540.0,2026-06-14T17:28:42+00:00,0.0351157407407407,800000.0,30.08088433302281,-3.7934630990143456,30.319135286816486,1.586490377555766,-0.014255131108925137,1.5865544197536905,0.8169964000825167,1.0,0.9990158738999715
1781458182.0,66600.0,2026-06-14T17:29:42+00:00,0.0358101851851851,800000.0,30.155258917228807,-3.1043028725492685,30.314622489643924,3.057983932804821,0.00032179805255556915,3.0579839497365624,0.8196040670069683,1.0000000000000002,0.9964210822551368
1781458242.0,66660.0,2026-06-14T17:30:42+00:00,0.0365046296296296,800000.0,30.21527636293478,-2.401591990902666,30.310568615241998,4.498657090326164,0.014514991824271795,4.498680506696328,0.8237799707694982,1.0,0.9922991839889794
1781458302.0,66720.0,2026-06-14T17:31:42+00:00,0.037199074074074,800000.0,19.47372345567481,-23.22251876164624,30.306951065112287,5.8956857881474445,0.02815055110224507,5.89575299398568,0.8294337217887878,1.0,0.986789226616504
1781458362.0,66780.0,2026-06-14T17:32:42+00:00,0.0378935185185185,800000.0,17.18115830736284,-24.962409780005547,30.303697840487715,7.237947083508933,0.04103742982647415,7.238063418782833,0.8364455328226879,1.0,0.9800688607794877
1781458422.0,66840.0,2026-06-14T17:33:42+00:00,0.0385879629629629,800000.0,15.370624740744349,-26.112841682444973,30.300769060425147,8.516288430265638,0.05293029040762745,8.5164529143957,0.8446705803578227,1.0,0.9723426072423758
1781458482.0,66900.0,2026-06-14T17:34:42+00:00,0.0392824074074074,800000.0,13.94496073738086,-26.89829994458283,30.298192518297828,9.723657400468001,0.06361797281839748,9.723865511623535,0.853943888023561,1.0,0.9638297095045961
1781458542.0,66960.0,2026-06-14T17:35:42+00:00,0.0399768518518518,800000.0,12.816617891927034,-27.451421460193817,30.29597719785341,10.85507375544489,0.0729658516097717,10.855318984334343,0.8640854253342642,1.0000000000000002,0.9547527959121058
1781458602.0,67020.0,2026-06-14T17:36:42+00:00,0.0406712962962962,800000.0,11.916743994276372,-27.851880181159704,30.294158134049518,11.907514220225151,0.08084653847500937,11.9077886724466,0.8749051329351462,1.0000000000000002,0.9453282475409814
1781458662.0,67080.0,2026-06-14T17:37:42+00:00,0.0413657407407407,800000.0,11.193366201961664,-28.148734754255734,30.292618163451344,12.879576339558946,0.0871137112652421,12.879870942102526,0.8862076447400494,1.0,0.9357587751846261
1781458722.0,67140.0,2026-06-14T17:38:42+00:00,0.0420601851851851,800000.0,10.607769729159536,-28.373333770404383,30.291431921809888,13.771348588219297,0.09174670940390595,13.771654199729822,0.8977965164002004,1.0,0.9262283348573086
1781458782.0,67200.0,2026-06-14T17:39:42+00:00,0.0427546296296296,800000.0,10.130890635504334,-28.546057876056143,30.290466575008324,14.583927449946469,0.09467050613383224,14.58423472006789,0.9094778951282025,1.0,0.9168992297220626
1781458842.0,67260.0,2026-06-14T17:40:42+00:00,0.043449074074074,800000.0,9.740854615527548,-28.680752441891062,30.28976410066418,15.319329681414672,0.09581778900273702,15.319629334176527,0.9210636482231745,1.0,0.907911073697888
1781458902.0,67320.0,2026-06-14T17:41:42+00:00,0.0441435185185185,800000.0,9.42097792856524,-28.78692063269525,30.289298847012105,15.980124859344889,0.09519453542201212,15.980408396528128,0.9323739529989343,1.0,0.8993812040235152
1781458962.0,67380.0,2026-06-14T17:42:42+00:00,0.0448379629629629,800000.0,9.158409254626456,-28.87126074877851,30.289043519054644,16.569216721928907,0.09281575841148859,16.5694766828424,0.9432393513449495,1.0000000000000002,0.8914061104807498
1781459022.0,67440.0,2026-06-14T17:43:42+00:00,0.0455324074074074,800000.0,8.943143828249395,-28.93863270715725,30.289012603459142,17.089651902268724,0.08872810056892472,17.08988223530366,0.9535023696242219,1.0,0.884063504911465
1781459082.0,67500.0,2026-06-14T17:44:42+00:00,0.0462268518518518,800000.0,8.767334518658906,-28.992588578181778,30.289211726715248,17.544458025773267,0.08305802511829552,17.54465462907881,0.9630187647438359,1.0,0.8774147147722435
1781459142.0,67560.0,2026-06-14T17:45:42+00:00,0.0469212962962962,800000.0,8.624805369936977,-29.03565116952873,30.28954120662525,17.936497335256476,0.07598607868357088,17.93665828803728,0.9716584856882117,1.0000000000000002,0.8715071675475772
1781459202.0,67620.0,2026-06-14T17:46:42+00:00,0.0476157407407407,800000.0,8.510725505375534,-29.069710614888187,30.289940968268535,18.268447380418994,0.06754586458780798,18.268572252230346,0.9793063955790087,1.0000000000000002,0.8663767911274174
1781459262.0,67680.0,2026-06-14T17:47:42+00:00,0.0483101851851851,800000.0,8.421284225338137,-29.096255244050248,30.290429135798828,18.54269979704299,0.05788877252133923,18.542790158798706,0.9858627935867106,1.0,0.8620502108956548
1781459322.0,67740.0,2026-06-14T17:48:42+00:00,0.0490046296296296,800000.0,8.353537872913485,-29.116384331788613,30.29101238900122,18.76131365619444,0.04721404678751179,18.76137306468591,0.9912437977315147,1.0,0.8585466803697674
1781459382.0,67800.0,2026-06-14T17:49:42+00:00,0.049699074074074,800000.0,8.305280107338271,-29.13088367267492,30.29168303697018,18.925985672373663,0.035724542524473574,18.926019389027154,0.9953816286713404,1.0,0.8558797115475397
1781459442.0,67860.0,2026-06-14T17:50:42+00:00,0.0503935185185185,800000.0,8.27491483585422,-29.140318779798672,30.292447806820224,19.038014678828997,0.02364384371402073,19.03802936079924,0.9982248028925684,1.0,0.8540583838119223
1781459502.0,67920.0,2026-06-14T17:51:42+00:00,0.0510879629629629,800000.0,8.261406287358808,-29.145001278618118,30.29326547890576,19.09827586462082,0.01125473766303238,19.098279180865433,0.999738261560142,1.0000000000000002,0.8530883290553074
1781459562.0,67980.0,2026-06-14T17:52:42+00:00,0.0517824074074074,800000.0,8.264242047663847,-29.14499362220113,30.294031588095365,19.107209597026564,-0.0011985689303468244,19.10720963461885,0.9999034521710719,1.0,0.8529723976567991
1781459622.0,68040.0,2026-06-14T17:53:42+00:00,0.0524768518518518,800000.0,8.28338412339587,-29.140206612572168,30.294654544310642,19.064826978082,-0.01358487738334635,19.064831818117273,0.9987183630842776,1.0,0.8537110078226421
1781459682.0,68100.0,2026-06-14T17:54:42+00:00,0.0531712962962962,800000.0,8.319271145727324,-29.130545092794225,30.295196480621296,18.970770689350235,-0.02574998648036425,18.97078816522165,0.9961975248678676,1.0,0.8553021829399188
1781459742.0,68160.0,2026-06-14T17:55:42+00:00,0.0538657407407407,800000.0,8.372873305476883,-29.115696699396853,30.295689490104632,18.82427086250367,-0.037435282031549055,18.824308085697215,0.992371981515093,1.0,0.8577412783538921
1781459802.0,68220.0,2026-06-14T17:56:42+00:00,0.0545601851851851,800000.0,8.44569874393477,-29.095075783350197,30.296093182326207,18.624108240745603,-0.048421253682109366,18.624171186413005,0.9872892159623048,1.0,0.8610203928825289
1781459862.0,68280.0,2026-06-14T17:57:42+00:00,0.0552546296296296,800000.0,8.539843217842549,-29.067926828461616,30.296423754135237,18.368666029847244,-0.05859847864400636,18.368759498065284,0.9810130383963851,1.0000000000000002,0.8651274642907042
1781459922.0,68340.0,2026-06-14T17:58:42+00:00,0.055949074074074,800000.0,8.658149507553013,-29.033270629569916,30.296771384835505,18.05600575413106,-0.06777119931761028,18.056132939493743,0.97362341637469,1.0,0.8700450412847665
1781459982.0,68400.0,2026-06-14T17:59:42+00:00,0.0566435185185185,800000.0,8.804314667875188,-28.98973078128584,30.297201975469516,17.683835726997728,-0.07568743539863393,17.68399769869128,0.9652162126441486,1.0000000000000002,0.8757487299520142
1781460042.0,68460.0,2026-06-14T18:00:42+00:00,0.0573379629629629,800000.0,8.983079024040546,-28.935217201845926,30.29756596279902,17.24949915084901,-0.08221813051133064,17.249695092265416,0.9559028237357191,1.0,0.882205331289964
1781460102.0,68520.0,2026-06-14T18:01:42+00:00,0.0580324074074074,800000.0,9.200422198994463,-28.86727669649493,30.29797736667828,16.750150856332716,-0.08729668385741629,16.750378336650076,0.945809687075577,1.0000000000000002,0.8893707006940443
1781460162.0,68580.0,2026-06-14T18:02:42+00:00,0.0587268518518518,800000.0,9.464012019715982,-28.782495757018328,30.298507975015973,16.182815209326833,-0.09074643968648516,16.18306964131143,0.9350776169392,1.0000000000000002,0.8971873883995398
1781460222.0,68640.0,2026-06-14T18:03:42+00:00,0.0594212962962963,800000.0,9.783567596320967,-28.676065308146924,30.299091017205274,15.54437756117777,-0.09258749051001963,15.544653299699094,0.9238609246320776,1.0,0.9055821622071583
1781460282.0,68700.0,2026-06-14T18:04:42+00:00,0.0601157407407407,800000.0,10.171630742701767,-28.541463361396907,30.299788823947893,14.831891062197036,-0.09278625807279117,14.832181288352952,0.9123262428762633,1.0,0.9144635651214357
1781460342.0,68760.0,2026-06-14T18:05:42+00:00,0.0608101851851851,800000.0,10.644472613044494,-28.3694154145354,30.300635771751278,14.042684366926212,-0.09132161900510125,14.042981302672574,0.9006509874568516,1.0000000000000002,0.9237197303226983
1781460402.0,68820.0,2026-06-14T18:06:42+00:00,0.0615046296296296,800000.0,11.223412000132138,-28.14652715328176,30.301682588845416,13.174589138318634,-0.0882143679544705,13.174884467736973,0.8890214092116685,1.0000000000000002,0.9332167541854287
1781460462.0,68880.0,2026-06-14T18:07:42+00:00,0.062199074074074,800000.0,11.936659966222642,-27.85293928848694,30.302971441054453,12.226183989846776,-0.08347347570478204,12.226468941388264,0.8776301633716305,1.0,0.9427979903504438
1781460522.0,68940.0,2026-06-14T18:08:42+00:00,0.0628935185185185,800000.0,12.82186451596807,-27.458385822922377,30.304507283014942,11.197073099988353,-0.07713756174137357,11.197338800354046,0.8666733371490688,1.0,0.9522846789431232
1781460582.0,69000.0,2026-06-14T18:09:42+00:00,0.0635879629629629,800000.0,13.929446220542747,-26.915437334947907,30.306273920469014,10.088187898829727,-0.06930803797209326,10.088425976643833,0.8563469094076013,1.0,0.9614783352797516
1781460642.0,69060.0,2026-06-14T18:10:42+00:00,0.0642824074074074,800000.0,15.32637807817752,-26.14754067779661,30.30827854716049,8.90210774476941,-0.06013043113930277,8.902310821816576,0.8468426385717691,1.0,0.9701652594303856
1781460702.0,69120.0,2026-06-14T18:11:42+00:00,0.0649768518518518,800000.0,17.098188136698614,-25.027636513783403,30.310569559544827,7.6432830450949725,-0.049768086530776606,7.643445072077983,0.8383434613352669,1.0,0.9781233751678945
1781460762.0,69180.0,2026-06-14T18:12:42+00:00,0.0656712962962963,800000.0,19.341361930416376,-23.340970147328385,30.313184734399563,6.3181938073478445,-0.03836855915211476,6.318310306841542,0.8310185477684376,1.0000000000000002,0.9851313430190405
1781460822.0,69240.0,2026-06-14T18:13:42+00:00,0.0663657407407407,800000.0,30.315902090715447,0.1225591016861888,30.31614982657348,4.9354337059933755,-0.02610350467030273,4.935502736217616,0.8250181918992538,1.0,0.9909795410570825
1781460882.0,69300.0,2026-06-14T18:14:42+00:00,0.0670601851851851,800000.0,30.31433380130876,-0.5590661824911154,30.31948859749412,3.5056238625041245,-0.013150587602090147,3.5056485282059606,0.8204688217306592,1.0,0.9954821189431348
1781460942.0,69360.0,2026-06-14T18:15:42+00:00,0.0677546296296296,800000.0,30.29780037688564,-1.2402737546294234,30.323175735137543,2.04121224376639,0.0003612354319990768,2.041212275730493,0.8174684576087878,1.0,0.9984889730927481
1781461002.0,69420.0,2026-06-14T18:16:42+00:00,0.068449074074074,800000.0,30.26655146519799,-1.916595657202253,30.327173895842737,0.5560263620329935,0.014169798030036103,0.5562068845779038,0.8160829547730498,1.0,0.9998962744146686
1781461062.0,69480.0,2026-06-14T18:17:42+00:00,0.0691435185185185,800000.0,10.0242642177023,-0.8681102893839642,10.061783568574759,-0.3213228553616028,0.01105508396678257,0.32151297370284476,0.8163433717079981,1.0000000000000002,0.9996541908095729
1781461122.0,69540.0,2026-06-14T18:18:42+00:00,0.0698379629629629,800000.0,10.005471380891269,-1.0844040621671456,10.06406427462975,-0.8125449383425543,0.016213823221174813,0.8127066905652696,0.8182446835539596,1.0,0.9977707261539825
1781461182.0,69600.0,2026-06-14T18:19:42+00:00,0.0705324074074074,800000.0,9.982797469919497,-1.2948433616518742,10.066422634513465,-1.296000661834039,0.02119802436590136,1.2961740128976835,0.8217459538710417,1.0,0.9943111176876368
1781461242.0,69660.0,2026-06-14T18:20:42+00:00,0.0712268518518518,800000.0,9.956767150227344,-1.4981578179228063,10.06884744800762,-1.767199999092879,0.025908630000197157,1.7673899099809185,0.8267719888257536,1.0,0.9893928811820183
1781461302.0,69720.0,2026-06-14T18:21:42+00:00,0.0719212962962963,800000.0,6.03377094163732,8.063845000785667,10.071344893947526,-2.2221440280092892,0.030263559272244066,2.2223500993851473,0.8332162505668158,1.0,0.9831772179173752
1781461362.0,69780.0,2026-06-14T18:22:42+00:00,0.0726157407407407,800000.0,5.36572276785761,8.526016488914792,10.07392366413169,-2.6574496321663896,0.03420556844825923,2.6576697628588373,0.8409447965347171,1.0,0.9758579588820955
1781461422.0,69840.0,2026-06-14T18:23:42+00:00,0.0733101851851851,800000.0,4.839665801534506,8.838275401117697,10.076580627204093,-3.07042997157266,0.037689707619620524,3.070661284543142,0.8498009822603854,1.0000000000000002,0.9676494361222222
1781461482.0,69900.0,2026-06-14T18:24:42+00:00,0.0740046296296296,800000.0,4.424436954301458,9.056299314562066,10.079295592328153,-3.459080281299699,0.040680166312159295,3.4593194805348046,0.8596105293330575,1.0,0.9587746147141649
1781461542.0,69960.0,2026-06-14T18:25:42+00:00,0.074699074074074,800000.0,4.094417652239531,9.213202224762949,10.082031102181128,-3.8220389606060157,0.043138889483520196,3.8222824045557102,0.8701865808015707,1.0,0.9494545444030983
1781461602.0,70020.0,2026-06-14T18:26:42+00:00,0.0753935185185185,800000.0,3.830040736909256,9.32916867819772,10.084770709969057,-4.1585576905392925,0.045010856158219356,4.158801274732371,0.8813345784943798,1.0,0.9398998241990963
1781461662.0,70080.0,2026-06-14T18:27:42+00:00,0.0760879629629629,800000.0,3.6166784365097695,9.416872411685878,10.08750955048298,-4.46841652422923,0.046284537154916115,4.468656228933311,0.8928568248951532,1.0000000000000002,0.9303043970498314
1781461722.0,70140.0,2026-06-14T18:28:42+00:00,0.0767824074074074,800000.0,3.4433946749274256,9.48450080171374,10.090229053149741,-4.751801683250442,0.0469348188704944,4.752033471490299,0.9045564668000836,1.0,0.9208416378339995
1781461782.0,70200.0,2026-06-14T18:29:42+00:00,0.0774768518518518,800000.0,3.3019706638325133,9.5374875305667,10.092902390319933,-5.00922204699882,0.04696625225188565,5.009442218949095,0.9162409266421118,1.0000000000000002,0.9116624783483347
1781461842.0,70260.0,2026-06-14T18:30:42+00:00,0.0781712962962963,800000.0,3.186168364221641,9.579540857341494,10.095507509909634,-5.241416199541384,0.04637601858233212,5.241621362890913,0.9277247835460726,1.0000000000000002,0.9028951867421267
1781461902.0,70320.0,2026-06-14T18:31:42+00:00,0.0788657407407407,800000.0,3.0911890820709607,9.613250639160958,10.098021479103878,-5.44925648670838,0.045168001680210984,5.44944367860694,0.9388320754922675,1.0,0.8946463573970268
1781461962.0,70380.0,2026-06-14T18:32:42+00:00,0.0795601851851851,800000.0,3.013317541855485,9.640471362868327,10.100434184050618,-5.633700618159291,0.043355549245240876,5.633867442414556,0.9493981569402093,1.0000000000000002,0.8870027161544095
1781462022.0,70440.0,2026-06-14T18:33:42+00:00,0.0802546296296296,800000.0,2.94966103074479,9.6625431290944,10.102734279288148,-5.795736692072156,0.04098628493285489,5.7958816136446485,0.9592711853241354,1.0,0.8800334006132139
1781462082.0,70500.0,2026-06-14T18:34:42+00:00,0.080949074074074,800000.0,2.8979460864887505,9.68042456585697,10.104885516196736,-5.936318248661429,0.038121109953858784,5.936440648100072,0.9683132632689815,1.0000000000000002,0.8737924327399912
1781462142.0,70560.0,2026-06-14T18:35:42+00:00,0.0816435185185185,800000.0,2.85637476794886,9.694813067111834,10.106843088779863,-6.05632782596696,0.0348029283060422,6.056427823346065,0.9764012925169663,1.0000000000000002,0.868321174044973
1781462202.0,70620.0,2026-06-14T18:36:42+00:00,0.0823379629629629,800000.0,2.8235506724656774,9.70622067524538,10.10856855328895,-6.15657825651748,0.0310819605674488,6.156656715856141,0.9834276277954114,1.0000000000000002,0.8636506291691196
1781462262.0,70680.0,2026-06-14T18:37:42+00:00,0.0830324074074074,800000.0,2.7983886763439023,9.715024298736656,10.110028501885315,-6.2377793061142714,0.02699898068600326,6.237837735685782,0.9893005746843458,1.0,0.8598035126312983
1781462322.0,70740.0,2026-06-14T18:38:42+00:00,0.0837268518518518,800000.0,2.7800590997748778,9.72151469965199,10.111210444540793,-6.300528922744617,0.022600909283728918,6.3005694589808225,0.9939447408780215,1.0,0.856796018683931
1781462382.0,70800.0,2026-06-14T18:39:42+00:00,0.0844212962962963,800000.0,2.7679512711900154,9.72590230812173,10.11210808619103,-6.345300464067416,0.017939592571220922,6.345325823649704,0.9973012899414658,1.0,0.8546392739294463
1781462442.0,70860.0,2026-06-14T18:40:42+00:00,0.0851157407407407,800000.0,2.7616505668233917,9.728348305109556,10.112738234462707,-6.372446451948965,0.013063923871248946,6.372459842875737,0.9993281169881316,1.0000000000000002,0.8533404626904115
1781462502.0,70920.0,2026-06-14T18:41:42+00:00,0.0858101851851851,800000.0,2.760914503113641,9.728956156179729,10.113122009665002,-6.3821817713126725,0.008063132267126662,6.382186864717902,0.9999999645651738,1.0,0.8529036259293721
1781462562.0,70980.0,2026-06-14T18:42:42+00:00,0.0865046296296296,800000.0,2.7656710608991504,9.727756640308709,10.113267803740055,-6.374580449571706,0.003004940660490847,6.374581157827563,0.9993084901205174,1.0000000000000002,0.8533301373532308
1781462622.0,71040.0,2026-06-14T18:43:42+00:00,0.087199074074074,800000.0,2.776010955394128,9.724726290102389,10.113186354551011,-6.349576688237787,-0.0020323728837077365,6.349577013498795,0.9972622881781175,1.0,0.8546188603723082
1781462682.0,71100.0,2026-06-14T18:44:42+00:00,0.0878935185185185,800000.0,2.7921974542453976,9.719787967304796,10.112894973886437,-6.306971566141583,-0.006968405876907197,6.306975415743975,0.9938868643487799,1.0000000000000002,0.8567659865297037
1781462742.0,71160.0,2026-06-14T18:45:42+00:00,0.0885879629629629,800000.0,2.8146608040181684,9.712789542424,10.112398139763743,-6.24641350358344,-0.01171318301318558,6.246424485768306,0.9892245668585459,1.0,0.8597645548043112
1781462802.0,71220.0,2026-06-14T18:46:42+00:00,0.0892824074074074,800000.0,2.8440355359192453,9.703501797045512,10.111700413621683,-6.167422155875483,-0.01621133570394659,6.167443461936972,0.983334467550032,1.0000000000000002,0.8636036471271076
1781462862.0,71280.0,2026-06-14T18:47:42+00:00,0.0899768518518518,800000.0,2.881184192965879,9.691618575139762,10.1108205878549,-6.069395881398556,-0.02039697652111927,6.06943015461822,0.9762921772888711,1.0,0.8682672566387417
1781462922.0,71340.0,2026-06-14T18:48:42+00:00,0.0906712962962962,800000.0,2.9272238664036183,9.676711991645904,10.109767283835302,-5.951599873032986,-0.024195072658939748,5.951649053012722,0.9681895944794596,1.0,0.8737328318710701
1781462982.0,71400.0,2026-06-14T18:49:42+00:00,0.0913657407407407,800000.0,2.983601810433886,9.658188016849437,10.108534786606732,-5.813195364638815,-0.02754998116078461,5.813260646910662,0.9591345559396606,1.0,0.8799695013396578
1781463042.0,71460.0,2026-06-14T18:50:42+00:00,0.0920601851851851,800000.0,3.052168194164137,9.635257897373348,10.107122510109525,-5.653263079582289,-0.030425110179584523,5.6533449509381315,0.9492503452517259,1.0,0.886936001871415
1781463102.0,71520.0,2026-06-14T18:51:42+00:00,0.0927546296296296,800000.0,3.1352744990638755,9.606870372516022,10.105538310194385,-5.4708241669023305,-0.032789060165201445,5.470922425663619,0.9386750403401599,1.0000000000000002,0.8945783683116535
1781463162.0,71580.0,2026-06-14T18:52:42+00:00,0.093449074074074,800000.0,3.2359191717515103,9.571596464768746,10.103792939806445,-5.264873215784531,-0.03462735137659295,5.264987087519656,0.9275606602124413,1.0000000000000002,0.9028274723163041
1781463222.0,71640.0,2026-06-14T18:53:42+00:00,0.0941435185185185,800000.0,3.357964002698277,9.527463584869174,10.10190499878244,-5.034437550244563,-0.03592840199743999,5.034565750626618,0.9160720232117067,1.0,0.9115965447575256
1781463282.0,71700.0,2026-06-14T18:54:42+00:00,0.0948379629629629,800000.0,3.506404097759384,9.47171029120604,10.099909184607663,-4.778624016786212,-0.03670071198250524,4.778764948819519,0.904385262708721,1.0000000000000002,0.9207788917120123
1781463342.0,71760.0,2026-06-14T18:55:42+00:00,0.0955324074074074,800000.0,3.6877684963710218,9.400358626858925,10.097840303569253,-4.496687883652973,-0.036936634176689374,4.496839583300226,0.8926859557944871,1.0000000000000002,0.9302460852123005
1781463402.0,71820.0,2026-06-14T18:56:42+00:00,0.0962268518518518,800000.0,3.910670931339871,9.307534883544458,10.095719525701156,-4.188108784381308,-0.03661938805381836,4.188268875011884,0.8811667716063913,1.0000000000000002,0.939846970465013
1781463462.0,71880.0,2026-06-14T18:57:42+00:00,0.0969212962962963,800000.0,4.186583265509505,9.184361386456546,10.093560992834899,-3.8526877843427183,-0.03576925626957805,3.8528538258436025,0.8700245909543504,1.0000000000000002,0.9494079008626574
1781463522.0,71940.0,2026-06-14T18:58:42+00:00,0.0976157407407407,800000.0,4.530858665194383,9.017057829677558,10.09138306416501,-3.4906390883381566,-0.03440907449853911,3.490808678435712,0.8594570755892781,1.0000000000000002,0.9587346312751147
1781463582.0,72000.0,2026-06-14T18:59:42+00:00,0.0983101851851851,800000.0,4.963969297444858,8.78357288174,10.089209273021028,-3.102691265833005,-0.03256633593162403,3.102862171820145,0.8496586844808162,1.0,0.9676162529764595
1781463642.0,72060.0,2026-06-14T19:00:42+00:00,0.0990046296296296,800000.0,5.512472350069288,8.44755572154986,10.087048581174187,-2.6901752158535053,-0.030271687581634767,2.690345529306876,0.8408161686185128,1.0000000000000002,0.9758314246129641
1781463702.0,72120.0,2026-06-14T19:01:42+00:00,0.099699074074074,800000.0,6.207878956542403,7.947797134762883,10.084901607572931,-2.255085467760811,-0.02757303437529581,2.2552540298446777,0.8331036630963287,1.0,0.9831569259450809
1781463762.0,72180.0,2026-06-14T19:02:42+00:00,0.1003935185185185,800000.0,9.872910059736263,2.0464768539457943,10.082778414771267,-1.8001206356792232,-0.024533594377693334,1.8002878103934548,0.826677583774135,1.0000000000000002,0.9893782296992881
1781463822.0,72240.0,2026-06-14T19:03:42+00:00,0.1010879629629629,800000.0,9.81804818596144,2.2861220704313654,10.080695625936443,-1.3286704871475128,-0.021217311772993644,1.3288398841604963,0.8216715689195317,1.0000000000000002,0.9943013928066219
1781463882.0,72300.0,2026-06-14T19:04:42+00:00,0.1017824074074074,800000.0,9.759906062116665,2.5147359829274114,10.078673692761935,-0.844739444152028,-0.01769297576461281,0.8449247125618261,0.8181917981536037,1.0,0.9977651953929432
1781463942.0,72360.0,2026-06-14T19:05:42+00:00,0.1024768518518518,800000.0,9.699511404906128,2.7312752864993595,10.076724973152052,-0.3528273002758469,-0.014021305832194785,0.3531057926984243,0.8163130587333318,1.0,0.9996521924228886
1781464002.0,72420.0,2026-06-14T19:06:42+00:00,0.1031712962962963,800000.0,9.637919155715355,2.934844239919348,10.074859620098573,0.1422319431745341,-0.010272948269670519,0.1426024513301059,0.8160758395385787,1.0000000000000002,0.999897290225183
1781464062.0,72480.0,2026-06-14T19:07:42+00:00,0.1038657407407407,800000.0,9.576199570423178,3.1246846536020145,10.07309547244684,0.6354676587890205,-0.006511004877835045,0.6355010138082536,0.8174847043462503,1.0,0.9984926748426107
1781464122.0,72540.0,2026-06-14T19:08:42+00:00,0.1045601851851851,800000.0,9.515388590729712,3.30015804809596,10.071428060359747,1.121990836397091,-0.0027902956058464823,1.1219943060054323,0.8205081330747299,1.0000000000000002,0.9954883816023374
1781464182.0,72600.0,2026-06-14T19:09:42+00:00,0.1052546296296296,800000.0,9.456490052997944,3.460735353553384,10.06985070940892,1.597199211777615,0.0008183737809288813,1.5971994214369976,0.8250798157264747,1.0000000000000002,0.9909884231825546
1781464242.0,72660.0,2026-06-14T19:10:42+00:00,0.105949074074074,800000.0,6.239684783212041,-7.901780604535036,10.068356515144563,2.056948931184875,0.004237260976249005,2.056953295503615,0.8311013032981357,1.0,0.9851430397901584
1781464302.0,72720.0,2026-06-14T19:11:42+00:00,0.1066435185185185,800000.0,5.521067233034891,-8.417917233142912,10.066951571142873,2.497695347844539,0.007397417824015658,2.4977063022770944,0.8384457567685646,1.0000000000000002,0.97813815120448
1781464362.0,72780.0,2026-06-14T19:12:42+00:00,0.1073379629629629,800000.0,4.954837480658262,-8.761653913095417,10.065634294598436,2.91656980031058,0.010236510164856778,2.9165877641902105,0.8469625019828706,1.0000000000000002,0.9701833708074323
1781464422.0,72840.0,2026-06-14T19:13:42+00:00,0.1080324074074074,800000.0,4.508692545214135,-8.99799974680802,10.064407976171609,3.3114122951133567,0.012699916336514384,3.311436648360174,0.8564820430605535,1.0000000000000002,0.9614999532668115
1781464482.0,72900.0,2026-06-14T19:14:42+00:00,0.1087268518518518,800000.0,4.155023607337776,-9.16543509520542,10.063270922615441,3.6807407909943404,0.014734557105975724,3.680770283196542,0.8668211828356094,1.0,0.9523098256672251
1781464542.0,72960.0,2026-06-14T19:15:42+00:00,0.1094212962962963,800000.0,3.87246093499384,-9.287205063542324,10.062213056049824,4.02368446709093,0.01630815472976739,4.0237175157582215,0.8777879800882344,1.0,0.9428264955108588
1781464602.0,73020.0,2026-06-14T19:16:42+00:00,0.1101157407407407,800000.0,3.644984495673882,-9.377767917634587,10.061234670293677,4.339922849868027,0.01736662914133909,4.33995759686824,0.8891863422666743,1.0,0.9332482348004567
1781464662.0,73080.0,2026-06-14T19:17:42+00:00,0.1108101851851851,800000.0,3.4606305405128213,-9.446391283081493,10.060331605419778,4.62956665235507,0.017883943014821574,4.629601194921209,0.9008201242271326,1.0,0.9237535903841417
1781464722.0,73140.0,2026-06-14T19:18:42+00:00,0.1115046296296296,800000.0,3.3104255962855187,-9.49919895328433,10.059507859861755,4.893073454617806,0.01784142562055044,4.893105981761851,0.9124966635809804,1.0,0.9144990116976084
1781464782.0,73200.0,2026-06-14T19:19:42+00:00,0.112199074074074,800000.0,3.1875762401142502,-9.540338744637625,10.05876263011384,5.131153211316666,0.017236061675262662,5.13118216007066,0.9240297493797099,1.0,0.9056182345998764
1781464842.0,73260.0,2026-06-14T19:20:42+00:00,0.1128935185185185,800000.0,3.0868906813392374,-9.57268677899704,10.058092575002666,5.344688298195122,0.01608189359665571,5.344712492937812,0.9352420518912606,1.0000000000000002,0.8972229976937531
1781464902.0,73320.0,2026-06-14T19:21:42+00:00,0.1135879629629629,800000.0,3.00436359477474,-9.598275012582633,10.057488942413805,5.534659577895759,0.014396605651154915,5.534678301893213,0.9459670714699204,1.0,0.889404677063829
1781464962.0,73380.0,2026-06-14T19:22:42+00:00,0.1142824074074074,800000.0,2.936865862092973,-9.618558982648707,10.05693084368284,5.702070384752007,0.01220064164805898,5.702083437509708,0.9560506605184707,1.0,0.8822364712354847
1781465022.0,73440.0,2026-06-14T19:23:42+00:00,0.1149768518518518,800000.0,2.8819426743863046,-9.634610717892706,10.056406776964717,5.847912922867285,0.009510284672338692,5.8479206560069485,0.9653521834204303,1.0000000000000002,0.8757758385549899
1781465082.0,73500.0,2026-06-14T19:24:42+00:00,0.1156712962962963,800000.0,2.837678604432348,-9.64724846528684,10.055934706084383,5.973153872627502,0.0063601960405691715,5.973157258785222,0.9737454043832963,1.0,0.8700669711841483
1781465142.0,73560.0,2026-06-14T19:25:42+00:00,0.1163657407407407,800000.0,2.8025702349414856,-9.657075022269288,10.055520767594155,6.07867831683423,0.002819510996265595,6.078678970729815,0.9811191595991408,1.0,0.8651431540140399
1781465202.0,73620.0,2026-06-14T19:26:42+00:00,0.1170601851851851,800000.0,2.7754421380031715,-9.66451952781976,10.055148768915013,6.165260554836654,-0.0010614692380331303,6.165260646212917,0.9873778471554874,1.0000000000000002,0.8610289035902206
1781465262.0,73680.0,2026-06-14T19:27:42+00:00,0.1177546296296296,800000.0,2.755387529173128,-9.669920954713692,10.054826289217221,6.233565666626213,-0.005228304402981818,6.233567859204554,0.9924417756811013,1.0,0.8577418244096103
1781465322.0,73740.0,2026-06-14T19:28:42+00:00,0.118449074074074,800000.0,2.7417202248224988,-9.673543105925477,10.054574382508642,6.284131799159733,-0.00960470963095865,6.2841391391070935,0.9962474069954514,1.0,0.8552941525669633
1781465382.0,73800.0,2026-06-14T19:29:42+00:00,0.1191435185185185,800000.0,2.733954560069785,-9.67552394313799,10.054365773670803,6.3173463185287,-0.014094258209794153,6.317362040942612,0.9987475317543167,1.0000000000000002,0.8536939803863303
1781465442.0,73860.0,2026-06-14T19:30:42+00:00,0.1198379629629629,800000.0,2.731778255872759,-9.67593640231639,10.054171159321422,6.333453695684778,-0.018631383669446503,6.333481099982901,0.9999113845679468,1.0,0.8529461586881157
1781465502.0,73920.0,2026-06-14T19:31:42+00:00,0.1205324074074074,800000.0,2.7350433215578684,-9.67481707803208,10.053981672162502,6.332565283891277,-0.023176146274266358,6.332607694188954,0.9997247105294708,1.0000000000000002,0.8530528780666856
1781465562.0,73980.0,2026-06-14T19:32:42+00:00,0.1212268518518518,800000.0,2.7437718732052447,-9.672175076411504,10.053817921613067,6.314671062114343,-0.02765099142451103,6.314731601583003,0.9981897995487022,1.0,0.8540139375846325
1781465622.0,74040.0,2026-06-14T19:33:42+00:00,0.1219212962962962,800000.0,2.758154707948853,-9.667949636031372,10.053689251106757,6.279620387922554,-0.031978199598494544,6.2797018099319155,0.9953254815470911,1.0000000000000002,0.8558267023671096
1781465682.0,74100.0,2026-06-14T19:34:42+00:00,0.1226157407407407,800000.0,2.7785499389397605,-9.662010181170196,10.053595401855928,6.227116175204038,-0.036066496131061804,6.227220620118652,0.9911670806311881,1.0,0.8584857487924428
1781465742.0,74160.0,2026-06-14T19:35:42+00:00,0.1233101851851851,800000.0,2.805455303823256,-9.654051124380317,10.053421436202647,6.156642184025711,-0.039896596845970383,6.156771452682385,0.9857663363512101,1.0000000000000002,0.8619821955679428
1781465802.0,74220.0,2026-06-14T19:36:42+00:00,0.1240046296296296,800000.0,2.83977556163388,-9.644155065557491,10.053559179164921,6.067905413569394,-0.04327241817347144,6.068059707204548,0.979191282600106,1.0000000000000002,0.8663027149013086
1781465862.0,74280.0,2026-06-14T19:37:42+00:00,0.124699074074074,800000.0,2.88226831281924,-9.631263778815068,10.053293619714735,5.959749877541274,-0.046412897579908435,5.9599306002599555,0.9715260481539671,1.0000000000000002,0.8714282171844006
1781465922.0,74340.0,2026-06-14T19:38:42+00:00,0.1253935185185185,800000.0,2.934388061905476,-9.615500053271733,10.05328178120568,5.831747255748789,-0.04894620031053676,5.831952656311467,0.9628705727923036,1.0000000000000002,0.8773322165271207
1781465982.0,74400.0,2026-06-14T19:39:42+00:00,0.1260879629629629,800000.0,2.997836216852974,-9.595968292437671,10.05333921901298,5.682968211785267,-0.05094006268329787,5.683196511308404,0.9533402309179433,1.0000000000000002,0.8839788946851043
1781466042.0,74460.0,2026-06-14T19:40:42+00:00,0.1267824074074074,800000.0,3.0746348776658348,-9.57167089439326,10.053370745254263,5.512336719064257,-0.05241514289832966,5.512585913303225,0.9430652975660453,1.0000000000000002,0.8913208923156328
1781466102.0,74520.0,2026-06-14T19:41:42+00:00,0.1274768518518518,800000.0,3.1675030801619304,-9.541368515562874,10.053396884268013,5.318873945170094,-0.05328987825123546,5.319140894517958,0.9321902170987701,1.0,0.8992969025114349
1781466162.0,74580.0,2026-06-14T19:42:42+00:00,0.1281712962962962,800000.0,3.27989560560286,-9.50338343489262,10.053457708382942,5.101586775975975,-0.053567896385817854,5.101868006165599,0.9208726446989971,1.0,0.9078291847492261
1781466222.0,74640.0,2026-06-14T19:43:42+00:00,0.1288657407407407,800000.0,3.416248455153529,-9.455330571085906,10.053558062489648,4.859506916103767,-0.05324076237246976,4.859798560273702,0.9092821859367822,1.0,0.9168211657582197
1781466282.0,74700.0,2026-06-14T19:44:42+00:00,0.1295601851851852,800000.0,3.5823283839537425,-9.393819519120786,10.053701895734491,4.5917735189977975,-0.052312371178363584,4.592071497042236,0.897598768479667,1.0,0.9261553691192096
1781466342.0,74760.0,2026-06-14T19:45:42+00:00,0.1302546296296296,800000.0,3.785713592013957,-9.313923173269927,10.05389438368704,4.2977127872522285,-0.05078649859554091,4.2980128513245415,0.8860105772449912,1.0000000000000002,0.9356919885067825
1781466402.0,74820.0,2026-06-14T19:46:42+00:00,0.130949074074074,800000.0,4.0364649773070695,-9.208300438548598,10.054145735943997,3.9769292986901736,-0.04869510171757249,3.977227408599061,0.8747114909846314,1.0000000000000002,0.9452684861255409
1781466462.0,74880.0,2026-06-14T19:47:42+00:00,0.1316435185185185,800000.0,4.348028671907864,-9.065705912565374,10.054470499477118,3.6293912354778435,-0.04606423678383039,3.6296835473734985,0.863897962841939,1.0,0.9547006381770045
1781466522.0,74940.0,2026-06-14T19:48:42+00:00,0.1323379629629629,800000.0,4.7384076861569655,-8.868381673778293,10.054884430565977,3.255535147019486,-0.04293195924827527,3.255818214612739,0.8537653252335914,1.0000000000000002,0.9637854435464861
1781466582.0,75000.0,2026-06-14T19:49:42+00:00,0.1330324074074074,800000.0,5.23136227711169,-8.587434674395391,10.055405788002565,2.8563597027188825,-0.03934045548555899,2.856630606633296,0.8445035454644049,1.0000000000000002,0.9723062276233294
1781466642.0,75060.0,2026-06-14T19:50:42+00:00,0.1337268518518518,800000.0,5.856623571786551,-8.174603726411341,10.05605219484585,2.433499947555687,-0.03532884623473745,2.4337563810147085,0.83629251708819,1.0000000000000002,0.9800400902553913
1781466702.0,75120.0,2026-06-14T19:51:42+00:00,0.1344212962962963,800000.0,6.645567783755376,-7.548253229730795,10.056823454184165,1.9892692195667416,-0.030944139231773093,1.9895098812693714,0.8292970427631213,1.0,0.98676756041547
1781466762.0,75180.0,2026-06-14T19:52:42+00:00,0.1351157407407407,800000.0,9.094603147523388,-4.294870094449497,10.057719201645021,1.5266878463915714,-0.026252520889994968,1.5269135454153304,0.8236617230698053,1.0000000000000002,0.9922839530773625
1781466822.0,75240.0,2026-06-14T19:53:42+00:00,0.1358101851851851,800000.0,8.9915634764125,-4.508902154150145,10.05874805261843,1.0494360806830922,-0.02132156366425341,1.04965265517531,0.8195060405514292,1.0,0.9964115320250769
1781466882.0,75300.0,2026-06-14T19:54:42+00:00,0.1365046296296296,800000.0,8.892342056768955,-4.704055007016682,10.059914550512875,0.5617671312465332,-0.01621744997151807,0.5620011703124277,0.8169199905469982,1.0,0.9990112512665567
1781466942.0,75360.0,2026-06-14T19:55:42+00:00,0.137199074074074,800000.0,8.798243163387719,-4.8804707548977415,10.061216504554052,0.06835587135401085,-0.011002186253364481,0.06923563570098712,0.8159606040788142,1.0,0.9999926823539246
1781467002.0,75420.0,2026-06-14T19:56:42+00:00,0.0007523148148148,800000.0,10.842225141158444,-6.284515529275068,12.531918506328859,-0.5417135239266835,-0.014610514472996432,0.5419105176486531,0.8166496337607172,1.0,0.9993208169131863
1781467062.0,75480.0,2026-06-14T19:57:42+00:00,0.0014467592592592,800000.0,10.742074117685906,-6.458160816553782,12.533953784912725,-1.1519357361695484,-0.008317536518487878,1.1519657641085588,0.8189726475849857,1.0,0.9970187823653944
1781467122.0,75540.0,2026-06-14T19:58:42+00:00,0.0021412037037037,800000.0,10.652359019399576,-6.609221293495931,12.536130135914492,-1.751023936003564,-0.0022284209493706603,1.7510253539904388,0.8228796006006542,1.0,0.993166072347208
1781467182.0,75600.0,2026-06-14T19:59:42+00:00,0.0028356481481481,800000.0,8.254641453379175,9.438002590139064,12.538540521740062,-2.333530210090613,0.003583379362389477,2.333532961415629,0.8282868033230881,1.0,0.9878925511827922
1781467242.0,75660.0,2026-06-14T20:00:42+00:00,0.0035300925925925,800000.0,7.265682297741713,10.22184672968169,12.540984403818607,-2.894625019940461,0.009066617500610719,2.894639219249649,0.8350801264485702,1.0000000000000002,0.981369088190958
1781467302.0,75720.0,2026-06-14T20:01:42+00:00,0.004224537037037,800000.0,6.482959365295073,10.738377542973016,12.543584590837431,-3.430347142388131,0.014150240086877805,3.4303763272540424,0.8431191982773265,1.0,0.9737960818056097
1781467362.0,75780.0,2026-06-14T20:02:42+00:00,0.0049189814814814,800000.0,5.86697460137521,11.090043220807823,12.546332117896743,-3.9375601345625473,0.01857761380491034,3.9376039593934418,0.852242243823579,1.0,0.9653912726507817
1781467422.0,75840.0,2026-06-14T20:03:42+00:00,0.0056134259259259,800000.0,5.380257605721715,11.3372804250839,12.549147355136004,-4.413978252746075,0.022533824220791476,4.414035771145189,0.8622711866115867,1.0,0.9563781255621142
1781467482.0,75900.0,2026-06-14T20:04:42+00:00,0.0063078703703703,800000.0,4.992901514691581,11.516303230174865,12.552063799421411,-4.858143392922377,0.025858781822790198,4.858212212614092,0.8730167055604272,1.0000000000000002,0.9469757563590934
1781467542.0,75960.0,2026-06-14T20:05:42+00:00,0.0070023148148148,800000.0,4.682205795007877,11.649254295468635,12.555006043300011,-5.269278268819877,0.028529335644958808,5.269355501126276,0.8842830313927769,1.0,0.9373909908020024
1781467602.0,76020.0,2026-06-14T20:06:42+00:00,0.0076967592592592,800000.0,4.43122487719367,11.750159215029855,12.557945512336447,-5.647222117395929,0.0304765025765686,5.647304353442894,0.8958723029145003,1.0,0.9278127615292167
1781467662.0,76080.0,2026-06-14T20:07:42+00:00,0.0083912037037037,800000.0,4.227300399685732,11.828178487035606,12.560886711946537,-5.992324459986394,0.031672310901693784,5.992408161084247,0.9075884169702675,1.0000000000000002,0.9184087505017688
1781467722.0,76140.0,2026-06-14T20:08:42+00:00,0.0090856481481481,800000.0,4.060892545629523,11.88942888217764,12.563811818532992,-6.305304065850936,0.03211566199484206,6.305385854853112,0.9192403383275164,1.0,0.9093239839234237
1781467782.0,76200.0,2026-06-14T20:09:42+00:00,0.0097800925925925,800000.0,3.92475120879701,11.938104982180416,12.566702933407571,-6.58714923054092,0.03180958601264147,6.587226034923815,0.9306448411505912,1.0000000000000002,0.9006809703111484
1781467842.0,76260.0,2026-06-14T20:10:42+00:00,0.010474537037037,800000.0,3.813284770073168,11.977143570047598,12.569530971170106,-6.838989065362903,0.030766802027316076,6.839058270863053,0.9416287061555441,1.0,0.8925809459303884
1781467902.0,76320.0,2026-06-14T20:11:42+00:00,0.0111689814814814,800000.0,3.722149603813188,12.00864970692691,12.572273678887301,-7.062030629843442,0.02901905132931995,7.062090251631384,0.952030459622573,1.0,0.885105834212526
1781467962.0,76380.0,2026-06-14T20:12:42+00:00,0.0118634259259259,800000.0,3.647939767436941,12.034142872469124,12.574897980574129,-7.257482642750618,0.026608006806014967,7.25753141886776,0.9617017570801406,1.0,0.8783205989509055
1781468022.0,76440.0,2026-06-14T20:13:42+00:00,0.0125578703703703,800000.0,3.5879790727217533,12.054727797564569,12.577362843603789,-7.426511901019158,0.023603423378586036,7.426549409892481,0.9705084475239207,1.0000000000000002,0.8722757298695681
1781468082.0,76500.0,2026-06-14T20:14:42+00:00,0.0132523148148148,800000.0,3.540146529181369,12.071190333871469,12.579597510438356,-7.570180252205181,0.02004574384895569,7.570206792599774,0.9783313780511107,1.0000000000000002,0.8670096727330804
1781468142.0,76560.0,2026-06-14T20:15:42+00:00,0.0139467592592592,800000.0,3.5028034460891777,12.084161425639769,12.581597249270635,-7.689484419061046,0.015975478454016145,7.689501014168242,0.9850670049644016,1.0000000000000002,0.8625510808895896
1781468202.0,76620.0,2026-06-14T20:16:42+00:00,0.0146412037037037,800000.0,3.474668001733818,12.094073219524276,12.58331930618814,-7.785262771809289,0.011472167145955975,7.7852712243529885,0.9906278398925055,1.0000000000000002,0.858920806949909
1781468262.0,76680.0,2026-06-14T20:17:42+00:00,0.0153356481481481,800000.0,3.454782362158067,12.101252619100082,12.584746168324378,-7.858226116370892,0.006572374793689453,7.858228864834873,0.9949427769052737,1.0000000000000002,0.8561335930836919
1781468322.0,76740.0,2026-06-14T20:18:42+00:00,0.0160300925925925,800000.0,3.4424546084217567,12.105959768151244,12.585895106790804,-7.908940116211869,0.0013474845127199597,7.9089402310006065,0.9979573270012378,1.0000000000000002,0.8541994402977099
1781468382.0,76800.0,2026-06-14T20:19:42+00:00,0.016724537037037,800000.0,3.4372222858280157,12.108349587056464,12.586763951253046,-7.937791469159749,-0.004110288004254264,7.9377925333390245,0.9996337721063566,1.0,0.8531246479023371
1781468442.0,76860.0,2026-06-14T20:20:42+00:00,0.0174189814814814,800000.0,3.438838642923718,12.108505700088262,12.587355619872483,-7.94499731754046,-0.00970470401519736,7.945003244618917,0.9999512642401417,1.0,0.852912527288652
1781468502.0,76920.0,2026-06-14T20:21:42+00:00,0.0181134259259259,800000.0,3.447250513936361,12.106431087752084,12.587661013402156,-7.930585928513953,-0.015360903754293305,7.93060080491432,0.9989058785112387,1.0000000000000002,0.8535637945304044
1781468562.0,76980.0,2026-06-14T20:22:42+00:00,0.0188078703703703,800000.0,3.4626317739302976,12.102090370584966,12.587708692992425,-7.894444331204903,-0.02096939258867843,7.894472180831266,0.996510620079707,1.0000000000000002,0.855076643782438
1781468622.0,77040.0,2026-06-14T20:23:42+00:00,0.0195023148148148,800000.0,3.4853462359654945,12.09532153855376,12.587471608927716,-7.836245501511673,-0.02643931348254032,7.836290104204882,0.9927953874900307,1.0000000000000002,0.8574465027720755
1781468682.0,77100.0,2026-06-14T20:24:42+00:00,0.0201967592592592,800000.0,3.515994727280636,12.08592891845183,12.58697329559952,-7.755519431464625,-0.031683767355910886,7.75558415033576,0.9878068922752626,1.0,0.8606654687282099
1781468742.0,77160.0,2026-06-14T20:25:42+00:00,0.0208912037037037,800000.0,3.555435659670685,12.073602844563297,12.586222959184573,-7.6516271991102665,-0.03661216520882027,7.651714791130503,0.9816085292077188,1.0,0.864721420563303
1781468802.0,77220.0,2026-06-14T20:26:42+00:00,0.0215856481481481,800000.0,3.604824510225701,12.05791376688435,12.58523119212131,-7.523776362736817,-0.04112960572959845,7.523888781803246,0.9742801780440635,1.0000000000000002,0.8695968025264957
1781468862.0,77280.0,2026-06-14T20:27:42+00:00,0.0222800925925925,800000.0,3.665663222440173,12.038265854822864,12.583995059270507,-7.371024243874828,-0.04515087184516722,7.3711625273778125,0.9659179249874024,1.0,0.8752670823863165
1781468922.0,77340.0,2026-06-14T20:28:42+00:00,0.022974537037037,800000.0,3.73986777473603,12.013867822474538,12.582512905949992,-7.192295809850468,-0.048607295162750586,7.192460057972908,0.9566336838243769,1.0000000000000002,0.881698896775462
1781468982.0,77400.0,2026-06-14T20:29:42+00:00,0.0236689814814814,800000.0,3.829879008797639,11.98364775243556,12.580770512034732,-6.986411605068623,-0.051454699357706135,6.986601083611653,0.9465546747818623,1.0,0.8888479114238691
1781469042.0,77460.0,2026-06-14T20:30:42+00:00,0.0243634259259259,800000.0,3.938818097462448,11.946202300045002,12.578793161448287,-6.7521502019588455,-0.05366443199817744,6.752363454456119,0.9358227120217855,1.0,0.8966564561717053
1781469102.0,77520.0,2026-06-14T20:31:42+00:00,0.0250578703703703,800000.0,4.070665275843322,11.899592374858988,12.576589938284494,-6.488261367037051,-0.05521067347436959,6.488496265349236,0.9245932690017373,1.0,0.9050510419164759
1781469162.0,77580.0,2026-06-14T20:32:42+00:00,0.0257523148148148,800000.0,4.230539006238186,11.841163852655267,12.574204613761164,-6.193543471038191,-0.05609399247466125,6.193797483259487,0.9130342680071529,1.0,0.9139399148626888
1781469222.0,77640.0,2026-06-14T20:33:42+00:00,0.0264467592592592,800000.0,4.425082819467947,11.767148587632027,12.571680231479036,-5.866910799486558,-0.056287376196234654,5.867180804939546,0.9013245244716629,1.0,0.923210868232389
1781469282.0,77700.0,2026-06-14T20:34:42+00:00,0.0271412037037037,800000.0,4.663012129301598,11.672063754622494,12.569039518196526,-5.507490713913067,-0.055802313582291596,5.507773403294638,0.8896517375511374,1.0000000000000002,0.9327296016051074
1781469342.0,77760.0,2026-06-14T20:35:42+00:00,0.0278356481481481,800000.0,4.955853540276989,11.547814954233916,12.566324622971683,-5.114721964363324,-0.05463572207416391,5.115013766830661,0.8782100140018382,1.0000000000000002,0.9423390069958745
1781469402.0,77820.0,2026-06-14T20:36:42+00:00,0.0285300925925925,800000.0,5.318996016103555,11.38206031144674,12.563559032087067,-4.688478519210551,-0.0528103636619672,4.688775934037462,0.8671968540914872,1.0,0.9518597936429808
1781469462.0,77880.0,2026-06-14T20:37:42+00:00,0.029224537037037,800000.0,5.773050737466796,11.155486070048475,12.560771643351035,-4.22919140726945,-0.05034653854179727,4.229491072607305,0.8568095494168658,1.0,0.9610928745797496
1781469522.0,77940.0,2026-06-14T20:38:42+00:00,0.0299189814814814,800000.0,6.345365099664474,10.836912228171832,12.557958627465696,-3.73794743710613,-0.0472896278387663,3.7382465610857474,0.8472410509402197,1.0,0.9698238833914181
1781469582.0,78000.0,2026-06-14T20:39:42+00:00,0.0306134259259259,800000.0,7.0709345576983855,10.374689349792844,12.55517003564501,-3.2166240887490365,-0.04370526128568669,3.2169209934632557,0.8386753514529314,1.0,0.9778300241149395
1781469642.0,78060.0,2026-06-14T20:40:42+00:00,0.0313078703703703,800000.0,7.9894252598192255,9.681524891953162,12.552403762457061,-2.6679318601790483,-0.03964375233183978,2.6682263842592864,0.8312825044897914,1.0,0.9848891988844395
1781469702.0,78120.0,2026-06-14T20:41:42+00:00,0.0320023148148148,800000.0,9.942060283512053,7.65831505616348,12.549675381476925,-2.09546140503764,-0.03519777839187492,2.0957569953613526,0.8252134855772877,1.0,0.9907910103443731
1781469762.0,78180.0,2026-06-14T20:42:42+00:00,0.0326967592592592,800000.0,9.765202081984992,7.878440331320924,12.547071122624123,-1.5036442644315315,-0.030433239494414115,1.5039522120147188,0.8205952398758436,1.0,0.9953488399006806
1781469822.0,78240.0,2026-06-14T20:43:42+00:00,0.0333912037037037,800000.0,9.602179095490524,8.072408472753283,12.54454550523271,-0.8976350662270483,-0.02539203929002998,0.8979941357156759,0.8175261494530027,1.0,0.9984118405019049
1781469882.0,78300.0,2026-06-14T20:44:42+00:00,0.0340856481481481,800000.0,9.454033899376562,8.241750508492508,12.54213731446111,-0.2831786278603723,-0.020195673645283067,0.2838978698596909,0.8160723159069487,1.0,0.9998754781149525
1781469942.0,78360.0,2026-06-14T20:45:42+00:00,0.0347800925925925,800000.0,9.321617377370524,8.387784600306754,12.53983576572035,0.3336344182963063,-0.014892877876730203,0.33396664935793496,0.8162649830456883,1.0000000000000002,0.9996892615007278
1781470002.0,78420.0,2026-06-14T20:46:42+00:00,0.035474537037037,800000.0,9.205693552552848,8.511613808962236,12.537637872279998,0.9465942487069218,-0.009640234502329842,0.9466433361125411,0.8180992638646442,1.0000000000000002,0.9978605825703065
1781470062.0,78480.0,2026-06-14T20:47:42+00:00,0.0361689814814814,800000.0,9.107004965125231,8.614163472767732,12.535603366826084,1.549667019407745,-0.004497574282873,1.5496735460136484,0.8215343348401484,1.0000000000000002,0.9944541085959608
1781470122.0,78540.0,2026-06-14T20:48:42+00:00,0.0368634259259259,800000.0,9.026174223605087,8.696072091965293,12.53369422570738,2.1372496716352547,0.00044082836041736684,2.137249717097805,0.826495137879963,1.0,0.9895868149686705
1781470182.0,78600.0,2026-06-14T20:49:42+00:00,0.0375578703703703,800000.0,7.5136420803722705,-10.029721073571125,12.531964017087573,2.7043884941126723,0.0050999737996478,2.704393302909502,0.832875400988869,1.0000000000000002,0.9834193812178754
1781470242.0,78660.0,2026-06-14T20:50:42+00:00,0.0382523148148148,800000.0,6.6725258832553225,-10.606008138548082,12.530363534138202,3.2468570808531916,0.00941832226173514,3.246870740925905,0.8405416056564179,1.0000000000000002,0.9761451295807214
1781470302.0,78720.0,2026-06-14T20:51:42+00:00,0.0389467592592592,800000.0,6.010591965063372,-10.992981272295392,12.52888075701583,3.761297200947111,0.013274929475998003,3.7613206268018637,0.8493376657325266,1.0000000000000002,0.9679778915291729
1781470362.0,78780.0,2026-06-14T20:52:42+00:00,0.0396412037037037,800000.0,5.488520813921036,-11.26124536402995,12.527549954948512,4.245229594859177,0.016597417464354787,4.245262039890435,0.8590900003484424,1.0,0.9591401357598415
1781470422.0,78840.0,2026-06-14T20:53:42+00:00,0.0403356481481481,800000.0,5.073933247701103,-11.452716782536736,12.526353032831436,4.697002278223097,0.019332188621238276,4.697042062314309,0.8696126386318399,1.0,0.9498524246503068
1781470482.0,78900.0,2026-06-14T20:54:42+00:00,0.0410300925925925,800000.0,4.742085707333304,-11.5929262054321,12.5253069766888,5.115720494740996,0.021411228680649763,5.115765301597277,0.8807120899809561,1.0,0.9403248887266967
1781470542.0,78960.0,2026-06-14T20:55:42+00:00,0.041724537037037,800000.0,4.474481954232113,-11.697888638782434,12.524439602796765,5.501146658699905,0.022786626880637942,5.501193851418956,0.8921918373271864,1.0,0.930751024226439
1781470602.0,79020.0,2026-06-14T20:56:42+00:00,0.0424189814814814,800000.0,4.257315619864263,-11.77793601334064,12.523757943264739,5.853566656990842,0.023471959434514106,5.853613716390469,0.9038563031490439,1.0,0.9213037859014044
1781470662.0,79080.0,2026-06-14T20:57:42+00:00,0.0431134259259259,800000.0,4.080198503939823,-11.83990539158884,12.523233588547617,6.173644750953966,0.02346998184279442,6.173689363016993,0.9155142313693749,1.0,0.9121337146022148
1781470722.0,79140.0,2026-06-14T20:58:42+00:00,0.0438078703703703,800000.0,3.9352572436433,-11.88845250982151,12.522841237192477,6.462336533780018,0.02276951724404619,6.462376646926691,0.9269815051724699,1.0,0.903368710822548
1781470782.0,79200.0,2026-06-14T20:59:42+00:00,0.0445023148148148,800000.0,3.816458681457516,-11.926836587203432,12.522571135558659,6.7207846562805305,0.021394223557329034,6.720818708230228,0.938083440393101,1.0,0.8951150278523909
1781470842.0,79260.0,2026-06-14T21:00:42+00:00,0.0451967592592592,800000.0,3.719132519795546,-11.957342283735034,12.522379214438386,6.950217745463556,0.019355123398962643,6.950244695703764,0.948656615722366,1.0000000000000002,0.8874590815003316
1781470902.0,79320.0,2026-06-14T21:01:42+00:00,0.0458912037037037,800000.0,3.639626969731616,-11.981638947270838,12.522242464572996,7.151887135283475,0.01666998978986242,7.151906562895859,0.95855029917877,1.0000000000000002,0.8804697275542235
1781470962.0,79380.0,2026-06-14T21:02:42+00:00,0.0465856481481481,800000.0,3.575083694245469,-12.000960876781564,12.522151787408646,7.327026157482781,0.013357148293747512,7.327038332494748,0.9676275385809353,1.0000000000000002,0.8742007311030214
1781471022.0,79440.0,2026-06-14T21:03:42+00:00,0.0472800925925925,800000.0,3.5232466312451685,-12.016234158089285,12.52210645884358,7.476791595416836,0.009473469833403553,7.476797597095064,0.9757659782565409,1.0,0.8686932233655168
1781471082.0,79500.0,2026-06-14T21:04:42+00:00,0.047974537037037,800000.0,3.4823326444791505,-12.028125206958364,12.522077968175743,7.602215995035086,0.005080640663325808,7.602217692757611,0.9828584637804794,1.0000000000000002,0.8639780068261181
1781471142.0,79560.0,2026-06-14T21:05:42+00:00,0.0486689814814814,800000.0,3.4509642239793874,-12.037160272328292,12.522075766297862,7.704228419986548,0.00021965516789942963,7.704228423117841,0.9888135009016268,1.0000000000000002,0.8600776250207602
1781471202.0,79620.0,2026-06-14T21:06:42+00:00,0.0493634259259259,800000.0,3.428103870653585,-12.043726068312903,12.522109796537878,7.783625673541917,-0.0049794467741860055,7.783627266301428,0.9935555858553946,1.0,0.857008143330789
1781471262.0,79680.0,2026-06-14T21:07:42+00:00,0.0500578703703703,800000.0,3.412943776552244,-12.048104400962464,12.52218051612409,7.841005463048047,-0.010519404587776768,7.84101251940221,0.9970254197957058,1.0000000000000002,0.8547806102846339
1781471322.0,79740.0,2026-06-14T21:08:42+00:00,0.0507523148148148,800000.0,3.4049290641859797,-12.050393569949666,12.522201368881698,7.8767733293800015,-0.016188409993814455,7.876789964639799,0.9991800575847962,1.0,0.853402193922899
1781471382.0,79800.0,2026-06-14T21:09:42+00:00,0.0514467592592592,800000.0,3.4037375082791512,-12.050786287441662,12.52225535480164,7.891243905822401,-0.02200668724844886,7.891274591310509,0.9999930204949314,1.0,0.8528770006057458
1781471442.0,79860.0,2026-06-14T21:10:42+00:00,0.0521412037037037,800000.0,3.409251128231832,-12.049297576822182,12.52232268192139,7.884515176754049,-0.027836291588838498,7.884564314633647,0.9994543610112767,1.0,0.8532065774720695
1781471502.0,79920.0,2026-06-14T21:11:42+00:00,0.0528356481481481,800000.0,3.4215556127519333,-12.045909962911033,12.522419480504299,7.8565264258530405,-0.03359010717622575,7.856598231768459,0.9975706799765823,1.0,0.8543901004123179
1781471562.0,79980.0,2026-06-14T21:12:42+00:00,0.0535300925925925,800000.0,3.440943349601754,-12.040517350645558,12.522545636026457,7.807036499593534,-0.03915458475950581,7.807134684856752,0.9943651095482876,1.0,0.8564242505668073
1781471622.0,80040.0,2026-06-14T21:13:42+00:00,0.054224537037037,800000.0,3.467914647699605,-12.03290931958996,12.522672985317646,7.7356124437103375,-0.04443536871899384,7.735740066811928,0.9898772591622829,1.0000000000000002,0.8593027775726204
1781471682.0,80100.0,2026-06-14T21:14:42+00:00,0.0549189814814814,800000.0,3.5032150034132985,-12.02281581756626,12.52280382116008,7.641669881762791,-0.049376081651797826,7.641829400037653,0.9841631250713226,1.0,0.8630157477760758
1781471742.0,80160.0,2026-06-14T21:15:42+00:00,0.0556134259259259,800000.0,3.5478494575332475,-12.009886495178607,12.522963283520097,7.5244601656502175,-0.05388689187590556,7.524653120348669,0.977294952131187,1.0,0.8675484714859845
1781471802.0,80220.0,2026-06-14T21:16:42+00:00,0.0563078703703703,800000.0,3.603166879053715,-11.993603749608369,12.523152257356356,7.383092953126028,-0.05786680316540449,7.383319722279931,0.9693610200294008,1.0000000000000004,0.8728801040218682
1781471862.0,80280.0,2026-06-14T21:17:42+00:00,0.0570023148148148,800000.0,3.670884010917176,-11.973245596193182,12.523338194282179,7.216515944913953,-0.061242227101314384,7.216775803194779,0.9604653377238304,1.0,0.8789819281253255
1781471922.0,80340.0,2026-06-14T21:18:42+00:00,0.0576967592592592,800000.0,3.753201330131677,-11.947874796684973,12.523507191747932,7.023577872604144,-0.06398654845061469,7.023869333274728,0.9507272206513536,1.0,0.8858153399115598
1781471982.0,80400.0,2026-06-14T21:19:42+00:00,0.0583912037037037,800000.0,3.852923522071527,-11.916263309914482,12.52367162369511,6.8030571222367335,-0.06607308448935936,6.803377974279386,0.9402807157912397,1.0,0.8933295838493722
1781472042.0,80460.0,2026-06-14T21:20:42+00:00,0.0590856481481481,800000.0,3.973641902402614,-11.876753885987917,12.523861738172414,6.55370798095089,-0.06750196624537283,6.554055600544321,0.9292738187076364,1.0000000000000002,0.9014593132552393
1781472102.0,80520.0,2026-06-14T21:21:42+00:00,0.0597800925925925,800000.0,4.119952900218259,-11.827062030797162,12.52411306960859,6.27429286211841,-0.06824407083652693,6.274663988839114,0.917867431074552,1.0,0.9101221055219758
1781472162.0,80580.0,2026-06-14T21:22:42+00:00,0.060474537037037,800000.0,4.29777213929465,-11.763967384460368,12.524447053021728,5.963630348415983,-0.06827670847750246,5.964021180501345,0.906234015840993,1.0,0.9192161237117236
1781472222.0,80640.0,2026-06-14T21:23:42+00:00,0.0611689814814814,800000.0,4.514815447033653,-11.682844589377186,12.524871904347505,5.6206965159196915,-0.06759082415669938,5.62110290277468,0.8945558644546455,1.0000000000000002,0.9286181798029775
1781472282.0,80700.0,2026-06-14T21:24:42+00:00,0.0618634259259259,800000.0,4.7812461598285925,-11.576916436337664,12.52538658145212,5.24472388250409,-0.06619672319193534,5.24514161962002,0.8830229093727548,1.0,0.9381825345190302
1781472342.0,80760.0,2026-06-14T21:25:42+00:00,0.0625578703703703,800000.0,5.110590572373591,-11.43602682659869,12.526006769003391,4.835324642469912,-0.06411530154968265,4.835749700922246,0.8718300188011227,1.0,0.9477408297783032
1781472402.0,80820.0,2026-06-14T21:26:42+00:00,0.0632523148148148,800000.0,5.520940301979053,-11.244473005527356,12.526729620697095,4.392586832867799,-0.0613793005747419,4.393015650190949,0.8611737446925757,1.0,0.9571035815996084
1781472462.0,80880.0,2026-06-14T21:27:42+00:00,0.0639467592592592,800000.0,6.036494023824687,-10.97726307369452,12.527552222552035,3.9172267821038194,-0.05803215841525721,3.9176566202057295,0.8512484941254548,1.0000000000000002,0.9660636316701993
1781472522.0,80940.0,2026-06-14T21:28:42+00:00,0.0646412037037037,800000.0,6.688945413547301,-10.59342545334987,12.528473713150232,3.410708894969839,-0.05414357526303447,3.411138621189213,0.8422421228455835,1.0,0.9744018517970104
1781472582.0,81000.0,2026-06-14T21:29:42+00:00,0.0653356481481481,800000.0,7.516950123043874,-10.024187455923274,12.5295200747602,2.875318838613696,-0.04978297040365107,2.875749774898544,0.8343310910101831,1.0000000000000002,0.9818951947155672
1781472642.0,81060.0,2026-06-14T21:30:42+00:00,0.0660300925925926,800000.0,8.029906492228495,-9.61971472231358,12.530694697925968,2.314188715913613,-0.04500724575029508,2.3146263337808812,0.8276754384181467,1.0000000000000002,0.9883268633526524
1781472702.0,81120.0,2026-06-14T21:31:42+00:00,0.066724537037037,800000.0,7.8320034276111326,-9.78318082637738,12.53199524304532,1.7313225844953248,-0.03990698017546295,1.731782451305676,0.822413710658205,1.0,0.9934979797818048
1781472762.0,81180.0,2026-06-14T21:32:42+00:00,0.0674189814814814,800000.0,7.654025648133457,-9.92486809354578,12.533439882832159,1.1315318014073712,-0.034569014456927,1.1320597309138478,0.8186581325109767,1.0000000000000002,0.9972397676127457
1781472822.0,81240.0,2026-06-14T21:33:42+00:00,0.0681134259259259,800000.0,7.495890346196893,-10.046825376334098,12.535033794320563,0.5202991048441671,-0.029069323196225932,0.52111052959303,0.8164904338273463,1.0,0.9994249595433414
1781472882.0,81300.0,2026-06-14T21:34:42+00:00,0.0002314814814814,800000.0,6.6903018777793735,-9.275573220860684,11.436625279835223,-0.11461234060352211,0.012096761320405961,0.1152489490323475,0.8159586355220536,1.0000000000000002,0.9999770307723447
1781472942.0,81360.0,2026-06-14T21:35:42+00:00,0.0009259259259259,800000.0,6.582914132423441,-9.3549989527099,11.439001874292337,-0.6759420422709124,0.016899314174019606,0.676153260236852,0.8170751035952636,1.0,0.9988760122645948
1781473002.0,81420.0,2026-06-14T21:36:42+00:00,0.0016203703703703,800000.0,6.493843593791678,-9.420047826172206,11.441473054987322,-1.2309400390424583,0.02151680145348507,1.231128081258257,0.8198160486886712,1.0000000000000002,0.9961600517046673
1781473062.0,81480.0,2026-06-14T21:37:42+00:00,0.0023148148148148,800000.0,6.423347610594617,-9.471362134027242,11.444041908365097,-1.774280167592596,0.02585470945721185,1.7744685342697761,0.8241224697442233,1.0,0.9919224941344399
1781473122.0,81540.0,2026-06-14T21:38:42+00:00,0.0030092592592592,800000.0,7.310577197544467,8.80811192696368,11.446718948204195,-2.301109493432617,0.029857081800494577,2.301303184306526,0.8299024324450204,1.0,0.9863049074091935
1781473182.0,81600.0,2026-06-14T21:39:42+00:00,0.0037037037037037,800000.0,6.461559870278125,9.451926394178477,11.449483329747085,-2.807221188631557,0.03345808597315307,2.8074205679625126,0.8370345594748306,1.0,0.9794870344139376
1781473242.0,81660.0,2026-06-14T21:40:42+00:00,0.0043981481481481,800000.0,5.791122910827421,9.880184232903126,11.452298679497396,-3.2891572344135445,0.03659272495683177,3.289360779880298,0.845372424193395,1.0000000000000002,0.971674994912346
1781473302.0,81720.0,2026-06-14T21:41:42+00:00,0.0050925925925925,800000.0,5.262862839458806,10.17461944156535,11.455156308302213,-3.7442611939902117,0.03919293182441826,3.744466313738982,0.8547494819737612,1.0,0.9630891279118269
1781473362.0,81780.0,2026-06-14T21:42:42+00:00,0.005787037037037,800000.0,4.844390489554106,10.383578203127188,11.458045885566191,-4.170663165226251,0.041220809971729194,4.170866863488905,0.864984202332125,1.0000000000000002,0.9539526915126395
1781473422.0,81840.0,2026-06-14T21:43:42+00:00,0.0064814814814814,800000.0,4.510296757428431,10.536135469403272,11.460930480100084,-4.567202916237163,0.04264137550956388,4.567401971032393,0.8758850957663608,1.0,0.9444823010797332
1781473482.0,81900.0,2026-06-14T21:44:42+00:00,0.0071759259259259,800000.0,4.241433128695321,10.650277228482675,11.463775993481852,-4.933348169258447,0.04339152483866973,4.933538991794176,0.8872554196899569,1.0,0.9348805903211277
1781473542.0,81960.0,2026-06-14T21:45:42+00:00,0.0078703703703703,800000.0,4.023522390675613,10.737493163606937,11.46658152488237,-5.269117757904034,0.04348755304527767,5.269297212525547,0.8988974147274019,1.0,0.9253312138980199
1781473602.0,82020.0,2026-06-14T21:46:42+00:00,0.0085648148148148,800000.0,3.8458578449466025,10.805307566815191,11.469319691115553,-5.574933729438682,0.04291660879130292,5.575098915978374,0.9106160184606961,1.0000000000000002,0.9159960376382629
1781473662.0,82080.0,2026-06-14T21:47:42+00:00,0.0092592592592592,800000.0,3.700339042578708,10.858767336661304,11.471936937665527,-5.851511056515025,0.04166762586001849,5.851659408711549,0.9222220042073274,1.0,0.9070141772290461
1781473722.0,82140.0,2026-06-14T21:48:42+00:00,0.0099537037037037,800000.0,3.580791028063204,10.901396830113017,11.474428841308663,-6.099793223960732,0.039740430926560044,6.099922677946622,0.9335345512812083,1.0,0.8985024586869497
1781473782.0,82200.0,2026-06-14T21:49:42+00:00,0.0106481481481481,800000.0,3.4824535500651037,10.93568080792688,11.476785153570722,-6.320850173145211,0.03716571344306169,6.320959436794827,0.9443833284596231,1.0,0.8905568842148184
1781473842.0,82260.0,2026-06-14T21:50:42+00:00,0.0113425925925925,800000.0,3.401630321789213,10.96339863337343,11.478989434631002,-6.51580951791366,0.033989898807424423,6.515898171929576,0.954610146486146,1.0000000000000002,0.8832547257524808
1781473902.0,82320.0,2026-06-14T21:51:42+00:00,0.012037037037037,800000.0,3.335422598732661,10.985827193820104,11.481003573059883,-6.685781864026392,0.030278173566573443,6.685850424675888,0.9640702465681158,1.0,0.8766569341175519
1781473962.0,82380.0,2026-06-14T21:52:42+00:00,0.0127314814814814,800000.0,3.2815550588768536,11.003887116301549,11.482775590977447,-6.831824089679407,0.02607473355085932,6.8318738486636015,0.9726332970464304,1.0,0.8708106276545152
1781474022.0,82440.0,2026-06-14T21:53:42+00:00,0.0134259259259259,800000.0,3.2382333043457674,11.01828452166961,11.48428268259878,-6.954912084010517,0.02142420342088655,6.954945081940456,0.9801841461928419,1.0,0.8657514877715389
1781474082.0,82500.0,2026-06-14T21:54:42+00:00,0.0141203703703703,800000.0,3.2040476946193333,11.029536203979816,11.485494787091104,-7.055904769616538,0.016395091553240704,7.055923817398005,0.9866233821897217,1.0000000000000002,0.8615059494204557
1781474142.0,82560.0,2026-06-14T21:55:42+00:00,0.0148148148148148,800000.0,3.177914604902855,11.038011650734122,11.486376384125547,-7.13553570670884,0.011037823653245182,7.135544243802839,0.9918677425506822,1.0,0.8580931175291581
1781474202.0,82620.0,2026-06-14T21:56:42+00:00,0.0155092592592592,800000.0,3.159031626916056,11.04400719234041,11.486930646796935,-7.194422984436404,0.005402822071726016,7.194425013124618,0.9958504190769644,1.0,0.8555263760565438
1781474262.0,82680.0,2026-06-14T21:57:42+00:00,0.0162037037037037,800000.0,3.1468389993514845,11.047741643793769,11.487175071176312,-7.233049949277102,-0.00042544494649680853,7.233049961789348,0.9985212668831018,1.0,0.8538146714552713
1781474322.0,82740.0,2026-06-14T21:58:42+00:00,0.0168981481481481,800000.0,3.140966677074958,11.049344910771746,11.487109933472945,-7.251723587479154,-0.006369711604478729,7.251726384967062,0.9998469377497293,1.0,0.8529634663392024
1781474382.0,82800.0,2026-06-14T21:59:42+00:00,0.0175925925925925,800000.0,3.1412434957560453,11.049020510189584,11.486873592680462,-7.250654264460448,-0.012244331970530948,7.250664603083216,0.9998109667679886,1.0000000000000002,0.8529753690165279
1781474442.0,82860.0,2026-06-14T22:00:42+00:00,0.018287037037037,800000.0,3.147656958578508,11.046361195860731,11.486071565087231,-7.229651663242548,-0.018103670116937295,7.229674329781214,0.9984138162781275,1.0000000000000002,0.8538504435014355
1781474502.0,82920.0,2026-06-14T22:01:42+00:00,0.0189814814814814,800000.0,3.160506457287885,11.041724255979736,11.48514151465491,-7.1888082629606265,-0.02376825676469338,7.18884755518161,0.9956728720647271,1.0000000000000002,0.8555862011523298
1781474562.0,82980.0,2026-06-14T22:02:42+00:00,0.0196759259259259,800000.0,3.180196727221349,11.035027988070269,11.484140974462283,-7.127826811010058,-0.029293365194416887,7.127887004505489,0.9916223978430556,1.0000000000000002,0.8581772743578799
1781474622.0,83040.0,2026-06-14T22:03:42+00:00,0.0203703703703703,800000.0,3.20728993937688,11.025640186347106,11.48265867619605,-7.04602599584585,-0.03444308670040391,7.046110179407994,0.9863134478252464,1.0,0.8616147694862512
1781474682.0,83100.0,2026-06-14T22:04:42+00:00,0.0210648148148148,800000.0,3.2426908571500976,11.013558310498327,11.481006517452709,-6.942947369424597,-0.039268726993681585,6.943058418846815,0.9798137199049185,1.0,0.8658852933947256
1781474742.0,83160.0,2026-06-14T22:05:42+00:00,0.0217592592592592,800000.0,3.2875459882431324,10.99831231495785,11.479147721070891,-6.817824132698321,-0.04360505161487907,6.81796357462622,0.9722073369960328,1.0,0.8709696518632918
1781474802.0,83220.0,2026-06-14T22:06:42+00:00,0.0224537037037037,800000.0,3.343335576504799,10.979318190229886,11.477078055822203,-6.669777627916442,-0.047412508519838886,6.669946143097321,0.9635945389956793,1.0000000000000002,0.8768412235207645
1781474862.0,83280.0,2026-06-14T22:07:42+00:00,0.0231481481481481,800000.0,3.411953935872785,10.955851467707149,11.474846885382771,-6.497845176965564,-0.05059378523427083,6.49804214166998,0.9540912580568608,1.0,0.8834640260465821
1781474922.0,83340.0,2026-06-14T22:08:42+00:00,0.0238425925925925,800000.0,3.495763295546974,10.92683535978439,11.472405676157372,-6.300914459568332,-0.05309819600415988,6.301138186487913,0.9438285647914545,1.0,0.8907905149294082
1781474982.0,83400.0,2026-06-14T22:09:42+00:00,0.024537037037037,800000.0,3.5977997950865217,10.890900330058592,11.469780876930256,-6.0778707120108955,-0.05492699400386991,6.078118900333402,0.9329519166931594,1.0000000000000002,0.8987591773417597
1781475042.0,83460.0,2026-06-14T22:10:42+00:00,0.0252314814814814,800000.0,3.721963090851518,10.846161792061295,11.467006360390284,-5.8276135124563355,-0.0560434989355927,5.8278829882159275,0.9216201498369956,1.0,0.9072920374869987
1781475102.0,83520.0,2026-06-14T22:11:42+00:00,0.0259259259259259,800000.0,3.8732510952403336,10.789962151366137,11.46408990171894,-5.549074468311837,-0.05643302612506049,5.549361417434255,0.9100041747544148,1.0,0.9162922501461938
1781475162.0,83580.0,2026-06-14T22:12:42+00:00,0.0266203703703703,800000.0,4.058183123389431,10.718545582291396,11.461067562082565,-5.241339444566622,-0.056110611728159565,5.24163977910715,0.898285299813965,1.0,0.925642021625525
1781475222.0,83640.0,2026-06-14T22:13:42+00:00,0.0273148148148148,800000.0,4.285302879205024,10.62642696625657,11.457956660579045,-4.903694813553719,-0.055059160442905083,4.904003908605938,0.8866531216132817,1.0,0.9352011752458538
1781475282.0,83700.0,2026-06-14T22:14:42+00:00,0.0280092592592592,800000.0,4.565987967552817,10.50541700837305,11.454782086083124,-4.535789092738756,-0.05335127924083181,4.536102848569959,0.875302910508318,1.0,0.9448067423244828
1781475342.0,83760.0,2026-06-14T22:15:42+00:00,0.0287037037037037,800000.0,4.915312377546389,10.34304261494878,11.451586191594037,-4.137574266973896,-0.05095938591296459,4.137888069261565,0.8644324473793662,1.0000000000000002,0.9542740035325686
1781475402.0,83820.0,2026-06-14T22:16:42+00:00,0.0293981481481481,800000.0,5.353605010280681,10.119520779043826,11.448396717602083,-3.709651236380172,-0.04795724881105034,3.7099612118309895,0.8542382988790505,1.0,0.9633993970245266
1781475462.0,83880.0,2026-06-14T22:17:42+00:00,0.0300925925925925,800000.0,5.907668355289514,9.802738905653412,11.445271313887677,-3.2532069309254976,-0.04436286656471406,3.2535093974586173,0.8449115588687411,1.0000000000000002,0.9719656247364632
1781475522.0,83940.0,2026-06-14T22:18:42+00:00,0.030787037037037,800000.0,6.611167895126335,9.33899111423162,11.442215518388313,-2.7701540479222513,-0.04023012374573316,2.770446157584845,0.8366331254079201,1.0,0.9797491052425524
1781475582.0,84000.0,2026-06-14T22:19:42+00:00,0.0314814814814814,800000.0,7.500109436587216,8.63742029294,11.43926006687829,-2.2631927721730545,-0.035598401494343415,2.263472723539055,0.8295686266214503,1.0,0.9865296369115261
1781475642.0,84060.0,2026-06-14T22:20:42+00:00,0.0321759259259259,800000.0,5.055353866050872,10.258395673645216,11.43640172904303,-1.7358077854632934,-0.0305378426134072,1.736076388845394,0.8238632931320289,1.0,0.9921017723104953
1781475702.0,84120.0,2026-06-14T22:21:42+00:00,0.0328703703703703,800000.0,4.899257448459874,10.33081142366798,11.433651569716403,-1.192234979827573,-0.025112903457550906,1.1924994360772343,0.8196370742789074,1.0000000000000002,0.9962869996481099
1781475762.0,84180.0,2026-06-14T22:22:42+00:00,0.0335648148148148,800000.0,4.760704226859481,10.392477857678792,11.431006113111028,-0.6373348220586444,-0.019422627170024038,0.6376307033500738,0.8169802954896016,1.0000000000000002,0.9989454992061939
1781475822.0,84240.0,2026-06-14T22:23:42+00:00,0.0342592592592592,800000.0,4.638971372425285,10.444627360227562,11.42848616782623,-0.07643717866552531,-0.013520183539647113,0.07762369255125127,0.8159502200049602,1.0000000000000002,0.9999860822560871
1781475882.0,84300.0,2026-06-14T22:24:42+00:00,0.0349537037037037,800000.0,4.533542324654683,10.48816560324952,11.426050224404834,0.48486595906349356,-0.007512609164864892,0.4849241564977202,0.8165688020260846,1.0,0.9993730008083933
1781475942.0,84360.0,2026-06-14T22:25:42+00:00,0.0356481481481481,800000.0,4.444152341663182,10.523820498355722,11.423716029275342,1.0409547965683936,-0.0014874922175766095,1.0409558593580437,0.8188218050458513,1.0000000000000002,0.9971286675850208
1781476002.0,84420.0,2026-06-14T22:26:42+00:00,0.0363425925925925,800000.0,4.370737971977055,10.552092222655045,11.421471039016785,1.5864390205107466,0.0043835544084388015,1.5864450766882379,0.8226594036729533,1.0000000000000002,0.9933318886415353
1781476062.0,84480.0,2026-06-14T22:27:42+00:00,0.037037037037037,800000.0,7.5677590419280225,-8.551787440740881,11.419459065485405,2.116361650475239,0.010073536238592098,2.116385624534108,0.8279982068481162,1.0000000000000002,0.9881118681231561
1781476122.0,84540.0,2026-06-14T22:28:42+00:00,0.0377314814814814,800000.0,6.658222776267673,-9.275146958002486,11.417542714216241,2.6263598846439216,0.015503019671805755,2.626405640278321,0.834724496604991,1.0,0.9816388427426048
1781476182.0,84600.0,2026-06-14T22:29:42+00:00,0.0384259259259259,800000.0,5.937698534680188,-9.750174755591738,11.415873670171797,3.1128515120142053,0.02053144725649797,3.112919220952508,0.8426984392913839,1.0,0.9741126066036105
1781476242.0,84660.0,2026-06-14T22:30:42+00:00,0.0391203703703703,800000.0,5.370319850964592,-10.072144125152551,11.414395410161216,3.5730133788321954,0.0252838084914081,3.5731028359516452,0.8517589196205234,1.0000000000000002,0.965750324718642
1781476302.0,84720.0,2026-06-14T22:31:42+00:00,0.0398148148148148,800000.0,4.921696860581921,-10.297310153761853,11.41304939051036,4.0047893068041915,0.029499821320179646,4.00489795517328,0.8617286605689877,1.0,0.9567749165387889
1781476362.0,84780.0,2026-06-14T22:32:42+00:00,0.0405092592592592,800000.0,4.564346332079986,-10.459371188046054,11.411910580113215,4.406940907591618,0.033216704490734154,4.407066088960053,0.8724193090055605,1.0,0.9474049863817908
1781476422.0,84840.0,2026-06-14T22:33:42+00:00,0.0412037037037037,800000.0,4.277381912800021,-10.578927873478609,11.410946979993001,4.7788407222836815,0.03634772814118725,4.77897895018359,0.8836362212938457,1.0,0.9378468863295377
1781476482.0,84900.0,2026-06-14T22:34:42+00:00,0.0418981481481481,800000.0,4.04522478838518,-10.669047864800612,11.41018956590873,5.120434480289797,0.03891501180360361,5.120582354096486,0.8951827956612567,1.0000000000000002,0.9282891186619666
1781476542.0,84960.0,2026-06-14T22:35:42+00:00,0.0425925925925925,800000.0,3.856200835972356,-10.73817132288178,11.409584052318232,5.432072270971074,0.04087382969453317,5.432226047119793,0.9068642833865327,1.0000000000000002,0.918898984115748
1781476602.0,85020.0,2026-06-14T22:36:42+00:00,0.043287037037037,800000.0,3.701542593637033,-10.791998074062317,11.409147207529314,5.714470400868689,0.042235421452271465,5.714626478889903,0.9184910262717632,1.0,0.909821171817079
1781476662.0,85080.0,2026-06-14T22:37:42+00:00,0.0439814814814814,800000.0,3.5745552531061078,-10.834376769803018,11.408819625515855,5.968536524110456,0.04300049739587822,5.968691421276259,0.9298811369597036,1.0000000000000002,0.9011778868031783
1781476722.0,85140.0,2026-06-14T22:38:42+00:00,0.0446759259259259,800000.0,3.470099334242481,-10.868035549703103,11.408583877901785,6.1953349964853,0.04317814173098081,6.195485458832008,0.9408626664661512,1.0,0.8930700892845892
1781476782.0,85200.0,2026-06-14T22:39:42+00:00,0.0453703703703703,800000.0,3.384188915575627,-10.894915574477706,11.408414438093569,6.395997992241571,0.04273378656388299,6.396140749957922,0.9512753213347426,1.0000000000000002,0.8855794533890298
1781476842.0,85260.0,2026-06-14T22:40:42+00:00,0.0460648148148148,800000.0,3.313682967067917,-10.916426527186124,11.408280454550937,6.571641246231969,0.04166915788799505,6.571773351835588,0.9609718000845644,1.0000000000000002,0.878770716712947
1781476902.0,85320.0,2026-06-14T22:41:42+00:00,0.0467592592592592,800000.0,3.256144924512764,-10.93364341722008,11.4082004779172,6.723388360149959,0.040015872184322454,6.7235074411668965,0.9698188133611179,1.0000000000000002,0.8726941639458348
1781476962.0,85380.0,2026-06-14T22:42:42+00:00,0.0474537037037037,800000.0,3.2096491645801994,-10.947357423252411,11.408176116808946,6.852272831606527,0.03782760078176378,6.852377243420989,0.9776978436605388,1.0000000000000002,0.8673880567735119
1781477022.0,85440.0,2026-06-14T22:43:42+00:00,0.0481481481481481,800000.0,3.1726912710771464,-10.958146633475272,11.408196506999454,6.959224358617127,0.03516716248655044,6.959313213449105,0.9845057095611105,1.0,0.8628808858914365
1781477082.0,85500.0,2026-06-14T22:44:42+00:00,0.0488425925925925,800000.0,3.1441325817456254,-10.966436515499984,11.408255762389176,7.045072717109366,0.032067554114619604,7.045145698804648,0.9901549854451144,1.0,0.8591933693036683
1781477142.0,85560.0,2026-06-14T22:45:42+00:00,0.049537037037037,800000.0,3.123048004475693,-10.972576005493774,11.408367676166355,7.1104614198249,0.02863034256901799,7.110519059768699,0.9945742980479346,1.0,0.8563401503357853
1781477202.0,85620.0,2026-06-14T22:46:42+00:00,0.0502314814814814,800000.0,3.1088185397153425,-10.976790373253108,11.408535384141995,7.15593575110288,0.02492205907437827,7.1559791491410065,0.9977085325578094,1.0,0.8543311767690254
1781477262.0,85680.0,2026-06-14T22:47:42+00:00,0.0509259259259259,800000.0,3.1010137870432324,-10.97921596365078,11.408745315937084,7.181860027370963,0.021015770141210397,7.181890775787632,0.9995189780418,1.0000000000000002,0.85317275867346
1781477322.0,85740.0,2026-06-14T22:48:42+00:00,0.0516203703703703,800000.0,3.099410582998924,-10.979939758745637,11.409006226121928,7.188459793574722,0.016988521025971894,7.188479868072734,0.9999834192538231,1.0000000000000002,0.8528683053880126
1781477382.0,85800.0,2026-06-14T22:49:42+00:00,0.0523148148148148,800000.0,3.103961465095179,-10.97899883189051,11.409337935544242,7.175797729411073,0.012928983602283409,7.175809376790753,0.9990961802992799,1.0,0.8534187453933464
1781477442.0,85860.0,2026-06-14T22:50:42+00:00,0.0530092592592592,800000.0,3.114809307370083,-10.976330946099136,11.40972734378753,7.143768402059215,0.00882908852826235,7.143773858057372,0.9968681340853821,1.0,0.8548226337995067
1781477502.0,85920.0,2026-06-14T22:51:42+00:00,0.0537037037037037,800000.0,3.13228002759486,-10.971937616185969,11.41028453741388,7.092151636790379,0.005056733259095267,7.092153439525946,0.9933266774013148,1.0,0.8570759480783129
1781477562.0,85980.0,2026-06-14T22:52:42+00:00,0.0543981481481481,800000.0,3.1568597561479312,-10.965300896717329,11.410678650962712,7.02036053651208,0.0013789314664500174,7.020360671936177,0.9885156693957139,1.0000000000000002,0.8601715708230753
1781477622.0,86040.0,2026-06-14T22:53:42+00:00,0.0550925925925925,800000.0,3.1893029893051965,-10.956534852222305,11.411279924949396,6.927969030412145,-0.0018679527736945034,6.927969282235406,0.9824953353407255,1.0,0.8640984556027146
1781477682.0,86100.0,2026-06-14T22:54:42+00:00,0.055787037037037,800000.0,3.2306381089508616,-10.944962183038598,11.411801776194267,6.814163190916336,-0.004821713452871079,6.814164896842438,0.9753421066476015,1.0000000000000002,0.8688404672120633
1781477742.0,86160.0,2026-06-14T22:55:42+00:00,0.0564814814814814,800000.0,3.2821641905498358,-10.930243380360167,11.412397737882907,6.678134775340001,-0.007246093121871244,6.678138706516283,0.9671483777761701,1.0,0.874374897635968
1781477802.0,86220.0,2026-06-14T22:56:42+00:00,0.0571759259259259,800000.0,3.345575098220928,-10.91163635722794,11.413004894865093,6.518896555028668,-0.009189404502956133,6.5189030319770636,0.9580221680602049,1.0,0.8806706694364383
1781477862.0,86280.0,2026-06-14T22:57:42+00:00,0.0578703703703703,800000.0,3.423024255502566,-10.888249846902616,11.413635695182046,6.335392373831556,-0.010644279474524426,6.335401315709098,0.9480866615865365,1.0,0.8876862535476209
1781477922.0,86340.0,2026-06-14T22:58:42+00:00,0.0585648148148148,800000.0,3.51722512246347,-10.858866848364848,11.414283236042694,6.126473939558119,-0.01150261967510724,6.126484737787581,0.9374795963035788,1.0000000000000002,0.8953673533193862
1781477982.0,86400.0,2026-06-14T22:59:42+00:00,0.0592592592592592,800000.0,3.631703952627905,-10.821895380794627,11.415020509504012,5.891040336558322,-0.011748822206676043,5.891052052204295,0.9263524333040042,1.0,0.9036444388496621
1781478042.0,86460.0,2026-06-14T23:00:42+00:00,0.0599537037037037,800000.0,3.7708856435186417,-10.77502677448997,11.415812740557314,5.62790696615568,-0.011371603885632839,5.627918454728938,0.9148692473291085,1.0000000000000002,0.91243027540083
1781478102.0,86520.0,2026-06-14T23:01:42+00:00,0.0606481481481481,800000.0,3.9406528139352894,-10.715005480199236,11.416658313213889,5.336121050968921,-0.010402462113876382,5.33613119046109,0.9032052911189042,1.0,0.9216176575342088
1781478162.0,86580.0,2026-06-14T23:02:42+00:00,0.0613425925925925,800000.0,4.148536424968711,-10.637215815399005,11.417561682455098,5.014785738270014,-0.008855038236038962,5.014793556315004,0.8915451375412257,1.0000000000000002,0.9310776232965388
1781478222.0,86640.0,2026-06-14T23:03:42+00:00,0.062037037037037,800000.0,4.404542107052609,-10.534853163315908,11.418542916914866,4.663313979273881,-0.006748822656677828,4.663318862773427,0.8800803495575363,1.0000000000000002,0.9406585058527921
1781478282.0,86700.0,2026-06-14T23:04:42+00:00,0.0627314814814814,800000.0,4.721998705843098,-10.39761664697447,11.419619245641446,4.281481425665556,-0.0041105415460959,4.281483398878356,0.8690066256285045,1.0000000000000002,0.950186229518463
1781478342.0,86760.0,2026-06-14T23:05:42+00:00,0.0634259259259259,800000.0,5.118758664638662,-10.209445394800769,11.420790933041022,3.869538281504627,-0.0009629805272923924,3.8695384013291916,0.858520378920399,1.0,0.9594662755813972
1781478402.0,86820.0,2026-06-14T23:06:42+00:00,0.0641203703703703,800000.0,5.618628838771342,-9.944584280213878,11.42207277748439,3.4283252415024403,0.002637371135329504,3.428326255951914,0.8488147428643456,1.0,0.9682877004348095
1781478462.0,86880.0,2026-06-14T23:07:42+00:00,0.0648148148148148,800000.0,6.252432664995401,-9.560498175396637,11.423486315134443,2.9593558444637025,0.0066368470516968425,2.959363286570316,0.840075091066134,1.0000000000000002,0.9764294593908095
1781478522.0,86940.0,2026-06-14T23:08:42+00:00,0.0655092592592592,800000.0,7.056508017701503,-8.9854001637657,11.425047987071489,2.4649086123918607,0.010998926396567701,2.464933151999349,0.8324741564969913,1.0,0.9836690421444657
1781478582.0,87000.0,2026-06-14T23:09:42+00:00,0.0662037037037037,800000.0,2.72374895996512,-11.097345585308013,11.426718139372579,1.9480623818677834,0.015678225471957574,1.9481254709084657,0.8261668873248129,1.0,0.9897931003702708
1781478642.0,87060.0,2026-06-14T23:10:42+00:00,0.0668981481481481,800000.0,2.592791142000883,-11.130471843229609,11.428471873306831,1.4126623739008242,0.020553395348998603,1.4128118858133536,0.8212853909157343,1.0,0.9946093651898388
1781478702.0,87120.0,2026-06-14T23:11:42+00:00,0.0675925925925925,800000.0,2.4728585717410416,-11.159658333179134,11.430354483966262,0.8632530344167574,0.025545198146261043,0.8636309157146189,0.8179343380958928,1.0,0.9979587653449086
1781478762.0,87180.0,2026-06-14T23:12:42+00:00,0.068287037037037,800000.0,2.36313187280376,-11.185485930816728,11.432387666483322,0.3049526635979362,0.03061186202392445,0.30648525760964074,0.8161870027575271,1.0000000000000002,0.9997264006452421
1781478822.0,87240.0,2026-06-14T23:13:42+00:00,0.0689814814814814,800000.0,1.904005803302448,-9.437942096134485,9.628083355943527,-0.21769298232074993,0.02991313297027715,0.21973854936219048,0.8160823185126337,1.0,0.9998499954938228
1781478882.0,87300.0,2026-06-14T23:14:42+00:00,0.0696759259259259,800000.0,1.8275091470968892,-9.455054313076843,9.630048896342936,-0.6886808785328488,0.034058910407006156,0.6895225607874544,0.8176232496625427,1.0000000000000002,0.998324669881699
1781478942.0,87360.0,2026-06-14T23:15:42+00:00,0.0703703703703703,800000.0,1.7584915038260966,-9.470189251669636,9.632070225629985,-1.1531425717621413,0.038064719056832425,1.153770650366476,0.820776656666637,1.0,0.9952033336608233
1781479002.0,87420.0,2026-06-14T23:16:42+00:00,0.0710648148148148,800000.0,1.6968927602851918,-9.483531082655508,9.634147955870382,-1.6066721335727967,0.041834396165764676,1.6072166815653441,0.8254746925756717,1.0000000000000002,0.9905926469646087
1781479062.0,87480.0,2026-06-14T23:17:42+00:00,0.0717592592592592,800000.0,5.95015921905884,7.579803039324733,9.63627567305478,-2.045329619332015,0.045322956734063606,2.045831718916286,0.8316174552271417,1.0000000000000002,0.9846451376861918
1781479122.0,87540.0,2026-06-14T23:18:42+00:00,0.0724537037037037,800000.0,5.276156368560458,8.0660786484203,9.63843611733786,-2.4657395990970983,0.04845520849151321,2.4662156592207167,0.8390766892247284,1.0,0.9775485687919797
1781479182.0,87600.0,2026-06-14T23:19:42+00:00,0.0731481481481481,800000.0,4.744769901121193,8.392198128802255,9.640634359193262,-2.865173121691399,0.05117993325552097,2.8656301929646952,0.847700321310925,1.0,0.9695139171302816
1781479242.0,87660.0,2026-06-14T23:20:42+00:00,0.0738425925925926,800000.0,4.325572785529288,8.618245950586825,9.642859699680267,-3.2415707226090826,0.053451235233320515,3.2420113794100627,0.8573174622911173,1.0,0.9607633310598549
1781479302.0,87720.0,2026-06-14T23:21:42+00:00,0.074537037037037,800000.0,3.99276564206034,8.77985384604815,9.645102955924525,-3.5935244946336655,0.05523778030143913,3.59394901270243,0.8677435295328337,1.0000000000000002,0.9515192082020565
1781479362.0,87780.0,2026-06-14T23:22:42+00:00,0.0752314814814814,800000.0,3.726430485550897,8.898603594052986,9.647353527664249,-3.920220992609825,0.05651648424346658,3.920628360848552,0.8787852258511298,1.0,0.9419951761144199
1781479422.0,87840.0,2026-06-14T23:23:42+00:00,0.0759259259259259,800000.0,3.511624639547984,8.987943570051328,9.649592593861543,-4.2213540041350575,0.05726217511854519,4.221742363636889,0.8902451469941177,1.0000000000000002,0.9323893611114642
1781479482.0,87900.0,2026-06-14T23:24:42+00:00,0.0766203703703703,800000.0,3.337192753862241,9.056520000621177,9.651808638699903,-4.49703603817844,0.057456998178049695,4.497403076811692,0.9019258844440454,1.0,0.9228799806856817
1781479542.0,87960.0,2026-06-14T23:25:42+00:00,0.0773148148148148,800000.0,3.1947670011893443,9.110048964394592,9.653990279959647,-4.747709180979465,0.0571083113429393,4.7480526351738295,0.9136335806133689,1.0,0.9136230455855945
1781479602.0,88020.0,2026-06-14T23:26:42+00:00,0.0780092592592592,800000.0,3.078009004912892,9.152389403048488,9.656105385680043,-4.974046204371498,0.05622776322209512,4.97436400000839,0.9251809343406161,1.0,0.9047518094609792
1781479662.0,88080.0,2026-06-14T23:27:42+00:00,0.0787037037037037,800000.0,2.982061778301792,9.186220618042968,9.658123093695078,-5.176867495446706,0.05481463068434528,5.17715768633231,0.9363896578338978,1.0000000000000002,0.8963775358253459
1781479722.0,88140.0,2026-06-14T23:28:42+00:00,0.0793981481481481,800000.0,2.9031653653278755,9.213455079674544,9.660027103669016,-5.3570789528383145,0.052884041689352096,5.357339976966989,0.9470924343169805,1.0000000000000002,0.8885911621175447
1781479782.0,88200.0,2026-06-14T23:29:42+00:00,0.0800925925925925,800000.0,2.8383811393397336,9.235471235819052,9.661797785081232,-5.515611244204133,0.050461662931344936,5.515842073212109,0.9571344612553295,1.0,0.8814655017101368
1781479842.0,88260.0,2026-06-14T23:30:42+00:00,0.080787037037037,800000.0,2.78539833954852,9.253274332822375,9.663411912385243,-5.653376562927359,0.0476064997657287,5.653577004081248,0.9663746476227286,1.0,0.875057692190139
1781479902.0,88320.0,2026-06-14T23:31:42+00:00,0.0814814814814814,800000.0,2.742409370039144,9.267599933799184,9.664844421191328,-5.771247734022043,0.04432660437215616,5.7714179588130445,0.9746865313261682,1.0,0.8694116709282642
1781479962.0,88380.0,2026-06-14T23:32:42+00:00,0.0821759259259259,800000.0,2.708000581946343,9.278988442449904,9.66606919419371,-5.870025718228197,0.040682167038304656,5.870166690254663,0.9819589826305577,1.0,0.8645605274481628
1781480022.0,88440.0,2026-06-14T23:33:42+00:00,0.0828703703703703,800000.0,2.6810718787476198,9.287845563022833,9.667068926079622,-5.950419154530026,0.036718584501935214,5.950532444163771,0.9880967270180755,1.0000000000000002,0.8605286294332948
1781480082.0,88500.0,2026-06-14T23:34:42+00:00,0.0835648148148148,800000.0,2.660772736332545,9.294471396501152,9.667828613229997,-6.013020679724803,0.03247774969853706,6.013108389096575,0.9930207219694364,1.0000000000000002,0.8573334610925254
1781480142.0,88560.0,2026-06-14T23:35:42+00:00,0.0842592592592592,800000.0,2.646477733892889,9.299088194615068,9.668344514301307,-6.058313248141242,0.028016324696203687,6.058378027744156,0.9966684299170536,1.0,0.8549871466418519
1781480202.0,88620.0,2026-06-14T23:36:42+00:00,0.0849537037037037,800000.0,2.6377481598809136,9.301861705686656,9.668626921475202,-6.086656332008193,0.02339801325597947,6.0867013045655325,0.9989940108077582,1.0000000000000002,0.8534976474511367
1781480262.0,88680.0,2026-06-14T23:37:42+00:00,0.0856481481481481,800000.0,2.634323507315627,9.302876211249725,9.6686693057024,-6.0982773348298664,0.01870283294764324,6.0983060146617705,0.9999684565606566,1.0,0.8528696341232854
1781480322.0,88740.0,2026-06-14T23:38:42+00:00,0.0863425925925926,800000.0,2.6361134170469547,9.30216304284644,9.668470986833084,-6.093280515403164,0.014000286200630385,6.093296599329918,0.9995796683076614,1.0,0.8531050347825309
1781480382.0,88800.0,2026-06-14T23:39:42+00:00,0.087037037037037,800000.0,2.643179386450712,9.29970864974366,9.668039006906985,-6.071635523319389,0.009357113469535341,6.07164273352825,0.9978324833190311,1.0000000000000002,0.8542032623177976
1781480442.0,88860.0,2026-06-14T23:40:42+00:00,0.0877314814814814,800000.0,2.655746388898212,9.295439641069652,9.667377462523898,-6.033180934402496,0.004840231626364322,6.03318287598511,0.9947486591281689,1.0,0.8561611236445521
1781480502.0,88920.0,2026-06-14T23:41:42+00:00,0.0884259259259259,800000.0,2.6742027279162595,9.289234682111072,9.666500980671856,-5.977624044679093,0.000501286283273103,5.977624065698141,0.9903668150063111,1.0,0.858972410393144
1781480562.0,88980.0,2026-06-14T23:42:42+00:00,0.0891203703703703,800000.0,2.6991329713655405,9.280928543835376,9.665451537972285,-5.904563769997174,-0.0035962882618070097,5.9045648651913805,0.9847423260556144,1.0,0.8626271675859918
1781480622.0,89040.0,2026-06-14T23:43:42+00:00,0.0898148148148148,800000.0,2.731319699917542,9.270244828621143,9.664240605745219,-5.81345396190692,-0.007370921449972867,5.813458634728065,0.9779471584378389,1.0,0.8671106359816736
1781480682.0,89100.0,2026-06-14T23:44:42+00:00,0.0905092592592592,800000.0,2.7718152572838437,9.256785804535593,9.662869307382934,-5.703650502761653,-0.010779857606071086,5.703660689678451,0.9700696398123354,1.0000000000000002,0.8724018681723179
1781480742.0,89160.0,2026-06-14T23:45:42+00:00,0.0912037037037037,800000.0,2.8218871057214368,9.240057801360653,9.661351614030139,-5.57434435865662,-0.013754148857594156,5.574361327138535,0.9612141289993592,1.0000000000000002,0.8784720206501777
1781480802.0,89220.0,2026-06-14T23:46:42+00:00,0.0918981481481481,800000.0,2.88326910008732,9.219364747353955,9.65970636449531,-5.424728710851292,-0.016265217532026727,5.424753095177299,0.9515005505698122,1.0000000000000002,0.885282342588639
1781480862.0,89280.0,2026-06-14T23:47:42+00:00,0.0925925925925925,800000.0,2.9581135786338306,9.1937719792474,9.657943836577871,-5.253899616166732,-0.01827332198978543,5.2539313938281955,0.9410637750478944,1.0000000000000002,0.892781910236378
1781480922.0,89340.0,2026-06-14T23:48:42+00:00,0.093287037037037,800000.0,3.049136572805026,9.162006250330537,9.656065056259356,-5.060900678352214,-0.019751281474958554,5.060939220072278,0.930052816331322,1.0000000000000002,0.9009051898723459
1781480982.0,89400.0,2026-06-14T23:49:42+00:00,0.0939814814814814,800000.0,3.159818981658824,9.122327269928286,9.65408259838959,-4.844788936989382,-0.020694000144085775,4.844833132897012,0.9186297742597722,1.0000000000000002,0.9095695505202357
1781481042.0,89460.0,2026-06-14T23:50:42+00:00,0.0946759259259259,800000.0,3.2946687189677446,9.07230760635416,9.65202607083384,-4.604697118737115,-0.021107105567856818,4.604745494075796,0.9069684282126432,1.0,0.9186729125083835
1781481102.0,89520.0,2026-06-14T23:51:42+00:00,0.0953703703703703,800000.0,3.459572544948997,9.008495203446792,9.64995481980557,-4.33989665691109,-0.020975338289892127,4.339947345012891,0.8952524383597472,1.0,0.9280918005196158
1781481162.0,89580.0,2026-06-14T23:52:42+00:00,0.0960648148148148,800000.0,3.6622527912539695,8.92576572389726,9.647869674956574,-4.049825282851732,-0.020248460938715462,4.049875902024097,0.8836731118618153,1.0,0.9376801364324479
1781481222.0,89640.0,2026-06-14T23:53:42+00:00,0.0967592592592592,800000.0,3.9129577547546974,8.816398906250274,9.645731079841795,-3.734188998791246,-0.01893010390831543,3.734236980633065,0.8724266841338173,1.0,0.9472691646469509
1781481282.0,89700.0,2026-06-14T23:54:42+00:00,0.0974537037037037,800000.0,4.225407351730778,8.668520546059113,9.64351158787656,-3.3930788663029383,-0.01708228704476799,3.3931218659933675,0.861711044367474,1.0000000000000002,0.9566689357633654
1781481342.0,89760.0,2026-06-14T23:55:42+00:00,0.0981481481481481,800000.0,4.617986454402053,8.463331444983083,9.64125396619549,-3.0270905232353136,-0.01478639503242559,3.027126636488652,0.8517218563553985,1.0,0.9656717510003863
1781481402.0,89820.0,2026-06-14T23:56:42+00:00,0.0988425925925925,800000.0,5.11482973481481,8.170016913780183,9.63901756340344,-2.6374040738075664,-0.01206004785811881,2.637431647131559,0.842648100305235,1.0,0.9740578666911829
1781481462.0,89880.0,2026-06-14T23:57:42+00:00,0.099537037037037,800000.0,5.745453538364628,7.736786723211986,9.636809905875278,-2.225795571702687,-0.008939864318349457,2.2258135250252487,0.8346672208722411,1.0000000000000002,0.9816035497564389
1781481522.0,89940.0,2026-06-14T23:58:42+00:00,0.1002314814814814,800000.0,6.538736830864631,7.076100811197817,9.634639694017626,-1.7947041396309482,-0.005483030159761995,1.7947125152592531,0.8279400707635104,1.0,0.988091254830262
1781481582.0,90000.0,2026-06-14T23:59:42+00:00,0.1009259259259259,800000.0,0.181862634001215,9.630740301285783,9.63245725495089,-1.3472160149969723,-0.0017349964373433377,1.3472171321939757,0.822605817974041,1.0,0.9933213087428455
1781481642.0,90060.0,2026-06-15T00:00:42+00:00,0.1016203703703703,800000.0,0.1005974443652871,9.629885682807773,9.630411108034743,-0.8870391317684414,0.002140281581658361,0.8870417138408764,0.8187771542091452,1.0,0.9971241098881101
1781481702.0,90120.0,2026-06-15T00:01:42+00:00,0.1023148148148148,800000.0,0.0197973161708401,9.628388875108024,9.628409228114036,-0.4184610874872483,0.006347355001505434,0.41850922409969127,0.8165361454653833,1.0,0.999371550951186
1781481762.0,90180.0,2026-06-15T00:02:42+00:00,0.1030092592592592,800000.0,-0.0609383706781374,9.626252225228788,9.626445106514819,0.053986095960942684,0.010591626917599503,0.05501528076694447,0.815931048213568,1.0,0.9999862662744818
1781481822.0,90240.0,2026-06-15T00:03:42+00:00,0.1037037037037037,800000.0,-0.1419438332486978,9.623544143080135,9.624590896532139,0.5255473730393249,0.0148627319816097,0.5257574936322758,0.8169744036051659,1.0000000000000002,0.9989474552240291
1781481882.0,90300.0,2026-06-15T00:04:42+00:00,0.1043981481481481,800000.0,-0.223599506908819,9.620259828440512,9.62285799054502,0.991547535112322,0.019081560960090733,0.9917311230146985,0.8196425884780887,1.0,0.9962924488103634
1781481942.0,90360.0,2026-06-15T00:05:42+00:00,0.1050925925925926,800000.0,-0.3062977226874858,9.616363479729264,9.62124029786151,1.4475309982676847,0.023179077354398177,1.4477165677620882,0.8238768226967511,1.0000000000000002,0.9921137943650293
1781482002.0,90420.0,2026-06-15T00:06:42+00:00,0.105787037037037,800000.0,6.15703131669058,-7.391245619446366,9.619747732747134,1.8894482011459823,0.027094474528218428,1.8896424570176626,0.8295855339074016,1.0000000000000002,0.9865522880704163
1781482062.0,90480.0,2026-06-15T00:07:42+00:00,0.1064814814814814,800000.0,5.433485403424124,-7.936643622813184,9.618371776177307,2.3138003084742476,0.03077863645144167,2.3140050112213095,0.8366478759112715,1.0000000000000002,0.979786938351071
1781482122.0,90540.0,2026-06-15T00:08:42+00:00,0.1071759259259259,800000.0,4.861980269628016,-8.297590088185524,9.617112529954444,2.7177149475100006,0.034159968255572416,2.7179296236934665,0.8449181150394273,1.0,0.9720231793152678
1781482182.0,90600.0,2026-06-15T00:09:42+00:00,0.1078703703703703,800000.0,4.41166538296645,-8.544244310422316,9.615971208746865,3.0989978276466674,0.03719580460838239,3.09922104142948,0.8542305559549497,1.0000000000000002,0.9634807231488065
1781482242.0,90660.0,2026-06-15T00:10:42+00:00,0.1085648148148148,800000.0,4.054924526218371,-8.718062236999097,9.614937445533226,3.4560988372373305,0.039828675213721035,3.4563283258571524,0.8644046573035364,1.0,0.9543822659535715
1781482302.0,90720.0,2026-06-15T00:11:42+00:00,0.1092592592592592,800000.0,3.7700899217451136,-8.843966168633347,9.61401662209793,3.788087831919253,0.04201705059653086,3.788320848987786,0.8752500398301161,1.0000000000000002,0.9449439262206537
1781482362.0,90780.0,2026-06-15T00:12:42+00:00,0.1099537037037037,800000.0,3.5408304827611534,-8.93735727175166,9.613211508678193,4.09456012865013,0.043721791489363726,4.094793553060082,0.8865711755745326,1.0000000000000002,0.9353679031595599
1781482422.0,90840.0,2026-06-15T00:13:42+00:00,0.1106481481481481,800000.0,3.354962704885582,-9.008040197238437,9.612521154527395,4.375557630595291,0.04492716363776659,4.375788275121776,0.8981716042532711,1.0,0.925837476179364
1781482482.0,90900.0,2026-06-15T00:14:42+00:00,0.1113425925925925,800000.0,3.203379194344748,-9.06244266701907,9.611945971330078,4.631483469140035,0.04560593485041946,4.631708003124872,0.909857592035682,1.0,0.9165141846049176
1781482542.0,90960.0,2026-06-15T00:15:42+00:00,0.112037037037037,800000.0,3.079153672449911,-9.104894591416231,9.61146673819154,4.8629450539886605,0.045789472651569935,4.863160625963169,0.9214412299225542,1.0000000000000002,0.9075368536600408
1781482602.0,91020.0,2026-06-15T00:16:42+00:00,0.1127314814814814,800000.0,2.9770488670042976,-9.1383670049813,9.611065054106254,5.070774951279056,0.04546183729271777,5.070978740358624,0.9327429921584047,1.0000000000000002,0.8990220519772636
1781482662.0,91080.0,2026-06-15T00:17:42+00:00,0.1134259259259259,800000.0,2.893017966163321,-9.164946899689514,9.610713013438295,5.255890491711798,0.04462217331613019,5.256079907993974,0.9435937859871021,1.0000000000000002,0.8910655554850285
1781482722.0,91140.0,2026-06-15T00:18:42+00:00,0.1141203703703703,800000.0,2.823899114705533,-9.186172890470733,9.610420312538578,5.419248039930342,0.04324247384673005,5.4194205621849685,0.9538365518886217,1.0000000000000002,0.8837444348027145
1781482782.0,91200.0,2026-06-15T00:19:42+00:00,0.1148148148148148,800000.0,2.7672179023551284,-9.203161823769864,9.610186391200212,5.561801922552884,0.04133987478821183,5.561955556363288,0.9633275024638496,1.0000000000000002,0.8771194584557788
1781482842.0,91260.0,2026-06-15T00:20:42+00:00,0.1155092592592592,800000.0,2.7210413418296744,-9.216748093382115,9.61002140480494,5.684480758822142,0.03895899152101326,5.684614261358416,0.971937075769284,1.0,0.8712375789562753
1781482902.0,91320.0,2026-06-15T00:21:42+00:00,0.1162037037037037,800000.0,2.683847017831332,-9.227546502486996,9.609924519510137,5.7881359543330335,0.03615512743895474,5.788248873284814,0.9795506449770575,1.0,0.8661343282456692
1781482962.0,91380.0,2026-06-15T00:22:42+00:00,0.1168981481481481,800000.0,2.654445097107668,-9.235976447770188,9.609856383803274,5.8735125386714335,0.03297252501106386,5.87360508796226,0.9860690414989873,1.0,0.8618360108370942
1781483022.0,91440.0,2026-06-15T00:23:42+00:00,0.1175925925925926,800000.0,2.6319181196058614,-9.242434359383866,9.60986919140053,5.941282998332769,0.029458185296543787,5.9413560279585145,0.991408939748072,1.0,0.8583616282749787
1781483082.0,91500.0,2026-06-15T00:24:42+00:00,0.118287037037037,800000.0,2.6155736578454563,-9.247114616545971,9.609909171847214,5.99195870076211,0.0256844698146743,5.992013748618107,0.9955031239529166,1.0,0.8557244950793388
1781483142.0,91560.0,2026-06-15T00:25:42+00:00,0.1189814814814814,800000.0,2.6049163181264507,-9.25020987033614,9.609993323083302,6.0259530610089085,0.021704431620072524,6.025992148670174,0.9983006780498832,1.0000000000000002,0.8539335354671856
1781483202.0,91620.0,2026-06-15T00:26:42+00:00,0.1196759259259259,800000.0,2.5996328242639604,-9.251831572171492,9.610123738059768,6.043549288576364,0.017585376469789315,6.043574873278023,0.9997671178497212,1.0,0.8529942585301475
1781483262.0,91680.0,2026-06-15T00:27:42+00:00,0.1203703703703703,800000.0,2.599575790387661,-9.25204293368165,9.61031179185453,6.044904733346567,0.01341102938708134,6.044919609965459,0.9998844686407025,1.0,0.8529094131875108
1781483322.0,91740.0,2026-06-15T00:28:42+00:00,0.1210648148148148,800000.0,2.6047390997424014,-9.250839249230328,9.61055110765388,6.030023737608582,0.009258050875950927,6.030030844666467,0.998651298781286,1.0000000000000002,0.8536793274127346
1781483382.0,91800.0,2026-06-15T00:29:42+00:00,0.1217592592592592,800000.0,2.6152711875708614,-9.248172180827543,9.610844503516368,5.998779337223079,0.005206176466622733,5.998781596371713,0.9960827229244508,1.0,0.8553019356075747
1781483442.0,91860.0,2026-06-15T00:30:42+00:00,0.1224537037037037,800000.0,2.631455330902622,-9.243932318546513,9.611183166936552,5.9508846209740325,0.0013556700255774878,5.950884775391511,0.9922103704711286,1.0000000000000002,0.8577724940127046
1781483502.0,91920.0,2026-06-15T00:31:42+00:00,0.1231481481481481,800000.0,2.653843598918357,-9.237907824315172,9.611546536227321,5.885994171353792,-0.002231638784435941,5.885994594409892,0.9870823163965539,1.0,0.8610829813738214
1781483562.0,91980.0,2026-06-15T00:32:42+00:00,0.1238425925925925,800000.0,2.683087553559904,-9.229838968921111,9.611913764297036,5.803558637655981,-0.005505272058463906,5.803561248813678,0.980762961028923,1.0000000000000002,0.8652211785731944
1781483622.0,92040.0,2026-06-15T00:33:42+00:00,0.124537037037037,800000.0,2.720113763359864,-9.219388754176885,9.612291500275207,5.702959840680348,-0.008424122189473748,5.702966062519353,0.9733328408481339,1.0000000000000002,0.870169425251857
1781483682.0,92100.0,2026-06-15T00:34:42+00:00,0.1252314814814814,800000.0,2.7661046180616,-9.206111992690806,9.612691235030239,5.58346019568122,-0.010927026336841755,5.583470887956803,0.9648883731640193,1.0,0.8759030591367076
1781483742.0,92160.0,2026-06-15T00:35:42+00:00,0.1259259259259259,800000.0,2.822577568181629,-9.18939173247845,9.613108994562863,5.444226482765901,-0.012960592534928539,5.444241909817053,0.9555415072812161,1.0000000000000002,0.8823885457339314
1781483802.0,92220.0,2026-06-15T00:36:42+00:00,0.1266203703703703,800000.0,2.891447242819047,-9.168397577562809,9.613531156566012,5.284336691077321,-0.014490452064483683,5.28435655854779,0.9454192343844359,1.0,0.8895813261157952
1781483862.0,92280.0,2026-06-15T00:37:42+00:00,0.1273148148148148,800000.0,2.975175431972506,-9.14201770970041,9.613956347700395,5.102847384056999,-0.015490246633322394,5.102870895164616,0.934662911543916,1.0,0.8974234451605851
1781483922.0,92340.0,2026-06-15T00:38:42+00:00,0.1280092592592592,800000.0,3.076898459578424,-9.108742976898847,9.614390399279621,4.898804149682939,-0.0159637333181345,4.898830160123153,0.923427357056035,1.0000000000000002,0.9058410662037594
1781483982.0,92400.0,2026-06-15T00:39:42+00:00,0.1287037037037037,800000.0,3.200630120721605,-9.066479159366606,9.614836322938597,4.671273463716044,-0.0159233727274731,4.671300603324164,0.911879661991738,1.0,0.9147420305561489
1781484042.0,92460.0,2026-06-15T00:40:42+00:00,0.1293981481481481,800000.0,3.3515810428966275,-9.01228664637286,9.615321423826384,4.4194202388919654,-0.015387729773629066,4.419447027644465,0.9001976516155447,1.0,0.9240136860627397
1781484102.0,92520.0,2026-06-15T00:41:42+00:00,0.1300925925925926,800000.0,3.5365882670010915,-8.941903058568588,9.615876812809535,4.142575180714752,-0.014372220254729989,4.142600112078031,0.8885679257091377,1.0000000000000002,0.9335212825003061
1781484162.0,92580.0,2026-06-15T00:42:42+00:00,0.130787037037037,800000.0,3.764710042145575,-8.848999906215935,9.616539972445462,3.8403134677098305,-0.012887803505559776,3.840335092899147,0.8771834083778166,1.0,0.943107300921004
1781484222.0,92640.0,2026-06-15T00:43:42+00:00,0.1314814814814814,800000.0,4.04804406277316,-8.723894693814772,9.61732807815781,3.5125393094809,-0.010941058488870697,3.5125563493571765,0.8662403492786338,1.0000000000000002,0.952592134452733
1781484282.0,92700.0,2026-06-15T00:44:42+00:00,0.1321759259259259,800000.0,4.402834224639773,-8.551356822131538,9.618245822865774,3.159617994403154,-0.008557705545284948,3.159629583492408,0.8559347504578723,1.0,0.9617765450385822
1781484342.0,92760.0,2026-06-15T00:45:42+00:00,0.1328703703703703,800000.0,4.850524665648911,-8.306795828593833,9.619274737214463,2.7823187009207118,-0.0057462946308297486,2.7823246347964323,0.8464582482467887,1.0000000000000002,0.9704462563305408
1781484402.0,92820.0,2026-06-15T00:46:42+00:00,0.1335648148148148,800000.0,5.418595999253018,-7.949287880205749,9.620413733593105,2.382111059495686,-0.002581017116792539,2.3821124577611816,0.8379935051577417,1.0000000000000002,0.9783788799890795
1781484462.0,92880.0,2026-06-15T00:47:42+00:00,0.1342592592592592,800000.0,6.137899263703092,-7.409627666421126,9.621662513638709,1.9610839934534905,0.0008931222789038129,1.9610841968275852,0.8307092378589375,1.0,0.9853531109808769
1781484522.0,92940.0,2026-06-15T00:48:42+00:00,0.1349537037037037,800000.0,-1.851873432229896,-9.443139446662007,9.623009810766224,1.5219916396350346,0.004620010766380779,1.5219986516480304,0.8247550974516709,1.0000000000000002,0.9911597753397877
1781484582.0,93000.0,2026-06-15T00:49:42+00:00,0.1356481481481481,800000.0,-1.914853405203608,-9.432048325928848,9.624458384037881,1.0682348878976842,0.008529975442592534,1.0682689437603385,0.8202566822211971,1.0,0.9956139192585566
1781484642.0,93060.0,2026-06-15T00:50:42+00:00,0.1363425925925926,800000.0,-1.9857115061490695,-9.418969462667745,9.626008306890261,0.6037775721656448,0.012562614132193648,0.6039082512468883,0.8173110146063868,1.0000000000000002,0.9985667745012734
1781484702.0,93120.0,2026-06-15T00:51:42+00:00,0.137037037037037,800000.0,-2.064556236311212,-9.40367964044984,9.627646817011016,0.13303165625844943,0.016652079415043597,0.13406980762166837,0.8159828203005827,1.0,0.9999162244203571
1781484762.0,93180.0,2026-06-15T00:52:42+00:00,0.0005902777777777,800000.0,-5.506399242493703,-24.0895804956053,24.710894784932062,-0.8552428877021936,0.050465095689246876,0.8567304843695663,0.8163019243868587,1.0,0.9996144159821659
1781484822.0,93240.0,2026-06-15T00:53:42+00:00,0.0012847222222222,800000.0,-5.754437020053607,-24.03601023963179,24.71524496454461,-2.0618111383321005,0.06067877082534686,2.0627038283232006,0.8182620110999861,1.0,0.997671452960848
1781484882.0,93300.0,2026-06-15T00:54:42+00:00,0.0019791666666666,800000.0,-6.026239463147621,-23.974014042177483,24.719808076959676,-3.248556073619868,0.07053918184122189,3.2493218276476346,0.8218208587371135,1.0000000000000002,0.9941546313966493
1781484942.0,93360.0,2026-06-15T00:55:42+00:00,0.0026736111111111,800000.0,-6.323794555376581,-23.90216207685481,24.72455721599169,-4.4044583877735946,0.0798725574263437,4.405182551842659,0.8269020215734716,1.0,0.9891833298096275
1781485002.0,93420.0,2026-06-15T00:56:42+00:00,0.0033680555555555,800000.0,14.77717751150496,19.82881248360828,24.72947188511367,-5.519740122144461,0.08850881491451593,5.5204496942123225,0.8333978036853817,1.0000000000000002,0.9829202908893373
1781485062.0,93480.0,2026-06-15T00:57:42+00:00,0.0040625,800000.0,13.14855186696527,20.95024272872347,24.734532269495347,-6.586150301226061,0.09630160981269592,6.586854316773117,0.8411732603144781,1.0,0.9755604867432507
1781485122.0,93540.0,2026-06-15T00:58:42+00:00,0.0047569444444444,800000.0,11.865808005536106,21.70843073368686,24.739712297104933,-7.597128552273993,0.10311860823698844,7.597828353361339,0.8500709004309726,1.0,0.9673189596898212
