unix_time_s,elapsed_time_s,utc,tle_age_days,pos_err_x_m,pos_err_y_m,pos_err_z_m,pos_err_norm_m,pos_err_radial_m,pos_err_along_track_m,pos_err_cross_track_m,isl_angle_x_urad,isl_angle_y_urad,isl_angle_norm_urad
1781391582.0,0.0,2026-06-13T22:59:42+00:00,0.01925925925925926,5.3858890135306865,-1.9303948691813275,-16.54086239542812,17.502409936963545,-17.353118521550762,0.043249120008908265,-2.2807368748171304,6.014905936793463,21.034861811738416,21.877945627215652
1781391642.0,60.0,2026-06-13T23:00:42+00:00,0.019953703703703703,5.595433155540377,-3.0157521232031286,-16.305759266018867,17.500897642923487,-17.355764122893465,0.04989858637118265,-2.248639622004184,6.059415354502841,21.02009303613585,21.876033134144585
1781391702.0,120.0,2026-06-13T23:01:42+00:00,0.020648148148148148,5.773183305514976,-4.091027627931908,-16.004653519019485,17.499002451438248,-17.359115859337088,0.05589870241065941,-2.2075005577852505,6.118785719493529,21.0003964759679,21.873641462475398
1781391762.0,180.0,2026-06-13T23:02:42+00:00,0.021342592592592594,5.918417277978733,-5.1516222381033,-15.639174316078424,17.49716114257066,-17.363549958719684,0.06136417703950504,-2.157316693929457,6.194728277955562,20.975696542618504,21.87131692161494
1781391822.0,240.0,2026-06-13T23:03:42+00:00,0.022037037037037036,6.030715486733243,-6.192593018524349,-15.210250116884708,17.494840559238945,-17.36840291693979,0.06644142770322083,-2.0984784594353285,6.28976231415044,20.94434296198918,21.868392992580244
1781391882.0,300.0,2026-06-13T23:04:42+00:00,0.02273148148148148,6.109798104036599,-7.209918783977628,-14.71946484502405,17.492147011374605,-17.37367906658628,0.07058564906369394,-2.0311327935291317,6.406880016223957,20.905271215750762,21.86500574311352
1781391942.0,360.0,2026-06-13T23:05:42+00:00,0.023425925925925926,6.155698748771101,-8.19925253232941,-14.16882755048573,17.48931226006145,-17.3794696738253,0.07371391026424814,-1.9556695646136146,6.550206328381523,20.85707612631789,21.8614461434597
1781392002.0,420.0,2026-06-13T23:06:42+00:00,0.024120370370370372,6.168351833941415,-9.156233170535415,-13.560690568760037,17.48649475801708,-17.385809563710712,0.07596683536592017,-1.8722590035752258,6.724626502509815,20.797781692827204,21.85791218165074
1781392062.0,480.0,2026-06-13T23:07:42+00:00,0.024814814814814814,6.147940118564293,-10.076127460226417,-12.897124017588794,17.483172487316107,-17.39201148845953,0.0775667467594713,-1.7813590335291134,6.936534275620716,20.72367979271589,21.853750522687903
1781392122.0,540.0,2026-06-13T23:08:42+00:00,0.02550925925925926,6.094945888733491,-10.955694084987044,-12.180700337514281,17.47984722423883,-17.398436545858424,0.07778437386620628,-1.6832748835677915,7.194168067108742,20.63125412375434,21.849592694069553
1781392182.0,600.0,2026-06-13T23:09:42+00:00,0.026203703703703705,6.009849595604464,-11.790399727411568,-11.414536599069834,17.476368720802345,-17.40477300129823,0.07726759470907854,-1.5784074751238262,7.5080726885191575,20.51447483892282,21.845247387312526
1781392242.0,660.0,2026-06-13T23:10:42+00:00,0.026898148148148147,5.893533753463998,-12.576891954988241,-10.601773416623473,17.47310936634037,-17.411231248274753,0.07581812788882811,-1.4672521796459561,7.8922701081427045,20.365393784756613,21.841181091417337
1781392302.0,720.0,2026-06-13T23:11:42+00:00,0.027592592592592592,5.7465236007701606,-13.31093145813793,-9.745165092870593,17.469163473525512,-17.41675619784658,0.0734942701544898,-1.3501387342732962,8.364510416603906,20.170703111619755,21.836261093112576
1781392362.0,780.0,2026-06-13T23:12:42+00:00,0.028287037037037038,5.570273574208841,-13.990459901280701,-8.848529496695846,17.465892195784587,-17.42255370829902,0.06981890462996371,-1.2276554063585048,8.94968206388046,19.91350663364322,21.83219080836131
1781392422.0,840.0,2026-06-13T23:13:42+00:00,0.028981481481481483,5.365562222432345,-14.611140286549926,-7.915605236310512,17.462287498868577,-17.427476553545834,0.06562040871830843,-1.1001089176584586,9.679642924190848,19.56408008337622,21.82770525384187
1781392482.0,900.0,2026-06-13T23:14:42+00:00,0.029675925925925925,5.134054492460564,-15.170910704880953,-6.950237310491502,17.45911927386872,-17.432147851685492,0.06058368342683648,-0.9681924981394839,10.598319242987388,19.077538254272156,21.823767699906774
1781392542.0,960.0,2026-06-13T23:15:42+00:00,0.03037037037037037,4.876827964093536,-15.666365127079189,-5.956070827320218,17.455464101145594,-17.435525596391837,0.05481050621856518,-0.8322679690794328,11.761561040311324,18.377816927260206,21.819222559863608
1781392602.0,1020.0,2026-06-13T23:16:42+00:00,0.031064814814814816,4.595905830850825,-16.096119006164372,-4.937477972358465,17.45239485555434,-17.438560489010502,0.04827103082279737,-0.6930830923379708,13.238244990894252,17.339578670488727,21.815410124703234
1781392662.0,1080.0,2026-06-13T23:17:42+00:00,0.03175925925925926,4.292755753500387,-16.457418106496334,-3.8987172772176564,17.44919365182585,-17.440440560346392,0.041327908592452126,-0.5510754611805406,4.507628055206663,21.340567158915455,21.811430887226702
1781392722.0,1140.0,2026-06-13T23:18:42+00:00,0.03245370370370371,3.969342242926359,-16.749075557105243,-2.8439432627055794,17.446352717418858,-17.44157452280581,0.03377425809867478,-0.4068913927445196,4.264216199000449,21.386934423166036,21.807900032158578
1781392782.0,1200.0,2026-06-13T23:19:42+00:00,0.03314814814814815,3.6276211903896183,-16.96943086758256,-1.7779269235907122,17.443687787169786,-17.441713932337997,0.026153464116641725,-0.26110288213206917,4.039210732541179,21.42719565301923,21.804585226383967
1781392842.0,1260.0,2026-06-13T23:20:42+00:00,0.03384259259259259,3.2695036181248724,-17.11730195581913,-0.704655455017928,17.440992502317854,-17.44060853914947,0.018097768374097097,-0.11430538409898196,3.8309981674080285,21.461990452714083,21.801228890846364
1781392902.0,1320.0,2026-06-13T23:21:42+00:00,0.03453703703703704,2.8972240190487355,-17.192213997244835,0.37106828234391287,17.438572786033145,-17.438538895035897,0.010010091660319612,0.03289100425428528,3.6384658357895545,21.49240865556473,21.79821239129488
1781392962.0,1380.0,2026-06-13T23:22:42+00:00,0.03523148148148148,2.512942412402481,-17.193645445629954,1.4447430274449289,17.436272700707384,-17.43534469411408,0.0020109965053825606,0.17988064585919863,3.460720062191981,21.518835800949237,21.795340730923954
1781393022.0,1440.0,2026-06-13T23:23:42+00:00,0.035925925925925924,2.1189957035239786,-17.121682819910347,2.5117454840801656,17.43419142816676,-17.431142099873842,-0.0056277950332832985,0.3260125394706526,3.2972629785949783,21.541854444671987,21.79273814979309
1781393082.0,1500.0,2026-06-13T23:24:42+00:00,0.03662037037037037,1.7174267275258899,-16.97651891503483,3.5677890330553055,17.43217908413476,-17.425813906924258,-0.013016234628362676,0.470858662686089,3.1475293643409996,21.561694039117604,21.790217780827902
1781393142.0,1560.0,2026-06-13T23:25:42+00:00,0.037314814814814815,1.3107641006354243,-16.759200036525726,4.60844502877444,17.43062402712635,-17.419806339877972,-0.019874009292439345,0.6136823933730422,13.697559065841364,-16.9441850002706,21.78826587146412
1781393202.0,1620.0,2026-06-13T23:26:42+00:00,0.038009259259259257,0.9011780901346356,-16.47040329873562,5.629361225292087,17.429171368081786,-17.412835029342805,-0.026122659118193507,0.7539949771282669,12.11425856190763,-18.107835211138607,21.786439739858906
1781393262.0,1680.0,2026-06-13T23:27:42+00:00,0.038703703703703705,0.49099743214901537,-16.111692305654287,6.6264743926003575,17.4280770685192,-17.405246073752036,-0.031699919437098274,0.8912208107375824,10.865460157020713,-18.882018636709866,21.78506029876583
1781393322.0,1740.0,2026-06-13T23:28:42+00:00,0.03939814814814815,0.0824709550361149,-15.684459246695042,7.595745074097067,17.42711698905852,-17.396920770546828,-0.03661348559954999,1.0247993492975214,9.88123800205039,-19.41383981021089,21.783848159351784
1781393382.0,1800.0,2026-06-13T23:29:42+00:00,0.04009259259259259,-0.32211603049654514,-15.19090542010963,8.533197933342308,17.42649801851813,-17.388184370627098,-0.040609639880459576,1.154221962901708,9.101091290376132,-19.790704570504744,21.78306337668689
1781393442.0,1860.0,2026-06-13T23:30:42+00:00,0.04078703703703704,-0.7205680340121035,-14.63306323159486,9.435107043478638,17.42604380671051,-17.378992365751234,-0.04371997379248535,1.2789510031449804,8.477731800149519,-20.065013548662048,21.7824862029856
1781393502.0,1920.0,2026-06-13T23:31:42+00:00,0.04148148148148148,-1.1107306045450969,-14.013460326939821,10.297850703820586,17.425743081107548,-17.369473229620375,-0.04583863814183222,1.3985065153662928,7.975731794737944,-20.26937923956202,21.782103489304735
1781393562.0,1980.0,2026-06-13T23:32:42+00:00,0.04217592592592593,-1.4904994355447343,-13.33484514337033,11.118169167079031,17.425652618849412,-17.359835007458035,-0.04701900727695725,1.5123779023784116,7.568622906450971,-20.424761499438812,21.781986479864788
1781393622.0,2040.0,2026-06-13T23:33:42+00:00,0.04287037037037037,-1.8578678889753064,-12.60023077763617,11.8928111679852,17.42574090878,-17.35019804273261,-0.0471627556957263,1.620138812682906,7.236602277104364,-20.54486089495412,21.78209635710041
1781393682.0,2100.0,2026-06-13T23:34:42+00:00,0.04356481481481481,-2.210881017410429,-11.81274466123432,12.61873618979007,17.42588403301776,-17.34059661034449,-0.04626218060268838,1.7213376601173798,6.964620026678351,-20.63883996212388,21.78227828070725
1781393742.0,2160.0,2026-06-13T23:35:42+00:00,0.04425925925925926,-2.547703020332847,-10.975844754837453,13.293283366598189,17.42616829445825,-17.331275166318164,-0.04435477527553027,1.8155647028006443,6.741246711393972,-20.713256377914153,21.78263980790853
1781393802.0,2220.0,2026-06-13T23:36:42+00:00,0.044953703703703704,-2.8666026483406313,-10.093061181716621,13.913812693208456,17.42645914760188,-17.322251932377636,-0.041444995576281604,1.9024586005004414,6.557629551350238,-20.772508775212685,21.783012329543173
1781393862.0,2280.0,2026-06-13T23:37:42+00:00,0.045648148148148146,-3.165920185565483,-9.168250272981822,14.478086020797491,17.42684247117113,-17.31376683952033,-0.037524963158855416,1.9816428080963964,6.4068784861812675,-20.82001184079991,21.783502587686417
1781393922.0,2340.0,2026-06-13T23:38:42+00:00,0.046342592592592595,-3.4441588673507795,-8.205278189387172,14.983968647196889,17.427224015572968,-17.305866278506137,-0.03264743093549189,2.0528184003171233,6.283602688355796,-20.858059251662194,21.783991794227315
1781393982.0,2400.0,2026-06-13T23:39:42+00:00,0.04703703703703704,-3.6998808479402214,-7.208210195414722,15.4297302570194,17.427678798813556,-17.298766990900372,-0.026889738323863585,2.1156384027342994,6.1835047664818505,-20.888558369746722,21.784572567838453
1781394042.0,2460.0,2026-06-13T23:40:42+00:00,0.04773148148148148,-3.931895926594734,-6.181011044420302,15.813527370803058,17.427918723013242,-17.29229051433289,-0.02042090113758603,2.169936121332828,6.103295199635375,-20.912458836430698,21.78488344883444
1781394102.0,2520.0,2026-06-13T23:41:42+00:00,0.04842592592592593,-4.139042560360394,-5.128182159969583,16.134430868551135,17.428418890833463,-17.287032699939658,-0.013239112839417148,2.215425510250548,6.040382433798685,-20.931377052259364,21.785517328041436
1781394162.0,2580.0,2026-06-13T23:42:42+00:00,0.04912037037037037,-4.320278475643136,-4.053959699347615,16.39079714100808,17.42864384479523,-17.282544912054103,-0.005366189194346082,2.2519411261320434,5.992674042958462,-20.945383831909023,21.785803773355347
1781394222.0,2640.0,2026-06-13T23:43:42+00:00,0.04981481481481481,-4.474882217589766,-2.962743256241083,16.58227289095521,17.42911910263428,-17.279426286122725,0.00295370704973021,2.2793883372248853,5.958829284176811,-20.955655943307164,21.786398565440503
1781394282.0,2700.0,2026-06-13T23:44:42+00:00,0.05050925925925926,-4.601991672650911,-1.8588911527767777,16.707544366829097,17.429166429941013,-17.277058558411436,0.011644677179901752,2.2975975307477663,5.937584631082366,-20.96174207198924,21.786453174940366
1781394342.0,2760.0,2026-06-13T23:45:42+00:00,0.0512037037037037,-4.701184871024452,-0.7468279088789131,16.766930284909904,17.429539359835605,-17.276236084367344,0.020425584357490926,2.3065324295933713,5.928447896425821,-20.964801924772146,21.786909239393403
1781394402.0,2820.0,2026-06-13T23:46:42+00:00,0.05189814814814815,-4.771938165766187,0.3686446164501831,16.759675313718617,17.429687585622492,-17.276422053850993,0.029522285711867973,2.3061610490727227,5.931013918447865,-20.96425175531414,21.787078229102093
1781394462.0,2880.0,2026-06-13T23:47:42+00:00,0.052592592592592594,-4.8140333814080805,1.4833277927245945,16.686178385280073,17.429966375279342,-17.27797605280959,0.038487300732341474,2.296473402761106,5.9453744716633175,-20.960523196212474,21.787404853889026
1781394522.0,2940.0,2026-06-13T23:48:42+00:00,0.053287037037037036,-4.827306372113526,2.5926580103114247,16.546358938328922,17.43005325536033,-17.28054881913665,0.047219294528167526,2.2775336072945978,5.971897200489863,-20.953067006708032,21.78748661871799
1781394582.0,3000.0,2026-06-13T23:49:42+00:00,0.053981481481481484,-4.811774899950251,3.6921357135288417,16.34114481508732,17.43037743947507,-17.284540086853553,0.0556571027270202,2.249363011038917,6.011360134337143,-20.942168566975365,21.787860724548175
1781394642.0,3060.0,2026-06-13T23:50:42+00:00,0.054675925925925926,-4.7675315763335675,4.777288040379062,16.070873687043786,17.430571402481412,-17.289520817370715,0.06361555682035312,2.212067445544535,6.064854780439076,-20.92695614486148,21.788069143381442
1781394702.0,3120.0,2026-06-13T23:51:42+00:00,0.05537037037037037,-4.69493671588134,5.843584062065929,15.736469395458698,17.430616010077493,-17.29538589653831,0.07103664683088332,2.1658612548823926,6.134073718882996,-20.906792318706447,21.788089072844684
1781394762.0,3180.0,2026-06-13T23:52:42+00:00,0.05606481481481482,-4.5943871344206855,6.886867847759277,15.339299554936588,17.43076167955688,-17.30230448575454,0.07764497332535863,2.110848992671936,6.2211142320857595,-20.881210757329324,21.78823593090239
1781394822.0,3240.0,2026-06-13T23:53:42+00:00,0.05675925925925926,-4.466499332222156,7.90242675691843,14.880591927096248,17.430719464037143,-17.309867325433085,0.08362719898164327,2.0473106020967773,6.3287611961019135,-20.848745759191193,21.788148567711715
1781394882.0,3300.0,2026-06-13T23:54:42+00:00,0.0574537037037037,-4.311960324645042,8.88632731558755,14.362235135398805,17.430823649086534,-17.3182990132585,0.08871287927655178,1.9754144876391164,6.460525505607529,-20.80839575271758,21.78824737353421
1781394942.0,3360.0,2026-06-13T23:55:42+00:00,0.05814814814814815,-4.1317003921139985,9.834177824202925,13.785857538692653,17.43077363989816,-17.327150504333435,0.09292176389602272,1.8955449431075437,6.620958447929921,-20.75781092214393,21.788157449603037
1781395002.0,3420.0,2026-06-13T23:56:42+00:00,0.05884259259259259,-3.926675734575838,10.74212753586471,13.153768562711775,17.430826535843735,-17.336546260030254,0.09613276578582512,1.807936942442285,6.8157501051983,-20.694716435310024,21.78820180360007
1781395062.0,3480.0,2026-06-13T23:57:42+00:00,0.059537037037037034,-3.6980704012094066,11.606144423596561,12.468272850848734,17.43089616046445,-17.34624294503838,0.09839345201922452,1.7129843482064346,7.05225794161501,-20.61539476176754,21.788273067376966
1781395122.0,3540.0,2026-06-13T23:58:42+00:00,0.06023148148148148,-3.447158162132837,12.42250274028629,11.73193328641355,17.43099917859093,-17.356101674250446,0.09964739982860787,1.611067172040272,7.339918411667967,-20.51486447730424,21.788392937802957
1781395182.0,3600.0,2026-06-13T23:59:42+00:00,0.060925925925925925,-3.1753506830427796,13.187568775378168,10.947578749619424,17.43113027444716,-17.365958555255034,0.09994098280798791,1.5025970523956607,7.690987508732062,-20.38602039291575,21.788554709292892
1781395242.0,3660.0,2026-06-14T00:00:42+00:00,0.06162037037037037,-2.884160233195871,13.898023962974548,10.118263895623386,17.431371563581536,-17.375739761281196,0.09926012710144957,1.3879948714020625,8.121561036784865,-20.21867251388956,21.78886118864718
1781395302.0,3720.0,2026-06-14T00:01:42+00:00,0.062314814814814816,-2.575248515349813,14.55080955196172,9.24723790679127,17.43184936941773,-17.385415281284985,0.09759289103530663,1.2677474365783685,8.653052330587439,-19.9976423102013,21.789470223083395
1781395362.0,3780.0,2026-06-14T00:02:42+00:00,0.06300925925925926,-2.2503618412883952,15.142766986973584,8.337904304731637,17.43238849479228,-17.394659531404464,0.09509180891550335,1.1423423163672446,9.313910267352668,-19.6992946622435,21.790161418819107
1781395422.0,3840.0,2026-06-14T00:03:42+00:00,0.0637037037037037,-1.9112843957846053,15.671410229057074,7.393810889218003,17.43314504254706,-17.403490752739398,0.09164077333474538,1.0122537539866634,10.142359734261099,-19.28693587219738,21.791130221202728
1781395482.0,3900.0,2026-06-14T00:04:42+00:00,0.06439814814814815,-1.5599605854949914,16.134148605167866,6.418729796539992,17.43399898023768,-17.4116558129018,0.0873767350910075,0.8780248300226329,11.188903827014583,-18.700521453499007,21.792225023685813
1781395542.0,3960.0,2026-06-14T00:05:42+00:00,0.06509259259259259,-1.1983977051859256,16.52896976377815,5.41667693760246,17.43511937320882,-17.419205172248457,0.08239581323358289,0.7401956870421373,12.517413379122566,-17.840341853049456,21.79365584608293
1781395602.0,4020.0,2026-06-14T00:06:42+00:00,0.06578703703703703,-0.8286528505850583,16.853863645344973,4.391688347328454,17.43635030224858,-17.425878208879507,0.0768018122308627,0.599317940379349,14.196958768460872,-16.537178041527763,21.795226446416336
1781395662.0,4080.0,2026-06-14T00:07:42+00:00,0.06648148148148147,-0.4528301709297011,17.107390938326716,3.3479782480280846,17.437799122300856,-17.431694000566683,0.07066831026142525,0.45594790299862753,-0.3416638930830877,-21.794391993752722,21.7970699084347
1781395722.0,4140.0,2026-06-14T00:08:42+00:00,0.06717592592592593,-0.07309396924392786,17.2883143061772,2.289834560826421,17.439452301992347,-17.43656709933927,0.06409392546203503,0.31067081038331623,-0.5189396498710722,-21.79299047327388,21.799168152212008
1781395782.0,4200.0,2026-06-14T00:09:42+00:00,0.06787037037037037,0.30833400433766656,17.395792171359062,1.2217179594445042,17.441366056011134,-17.440500118040468,0.05726953726915364,0.1640906228545325,-0.6985498378372598,-21.790395967148406,21.801590040202573
1781395842.0,4260.0,2026-06-14T00:10:42+00:00,0.06856481481481481,0.17842338018817827,4.486322305165231,0.04141393444297137,4.490059892962108,-4.490030711151266,0.015969806666761087,0.002649637781833302,-0.22892068647821412,-5.607868887222141,5.612539366184593
1781395902.0,4320.0,2026-06-14T00:11:42+00:00,0.06925925925925926,0.27549006190383807,4.476307990960777,-0.2350155650638044,4.490930896815197,-4.490770897851183,0.014462862662625657,-0.03504124121414885,-0.27661824470294033,-5.606815028307533,5.61363451027565
1781395962.0,4380.0,2026-06-14T00:12:42+00:00,0.0699537037037037,0.37124715402023867,4.4472011756151915,-0.5106456687208265,4.491790483175346,-4.491185888765162,0.012952159372027924,-0.07254859660185187,-0.32543348983457404,-5.605275630805939,5.614714761554039
1781396022.0,4440.0,2026-06-14T00:13:42+00:00,0.07064814814814815,0.4652732661925256,4.399315905757248,-0.7840457626152784,4.492792829494496,-4.491433035857901,0.011736575841458683,-0.10990425810198835,-0.37585041920204837,-5.603380815057029,5.6159718745880065
1781396082.0,4500.0,2026-06-14T00:14:42+00:00,0.0713425925925926,0.5569705027155578,4.332570142112672,-1.0546040288172662,4.493725607424095,-4.491314951665913,0.010293688438026147,-0.14681239640988003,3.747860970124301,4.183996349543081,5.617142272042867
1781396142.0,4560.0,2026-06-14T00:15:42+00:00,0.07203703703703704,0.6456352574750781,4.247500577941537,-1.3204911164939404,4.494641569029505,-4.490900928602595,0.009393986786571265,-0.18309406472253953,3.29664741431581,4.549427971510986,5.618289690135396
1781396202.0,4620.0,2026-06-14T00:16:42+00:00,0.07273148148148148,0.7309528242330998,4.144290901720524,-1.5814581294544041,4.49560328816448,-4.490276121061638,0.008157647888950795,-0.2186383634220031,2.9388031528726937,4.789797333212892,5.619494858489312
1781396262.0,4680.0,2026-06-14T00:17:42+00:00,0.07342592592592592,0.8123439003247768,4.02371474262327,-1.8356806645169854,4.496655028405029,-4.489505422601597,0.007423199736252584,-0.253362193345363,2.6570496821239864,4.9531408930486,5.62081112648926
1781396322.0,4740.0,2026-06-14T00:18:42+00:00,0.07412037037037036,0.8893212081165984,3.8861723793670535,-2.08246545214206,4.4977650375188105,-4.488590442248419,0.006843664806119866,-0.2870528500725142,2.4343299990154583,5.067856343654826,5.622199788697398
1781396382.0,4800.0,2026-06-14T00:19:42+00:00,0.07481481481481482,0.9613334112800658,3.7320684511214495,-2.3205342711880803,4.4985971319132165,-4.487229239169787,0.006558957871333785,-0.3195416881553913,2.2567953834639503,5.150505569468699,5.62324043803502
1781396442.0,4860.0,2026-06-14T00:20:42+00:00,0.07550925925925926,1.0282243459951133,3.5622597578912973,-2.5494211656041443,4.499609779527469,-4.485905267961829,0.006194220989730804,-0.3508614064240687,2.1144667404054123,5.211919820533078,5.624506895003885
1781396502.0,4920.0,2026-06-14T00:21:42+00:00,0.0762037037037037,1.089318761602044,3.377773459069431,-2.7677454855293036,4.500709274974326,-4.484575920495696,0.006340985643832447,-0.3806869882871883,1.9993053956511044,5.258641942093096,5.625881010137014
1781396562.0,4980.0,2026-06-14T00:22:42+00:00,0.07689814814814815,1.1444297498092055,3.1789480643346906,-2.974771269597113,4.50163240996042,-4.483002196990092,0.00656426011552602,-0.4090752579626473,1.9056311286852052,5.294533747440344,5.62703452996325
1781396622.0,5040.0,2026-06-14T00:23:42+00:00,0.07759259259259259,1.1930796292144805,2.966902432963252,-3.1696790968999267,4.502534244810822,-4.481392590505076,0.007018887493423075,-0.43575889053319017,1.8289589171943816,5.3226971692593,5.6281609675297855
1781396682.0,5100.0,2026-06-14T00:24:42+00:00,0.07828703703703704,1.2351178566459566,2.7425725776702166,-3.351644331589341,4.503414281305831,-4.479771831624274,0.007728579335200731,-0.4607871468655327,1.7661560290584306,5.345021617996496,5.629259561952115
1781396742.0,5160.0,2026-06-14T00:25:42+00:00,0.07898148148148149,1.2701064511202276,2.5067752241156995,-3.519936586730182,4.504114340913123,-4.478036357210167,0.00856678798299694,-0.4839039054056222,1.7144482409915875,5.362747609769675,5.630132742407546
1781396802.0,5220.0,2026-06-14T00:26:42+00:00,0.07967592592592593,1.2979672704823315,2.2607897096313536,-3.6738544404506683,4.504785854625886,-4.476362524491363,0.009734512865289625,-0.505152832938757,1.6720650618425366,5.376989142086556,5.630969171035409
1781396862.0,5280.0,2026-06-14T00:27:42+00:00,0.08037037037037037,1.318392914487049,2.0053489645943046,-3.812902146950364,4.505308771770011,-4.474679037149638,0.010879378625573321,-0.5243436684104279,1.6373085341143276,5.388354058920586,5.63161954504826
1781396922.0,5340.0,2026-06-14T00:28:42+00:00,0.08106481481481481,1.3313207614701241,1.7419111630879343,-3.9365133438259363,4.505863599370425,-4.473194942122802,0.012312044273001334,-0.5414630176329747,1.6090836253533691,5.397568769411052,5.632308472900067
1781396982.0,5400.0,2026-06-14T00:29:42+00:00,0.08175925925925925,1.336489793844521,1.4715375336818397,-4.044185737147927,4.506336201243281,-4.4718448347718684,0.013971168734151964,-0.556304358066776,1.5862439444450673,5.404934386201996,5.6328931793916865
1781397042.0,5460.0,2026-06-14T00:30:42+00:00,0.08245370370370371,1.3340238593518734,1.1951526056509465,-4.135246406309307,4.506470043061237,-4.470368349703551,0.015703712274278702,-0.5690627912611269,1.5683006551936953,5.410334843724056,5.6330533519837696
1781397102.0,5520.0,2026-06-14T00:31:42+00:00,0.08314814814814815,1.3236927951220423,0.9140482491347939,-4.209755478426814,4.506627120779903,-4.469189462358994,0.017442488285897447,-0.5794215347143122,1.5544262957569355,5.4145333154779705,5.633241707344137
1781397162.0,5580.0,2026-06-14T00:32:42+00:00,0.0838425925925926,1.3056123384740204,0.6295021970290691,-4.267302214168012,4.506746585008219,-4.468253541468659,0.019304440094803754,-0.5874541762798627,1.544307136626139,5.4175735486824825,5.633381549976757
1781397222.0,5640.0,2026-06-14T00:33:42+00:00,0.08453703703703704,1.2797596426680684,0.3427016227506101,-4.307494152337313,4.506632336640958,-4.467385587575701,0.02127058106259906,-0.593083967040179,1.537533368885147,5.419339920218692,5.63322767437206
1781397282.0,5700.0,2026-06-14T00:34:42+00:00,0.08523148148148148,1.2463206107495353,0.054792333889054134,-4.330397739075124,4.506513268949626,-4.466819634032176,0.023229005561442095,-0.5963594667181304,1.534019809717812,5.420168286059515,5.633066751407444
1781397342.0,5760.0,2026-06-14T00:35:42+00:00,0.08592592592592592,1.2052916492102668,-0.23292080394458026,-4.33573242276907,4.50616862782754,-4.4663551729515545,0.025241834605840924,-0.5971515898427826,1.5334687551421597,5.419862435045722,5.632622412146672
1781397402.0,5820.0,2026-06-14T00:36:42+00:00,0.08662037037037038,1.1569326629396528,-0.5193043731851503,-4.323612700216472,4.50575154664114,-4.466138418818332,0.0272100935346179,-0.5955369298572122,1.5359800692806203,5.418594483928033,5.6320867317968935
1781397462.0,5880.0,2026-06-14T00:37:42+00:00,0.08731481481481482,1.101407865062356,-0.8032358915079385,-4.293921755626798,4.505113897125454,-4.4660182771480414,0.029005137244233585,-0.5915155756748706,1.541585750762198,5.4161590528419525,5.631275655891379
1781397522.0,5940.0,2026-06-14T00:38:42+00:00,0.08800925925925926,1.0390004641376436,-1.0833893807139248,-4.247133187018335,4.504597076653411,-4.466334603071747,0.030788500978098734,-0.585065897661037,1.5504629947308415,5.41293707422074,5.630614821447398
1781397582.0,6000.0,2026-06-14T00:39:42+00:00,0.0887037037037037,0.9700218609068543,-1.358643775805831,-4.183087422512472,4.503895614304927,-4.466755502576298,0.03244147626493701,-0.5762972630312196,1.5629193196109183,5.408425790985267,5.629723468893269
1781397642.0,6060.0,2026-06-14T00:40:42+00:00,0.08939814814814814,0.8948052381165326,-1.627592426724732,-4.102123666554689,4.503015889090396,-4.4672740385804826,0.0341860686021633,-0.5651956071475862,1.579268546830797,5.402511909778102,5.628607650059053
1781397702.0,6120.0,2026-06-14T00:41:42+00:00,0.0900925925925926,0.8135768008651212,-1.889798813033849,-4.004531250335276,4.50216806656103,-4.468083471722017,0.0353204269133933,-0.5518150566349788,1.6000678882872623,5.395271472670908,5.62753689556493
1781397762.0,6180.0,2026-06-14T00:42:42+00:00,0.09078703703703704,0.7269128140760586,-2.1432536146603525,-3.8907743990421295,4.501118052247051,-4.4689153114677955,0.03672008794720245,-0.5362007966556332,1.6259138799241593,5.386153246788564,5.626210335814066
1781397822.0,6240.0,2026-06-14T00:43:42+00:00,0.09148148148148148,0.6350448039302137,-2.3878747732378542,-3.7612506859004498,4.500248277356606,-4.470129249377899,0.037444561047166855,-0.5184370323918497,1.6577593449131405,5.3752915899810025,5.625115618631082
1781397882.0,6300.0,2026-06-14T00:44:42+00:00,0.09217592592592593,0.5387428697576979,-2.6216815998777747,-3.6166377011686563,4.49928067054801,-4.471394410227476,0.038465186132168726,-0.4986772603691237,1.696715765995064,5.361842408959989,5.623895305666533
1781397942.0,6360.0,2026-06-14T00:45:42+00:00,0.09287037037037037,0.43802016387780895,-2.8444407572969794,-3.456760494969785,4.497988217561215,-4.47247549570747,0.038611484371997164,-0.47683340790082923,1.7438894953328807,5.34498462236992,5.622278113478849
1781398002.0,6420.0,2026-06-14T00:46:42+00:00,0.09356481481481481,0.3338712612167001,-3.0551393683999777,-3.283808523789048,4.497637713325013,-4.474577034156689,0.0390210167708906,-0.4531917099541323,1.8015999485416712,5.325342483240954,5.621835548857355
1781398062.0,6480.0,2026-06-14T00:47:42+00:00,0.09425925925925926,0.22652293229475617,-3.251790559850633,-3.09645451977849,4.495940955689448,-4.475385368530623,0.03911825189302616,-0.4276454636221482,1.8712199889703622,5.299029646026056,5.619713465701367
1781398122.0,6540.0,2026-06-14T00:48:42+00:00,0.0949537037037037,0.11671916546765715,-3.4353561801835895,-2.8971324898302555,4.495405667116495,-4.477351946281,0.038830036280376526,-0.40060440506728573,1.9567501273871462,5.267335495349887,5.61904745322572
1781398182.0,6600.0,2026-06-14T00:49:42+00:00,0.09564814814814815,0.00497274030931294,-3.603340764530003,-2.6856139078736305,4.494064024425344,-4.478483444434211,0.038545293940732014,-0.3719028823198835,2.061057015627103,5.225603114426585,5.617373401436878
1781398242.0,6660.0,2026-06-14T00:50:42+00:00,0.09634259259259259,-0.10873403609730303,-3.7565415492281318,-2.4623200548812747,4.492933068091915,-4.479782757207499,0.03681217487853575,-0.34152432762677476,2.189349506241988,5.171649218852064,5.615977822546595
1781398302.0,6720.0,2026-06-14T00:51:42+00:00,0.09703703703703703,-0.22271405800711364,-3.8934337068349123,-2.2302279477007687,4.4924764083807744,-4.481620041775091,0.036148994266303275,-0.310031177837314,2.3490684306747336,5.100465532551303,5.615413710559223
1781398362.0,6780.0,2026-06-14T00:52:42+00:00,0.09773148148148147,-0.33707647945266217,-4.01350792683661,-1.9882841687649488,4.491674561624186,-4.482975021466159,0.03469511132520645,-0.2772572338144625,2.5484659733327555,5.002708980792563,5.614425702040898
1781398422.0,6840.0,2026-06-14T00:53:42+00:00,0.09842592592592593,-0.4503593167755753,-4.114955956116319,-1.7386009735055268,4.489812844658237,-4.483069924609987,0.03408860087904208,-0.2436008998456456,2.7993357674277664,4.864096408011584,5.612104293866214
1781398482.0,6900.0,2026-06-14T00:54:42+00:00,0.09912037037037037,-0.5638175986241549,-4.20053172018379,-1.480091778561473,4.489212479907112,-4.484256559106566,0.030777215496503384,-0.20862541760242884,3.1177035163727638,4.665570924756633,5.611383721501993
1781398542.0,6960.0,2026-06-14T00:55:42+00:00,0.09981481481481481,-0.6747207238804549,-4.267136198468506,-1.217697537271306,4.488483784507929,-4.4850484755573765,0.029847872394064327,-0.17302011502893977,3.5212031187829105,4.3679081967801,5.610480676307982
1781398602.0,7020.0,2026-06-14T00:56:42+00:00,0.10050925925925926,-0.7835345221683383,-4.3153182957321405,-0.9490071979817003,4.48737261688075,-4.485202315533328,0.02750434916966322,-0.13680899912804506,-1.2468164677143818,5.468781239745506,5.609110406504419
1781398662.0,7080.0,2026-06-14T00:57:42+00:00,0.1012037037037037,-0.8895862780045718,-4.345315833576024,-0.6768294277135283,4.486784094845611,-4.485598953369721,0.025320180601670055,-0.09996215154901475,-1.281250501198864,5.460077348960981,5.608390812297152
1781398722.0,7140.0,2026-06-14T00:58:42+00:00,0.10189814814814815,-0.991973367985338,-4.356335473246872,-0.40207108412869275,4.485903596261699,-4.4854037417839905,0.023275798371634637,-0.06279000998556672,-1.3208337798124874,5.44951891696526,5.60730401353948
1781398782.0,7200.0,2026-06-14T00:59:42+00:00,0.1025925925925926,-1.090305074583739,-4.348739100620151,-0.12562934882589616,4.485095278164336,-4.484973896998884,0.021055116083972522,-0.02540628932688562,-1.3657550632784456,5.437406999903172,5.606307320818822
1781398842.0,7260.0,2026-06-14T01:00:42+00:00,0.10328703703703704,-1.1840708111412823,-4.322644101455808,0.15139810933033004,4.484439441129322,-4.4843845118216725,0.018629676632737478,0.01206592055033385,-1.4161952959230306,5.423654816222336,5.605500930490178
1781398902.0,7320.0,2026-06-14T01:01:42+00:00,0.10398148148148148,-1.2726243827491999,-4.278203276917338,0.4274377494584769,4.483893300230968,-4.483590182652022,0.01647071862598445,0.04946632501529485,-1.4723494992675077,5.4079841861028175,5.604828811402846
1781398962.0,7380.0,2026-06-14T01:02:42+00:00,0.10467592592592592,-1.3554519810713828,-4.215540430508554,0.7016646245028824,4.4833429982013815,-4.482483624607262,0.014271191630950768,0.0866102057412051,-1.5344672896964615,5.389982499420192,5.604150355513702
1781399022.0,7440.0,2026-06-14T01:03:42+00:00,0.10537037037037036,-1.4321131340693682,-4.13504839129746,0.9727907702326775,4.482844533306457,-4.48112892800817,0.012199582219955771,0.12340911861606178,-1.6030837367160633,5.36933199714449,5.603534916682788
1781399082.0,7500.0,2026-06-14T01:04:42+00:00,0.10606481481481482,-1.5021132691763341,-4.037174872122705,1.239806136349216,4.482437336680097,-4.479581785514724,0.010190754364610867,0.15964852856812325,3.4016125063198115,-4.4523030090779265,5.60303219050147
1781399142.0,7560.0,2026-06-14T01:05:42+00:00,0.10675925925925926,-1.5650500869378448,-3.9224054403603077,1.501458569895476,4.482078095069837,-4.477816009188459,0.008411770923540288,0.1952359604948413,3.017423201389786,-4.720608725907361,5.602587752047986
1781399202.0,7620.0,2026-06-14T01:06:42+00:00,0.1074537037037037,-1.620507265906781,-3.791276989504695,1.756799293216318,4.481759561450146,-4.475849650373986,0.006761708588554906,0.22998468034596906,2.7147124782358314,-4.900500323416225,5.602193075866973
1781399262.0,7680.0,2026-06-14T01:07:42+00:00,0.10814814814814815,-1.668171620927751,-3.644455694593489,2.0046621905639768,4.481464533497994,-4.473689791094677,0.005382168918133234,0.2638087381293387,2.475851069448591,-5.024999804987667,5.601826626933024
1781399322.0,7740.0,2026-06-14T01:08:42+00:00,0.10884259259259259,-1.7077000811696053,-3.482703313231468,2.244224007707089,4.481294827612772,-4.4714737883184705,0.004168709671195751,0.29649302560015844,2.2860652261653804,-5.1139034831140435,5.601616110810212
1781399382.0,7800.0,2026-06-14T01:09:42+00:00,0.10953703703703704,-1.7388753527775407,-3.30674438085407,2.4743009321391582,4.481117159324435,-4.469094908204168,0.0033075192740055098,0.32801030070978865,2.134101338709997,-5.178922336111311,5.601394923352258
1781399442.0,7860.0,2026-06-14T01:10:42+00:00,0.11023148148148149,-1.7613697308115661,-3.117386966943741,2.6941639576107264,4.480964657390035,-4.466631288860532,0.002645625239487091,0.3581091884017936,2.011367559721369,-5.227609038624582,5.60120484547824
1781399502.0,7920.0,2026-06-14T01:11:42+00:00,0.11092592592592593,-1.7751649380661547,-2.9156316462904215,2.902911415323615,4.480961184768929,-4.464234780330291,0.002312375379757565,0.3868017818149494,1.9117411446962704,-5.264854743597828,5.601200735155737
1781399562.0,7980.0,2026-06-14T01:12:42+00:00,0.11162037037037037,-1.7799593810923398,-2.702307177707553,3.0997613556683064,4.480986492182609,-4.461834864358075,0.002232597634970936,0.41384127613078353,1.830277777980349,-5.293759333242488,5.601232420000141
1781399622.0,8040.0,2026-06-14T01:13:42+00:00,0.11231481481481481,-1.775742216501385,-2.4783948604017496,3.283839166164398,4.480993324338517,-4.459415062516709,0.0025049821180184277,0.43921771142571253,1.7634855028517187,-5.316391366245775,5.601240780207614
1781399682.0,8100.0,2026-06-14T01:14:42+00:00,0.11300925925925925,-1.7623899402096868,-2.244819864630699,3.454617044888437,4.481028169162364,-4.457068816244297,0.0029474959483447266,0.46275515378751236,1.7085369531421082,-5.334349437860968,5.601283999714686
1781399742.0,8160.0,2026-06-14T01:15:42+00:00,0.11370370370370371,-1.7399646970443428,-2.002780358772725,3.6113264113664627,4.481103074230651,-4.454842808645552,0.003774116409937813,0.4844027953921505,1.6633563942641387,-5.34870715125795,5.601376856118265
1781399802.0,8220.0,2026-06-14T01:16:42+00:00,0.11439814814814815,-1.708488690899685,-1.7534143961966038,3.753435124643147,4.48125773490284,-4.452819313345079,0.0050206633156484335,0.5040296045546011,1.6262374910414559,-5.360309972105503,5.601568653004487
1781399862.0,8280.0,2026-06-14T01:17:42+00:00,0.1150925925925926,-1.6680104616098106,-1.4974215435795486,3.880520697683096,4.481402800950037,-4.45093684681411,0.0063044800413194985,0.5216248686237231,1.5959375092288701,-5.369596227915662,5.601747957933287
1781399922.0,8340.0,2026-06-14T01:18:42+00:00,0.11578703703703704,-1.6185993584804237,-1.2362858401611447,3.991880846209824,4.481448343135626,-4.449151842988776,0.008036891319225891,0.5369939837656889,1.5712640041279096,-5.3769237103081595,5.601801420716566
1781399982.0,8400.0,2026-06-14T01:19:42+00:00,0.11648148148148148,-1.560582121135667,-0.9708786020055413,4.087527099065483,4.481729532472393,-4.447812970995909,0.009874444437745173,0.5502380145198953,1.5516778893275822,-5.382969580560918,5.602148318053734
1781400042.0,8460.0,2026-06-14T01:20:42+00:00,0.11717592592592592,-1.4938952354714274,-0.7024265106301755,4.166508749127388,4.481620369236487,-4.446338992047089,0.0120279260814645,0.5611114245417278,1.5361944602928195,-5.387259953215952,5.602005285909563
1781400102.0,8520.0,2026-06-14T01:21:42+00:00,0.11787037037037038,-1.4190463779959828,-0.4319460795959458,4.229309290647507,4.481888788729495,-4.4455059051100205,0.014235165058751727,0.5697382927685566,1.524686333558265,-5.39086853631643,5.602332727675659
1781400162.0,8580.0,2026-06-14T01:22:42+00:00,0.11856481481481482,-1.33622866589576,-0.1608521754387766,4.275145567953587,4.481991755581233,-4.444795506897295,0.016870978414819597,0.575984695153518,1.5165731170712176,-5.393278411416766,5.602450003567838
1781400222.0,8640.0,2026-06-14T01:23:42+00:00,0.11925925925925926,-1.2457283188123256,0.11028005278785713,4.304117432795465,4.482123114064104,-4.444404117978898,0.019340196678943995,0.5799358606883461,1.511779188983063,-5.394781726936609,5.602601734688218
1781400282.0,8700.0,2026-06-14T01:24:42+00:00,0.1199537037037037,-1.1478066339623183,0.38005469349445775,4.316039915196598,4.482198365599778,-4.4442764126781285,0.02186359370529423,0.5814046263734408,1.5099330125047243,-5.395381364303436,5.602681301709423
1781400342.0,8760.0,2026-06-14T01:25:42+00:00,0.12064814814814814,-1.0432002377929166,0.6472955751232803,4.3111688224598765,4.482570123651771,-4.444738038681478,0.0246206237514711,0.5806311271706612,1.5113412871855485,-5.395451085618974,5.603128135573791
1781400402.0,8820.0,2026-06-14T01:26:42+00:00,0.1213425925925926,-0.9318405594676733,0.9111671487335116,4.28900954592973,4.482650475586573,-4.445235271744088,0.027161361597439572,0.5773222025480848,1.515573807916314,-5.394348982916905,5.603210233137662
1781400462.0,8880.0,2026-06-14T01:27:42+00:00,0.12203703703703704,-0.8146087505156174,1.1704980155918747,4.250103447586298,4.482971373554159,-4.446259209435917,0.02974964063246466,0.5717747261768377,1.523198004923793,-5.392596590346382,5.60359082628445
1781400522.0,8940.0,2026-06-14T01:28:42+00:00,0.12273148148148148,-0.6916475895268377,1.424293058225885,4.194288053549826,4.483195219925128,-4.447492461880814,0.03214248707789937,0.5637526425634749,1.5340630946223768,-5.389785262185665,5.603849993598702
1781400582.0,9000.0,2026-06-14T01:29:42+00:00,0.12342592592592593,-0.5637901384470752,1.671415702905506,4.121778080239892,4.483363058561657,-4.448928203249075,0.03452638576114281,0.5535251447735346,1.5487934536759331,-5.385766121770939,5.604037640894734
1781400642.0,9060.0,2026-06-14T01:30:42+00:00,0.12412037037037037,-0.43128346696903463,1.9111005263403058,4.032945563085377,4.483632519003877,-4.450732321699695,0.036579904512096036,0.5409290865100373,1.5676238797516575,-5.380644988332553,5.604354121469829
1781400702.0,9120.0,2026-06-14T01:31:42+00:00,0.12481481481481481,-0.2949704334605485,2.1420391434803605,3.9280259488150477,4.4838295131931964,-4.452686785848923,0.0386504322395645,0.5261308150986994,1.5912521818055225,-5.373938820183116,5.604578659379484
1781400762.0,9180.0,2026-06-14T01:32:42+00:00,0.12550925925925926,-0.15525007946416736,2.3636281001381576,3.807237958535552,4.483960443162975,-4.454776587672089,0.04027652927039059,0.5091606926785064,1.6204057719372627,-5.36537241586246,5.604724438063424
1781400822.0,9240.0,2026-06-14T01:33:42+00:00,0.1262037037037037,-0.012894268496893346,2.574744915124029,3.6712693255394697,4.484160579279487,-4.45710281318072,0.041781499884362805,0.4900866451639594,1.6560850814630212,-5.354710983231721,5.604957404921718
1781400882.0,9300.0,2026-06-14T01:34:42+00:00,0.12689814814814815,0.13150116964243352,2.7745772185735404,3.5203851852566004,4.484270637686664,-4.459471217803732,0.04296448553543876,0.46899217752701666,1.699496254474359,-5.341221359749321,5.605081010370391
1781400942.0,9360.0,2026-06-14T01:35:42+00:00,0.1275925925925926,0.27722020796500146,2.962271651253104,3.355186282657087,4.4843259661684085,-4.461878039085132,0.04386071711561248,0.4459820317862048,1.7522403588346127,-5.324212675402092,5.605139328156005
1781401002.0,9420.0,2026-06-14T01:36:42+00:00,0.12828703703703703,0.4235683809965849,3.1370259672403336,3.1763318115845323,4.484353450588401,-4.464313031270217,0.04449490919218776,0.4211356452391547,1.8163181212476822,-5.302723165626427,5.605165875230086
1781401062.0,9480.0,2026-06-14T01:37:42+00:00,0.12898148148148147,0.5698246366810054,3.298103083856404,2.9844903238117695,4.484346837749935,-4.46672943484795,0.04486245367568536,0.3945656819224926,1.894335886701904,-5.275341889458763,5.605153031124577
1781401122.0,9540.0,2026-06-14T01:38:42+00:00,0.12967592592592592,0.7152784627396613,3.4447791762650013,2.780392974615097,4.484273848214132,-4.4690573112942715,0.04497670787756803,0.36635473231950777,1.9896305780878873,-5.240045017947986,5.605060358942073
1781401182.0,9600.0,2026-06-14T01:39:42+00:00,0.13037037037037036,0.859238246222958,3.5764846466481686,2.5648583346046507,4.48419792918124,-4.471321876482869,0.044816471020147484,0.33660544987319696,2.1066550095367744,-5.194002782853646,5.6049674608777
1781401242.0,9660.0,2026-06-14T01:40:42+00:00,0.13106481481481483,1.000991815701127,3.6926853572949767,2.3387303282506764,4.484146441783641,-4.473511926416141,0.04437481502775601,0.3054361330371396,2.2513299178876314,-5.132885532841086,5.604908589123042
1781401302.0,9720.0,2026-06-14T01:41:42+00:00,0.13175925925925927,1.139765052124858,3.7928321324288845,2.102951366920024,4.484087912882733,-4.475557153461356,0.04374745534613374,0.2729812021232247,2.4315665457936437,-5.049925806381519,5.6048431304168425
1781401362.0,9780.0,2026-06-14T01:42:42+00:00,0.1324537037037037,1.2749126343987882,3.8765963884070516,1.8583954479545355,4.484086910948359,-4.4774889496489605,0.04283149517367611,0.23936080241139399,2.65797650545049,-4.934525031237559,5.604852931829419
1781401422.0,9840.0,2026-06-14T01:43:42+00:00,0.13314814814814815,1.405659677926451,3.943561934866011,1.606039431411773,4.484074321364656,-4.479203783329886,0.041684320391549554,0.20473984555681218,2.9444797094208566,-4.769107956924613,5.604850708448245
1781401482.0,9900.0,2026-06-14T01:44:42+00:00,0.1338425925925926,1.5313967098481953,3.9935680143535137,1.3469307157211006,4.484192649870688,-4.4808170999095,0.04029379085961021,0.16922839221321076,3.3083084401417095,-4.524520192293223,5.605014514306093
1781401542.0,9960.0,2026-06-14T01:45:42+00:00,0.13453703703703704,1.6513432608917356,4.026251178234816,1.0820968262851238,4.484257648372374,-4.48211785408618,0.038723767629612625,0.1329912361345367,3.766588410515483,-4.1509160593061765,5.605113057346433
1781401602.0,10020.0,2026-06-14T01:46:42+00:00,0.13523148148148148,1.7649139855057001,4.041651166044176,0.8126695198006928,4.484450609900052,-4.483266587911265,0.03699356162906843,0.09617406484820723,-2.396027367181646,-5.06747018008764,5.605372527349174
1781401662.0,10080.0,2026-06-14T01:47:42+00:00,0.13592592592592592,1.871421832125634,4.039584174752235,0.5397034098859876,4.4846114379406075,-4.484086938144261,0.03510429861327853,0.058921716629927116,-2.4325374330237564,-5.050290041975163,5.60559255307905
1781401722.0,10140.0,2026-06-14T01:48:42+00:00,0.13662037037037036,1.9703069049865007,4.020204625092447,0.26438270875951275,4.484869311824281,-4.484696048176705,0.033115865340929494,0.021387825372838874,-2.4773998732237166,-5.028815342482299,5.6059338098691684
1781401782.0,10200.0,2026-06-14T01:49:42+00:00,0.00017361111111111112,2.403492254205048,4.64943025726825,-0.018940751702757552,5.2339598283995485,-5.23383693797648,0.03195377236788275,-0.01628951824579332,-2.950077455454971,-5.839443194519671,6.542327859042665
1781401842.0,10260.0,2026-06-14T01:50:42+00:00,0.0008680555555555555,2.4990394422784448,4.5866365050897,-0.34167260688263923,5.234421910218816,-5.233991721534355,0.02953268937044329,-0.06025954984218033,-3.022127829042491,-5.803153280866816,6.5429232470134
1781401902.0,10320.0,2026-06-14T01:51:42+00:00,0.0015625,2.58381777908653,4.504335082136095,-0.6631151831243187,5.23496615020342,-5.233862400635082,0.02710225610683969,-0.10402130891273821,-3.1043192659433627,-5.760396209564952,6.5436199917230375
1781401962.0,10380.0,2026-06-14T01:52:42+00:00,0.0022569444444444442,2.6573186703026295,4.402944443747401,-0.9819396804086864,5.235596224521727,-5.2334624650536306,0.0246818209373379,-0.14740848285007008,-3.197041202991815,-5.710376008802404,6.544422557837584
1781402022.0,10440.0,2026-06-14T01:53:42+00:00,0.002951388888888889,2.719021810218692,4.282962850295007,-1.2966744273435324,5.2362405361078235,-5.232735628428717,0.02243753465548581,-0.19023499149747666,4.22912902224716,4.995462135381105,6.545240578683076
1781402082.0,10500.0,2026-06-14T01:54:42+00:00,0.0036458333333333334,2.768557478673756,4.144988797605038,-1.606235392857343,5.236968090628319,-5.23177374788015,0.020176120193062773,-0.23231693314362853,3.7331868366935756,5.377317810362305,6.546161531103692
1781402142.0,10560.0,2026-06-14T01:55:42+00:00,0.004340277777777778,2.805550146382302,3.989721900783479,-1.9091490488499403,5.237732578146933,-5.230556007697784,0.018107730299326302,-0.27349318203886835,3.341138133843144,5.630422954174906,6.547126596631572
1781402202.0,10620.0,2026-06-14T01:56:42+00:00,0.0050347222222222225,2.8297477597370744,3.8179885363206267,-2.204243380576372,5.238625557150221,-5.2292064356250405,0.016213809959584664,-0.31358395050085364,3.0322483705685035,5.803882795792863,6.548250582263611
1781402262.0,10680.0,2026-06-14T01:57:42+00:00,0.005729166666666666,2.840841742698103,3.6304619293659925,-2.4902629903517663,5.239469953034139,-5.2275830365277365,0.014474631279169271,-0.3524364765519226,2.7875791626360855,5.926457286173987,6.5493124488611505
1781402322.0,10740.0,2026-06-14T01:58:42+00:00,0.006423611111111111,2.838713097386062,3.4281648444011807,-2.766076688654721,5.240399459695645,-5.225860718982024,0.012931732630075719,-0.3898705083361306,2.592301496517368,6.0157088573646185,6.550479379818038
1781402382.0,10800.0,2026-06-14T01:59:42+00:00,0.007118055555555555,2.8232102980837226,3.2119892677292228,-3.030497427098453,5.241307670692881,-5.223975625432876,0.011607601765197274,-0.4257346912438369,2.4351453251064235,6.08225061136362,6.551618521695292
1781402442.0,10860.0,2026-06-14T02:00:42+00:00,0.0078125,2.7943477360531688,2.9830590980127454,-3.2824549535289407,5.242283030719418,-5.22206183000442,0.010579638492046796,-0.4598800811396572,2.3077624232692115,6.133021317524703,6.552840443919402
1781402502.0,10920.0,2026-06-14T02:01:42+00:00,0.008506944444444444,2.7521174042485654,2.7422884264960885,-3.5209670644253492,5.243234220367264,-5.22007145382046,0.009727416879100413,-0.4922037017332606,2.203890455935484,6.1723735882487025,6.5540314963138275
1781402562.0,10980.0,2026-06-14T02:02:42+00:00,0.00920138888888889,2.6964676789939404,2.4907713565044105,-3.744975225068629,5.244017480007061,-5.2179163803634125,0.009066112432570137,-0.5224804147144296,2.1186464933687463,6.203186282991009,6.555012053791472
1781402622.0,11040.0,2026-06-14T02:03:42+00:00,0.009895833333333333,2.6277994299307466,2.2298559611663222,-3.9538275748491287,5.245030023091449,-5.21603563854852,0.00863321480136236,-0.5506701627332008,2.048635394870055,6.2279918692268526,6.556278647546195
1781402682.0,11100.0,2026-06-14T02:04:42+00:00,0.010590277777777778,2.546121555380523,1.9606306902132928,-4.1462596179917455,5.245786547122237,-5.21399422537307,0.008573939016893663,-0.5765996906994137,1.9908739980788408,6.247688603689952,6.557224425387904
1781402742.0,11160.0,2026-06-14T02:05:42+00:00,0.011284722222222222,2.4517670832574368,1.6841949871741235,-4.321925443597138,5.246590714490644,-5.212139772457118,0.00855578110493975,-0.6001998970008122,1.943328821447146,6.263692963058281,6.558229672993542
1781402802.0,11220.0,2026-06-14T02:06:42+00:00,0.011979166666666667,2.3450619224458933,1.401995490770787,-4.4796267887577415,5.24709090285305,-5.210164150718958,0.008982287933780345,-0.6213467501079543,1.9041959278959626,6.276352754703657,6.5588540182940305
1781402862.0,11280.0,2026-06-14T02:07:42+00:00,0.012673611111111111,2.2263139500282705,1.1148721768986434,-4.619437471963465,5.2477248720081935,-5.208547245189164,0.009140211280223607,-0.6399752991042107,1.8722746914043293,6.28677540257925,6.559646140040534
1781402922.0,11340.0,2026-06-14T02:08:42+00:00,0.013368055555555555,2.0962810800410807,0.8248166963458061,-4.7400933457538486,5.2481617615665135,-5.206989054833461,0.010038707814293014,-0.6560229285313798,1.8464663381443431,6.294970812538846,6.560190200643283
1781402982.0,11400.0,2026-06-14T02:09:42+00:00,0.0140625,1.9551718225702643,0.5325172673910856,-4.841667055152357,5.2486199489761205,-5.205749594946973,0.010848854770177769,-0.6693764455444231,1.825944587469248,6.301548240285749,6.5607609208960405
1781403042.0,11460.0,2026-06-14T02:10:42+00:00,0.014756944444444444,1.8036630116403103,0.23948927607852966,-4.923142235726118,5.248607896014559,-5.20435133372033,0.011972771702884976,-0.6800505084532573,1.810071323900447,6.306107190203577,6.5607428003194865
1781403102.0,11520.0,2026-06-14T02:11:42+00:00,0.01545138888888889,1.642284054774791,-0.05330509168561548,-4.985138124786317,5.2489561317051585,-5.203661476582155,0.012867866833191244,-0.6879550331985181,1.7984773243058347,6.309873420320787,6.561175448539157
1781403162.0,11580.0,2026-06-14T02:12:42+00:00,0.016145833333333335,1.4718405853491277,-0.3441179014080262,-5.026635659858584,5.248980653013714,-5.203008270871341,0.014167001840432212,-0.6930383286770972,1.790674418678084,6.312119750007465,6.561201918257233
1781403222.0,11640.0,2026-06-14T02:13:42+00:00,0.016840277777777777,1.2929154259618372,-0.6320779329980724,-5.047811660915613,5.248957551376162,-5.202676616684086,0.015407804578361226,-0.69532294505183,1.7865518380648038,6.31325327125004,6.561168671589083
1781403282.0,11700.0,2026-06-14T02:14:42+00:00,0.017534722222222222,1.1062333132140338,-0.9159406354883686,-5.0486323768273,5.248941633067775,-5.202731556107079,0.016582372617331205,-0.6947644545874494,1.7859734274656747,6.313391595296405,6.5611442995237335
1781403342.0,11760.0,2026-06-14T02:15:42+00:00,0.018229166666666668,0.9127704171696678,-1.194231084547937,-5.028785388916731,5.248620790792856,-5.202849717173415,0.01798783387506729,-0.6914126581745668,1.7889447202012363,6.312127437983041,6.560737458950345
1781403402.0,11820.0,2026-06-14T02:16:42+00:00,0.01892361111111111,0.7130677180539351,-1.4661665563471615,-4.988647900521755,5.248306185509917,-5.2033479058184655,0.01912562100750083,-0.6852171907485389,1.7955554584075535,6.309836023124899,6.560339171334193
1781403462.0,11880.0,2026-06-14T02:17:42+00:00,0.019618055555555555,0.5081467037380207,-1.7303880138788372,-4.9282393315806985,5.247856577730982,-5.204065495183417,0.020229393104779756,-0.6762335054774578,1.8060396084030101,6.306253199842077,6.559771984424377
1781403522.0,11940.0,2026-06-14T02:18:42+00:00,0.0203125,0.2989917522063479,-1.9858116619288921,-4.848103151656687,5.247565930376074,-5.2052744886356646,0.02139132266984971,-0.6645360057339814,1.8208432529800969,6.301610620970161,6.559402912632146
1781403582.0,12000.0,2026-06-14T02:19:42+00:00,0.021006944444444446,0.08635977911762893,-2.231401407625526,-4.748044414445758,5.246954927855964,-5.206473873434443,0.02234783335563859,-0.6501279832008826,1.8403014881954611,6.295154692564832,6.55863416960997
1781403642.0,12060.0,2026-06-14T02:20:42+00:00,0.021701388888888888,-0.12874032731633633,-2.4661705307662487,-4.62884134799242,5.246402899471378,-5.208014533738933,0.023203949510454343,-0.6330794394646204,1.8651394276450566,6.28711580662599,6.5579394820692345
1781403702.0,12120.0,2026-06-14T02:21:42+00:00,0.022395833333333334,-0.34537867247126997,-2.68918118160218,-4.49083894956857,5.245818937577187,-5.2097701361863,0.023870781545952194,-0.6134669019052412,1.8961745796983605,6.277058995877805,6.557205782528465
1781403762.0,12180.0,2026-06-14T02:22:42+00:00,0.02309027777777778,-0.5625483186449856,-2.899460444226861,-4.334572535939515,5.245174024545577,-5.211674666519016,0.024387698291146995,-0.5913568789687024,1.9344399346783738,6.264525465490364,6.556396660411551
1781403822.0,12240.0,2026-06-14T02:23:42+00:00,0.02378472222222222,-0.7792697898112237,-3.0962520046159625,-4.160746333189309,5.244601789511676,-5.213817305766847,0.024720461357699113,-0.5668738231965433,1.9813513490668795,6.249094284565852,6.555679411460169
1781403882.0,12300.0,2026-06-14T02:24:42+00:00,0.024479166666666666,-0.994530969299376,-3.2786084027029574,-3.96989110391587,5.243891711708048,-5.215948196418257,0.024875663422160518,-0.5400610130075996,2.0384983452190455,6.229751846391382,6.554790886906891
1781403942.0,12360.0,2026-06-14T02:25:42+00:00,0.025173611111111112,-1.2074735034257174,-3.446207826025784,-3.7630911469459534,5.243586141359704,-5.218558437283912,0.024746784888535496,-0.5111076747126044,2.1083083986046383,6.206071380130514,6.554409681954731
1781404002.0,12420.0,2026-06-14T02:26:42+00:00,0.025868055555555554,-1.4166245721280575,-3.597612392157316,-3.540725413709879,5.242745135694838,-5.2206577267236725,0.024715787737907752,-0.48010268494229114,2.1932932338655897,6.175433076092114,6.553358595942472
1781404062.0,12480.0,2026-06-14T02:27:42+00:00,0.0265625,-1.6219231369905174,-3.7334099365398288,-3.3038509115576744,5.242558083832735,-5.223400265816506,0.023812994855943865,-0.4471441229670889,2.2974311748758844,6.137208063516308,6.5531300016237415
1781404122.0,12540.0,2026-06-14T02:28:42+00:00,0.027256944444444445,-1.8212548736482859,-3.851892306469381,-3.053725142031908,5.242068379800424,-5.22576433104451,0.02342172814680081,-0.41245542490915127,2.425318230171245,6.087146353933199,6.552520068782942
1781404182.0,12600.0,2026-06-14T02:29:42+00:00,0.02795138888888889,-2.0147314444184303,-3.953423662111163,-2.790638796519488,5.241790375235216,-5.2282423295236224,0.022109595431924034,-0.375978253993227,2.5832505675915005,6.021451245718669,6.552179683092392
1781404242.0,12660.0,2026-06-14T02:30:42+00:00,0.028645833333333332,-2.2003738381899893,-4.03709816839546,-2.516428161878139,5.241394599049599,-5.230430682948341,0.021195096161275722,-0.33817596265491334,2.779947727469823,5.932666205487267,6.551689680776657
1781404302.0,12720.0,2026-06-14T02:31:42+00:00,0.029340277777777778,-2.378219000529498,-4.103006275370717,-2.231436296366155,5.241172965563273,-5.232609408439567,0.01948385181374809,-0.2988531632416545,3.0265065332804295,5.81045389860981,6.5514209377706045
1781404362.0,12780.0,2026-06-14T02:32:42+00:00,0.030034722222222223,-2.5463261152617633,-4.150470168329775,-1.937881828751415,5.240759991228789,-5.234349705840189,0.018467580379922546,-0.258471257802534,3.338137419007362,5.636599279500497,6.550909315953217
1781404422.0,12840.0,2026-06-14T02:33:42+00:00,0.030729166666666665,-2.7050959430634975,-4.17994905076921,-1.6354879685677588,5.240642997145952,-5.2361275791297475,0.016213352184838773,-0.21689657863296388,3.733862989716134,5.382460976130574,6.550772396102646
1781404482.0,12900.0,2026-06-14T02:34:42+00:00,0.03142361111111111,-2.8524659709073603,-4.190986639820039,-1.327373331412673,5.240501034374491,-5.237569774489036,0.01500403671764097,-0.17461050232204597,4.234745230195146,4.997728075207574,6.550599444201923
1781404542.0,12960.0,2026-06-14T02:35:42+00:00,0.03211805555555555,-2.9884543055668473,-4.183589628897607,-1.013048351276666,5.2401859014261145,-5.238519188439649,0.012917467064849829,-0.1315223665360915,-3.941242259576432,5.231815451727793,6.550212475149857
1781404602.0,13020.0,2026-06-14T02:36:42+00:00,0.0328125,-3.112058212980628,-4.158208737149835,-0.6950040620286018,5.240098936940567,-5.239348386718213,0.01117714590785784,-0.08797967338129194,-3.98429199851318,5.198975108361002,6.55010877060629
1781404662.0,13080.0,2026-06-14T02:37:42+00:00,0.03350694444444444,-3.222731309942901,-4.11481714528054,-0.37410868995357305,5.240007113266141,-5.239813911979108,0.009352910207567355,-0.04401406571317678,-4.037890256793004,5.157317332800661,6.549998457794474
1781404722.0,13140.0,2026-06-14T02:38:42+00:00,0.03420138888888889,-3.3197455666959286,-4.053824825212359,-0.05179505170235643,5.239932162584372,-5.239926658273639,0.007594838210277211,5.321607846357635e-05,-4.101741376296756,5.106566040308854,6.549908323179833
1781404782.0,13200.0,2026-06-14T02:39:42+00:00,0.034895833333333334,-3.402625326998532,-3.975440878421068,0.27063415001612157,5.23977405399394,-5.239584435317004,0.005850454647443126,0.04419111078386352,-4.175787254000944,5.045943672126555,6.549713484798459
1781404842.0,13260.0,2026-06-14T02:40:42+00:00,0.035590277777777776,-3.471068606711924,-3.8806526008993387,0.5917545547708869,5.240033905850224,-5.239292456409911,0.004310820445354799,0.08804151005774812,-4.2601596117231715,4.975345842906672,6.550040165822346
1781404902.0,13320.0,2026-06-14T02:41:42+00:00,0.036284722222222225,-3.5241752099245787,-3.7691747713834047,0.9100708509795368,5.239725023441851,-5.238071323456348,0.0030312105646122965,0.13159765738604268,-4.354159108855473,4.892778502564165,6.549655183319434
1781404962.0,13380.0,2026-06-14T02:42:42+00:00,0.03697916666666667,-3.5621720226481557,-3.642268154770136,1.2248993727844208,5.239805845986812,-5.236896717896246,0.0015301985592506954,0.17457298822401077,4.401807118111679,-4.8500939396334735,6.549757028190282
1781405022.0,13440.0,2026-06-14T02:43:42+00:00,0.03767361111111111,-3.5846570283174515,-3.500542656518519,1.5343123492784798,5.240007565444909,-5.235518129558457,0.0004657007038911667,0.2168616704432821,3.871267672239172,-5.283550904009077,6.55000943093819
1781405082.0,13500.0,2026-06-14T02:44:42+00:00,0.03836805555555556,-3.5912369834259152,-3.3446350656449795,1.8370256912894547,5.240060131708945,-5.233694606480448,-0.0001697612900991317,0.258207128492096,3.4498811704636645,-5.567926411783335,6.550075161198854
1781405142.0,13560.0,2026-06-14T02:45:42+00:00,0.0390625,-3.5818148674443364,-3.175124816596508,2.1320143272168934,5.239875994436357,-5.231363680489375,-0.0006688778144465848,0.2985532316514676,3.117737191867504,-5.760224260938974,6.549844939680925
1781405202.0,13620.0,2026-06-14T02:46:42+00:00,0.03975694444444444,-3.5566048622131348,-2.993191508576274,2.418490623589605,5.240012447439611,-5.229122389912594,-0.0012057122923752807,0.33765074691866864,2.8551982149174955,-5.8949592627197624,6.550015385905104
1781405262.0,13680.0,2026-06-14T02:47:42+00:00,0.04045138888888889,-3.5156323295086622,-2.799947853665799,2.6944314874708652,5.2401659992989424,-5.226703677202274,-0.0008733535430576418,0.37537662178470366,2.6460436599053776,-5.991967126049621,6.550207408150127
1781405322.0,13740.0,2026-06-14T02:48:42+00:00,0.04114583333333333,-3.458675996400416,-2.5957626518793404,2.959410435985774,5.240089075730449,-5.223901293837621,-0.0006018889867969009,0.41156825868969654,2.4779364109881383,-6.06331503424781,6.550111301454067
1781405382.0,13800.0,2026-06-14T02:49:42+00:00,0.041840277777777775,-3.3863024613820016,-2.3821323453448713,3.2121421098709106,5.240177077609688,-5.2211542011119745,0.00017586984930618386,0.4460992961063479,2.3419193359048958,-6.117255387070203,6.550221343323036
1781405442.0,13860.0,2026-06-14T02:50:42+00:00,0.042534722222222224,-3.2984987618401647,-2.15979595342651,3.451738636009395,5.240163380431819,-5.218243571228282,0.001163778255966081,0.4787952908848452,2.2310159383812795,-6.158550248455336,6.55020406400141
1781405502.0,13920.0,2026-06-14T02:51:42+00:00,0.043229166666666666,-3.1957513159140944,-1.929984754882753,3.6771439285948873,5.240138843470538,-5.21530416419619,0.0026182681603458295,0.5095593375049409,2.1401574783954422,-6.190677575852984,6.550172736691828
1781405562.0,13980.0,2026-06-14T02:52:42+00:00,0.04392361111111111,-3.0782979750074446,-1.693575884681195,3.887687054462731,5.2400599551480065,-5.212340867977265,0.004231371366289237,0.5382500395319071,2.065400693474723,-6.215912947489884,6.550072808402838
1781405622.0,14040.0,2026-06-14T02:53:42+00:00,0.04461805555555556,-2.946821602061391,-1.4518922050483525,4.0824752189219,5.2400717974630115,-5.209541416309451,0.006320201295495813,0.5647926428162383,2.003829761936848,-6.236046789650617,6.550084982466689
1781405682.0,14100.0,2026-06-14T02:54:42+00:00,0.0453125,-2.8015557271428406,-1.2058343584649265,4.260769238695502,5.2399337302827815,-5.206717146708919,0.008631332099571908,0.5890055619675775,1.9529644263422976,-6.25197795770266,6.549908276774449
1781405742.0,14160.0,2026-06-14T02:55:42+00:00,0.04600694444444445,-2.6431493936106563,-0.9565952534321696,4.421923109330237,5.2397249145982965,-5.203991111462063,0.011234607598190649,0.6107924983806525,1.9110103220593333,-6.264649864966914,6.549641088002249
1781405802.0,14220.0,2026-06-14T02:56:42+00:00,0.04670138888888889,-2.4722014339640737,-0.7052441707346588,4.565427687950432,5.2394922697102695,-5.201452450397517,0.014039258116891598,0.6300591637607246,1.8765426021816778,-6.274748298660999,6.549341825660948
1781405862.0,14280.0,2026-06-14T02:57:42+00:00,0.04739583333333333,-2.2896595243364573,-0.4530456904321909,4.690717777237296,5.239334347099241,-5.19922531245421,0.01733035313656051,0.6468231674031272,1.8485725501250414,-6.282826662416949,6.549132106092616
1781405922.0,14340.0,2026-06-14T02:58:42+00:00,0.04809027777777778,-2.0956736402586102,-0.20078560011461377,4.797221569344401,5.238845068244653,-5.196959509404096,0.020567879906377477,0.6608225699851697,1.8259027067935798,-6.288800234195456,6.5485058662486475
1781405982.0,14400.0,2026-06-14T02:59:42+00:00,0.04878472222222222,-1.8915084588807076,0.05026191764045507,4.884811799041927,5.238484210383897,-5.195122541206949,0.02408024994014236,0.672189516317884,1.8081709360861407,-6.293432638246791,6.548036080097344
1781406042.0,14460.0,2026-06-14T03:00:42+00:00,0.049479166666666664,-1.6776262947823852,0.29917771701002494,4.953214026987553,5.238154874423517,-5.1936625411764865,0.027531293397436794,0.6807186825046847,1.7946440235535643,-6.296853173251718,6.547603153579694
1781406102.0,14520.0,2026-06-14T03:01:42+00:00,0.05017361111111111,-1.455362478038296,0.5446865579287987,5.001962382346392,5.237784938624197,-5.192494607180578,0.031435339110657795,0.6865876762177562,1.785185978139491,-6.299031911946884,6.547113257327314
1781406162.0,14580.0,2026-06-14T03:02:42+00:00,0.050868055555555555,-1.2249459528829902,0.7861236257012933,5.030832577496767,5.237151837131794,-5.191439409856532,0.03504631283844286,0.6895563609436337,1.7792398215171272,-6.29986194565344,6.546293216528316
1781406222.0,14640.0,2026-06-14T03:03:42+00:00,0.0515625,-0.9878281308338046,1.022334387525916,5.040195283479989,5.23684451856254,-5.191070274181904,0.03878990068462863,0.6898008870017562,1.7769975194253347,-6.300061375868615,6.545876069996692
1781406282.0,14700.0,2026-06-14T03:04:42+00:00,0.052256944444444446,-0.74450979399262,1.2523882742971182,5.029354576021433,5.236141582720579,-5.1906894447145255,0.04230085765044733,0.6871189127558818,1.7780497886518396,-6.298816138661705,6.544963391768513
1781406342.0,14760.0,2026-06-14T03:05:42+00:00,0.05295138888888889,-0.49640423304248316,1.475368972402066,4.999112929217517,5.235862951451171,-5.191090591490636,0.04588308058575297,0.6817140604625463,1.7828486588001002,-6.29705834243959,6.544577381945556
1781406402.0,14820.0,2026-06-14T03:06:42+00:00,0.05364583333333333,-0.2440483351238072,1.690511452499777,4.948694618418813,5.235166376274677,-5.191431543061808,0.04897999360980981,0.6735031411996582,1.7912932347330417,-6.293719565183448,6.543671554866831
1781406462.0,14880.0,2026-06-14T03:07:42+00:00,0.05434027777777778,0.010979537735693157,1.8966358983889222,4.879122842103243,5.234805439521136,-5.192447329680968,0.05230126841433058,0.6625279582412387,1.8038261083584834,-6.289627851207328,6.5431802004742785
1781406522.0,14940.0,2026-06-14T03:08:42+00:00,0.05503472222222222,0.26820020365994424,2.0932666836306453,4.78978125564754,5.234090296794067,-5.193429871867711,0.054972680535304345,0.6488184687419805,1.8207233231766404,-6.283790885443693,6.542252006117208
1781406582.0,15000.0,2026-06-14T03:09:42+00:00,0.05572916666666667,0.5260447871405631,2.2793483082205057,4.681623782962561,5.23352205244863,-5.194846081846804,0.05765948488264109,0.6324576216554707,1.8426812662312033,-6.276608974244268,6.541505519716629
1781406642.0,15060.0,2026-06-14T03:10:42+00:00,0.05642361111111111,0.7838268321938813,2.4544541677460074,4.554646938107908,5.232928290665618,-5.196494448478708,0.05973158300693827,0.6135275708311994,1.8704282075907344,-6.267591438079427,6.54073421829978
1781406702.0,15120.0,2026-06-14T03:11:42+00:00,0.057118055555555554,1.0401096530258656,2.6175639238208532,4.409538828767836,5.232351447295683,-5.198383309351976,0.061681835510412814,0.5920371510607227,1.9048398627372767,-6.2564356218060855,6.539984831211542
1781406762.0,15180.0,2026-06-14T03:12:42+00:00,0.0578125,1.2939500929787755,2.7682417817413807,4.246610144153237,5.23174608727561,-5.200422058010587,0.06315745049398806,0.5681449434146906,1.9472013583994763,-6.242565410008854,6.5392060701886265
1781406822.0,15240.0,2026-06-14T03:13:42+00:00,0.058506944444444445,1.544176660478115,2.9058104967698455,4.066492962650955,5.231116631962329,-5.202575442435468,0.06423363573323132,0.5419077624474286,1.9989989301134667,-6.2253284746134,6.538402812570299
1781406882.0,15300.0,2026-06-14T03:14:42+00:00,0.05920138888888889,1.789661515969783,3.0297497999854386,3.869842914864421,5.230483378998677,-5.20481679065479,0.06488575825101665,0.5134475553312037,2.0622108948190774,-6.2038306463304,6.537601124499625
1781406942.0,15360.0,2026-06-14T03:15:42+00:00,0.059895833333333336,2.0292315492406487,3.1395827885717154,3.6574257239699364,5.229868420245998,-5.20711784212667,0.06516131108325644,0.48290938573439657,2.1393846977842697,-6.176823982910792,6.536828084092118
1781407002.0,15420.0,2026-06-14T03:16:42+00:00,0.06059027777777778,2.2618046402931213,3.234892060048878,3.430068090558052,5.229307217680305,-5.209468703157238,0.06506057856716954,0.45039641297981076,2.2337474420757992,-6.142584377169318,6.536128094340315
1781407062.0,15480.0,2026-06-14T03:17:42+00:00,0.06128472222222222,2.486274804919958,3.3152888733893633,3.18857279419899,5.228737819350387,-5.211760359149211,0.06455945042051273,0.4160351183101501,2.3495042540509705,-6.098491399952957,6.5354240562570824
1781407122.0,15540.0,2026-06-14T03:18:42+00:00,0.06197916666666667,2.701613826677203,3.3805236304178834,2.933916778303683,5.228243007580941,-5.214029251532675,0.0636608292627141,0.37996211560918525,2.4922628620832508,-6.040901315971527,6.534819269346776
1781407182.0,15600.0,2026-06-14T03:19:42+00:00,0.06267361111111111,2.9067568704485893,3.4303229553624988,2.66708564478904,5.227781261551286,-5.216189574654341,0.06239769375659626,0.3423006977906646,2.6694193575237937,-5.964123420817237,6.534261081795205
1781407242.0,15660.0,2026-06-14T03:20:42+00:00,0.06336805555555555,3.1007154565304518,3.4645914305001497,2.3891721148975194,5.227425132631343,-5.218268829119205,0.060798908806678834,0.3032283578371285,2.891001422891847,-5.859451220113538,6.533839440027028
1781407302.0,15720.0,2026-06-14T03:21:42+00:00,0.0640625,3.2825141325592995,3.4831548715010285,2.101232308894396,5.2270875356411,-5.22014278005408,0.058860878582773904,0.2628475947697988,3.170218778290827,-5.712759260637709,6.533445145727458
1781407362.0,15780.0,2026-06-14T03:22:42+00:00,0.06475694444444445,3.451273089274764,3.486123861745,1.8044265005737543,5.226882485014647,-5.2218853595411705,0.05657486163111202,0.22138899926121966,3.5245382787936936,-5.5009634023885745,6.533220372304955
1781407422.0,15840.0,2026-06-14T03:23:42+00:00,0.06545138888888889,3.60607788618654,3.4734518630430102,1.5000356126111,5.22673630530775,-5.223392233854578,0.054069565385254446,0.17894820096563424,3.974581999679105,-5.184950512229227,6.53307078535349
1781407482.0,15900.0,2026-06-14T03:24:42+00:00,0.06614583333333333,3.7461893921718,3.445395694114268,1.1891748211346567,5.2267411650341264,-5.224726335889435,0.0512254486488047,0.13577140618112024,-4.913003830791242,-4.306269214252594,6.533112672148635
1781407542.0,15960.0,2026-06-14T03:25:42+00:00,0.06684027777777778,3.8707678792998195,3.4020315231755376,0.8732987383846194,5.226788033444962,-5.225756232261944,0.04827190144107334,0.09194982909272943,-4.956597135918061,-4.256163850579753,6.5332064019723886
1781407602.0,16020.0,2026-06-14T03:26:42+00:00,0.06753472222222222,3.979212279431522,3.34377671033144,0.5535166125046089,5.2269832306649056,-5.226571046692437,0.04503426377096608,0.0477567023051948,-5.0088841116760845,-4.194940550169114,6.533486531986904
1781407662.0,16080.0,2026-06-14T03:27:42+00:00,0.06822916666666666,4.070864791050553,3.2708619832992554,0.2313385575544089,5.227235960717553,-5.227068408667592,0.04172477089700572,0.003268580974529509,-5.06945445958813,-4.12209348001262,6.533836788273834
1781407722.0,16140.0,2026-06-14T03:28:42+00:00,0.0003587962962962963,9.41696676518768,7.273863837122917,-0.31263021755148657,11.903196874393876,-11.903125522637312,-0.006969282551907096,-0.04062083235335703,-11.657864090003049,-9.245466656814505,14.878993542684645
1781407782.0,16200.0,2026-06-14T03:29:42+00:00,0.0010532407407407407,9.541223146021366,7.042056357488036,-1.0452740176115185,11.904540925046428,-11.903693896393694,-0.012055650971441985,-0.1414952944250219,-11.831379866523779,-9.025117518967816,14.880668525881624
1781407842.0,16260.0,2026-06-14T03:30:42+00:00,0.0017476851851851852,9.624464167281985,6.7805668823421,-1.7739035005215555,11.906012404763068,-11.903543999352266,-0.017126553573685276,-0.24182290838414383,-12.020481734783866,-8.774783663316176,14.882500108324306
1781407902.0,16320.0,2026-06-14T03:31:42+00:00,0.0024421296296296296,9.666181386448443,6.49086444824934,-2.495330747682601,11.907689088215218,-11.902778039459985,-0.021954946808358845,-0.3412511468984871,-12.223785954667726,-8.492935836620514,14.884586060434632
1781407962.0,16380.0,2026-06-14T03:32:42+00:00,0.003136574074074074,9.665768636390567,6.1743981768377125,-3.206651645945385,11.909361484009656,-11.901226154239742,-0.02661205050893298,-0.4393162655995361,9.286860685560873,11.634732663992681,14.886664688760689
1781408022.0,16440.0,2026-06-14T03:33:42+00:00,0.0038310185185185183,9.62317266035825,5.832949464675039,-3.9048429736867547,11.91119432121188,-11.899104040256608,-0.030937556721819963,-0.5356454652128466,8.22380645779721,12.411672790025234,14.888942679114587
1781408082.0,16500.0,2026-06-14T03:34:42+00:00,0.004525462962962963,9.538382169790566,5.468262721318752,-4.587097942363471,11.913190132755295,-11.896476515236635,-0.0349608639355865,-0.6298598253533633,7.385808251674401,12.930751393096928,14.891423542448177
1781408142.0,16560.0,2026-06-14T03:35:42+00:00,0.0052199074074074075,9.411493161693215,5.082276301458478,-5.250373619608581,11.915207051597816,-11.893279093067386,-0.038422858413535974,-0.7215228207089989,6.725308860219886,13.289071169842698,14.893931375647481
1781408202.0,16620.0,2026-06-14T03:36:42+00:00,0.005914351851851852,9.242904973216355,4.676859992556274,-5.8921361970715225,11.917280759414941,-11.88962807457529,-0.04149678880647752,-0.8103104118246368,6.201626600074192,13.5442185730966,14.896510639829808
1781408262.0,16680.0,2026-06-14T03:37:42+00:00,0.006608796296296297,9.033244022168219,4.254168580286205,-6.509604444727302,11.919412649134422,-11.885619134393492,-0.04395244832979189,-0.8958369688569177,5.783129187993346,13.731005791605046,14.899164515304605
1781408322.0,16740.0,2026-06-14T03:38:42+00:00,0.00730324074074074,8.783229536376894,3.8162403791211545,-7.100379940122366,11.9215857592021,-11.88133347576604,-0.04590198735485694,-0.9777601235520441,5.446083232764997,13.871047498494654,14.901871737593867
1781408382.0,16800.0,2026-06-14T03:39:42+00:00,0.007997685185185186,8.493832564912736,3.365323972888291,-7.661995521746576,11.923790188464961,-11.876869478589354,-0.0472098887900065,-1.0557059597664236,5.172725313470016,13.978220106261576,14.904620911237858
1781408442.0,16860.0,2026-06-14T03:40:42+00:00,0.00869212962962963,8.166261347010732,2.9036463885568082,-8.192217426374555,11.92608121297417,-11.872389289981047,-0.047821527355714696,-1.1293798064071097,4.949815708545084,14.061732970686935,14.907481668191435
1781408502.0,16920.0,2026-06-14T03:41:42+00:00,0.009386574074074073,7.801450283266604,2.433084434363991,-8.688690615817904,11.927944961493871,-11.867475261432746,-0.047948058749693816,-1.198583708954419,4.7672762007460525,14.127120508341028,14.909810737611306
1781408562.0,16980.0,2026-06-14T03:42:42+00:00,0.010081018518518519,7.401232623960823,1.9563056321348995,-9.150089152157307,11.930193107101475,-11.86307471106234,-0.047599835435394866,-1.2628144076432022,4.61739665907959,14.179773039424594,14.91262268539213
1781408622.0,17040.0,2026-06-14T03:43:42+00:00,0.010775462962962962,6.967055866494775,1.475360511802137,-9.573908536694944,11.93215323215574,-11.858603315407802,-0.046548378842209755,-1.3219838924400418,4.494264460972333,14.221854312508029,14.91507804643885
1781408682.0,17100.0,2026-06-14T03:44:42+00:00,0.011469907407407408,6.500865146052092,0.992737629218027,-9.958592237904668,11.933999120515947,-11.854352726305674,-0.04465019863143464,-1.3757408217272755,4.3931795015548305,14.255828010150434,14.917394490589542
1781408742.0,17160.0,2026-06-14T03:45:42+00:00,0.012164351851851852,6.0040170988067985,0.5100665262434632,-10.302679616957903,11.93539259821973,-11.850060618292789,-0.04267883242298533,-1.4240218866603405,4.310636503854351,14.282832749665648,14.919145365042974
1781408802.0,17220.0,2026-06-14T03:46:42+00:00,0.012858796296296297,5.479240737389773,0.03030489245429635,-10.605145258828998,11.937005629790137,-11.846529215299574,-0.03990788330803573,-1.4663752308140607,4.243632945497227,14.304999213440494,14.921173649302611
1781408862.0,17280.0,2026-06-14T03:47:42+00:00,0.01355324074074074,4.928329518530518,-0.44483602832769975,-10.864484115503728,11.938313366273748,-11.84328747782416,-0.036742023807314686,-1.502836575496624,4.190070455801672,14.322496191705323,14.922821033102135
1781408922.0,17340.0,2026-06-14T03:48:42+00:00,0.014247685185185184,4.353759097866714,-0.9130222202802543,-11.07978492975235,11.939449817581627,-11.840553857627798,-0.032998336658179736,-1.5331853772271646,4.148148401718203,14.33618708854746,14.924255271219137
1781408982.0,17400.0,2026-06-14T03:49:42+00:00,0.01494212962962963,3.7576045056339353,-1.3724159081539256,-11.250278991647065,11.940347333122672,-11.838320472400959,-0.02911273341261753,-1.557310270015351,4.116530401626268,14.346478251100638,14.92538980250824
1781409042.0,17460.0,2026-06-14T03:50:42+00:00,0.015636574074074074,3.142560712294653,-1.8208489763201214,-11.375243235379457,11.940993990831334,-11.836626590705926,-0.02486663781312277,-1.5751158978269661,4.0942229987088,14.353713341576348,14.926210123648366
1781409102.0,17520.0,2026-06-14T03:51:42+00:00,0.01633101851851852,2.5110683718230575,-2.2564792269840837,-11.454333604313433,11.94147902015009,-11.835600313408143,-0.020492448637635167,-1.586526542320255,4.0805413814981755,14.358249901511186,14.926826796086468
1781409162.0,17580.0,2026-06-14T03:52:42+00:00,0.017025462962962964,1.8657801204826683,-2.6774544183863327,-11.48715391755104,11.94171690947466,-11.83517550259665,-0.01603266952363403,-1.5915296171536135,4.075082162443611,14.360118228095015,14.927132683658064
1781409222.0,17640.0,2026-06-14T03:53:42+00:00,0.017719907407407406,1.209437717043329,-3.0818187172990292,-11.473520618863404,11.941608835880754,-11.835279071084509,-0.011436859068951033,-1.589987451833801,4.077506891705069,14.359296358229834,14.927004198946783
1781409282.0,17700.0,2026-06-14T03:54:42+00:00,0.018414351851851852,0.5446855949703604,-3.4681295985355973,-11.41367688216269,11.94138288809223,-11.836121046443123,-0.006999631080027604,-1.5820287162794455,4.088070025056198,14.356003410275477,14.926726045774542
1781409342.0,17760.0,2026-06-14T03:55:42+00:00,0.019108796296296297,-0.12551469274330884,-3.8345929132774472,-11.307543159462512,11.940703038421127,-11.837350928997216,-0.0025915860661977997,-1.567643237222651,4.106969156884267,14.349726538980741,14.925878446481027
1781409402.0,17820.0,2026-06-14T03:56:42+00:00,0.01980324074074074,-0.7985032448777929,-4.179780192906037,-11.155966494232416,11.940006629542813,-11.839391855197999,0.0015886486430256289,-1.5467890253014813,4.134731503827266,14.340845993619014,14.92500815481989
1781409462.0,17880.0,2026-06-14T03:57:42+00:00,0.020497685185185185,-1.471343832788989,-4.502315612277016,-10.959117503836751,11.93892604088578,-11.841814553017535,0.0054450904153821415,-1.519655702017113,4.1722675582379365,14.328562098082882,14.923655998988387
1781409522.0,17940.0,2026-06-14T03:58:42+00:00,0.02119212962962963,-2.1410664045251906,-4.800902140326798,-10.718109175562859,11.93778417499938,-11.84489114612431,0.009085893366899763,-1.486325062653948,4.220776728918909,14.312856790878287,14.922225896680901
1781409582.0,18000.0,2026-06-14T03:59:42+00:00,0.021886574074074076,-2.8048976284917444,-5.074432076886296,-10.433525047264993,11.936320895533814,-11.848285812502175,0.012217544516864347,-1.4469728947091052,4.2818014853038795,14.292806315517323,14.920393303544058
1781409642.0,18060.0,2026-06-14T04:00:42+00:00,0.022581018518518518,-3.4598333365283906,-5.321759378537536,-10.10668567661196,11.93468327880714,-11.852075707717953,0.014997564497567213,-1.4016923546270452,4.357283550435473,14.267831566894017,14.918342319445314
1781409702.0,18120.0,2026-06-14T04:01:42+00:00,0.023275462962962963,-4.103132395539433,-5.542111574206501,-9.73874906077981,11.932892751764697,-11.85618444133959,0.01717119584798014,-1.3507498169863412,4.449871943424698,14.236877948159703,14.9161004965666
1781409762.0,18180.0,2026-06-14T04:02:42+00:00,0.02396990740740741,-4.731818957719952,-5.734691561665386,-9.331412565894425,11.93113818673669,-11.860704529332095,0.01895619161800023,-1.2943674755211454,4.562869228311027,14.198758897854546,14.913903909911426
1781409822.0,18240.0,2026-06-14T04:03:42+00:00,0.02466435185185185,-5.343370732385665,-5.898741640616208,-8.885682529769838,11.929045131372092,-11.865170740384096,0.01980668405148602,-1.2326592161308207,4.700168723538503,14.151143415736323,14.911285860128462
1781409882.0,18300.0,2026-06-14T04:04:42+00:00,0.025358796296296296,-5.934651934541762,-6.033839392941445,-8.404526896774769,11.927421505194776,-11.870279730260203,0.020721298332085393,-1.1659388988073132,4.867347663244907,14.092366478348142,14.909254382260906
1781409942.0,18360.0,2026-06-14T04:05:42+00:00,0.02605324074074074,-6.503374417312443,-6.139727576635778,-7.888125364668667,11.925294767668639,-11.874925213006932,0.02026537085235109,-1.0947126545452193,5.071226457269431,14.017463908390924,14.906596935717811
1781410002.0,18420.0,2026-06-14T04:06:42+00:00,0.026747685185185187,-7.046370266005397,-6.215440207161009,-7.339752280153334,11.92287693589323,-11.879262726855059,0.019755233653091727,-1.0186860289363655,5.320022231971845,13.92170723905916,14.9035757118467
1781410062.0,18480.0,2026-06-14T04:07:42+00:00,0.02744212962962963,-7.562401911243796,-6.262173026334494,-6.760964262764901,11.921215183080928,-11.884173612088043,0.0177016501938854,-0.9388693469540627,5.626600433258281,13.798410989480404,14.901502550754936
1781410122.0,18540.0,2026-06-14T04:08:42+00:00,0.028136574074074074,-8.047040135599673,-6.278485330753028,-6.154851156286895,11.918742624475078,-11.888021763872295,0.016168000208106204,-0.8550455461243013,6.005253258618376,13.634503661217058,14.898414572963393
1781410182.0,18600.0,2026-06-14T04:09:42+00:00,0.02883101851851852,-8.4996881717816,-6.265911490190774,-5.523322980850935,11.916939312223791,-11.892151063831461,0.013587032629995941,-0.7681152509756741,6.47795144619612,13.413868220208318,14.896164458288888
1781410242.0,18660.0,2026-06-14T04:10:42+00:00,0.02952546296296296,-8.917322128079832,-6.223506201058626,-4.868656249251217,11.914465033895997,-11.895167289010622,0.010296303811649582,-0.677765591122622,7.0710793762141595,13.107384986706716,14.893075731173392
1781410302.0,18720.0,2026-06-14T04:11:42+00:00,0.030219907407407407,-9.298410013318062,-6.152855862863362,-4.1945174052380025,11.91268400939898,-11.898311255335397,0.006902411908370364,-0.5849631917130447,7.822474160381065,12.670690058100703,14.89085251213917
1781410362.0,18780.0,2026-06-14T04:12:42+00:00,0.030914351851851853,-9.640814064070582,-6.053800683002919,-3.5027053486555815,11.910614731700802,-11.900541544582184,0.0027314024383906952,-0.4897415360395578,8.776349252634006,12.026479889170277,14.888268023139112
1781410422.0,18840.0,2026-06-14T04:13:42+00:00,0.031608796296296295,-9.942935787141323,-5.927460149861872,-2.7969242876861244,11.908801004570726,-11.902326767841798,-0.001428210965457608,-0.3926281169182705,9.978902436254975,11.046019027941197,14.886001148660927
1781410482.0,18900.0,2026-06-14T04:14:42+00:00,0.032303240740740743,-10.203165085054934,-5.774394223000854,-2.07950180163607,11.906827207048792,-11.903197344557173,-0.006073741835741008,-0.2939221405484059,-12.994727480207622,7.256485696631265,14.883532072403959
1781410542.0,18960.0,2026-06-14T04:15:42+00:00,0.032997685185185185,-10.420380403287709,-5.595840754453093,-1.3537112586200237,11.905053366958725,-11.903465876112502,-0.010914239294398994,-0.19410483183353597,-13.100561871045972,7.058943229798291,14.881310455017687
1781410602.0,19020.0,2026-06-14T04:16:42+00:00,0.03369212962962963,-10.593506638891995,-5.392902439460158,-0.6225824531284161,11.903503204549805,-11.903124955568053,-0.015869043473586992,-0.09355750274429322,-13.216583033690412,6.835017119911512,14.879365783389986
1781410662.0,19080.0,2026-06-14T04:17:42+00:00,0.034386574074074076,-10.721409083344042,-5.166803159285337,0.11059665242646588,11.901961991148394,-11.901941949400719,-0.020597697245321626,0.007266822183672109,-13.340977423890065,6.584546379327891,14.877430209759495
1781410722.0,19140.0,2026-06-14T04:18:42+00:00,0.03508101851851852,-10.803513457998633,-4.918761454988271,0.8431412216741592,11.900462361098501,-11.89994475197042,-0.025446524320934007,0.1080360235003094,-13.472126085519564,6.307426286885289,14.87554394395809
1781410782.0,19200.0,2026-06-14T04:19:42+00:00,0.03577546296296296,-10.839444079436362,-4.650463026016951,1.5718775284476578,11.89920809432365,-11.897348392311697,-0.030173382515024716,0.20819238930207376,-13.608336655462661,6.003992663847668,14.873962297785527
1781410842.0,19260.0,2026-06-14T04:20:42+00:00,0.03646990740740741,-10.828942513093352,-4.363195133861154,2.2937546751927584,11.898099774249621,-11.894073575569598,-0.0347262254629521,0.30754854283675204,-13.747624978635253,5.674142156146075,14.87256137191405
1781410902.0,19320.0,2026-06-14T04:21:42+00:00,0.03716435185185185,-10.771850881166756,-4.0587515365332365,3.005693420302123,11.897076463495198,-11.890099875955618,-0.03890930861377479,0.4055112621799743,9.644579254169644,-11.319745793467241,14.871266046261118
1781410962.0,19380.0,2026-06-14T04:22:42+00:00,0.03785879629629629,-10.668362775817513,-3.7386549660004675,3.7048229491338134,11.896100972826236,-11.885434994312968,-0.04276910085435959,0.5018208401910956,8.505957492469944,-12.196986623683285,14.870030113016401
1781411022.0,19440.0,2026-06-14T04:23:42+00:00,0.03855324074074074,-10.51888760086149,-3.404809228144586,4.3883037166669965,11.895248284476011,-11.880220391862872,-0.04622082947609395,0.5959520324804649,7.605638241945999,-12.776536491574792,14.868948106301726
1781411082.0,19500.0,2026-06-14T04:24:42+00:00,0.039247685185185184,-10.32410414237529,-3.0588843701407313,5.053361786995083,11.894551916014493,-11.87455490121139,-0.049231138076837516,0.6876681437468747,6.896449657829246,-13.171874044051261,14.86806254073894
1781411142.0,19560.0,2026-06-14T04:25:42+00:00,0.03994212962962963,-10.084701639600098,-2.702809967799112,5.697079009842128,11.893826050778232,-11.868338918450089,-0.051551716494228024,0.7765126293244093,6.33490431341777,-13.44994147548812,14.8671429116093
1781411202.0,19620.0,2026-06-14T04:26:42+00:00,0.040636574074074075,-9.801709705032408,-2.338420190149918,6.317093429621309,11.893165748697525,-11.861757458360458,-0.05334343671525666,0.862122962680742,5.886820459232668,-13.651096952685577,14.866307649543035
1781411262.0,19680.0,2026-06-14T04:27:42+00:00,0.04133101851851852,-9.476350243203342,-1.967617018846795,6.910925050266087,11.892586586403771,-11.854923711994255,-0.05453871340759366,0.94415307373706,5.526352864482631,-13.800173946756656,14.865576912569406
1781411322.0,19740.0,2026-06-14T04:28:42+00:00,0.042025462962962966,-9.110149965621531,-1.5922933747060597,7.476198387332261,11.892172758331267,-11.848019573390328,-0.05499794970419604,1.0223406125574481,5.234310768600407,-13.913012245582236,14.8650569782967
1781411382.0,19800.0,2026-06-14T04:29:42+00:00,0.04271990740740741,-8.704439647495747,-1.2143261081073433,8.010707535780966,11.89173211511027,-11.84096436356223,-0.054812348300416515,1.0962897631867354,4.996089594224017,-13.99973800617411,14.864507239563286
1781411442.0,19860.0,2026-06-14T04:30:42+00:00,0.04341435185185185,-8.261056574061513,-0.8356078176293522,8.51239020936191,11.891344886982663,-11.833943988503378,-0.05389966409075063,1.165739132200847,4.800866157191319,-14.067374482815394,14.864028414229791
1781411502.0,19920.0,2026-06-14T04:31:42+00:00,0.0441087962962963,-7.78181311301887,-0.4579142368165776,8.979447811841965,11.891037960574561,-11.82709025922319,-0.052395152039514545,1.230436722491623,4.640375583876749,-14.120732971073204,14.863653157948532
1781411562.0,19980.0,2026-06-14T04:32:42+00:00,0.04480324074074074,-7.2687353659421206,-0.08309409383218735,9.410051296465099,11.890773055215208,-11.820471929968438,-0.05023484493512467,1.2901176937840226,4.508207253326679,-14.163147790903297,14.863333676733367
1781411622.0,20040.0,2026-06-14T04:33:42+00:00,0.04549768518518518,-6.724006124772131,0.28700923488941044,9.802522367797792,11.890503666290211,-11.814148968846164,-0.047338502418016196,1.3445150226609106,4.399349801452759,-14.197001122150688,14.863011792294667
1781411682.0,20100.0,2026-06-14T04:34:42+00:00,0.04619212962962963,-6.149592313915491,0.6508243000134826,10.155532455071807,11.890159685339524,-11.808146656376676,-0.04409137266817772,1.393422346322145,4.3099156839838315,-14.223973735155825,14.862597418400748
1781411742.0,20160.0,2026-06-14T04:35:42+00:00,0.046886574074074074,-5.54839355032891,1.006439848250011,10.467747205868363,11.88996735586107,-11.802786542802677,-0.039996247618909284,1.436646737599167,4.236905219922479,-14.245659968716692,14.862375105847102
1781411802.0,20220.0,2026-06-14T04:36:42+00:00,0.047581018518518516,-4.922255330719054,1.3525216269135854,10.738014941103756,11.889612153784858,-11.797831347897649,-0.03570988073420512,1.474034415612522,4.177871987388706,-14.262639613269451,14.861948159006955
1781411862.0,20280.0,2026-06-14T04:37:42+00:00,0.048275462962962964,-4.274232871830463,1.6872457730351016,10.965311767533422,11.88923576603929,-11.793506908860985,-0.03075593353983072,1.5053823313922965,4.130903371028978,-14.275842196594398,14.86149498142242
1781411922.0,20340.0,2026-06-14T04:38:42+00:00,0.048969907407407406,-3.6064783106558025,2.009415780135896,11.149046597070992,11.888888829758235,-11.78992156588077,-0.025794672366329298,1.5306082815688618,4.09460753036472,-14.2858591200949,14.861076058849779
1781411982.0,20400.0,2026-06-14T04:39:42+00:00,0.04966435185185185,-2.9222608089912683,2.317422032705508,11.288414899259806,11.888581246358457,-11.787135077839293,-0.02026903069554956,1.5496450801493589,4.067930477867013,-14.293092511064058,14.860704959812466
1781412042.0,20460.0,2026-06-14T04:40:42+00:00,0.0503587962962963,-2.2239917581900954,2.6100196876795962,11.38274304009974,11.888026801261494,-11.784903353538306,-0.014589648198626324,1.5623768167246501,4.0499825015751485,-14.297478967096108,14.860022310804936
1781412102.0,20520.0,2026-06-14T04:41:42+00:00,0.05105324074074074,-1.5144792733481154,2.886081997770816,11.432268132455647,11.887803473292228,-11.783835224350593,-0.008952954688841176,1.5687634205243783,4.040366394316792,-14.299916546960015,14.859750127453198
1781412162.0,20580.0,2026-06-14T04:42:42+00:00,0.05174768518518519,-0.7967322622425854,3.144318320439197,11.436018966138363,11.887137998350322,-11.783161653031408,-0.0032131805368239264,1.5688023858424989,4.038706931794233,-14.299524746883215,14.858921955096482
1781412222.0,20640.0,2026-06-14T04:43:42+00:00,0.05244212962962963,-0.07362765702418983,3.383871241938323,11.394935914315283,11.886991633935324,-11.783848306311194,0.0024544598098998104,1.5625246157172024,4.045192229693878,-14.297501571994738,14.858739225666751
1781412282.0,20700.0,2026-06-14T04:44:42+00:00,0.05313657407407407,0.6522486172616482,3.6036242651753128,11.30800723657012,11.886234212970997,-11.784754896675187,0.007611974654764654,1.5498573639965483,4.059716769451803,-14.292397108286739,14.857789719508462
1781412342.0,20760.0,2026-06-14T04:45:42+00:00,0.05383101851851852,1.3773022224195302,3.802774584153667,11.17680484522134,11.886085246957053,-11.787075007283018,0.012910304913234026,1.5309208322578851,4.083053915905661,-14.285548044846427,14.857597794455474
1781412402.0,20820.0,2026-06-14T04:46:42+00:00,0.05452546296296296,2.0990700230468065,3.980567548889667,11.000585179775953,11.88544855150337,-11.789661806143059,0.017582358517154503,1.5058063048991737,4.115754403931271,-14.275325093193782,14.856794433182674
1781412462.0,20880.0,2026-06-14T04:47:42+00:00,0.055219907407407405,2.8142302841879427,4.136280443053693,10.780724814161658,11.884979407416317,-11.793132368139347,0.022041585150603473,1.4745435330223389,4.1588885754050775,-14.262197795130255,14.856198710641063
1781412522.0,20940.0,2026-06-14T04:48:42+00:00,0.055914351851851854,3.520243721548468,4.269577779341489,10.517767501994967,11.88464738639601,-11.797379301650862,0.02572037259496804,1.4373668892745746,4.213965591181194,-14.245579255019189,14.85577444345101
1781412582.0,21000.0,2026-06-14T04:49:42+00:00,0.056608796296296296,4.2137119537219405,4.379753337940201,10.212654875591397,11.884272267921089,-11.802161041620128,0.029016739402893545,1.3943027341925465,4.282591380495755,-14.224599535786746,14.855296055138082
1781412642.0,21060.0,2026-06-14T04:50:42+00:00,0.05730324074074074,4.891950101125985,4.466637850506231,9.86640380974859,11.883936789486173,-11.807466290357919,0.03157858696191791,1.345621124763521,4.367190903439287,-14.19840705862893,14.854868541646766
1781412702.0,21120.0,2026-06-14T04:51:42+00:00,0.05799768518518519,5.551973146852106,4.529928209260106,9.480298850685358,11.883632512944999,-11.813201398234973,0.033456409444538024,1.2914623866492565,4.470608628060063,-14.165778736095408,14.854481771684192
1781412762.0,21180.0,2026-06-14T04:52:42+00:00,0.05869212962962963,6.190927995368838,4.56954203825444,9.05577066168189,11.883403812047904,-11.819310118880939,0.034614159922085296,1.2320699386991645,4.596590670178714,-14.12509705249049,14.854191749518032
1781412822.0,21240.0,2026-06-14T04:53:42+00:00,0.05938657407407407,6.805915913544595,4.585464282426983,8.59439967945218,11.88321000226037,-11.82564757338969,0.03511149502933529,1.1676928580411272,4.7498664351094,-14.074037445098115,14.85394766240284
1781412882.0,21300.0,2026-06-14T04:54:42+00:00,0.06008101851851852,7.3943963861092925,4.577880349941552,8.097937130369246,11.883209675028883,-11.832266184735637,0.03480334208180823,1.098607228103644,4.9365769240963475,-14.009639215245839,14.85394838650231
1781412942.0,21360.0,2026-06-14T04:55:42+00:00,0.06077546296296296,7.953522318042815,4.546918609179556,7.568258538842201,11.883245491567799,-11.83890415133077,0.033845702394141315,1.0250494509529533,5.164502511273408,-13.927280037773892,14.853996615036793
1781413002.0,21420.0,2026-06-14T04:56:42+00:00,0.06146990740740741,8.480968900956213,4.4930080669000745,7.007388663478196,11.883494892886448,-11.845630227776423,0.03208992282096563,0.9473466170843454,5.444049264557552,-13.820744755018447,14.854314456692356
1781413062.0,21480.0,2026-06-14T04:57:42+00:00,0.06216435185185185,8.974117361940444,4.416521118953824,6.4174785814248025,11.883790328135722,-11.85217322403894,0.02966534007268771,0.8657842676237774,5.788767260322748,-13.680352222622755,14.85469162686334
1781413122.0,21540.0,2026-06-14T04:58:42+00:00,0.0628587962962963,9.430825842544436,4.318077058065683,5.8009443217888474,11.884326677447547,-11.85862752909712,0.026589202011814125,0.7806834933362887,6.2169293787361015,-13.491917639281823,14.855371166192922
1781413182.0,21600.0,2026-06-14T04:59:42+00:00,0.06355324074074074,9.848827342502773,4.198293574154377,5.160094459075481,11.884933478307635,-11.864726240987187,0.022851183973648152,0.69238199977951,6.752856451387175,-13.232679519212681,14.856139387850135
1781413242.0,21660.0,2026-06-14T05:00:42+00:00,0.06424768518518519,10.226220698095858,4.058035644935444,4.497624194715172,11.885784217232706,-11.87055198410773,0.018565892025064246,0.6012631361287759,7.429113601333675,-12.866430113216254,14.857212146287708
1781413302.0,21720.0,2026-06-14T05:01:42+00:00,0.06494212962962963,10.561081803403795,3.8981258920393884,3.8162103705108166,11.886769784948681,-11.875916578160375,0.013833829257291102,0.5076514297356042,8.28723900378108,-12.332691131566182,14.858452168796102
1781413362.0,21780.0,2026-06-14T05:02:42+00:00,0.06563657407407407,10.851804536767304,3.7195427785627544,3.118449888424948,11.887867339955445,-11.880724852806297,0.00852919650267296,0.41193945804830534,9.37486823550632,-11.529371344797966,14.859830350288451
1781413422.0,21840.0,2026-06-14T05:03:42+00:00,0.06633101851851853,11.096988189034164,3.5234103261027485,2.4075010849628597,11.889223215490091,-11.885063044306035,0.002986698861283141,0.3144776307616742,-14.179304872109979,-4.451105952349045,14.861528550431105
1781413482.0,21900.0,2026-06-14T05:04:42+00:00,0.06702546296296297,11.295323019847274,3.3108948569279164,1.6860227580182254,11.890711484889323,-11.88875415964981,-0.002962429836780067,0.2157205884880825,-14.258780990087994,-4.196128467479653,14.863388894827716
1781413542.0,21960.0,2026-06-14T05:05:42+00:00,0.06771990740740741,11.445759883150458,3.0832657339051366,0.9572752786334604,11.8923640563049,-11.891794666066808,-0.008983845117007819,0.11602481771021596,-14.33894152728825,-3.921273290396455,14.86545082871583
1781413602.0,22020.0,2026-06-14T05:06:42+00:00,0.06841435185185185,11.547583487816155,2.8418669358361512,0.22407244020723738,11.894246531308466,-11.894226261420041,-0.015224235776121375,0.015824422086003365,-14.418436740228955,-3.627676862874554,14.867795985061791
1781413662.0,22080.0,2026-06-14T05:07:42+00:00,0.0691087962962963,9.372080314904451,2.093545386334881,-0.40948689955985174,9.611789699872482,-9.611549893844728,-0.01399202651253788,-0.06643866270614028,-11.711579249178032,-2.68188623322956,12.014724394581997
1781413722.0,22140.0,2026-06-14T05:08:42+00:00,0.06980324074074074,9.374633442610502,1.8797566005960107,-1.0014092026976869,9.61353511732511,-9.61238876560236,-0.018916665176277568,-0.14724751523631777,-11.771209769157396,-2.4175196408643673,12.016895632544683
1781413782.0,22200.0,2026-06-14T05:09:42+00:00,0.07049768518518519,9.337000369094312,1.6583530900534242,-1.5892467133235186,9.615373938623847,-9.612652127210158,-0.02357234598543476,-0.22755088510799945,-11.826881927965069,-2.1413974685552537,12.019181305578245
1781413842.0,22260.0,2026-06-14T05:10:42+00:00,0.07119212962962963,9.259359917603433,1.4306854358874261,-2.170668645063415,9.617401378066889,-9.612461713647138,-0.027989081418920553,-0.3069294411296224,-11.877699744996258,-1.8551385938380265,12.021700812889643
1781413902.0,22320.0,2026-06-14T05:11:42+00:00,0.07188657407407407,9.141671587713063,1.1978954582009465,-2.7432049273047596,9.61926640755769,-9.6114995496885,-0.03217036476691806,-0.3851333451369707,7.270693514267516,9.576741144973903,12.024015765801698
1781413962.0,22380.0,2026-06-14T05:12:42+00:00,0.07258101851851852,8.984900542534888,0.9613890257896855,-3.3046903838403523,9.621521976859974,-9.610364372142133,-0.03613525815551599,-0.46181817740169706,6.46285527998631,10.142773014988265,12.026817650717959
1781414022.0,22440.0,2026-06-14T05:13:42+00:00,0.07327546296296296,8.789405410178006,0.7224600304616615,-3.852465281728655,9.623777049942799,-9.608718809475745,-0.03959369665981795,-0.5366934754750923,5.826341930856567,10.524518283010165,12.029619502905014
1781414082.0,22500.0,2026-06-14T05:14:42+00:00,0.0739699074074074,8.556077073328197,0.4824670141097158,-4.384260373190045,9.626056738060548,-9.606651735428773,-0.04247620800149641,-0.6094313171293355,5.323799977627472,10.79060228617444,12.032453777188563
1781414142.0,22560.0,2026-06-14T05:15:42+00:00,0.07466435185185186,8.285714816302061,0.24265673477202654,-4.898121665697545,9.628268180726657,-9.604140360254627,-0.045061534875974155,-0.6797099076783879,4.924237257143568,10.981712467260762,12.035203416570543
1781414202.0,22620.0,2026-06-14T05:16:42+00:00,0.0753587962962963,7.979880425147712,0.00439191039185971,-5.391876806505024,9.630724084151687,-9.601572402724475,-0.0470517492603109,-0.7472883735149523,4.604142153836224,11.123021771828313,12.038261432171106
1781414262.0,22680.0,2026-06-14T05:17:42+00:00,0.07605324074074074,7.6396181816235185,-0.23101744119776413,-5.863395986147225,9.633096465285583,-9.598705066287907,-0.04844263615088354,-0.8118262566086385,4.345555610079415,11.229741102168783,12.041218326316969
1781414322.0,22740.0,2026-06-14T05:18:42+00:00,0.07674768518518518,7.26667226664722,-0.4624650434125215,-6.311140394769609,9.635813034183005,-9.59603994819912,-0.0493652686207254,-0.8731971212456601,4.13553537694273,11.312379700566181,12.044608227075162
1781414382.0,22800.0,2026-06-14T05:19:42+00:00,0.07744212962962962,6.862386194057763,-0.6884630605345592,-6.732313809916377,9.637965288239316,-9.592766362514338,-0.049173090843557865,-0.9310157993591087,3.963671535915941,11.376587388956398,12.047299807973237
1781414442.0,22860.0,2026-06-14T05:20:42+00:00,0.07813657407407408,6.428087471053004,-0.9081183625457925,-7.1266366289928555,9.64022495264525,-9.589645421046768,-0.04923336567363837,-0.9849943715094552,3.8225702524707796,11.427748949846599,12.050124040680851
1781414502.0,22920.0,2026-06-14T05:21:42+00:00,0.07883101851851852,5.96627039462328,-1.1201078223093646,-7.4917920948937535,9.642508633569864,-9.586677691222453,-0.048536483839790055,-1.0350013540201763,3.706517952099733,11.468920008787181,12.052983095366747
1781414562.0,22980.0,2026-06-14T05:22:42+00:00,0.07952546296296296,5.479495603125542,-1.3234088625467848,-7.826652944087982,9.645350143428729,-9.584473139088038,-0.046788735865407785,-1.080955526206597,3.6113072577978373,11.502989049929708,12.05654582345317
1781414622.0,23040.0,2026-06-14T05:23:42+00:00,0.0802199074074074,4.968370747752488,-1.5168757037026808,-8.128611031919718,9.64675785411104,-9.581127572118222,-0.04448407261008068,-1.1224761511644983,3.5327362325522547,11.529216560433072,12.0583191111428
1781414682.0,23100.0,2026-06-14T05:24:42+00:00,0.08091435185185185,4.435631218831986,-1.6997777280048467,-8.398441615514457,9.648724796744041,-9.578717304316667,-0.04228603096189673,-1.1594295575295914,3.468585612739051,11.551258518895827,12.060790169937611
1781414742.0,23160.0,2026-06-14T05:25:42+00:00,0.08160879629629629,3.8839315730147064,-1.8710850572097115,-8.634255184791982,9.650712219897617,-9.576764224789029,-0.0393906332308681,-1.1917557266889207,3.4166787023543237,11.569324403758483,12.063289788217938
1781414802.0,23220.0,2026-06-14T05:26:42+00:00,0.08230324074074075,3.315700094215572,-2.0298407219816,-8.834869278594851,9.652410871966394,-9.575028677530579,-0.03560882587148171,-1.2192593970284242,3.3751865930348246,11.583727915470865,12.065431486584348
1781414862.0,23280.0,2026-06-14T05:27:42+00:00,0.08299768518518519,2.732603718061,-2.175437186844647,-8.999733492732048,9.653748130859347,-9.57349018056898,-0.03178821511094323,-1.2418245632937586,3.3427822860056637,11.594877552986839,12.067119742523122
1781414922.0,23340.0,2026-06-14T05:28:42+00:00,0.08369212962962963,2.137607367709279,-2.30712429410778,-9.128384644165635,9.655029465454069,-9.572504199646238,-0.02752945874951978,-1.259364703111213,3.3185335256916573,11.603523889626024,12.068737772371282
1781414982.0,23400.0,2026-06-14T05:29:42+00:00,0.08438657407407407,1.5329972059698775,-2.4242921981494874,-9.220362339168787,9.65620809433403,-9.572064063155283,-0.02306962275107716,-1.2717751862807105,3.3016565442665553,11.609884228694245,12.07022567063191
1781415042.0,23460.0,2026-06-14T05:30:42+00:00,0.08508101851851851,0.9214824934024364,-2.5263835336081684,-9.275044067762792,9.657027814160806,-9.571932456954167,-0.018249636180989886,-1.27904737745012,3.2916560162448807,11.613801971113588,12.071263212834149
1781415102.0,23520.0,2026-06-14T05:31:42+00:00,0.08577546296296296,0.30542910697113257,-2.612980862148106,-9.292530409991741,9.657747011904936,-9.572389737275234,-0.013354405013801873,-1.2811142507728401,3.2882459179027275,11.615712676370672,12.072172223614201
1781415162.0,23580.0,2026-06-14T05:32:42+00:00,0.08646990740740741,-0.31265444349264726,-2.6836645079310983,-9.272476386278868,9.65808605916638,-9.573160138014979,-0.008501382517781913,-1.2779511041821123,3.2912684528606473,11.61530424391202,12.072602896949617
1781415222.0,23640.0,2026-06-14T05:33:42+00:00,0.08716435185185185,-0.9299603583058342,-2.7381943406071514,-9.215352651663125,9.658429427679634,-9.574622671927838,-0.003518105807583241,-1.2695854924363625,3.300919369295795,11.613015507633321,12.07303598367553
1781415282.0,23700.0,2026-06-14T05:34:42+00:00,0.0878587962962963,-1.5439578825607896,-2.7762946693692356,-9.12091953214258,9.658301669864617,-9.576281616064875,0.0014402976931690856,-1.2560332326296466,3.317399004475882,11.60815324543741,12.072876953090207
1781415342.0,23760.0,2026-06-14T05:35:42+00:00,0.08855324074074074,-2.152309666853398,-2.797929168213159,-8.989816468209028,9.65803523831068,-9.57844168360177,0.006097743745591467,-1.237361061215406,3.3413036199220407,11.60094616012319,12.072541641700024
1781415402.0,23820.0,2026-06-14T05:36:42+00:00,0.08924768518518518,-2.752221603412181,-2.8029912961646914,-8.822474339045584,9.657511968606695,-9.580949775304196,0.010616996592093335,-1.2136004722574019,3.3733139769729976,11.590992360943641,12.071882665876737
1781415462.0,23880.0,2026-06-14T05:37:42+00:00,0.08994212962962964,-3.341185346711427,-2.7916619235184044,-8.619685624726117,9.656908205290744,-9.58392232987704,0.014963760356939384,-1.184940904084208,3.4146026477853666,11.578101972058036,12.071120764768986
1781415522.0,23940.0,2026-06-14T05:38:42+00:00,0.09063657407407408,-3.9165499042719603,-2.7639098493382335,-8.381843496114016,9.655768286432231,-9.586855127137014,0.01908583307169317,-1.1513929405433867,3.4662874445491303,11.561236538899983,12.06968677955791
1781415582.0,24000.0,2026-06-14T05:39:42+00:00,0.09133101851851852,-4.476406965404749,-2.720119434176013,-8.110230518504977,9.654693579777438,-9.590281331948232,0.02257452596724321,-1.113149803152425,3.5302842725054786,11.540440984964397,12.068333984943637
1781415642.0,24060.0,2026-06-14T05:40:42+00:00,0.09202546296296296,-5.017863421700895,-2.6605630577541888,-7.806020839139819,9.65357500847304,-9.594019695560517,0.025926144824573744,-1.0703384326588825,3.6087345947793072,11.514674091598927,12.066925242633127
1781415702.0,24120.0,2026-06-14T05:41:42+00:00,0.0927199074074074,-5.538900905754417,-2.585671873530373,-7.470238734036684,9.652439537486634,-9.598014629419476,0.028784507736766544,-1.0231694143196686,3.704484803449034,11.482725311799843,12.06549577287372
1781415762.0,24180.0,2026-06-14T05:42:42+00:00,0.09341435185185185,-6.036541398614645,-2.4958260795101523,-7.103887573815882,9.650606122817736,-9.601498057039784,0.03150522701233811,-0.9718235534804245,3.8208983378953896,11.442087667970728,12.063193371162528
1781415822.0,24240.0,2026-06-14T05:43:42+00:00,0.0941087962962963,-6.51012162771076,-2.3916469116229564,-6.708238583058119,9.648944162170936,-9.605259959561998,0.03275319864753635,-0.9165324772783708,3.962788342946592,11.391518784826497,12.061110714857415
1781415882.0,24300.0,2026-06-14T05:44:42+00:00,0.09480324074074074,-6.956408021040261,-2.273893177974969,-6.285977999679744,9.647575972880034,-9.609331006652374,0.034201919391842646,-0.857502178301222,4.136085403086266,11.327920622691744,12.059394184436803
1781415942.0,24360.0,2026-06-14T05:45:42+00:00,0.09549768518518519,-7.37344518955797,-2.1431131057906896,-5.837978885509074,9.645860522279863,-9.612982781861447,0.03526781610922994,-0.7949486977531117,4.348266754336633,11.245876340465571,12.057245059793408
1781416002.0,24420.0,2026-06-14T05:46:42+00:00,0.09619212962962963,-7.759414264000952,-2.0001961536472663,-5.365663391537964,9.643631992394642,-9.615949794189909,0.035601961607761384,-0.7293010768442503,4.609599473126469,11.138291907268341,12.054457844057826
1781416062.0,24480.0,2026-06-14T05:47:42+00:00,0.09688657407407407,-8.113346164114773,-1.8459431318333372,-4.871682374738157,9.641949034560025,-9.61922605023883,0.03535124445534594,-0.6606221832296716,4.933761616830311,10.996238640430876,12.052355285545358
1781416122.0,24540.0,2026-06-14T05:48:42+00:00,0.09758101851851853,-8.432876464910805,-1.6813387665897608,-4.357774630188942,9.640046952582882,-9.62195280716124,0.034802476631621164,-0.5893370957141068,5.338734014542195,10.802774692301556,12.049980163081631
1781416182.0,24600.0,2026-06-14T05:49:42+00:00,0.09827546296296297,-8.716868457384408,-1.5072645340114832,-3.8260709340684116,9.638177258763982,-9.624314802116627,0.033832694160219466,-0.5156363155556906,5.848685415556244,10.532743493689633,12.0476473468475
1781416242.0,24660.0,2026-06-14T05:50:42+00:00,0.09896990740740741,-8.964069128967822,-1.3248409854713827,-3.2785348682664335,9.636313084792206,-9.626210120698932,0.03229231705696332,-0.43996111936173915,6.49525161856713,10.144039134646794,12.04532372141756
1781416302.0,24720.0,2026-06-14T05:51:42+00:00,0.09966435185185185,-9.17301646526903,-1.1351023092865944,-2.7178790429607034,9.634290571537141,-9.627419194970242,0.030746365856644337,-0.36250396151578596,7.3159722215154614,9.565857398219487,12.042801887810676
1781416362.0,24780.0,2026-06-14T05:52:42+00:00,0.1003587962962963,-9.343475510366261,-0.9391590670566075,-2.1458182262722403,9.632605578256117,-9.628385157281587,0.02845809790385124,-0.283689312372086,-11.981782226611784,1.1897301127162638,12.040704425699268
1781416422.0,24840.0,2026-06-14T05:53:42+00:00,0.10105324074074074,-9.473866353742778,-0.7381384109030478,-1.565347851254046,9.6306441060635,-9.628453464539122,0.026278128121459583,-0.20371361967881313,-12.001895024814312,0.9350012351045089,12.038260318514029
1781416482.0,24900.0,2026-06-14T05:54:42+00:00,0.10174768518518519,-9.564231034368277,-0.5332385384826921,-0.9785148244118318,9.62893295642306,-9.628118088378175,0.023772480322883593,-0.1229911570579029,-12.017203403506393,0.674711811248173,12.036129513655268
1781416542.0,24960.0,2026-06-14T05:55:42+00:00,0.10244212962962963,-9.613706169649959,-0.32568266094313003,-0.38769770215731114,9.627030955609458,-9.626916848573481,0.021000640989808014,-0.041904462683429816,-12.026753834034007,0.4105769783405153,12.033760062407548
1781416602.0,25020.0,2026-06-14T05:56:42+00:00,0.10313657407407407,-9.622677142731845,-0.11664031783584505,0.20409070191089995,9.625547951758655,-9.625449588291728,0.01851693739915029,0.03937915551672233,-12.031049208061575,0.14414437577486186,12.031912676206828
1781416662.0,25080.0,2026-06-14T05:57:42+00:00,0.10383101851851852,-9.590406547300518,0.09266639394627418,0.7950572933768854,9.62375191403142,-9.622986309716403,0.015731063670338566,0.12036577366482064,-12.02904859998775,-0.12264592777686659,12.02967382120012
1781416722.0,25140.0,2026-06-14T05:58:42+00:00,0.10452546296296296,-9.517629252746701,0.30101308321172837,1.3822572256904095,9.622188446864762,-9.620083406828561,0.013191256424065843,0.20082764598897077,-12.021459697517967,-0.3881462593623041,12.027724255972354
1781416782.0,25200.0,2026-06-14T05:59:42+00:00,0.1052199074074074,-9.404516148380935,0.5072001268563326,1.963559984229505,9.620693517907544,-9.616601247027281,0.010652160261572279,0.28037609146169323,-12.008251290441214,-0.6505369202926651,12.02585952599842
1781416842.0,25260.0,2026-06-14T06:00:42+00:00,0.10591435185185186,-9.251677661202848,0.7100088355364278,2.536344276741147,9.619287623493602,-9.612593467148983,0.008401654948011596,0.3587068873272554,7.551588387635887,-9.356955300977475,12.0241049430204
1781416902.0,25320.0,2026-06-14T06:01:42+00:00,0.1066087962962963,-9.059753350913525,0.9083440111717209,3.098380306735635,9.617909343884854,-9.60804035353859,0.0063360216882270195,0.4355462854746755,6.683554922106051,-9.993388432175701,12.022384071104662
1781416962.0,25380.0,2026-06-14T06:02:42+00:00,0.10730324074074074,-8.829729263670743,1.101003621937707,3.6473459978587925,9.616624182806563,-9.60306202785782,0.004564236008055864,0.5105286771621013,5.998465977150449,-10.417174793228302,12.020778874586396
1781417022.0,25440.0,2026-06-14T06:03:42+00:00,0.10799768518518518,-8.562655815854669,1.2869285818887874,4.181008224841207,9.615408965398293,-9.597693963720637,0.0031211608801458143,0.583395585325326,5.458058564122541,-10.708511635391819,12.019260573542509
1781417082.0,25500.0,2026-06-14T06:04:42+00:00,0.10869212962962962,-8.25973732303828,1.465012738131918,4.697193534113467,9.61421604008344,-9.591958729243535,0.002058667781493013,0.653814624930807,5.029102093862632,-10.914894524668517,12.017769774593466
1781417142.0,25560.0,2026-06-14T06:05:42+00:00,0.10938657407407408,-7.922461148351431,1.6342820541467518,5.193870198912919,9.61314496524419,-9.586028182389086,0.0014268697019430448,0.7215384766488802,4.685900267377614,-11.065123336180305,12.016431074187192
1781417202.0,25620.0,2026-06-14T06:06:42+00:00,0.11008101851851852,-7.552181050181389,1.7937624318292364,5.669036402367055,9.612023512659736,-9.579809190092675,0.0011840662967753423,0.7862890609226151,4.409002059729361,-11.176834520965114,12.015029299661954
1781417262.0,25680.0,2026-06-14T06:07:42+00:00,0.11077546296296296,-7.150817086920142,1.9425519244978204,6.120899680070579,9.611092855833169,-9.573627227350832,0.0014473833007482484,0.8478003893935094,4.184029871121248,-11.261743590898421,12.01386593356096
1781417322.0,25740.0,2026-06-14T06:08:42+00:00,0.1114699074074074,-6.719811319373548,2.079835668671876,6.547643278725445,9.61005791252577,-9.567267975833266,0.0020485928286548614,0.905865533046604,4.000087137988217,-11.327011599353407,12.012572117718394
1781417382.0,25800.0,2026-06-14T06:09:42+00:00,0.11216435185185185,-6.261389904655516,2.204788927338086,6.947617310099304,9.609135447053815,-9.561039038236741,0.003221745910931793,0.9602115233074818,3.8489988587252193,-11.37802203282989,12.011418633701451
1781417442.0,25860.0,2026-06-14T06:10:42+00:00,0.11285879629629629,-5.777290905825794,2.3167235393775627,7.319304986856878,9.608148815410358,-9.554846906270008,0.004759784336803608,1.0106441516513207,3.724475936991696,-11.418091426012355,12.010184545543297
1781417502.0,25920.0,2026-06-14T06:11:42+00:00,0.11355324074074075,-5.269779295660555,2.4149742136942223,7.661261268891394,9.607163915953349,-9.5488438875287,0.00680210166511802,1.0569449612041446,3.6216846195871244,-11.449817723017366,12.008951884909711
1781417562.0,25980.0,2026-06-14T06:12:42+00:00,0.11424768518518519,-4.741004842333496,2.498970522545278,7.972272341139615,9.606201479715049,-9.543133958115757,0.009270480580646652,1.0989154583166556,3.5368506322743296,-11.475045002244066,12.007746258084648
1781417622.0,26040.0,2026-06-14T06:13:42+00:00,0.11494212962962963,-4.19322895957157,2.568194236140698,8.2511493191123,9.605220238402833,-9.537755343701535,0.012169993882168367,1.136367336368427,3.4669909534344727,-11.495059462241985,12.006515660743357
1781417682.0,26100.0,2026-06-14T06:14:42+00:00,0.11563657407407407,-3.62852536002174,2.622240106575191,8.496919455938041,9.604164706290224,-9.532723343791558,0.015224395813407647,1.1691593450229025,3.409786656191759,-11.510775868265727,12.00519079940806
1781417742.0,26160.0,2026-06-14T06:15:42+00:00,0.11633101851851851,-3.0497946040704846,2.6608699678909034,8.708707601763308,9.603284032353267,-9.528343733911354,0.018882574744082524,1.1972357089790133,3.3635587886648937,-11.52321365701556,12.00408183536062
1781417802.0,26220.0,2026-06-14T06:16:42+00:00,0.11702546296296296,-2.458697450812906,2.6836208172608167,8.88550363946706,9.60204086496469,-9.524150453578654,0.022474927923377404,1.220344946178833,3.3266098068721774,-11.532307245128836,12.00251820257854
1781417862.0,26280.0,2026-06-14T06:17:42+00:00,0.11771990740740741,-1.8583292837720364,2.6905508884228766,9.02709351386875,9.60108687171661,-9.520829991022035,0.026445307933158545,1.2385338291676786,3.298143214270434,-11.539227296241028,12.00131306383398
1781417922.0,26340.0,2026-06-14T06:18:42+00:00,0.11841435185185185,-1.2507625573780388,2.681374300038442,9.132664255797863,9.599986016707183,-9.51799824868974,0.03043860289857491,1.2516047101086212,3.2771070966515747,-11.543773295980527,11.99992220107769
1781417982.0,26400.0,2026-06-14T06:19:42+00:00,0.1191087962962963,-0.6387148457579315,2.656366875162348,9.201938793994486,9.598954067921778,-9.515866982200295,0.03461125470966543,1.2597606265436738,3.263275702645365,-11.546332043376307,11.998614585333344
1781418042.0,26460.0,2026-06-14T06:20:42+00:00,0.11980324074074074,-0.02437661640578881,2.6152162041980773,9.234583829529583,9.597785604957888,-9.514293036912104,0.03858157333333923,1.2626274148385368,3.2558366810075894,-11.546894711428607,11.997135073433675
1781418102.0,26520.0,2026-06-14T06:21:42+00:00,0.12049768518518518,0.589433221030049,2.55839290516451,9.230817700736225,9.596916234055351,-9.513689252383701,0.042626188626904295,1.2604368372104937,3.2550036763003463,-11.545978256421952,11.996026960227175
1781418162.0,26580.0,2026-06-14T06:22:42+00:00,0.12119212962962964,1.200558154960163,2.485955848591402,9.189882470294833,9.595585244393352,-9.513289811497211,0.04630325264854625,1.2531676478735576,3.260637379708529,-11.54263755286541,11.994341907698448
1781418222.0,26640.0,2026-06-14T06:23:42+00:00,0.12188657407407408,1.8062879496719688,2.3982920706039295,9.112909051589668,9.594769012102207,-9.51407458877793,0.0498556436878655,1.2407624791068048,3.273037767717862,-11.538043732033858,11.993299353857275
1781418282.0,26700.0,2026-06-14T06:24:42+00:00,0.12258101851851852,2.4042822388000786,2.295743037480861,8.999320037662983,9.593683876292456,-9.51521715941675,0.0529976901957452,1.2233576632403034,3.2926006915000947,-11.531043778801052,11.991921861915769
1781418342.0,26760.0,2026-06-14T06:25:42+00:00,0.12327546296296296,2.991806522477418,2.178803839487955,8.84996894467622,9.592707790850268,-9.517070248471887,0.056027382392975104,1.200948616183414,3.3199599568061706,-11.521904265598296,11.990680215084074
1781418402.0,26820.0,2026-06-14T06:26:42+00:00,0.1239699074074074,3.56707145832479,2.0479951831512153,8.665183986537158,9.59185574221933,-9.519596394449781,0.058258640176910154,1.1737065208856032,3.356124548192728,-11.510295421469579,11.98959852007086
1781418462.0,26880.0,2026-06-14T06:27:42+00:00,0.12466435185185185,4.127104624640197,1.9039367827354,8.44566073268652,9.590993330569171,-9.52261215811833,0.06021934667712118,1.1416586106910651,3.4021647529573324,-11.495631146582548,11.988505347396064
1781418522.0,26940.0,2026-06-14T06:28:42+00:00,0.1253587962962963,4.669973937794566,1.7473430465324782,8.192193131893873,9.59030200839343,-9.526230814703233,0.06152126432806456,1.105004167969109,3.459749612133342,-11.477518284665384,11.987630848232065
1781418582.0,27000.0,2026-06-14T06:29:42+00:00,0.12605324074074073,5.193130094092339,1.5789428655989468,7.905587364919484,9.58957623314857,-9.530180997958725,0.062322623125990406,1.0638319266505636,3.5307351389242996,-11.454924584023365,11.986717142191086
1781418642.0,27060.0,2026-06-14T06:30:42+00:00,0.12674768518518517,5.694584229961038,1.3996001995983534,7.587059840559959,9.589090013920737,-9.53465904784337,0.06250658494024904,1.018340347473329,3.6177305658194734,-11.427108433452242,11.986107858547738
1781418702.0,27120.0,2026-06-14T06:31:42+00:00,0.12744212962962964,6.17204861715436,1.2102019635785837,7.237877298146486,9.58882895395422,-9.53957372238528,0.062256911854129425,0.9686578241533266,3.723861578298433,-11.392623158097448,11.985783557062325
1781418762.0,27180.0,2026-06-14T06:32:42+00:00,0.12813657407407408,6.623759347014129,1.0116706167900702,6.858660922385752,9.588477197777278,-9.544514859519703,0.06092587528349583,0.9151060629366156,3.853266346746532,-11.349055551638656,11.985354540152308
1781418822.0,27240.0,2026-06-14T06:33:42+00:00,0.12883101851851853,7.04738440271467,0.8050898475667054,6.451488002203405,9.588299850591628,-9.549669424085083,0.05920304652768691,0.8577895515986262,4.011126069470376,-11.294007282848264,11.985146342461343
1781418882.0,27300.0,2026-06-14T06:34:42+00:00,0.12952546296296297,7.441638262942433,0.5914598585222848,6.017821528017521,9.588638106832649,-9.555291584942267,0.05666711092821456,0.796976981520627,4.204423215973315,-11.223954423169864,11.985588324000194
1781418942.0,27360.0,2026-06-14T06:35:42+00:00,0.1302199074074074,7.803598909638822,0.371979744406417,5.559074894059449,9.588422109530168,-9.560225171165234,0.05389346566391119,0.7328224351808189,4.441637969227504,-11.131944421144512,11.98533831166788
1781419002.0,27420.0,2026-06-14T06:36:42+00:00,0.13091435185185185,8.132991395890713,0.14780126180266961,5.077256836462766,9.588844103541923,-9.565571753093517,0.05025932728965583,0.665764431665226,4.735269362192651,-11.010848957196009,11.985890483844111
1781419062.0,27480.0,2026-06-14T06:37:42+00:00,0.1316087962962963,8.42747509200126,-0.07999342936091125,4.573915556073189,9.589027004296675,-9.570385162458452,0.045954632793219166,0.5958648362261396,5.100604166906432,-10.846729261170104,11.986146108428137
1781419122.0,27540.0,2026-06-14T06:38:42+00:00,0.13230324074074074,8.686500305309892,-0.30995429411996156,4.051887828391045,9.590054962952806,-9.57566130859075,0.04141758035000131,0.5235926657734731,5.559621228951213,-10.620251168351267,11.987456906628339
1781419182.0,27600.0,2026-06-14T06:39:42+00:00,0.13299768518518518,8.907860641367733,-0.540886637289077,3.51250156853348,9.590631200780082,-9.580039648146291,0.03644830889706928,0.4491310388962573,6.139710641279873,-10.296647544879445,11.988202426640834
1781419242.0,27660.0,2026-06-14T06:40:42+00:00,0.13369212962962962,9.091347573325038,-0.7715978254564106,2.9583059083670378,9.591638950186326,-9.584342000259475,0.031065840949133488,0.3727748466833126,6.876803560468969,-9.821269906617152,11.989485801647307
1781419302.0,27720.0,2026-06-14T06:41:42+00:00,0.13438657407407406,9.235724137164652,-1.0007214701035991,2.39110762369819,9.5925720985896,-9.588004588979063,0.0250425769386038,0.2949242914654297,7.808979491342122,-9.09923670308487,11.990674262733046
1781419362.0,27780.0,2026-06-14T06:42:42+00:00,0.13508101851851853,9.340791272930801,-1.226960111176595,1.814091231673956,9.594099213355834,-9.591652533272919,0.01913516884691087,0.21581297919124437,-11.887516815554394,1.5841094182593936,11.992600163813792
1781419422.0,27840.0,2026-06-14T06:43:42+00:00,0.13577546296296297,9.405398974195123,-1.44900182611309,1.2289823248283938,9.595391274492686,-9.594421692573842,0.01289919890576382,0.13579288032303477,-11.848554797198286,1.8636686017868929,11.99422825526915
1781419482.0,27900.0,2026-06-14T06:44:42+00:00,0.13646990740740741,9.429904137738049,-1.6657017800025642,0.6385605712421238,9.597156561710243,-9.59699602404914,0.006610789222317673,0.05511516877253267,-11.804973874102261,2.1347676760935697,11.996442856077417
1781419542.0,27960.0,2026-06-14T06:45:42+00:00,0.13716435185185186,9.413769121281803,-1.8756320944521576,0.045109281800250756,9.598910337629073,-9.598875739969012,0.0002315006211118593,-0.025771008596226247,-11.757056570521527,2.395606958152113,11.998637918546848
1781419602.0,28020.0,2026-06-14T06:46:42+00:00,0.0007175925925925926,24.532290551811457,-5.383031823439524,-1.4520766624482349,25.15787824845901,-25.156951560082163,-0.01669937315977638,-0.21528422817921158,-30.691664921856507,6.852514349548609,31.44734088259748
1781419662.0,28080.0,2026-06-14T06:47:42+00:00,0.001412037037037037,24.27869557030499,-5.888420352246612,-2.9983653648523614,25.161851038853353,-25.15821105231638,-0.02865068164854197,-0.4270169633545275,-30.5515606941333,7.473212150073877,31.45229340902381
1781419722.0,28140.0,2026-06-14T06:48:42+00:00,0.0021064814814814813,23.92171998694539,-6.367246049223468,-4.532576734898612,25.16614315390657,-25.158045072506653,-0.040084423783008784,-0.6371205628547313,-30.4082079266545,8.057539610035912,31.457639038522128
1781419782.0,28200.0,2026-06-14T06:49:42+00:00,0.002800925925925926,23.462895257398486,-6.816629591397941,-6.048614203231409,25.170610374512318,-25.15638086083646,-0.05119087571612426,-0.8446940891775536,20.932599820091692,23.48955271677193,31.46319789948425
1781419842.0,28260.0,2026-06-14T06:50:42+00:00,0.0034953703703703705,22.904527328908443,-7.233830658020452,-7.539796255528927,25.175269724960614,-25.153333649091575,-0.06146343080150679,-1.048920544498024,18.423042546143574,25.512527257172522,31.468993369743927
1781419902.0,28320.0,2026-06-14T06:51:42+00:00,0.004189814814814815,22.249227995984256,-7.616317841457203,-9.000149315223098,25.180133668741707,-25.149040035301702,-0.07100449265743707,-1.2489496549157508,16.43368064800938,26.844224814416478,31.47504194640082
1781419962.0,28380.0,2026-06-14T06:52:42+00:00,0.004884259259259259,21.500067305751145,-7.9616643220651895,-10.423348988872021,25.185059004753086,-25.14350444529926,-0.0794555555926583,-1.4439764876188899,14.866843489221797,27.74960983043413,31.481167085645716
1781420022.0,28440.0,2026-06-14T06:53:42+00:00,0.005578703703703704,20.660663541406393,-8.26777394558303,-11.803674524184316,25.190193255696528,-25.137040819534295,-0.08681325979601628,-1.6332417317497736,13.628190480933606,28.385533595893733,31.487554578090393
1781420082.0,28500.0,2026-06-14T06:54:42+00:00,0.006273148148148148,19.734791535884142,-8.532578068086877,-13.135371880140156,25.1953344864159,-25.129636102502246,-0.09297048978346137,-1.815936597522958,12.641623226653067,28.84542392692658,31.493953694777076
1781420142.0,28560.0,2026-06-14T06:55:42+00:00,0.006967592592592593,18.72691049054265,-8.754326392896473,-14.41299943253398,25.200594432599896,-25.121606477644324,-0.09775622887636971,-1.9913039593390816,11.84951625691207,29.18682656454078,31.500506034529142
1781420202.0,28620.0,2026-06-14T06:56:42+00:00,0.007662037037037037,17.641474758274853,-8.931620409246534,-15.631541018374264,25.205962576161124,-25.11314284656319,-0.10134159916635341,-2.1587810540269357,11.208951777866185,29.445932849929967,31.50719856415537
1781420262.0,28680.0,2026-06-14T06:57:42+00:00,0.008356481481481482,16.48363177292049,-9.062672885367647,-16.785651730373502,25.211113824379176,-25.10417941607742,-0.10322803598468434,-2.3172785943395384,10.687133824595,29.646145234038112,31.51362810947802
1781420322.0,28740.0,2026-06-14T06:58:42+00:00,0.009050925925925926,15.258178010582924,-9.147007824853063,-17.87130267545581,25.21632819560202,-25.095171222694784,-0.10412932592227088,-2.4667278032705484,10.2605799991907,29.803352462514844,31.52014149594957
1781420382.0,28800.0,2026-06-14T06:59:42+00:00,0.00974537037037037,13.970986969769001,-9.183312031440437,-18.883617393672466,25.221274802175706,-25.086057063142103,-0.10340482193640271,-2.606098830520772,9.910243913367395,29.92818832376368,31.526328532911982
1781420442.0,28860.0,2026-06-14T07:00:42+00:00,0.010439814814814815,12.627709668595344,-9.171260675182566,-19.81892303470522,25.22619242180745,-25.07727983747504,-0.10133082069492674,-2.7350598018692054,9.622295428048208,30.028471692812474,31.53248612955657
1781420502.0,28920.0,2026-06-14T07:01:42+00:00,0.011134259259259259,11.234008647035807,-9.110039525898173,-20.673058322630823,25.230360894287617,-25.068367563688806,-0.09794856465928267,-2.8527994367767864,9.385219203549921,30.1088862416356,31.53771345881682
1781420562.0,28980.0,2026-06-14T07:02:42+00:00,0.011828703703703704,9.796442108228803,-9.00004138192162,-21.443251707591116,25.234580770270174,-25.06030453427586,-0.09321698473450575,-2.959140735821661,9.19098846432295,30.17428139979588,31.543010746366384
1781420622.0,29040.0,2026-06-14T07:03:42+00:00,0.012523148148148148,8.321091951336712,-8.841098171425983,-22.126162983477116,25.238317624413586,-25.052772403475682,-0.08721637134461566,-3.053467654160151,9.032513068031669,30.227001658489527,31.54770865826061
1781420682.0,29100.0,2026-06-14T07:04:42+00:00,0.013217592592592593,6.814470749348402,-8.633672592462972,-22.719119501300156,25.241547197862662,-25.045922117960064,-0.07992322384293629,-3.1354588948506046,8.904567503241026,30.26917963435441,31.551775832060418
1781420742.0,29160.0,2026-06-14T07:05:42+00:00,0.013912037037037037,5.282823452958837,-8.378342607989907,-23.220309061929584,25.244555876931567,-25.040209914389497,-0.07183520935354963,-3.2047353353322627,8.803004764776158,30.302820353410052,31.55556708822889
1781420802.0,29220.0,2026-06-14T07:06:42+00:00,0.01460648148148148,3.732986019225791,-8.07598730432801,-23.627488364465535,25.247078285860262,-25.035510895252454,-0.0626816113620979,-3.261016283560882,8.724558333671597,30.328811729542576,31.558750593831782
1781420862.0,29280.0,2026-06-14T07:07:42+00:00,0.015300925925925926,2.171198290772736,-7.727658146992326,-23.93934748880565,25.249220990842804,-25.03204604570894,-0.05299287836008388,-3.304091882010438,8.666839417139697,30.348170375516165,31.561456725313604
1781420922.0,29340.0,2026-06-14T07:08:42+00:00,0.01599537037037037,0.6042624581023119,-7.334693225566298,-24.1545534087345,25.2508476730356,-25.029771209968587,-0.042688943170947125,-3.333772493378316,8.62804324814362,30.361362228430107,31.563514485205527
1781420982.0,29400.0,2026-06-14T07:09:42+00:00,0.016689814814814814,-0.9612749689567863,-6.8986573775764555,-24.272435758262873,25.25206250622177,-25.02885356915957,-0.0319854587714594,-3.349944292391518,8.607029120498444,30.368925050139886,31.56505281133111
1781421042.0,29460.0,2026-06-14T07:10:42+00:00,0.01738425925925926,-2.5189906744053587,-6.4212205476360396,-24.292315444909036,25.25260337102079,-25.02906575867509,-0.02120182019563724,-3.3525206553918645,8.603100870040025,30.370755541043746,31.56574308825824
1781421102.0,29520.0,2026-06-14T07:11:42+00:00,0.018078703703703704,-4.062341936281882,-5.904439871897921,-24.21444702707231,25.25281126993633,-25.030755491875123,-0.010461878485274663,-3.3415037169043,8.616230067015247,30.367312258124738,31.566011378541166
1781421162.0,29580.0,2026-06-14T07:12:42+00:00,0.018773148148148146,-5.584795794915408,-5.350489106145687,-24.038946881890297,25.25249779598509,-25.033711831231766,0.0001533858186245899,-3.3169137558204813,8.646762181691422,30.358228068340406,31.56562224439905
1781421222.0,29640.0,2026-06-14T07:13:42+00:00,0.019467592592592592,-7.080092029413208,-4.761774736864027,-23.766385797411203,25.251599863394514,-25.037811872691726,0.010380829513269912,-3.278896846053816,8.695680896842253,30.34308182820344,31.564497162045164
1781421282.0,29700.0,2026-06-14T07:14:42+00:00,0.020162037037037037,-8.542002598755062,-4.1408229697844945,-23.397825584746897,25.250157729378042,-25.043023763902635,0.02002891897856798,-3.227541628156336,8.764421816222558,30.321413811713796,31.56268723213957
1781421342.0,29760.0,2026-06-14T07:15:42+00:00,0.020856481481481483,-9.964395001530647,-3.4904681551852264,-22.934713755734265,25.248240151471105,-25.04930455808564,0.02901006741144701,-3.1630887307529374,8.855179230776876,30.29252438898058,31.560279356592606
1781421402.0,29820.0,2026-06-14T07:16:42+00:00,0.021550925925925925,-11.341304914560169,-2.8136599923018366,-22.3787102131173,25.245763021148466,-25.056436398819837,0.03717162435906459,-3.0858003471103386,8.970808069801762,30.255240104974693,31.557169569447915
1781421462.0,29880.0,2026-06-14T07:17:42+00:00,0.02224537037037037,-12.667058948427439,-2.113534498930676,-21.73216929845512,25.24299096576753,-25.064529021098682,0.04441321571658102,-2.995998216720557,9.115108086874182,30.208444992807763,31.553689868522373
1781421522.0,29940.0,2026-06-14T07:18:42+00:00,0.022939814814814816,-13.935977402608842,-1.3933041135896929,-20.997250689193606,25.239597837996776,-25.073083601962157,0.0505731762049104,-2.8939972471784716,9.292734914373709,30.149823568534757,31.549433963267774
1781421582.0,30000.0,2026-06-14T07:19:42+00:00,0.023634259259259258,-15.143023483920842,-0.6563336185645312,-20.177198013290763,25.236110114694394,-25.082436426371615,0.05551205120577344,-2.7802077350763166,9.509897109328087,30.077445884383913,31.5450613243666
1781421642.0,30060.0,2026-06-14T07:20:42+00:00,0.024328703703703703,-16.28272555116564,0.09348781721200794,-19.274756141006947,25.23196614696989,-25.09178617739937,0.059365857784519825,-2.655345130945085,9.774516136380763,29.987034836130853,31.539870385968506
1781421702.0,30120.0,2026-06-14T07:21:42+00:00,0.02502314814814815,-17.350978013128042,0.8530896692536771,-18.29379669111222,25.227905132443887,-25.10169460851619,0.0615597531092926,-2.5195903534453685,10.096287025204935,29.874869253986365,31.534787531202763
1781421762.0,30180.0,2026-06-14T07:22:42+00:00,0.025717592592592594,-18.34241579566151,1.618156420532614,-17.238132532685995,25.22331977826652,-25.11129986995548,0.06285346988321687,-2.37371626762524,10.488027721493376,29.733522899415796,31.529051833141082
1781421822.0,30240.0,2026-06-14T07:23:42+00:00,0.026412037037037036,-19.25363601092249,2.3853566630277783,-16.111925892531872,25.218774395624013,-25.12095488006389,0.0625350352692491,-2.218174316986698,10.966214365256409,29.554442416277013,31.52337107673908
1781421882.0,30300.0,2026-06-14T07:24:42+00:00,0.02710648148148148,-20.080313993617892,3.150478590046987,-14.91934534162283,25.213714340636802,-25.129855355466177,0.06078509197648229,-2.053793036597147,11.552465765396779,29.32345579525999,31.51705133792232
1781421942.0,30360.0,2026-06-14T07:25:42+00:00,0.027800925925925927,-20.819632685743272,3.910005372716114,-13.665990132838488,25.209215249483222,-25.138874984822134,0.057768692998507516,-1.8809999389608334,12.275412519172324,29.022144418711264,31.511436323601405
1781422002.0,30420.0,2026-06-14T07:26:42+00:00,0.02849537037037037,-21.467622812837362,4.659538087667897,-12.356572017073631,25.20426544134564,-25.1467656871598,0.05387997911849255,-1.7006671810623952,13.172936709683126,28.619139301484545,31.50525981348344
1781422062.0,30480.0,2026-06-14T07:27:42+00:00,0.029189814814814814,-22.02207318879664,5.395505694905296,-10.995965318288654,25.199096065483744,-25.153556865490195,0.048420202217839804,-1.5134976101885271,14.296049562861112,28.067741626706542,31.49881193199732
1781422122.0,30540.0,2026-06-14T07:28:42+00:00,0.02988425925925926,-22.48112883605063,6.114029102027416,-9.59044881677255,25.19442823543887,-25.159775664825272,0.04195016006907503,-1.3202813300261353,15.712980955425868,27.29305317896791,31.49299163838752
1781422182.0,30600.0,2026-06-14T07:29:42+00:00,0.030578703703703705,-22.842557583004236,6.811297421343625,-8.14541202224791,25.18975876238293,-25.16474749514708,0.03437787709446413,-1.1217166193396138,17.51058347406549,26.169090282096047,31.487169129578945
1781422242.0,30660.0,2026-06-14T07:30:42+00:00,0.03127314814814815,-23.1050179079175,7.483290354721248,-6.66739427135326,25.1852264914955,-25.168448912216753,0.026400450547802372,-0.9187577467824154,19.789393347352803,24.483989649109763,31.48151581792029
1781422302.0,30720.0,2026-06-14T07:31:42+00:00,0.031967592592592596,-23.26761582866311,8.126710049808025,-5.161683549173176,25.180713644488115,-25.17063691435031,0.017229813682157914,-0.7120955730629615,-29.65343067770953,-10.55487403453128,31.4758846872101
1781422362.0,30780.0,2026-06-14T07:32:42+00:00,0.03266203703703704,-23.329866157844663,8.737726870458573,-3.635392508469522,25.17631038290392,-25.17129082530144,0.007873422833056067,-0.502653651756525,-29.380602251881008,-11.276765226857092,31.470386439713266
1781422422.0,30840.0,2026-06-14T07:33:42+00:00,0.03335648148148148,-23.292320714332163,9.313325070776045,-2.0942001327639446,25.172522764501004,-25.170837157147073,-0.002299309030086102,-0.2912968432432476,-29.10941311584212,-11.946941331577062,31.465653324361558
1781422482.0,30900.0,2026-06-14T07:34:42+00:00,0.03405092592592593,-23.154754674062133,9.849846484605223,-0.5453644017106853,25.168622570910497,-25.168496192591665,-0.012209053061875273,-0.07881915672837925,-28.843155377226278,-12.56394527149549,31.460774512080135
1781422542.0,30960.0,2026-06-14T07:35:42+00:00,0.03474537037037037,-22.918579910881817,10.344541402067989,1.0052541499608196,25.16508251241366,-25.16471643361952,-0.022365638695421967,0.1338822255305761,-28.586329593369854,-13.127190548003494,31.456340717005933
1781422602.0,31020.0,2026-06-14T07:36:42+00:00,0.03543981481481481,-22.58492685202509,10.794375088065863,2.5509708269964904,25.161575996216296,-25.159176934952615,-0.03240156180610531,0.3459374335177289,-28.342251729710394,-13.636038393352333,31.451943917272438
1781422662.0,31080.0,2026-06-14T07:37:42+00:00,0.03613425925925926,-22.156289474107325,11.196970919147134,4.085354599403217,25.15876473969918,-25.15257453141716,-0.042091722602131315,0.5564763749919257,-28.115088169620062,-14.090579440029078,31.448411911275905
1781422722.0,31140.0,2026-06-14T07:38:42+00:00,0.036828703703703704,-21.634430984035134,11.549663961865008,5.601756212534383,25.1559737299046,-25.144296807867793,-0.05106920492219071,0.7646857353242161,-27.907179135578886,-14.490384309548064,31.444902364988927
1781422782.0,31200.0,2026-06-14T07:39:42+00:00,0.037523148148148146,-21.02226541377604,11.850420103874058,7.09438541950658,25.153496859205365,-25.13472872946223,-0.059627288193099336,0.9696703196978572,19.089741767230777,-24.98334366255477,31.441782730959623
1781422842.0,31260.0,2026-06-14T07:40:42+00:00,0.038217592592592595,-20.322990321554244,12.097340418957174,8.556787859648466,25.151306115133462,-25.12395756027308,-0.06729816423420669,1.1706522813532534,16.953675811087482,-26.47611869713531,31.439020098792053
1781422902.0,31320.0,2026-06-14T07:41:42+00:00,0.03891203703703704,-19.540187562815845,12.288828344084322,9.983150906395167,25.14950365474937,-25.112225863710634,-0.07406547749445236,1.3668067000413937,15.270636896575319,-27.478654886565607,31.436743241023287
1781422962.0,31380.0,2026-06-14T07:42:42+00:00,0.03960648148148148,-18.677565737627447,12.423393306788057,11.367515397723764,25.147814407141386,-25.099420471283384,-0.07972438591836986,1.5573392321643347,13.942000702085386,-28.173663676968307,31.434610043069927
1781423022.0,31440.0,2026-06-14T07:43:42+00:00,0.04030092592592593,-17.73946568276733,12.500004609115422,12.704539898317307,25.146452870453178,-25.08593921222574,-0.08431387838881241,1.7414468054893404,12.886000893285493,-28.67015028087552,31.43288940186284
1781423082.0,31500.0,2026-06-14T07:44:42+00:00,0.04099537037037037,-16.73029617872089,12.517793795559555,13.988678087946028,25.14520006649487,-25.07175791773754,-0.08762551392048881,1.9184272380595477,12.039795677479422,-29.033954609804344,31.431309235213718
1781423142.0,31560.0,2026-06-14T07:45:42+00:00,0.04168981481481481,-15.654962301254272,12.476275617722422,15.21490940824151,25.14415968458806,-25.057191333781446,-0.08957538132767427,2.0875595697827416,11.356411000542254,-29.306600610364097,31.430000161448145
1781423202.0,31620.0,2026-06-14T07:46:42+00:00,0.04238425925925926,-14.518465455621481,12.375117325223982,16.378407173790038,25.143221542785444,-25.042353030802204,-0.09012930881739731,2.2481149743626947,10.80064823168647,-29.51469191440715,31.42882500232872
1781423262.0,31680.0,2026-06-14T07:47:42+00:00,0.0430787037037037,-13.326150939334184,12.21446497226134,17.474737318232656,25.142511763102537,-25.027590683823643,-0.08923587700326246,2.399508132719897,10.346250999608687,-29.676094979745137,31.427941755605925
1781423322.0,31740.0,2026-06-14T07:48:42+00:00,0.04377314814814815,-12.08336404291913,11.99454507837072,18.499713610857725,25.141921205718006,-25.013025340863383,-0.08697308828428282,2.5411022989587053,9.973151578813377,-29.802785001245436,31.427213466110032
1781423382.0,31800.0,2026-06-14T07:49:42+00:00,0.04446759259259259,-10.795723726507276,11.716004288755357,19.449559495784342,25.141554682502452,-24.998985125721354,-0.08338998748494812,2.6723698559912625,9.666103571307543,-29.903316619002837,31.426770484215773
1781423442.0,31860.0,2026-06-14T07:50:42+00:00,0.045162037037037035,-9.468883321154863,11.379597255960107,20.32058222219348,25.141222064697356,-24.98550289856647,-0.07851878126416437,2.792763257625059,9.413176025676663,-29.98348078154805,31.42637431629419
1781423502.0,31920.0,2026-06-14T07:51:42+00:00,0.045856481481481484,-8.108648543711752,10.986414661165327,21.109450858086348,25.140811519170768,-24.972677301741967,-0.07240966170685524,2.901818234559598,9.20512246522805,-30.04749422111446,31.42588405387751
1781423562.0,31980.0,2026-06-14T07:52:42+00:00,0.046550925925925926,-6.720874941442162,10.537767810747027,21.813396610319614,25.14038548015572,-24.96077624638354,-0.06529001640764383,2.999061266889579,9.034663858661826,-30.09865608086845,31.425375875451508
1781423622.0,32040.0,2026-06-14T07:53:42+00:00,0.04724537037037037,-5.311974083073437,10.035600477596745,22.4298225203529,25.14015282172553,-24.950184696543516,-0.05675308954363918,3.084209233321723,8.89626733683924,-30.139575741671585,31.425110953129046
1781423682.0,32100.0,2026-06-14T07:54:42+00:00,0.04793981481481482,-3.88746068906039,9.481357864104211,22.956211287528276,25.139533293874834,-24.940497026828197,-0.04737038329177789,3.156817754543641,8.78520842155097,-30.17135340937478,31.424360829832025
1781423742.0,32160.0,2026-06-14T07:55:42+00:00,0.04863425925925926,-2.45343299722299,8.877375032519922,23.391023688018322,25.13895602671887,-24.932276509410958,-0.03724592437725672,3.216723630139354,8.69824287083823,-30.19581118168456,31.42366054361004
1781423802.0,32220.0,2026-06-14T07:56:42+00:00,0.0493287037037037,-1.0159232980804518,8.225842632586136,23.732852540910244,25.13851381629877,-24.925758946866495,-0.026555148722666854,3.2635429580481157,8.632542957684365,-30.214102177468146,31.423124738108896
1781423862.0,32280.0,2026-06-14T07:57:42+00:00,0.05002314814814815,0.41877070162445307,7.529538174159825,23.980116533115506,25.137925589802926,-24.920745851416083,-0.014960773484543407,3.2971965884450145,8.586214363825212,-30.226548497056157,31.422401422336364
1781423922.0,32340.0,2026-06-14T07:58:42+00:00,0.05071759259259259,1.8453735617367784,6.790843537310138,24.132111837156117,25.137219043712737,-24.9173414767903,-0.0033858249051148016,3.317508631007585,8.557850359604448,-30.233678861759945,31.421523519610123
1781423982.0,32400.0,2026-06-14T07:59:42+00:00,0.051412037037037034,3.2578080482198857,6.01289660600014,24.188367821276188,25.13653470013008,-24.915725197171877,0.008297358759757885,3.3244466883521597,8.546724658014291,-30.23593542773077,31.420666663357324
1781424042.0,32460.0,2026-06-14T08:00:42+00:00,0.05210648148148148,4.650132917915471,5.198805924504995,24.14861660823226,25.13577138832903,-24.915824508345047,0.020075945255126685,3.3178742158368073,8.552393511187457,-30.23333223627715,31.41970421374645
1781424102.0,32520.0,2026-06-14T08:01:42+00:00,0.052800925925925925,6.017004035646096,4.351869719335809,24.01291644014418,25.13490130436959,-24.917579029993497,0.031492283049803185,3.2979580198263134,8.575234941894264,-30.225715796397775,31.418601969427193
1781424162.0,32580.0,2026-06-14T08:02:42+00:00,0.053495370370370374,7.352749690646306,3.475625947234221,23.782044056802988,25.134210217512415,-24.9212449780678,0.04256212054827872,3.264699138838086,8.615932287983522,-30.213220581024338,31.417717725333738
1781424222.0,32640.0,2026-06-14T08:03:42+00:00,0.054189814814814816,8.651887516025454,2.573656335553096,23.4564319672063,25.13330589388645,-24.92636403378122,0.0531002512966337,3.2181705322120013,8.675611350206337,-30.19493585559632,31.416562250243185
1781424282.0,32700.0,2026-06-14T08:04:42+00:00,0.05488425925925926,9.909406644292176,1.649797685968224,23.03752071596682,25.132559224742085,-24.933200754416305,0.06283316531656888,3.1586524529424,8.756324344548947,-30.17062745145471,31.41560085119196
1781424342.0,32760.0,2026-06-14T08:05:42+00:00,0.05557870370370371,11.120332001242787,0.7079192171804607,22.52661914471537,25.131882212181697,-24.941543634046603,0.07146265008090008,3.0863891147370834,8.860611572496312,-30.139252765700906,31.414725762187793
1781424402.0,32820.0,2026-06-14T08:06:42+00:00,0.05627314814814815,12.279536596965045,-0.2477932224282995,21.925629301927984,25.131288084832583,-24.95126608961382,0.0791289412832301,3.001616221102729,8.99175639731144,-30.099582176917355,31.413954388672433
1781424462.0,32880.0,2026-06-14T08:07:42+00:00,0.05696759259259259,13.382391681428999,-1.2132230232236907,21.236570461653173,25.130703177428604,-24.96212945538842,0.085566838648114,2.904653776368842,9.15402263916596,-30.04983873194017,31.41319688115131
1781424522.0,32940.0,2026-06-14T08:08:42+00:00,0.05766203703703704,14.424441209062934,-2.184075015131384,20.461990252137184,25.130215537157483,-24.97403755543064,0.09067847655290354,2.7958824256075716,9.35290227464882,-29.987871781356166,31.412564921288876
1781424582.0,33000.0,2026-06-14T08:09:42+00:00,0.05835648148148148,15.401445860043168,-3.1559632532298565,19.604678792878985,25.129824297187934,-24.986788290590347,0.09436039475577127,2.675738448476558,9.595363917152635,-29.910640867679145,31.41205892357062
1781424642.0,33060.0,2026-06-14T08:10:42+00:00,0.05905092592592592,16.309412026777864,-4.124386071693152,18.667732787318528,25.129499170224424,-25.000133903899318,0.09653454645155933,2.5447425046073344,9.890320476940886,-29.81397031437796,31.411642189532316
1781424702.0,33120.0,2026-06-14T08:11:42+00:00,0.05974537037037037,17.14463179372251,-5.0847706235945225,17.654770349152386,25.129349528354307,-25.013959555526665,0.09726111894684676,2.403450716660992,10.249200774196948,-29.69230838498703,31.411451633742917
1781424762.0,33180.0,2026-06-14T08:12:42+00:00,0.060439814814814814,17.903641840443015,-6.0326366010122,16.569585079327226,25.12935027436637,-25.02802048821657,0.09649643112620024,2.2523596719859587,10.686579644610395,-29.537714863009054,31.411456251326957
1781424822.0,33240.0,2026-06-14T08:13:42+00:00,0.061134259259259256,18.583381646312773,-6.9633704465813935,15.416377751156688,25.129570317759047,-25.042151481831098,0.09429466628956636,2.0921429282270196,11.221664609062762,-29.338912105134554,31.411741755450343
1781424882.0,33300.0,2026-06-14T08:14:42+00:00,0.061828703703703705,19.18118976522237,-7.8726465199142694,14.199422993697226,25.13006600450797,-25.056190367017194,0.09040328630895114,1.9233743599586688,11.879548855081907,-29.079440997801978,31.41237924361866
1781424942.0,33360.0,2026-06-14T08:15:42+00:00,0.06252314814814815,19.6944870762527,-8.755726307630539,12.923758241347969,25.130839449800074,-25.069913091923212,0.08528110741826973,1.7467902414892997,12.693741633397932,-28.7344504016099,31.413368436671025
1781425002.0,33420.0,2026-06-14T08:16:42+00:00,0.06321759259259259,20.121197937987745,-9.608415394090116,11.594104653224349,25.13180287116284,-25.083031684644897,0.07863747935749715,1.5629629582715763,13.70880716738502,-28.26562730299048,31.41459980302324
1781425062.0,33480.0,2026-06-14T08:17:42+00:00,0.06391203703703703,20.459632548503578,-10.42611273843795,10.21594927739352,25.132966607479553,-25.095346487881663,0.07081997864134577,1.3727999404403588,14.984807209238484,-27.61206000330059,31.416083535729243
1781425122.0,33540.0,2026-06-14T08:18:42+00:00,0.06460648148148149,20.708754784427583,-11.204955377150327,8.794725138228387,25.13465217548213,-25.107005888258758,0.06163735444848186,1.1769435610704833,16.600375343733216,-26.67455966790961,31.4182207489491
1781425182.0,33600.0,2026-06-14T08:19:42+00:00,0.06530092592592593,20.867218208499253,-11.940372080542147,7.336630828212947,25.136416472767113,-25.117399160333047,0.05188571168909634,0.9762173865595096,18.651879731506355,-25.285416552624472,31.42045365296805
1781425242.0,33660.0,2026-06-14T08:20:42+00:00,0.06599537037037037,20.93494680058211,-12.628784648608416,5.8467586354818195,25.138472224574667,-25.126596008447823,0.04069057199036823,0.7715588709340457,21.235141537228923,-23.16196838823055,31.423049115633837
1781425302.0,33720.0,2026-06-14T08:21:42+00:00,0.06668981481481481,20.911847597919405,-13.266499360091984,4.33240839606151,25.141104544951737,-25.134771609642385,0.029318355044267587,0.563501823746427,-26.2807092572826,17.231958118027293,31.426359312641768
1781425362.0,33780.0,2026-06-14T08:22:42+00:00,0.06738425925925925,20.798199460841715,-13.849852042738348,2.798689714865759,25.143909133998946,-25.141422824551658,0.016872834467693512,0.35318579156804564,-25.892209856453352,17.816587331308668,31.429879340919662
1781425422.0,33840.0,2026-06-14T08:23:42+00:00,0.0680787037037037,20.59483428671956,-14.375485136173666,1.2530746973934583,25.14700714588194,-25.146609669340375,0.00458125303122267,0.14131364051315526,-25.53095859860311,18.33715683687355,31.433758410722767
1781425482.0,33900.0,2026-06-14T08:24:42+00:00,0.06877314814814815,15.376719258725643,-11.232885719742626,-0.2153427615412511,19.04383336567011,-19.043764683644103,0.0055826127620952435,-0.05084061205767766,-19.083921273829834,14.229265909944113,23.80479068426422
1781425542.0,33960.0,2026-06-14T08:25:42+00:00,0.0694675925925926,15.09019575547427,-11.537073849700391,-1.3901530706789345,19.04601287702737,-19.044838095947984,-0.0042744876804377396,-0.2114950112315565,-18.85843860354466,14.531245217198299,23.807515496708426
1781425602.0,34020.0,2026-06-14T08:26:42+00:00,0.07016203703703704,14.74039921630174,-11.792114357464015,-2.5592741299187765,19.0494938029211,-19.045867235759047,-0.01356112948861237,-0.37144512533674656,-18.66125241823927,14.790618409583477,23.811861219886836
1781425662.0,34080.0,2026-06-14T08:27:42+00:00,0.07085648148148148,14.327627830207348,-11.995139156468213,-3.7180881169624627,19.05225608345286,-19.04487259922922,-0.022609678868349716,-0.5298852243799225,-18.492210555479794,15.006892473014732,23.815303334722078
1781425722.0,34140.0,2026-06-14T08:28:42+00:00,0.07155092592592592,13.854752525687218,-12.145473651587963,-4.861627629958093,19.055238675540796,-19.042848980324813,-0.031132518982842698,-0.6863340736329953,15.32119992154721,18.237499350798306,23.81901655413982
1781425782.0,34200.0,2026-06-14T08:29:42+00:00,0.07224537037037038,13.324181292206049,-12.24216379225254,-5.9862858462147415,19.05885620011085,-19.040291259509043,-0.04009807789535972,-0.8400598512703479,13.52945139571659,19.609026801946666,23.823517523416232
1781425842.0,34260.0,2026-06-14T08:30:42+00:00,0.07293981481481482,12.739075207151473,-12.284212965518236,-7.085254644043744,19.062705964437765,-19.03689750645196,-0.04719766076253008,-0.9904869490673786,12.113770180728423,20.519378689457287,23.828309419529933
1781425902.0,34320.0,2026-06-14T08:31:42+00:00,0.07363425925925926,12.10119601432234,-12.270519852638245,-8.155480708926916,19.066107836281617,-19.032099567733773,-0.054267821777110516,-1.1369736461795181,10.998044601928212,21.14315242970218,23.832538256166156
1781425962.0,34380.0,2026-06-14T08:32:42+00:00,0.0743287037037037,11.414979375898838,-12.201534158084542,-9.19218347268179,19.0702760063546,-19.027250544725646,-0.06025226174089272,-1.2788797174623652,10.114655839203985,21.58543303894258,23.837726028801846
1781426022.0,34440.0,2026-06-14T08:33:42+00:00,0.07502314814814814,10.682838391512632,-12.076482529751956,-10.190842198673636,19.074006687344106,-19.021286447616482,-0.06540383246505813,-1.415667801875905,9.409355242353096,21.907134795198438,23.84236819218661
1781426082.0,34500.0,2026-06-14T08:34:42+00:00,0.07571759259259259,9.908927156589925,-11.896038370206952,-11.14746765512973,19.07796114426814,-19.015026548700625,-0.06937024498293048,-1.5467884611433682,8.841964594046715,22.147529946453513,23.847293779618493
1781426142.0,34560.0,2026-06-14T08:35:42+00:00,0.07641203703703704,9.096138508524746,-11.660342917777598,-12.0586310736835,19.081769207744816,-19.008247887529354,-0.07300386554731263,-1.6718548918758889,8.38227722414938,22.330631316550715,23.852036945682624
1781426202.0,34620.0,2026-06-14T08:36:42+00:00,0.07710648148148148,8.249691710341722,-11.370521969627589,-12.919930501841009,19.0858792658307,-19.00160627273738,-0.07479090517486467,-1.7900147279385348,8.007408606413884,22.473223456368707,23.857165906912577
1781426262.0,34680.0,2026-06-14T08:37:42+00:00,0.07780092592592593,7.3722915491089225,-11.026986174751073,-13.728248377330601,19.089523574277447,-18.99447826929839,-0.07593319471586224,-1.9010364857061246,7.700316704772699,22.58509681932154,23.86171569045129
1781426322.0,34740.0,2026-06-14T08:38:42+00:00,0.07849537037037037,6.468781081493944,-10.631367420777678,-14.480177143588662,19.09310430562758,-18.98745313002262,-0.07569734549227097,-2.0043766044967826,7.447993893925427,22.674270577756854,23.866192810695228
1781426382.0,34800.0,2026-06-14T08:39:42+00:00,0.07918981481481481,5.542860994115472,-10.184902245178819,-15.173116722144186,19.09657070805507,-18.980644859381712,-0.07472387706741426,-2.0996547030331842,7.2404313997982275,22.745953182744447,23.870530640243135
1781426442.0,34860.0,2026-06-14T08:40:42+00:00,0.07988425925925927,4.599230961408466,-9.68950079753995,-15.80380011536181,19.099723799788716,-18.974025060527847,-0.07230697131935827,-2.186456935906875,7.069748086678499,22.803719700834108,23.874483663595825
1781426502.0,34920.0,2026-06-14T08:41:42+00:00,0.08057870370370371,3.641742867184803,-9.146712493151426,-16.370387791655958,19.102728522184,-18.96793091703171,-0.06928357772605698,-2.264295366075794,6.929716853997047,22.850602164696703,23.878253599579104
1781426562.0,34980.0,2026-06-14T08:42:42+00:00,0.08127314814814815,2.6751224282197654,-8.559259756002575,-16.870363112539053,19.105663011934656,-18.962563964933647,-0.06491636272163225,-2.333090839907219,6.815841980664579,22.888674047304825,23.88194090833396
1781426622.0,35040.0,2026-06-14T08:43:42+00:00,0.08196759259259259,1.7032605917192996,-7.928947689011693,-17.301851422525942,19.108201661735485,-18.957749530129842,-0.059852099381989175,-2.392388184348876,6.724073596033923,22.919129646699698,23.885134906194473
1781426682.0,35100.0,2026-06-14T08:44:42+00:00,0.08266203703703703,0.7304211783921346,-7.258334890473634,-17.66335712466389,19.11049777984669,-18.953761136343427,-0.05421553005373118,-2.441951034780129,6.651505965592528,22.94330532255086,23.888026095391467
1781426742.0,35160.0,2026-06-14T08:45:42+00:00,0.08335648148148148,-0.23902659222949296,-6.550330410245806,-17.953444242477417,19.112564515598876,-18.950705609814978,-0.04784458193494438,-2.481650690374453,6.595959919268327,22.962045906461615,23.890630788387416
1781426802.0,35220.0,2026-06-14T08:46:42+00:00,0.08405092592592593,-1.200988986325683,-5.807790622813627,-18.171001438051462,19.114342775135793,-18.948601555732928,-0.04090407579272312,-2.5113593259517804,6.555762957360712,22.97588711195335,23.89287376048195
1781426862.0,35280.0,2026-06-14T08:47:42+00:00,0.08474537037037037,-2.1514228470623493,-5.033498042495921,-18.31510592531413,19.11564353785006,-18.94733879619723,-0.033707197112906435,-2.5308188858808176,6.529503438149851,22.985072125586093,23.894517274203416
1781426922.0,35340.0,2026-06-14T08:48:42+00:00,0.08543981481481482,-3.0861954603460617,-4.230845249025151,-18.38537885248661,19.11666313691072,-18.947149748673326,-0.026191745028978176,-2.540007851161446,6.516515058497998,22.99009785611954,23.89580649280504
1781426982.0,35400.0,2026-06-14T08:49:42+00:00,0.08613425925925926,-4.001580890151672,-3.403054933063686,-18.38162210583687,19.117464887888946,-18.948111488586797,-0.018694013394057143,-2.538933888389976,6.51649688988831,22.991156111349998,23.896819684895107
1781427042.0,35460.0,2026-06-14T08:50:42+00:00,0.0868287037037037,-4.893451673910022,-2.55367874057265,-18.303415942005813,19.1175882250094,-18.949766737071304,-0.01107478337239443,-2.5275279426303543,6.529300497404955,22.98769124782894,23.896981271510505
1781427102.0,35520.0,2026-06-14T08:51:42+00:00,0.08752314814814814,-5.758430989691988,-1.6861980247194879,-18.151600701734424,19.117620125863432,-18.952673288987228,-0.0037369073978503215,-2.5059051285417255,6.555529654839072,22.98027024416944,23.897024700797665
1781427162.0,35580.0,2026-06-14T08:52:42+00:00,0.0882175925925926,-6.592669141013175,-0.8043277536635287,-17.926102393306792,19.116887208787425,-18.956114878722207,0.0033166249210185928,-2.4740804874106157,6.595794250650389,22.96779281690842,23.89610865135457
1781427222.0,35640.0,2026-06-14T08:53:42+00:00,0.08891203703703704,-7.392900633625686,0.08807193103712052,-17.62859283015132,19.11622404176521,-18.960858983824156,0.010066036264885003,-2.432230845419668,6.651571866616263,22.950835325891088,23.8952767394088
1781427282.0,35700.0,2026-06-14T08:54:42+00:00,0.08960648148148148,-8.15568837011233,0.9872668740572408,-17.25921101309359,19.11466226396604,-18.965848995169413,0.016160397537494337,-2.380467222935478,6.72436497850051,22.927573407704177,23.893319290750455
1781427342.0,35760.0,2026-06-14T08:55:42+00:00,0.09030092592592592,-8.87812211504206,1.8892337686847895,-16.82026623375714,19.113126711681904,-18.97190214011411,0.021699170183501527,-2.3190668443913665,6.816771322940556,22.89825949412191,23.89139299265342
1781427402.0,35820.0,2026-06-14T08:56:42+00:00,0.09099537037037037,-9.557040580548346,2.789968050317839,-16.312849692068994,19.11099190141835,-18.978272354748242,0.026543854485319245,-2.2482182520532494,6.931611926590879,22.860961224299704,23.888716834518164
1781427462.0,35880.0,2026-06-14T08:57:42+00:00,0.09168981481481482,-10.189851603005081,3.6854885693173856,-15.739366015419364,19.10872953006485,-18.985295948199504,0.030690232116966157,-2.168211272478854,7.072852230002712,22.814689950215413,23.885881105622094
1781427522.0,35940.0,2026-06-14T08:58:42+00:00,0.09238425925925926,-10.774064882658422,4.5717558935284615,-15.101681369356811,19.10607773006601,-18.99254907138153,0.033888373160996514,-2.079456077115692,7.2454491474967515,22.756979577090515,23.88255959525855
1781427582.0,36000.0,2026-06-14T08:59:42+00:00,0.0930787037037037,-11.307361052371562,5.444751944858581,-14.402645367197692,19.10334869291224,-19.000193485405696,0.03627739783833994,-1.9822368048608152,7.455640383957651,22.68538930164709,23.879142809200342
1781427642.0,36060.0,2026-06-14T09:00:42+00:00,0.09377314814814815,-11.787682647351176,6.300518237054348,-13.644701404497027,19.100363050685754,-19.007877554813884,0.03760265107105088,-1.8769777755308141,7.711412503383516,22.595778426177347,23.875407545887906
1781427702.0,36120.0,2026-06-14T09:01:42+00:00,0.09446759259259259,-12.21316199703142,7.134948120918125,-12.8311119787395,19.09728371431073,-19.015589172353845,0.03810288310703,-1.7641320425172116,8.023134998326826,22.482894487611855,23.871557128567552
1781427762.0,36180.0,2026-06-14T09:02:42+00:00,0.09516203703703703,-12.58227321691811,7.944273439235985,-11.964875721372664,19.094065329583906,-19.02310957762127,0.03748963205791097,-1.6441494262141407,8.404159418420395,22.338965123976866,23.867535657048446
1781427822.0,36240.0,2026-06-14T09:03:42+00:00,0.09585648148148149,-12.893595322035253,8.724537970032543,-11.04964753612876,19.09075885845362,-19.03031687913324,0.035997327926231164,-1.5175036948171725,8.872037461103387,22.15285770253558,23.86340615042228
1781427882.0,36300.0,2026-06-14T09:04:42+00:00,0.09655092592592593,-13.14617956802249,9.472095533739775,-10.08909453311935,19.087494846972554,-19.03716960753088,0.033541420765611944,-1.3847410734138181,9.450127644627479,21.90805326053267,23.8593317208611
1781427942.0,36360.0,2026-06-14T09:05:42+00:00,0.09724537037037037,-13.339026498608291,10.183173240162432,-9.087070439942181,19.084063884566238,-19.043296733091,0.030248100104140113,-1.2463662937078785,10.16940501237619,21.57884628544565,23.855049891304642
1781428002.0,36420.0,2026-06-14T09:06:42+00:00,0.09793981481481481,-13.471818070858717,10.85447402112186,-8.047741523012519,19.08076602316439,-19.048843562706814,0.026083130026357083,-1.1029554046270698,11.071674958092794,21.125461548928744,23.850935244407626
1781428062.0,36480.0,2026-06-14T09:07:42+00:00,0.09863425925925925,-13.544167840853333,11.482518590986729,-6.975427412893623,19.07745536716334,-19.05352131987951,0.021257847153299626,-0.9550794223208179,12.212002442686414,20.4826042444989,23.84680440430003
1781428122.0,36540.0,2026-06-14T09:08:42+00:00,0.0993287037037037,-13.556257808580995,12.064346267841756,-5.874479095451534,19.074330428248263,-19.057399770451244,0.015686905648654593,-0.8033362908481079,13.660137553763798,19.541871955449196,23.842904972148837
1781428182.0,36600.0,2026-06-14T09:09:42+00:00,0.10002314814814815,-13.508331917226315,12.596830521710217,-4.749556167982519,19.071273008676325,-19.06024561446618,0.009631467645063467,-0.6483814637386358,15.491756803823293,18.11926042443603,23.839088220763372
1781428242.0,36660.0,2026-06-14T09:10:42+00:00,0.1007175925925926,-13.401030623354018,13.077335685491562,-3.60540564218536,19.06838431130979,-19.0620669088759,0.003220578610644106,-0.4907902130412066,-16.66458572119393,-17.041763169211027,23.835480049172453
1781428302.0,36720.0,2026-06-14T09:11:42+00:00,0.10141203703703704,-13.235169083811343,13.503233096562326,-2.4465222025755793,19.06547863613361,-19.06259975896326,-0.0036727516719807915,-0.33128924723879083,-16.31123388297223,-17.375287660988725,23.831847852970366
1781428362.0,36780.0,2026-06-14T09:12:42+00:00,0.10210648148148148,-13.012221356853843,13.872620474547148,-1.277892883925233,19.063066744188216,-19.062301228295862,-0.010853478538361203,-0.170492747905562,-15.99319645731009,-17.664393158679776,23.828829568120394
1781428422.0,36840.0,2026-06-14T09:13:42+00:00,0.10280092592592592,-12.733372091315687,14.183226542547345,-0.10459794021153357,19.06078751526844,-19.060776938915062,-0.01794320149219751,-0.00901269422257464,-15.710786253274609,-17.912236727751253,23.82597383711909
1781428482.0,36900.0,2026-06-14T09:14:42+00:00,0.10349537037037038,-12.400263036601245,14.433276759460568,1.0686399291735142,19.058541200477745,-19.057914963912406,-0.025010003306413113,0.15246120269059515,-15.464551203436013,-18.12154566560885,23.823155988123005
1781428542.0,36960.0,2026-06-14T09:15:42+00:00,0.10418981481481482,-12.014904269948602,14.621363401412964,2.2369533214950934,19.05639400554983,-19.05379256478251,-0.03197169546169936,0.31323985008887384,-15.255198428941595,-18.29462180521575,23.820458981771484
1781428602.0,37020.0,2026-06-14T09:16:42+00:00,0.10488425925925926,-11.57968374248594,14.746698240749538,3.395494533702731,19.05475184063345,-19.048847119231105,-0.03867980767709129,0.47275258726183994,-15.083685879598209,-18.433614868774374,23.8183907274335
1781428662.0,37080.0,2026-06-14T09:17:42+00:00,0.1055787037037037,-11.096723883412778,14.80798339471221,4.539276250638068,19.05304915341329,-19.042567588430863,-0.04489551957284799,0.6303063340531622,15.930557921599608,-17.703978807341237,23.816245323396963
1781428722.0,37140.0,2026-06-14T09:18:42+00:00,0.10627314814814814,-10.568928461987525,14.804976080544293,5.663635241333395,19.051675247257712,-19.03541905292645,-0.05047900261563578,0.7852407762921269,14.013640336083151,-19.254838178406835,23.814510466220593
1781428782.0,37200.0,2026-06-14T09:19:42+00:00,0.10696759259259259,-9.998848187271506,14.73720811214298,6.764146274421364,19.050352827034043,-19.027217455116354,-0.05560597160114693,0.9369347501944347,12.49308913363118,-20.27249499421337,23.812839591095802
1781428842.0,37260.0,2026-06-14T09:20:42+00:00,0.10766203703703704,-9.389709360897541,14.604992114007473,7.8359258733689785,19.049256437595687,-19.01824700381543,-0.05969979249309453,1.0848445335265915,11.295531963372898,-20.96178143018886,23.811453610869485
1781428902.0,37320.0,2026-06-14T09:21:42+00:00,0.10835648148148148,-8.74438978265971,14.40847903676331,8.8751549590379,19.048280667054083,-19.008529602373454,-0.06328262872157699,1.2283297747187514,10.34883129371228,-21.44360604828208,23.81021943409255
1781428962.0,37380.0,2026-06-14T09:22:42+00:00,0.10905092592592593,-8.06643755082041,14.148406080901623,9.877171422820538,19.047396796075894,-18.998182945207855,-0.06572350622335431,1.3667662229896917,9.594823121098546,-21.790199971252306,23.809104256824348
1781429022.0,37440.0,2026-06-14T09:23:42+00:00,0.10974537037037037,-7.359122548252344,13.825767319649458,10.838317363988608,19.04672281364487,-18.987473299887117,-0.06727811501000576,1.4996603885995434,8.98947619088315,-22.045913984927623,23.808254988916815
1781429082.0,37500.0,2026-06-14T09:24:42+00:00,0.11043981481481481,-6.625907955691218,13.441565357148647,11.75441100820899,19.045852924920307,-18.976160068889303,-0.06768394027028689,1.6264321571513711,8.499594122515873,-22.238211356087124,23.807165823875565
1781429142.0,37560.0,2026-06-14T09:25:42+00:00,0.11113425925925927,-5.870427598711103,12.997601551003754,12.622295953333378,19.045259814554917,-18.964879143899996,-0.06709164221716356,1.7466479819104983,8.10078162129992,-22.385783570257093,23.806427050911758
1781429202.0,37620.0,2026-06-14T09:26:42+00:00,0.11182870370370371,-5.096343039534986,12.49543480295688,13.438452486880124,19.044700274189072,-18.953570197905073,-0.06540231847450251,1.8597063809967633,7.774242562829694,-22.500537101852533,23.805734966548613
1781429262.0,37680.0,2026-06-14T09:27:42+00:00,0.11252314814814815,-4.307237051427364,11.93717384012416,14.19985532015562,19.044272142034863,-18.942494360435916,-0.0626638979331379,1.965268953765492,7.50602250409844,-22.590876733044816,23.80521130760359
1781429322.0,37740.0,2026-06-14T09:28:42+00:00,0.11321759259259259,-3.506707720691338,11.324883413501084,14.903566560707986,19.043798980172035,-18.931648852892717,-0.05898053020216695,2.062879687481656,7.285187012739123,-22.662450807154467,23.80463455710419
1781429382.0,37800.0,2026-06-14T09:29:42+00:00,0.11391203703703703,-2.6985410852357745,10.661147110164165,15.546974408440292,19.043387171140658,-18.921308266722406,-0.05426285857756274,2.15214868626822,7.10335650102417,-22.719579228351293,23.80413732723734
1781429442.0,37860.0,2026-06-14T09:30:42+00:00,0.11460648148148148,-1.8863402362912893,9.948424108792096,16.127677747048438,19.042883480399933,-18.91148734566454,-0.04870522991601063,2.2326409078572147,6.953829906167495,-22.765151507284838,23.80352649322244
1781429502.0,37920.0,2026-06-14T09:31:42+00:00,0.11530092592592593,-1.0737995540257543,9.18976531084627,16.643553856760263,19.04239262628357,-18.90243441326753,-0.0422206730098782,2.3041066816509956,6.831559600285064,-22.801521404217436,23.8029322756511
1781429562.0,37980.0,2026-06-14T09:32:42+00:00,0.11599537037037037,-0.26448072760831565,8.388130629900843,17.092617486603558,19.04175039388193,-18.894124343406705,-0.03491326689763566,2.366242680407761,6.732430996524213,-22.830169108276532,23.802147983647696
1781429622.0,38040.0,2026-06-14T09:33:42+00:00,0.11668981481481482,0.5380987734533846,7.546633233316243,17.473396665416658,19.041029764043206,-18.886764414859694,-0.027016825798434473,2.4187216673053573,6.653182952097694,-22.852467891690942,23.80126324661884
1781429682.0,38100.0,2026-06-14T09:34:42+00:00,0.11738425925925926,1.3305195348220877,6.668833734001964,17.784580543637276,19.040350068142846,-18.880566043291427,-0.018530534660888793,2.46146566533503,6.591527634691316,-22.869456839958275,23.800426313694754
1781429742.0,38160.0,2026-06-14T09:35:42+00:00,0.1180787037037037,2.1093778657959774,5.758216276066378,18.025056920014322,19.03967454113704,-18.875587964100802,-0.009553727851948749,2.494252266351389,6.545517124126601,-22.881798406719337,23.799590180252647
1781429802.0,38220.0,2026-06-14T09:36:42+00:00,0.11877314814814814,2.8714937352924608,4.818346919491887,18.19376866519451,19.038780463858878,-18.87166886547872,-0.00029857295107307396,2.5169973566910633,6.51379796101761,-22.889689292500513,23.798475576897143
1781429862.0,38280.0,2026-06-14T09:37:42+00:00,0.1194675925925926,3.6136518775019795,3.8530032641720027,18.290456913411617,19.037986452008536,-18.869190968174532,0.009087189162030577,2.529521254390698,6.495399954417174,-22.893882384494198,23.79748035408153
1781429922.0,38340.0,2026-06-14T09:38:42+00:00,0.12016203703703704,4.332834367523901,2.8661491189850494,18.314478411339223,19.037026656178888,-18.867898744576536,0.018537435644625316,2.531884127670986,6.489897430106196,-22.894186910021304,23.79627203837378
1781429982.0,38400.0,2026-06-14T09:39:42+00:00,0.12085648148148148,5.026110504753888,1.861700404813746,18.26598137896508,19.036118063827512,-18.86802768307303,0.027849492063820272,2.5239941950332665,6.497106734555868,-22.890946694218595,23.795122115210262
1781430042.0,38460.0,2026-06-14T09:40:42+00:00,0.12155092592592592,5.69065024307929,0.8436902219254989,18.144994657486677,19.035129222042364,-18.869433611440762,0.03686491271012462,2.505845298794731,6.517219032246941,-22.883923579561046,23.793866905349194
1781430102.0,38520.0,2026-06-14T09:41:42+00:00,0.12224537037037037,6.3237904065754265,-0.18359063437674195,17.95195868331939,19.034097068023286,-18.87210678844543,0.0455554669888744,2.4775716457596326,6.55097008370493,-22.872918010112762,23.79255319075567
1781430162.0,38580.0,2026-06-14T09:42:42+00:00,0.12293981481481482,6.923139897407964,-1.216060921200551,17.687653637491167,19.03317528430313,-18.876143253429575,0.05363267170088305,2.4392828486132885,6.599460213557948,-22.857747758860388,23.791374649608233
1781430222.0,38640.0,2026-06-14T09:43:42+00:00,0.12363425925925926,7.486245627515018,-2.2493305422831327,17.35281158145517,19.032168328002466,-18.881264963310482,0.06106998495869713,2.3911367814538096,6.66420054684045,-22.83761622877211,23.79008793470894
1781430282.0,38700.0,2026-06-14T09:44:42+00:00,0.1243287037037037,8.010908565483987,-3.279223505407572,16.948791939765215,19.031277178907686,-18.887589964418627,0.06768231822283771,2.333211413525412,6.747168362532363,-22.812051036003407,23.788946033432875
1781430342.0,38760.0,2026-06-14T09:45:42+00:00,0.12502314814814816,8.49517562566325,-4.301297066966072,16.476756347343326,19.030309117270598,-18.894789079925186,0.07330548213448024,2.265885484816366,6.851209579049092,-22.77972936899188,23.787709911224436
1781430402.0,38820.0,2026-06-14T09:46:42+00:00,0.1257175925925926,8.937129017431289,-5.311124443542212,15.938721840269864,19.0295341989892,-18.90301114182636,0.07805618262561248,2.189348952278241,6.979757064936578,-22.739633404040983,23.786717638962056
1781430462.0,38880.0,2026-06-14T09:47:42+00:00,0.12641203703703704,9.335112361237407,-6.304405662231147,15.336236695758998,19.02866284159884,-18.911815987744415,0.081611559894709,2.103940383715949,7.137203541365687,-22.68954734158892,23.785609787371182
1781430522.0,38940.0,2026-06-14T09:48:42+00:00,0.1271064814814815,9.687616180628538,-7.2767056142911315,14.671774154528975,19.027908679141184,-18.92126441355792,0.08411184847947671,2.009971863213105,7.329176443487751,-22.627260398177114,23.784653465347986
1781430582.0,39000.0,2026-06-14T09:49:42+00:00,0.12780092592592593,9.993391538504511,-8.223710432182997,13.947750180028379,19.027270503115542,-18.931186894058907,0.0854807908725352,1.9078465911426858,7.56286779299337,-22.54937830040904,23.78384811146536
1781430642.0,39060.0,2026-06-14T09:50:42+00:00,0.12849537037037037,10.251367325428873,-9.141114841680974,13.166961723007262,19.02680723623407,-18.94147048541155,0.08578378801079169,1.7979795874277424,7.847484460166041,-22.451298223908914,23.78326731741127
1781430702.0,39120.0,2026-06-14T09:51:42+00:00,0.1291898148148148,10.46059196209535,-10.024737282190472,12.331985711120069,19.026224358859615,-18.951647717822286,0.08476464976313615,1.6807965633517021,8.194792887770399,-22.326101064841268,23.782544422978773
1781430762.0,39180.0,2026-06-14T09:52:42+00:00,0.12988425925925925,10.620880763977766,-10.870868031866848,11.446828562766314,19.0265279048559,-18.962548083504192,0.08268614868143426,1.5568228209619577,8.620706045057519,-22.165546201301147,23.78293529229113
1781430822.0,39240.0,2026-06-14T09:53:42+00:00,0.1305787037037037,10.731153896078467,-11.674713949672878,10.514232715126127,19.02644736507147,-18.972727007726863,0.07973802521114735,1.4265241229794203,9.14523449345961,-21.954240061052907,23.782850346388337
1781430882.0,39300.0,2026-06-14T09:54:42+00:00,0.13127314814814814,10.791756838094443,-12.433345542289317,9.538058942649513,19.026945772245742,-18.98298814911557,0.07548672878420157,1.2903984285077992,9.79598537407461,-21.672408882261177,23.783495037714637
1781430942.0,39360.0,2026-06-14T09:55:42+00:00,0.13196759259259258,10.802516022697091,-13.142803950235248,8.521790033672005,19.02757350459953,-18.992719525762986,0.06990349178337352,1.1490308918719745,10.609387012385477,-21.286947570506936,23.784306373070557
1781431002.0,39420.0,2026-06-14T09:56:42+00:00,0.13266203703703705,10.763853957410902,-13.799590919166803,7.470416876953095,19.028830491343573,-19.002273718972358,0.0638853821952976,1.0029466762900083,11.634429946210231,-20.746307428045085,23.78590406253738
1781431062.0,39480.0,2026-06-14T09:57:42+00:00,0.1333564814814815,10.67591720353812,-14.400140100158751,6.387095057871193,19.029824652878016,-19.010622636837475,0.05671602212866162,0.8527816671811991,12.934055329783106,-19.963464510075482,23.78717516896309
1781431122.0,39540.0,2026-06-14T09:58:42+00:00,0.13405092592592593,10.539787293877453,-14.941993309184909,5.2767621364910156,19.03140822159549,-19.018503178728245,0.04871074188066841,0.6990443486227375,14.584003990007185,-18.794467929299067,23.789182355137736
1781431182.0,39600.0,2026-06-14T09:59:42+00:00,0.13474537037037038,10.356313311960548,-15.421956408768892,4.144015324302018,19.033203301008193,-19.025429776252217,0.04020299614863863,0.5424328949329907,-12.57934476020951,20.193890872111353,23.791451051815915
1781431242.0,39660.0,2026-06-14T10:00:42+00:00,0.13543981481481482,10.126783198677003,-15.837616770528257,2.993484288919717,19.03530380926803,-19.03141246616652,0.03124166027763236,0.3836073675499267,-12.220262010063038,20.416274940643994,23.794097714487048
1781431302.0,39720.0,2026-06-14T10:01:42+00:00,0.13613425925925926,9.85249876882881,-16.18671067431569,1.8301032085437328,19.03761046449109,-19.03629053263849,0.022107464467297444,0.2230834254126329,-11.90047866907406,20.607660598660733,23.79699703539673
1781431362.0,39780.0,2026-06-14T10:02:42+00:00,0.1368287037037037,9.53509016474709,-16.467337504029274,0.6578706042200793,19.04006151915909,-19.039957843743718,0.012082390318400998,0.06166017895672562,-11.61890718481763,20.771240408945943,23.800072106941933
1781431422.0,39840.0,2026-06-14T10:03:42+00:00,0.00037037037037037035,14.095727974548936,-25.55910840537399,-0.8036310100869741,29.199373150985863,-29.19911220097594,-0.0007273547774589045,-0.12344454741839508,-17.47440380963787,32.044313244513596,36.499216427408356
1781431482.0,39900.0,2026-06-14T10:04:42+00:00,0.0010648148148148149,13.486402568407357,-25.772411974146962,-2.60216122539714,29.203964050198024,-29.201607375574824,-0.014685015953162399,-0.37071185351871744,-17.156904742280012,32.22191842278948,36.5049504475841
1781431542.0,39960.0,2026-06-14T10:05:42+00:00,0.0017592592592592592,12.820362833328545,-25.8748222226277,-4.390410091960803,29.20862593492497,-29.202103061146968,-0.02822681596727486,-0.6166109465316395,-16.895425670490265,32.36634948999676,36.510765369897065
1781431602.0,40020.0,2026-06-14T10:06:42+00:00,0.0024537037037037036,12.10152231529355,-25.865354212000966,-6.160875162109733,29.21334923665762,-29.200660964387303,-0.041146630602167174,-0.8599301254300916,-16.690716232475417,32.47900464222481,36.51665032423811
1781431662.0,40080.0,2026-06-14T10:07:42+00:00,0.003148148148148148,11.333696011919528,-25.744006651453674,-7.906591422157362,29.218499819080787,-29.19774144066924,-0.0537045522809916,-1.0998828403582062,22.708546152079276,28.60517555225952,36.52306307960355
1781431722.0,40140.0,2026-06-14T10:08:42+00:00,0.0038425925925925928,10.521274937782437,-25.511072640307248,-9.619669874664396,29.224135608653466,-29.193532473622625,-0.06503122313627747,-1.3354904434424546,20.120440823155505,30.489580805001026,36.53007906619954
1781431782.0,40200.0,2026-06-14T10:09:42+00:00,0.004537037037037037,9.668497881386429,-25.166779536753893,-11.293039932847023,29.22976897717164,-29.18771056395522,-0.07513166913868113,-1.5656633501155863,18.079789489139895,31.750278674694492,36.53709052308864
1781431842.0,40260.0,2026-06-14T10:10:42+00:00,0.005231481481481481,8.779705845285207,-24.712393092922866,-12.920223976951092,29.235557027760883,-29.180612745850258,-0.08434024100057544,-1.7895589467598554,16.470895265602962,32.62200252760088,36.54429421621466
1781431902.0,40320.0,2026-06-14T10:11:42+00:00,0.005925925925925926,7.859866959508508,-24.149947219528258,-14.494188289158046,29.241733079431874,-29.17268540307514,-0.09200548902573724,-2.0062190438574232,15.194634590345418,33.24410801802168,36.5519854214243
1781431962.0,40380.0,2026-06-14T10:12:42+00:00,0.00662037037037037,6.913419472053647,-23.481309497728944,-16.008476592134684,29.247881757926166,-29.16373164700756,-0.09824103034096611,-2.2148797815948083,14.174148303065724,33.70016665274341,36.559645957530556
1781432022.0,40440.0,2026-06-14T10:13:42+00:00,0.007314814814814815,5.945404747733846,-22.709126392379403,-17.456951836124063,29.254015562452178,-29.154022454618048,-0.102935163625171,-2.414499036220556,13.35159412414236,34.04264762903454,36.567293080708666
1781432082.0,40500.0,2026-06-14T10:14:42+00:00,0.00800925925925926,4.960642583901063,-21.8366441084072,-18.83380202855915,29.26019650674626,-29.14386925474322,-0.10604687588327408,-2.6043691243666856,12.684094887342425,34.30517101332931,36.57500541852148
1781432142.0,40560.0,2026-06-14T10:15:42+00:00,0.008703703703703703,3.964072093833238,-20.867344077676535,-20.133257856592536,29.266157731094363,-29.13327126733353,-0.10741101361863258,-2.783694753274229,12.139271085211437,34.5096189857826,36.58245077935781
1781432202.0,40620.0,2026-06-14T10:16:42+00:00,0.009398148148148149,2.9606844990048558,-19.805456364527345,-21.350390697829425,29.272187097308013,-29.122786565127747,-0.10703448543420066,-2.9517424956706546,11.692787439176538,34.67140083826664,36.58998926189404
1781432262.0,40680.0,2026-06-14T10:17:42+00:00,0.010092592592592592,1.9552296306937933,-18.654947698116302,-22.48007300682366,29.277699344728564,-29.112097202325508,-0.10506149292384748,-3.107802677998627,11.325772553064507,34.80027482137858,36.596888550356645
1781432322.0,40740.0,2026-06-14T10:18:42+00:00,0.010787037037037038,0.9526809076778591,-17.420974961016327,-23.518193647265434,29.28315901562685,-29.101933184107857,-0.1014434442492936,-3.2512453167715236,11.02393983663125,34.904236657877604,36.603729129568094
1781432382.0,40800.0,2026-06-14T10:19:42+00:00,0.011481481481481481,-0.0423532574204728,-16.1085011116229,-24.460476054809988,29.288231265979565,-29.09219963809149,-0.0962908845119018,-3.3815882322501007,10.776092853631406,34.988206614725186,36.610091222295324
1781432442.0,40860.0,2026-06-14T10:20:42+00:00,0.012175925925925925,-1.024918834445998,-14.72330297762528,-25.303418589755893,29.293157930079094,-29.083395467443676,-0.0893914286309814,-3.4981736339581198,10.57333379761535,35.05647369396749,36.61627691958358
1781432502.0,40920.0,2026-06-14T10:21:42+00:00,0.01287037037037037,-1.9908513114787638,-13.270435155835003,-26.043444911018014,29.297251765359636,-29.075039366038663,-0.08143340049104265,-3.6006132071433155,10.40869987779247,35.11107527348787,36.621423238406344
1781432562.0,40980.0,2026-06-14T10:22:42+00:00,0.013564814814814814,-2.9355590244958876,-11.756426987238228,-26.678378047421575,29.301312897781695,-29.0681430347779,-0.07234264391374638,-3.688463716138809,10.276899762663326,35.15519867510726,36.62652949186003
1781432622.0,41040.0,2026-06-14T10:23:42+00:00,0.01425925925925926,-3.854661803430645,-10.18753593461588,-27.205191106535494,29.304721960479938,-29.062263029658265,-0.062000811748521595,-3.7613498475063403,10.173551252668362,35.18971245758366,36.630820464986705
1781432682.0,41100.0,2026-06-14T10:24:42+00:00,0.014953703703703703,-4.744190186902415,-8.57026174175553,-27.621944630518556,29.30748286740321,-29.057540114735193,-0.05068470055057247,-3.8190765329877574,10.09553631059711,35.21579184358312,36.63429880002018
1781432742.0,41160.0,2026-06-14T10:25:42+00:00,0.015648148148148147,-5.600294372765347,-6.910919286077842,-27.927297526039183,29.30969207528841,-29.05420982547095,-0.039012832636657425,-3.8612716771319224,10.04029782945,35.23447521658733,36.637082638937905
1781432802.0,41220.0,2026-06-14T10:26:42+00:00,0.016342592592592593,-6.419117590994574,-5.216954896575771,-28.120149359107018,29.311507791623562,-29.052509431675965,-0.026613785153399686,-3.887862709410855,10.006302772272083,35.24652198745568,36.639369636807025
1781432862.0,41280.0,2026-06-14T10:27:42+00:00,0.017037037037037038,-7.1972587059717625,-3.4948898391448893,-28.199628961272538,29.31269113237277,-29.052266946945867,-0.014175553268188687,-3.898646652233517,9.992366528546224,35.25202413553404,36.64085963092413
1781432922.0,41340.0,2026-06-14T10:28:42+00:00,0.01773148148148148,-7.93128077336587,-1.7524996734500746,-28.165048104710877,29.31290508550941,-29.053145197393775,-0.0013151587752859193,-3.8937330367650818,9.998202278017088,35.25065184670941,36.641131320007894
1781432982.0,41400.0,2026-06-14T10:29:42+00:00,0.018425925925925925,-8.61842652480118,0.003921626077499241,-28.017092262394726,29.312706288947222,-29.055720705224967,0.010728297491433836,-3.8729483840712446,10.02385727678892,35.243104322739526,36.64088040712089
1781433042.0,41460.0,2026-06-14T10:30:42+00:00,0.01912037037037037,-9.255525066051632,1.7657619051169604,-27.756100463680923,29.31183672688937,-29.05966494715707,0.02303448302032923,-3.8365498661405684,10.070280099575584,35.228727963098336,36.639784595189624
1781433102.0,41520.0,2026-06-14T10:31:42+00:00,0.019814814814814816,-9.840193701442331,3.5265371217392385,-27.382977832108736,29.31029428556917,-29.06492295527745,0.03444957038081874,-3.784497052126621,10.138661792151034,35.207087977222585,36.637842550722254
1781433162.0,41580.0,2026-06-14T10:32:42+00:00,0.02050925925925926,-10.370117645943537,5.27813604241237,-26.89896325301379,29.307887746473785,-29.071159862326382,0.0453267198712725,-3.7172427829558705,10.231372062129065,35.1771056164641,36.634815869956064
1781433222.0,41640.0,2026-06-14T10:33:42+00:00,0.021203703703703704,-10.843327277805656,7.01371112675406,-26.306107247248292,29.304968328372016,-29.078617270297094,0.05494621727904568,-3.634854507084631,10.351129666245825,35.13822666904539,36.63114602101123
1781433282.0,41700.0,2026-06-14T10:34:42+00:00,0.02189814814814815,-11.257922844961286,8.72503718920052,-25.606971938163042,29.30160597267499,-29.08718571570545,0.06401266125695289,-3.5377453409145523,10.50186790109898,35.08905874996277,36.62692006394302
1781433342.0,41760.0,2026-06-14T10:35:42+00:00,0.02259259259259259,-11.6125319134444,10.405325344763696,-24.803384091705084,29.297261909123783,-29.096131563625534,0.07146354986656467,-3.4263065194214155,10.688393987295413,35.02699222731525,36.621468437517024
1781433402.0,41820.0,2026-06-14T10:36:42+00:00,0.023287037037037037,-11.906220822129399,12.046934101730585,-23.899658509530127,29.293009275062587,-29.106303273019613,0.0779534703388661,-3.301124872580918,10.91739375280501,34.95070288051581,36.616131939295315
1781433462.0,41880.0,2026-06-14T10:37:42+00:00,0.023981481481481482,-12.137774770148098,13.642742032185197,-22.898350663483143,29.287957416580543,-29.116595341112102,0.08293850762931837,-3.1625063764863026,11.196420388216078,34.85566847625909,36.6097999781007
1781433522.0,41940.0,2026-06-14T10:38:42+00:00,0.024675925925925928,-12.306921502575278,15.18590578250587,-21.803952004760504,29.282834123964072,-29.127479088795603,0.08642645002804956,-3.011123832077496,11.535975063794124,34.73800430476738,36.6033832282006
1781433582.0,42000.0,2026-06-14T10:39:42+00:00,0.02537037037037037,-12.413345348089933,16.669442800804973,-20.6202929681167,29.27725991467128,-29.138308752888047,0.0881882970220762,-2.8476541146800094,11.949087989286703,34.59069872539413,36.596408868722335
1781433642.0,42060.0,2026-06-14T10:40:42+00:00,0.026064814814814815,-12.45714391907677,18.086818045005202,-19.352553938515484,29.271740050035774,-29.149334528410943,0.08842522312122318,-2.672684621793924,12.452656886099085,34.40528215900599,36.58950811316991
1781433702.0,42120.0,2026-06-14T10:41:42+00:00,0.02675925925925926,-12.43843664880842,19.43133723642677,-18.005430719815195,29.265801005067853,-29.159819635040012,0.08711097135404888,-2.4868532322667227,13.068388719314813,34.16820841821263,36.58208919990124
1781433762.0,42180.0,2026-06-14T10:42:42+00:00,0.027453703703703702,-12.35802629031241,20.697153105400503,-16.584450049325824,29.259817906115302,-29.169872742392865,0.08412771735797041,-2.2909366247898597,13.82529342295715,33.86095359053066,36.57462120502321
1781433822.0,42240.0,2026-06-14T10:43:42+00:00,0.028148148148148148,-12.217008609790355,21.878275248222053,-15.095294130500406,29.25375415386848,-29.179183845239645,0.07957344129226838,-2.0859123395109185,14.761932036588352,33.454970487222454,36.56705741174396
1781433882.0,42300.0,2026-06-14T10:44:42+00:00,0.028842592592592593,-12.016546593047678,22.969718653708696,-13.544275263790041,29.248124033427064,-29.188041688309724,0.07347292301879707,-1.872320380119436,15.929545399576288,32.90723454264401,36.560039686545
1781433942.0,42360.0,2026-06-14T10:45:42+00:00,0.02953703703703704,-11.758210867177695,23.964916395954788,-11.937940668314695,29.241873538853838,-29.19512798916999,0.0668492577875548,-1.6514239113675564,17.396781655633305,32.14683041276762,36.55224640922936
1781434002.0,42420.0,2026-06-14T10:46:42+00:00,0.03023148148148148,-11.443816003855318,24.861292829737067,-10.28161567170173,29.236217722486153,-29.20147483087817,0.05763918990103788,-1.4237177185066976,19.254035894206382,31.061774377403786,36.545201130765804
1781434062.0,42480.0,2026-06-14T10:47:42+00:00,0.030925925925925926,-11.07563654286787,25.652975314296782,-8.584111601114273,29.23066607667391,-29.20637891830088,0.04849475686517348,-1.1903436584455047,21.61259069173122,29.460855348751934,36.538282311684995
1781434122.0,42540.0,2026-06-14T10:48:42+00:00,0.03162037037037037,-10.655870903749019,26.337341957725585,-6.850855667842552,29.22562898377292,-29.210093845693144,0.03763138858225858,-0.95204564047133,24.58408792026888,27.02239958863915,36.532005945466445
1781434182.0,42600.0,2026-06-14T10:49:42+00:00,0.03231481481481482,-10.187362346798182,26.909564395435154,-5.089790493249893,29.22007828193158,-29.211432808532283,0.026363116998403695,-0.7102626703380306,-11.685785692268192,-34.60526115959183,36.52508298647896
1781434242.0,42660.0,2026-06-14T10:50:42+00:00,0.03300925925925926,-9.67289939057082,27.369038259610534,-3.3078944167355075,29.215944334359627,-29.212235176368107,0.013951395402399461,-0.4653221545644806,-11.247139609110318,-34.74488256157758,36.519926254096355
1781434302.0,42720.0,2026-06-14T10:51:42+00:00,0.0337037037037037,-9.115603904705495,27.71102373022586,-1.5134200454340316,29.211051178595824,-29.21023190995365,0.001872128225887734,-0.21876750308458304,-10.852925072398213,-34.86362893861289,36.51381389825467
1781434362.0,42780.0,2026-06-14T10:52:42+00:00,0.03439814814814815,-8.518537862226367,27.935339246876538,0.28726412415562663,29.206697636420515,-29.206681257161595,-0.011145275541014174,0.02885395450368524,-10.50070033400542,-34.96564496503121,36.508369387377385
1781434422.0,42840.0,2026-06-14T10:53:42+00:00,0.03509259259259259,-7.885939735453576,28.04007957968861,2.0854940771241672,29.202455271641043,-29.20114254435537,-0.02359323035489895,0.2758828662958159,-10.189466900395773,-35.05207479581609,36.503057176156446
1781434482.0,42900.0,2026-06-14T10:54:42+00:00,0.035787037037037034,-7.220563204959035,28.02568495180458,3.8745963199762627,29.199110374417018,-29.194416001565926,-0.0362791061879806,0.5223072001735022,-9.91739062970117,-35.12566197922707,36.498859795629265
1781434542.0,42960.0,2026-06-14T10:55:42+00:00,0.03648148148148148,-6.5274505687411875,27.89077272824943,5.645993654849008,29.19554861030731,-29.18546358049568,-0.04768403219223147,0.765833194273598,-9.685367875443635,-35.185706444631464,36.49438708747491
1781434602.0,43020.0,2026-06-14T10:56:42+00:00,0.037175925925925925,-5.80929924803786,27.636791854165494,7.393720567692071,29.19259025124071,-29.175170089211175,-0.059192414614342354,1.0066141765760364,23.5706056840239,-27.85668715596437,36.49066280046185
1781434662.0,43080.0,2026-06-14T10:57:42+00:00,0.037870370370370374,-5.071097837993875,27.26393149420619,9.109456284437329,29.18938484451752,-29.16283462175775,-0.06949661731669349,1.2427528497405342,20.795871519275572,-29.980088798232803,36.48662764076917
1781434722.0,43140.0,2026-06-14T10:58:42+00:00,0.038564814814814816,-4.316383727127686,26.775505148805678,10.786864154506475,29.187587819847476,-29.15023014397363,-0.07881106072443252,1.4741621726889653,18.60406244855794,-31.384658429231916,36.48435177318355
1781434782.0,43200.0,2026-06-14T10:59:42+00:00,0.03925925925925926,-3.5497165424749255,26.171676668338478,12.41842597629875,29.185175190373354,-29.135545835494412,-0.08678710261661177,1.6990843885481364,16.8765851943203,-32.34295414687688,36.48130768994076
1781434842.0,43260.0,2026-06-14T11:00:42+00:00,0.03995370370370371,-2.774771175114438,25.456473387777805,13.998358510434628,29.183650104185787,-29.120450171890617,-0.09371731732407254,1.9172981652346563,15.509373627080494,-33.01823883934202,36.47937453351159
1781434902.0,43320.0,2026-06-14T11:01:42+00:00,0.04064814814814815,-1.9960368229076266,24.632453004829586,15.519717136397958,29.18224672686025,-29.104418757623343,-0.09904878156194433,2.1275624895921577,14.418282668192846,-33.50713807586084,36.4775982917559
1781434962.0,43380.0,2026-06-14T11:02:42+00:00,0.04134259259259259,-1.2175459160935134,23.703442335128784,16.976781495846808,29.18127321674464,-29.087992954899086,-0.10288317623256042,2.329117313079654,13.540666397368454,-33.86997997517631,36.47636481344691
1781435022.0,43440.0,2026-06-14T11:03:42+00:00,0.04203703703703704,-0.44331415102351457,22.67325819283724,18.363687090575695,29.180441533262226,-29.071133884925672,-0.10517167325627863,2.521166721977326,12.82949587610779,-34.14458434722931,36.47531500453593
1781435082.0,43500.0,2026-06-14T11:04:42+00:00,0.04273148148148148,0.3226079025771469,21.54658404085785,19.67513556405902,29.17996434460905,-29.054315868145395,-0.10579961524983753,2.702934521608577,12.249716868473877,-34.35621225314221,36.474715677311764
1781435142.0,43560.0,2026-06-14T11:05:42+00:00,0.04342592592592592,1.0763911654939875,20.32800188101828,20.9060144033283,29.179577047106193,-29.037536870549133,-0.10488774188152314,2.873702785799089,11.774749523257181,-34.52137223778293,36.47423566731749
1781435202.0,43620.0,2026-06-14T11:06:42+00:00,0.04412037037037037,1.8141958313644864,19.022913158871233,22.05154622718692,29.179328686147976,-29.021109952249173,-0.10225190706025346,3.032811280186208,11.384434889821199,-34.651734673276785,36.47393690880861
1781435262.0,43680.0,2026-06-14T11:07:42+00:00,0.044814814814814814,2.5324252271529986,17.636728665791452,23.107486807741225,29.17915903743296,-29.005233814772822,-0.09809096113089867,3.1796401754772994,11.063216706571847,-34.755418898563185,36.473742702266975
1781435322.0,43740.0,2026-06-14T11:08:42+00:00,0.045509259259259256,3.22749912058498,16.175441128667444,24.069861034862697,29.17909965228476,-28.990196013375446,-0.09231327179330139,3.3135886714989,10.798994783588155,-34.83836853606054,36.473692033989884
1781435382.0,43800.0,2026-06-14T11:09:42+00:00,0.046203703703703705,3.896080607373733,14.645054014399648,24.935129505582154,29.17906329277879,-28.976151960575393,-0.08510846667314098,3.4341096008330805,10.582270245931163,-34.90479120308517,36.473673964777554
1781435442.0,43860.0,2026-06-14T11:10:42+00:00,0.04689814814814815,4.534933156217448,13.05215118965134,25.69998597446829,29.17899156065446,-28.963267046198737,-0.07632813731569354,3.5407463228500733,10.405623571872725,-34.95779690578047,36.47361466081074
1781435502.0,43920.0,2026-06-14T11:11:42+00:00,0.047592592592592596,5.141167740919627,11.402919815853238,26.36193800996989,29.17893009876384,-28.951797200435973,-0.0665994040650364,3.633037997702793,10.263173808218527,-34.99983425837083,36.47356761726403
1781435562.0,43980.0,2026-06-14T11:12:42+00:00,0.04828703703703704,5.711888897174504,9.704667023848742,26.918468574993312,29.178933963398066,-28.94197683612739,-0.05551675499909539,3.710671360727732,10.150420181324517,-35.032735718304835,36.47360143673821
1781435622.0,44040.0,2026-06-14T11:13:42+00:00,0.04898148148148148,6.244584860978648,7.963886582292616,27.367786797694862,29.179000733158517,-28.933968075988382,-0.043728266653268295,3.7732827885073834,10.06375681222362,-35.057842446269945,36.47370995886028
1781435682.0,44100.0,2026-06-14T11:14:42+00:00,0.04967592592592593,6.736729824682698,6.187984663527459,27.707823731005192,29.178728190846066,-28.927496850688215,-0.030986417233199955,3.820620974481133,10.000439765405094,-35.075623425417035,36.47338967224132
1781435742.0,44160.0,2026-06-14T11:15:42+00:00,0.05037037037037037,7.186424129526131,4.383889687014744,27.937981756404042,29.178656671932565,-28.9231942879419,-0.01793989782396703,3.852598541315444,9.958777039231041,-35.087396456554266,36.473313946178955
1781435802.0,44220.0,2026-06-14T11:16:42+00:00,0.05106481481481481,7.591558241751045,2.5593291287659667,28.057099943049252,29.178464307456323,-28.920809465491203,-0.004289672989812493,3.8690490822632966,9.937414630980719,-35.093209520091584,36.4730799901664
1781435862.0,44280.0,2026-06-14T11:17:42+00:00,0.05175925925925926,7.950471333693713,0.721154218257027,28.06489728204906,29.178219912913814,-28.920459181739687,0.009202164554075187,3.869815670526992,9.935623576464552,-35.09339767099362,36.47277307729286
1781435922.0,44340.0,2026-06-14T11:18:42+00:00,0.052453703703703704,8.26178225968033,-1.122655434999615,27.96149284951389,29.178116520870898,-28.922319308916585,0.02284686980900768,3.855049613056886,9.953586254654416,-35.08816304493756,36.472634470202
1781435982.0,44400.0,2026-06-14T11:19:42+00:00,0.053148148148148146,8.524102665949613,-2.96507974434644,27.746804239228368,29.177682732527686,-28.92590791911451,0.03596861611261951,3.824621151644645,9.99153756185035,-35.07679408443495,36.472075703087114
1781436042.0,44460.0,2026-06-14T11:20:42+00:00,0.053842592592592595,8.736695563886315,-4.798285222612321,27.42217073123902,29.177539959132822,-28.931759982435743,0.04872403220640282,3.778852782817542,10.050995838889435,-35.059593304858254,36.471874095738954
1781436102.0,44520.0,2026-06-14T11:21:42+00:00,0.05453703703703704,8.898620130261406,-6.615136353531852,26.988356999121606,29.17733508582558,-28.93945140876367,0.060551291084154156,3.717710103209106,10.133454543705714,-35.03555336231935,36.4715903189493
1781436162.0,44580.0,2026-06-14T11:22:42+00:00,0.05523148148148148,9.00952627020888,-8.407889565452933,26.44689948949963,29.177091410319363,-28.948856643740193,0.07150754827938548,3.6415997661536643,10.241673621870312,-35.00372184558214,36.471254730538114
1781436222.0,44640.0,2026-06-14T11:23:42+00:00,0.05592592592592593,9.06911801151,-10.169206319842488,25.799765872769058,29.176867168562126,-28.95989056747323,0.08136245536492717,3.5507317897512873,10.378961817800581,-34.96293427816055,36.470942156110205
1781436282.0,44700.0,2026-06-14T11:24:42+00:00,0.05662037037037037,9.07748944638297,-11.891734624747187,25.049242667853832,29.176681190081133,-28.97238228541148,0.08995524726412553,3.445533054419757,10.54982414566881,-34.91148199460628,36.470678147852624
1781436342.0,44760.0,2026-06-14T11:25:42+00:00,0.05731481481481481,9.034812839701772,-13.56815281836316,24.198003437370062,29.176462847745434,-28.98606729672871,0.09720781544439822,3.3263249414332208,10.759782892925688,-34.84702868181144,36.47037614083361
1781436402.0,44820.0,2026-06-14T11:26:42+00:00,0.05800925925925926,8.94177156034857,-15.191516444087029,23.249120263382792,29.176343902717857,-29.00083997344211,0.10283374751910576,3.1937046802788607,11.016209286195288,-34.766634369531225,36.470203350432875
1781436462.0,44880.0,2026-06-14T11:27:42+00:00,0.0587037037037037,8.799040955724195,-16.754603856243193,22.206166192889214,29.17625214290497,-29.01639733173363,0.10701069629816083,3.0481016558189062,11.328116177525606,-34.666118624067636,36.47006987365731
1781436522.0,44940.0,2026-06-14T11:28:42+00:00,0.05939814814814815,8.60772442119196,-18.250739654526114,21.073065238073468,29.17630024825932,-29.032595818590952,0.10962061823743567,2.8901314037547463,11.707255535413362,-34.53997201854721,36.470117894153994
1781436582.0,45000.0,2026-06-14T11:29:42+00:00,0.06009259259259259,8.369110654806718,-19.673395146615803,19.854094438254833,29.176524051203,-29.049211372568582,0.11062631886556813,2.7204110277371214,12.1686383954736,-34.38042754588298,36.4703929048962
1781436642.0,45060.0,2026-06-14T11:30:42+00:00,0.060787037037037035,8.084750464651734,-21.016298989765346,18.55386843997985,29.176943763714846,-29.065997936480503,0.10999212953688271,2.5396285316813256,12.731754949954773,-34.17646063298659,36.47092054642685
1781436702.0,45120.0,2026-06-14T11:31:42+00:00,0.061481481481481484,7.756424393737689,-22.273500603623688,17.177507299929857,29.177691916163237,-29.08282537205234,0.10779630627415096,2.3484790587952338,13.422124127082165,-33.91229264629517,36.47186598750832
1781436762.0,45180.0,2026-06-14T11:32:42+00:00,0.062175925925925926,7.386148652760312,-23.439320121891797,15.73022922873497,29.178708526693615,-29.09937060578694,0.10399384437693625,2.1477539228546036,14.273513357200649,-33.56423363978843,36.473154009277714
1781436822.0,45240.0,2026-06-14T11:33:42+00:00,0.06287037037037037,6.976154959993437,-24.508460788056254,14.217777322046459,29.18007162782214,-29.11546104995074,0.09869014985270239,1.9382384548744231,15.330992352040369,-33.096489416841564,36.47488092122339
1781436882.0,45300.0,2026-06-14T11:34:42+00:00,0.06356481481481481,6.528935267357156,-25.47602607961744,12.645988060161471,29.18177367043399,-29.130845987339956,0.09183296028817124,1.7208408763505454,16.6550228681666,-32.45280269451849,36.47703646773541
1781436942.0,45360.0,2026-06-14T11:35:42+00:00,0.06425925925925927,6.047092114808038,-26.337392324581742,11.021336841396987,29.183821258968905,-29.145313884532836,0.08374325394251282,1.4963585515918532,18.325789574539925,-31.54248845019064,36.47962638460989
1781437002.0,45420.0,2026-06-14T11:36:42+00:00,0.06495370370370371,5.533518551150337,-27.0885415636003,9.350367538630962,29.18626876985665,-29.158714458131666,0.0745309461793549,1.2657412822193954,20.446157395709577,-30.214951400452428,36.482717009315955
1781437062.0,45480.0,2026-06-14T11:37:42+00:00,0.06564814814814815,4.991187985171564,-27.725849307142198,7.63972917268984,29.189041422042735,-29.170795429156243,0.06421608797268409,1.0299075017153245,23.13291862596512,-28.215454098004866,36.48621348005495
1781437122.0,45540.0,2026-06-14T11:38:42+00:00,0.06634259259259259,4.423278068890795,-28.24632029235363,5.896509795449674,29.192273407543865,-29.181539617088482,0.05301315152682991,0.7897859728136457,-4.0490439446844855,36.26494028139314,36.49028158947252
1781437182.0,45600.0,2026-06-14T11:39:42+00:00,0.06703703703703703,3.8331705646123737,-28.647289236076176,4.127875188249163,29.19588551016358,-29.190742770583363,0.04112721814797609,0.5464208782088851,-3.697164984310927,36.30706415348399,36.49482067864449
1781437242.0,45660.0,2026-06-14T11:40:42+00:00,0.06773148148148148,3.2242610449902713,-28.926595142111182,2.3411611519986764,29.19973974783816,-29.198176592589103,0.028760519688915343,0.3007621019493823,-3.3615178844425877,36.344534075420846,36.49965697985194
1781437302.0,45720.0,2026-06-14T11:41:42+00:00,0.06842592592592593,2.600145318545401,-29.082952128723264,0.5437445041898172,29.204015447965357,-29.203961394409,0.01603267043705046,0.05385269117315884,-3.040283499812276,36.37819002405,36.50501380886086
1781437362.0,45780.0,2026-06-14T11:42:42+00:00,0.06912037037037037,1.5003113539423794,-22.14162159152329,-0.9518114987877198,22.212795546490838,-22.212342843710278,0.0076680855045291796,-0.14160714720944617,-2.084313134932014,27.687650563761604,27.76599277867475
1781437422.0,45840.0,2026-06-14T11:43:42+00:00,0.06981481481481482,1.0107378488173708,-22.071881677024066,-2.3179130285279825,22.216261444523074,-22.21382356330925,-0.002168701098186437,-0.3291057068854134,-1.858448306091548,27.70807126881176,27.77032667333905
1781437482.0,45900.0,2026-06-14T11:44:42+00:00,0.07050925925925926,0.5179167343885638,-21.907911968417466,-3.675060065696016,22.220056504117235,-22.214076741904318,-0.011893343015847133,-0.5153291174970174,-1.640523531364111,27.72657588009258,27.775066651432017
1781437542.0,45960.0,2026-06-14T11:45:42+00:00,0.0712037037037037,0.02472686325199902,-21.650268264114857,-5.017014988930896,22.223977293118853,-22.212953422489253,-0.020823685144370826,-0.6995951325749231,-1.4297348806992818,27.74314336261143,27.77995942163161
1781437602.0,46020.0,2026-06-14T11:46:42+00:00,0.07189814814814814,-0.46596625150414184,-21.30044375639409,-6.338976701721549,22.228554932604535,-22.211070011579682,-0.0294787174418438,-0.8809962189141799,16.722610071426203,22.190036662473137,27.785669232229534
1781437662.0,46080.0,2026-06-14T11:47:42+00:00,0.0725925925925926,-0.9514652780708275,-20.85875632148236,-7.634056454524398,22.232224796569962,-22.20695351744611,-0.03681256264795672,-1.0590938175815456,14.86832253980257,23.478300305348007,27.79024289882522
1781437722.0,46140.0,2026-06-14T11:48:42+00:00,0.07328703703703704,-1.4287660331756342,-20.32880103122443,-8.899441793560982,22.237391663179558,-22.20316198525875,-0.04449514723199262,-1.2325607570750379,13.40820559396884,24.34903818439988,27.796683934518175
1781437782.0,46200.0,2026-06-14T11:49:42+00:00,0.07398148148148148,-1.8954461522225756,-19.71157670300454,-10.126624285709113,22.241571249763815,-22.197313184817347,-0.0500011146799193,-1.401527353277435,12.255476709986201,24.95493117407743,27.801893807651947
1781437842.0,46260.0,2026-06-14T11:50:42+00:00,0.07467592592592592,-2.348748244199669,-19.01110719703138,-11.313931359909475,22.247333727626607,-22.192175646786048,-0.05559369490415622,-1.5646428958952703,11.339648969796528,25.392071797986556,27.809080332731458
1781437902.0,46320.0,2026-06-14T11:51:42+00:00,0.07537037037037037,-2.7857423526002094,-18.228353017941117,-12.452158643398434,22.250606038535576,-22.183829294942985,-0.05858223272674918,-1.721555987168018,10.604934076947826,25.712007046417718,27.813161149560894
1781437962.0,46380.0,2026-06-14T11:52:42+00:00,0.07606481481481482,-3.204367225000169,-17.3684719838202,-13.541702810674906,22.25554994553141,-22.17665928895505,-0.06225706937796659,-1.87120555176581,10.011908397126613,25.95528333721843,27.819328584057217
1781438022.0,46440.0,2026-06-14T11:53:42+00:00,0.07675925925925926,-3.6023354895296507,-16.435272455215454,-14.573766632005572,22.259597379567484,-22.16822219590099,-0.06307147045477364,-2.0138575330009956,9.530215045362064,26.141373405339223,27.824385030548697
1781438082.0,46500.0,2026-06-14T11:54:42+00:00,0.0774537037037037,-3.9771693552611396,-15.433076315559447,-15.547670427709818,22.26494501163191,-22.160991776069046,-0.06333236811214026,-2.1480709679016528,9.136726996080087,26.28856411462404,27.83106867171287
1781438142.0,46560.0,2026-06-14T11:55:42+00:00,0.07814814814814815,-4.32674596644938,-14.36516468692571,-16.456108829937875,22.26841271764655,-22.151935996358393,-0.06143932659063378,-2.2737989765658937,8.813738327896827,26.403182835257493,27.83540995107982
1781438202.0,46620.0,2026-06-14T11:56:42+00:00,0.07884259259259259,-4.649163736961782,-13.236566617153585,-17.299056726507843,22.272826109193268,-22.144146116573967,-0.05952853851756614,-2.3899857763772165,8.548144188060252,26.496165614255275,27.84093319768416
1781438262.0,46680.0,2026-06-14T11:57:42+00:00,0.07953703703703703,-4.942791725625284,-12.052876417990774,-18.07075205910951,22.276783878560174,-22.136354233396744,-0.05553157521973352,-2.4967654014364404,8.329993620074935,26.570754254017217,27.84589332985859
1781438322.0,46740.0,2026-06-14T11:58:42+00:00,0.08023148148148149,-5.205788455437869,-10.818277917802334,-18.76921949069947,22.280461638835778,-22.128970162403395,-0.050827839322999536,-2.593273398977197,8.150800114565477,26.631092030906693,27.850504578305628
1781438382.0,46800.0,2026-06-14T11:59:42+00:00,0.08092592592592593,-5.436875113751739,-9.538634346332401,-19.391464807093143,22.28394183173832,-22.12223005039647,-0.04486440296617911,-2.6793634212213377,8.004585444608653,26.67996328989279,27.854870835996845
1781438442.0,46860.0,2026-06-14T12:00:42+00:00,0.08162037037037037,-5.6346676397370175,-8.219014203175902,-19.935118005611002,22.287005267194218,-22.116092277829843,-0.038073339382567725,-2.7545628617416273,7.886207277623712,26.719202611849383,27.858715933055926
1781438502.0,46920.0,2026-06-14T12:01:42+00:00,0.08231481481481481,-5.798099902109243,-6.865219599567354,-20.398057870566845,22.289682983750957,-22.110732435109835,-0.030369368406706482,-2.818608947789952,7.791846823047586,26.750373945771887,27.862077868537877
1781438562.0,46980.0,2026-06-14T12:02:42+00:00,0.08300925925925925,-5.926277689170092,-5.4828166828956455,-20.77847108244896,22.291857404701872,-22.106159245780397,-0.02201231356528955,-2.8712619890582967,7.718492917616186,26.774472944779497,27.864808170701995
1781438622.0,47040.0,2026-06-14T12:03:42+00:00,0.0837037037037037,-6.018482194514945,-4.077822267077863,-21.075054612010717,22.293691692198575,-22.10264858732366,-0.01298308533886543,-2.9122922469385197,7.663861655050217,26.79255564771384,27.867109889681632
1781438682.0,47100.0,2026-06-14T12:04:42+00:00,0.08439814814814815,-6.074191573658027,-2.655939502408728,-21.286612492986023,22.29505975189351,-22.10015746717526,-0.003589369447519896,-2.941549996683118,7.626264032467335,26.805064192630585,27.868824328700185
1781438742.0,47160.0,2026-06-14T12:05:42+00:00,0.0850925925925926,-6.09305766702164,-1.2231274007353932,-21.412301637232304,22.295920115032303,-22.098707171047735,0.006026608232503084,-2.958911763500004,7.604538610310822,26.812352932913747,27.86989912566668
1781438802.0,47220.0,2026-06-14T12:06:42+00:00,0.08578703703703704,-6.074952155468054,0.21458885793981608,-21.45160004775971,22.296238173248472,-22.098297665820503,0.015739219227868882,-2.9643261001435737,7.598041724167065,26.814601800144583,27.87029077247851
1781438862.0,47280.0,2026-06-14T12:07:42+00:00,0.08648148148148148,-6.01992705243174,1.6511615958879702,-21.40434978529811,22.296009644412294,-22.09893682836909,0.02542057485731425,-2.957767893843617,7.6065683127567505,26.81187574157478,27.869993941123873
1781438922.0,47340.0,2026-06-14T12:08:42+00:00,0.08717592592592592,-5.928228128701448,3.08060115436092,-21.270737715996802,22.29525230179972,-22.10062955012527,0.034891126814377185,-2.939256929617604,7.630364581356827,26.804112355830302,27.86903125026773
1781438982.0,47400.0,2026-06-14T12:09:42+00:00,0.08787037037037038,-5.8003222059924155,4.496903295163065,-21.051225163973868,22.293944420934213,-22.103311089795707,0.04400953006398949,-2.9088932384467623,7.67017019338112,26.791027360383744,27.867376227773267
1781439042.0,47460.0,2026-06-14T12:10:42+00:00,0.08856481481481482,-5.636840941268019,5.894124475074932,-20.746628598310053,22.29209001688826,-22.10692215882586,0.05262191089648371,-2.8667927932023622,7.727182078854208,26.772202491941524,27.86503488512594
1781439102.0,47520.0,2026-06-14T12:11:42+00:00,0.08925925925925926,-5.438604840659536,7.266334404237568,-20.358077434822917,22.28966924674518,-22.11135596953135,0.06062597717435756,-2.813115143192675,7.80313023379451,26.746986427651787,27.86198349734898
1781439162.0,47580.0,2026-06-14T12:12:42+00:00,0.0899537037037037,-5.206666627898812,8.607695444952697,-19.887160947546363,22.28678910926264,-22.116608212850775,0.06797045837677272,-2.7480884223032835,7.900416257198802,26.714630223725514,27.858356825688766
1781439222.0,47640.0,2026-06-14T12:13:42+00:00,0.09064814814814814,-4.942225148202851,9.912620471790433,-19.33572185691446,22.283531447264977,-22.122631231099955,0.07447777132273584,-2.671968232518266,8.022148050632321,26.674048625291235,27.854258730231276
1781439282.0,47700.0,2026-06-14T12:14:42+00:00,0.09134259259259259,-4.646621909691021,11.175584455486387,-18.70589299313724,22.279928540370825,-22.129312807249935,0.08004216785950258,-2.5850190897320195,8.172265370939108,26.623703588973196,27.84973095178039
1781439342.0,47760.0,2026-06-14T12:15:42+00:00,0.09203703703703704,-4.321443153894506,12.3912682980299,-18.000118273310363,22.276055728500594,-22.136558832063,0.08454155941522676,-2.4876242920926646,8.35590347550431,26.561543891414694,27.844869128575453
1781439402.0,47820.0,2026-06-14T12:16:42+00:00,0.09273148148148148,-3.968383716943208,13.554508274421096,-17.22113609686494,22.271962022978457,-22.144241718539327,0.08787965918605127,-2.380152984452531,8.579508739002078,26.484767691449292,27.839735808240878
1781439462.0,47880.0,2026-06-14T12:17:42+00:00,0.09342592592592593,-3.589305006840732,14.660346168093383,-16.371962061151862,22.267689640648808,-22.152214722804644,0.0899611778561989,-2.2630271305254426,8.851322553900875,26.389525795897335,27.834384898637964
1781439522.0,47940.0,2026-06-14T12:18:42+00:00,0.09412037037037037,-3.1862345549161546,15.703979126177728,-15.4558837544173,22.263229632387755,-22.16027050556023,0.09074344115055076,-2.136719544702503,9.181918713631374,26.270416919617208,27.8288058743857
1781439582.0,48000.0,2026-06-14T12:19:42+00:00,0.09481481481481481,-2.761358213814674,16.680849712342024,-14.47654905822128,22.258623473742265,-22.168247604861946,0.09024453182315088,-2.0017424908910955,9.584989267896662,26.11991824200756,27.823050663700656
1781439642.0,48060.0,2026-06-14T12:20:42+00:00,0.09550925925925927,-2.31699931572075,17.586708774790168,-13.437879100441933,22.253930126528797,-22.176000305216338,0.08847393465757232,-1.8586524425930637,10.078429588376691,25.92723420157959,27.81719281867646
1781439702.0,48120.0,2026-06-14T12:21:42+00:00,0.09620370370370371,-1.8556101751237293,18.41759950108826,-12.344039734918624,22.249192737754758,-22.18336858343898,0.08544921847414437,-1.7080498248335358,10.685852375626101,25.67645181134086,27.81128581374445
1781439762.0,48180.0,2026-06-14T12:22:42+00:00,0.09689814814814815,-1.3797379236566485,19.169863734394312,-11.199441945180297,22.244434185132388,-22.190179118916248,0.08120656966922392,-1.5505509924353997,11.43866911110607,25.343534710810953,27.80535744548974
1781439822.0,48240.0,2026-06-14T12:23:42+00:00,0.09759259259259259,-0.892039924801793,19.840162547305226,-10.00877222744748,22.23967865397019,-22.196268336574956,0.07584133599093625,-1.38680447589863,12.378954053659632,24.891166621776254,27.799436671552257
1781439882.0,48300.0,2026-06-14T12:24:42+00:00,0.09828703703703703,-0.39524706290103495,20.425604444928467,-8.776955356821418,22.235028277855857,-22.20156290739789,0.0694438593463918,-1.2174828689977704,13.562900401603459,24.259734160777054,27.793649793709864
1781439942.0,48360.0,2026-06-14T12:25:42+00:00,0.09898148148148148,0.10784979671007022,20.923656789585948,-7.50900874985382,22.230525352146262,-22.205943943890226,0.06204640586419391,-1.0432934566756114,15.063575603737442,23.35089563644483,27.78804845601166
1781440002.0,48420.0,2026-06-14T12:26:42+00:00,0.09967592592592593,0.6144133040797897,21.332087771967053,-6.210152229759842,22.22614368566728,-22.20924241668662,0.05374880048052851,-0.8649424716260352,16.968207152272647,21.99892538804506,27.782598370044692
1781440062.0,48480.0,2026-06-14T12:27:42+00:00,0.10037037037037037,1.121549338568002,21.64904480520636,-4.885824463330209,22.221842735991782,-22.211294219220097,0.044724471162610205,-0.6831569454157201,2.7833885903233,-27.637442135743218,27.777247161144253
1781440122.0,48540.0,2026-06-14T12:28:42+00:00,0.10106481481481482,1.626342635601759,21.873245135881007,-3.5416433739010245,22.217719975969974,-22.21209475971179,0.035171991009240774,-0.49868852728699475,2.980270546397932,-27.611743307950015,27.772115170325964
1781440182.0,48600.0,2026-06-14T12:29:42+00:00,0.10175925925925926,2.125905988155864,22.00378615129739,-2.18322050885763,22.213791505566995,-22.21158198494546,0.025214480279312,-0.31228674136257084,3.190121577301905,-27.583359364413603,27.767221494134965
1781440242.0,48660.0,2026-06-14T12:30:42+00:00,0.1024537037037037,2.6173615676816553,22.04021405428648,-0.8162925518117845,22.210086687468998,-22.209731489822737,0.01503999139842615,-0.1247061086020074,3.413431930425321,-27.551960945287423,27.76260199394665
1781440302.0,48720.0,2026-06-14T12:31:42+00:00,0.10314814814814814,3.0978861113544554,21.98256657179445,0.5534298387938179,22.206675033168857,-22.206584317913475,0.00478076711692443,0.06329379456258173,3.65093029979957,-27.517200480406185,27.758343148193497
1781440362.0,48780.0,2026-06-14T12:32:42+00:00,0.1038425925925926,3.5647033529821783,21.83124521188438,1.9202049422310665,22.203548466773405,-22.20212947917921,-0.005398046165259336,0.25096208322165187,3.9036144155199244,-27.478545149301763,27.75443476324586
1781440422.0,48840.0,2026-06-14T12:33:42+00:00,0.10453703703703704,4.015114936279133,21.58714034501463,3.278336072806269,22.200749168286034,-22.19643169913036,-0.015349594122754544,0.43754753907920535,4.172805107880645,-27.435411493501586,27.75092982741504
1781440482.0,48900.0,2026-06-14T12:34:42+00:00,0.10523148148148148,4.446491718757898,21.25151344947517,4.622185930609703,22.19825928480278,-22.189520992927118,-0.02493801899850357,0.6222953277891405,4.460184100895817,-27.386995612472493,27.747806596044153
1781440542.0,48960.0,2026-06-14T12:35:42+00:00,0.10592592592592592,4.8562995619140565,20.826064571738243,5.9461794414091855,22.196073097074958,-22.18146422068542,-0.03401283788936639,0.8044557688313115,17.32989280235918,-21.667097245562605,27.745058795935666
1781440602.0,49020.0,2026-06-14T12:36:42+00:00,0.10662037037037037,5.242120280629024,20.312894077040255,7.244837472215295,22.19416952310796,-22.172336159244317,-0.04242265457027795,0.9832956728778629,15.340786233568988,-23.115266157138805,27.742661223816047
1781440662.0,49080.0,2026-06-14T12:37:42+00:00,0.10731481481481482,5.601666527800262,19.71452304814011,8.512825668789446,22.192550276422175,-22.1622563098469,-0.0500260643502573,1.1580934422846787,13.772349342322572,-24.080370541426873,27.740617365505624
1781440722.0,49140.0,2026-06-14T12:38:42+00:00,0.10800925925925926,5.932786123128608,19.033835257403553,9.744975481182337,22.191200574047606,-22.15134785464419,-0.056699589709003406,1.3281401645488842,12.535959501768788,-24.744632892525473,27.73891017354216
1781440782.0,49200.0,2026-06-14T12:39:42+00:00,0.1087037037037037,6.233490123413503,18.274085360579193,10.936309368349612,22.19012071811868,-22.139766389518503,-0.06233138394110117,1.492754668658875,11.555370795281029,-25.21595947958661,27.737541468064315
1781440842.0,49260.0,2026-06-14T12:40:42+00:00,0.10939814814814815,6.501954617910087,17.438844458200037,12.08207836188376,22.18930660100392,-22.127678018535256,-0.06684842233438237,1.6512795734881482,10.77144736352444,-25.559533709510717,27.73650738201896
1781440902.0,49320.0,2026-06-14T12:41:42+00:00,0.11009259259259259,6.736514749471098,16.53197013679892,13.177754607982934,22.188733268982894,-22.11524074189051,-0.07020088096245469,1.803075940332639,10.13977351072183,-25.815854852662408,27.735777772084727
1781440962.0,49380.0,2026-06-14T12:42:42+00:00,0.11078703703703703,6.935675186803564,15.557596256956458,14.219031596556306,22.188358459678238,-22.102604923501918,-0.07234826159944632,1.9475298354087067,9.62719484240398,-26.010844292654788,27.7353006356582
1781441022.0,49440.0,2026-06-14T12:43:42+00:00,0.11148148148148149,7.098122741561383,14.520130495540798,15.201847522519529,22.188143323850642,-22.089930950962465,-0.07325611522644093,2.0840557293485054,9.208851302947007,-26.161590841126685,27.73502799094157
1781441082.0,49500.0,2026-06-14T12:44:42+00:00,0.11217592592592593,7.222705587744713,13.42422937322408,16.12240583077073,22.188045881605728,-22.077382202620367,-0.07290096337453929,2.212071556980357,8.865897169031665,-26.2796683716174,27.7349076496395
1781441142.0,49560.0,2026-06-14T12:45:42+00:00,0.11287037037037037,7.308573883026838,12.27476155385375,16.977189207449555,22.18805932913399,-22.065146907858225,-0.0712787421581948,2.3311345024945913,8.584049977461104,-26.373101565685445,27.734931047498748
1781441202.0,49620.0,2026-06-14T12:46:42+00:00,0.11356481481481481,7.354982221499085,11.076772677712142,17.762983999215066,22.188155781602227,-22.053397276082062,-0.06841985290190916,2.440746667655887,8.35218722263258,-26.44758364479981,27.735062863649492
1781441262.0,49680.0,2026-06-14T12:47:42+00:00,0.11425925925925925,7.36141048790887,9.83549111476168,18.476837914437056,22.18830298054426,-22.042291939408493,-0.06433633976294802,2.540475555816791,8.161672663237617,-26.507204019857923,27.73526213346851
1781441322.0,49740.0,2026-06-14T12:48:42+00:00,0.1149537037037037,7.3275422980077565,8.55627342266962,19.116144875995815,22.188503463114323,-22.032015073590525,-0.05908769455955222,2.629925165107914,8.005742134909966,-26.554995234340957,27.73553098511986
1781441382.0,49800.0,2026-06-14T12:49:42+00:00,0.11564814814814815,7.253255198476836,7.244562970474362,19.678597702644765,22.188749652694163,-22.02272818312258,-0.05276582336631586,2.7087396128307066,7.879072613792836,-26.593195921244085,27.73585864110021
1781441442.0,49860.0,2026-06-14T12:50:42+00:00,0.1163425925925926,7.138622829923406,5.905881532467902,20.162175927311182,22.189022301744068,-22.01456552768817,-0.04547921354782054,2.776607097800166,7.777479875826679,-26.62346118464941,27.73621961748614
1781441502.0,49920.0,2026-06-14T12:51:42+00:00,0.11703703703703704,6.98391822190024,4.545835447963327,20.565172753296793,22.189323198851532,-22.007665258455557,-0.03733633940551631,2.8332560584279953,7.697696222307942,-26.647049926336038,27.736614734094342
1781441562.0,49980.0,2026-06-14T12:52:42+00:00,0.11773148148148148,6.789574840571731,3.1700121148023754,20.886153468862176,22.18960815446235,-22.00210136374789,-0.028516771125236793,2.878442707734499,7.637178598313518,-26.66484515000282,27.73698728802692
1781441622.0,50040.0,2026-06-14T12:53:42+00:00,0.11842592592592592,6.556267579551786,1.7841618050588295,21.123979437164962,22.189871229529043,-21.99796237100699,-0.019076401739360045,2.9119877743112026,7.594050941694747,-26.67751484931712,27.73732878704419
1781441682.0,50100.0,2026-06-14T12:54:42+00:00,0.11912037037037038,6.284864684334025,0.3938999915262684,21.277896407060325,22.19016802129502,-21.995372766309345,-0.009226361242154412,2.9337771828582193,7.5670236157161685,-26.68558746048155,27.737707628998766
1781441742.0,50160.0,2026-06-14T12:55:42+00:00,0.11981481481481482,5.976398469763808,-0.9951524492062163,21.347325609996915,22.19044789466374,-21.994326390660632,0.0008444159403253455,2.943736345843066,7.555274831690513,-26.689282237680025,27.738059848246753
1781441802.0,50220.0,2026-06-14T12:56:42+00:00,0.12050925925925926,5.632097423775122,-2.3773406385444105,21.332017841748893,22.19070199663053,-21.994834966617102,0.010992603517110747,2.9418309022116995,7.558444426185265,-26.68871138040923,27.738374092410613
1781441862.0,50280.0,2026-06-14T12:57:42+00:00,0.1212037037037037,5.253368760109879,-3.7470439459430054,21.23207245580852,22.190969389173365,-21.99693465911463,0.02108166310812752,2.928061406007657,7.576613226862548,-26.683897136236784,27.73869921908261
1781441922.0,50340.0,2026-06-14T12:58:42+00:00,0.12189814814814814,4.841762144467793,-5.098787628812715,21.047854003496468,22.19126977213871,-22.000617628711577,0.03088598045918172,2.902468623650145,7.610301000416608,-26.67468439694992,27.73906034806921
1781441982.0,50400.0,2026-06-14T12:59:42+00:00,0.12259259259259259,4.399025429040194,-6.427103970199823,20.77995011303574,22.191561839342327,-22.005786878151564,0.04023981462915223,2.8651599431874004,7.6605126579289,-26.660668213857434,27.739406695019216
1781442042.0,50460.0,2026-06-14T13:00:42+00:00,0.12328703703703704,3.927069054392632,-7.726581492926925,20.429273842833936,22.191826483421956,-22.01234596483611,0.049005552110331904,2.8162716933090315,7.728749749579787,-26.641288286567743,27.739715468253117
1781442102.0,50520.0,2026-06-14T13:01:42+00:00,0.12398148148148148,3.4279705252847634,-8.991908864118159,19.997030090540648,22.192039549911044,-22.020169952978954,0.05704856923855375,2.7559898562016762,7.817096833357175,-26.61575200269778,27.739957778828604
1781442162.0,50580.0,2026-06-14T13:02:42+00:00,0.12467592592592593,2.904009734702413,-10.217862440738827,19.48476109560579,22.192203593828634,-22.029135966150026,0.06429424170493142,2.6845735574387857,7.928351919922656,-26.58301141983394,27.740138073073158
1781442222.0,50640.0,2026-06-14T13:03:42+00:00,0.12537037037037038,2.357587114245689,-11.399424174800515,18.894355488941073,22.192380626259126,-22.03916406592153,0.0706341003906251,2.6023097356034834,8.066113760561205,-26.54174089752609,27.74033527320324
1781442282.0,50700.0,2026-06-14T13:04:42+00:00,0.12606481481481482,1.7912255096598528,-12.531749196350574,18.22795327939093,22.192600287085515,-22.050125465352476,0.07594371383815729,2.50952326486342,8.234960120122606,-26.490104768675835,27.740587932403884
1781442342.0,50760.0,2026-06-14T13:05:42+00:00,0.12675925925925927,1.207591223239433,-13.610111280344427,17.487995768897235,22.19286826074474,-22.061853351114433,0.08016820858676911,2.406574621952119,8.44069771913444,-26.425601128042896,27.740904328522227
1781442402.0,50820.0,2026-06-14T13:06:42+00:00,0.1274537037037037,0.6094582676887512,-14.630023174919188,16.677166052162647,22.193172035789136,-22.074150198985635,0.083198093546221,2.293873597211861,8.69072496879397,-26.344816697802,27.74127011014467
1781442462.0,50880.0,2026-06-14T13:07:42+00:00,0.12814814814814815,-0.00027192302513867617,-15.587169494479895,15.798528736457229,22.193543276373234,-22.086855159309202,0.08502921823107058,2.171856893074447,8.994498981563545,-26.24313855436539,27.741725489106962
1781442522.0,50940.0,2026-06-14T13:08:42+00:00,0.1288425925925926,-0.6186031633988023,-16.477499371394515,14.855431403033435,22.194019410154294,-22.099806862585993,0.08565678412776084,2.04100395149927,9.364212752478991,-26.114128509249944,27.742317644193154
1781442582.0,51000.0,2026-06-14T13:09:42+00:00,0.12953703703703703,-1.2424546346301213,-17.297245886176825,13.85148943029344,22.194642781615247,-22.112845471730814,0.08507496738535461,1.9018400555210269,9.815732650951594,-25.94862176221556,27.743099661600255
1781442642.0,51060.0,2026-06-14T13:10:42+00:00,0.13023148148148148,-1.868686045287177,-18.04292539693415,12.790577220730484,22.195450210677233,-22.12580699543221,0.08328693915992186,1.7549182719718102,10.369885517459766,-25.73327663647169,27.744117432248615
1781442702.0,51120.0,2026-06-14T13:11:42+00:00,0.13092592592592592,-2.494094705907628,-18.711339828558266,11.676812707912177,22.1964569604585,-22.138509330655403,0.08031355985843622,1.6008297679869663,11.054299131488964,-25.448165226869406,27.74538957561207
1781442762.0,51180.0,2026-06-14T13:12:42+00:00,0.13162037037037036,-3.1154376096092165,-19.299602366052568,10.514568721409887,22.197674616598032,-22.150774110668042,0.0762019714414871,1.4401937168545185,11.905908063219579,-25.062750550044793,27.746929775086965
1781442822.0,51240.0,2026-06-14T13:13:42+00:00,0.1323148148148148,-3.7294476348906755,-19.805152253247797,9.308463886380196,22.19910663427162,-22.162425354102258,0.0710301909053531,1.273653208525645,12.974170427769934,-24.528830841446087,27.748741245993422
1781442882.0,51300.0,2026-06-14T13:14:42+00:00,0.13300925925925927,-4.3328616109211,-20.225790384225547,8.063345641829073,22.200761909124388,-22.17330607797758,0.06489536927512322,1.1018690979411192,14.324446839509635,-23.768024755290813,27.750833825779985
1781442942.0,51360.0,2026-06-14T13:15:42+00:00,0.1337037037037037,-4.922412047861144,-20.559698402881622,6.784249794203788,22.202643627652446,-22.18326832326043,0.05790257309616523,0.9255473228284614,16.038876942257723,-22.64939514453414,27.75321015634287
1781443002.0,51420.0,2026-06-14T13:16:42+00:00,0.13439814814814816,-5.494880273239687,-20.805444735102355,5.476424251217395,22.204762156392466,-22.19219079014165,0.050197522281868724,0.7453928928208633,18.205229573464806,-20.95133859775876,27.755881770545386
1781443062.0,51480.0,2026-06-14T13:17:42+00:00,0.1350925925925926,-6.047106608748436,-20.962019375525415,4.145254574948922,22.207136018149818,-22.19998061366891,0.04191878006251749,0.5621331667938945,8.639028697858057,26.380335069580564,27.758870568266232
1781443122.0,51540.0,2026-06-14T13:18:42+00:00,0.13578703703703704,-6.576008879113942,-21.028822182677686,2.796247068559751,22.209778315807018,-22.206561921539073,0.03321031921039619,0.3765070209705389,8.815811021970045,26.32528770521598,27.762191857587258
1781443182.0,51600.0,2026-06-14T13:19:42+00:00,0.13648148148148148,-7.078596767038107,-21.005666313692927,1.4350053860689513,22.21269434198794,-22.211874800683223,0.024223709440447296,0.18926431585940212,9.026485124448435,26.257666903368275,27.765851416985768
1781443242.0,51660.0,2026-06-14T13:20:42+00:00,0.13717592592592592,-7.551992545835674,-20.892793574370444,0.0671931182841945,22.21589362750815,-22.215888461037654,0.015106109880798973,0.0011665914655024096,9.271227988761371,26.176506453953095,27.7698606145843
1781443302.0,51720.0,2026-06-14T13:21:42+00:00,0.0007291666666666667,-10.26158784981817,-26.561815731227398,-1.6781076396582648,28.5244857164769,-28.523487865290495,0.0005524486925943512,-0.23858977958204314,12.259173089564483,33.481860695073514,35.65560713890889
1781443362.0,51780.0,2026-06-14T13:22:42+00:00,0.0014236111111111112,-10.78391636069864,-26.18891094252467,-3.429992440971546,28.529226357809886,-28.52519745414662,-0.012032785863783762,-0.479293218359843,12.664249647614838,33.337088756824826,35.661529775340945
1781443422.0,51840.0,2026-06-14T13:23:42+00:00,0.0021180555555555558,-11.258699567988515,-25.704806495457888,-5.168288532178849,28.534305656227385,-28.52525660955134,-0.024218672305388104,-0.7181560402651678,13.118001223649651,33.167980625912286,35.66786922293742
1781443482.0,51900.0,2026-06-14T13:24:42+00:00,0.0028125,-11.683020641561598,-25.11189787555486,-6.885732342256233,28.539686335218274,-28.523707666097792,-0.035827818344891564,-0.9542082891440709,23.635304055754435,26.721677467781824,35.67457980831899
1781443542.0,51960.0,2026-06-14T13:25:42+00:00,0.0035069444444444445,-12.054201030638069,-24.413076165132225,-8.575147963594645,28.545318581671573,-28.52061140142102,-0.046687657442893465,-1.1864899834807778,20.80759890938216,28.98655622850728,35.68160050168904
1781443602.0,52020.0,2026-06-14T13:26:42+00:00,0.004201388888888889,-12.369800234213471,-23.611717950552702,-10.229467715136707,28.551132939794606,-28.516038897345375,-0.05661789836256342,-1.4140410759575688,18.56746302747022,30.47856698932223,35.68884600262491
1781443662.0,52080.0,2026-06-14T13:27:42+00:00,0.004895833333333334,-12.62766137206927,-22.71170684788376,-11.841784899123013,28.557088949487802,-28.5101179373072,-0.06543484109536078,-1.6359164866714202,16.803512286327024,31.493896021943034,35.6962674771145
1781443722.0,52140.0,2026-06-14T13:28:42+00:00,0.005590277777777777,-12.825932032894343,-21.717329701408744,-13.405434436164796,28.563133831819446,-28.502987248160068,-0.0730243715204451,-1.8512157267096823,15.40900330275931,32.2075145723388,35.703800605984
1781443782.0,52200.0,2026-06-14T13:29:42+00:00,0.006284722222222222,-12.963040044065565,-20.63324500899762,-14.913920926861465,28.569148468199902,-28.494739176319474,-0.07926416973279068,-2.0590776243186184,14.298343993064725,32.72390828930738,35.711298137578396
1781443842.0,52260.0,2026-06-14T13:30:42+00:00,0.0069791666666666665,-13.037701561581343,-19.46458427235484,-16.36096006957814,28.575036610699108,-28.485509046397034,-0.08397748933215947,-2.2586366356084224,13.406597064860183,33.107167001034064,35.7186415152351
1781443902.0,52320.0,2026-06-14T13:31:42+00:00,0.007673611111111111,-13.049069280270487,-18.216980314813554,-17.740631773136556,28.580878163233994,-28.47561912998689,-0.08696925005708682,-2.449111695103997,12.68536660585834,33.39795971358023,35.725932303509644
1781443962.0,52380.0,2026-06-14T13:32:42+00:00,0.008368055555555556,-12.996562557294965,-16.896241763606668,-19.0474968329072,28.586723485554224,-28.46537306242073,-0.08825818452219729,-2.6297350721345203,12.09843280594458,33.622788990087095,35.73323405223599
1781444022.0,52440.0,2026-06-14T13:33:42+00:00,0.0090625,-12.879866225179285,-15.50839008251205,-20.27638179808855,28.59253006908848,-28.454987568875286,-0.08787237529417305,-2.7997743931506176,11.61847591177429,33.7993182574877,35.740493801616964
1781444082.0,52500.0,2026-06-14T13:34:42+00:00,0.009756944444444445,-12.698947161436081,-14.059702225029469,-21.4224392529577,28.598241016050395,-28.44466909469778,-0.08584732120818522,-2.95851644286346,11.224675918008696,33.939658674264756,35.74764020729088
1781444142.0,52560.0,2026-06-14T13:35:42+00:00,0.010451388888888889,-12.454069282393903,-12.556656058412045,-22.481173725798726,28.603786902252406,-28.43460971811613,-0.08225285775170266,-3.1052906136581884,10.901015356739908,34.05228729238992,35.75458579890612
1781444202.0,52620.0,2026-06-14T13:36:42+00:00,0.011145833333333334,-12.14581828378141,-11.005886520724744,-23.448389031924307,28.609043816286096,-28.42493620566795,-0.07716716520657246,-3.2395115394915486,10.635090888075437,34.143175838672164,35.761174680763936
1781444262.0,52680.0,2026-06-14T13:37:42+00:00,0.011840277777777778,-11.775104901287705,-9.414260081481189,-24.320281714200974,28.61393875327544,-28.415816704642474,-0.07064223449730049,-3.360634115619411,10.417208299964862,34.21669992126914,35.7673144402405
1781444322.0,52740.0,2026-06-14T13:38:42+00:00,0.012534722222222221,-11.343138812342659,-7.7887819008901715,-25.09345832746476,28.6184131713818,-28.407420259116034,-0.06275186305416586,-3.4681564084635044,10.239744706249923,34.276087619417076,35.77293046624961
1781444382.0,52800.0,2026-06-14T13:39:42+00:00,0.013229166666666667,-10.851416950114071,-6.1365254854317755,-25.764959315769374,28.62242693067497,-28.3999163065604,-0.05362833053462581,-3.561629007119688,10.096704025704708,34.323749312772556,35.77797086293095
1781444442.0,52860.0,2026-06-14T13:40:42+00:00,0.01392361111111111,-10.301736887777224,-4.464628317160532,-26.332230844534934,28.62595099145631,-28.393462263092488,-0.0434152012588305,-3.640671091969316,9.983402338347224,34.36148504880672,35.782397586085324
1781444502.0,52920.0,2026-06-14T13:41:42+00:00,0.014618055555555556,-9.696178017184138,-2.7802310918923467,-26.793138671666384,28.62896842263784,-28.38820115344474,-0.03229892580584072,-3.7049730087201884,9.896228975533928,34.390636603692265,35.78618775370486
1781444562.0,52980.0,2026-06-14T13:42:42+00:00,0.0153125,-9.03707625810057,-1.090446085203439,-27.14591899793595,28.63142920292245,-28.38421402546061,-0.020505819895647526,-3.754292459326526,9.832457827778523,34.41213658714036,35.789277324738585
1781444622.0,53040.0,2026-06-14T13:43:42+00:00,0.016006944444444445,-8.327036522794515,0.5976042491965927,-27.389144872315228,28.63323112970807,-28.3814988585609,-0.008241607365266954,-3.7884534502482117,9.7901173770275,34.42655593159894,35.791537429502604
1781444682.0,53100.0,2026-06-14T13:44:42+00:00,0.01670138888888889,-7.568929290981032,2.2767184494878165,-27.521835645660758,28.634307653876878,-28.38006448168752,0.004372727809289711,-3.807295064922308,9.767857463800093,34.43427821723694,35.79288414999821
1781444742.0,53160.0,2026-06-14T13:45:42+00:00,0.017395833333333333,-6.765910871326923,3.93983709521126,-27.54353743698448,28.6347048316917,-28.379994145525863,0.017150528222215612,-3.8107688144792267,9.765024162517141,34.435591613297206,35.793374619506444
1781444802.0,53220.0,2026-06-14T13:46:42+00:00,0.018090277777777778,-5.921323478920385,5.580021232366562,-27.45413729082793,28.634391264339882,-28.38126267625815,0.029865082136471054,-3.798868260075551,9.781510679142123,34.43049117447134,35.792969612502404
1781444862.0,53280.0,2026-06-14T13:47:42+00:00,0.018784722222222223,-5.038767987221945,7.19039203110151,-27.253987363539636,28.63338519284716,-28.383861872228515,0.04235759660874596,-3.7716493281084564,9.817800553781895,34.41883251985548,35.791692328579565
1781444922.0,53340.0,2026-06-14T13:48:42+00:00,0.019479166666666665,-4.122030059312237,8.764245056547225,-26.943844037130475,28.63169318636775,-28.38774000048249,0.05443284664149406,-3.7292237058817665,9.874968479478632,34.40024732383516,35.78955180512498
1781444982.0,53400.0,2026-06-14T13:49:42+00:00,0.02017361111111111,-3.1751122110290453,10.29500971082598,-26.524898136034608,28.62933432033723,-28.39282611180457,0.06594201914831267,-3.6717653329942554,9.954738173908272,34.37414716043573,35.78657297253201
1781445042.0,53460.0,2026-06-14T13:50:42+00:00,0.020868055555555556,-2.202149117103545,11.776335329283029,-25.998844591900706,28.62641183654501,-28.399109351917517,0.0767245903210601,-3.599466070204759,10.059517577967565,34.33978823545573,35.78288627203488
1781445102.0,53520.0,2026-06-14T13:51:42+00:00,0.0215625,-1.2074156434973702,13.20215988624841,-25.367745276540518,28.623021828829895,-28.406540449080275,0.08656267854620786,-3.5125980742353033,10.192568825294483,34.296074656743734,35.77861366961141
1781445162.0,53580.0,2026-06-14T13:52:42+00:00,0.022256944444444444,-0.19533459946978837,14.56663704290986,-24.63400285784155,28.6192097575347,-28.414992628231634,0.09525452083336634,-3.411493464682583,10.358130596019215,34.24142085247754,35.773814046599405
1781445222.0,53640.0,2026-06-14T13:53:42+00:00,0.02295138888888889,0.8295472573954612,15.864163399673998,-23.80040243268013,28.615013279419156,-28.424308782549723,0.10261246317791033,-3.2965324051193208,10.561625623228181,34.17367811882938,35.768536620535485
1781445282.0,53700.0,2026-06-14T13:54:42+00:00,0.023645833333333335,1.8625208984594792,17.089389509521425,-22.870071602985263,28.610424551743584,-28.434261014735412,0.10847585639185844,-3.1681897931611225,10.810002455194283,34.0898786309706,35.762773636221404
1781445342.0,53760.0,2026-06-14T13:55:42+00:00,0.024340277777777777,2.898742404766381,18.23722314974293,-21.84656089078635,28.605440714967948,-28.44460900594522,0.11275469466375253,-3.027002374508005,11.112110128871695,33.98602585774287,35.756523112843894
1781445402.0,53820.0,2026-06-14T13:56:42+00:00,0.025034722222222222,3.933285027509555,19.30288419686258,-20.733840066939592,28.60007331016037,-28.45511490343938,0.11539742653462393,-2.873554003765831,11.479239560416621,33.85668773055174,35.7498006283885
1781445462.0,53880.0,2026-06-14T13:57:42+00:00,0.025729166666666668,4.961164482869208,20.28194659948349,-19.536285867914557,28.594352176667,-28.465550495333297,0.11638179671663622,-2.7084805109662566,11.925904285284828,33.69435292418074,35.742644166331935
1781445522.0,53940.0,2026-06-14T13:58:42+00:00,0.02642361111111111,5.977354945847765,21.1703391848132,-18.25866239424795,28.588298056649197,-28.47567416873091,0.11572985504422925,-2.532463822591541,12.470906890509685,33.488392121994494,35.73507976188419
1781445582.0,54000.0,2026-06-14T13:59:42+00:00,0.027118055555555555,6.976845028810203,21.96445121243596,-16.90616574138403,28.5820209868837,-28.48533346504722,0.11349958604915152,-2.346235052949284,13.138894825362266,33.22356761656059,35.727244539764115
1781445642.0,54060.0,2026-06-14T14:00:42+00:00,0.0278125,7.954750768840313,22.661218703724444,-15.48427247395739,28.57571673607069,-28.49446730158057,0.10964232708607471,-2.15055777402463,13.962485184754739,32.87739844668619,35.71938298958507
1781445702.0,54120.0,2026-06-14T14:01:42+00:00,0.028506944444444446,8.905978150200099,23.25765283126384,-13.998868613503873,28.569269932736827,-28.502708341656895,0.10447851680674292,-1.9462491925621377,14.985079002315917,32.41524066212649,35.7113486148203
1781445762.0,54180.0,2026-06-14T14:02:42+00:00,0.029201388888888888,9.825946069788188,23.75174289010465,-12.455920696724206,28.562991210430067,-28.510134384558654,0.09779158478599549,-1.7341110308906604,16.264960102755666,31.78353520104643,35.70352975575932
1781445822.0,54240.0,2026-06-14T14:03:42+00:00,0.029895833333333333,10.709732502233237,24.141421019099653,-10.861754731740803,28.556685643528578,-28.51632538070667,0.08982770126421172,-1.5150619489186097,17.879471009242657,30.89508244755482,35.69568045312428
1781445882.0,54300.0,2026-06-14T14:04:42+00:00,0.03059027777777778,11.552878262940794,24.425474379211664,-9.223006126470864,28.550597836416216,-28.52132788272481,0.08066461090249655,-1.2899557525073384,19.927960748266248,29.606033314155354,35.688104855586225
1781445942.0,54360.0,2026-06-14T14:05:42+00:00,0.03128472222222222,12.35092759737745,24.60297674778849,-7.546438982943073,28.544712622325765,-28.524948132284038,0.07044444609579496,-1.0597123768662482,22.52405397587412,27.672824312231384,35.68078212320626
1781446002.0,54420.0,2026-06-14T14:06:42+00:00,0.03197916666666667,13.099637212697417,24.673541462048888,-5.8390361533965915,28.539069476498444,-28.52707314706713,0.059333940157296136,-0.8252658540323311,17.773631483599218,-30.93081244271453,35.673759746922855
1781446062.0,54480.0,2026-06-14T14:07:42+00:00,0.03267361111111111,13.794984193984419,24.637291316874325,-4.107910161372274,28.533710558543145,-28.527620754453967,0.047492235019221535,-0.5875685631283079,17.981858557848447,-30.802499668296775,35.6670887935908
1781446122.0,54540.0,2026-06-14T14:08:42+00:00,0.033368055555555554,14.43316794699058,24.494818914681673,-2.360285883070901,28.528642451033434,-28.526503394271295,0.035092266559214734,-0.3475812543323393,18.24719013473291,-30.638717387873655,35.66077608503614
1781446182.0,54600.0,2026-06-14T14:09:42+00:00,0.0340625,15.010642301756889,24.24721679277718,-0.6035011963394936,28.52386927121235,-28.523662552232,0.022345446954405955,-0.10627082671438556,18.569072557174966,-30.437741972259193,35.65482564819883
1781446242.0,54660.0,2026-06-14T14:10:42+00:00,0.034756944444444444,15.524152126628906,23.89609452150762,1.1550658702617511,28.51941110535396,-28.519088179389886,0.009465536634466266,0.13538691217160861,18.9475047343837,-30.197051837103214,35.64926191819672
1781446302.0,54720.0,2026-06-14T14:11:42+00:00,0.035451388888888886,15.97074334975332,23.44354339502752,2.9080390635645017,28.515277681506895,-28.512792938184557,-0.0033343266375505057,0.37641599318310837,19.38298218774403,-29.91323523704258,35.644096858204286
1781446362.0,54780.0,2026-06-14T14:12:42+00:00,0.036145833333333335,16.347779957111925,22.892144717276096,4.648078937781975,28.51148605553058,-28.504830036807267,-0.015836876098657724,0.6158334683990043,19.876447394100627,-29.581924465197652,35.63935207148285
1781446422.0,54840.0,2026-06-14T14:13:42+00:00,0.03684027777777778,16.652963283006102,22.24492879770696,6.367939190240577,28.508046107209868,-28.49527817791302,-0.02784428219967606,0.8526658842161835,20.429229481316177,-29.19764894587446,35.6350406365252
1781446482.0,54900.0,2026-06-14T14:14:42+00:00,0.03753472222222222,16.884335746522993,21.505364706739783,8.060466182883829,28.504957811872256,-28.484237801034176,-0.03914219419431403,1.0859487277887654,21.541015671198924,-28.382467624488157,35.63116367173483
1781446542.0,54960.0,2026-06-14T14:15:42+00:00,0.03822916666666667,17.04030711343512,20.677334767766297,9.718694121111184,28.50223245709335,-28.471850584818487,-0.049559165897423894,1.3147331299668523,19.135066329470874,-30.0530341212097,35.62773671346307
1781446602.0,55020.0,2026-06-14T14:16:42+00:00,0.03892361111111111,17.119660719763488,19.765106424689293,11.335833600722253,28.499883132433553,-28.458287298983663,-0.058923393262743935,1.5380996731688283,17.240158902771018,-31.17533821089367,35.6247777755371
1781446662.0,55080.0,2026-06-14T14:17:42+00:00,0.03961805555555555,17.121539645362645,18.77327880077064,12.90532342158258,28.497903245236078,-28.44372362068637,-0.06709532405121982,1.7551564552300363,15.744762811480053,-31.95386204550629,35.622280325844
1781446722.0,55140.0,2026-06-14T14:18:42+00:00,0.0403125,17.04545224783942,17.706779472529888,14.420857972465456,28.496291447909503,-28.428362666548757,-0.0739581720482653,1.9650324608424221,14.556552717591861,-32.51013042067058,35.62024434207381
1781446782.0,55200.0,2026-06-14T14:19:42+00:00,0.04100694444444444,16.891252612229437,16.57079782243818,15.876401257701218,28.495014865372617,-28.412394559403786,-0.07943120807646713,2.166886767173671,13.604791178085412,-32.91802658075032,35.618630195029894
1781446842.0,55260.0,2026-06-14T14:20:42+00:00,0.04170138888888889,16.659158933442086,15.370791399851441,17.266174727119505,28.494027344951622,-28.396010842626303,-0.08342552790306665,2.359915833582683,12.836537333559178,-33.22380435343939,35.617381521266786
1781446902.0,55320.0,2026-06-14T14:21:42+00:00,0.042395833333333334,16.3497516666539,14.11245895549655,18.58472542464733,28.493295640226663,-28.37942754526284,-0.08588016728757498,2.543346858256463,12.212263509863861,-33.45732631409563,35.61645777056203
1781446962.0,55380.0,2026-06-14T14:22:42+00:00,0.043090277777777776,15.963977437466383,12.801722794771194,19.826926964335144,28.49280110812519,-28.362882849406013,-0.0867335591488367,2.7164441366918815,11.702274048233173,-33.638439062071555,35.61583637137633
1781447022.0,55440.0,2026-06-14T14:23:42+00:00,0.043784722222222225,15.503091388847679,11.444628328550607,20.988017697818577,28.49249457442384,-28.346588299644676,-0.08599805294912725,2.878503635382145,11.284021725511053,-33.780638819061934,35.615455989299356
1781447082.0,55500.0,2026-06-14T14:24:42+00:00,0.04447916666666667,14.968722902238369,10.047374079469591,22.06359194405377,28.492358285872147,-28.330783888451034,-0.08368345766532863,3.028887920558231,10.940256111970966,-33.89336189018732,35.61529424298949
1781447142.0,55560.0,2026-06-14T14:25:42+00:00,0.04517361111111111,14.362798039801419,8.616233923006803,23.04958504345268,28.492329234786233,-28.315658982504956,-0.07983670928107875,3.1670029538653184,10.657613612391591,-33.98327312490117,35.615271727064844
1781447202.0,55620.0,2026-06-14T14:26:42+00:00,0.04586805555555556,13.687580627389252,7.157603707630187,23.942290681414306,28.49235752513472,-28.301407369923723,-0.07447952991621132,3.2922987442441904,10.425665359347207,-34.055203606177834,35.615325224449656
1781447262.0,55680.0,2026-06-14T14:27:42+00:00,0.0465625,12.945663631428033,5.677923112176359,24.738448841497302,28.49245283946688,-28.28826817000112,-0.06767652831956754,3.404287390755964,10.23625218690609,-34.112761977810386,35.61546558152351
1781447322.0,55740.0,2026-06-14T14:28:42+00:00,0.04725694444444444,12.139905928168446,4.183615708025172,25.43519047368318,28.49261080999349,-28.27644944603105,-0.059542615426894895,3.5025322514941117,10.082951677465221,-34.15861760201047,35.6156857439314
1781447382.0,55800.0,2026-06-14T14:29:42+00:00,0.04795138888888889,11.273436829447746,2.681101997382939,26.03003794606775,28.49283350847449,-28.266146487508053,-0.05020516515090398,3.586642375505945,9.9607125601917,-34.19477601208608,35.61598659623931
1781447442.0,55860.0,2026-06-14T14:30:42+00:00,0.04864583333333333,10.349627165356651,1.1767531464574859,26.52092546224594,28.49313983757478,-28.25754966849019,-0.039832618384396105,3.656271037397767,9.865588952695028,-34.22276129732227,35.61638999389238
1781447502.0,55920.0,2026-06-14T14:31:42+00:00,0.049340277777777775,9.372075378196314,-0.3231362921069376,26.90615565236658,28.493533054839798,-28.250807930970506,-0.028623779825579676,3.7111262271567584,9.794553024760773,-34.24368816145567,35.61689834690649
1781447562.0,55980.0,2026-06-14T14:32:42+00:00,0.050034722222222223,8.344616377726197,-1.8123793867707718,27.184349115006626,28.49396740258487,-28.245988659028917,-0.016801083097959815,3.751002630922312,9.745388287798924,-34.25828906584134,35.6174530616482
1781447622.0,56040.0,2026-06-14T14:33:42+00:00,0.050729166666666665,7.271356415469199,-3.2848424288386013,27.3544876081869,28.494399558677035,-28.243129329346814,-0.00454140133220491,3.7757689641975882,9.716585369166703,-34.2670369486564,35.61799899596954
1781447682.0,56100.0,2026-06-14T14:34:42+00:00,0.051423611111111114,6.156611402751878,-4.734466044814326,27.41598203033209,28.49482590544266,-28.242280237761953,0.007991038262847496,3.785319867133334,9.707224616075461,-34.27024276993889,35.61853098118296
1781447742.0,56160.0,2026-06-14T14:35:42+00:00,0.052118055555555556,5.00486893375637,-6.15536966198124,27.368697790428996,28.495313780752646,-28.24353134273368,0.020577821434229166,3.7796059726957085,9.716980031580908,-34.26810368757126,35.61913293829985
1781447802.0,56220.0,2026-06-14T14:36:42+00:00,0.0528125,3.8207501839788165,-7.541888658190146,27.212770606391132,28.495843566684886,-28.24684977902706,0.032919593302086554,3.7586559350960074,9.746104572408576,-34.26050527990709,35.619780689539134
1781447862.0,56280.0,2026-06-14T14:37:42+00:00,0.05350694444444445,2.609095541651186,-8.888414981309325,26.94862367026508,28.496308851270538,-28.25208479286148,0.04480709645057494,3.7225415146203717,9.79539754228776,-34.247028387141086,35.62034203037788
1781447922.0,56340.0,2026-06-14T14:38:42+00:00,0.05420138888888889,1.3750006776535884,-10.189477452076972,26.57715928647667,28.49669232294664,-28.259139529562603,0.05612324895798597,3.6714243255615298,9.866327078430592,-34.227134272334965,35.620796320618936
1781447982.0,56400.0,2026-06-14T14:39:42+00:00,0.05489583333333333,0.12368926568888128,-11.439871506299824,26.099713619798422,28.49703511157939,-28.267942812197543,0.06670634913315873,3.6055470569531125,9.961077355437592,-34.20009595842089,35.62119629723584
1781448042.0,56460.0,2026-06-14T14:40:42+00:00,0.05559027777777778,-1.1395520162768662,-12.634576323907822,25.518005460500717,28.497363042299146,-28.27838825173864,0.07638923372281449,3.525141548008896,10.082518274845278,-34.1648867900563,35.621575823367955
1781448102.0,56520.0,2026-06-14T14:41:42+00:00,0.05628472222222222,-2.4093209030106664,-13.76878670277074,24.83413444645703,28.497693734489886,-28.290334977961592,0.08503174691206777,3.430490434547798,10.234414775789894,-34.12009214874676,35.62195859356805
1781448162.0,56580.0,2026-06-14T14:42:42+00:00,0.056979166666666664,-3.6801038801204413,-14.838007238227874,24.05059143807739,28.498080143958852,-28.30364697228295,0.09248749284023121,3.321985253361035,10.421693724881978,-34.06383093487443,35.62241258049422
1781448222.0,56640.0,2026-06-14T14:43:42+00:00,0.05767361111111111,-4.946315507637337,-15.837999880313873,23.17022015992552,28.49855048189881,-28.318142508469798,0.09862478353304861,3.200071497858096,10.650622596402936,-33.993537189974674,35.622974782816776
1781448282.0,56700.0,2026-06-14T14:44:42+00:00,0.058368055555555555,-6.202340956777334,-16.76476919418201,22.196238399483263,28.499114347028524,-28.333608096137613,0.10333649755964056,3.065206744701602,10.92911038029495,-33.90574595851825,35.62365874960414
1781448342.0,56760.0,2026-06-14T14:45:42+00:00,0.0590625,-7.442494241520762,-17.614653986413032,21.13223988097161,28.49979505159736,-28.34982381069923,0.10654022025797781,2.917954260579086,11.267309360991412,-33.79574493864988,35.62449489037794
1781448402.0,56820.0,2026-06-14T14:46:42+00:00,0.059756944444444446,-8.66109635354951,-18.384252130053937,19.98221322800964,28.50059932556691,-28.366548240387104,0.10820871958625004,2.7588754439629506,11.678146270132663,-33.65704394591118,35.625492382332204
1781448462.0,56880.0,2026-06-14T14:47:42+00:00,0.06045138888888889,-9.852493301499635,-19.07051520422101,18.750529108569026,28.50155287456833,-28.383551652327295,0.10833308258979492,2.5885856765228574,12.178329730468388,-33.48057465227188,35.62668373663708
1781448522.0,56940.0,2026-06-14T14:48:42+00:00,0.06114583333333334,-11.0110875624232,-19.670775275677443,17.44192212726921,28.502703323496824,-28.400622704926217,0.10691717764128392,2.407757345920039,12.789662481584593,-33.25339190812383,35.62812849123748
1781448582.0,57000.0,2026-06-14T14:49:42+00:00,0.06184027777777778,-12.131357673089951,-20.18273014202714,16.0614270940423,28.504067697007134,-28.41752066646512,0.10395834481003519,2.2171123357055627,13.540851578932815,-32.95650743283653,35.62984765127823
1781448642.0,57060.0,2026-06-14T14:50:42+00:00,0.06253472222222223,-13.207828345708549,-20.604424169287086,14.614434134680778,28.505625936550256,-28.433972621208987,0.09953354359979943,2.0174251125042515,14.470064423804443,-32.56138035199906,35.63181520574838
1781448702.0,57120.0,2026-06-14T14:51:42+00:00,0.06322916666666667,-14.235193291213363,-20.93435849621892,13.106721803545952,28.50744201295455,-28.449800233683046,0.09376447666565578,1.809509604398299,15.62843018960268,-32.02408388186293,35.634109763874804
1781448762.0,57180.0,2026-06-14T14:52:42+00:00,0.06392361111111111,-15.20836410857737,-21.171463197097182,11.544309241231531,28.509582049238965,-28.464842728183843,0.0867304797997093,1.594200397039728,17.084305557894766,-31.274732931339567,35.63681265660735
1781448822.0,57240.0,2026-06-14T14:53:42+00:00,0.06461805555555555,-16.122427408583462,-21.315046251751482,9.93343479372561,28.512049892291973,-28.47889489010474,0.07850899366277801,1.3723597330244184,18.92726887623908,-30.198723608319053,35.63992725420599
1781448882.0,57300.0,2026-06-14T14:54:42+00:00,0.0653125,-16.972671329975128,-21.364807780832052,8.280620984267443,28.514825397893492,-28.49174902418432,0.06923946728787204,1.144862835196213,21.26699418632446,-28.603650517323075,35.643426668017135
1781448942.0,57360.0,2026-06-14T14:55:42+00:00,0.06600694444444444,-17.754600575193763,-21.32088705059141,6.592644256539643,28.51787201917479,-28.50320389140071,0.05911361827181196,0.912632460197635,24.210758232614502,-26.16422321711989,35.64726343989656
1781449002.0,57420.0,2026-06-14T14:56:42+00:00,0.0667013888888889,-18.464042305015028,-21.183940772898495,4.876497046789154,28.521227679719527,-28.51315937621417,0.04834206265710795,0.6766341625924678,23.868804643859843,26.482228620171536,35.651483388742434
1781449062.0,57480.0,2026-06-14T14:57:42+00:00,0.06739583333333334,-19.097185705788434,-20.95505719166249,3.1392934743780643,28.524937989511713,-28.521553705432723,0.037110680551912016,0.43781769150493843,24.138029388181764,26.243399585248465,35.656142311469225
1781449122.0,57540.0,2026-06-14T14:58:42+00:00,0.06809027777777778,-19.65054958499968,-20.63574854284525,1.3882395917898975,28.52902778014498,-28.52833508674175,0.02559948561305435,0.1971494996185849,24.46159953214189,25.949110825242354,35.661270368448655
1781449182.0,57600.0,2026-06-14T14:59:42+00:00,0.06878472222222222,-13.20331065542996,-13.254892835393548,-0.23852286628971342,18.71033109005024,-18.710279653324466,0.010057212387063306,-0.04270417042805676,16.299363759226473,16.77274866693203,23.387910483830222
1781449242.0,57660.0,2026-06-14T15:00:42+00:00,0.06947916666666666,-13.455822042189538,-12.930902724154294,-1.3911104097496718,18.713700335976544,-18.71261966748762,0.001938565601665691,-0.20110118509748914,16.58016194924093,16.501204669012797,23.392125294459813
1781449302.0,57720.0,2026-06-14T15:01:42+00:00,0.07017361111111112,-13.650521589443088,-12.552135699428618,-2.5384066537953913,18.717274337380296,-18.71383450059199,-0.005994435678730661,-0.3587770504766468,16.893757477661424,16.186459232493394,23.396591721855813
1781449362.0,57780.0,2026-06-14T15:02:42+00:00,0.07086805555555556,-13.786083386279643,-12.120627725496888,-3.6756137229967862,18.721000182528222,-18.713908265585204,-0.013625658160947077,-0.5150724249298827,17.23895451334933,15.825190976292948,23.401244029954285
1781449422.0,57840.0,2026-06-14T15:03:42+00:00,0.0715625,-13.861486089415848,-11.638683149591088,-4.797920475946739,18.72484400354656,-18.71286528305715,-0.02078823136957097,-0.6693457288611045,14.996211011269436,17.970987478176557,23.406040580057475
1781449482.0,57900.0,2026-06-14T15:04:42+00:00,0.07225694444444444,-13.876018139533699,-11.108852881006896,-5.900602663401514,18.728790765339458,-18.71076890800534,-0.027333116456824146,-0.8209648615074594,13.246030790792615,19.30326090237932,23.410963525151033
1781449542.0,57960.0,2026-06-14T15:05:42+00:00,0.07295138888888889,-13.829279634170234,-10.53388449922204,-6.979078648146242,18.73283845603855,-18.707713494504784,-0.03316478335854063,-0.969325809367058,11.863766414442264,20.188131044852746,23.416011373002778
1781449602.0,58020.0,2026-06-14T15:06:42+00:00,0.07364583333333333,-13.721131903119385,-9.9167192671448,-8.028868929482996,18.73695594308155,-18.703781960642505,-0.038184266758743535,-1.1138224021337453,10.774833243604656,20.795505819360592,23.421146293692548
1781449662.0,58080.0,2026-06-14T15:07:42+00:00,0.07434027777777778,-13.551738142967224,-9.260484844911844,-9.045626680366695,18.741119184802077,-18.69907951709037,-0.0422927077408558,-1.253867951324887,9.912465361543944,21.225842854208363,23.426339330235887
1781449722.0,58140.0,2026-06-14T15:08:42+00:00,0.07503472222222222,-13.321565872058272,-8.568467684090137,-10.025192741304636,18.74532595708039,-18.693745975150062,-0.045421249832511154,-1.3889001273729,9.224236910028832,21.53956361054579,23.43158865943764
1781449782.0,58200.0,2026-06-14T15:09:42+00:00,0.07572916666666667,-13.03130182530731,-7.844082995317876,-10.963605009019375,18.74953599675169,-18.687896974618397,-0.04754934161479053,-1.518336530433214,8.670574862668197,21.773994069264496,23.436844629290416
1781449842.0,58260.0,2026-06-14T15:10:42+00:00,0.07642361111111111,-12.681877846829593,-7.090820723678917,-11.857041182927787,18.753644708986762,-18.681591197186886,-0.048670159039090014,-1.6416368135844674,8.221932284463866,21.952815592934495,23.441976941966672
1781449902.0,58320.0,2026-06-14T15:11:42+00:00,0.07711805555555555,-12.27462349832058,-6.312342404853553,-12.701785112731159,18.757595627148884,-18.674936815284752,-0.04864446675745431,-1.7583408010425912,7.856258778631457,22.091560681822077,23.446915689605124
1781449962.0,58380.0,2026-06-14T15:12:42+00:00,0.0778125,-11.811157442163676,-5.51237881090492,-13.494544941931963,18.761463254989295,-18.66817648731349,-0.04748270636687563,-1.8680030780020804,7.556934134731864,22.200844811143902,23.451753960955045
1781450022.0,58440.0,2026-06-14T15:13:42+00:00,0.07850694444444445,-11.293247092980891,-4.694668684154749,-14.232200944796205,18.76520417395352,-18.661436731238904,-0.04522909058763548,-1.9701830233495137,7.311224228691656,22.287898979789524,23.4564370835707
1781450082.0,58500.0,2026-06-14T15:14:42+00:00,0.07920138888888889,-10.722904636990279,-3.8630225653760135,-14.91184869222343,18.76877349787027,-18.65484196296685,-0.04190895608973125,-2.064454792551289,7.109297670914904,22.357819860125435,23.46090838547168
1781450142.0,58560.0,2026-06-14T15:15:42+00:00,0.07989583333333333,-10.102371953427792,-3.021280314773321,-15.530868551693857,18.77215842133862,-18.64854543742112,-0.03757998750411563,-2.1504121950950745,6.943500410407301,22.414306008273098,23.465151007011094
1781450202.0,58620.0,2026-06-14T15:16:42+00:00,0.08059027777777777,-9.43411583872512,-2.1732770756352693,-16.08687105309218,18.775332092529844,-18.64267741971552,-0.03230082225445767,-2.2276962239254936,6.807847741659929,22.46003762527957,23.469130384456047
1781450262.0,58680.0,2026-06-14T15:17:42+00:00,0.08128472222222222,-8.720785818994045,-1.322807609802112,-16.57773524802178,18.778264861983967,-18.637355033516542,-0.026180721105511298,-2.2959841356855692,6.697634137311947,22.49698701537612,23.472808264187055
1781450322.0,58740.0,2026-06-14T15:18:42+00:00,0.08197916666666667,-7.965227997861803,-0.47361932799685746,-17.001563536003232,18.780903465875344,-18.632656565096024,-0.019340012357461907,-2.3550096147647657,6.609177715805993,22.526580608660336,23.476116884987142
1781450382.0,58800.0,2026-06-14T15:19:42+00:00,0.08267361111111111,-7.1704886350780725,0.37055514787789434,-17.356678475625813,18.78317082096777,-18.628621934658366,-0.01187441844842924,-2.4045394368582738,6.539592392964309,22.54983900793165,23.478958834449035
1781450442.0,58860.0,2026-06-14T15:20:42+00:00,0.08336805555555556,-6.33979740133509,1.2060390720143914,-17.641678243875504,18.78500392849655,-18.625288032532538,-0.003896490057940954,-2.444381949736228,6.486659510455625,22.567511091170346,23.48125440547589
1781450502.0,58920.0,2026-06-14T15:21:42+00:00,0.0840625,-5.476582371396944,2.029188055850682,-17.855439890176058,18.78635920843614,-18.622693970082146,0.004513823062081288,-2.474376937829142,6.448709690762888,22.580146273237794,23.482948332706307
1781450562.0,58980.0,2026-06-14T15:22:42+00:00,0.08475694444444444,-4.584427144844085,2.8364381758728996,-17.997168770991266,18.787241350008674,-18.62090915873955,0.013265277445020495,-2.494394451136303,6.424550404895258,22.588173029426006,23.48404583355109
1781450622.0,59040.0,2026-06-14T15:23:42+00:00,0.08545138888888888,-3.6670188565040007,3.624384597642347,-18.066350854933262,18.78766148883705,-18.619985857832848,0.02220209919323254,-2.504367772518033,6.41344602070996,22.59186336435516,23.4845604628712
1781450682.0,59100.0,2026-06-14T15:24:42+00:00,0.08614583333333334,-2.728204869781621,4.389696647878736,-18.062690008431673,18.787583900347467,-18.61990723680147,0.031221485143752038,-2.5042740513707606,6.415052837842495,22.59128967128364,23.484447447707982
1781450742.0,59160.0,2026-06-14T15:25:42+00:00,0.08684027777777778,-1.7719101833645254,5.129168297629803,-17.986235332675278,18.787035278768656,-18.620701821770115,0.040191306303549966,-2.4941016196864996,6.429384378059752,22.586479978243446,23.48374035984112
1781450802.0,59220.0,2026-06-14T15:26:42+00:00,0.08753472222222222,-0.8021682828548364,5.839726973557845,-17.8372963340953,18.786032726205047,-18.622365614104588,0.04899517461873797,-2.4738884367582545,6.456846168888063,22.577314149652832,23.48246104352775
1781450862.0,59280.0,2026-06-14T15:27:42+00:00,0.08822916666666666,0.17692149244248867,6.518458758248016,-17.61647650320083,18.78461738192437,-18.62489788217617,0.057506409123796835,-2.4437107187051437,6.498245423856462,22.563560892698735,23.48066169738824
1781450922.0,59340.0,2026-06-14T15:28:42+00:00,0.0889236111111111,1.1612287757452577,7.1626266851089895,-17.32465443201363,18.78284654914009,-18.62829424762004,0.06557144675329725,-2.403680157175764,6.554821281435045,22.544850727692527,23.478415116133625
1781450982.0,59400.0,2026-06-14T15:29:42+00:00,0.08961805555555556,2.146590644028038,7.7696657022461295,-16.962913881987333,18.780734913346897,-18.632487155866166,0.073013105680436,-2.3539531342591364,6.628299561867367,22.5205699625164,23.475741234696873
1781451042.0,59460.0,2026-06-14T15:30:42+00:00,0.0903125,3.128784926375374,8.33717437228188,-16.532567118294537,18.778273273926473,-18.63736507883171,0.079667550111529,-2.294738144116846,6.7209837907483045,22.489836643394327,23.47263034604481
1781451102.0,59520.0,2026-06-14T15:31:42+00:00,0.09100694444444445,4.103528250474483,8.86287279613316,-16.035201414488256,18.775439880495092,-18.642790183496295,0.08543344820808786,-2.2262565005288755,6.83581963860392,22.451463223050684,23.4690568832137
1781451162.0,59580.0,2026-06-14T15:32:42+00:00,0.09170138888888889,5.066487159579992,9.344669592101127,-15.472672771662474,18.772206706263216,-18.648600578372342,0.09024250414569591,-2.1487897480791154,6.976604653378352,22.403852658353397,23.46498724539924
1781451222.0,59640.0,2026-06-14T15:33:42+00:00,0.09239583333333333,6.013318340294063,9.780694885645062,-14.847153784707189,18.768589862175194,-18.654663914206935,0.09405989666263892,-2.062676028456917,7.148204683090536,22.344922061144434,23.460442709164223
1781451282.0,59700.0,2026-06-14T15:34:42+00:00,0.09309027777777777,6.939736427273601,10.169308771379292,-14.161148170009255,18.764671594798468,-18.660905657576773,0.09687594598332436,-1.9682772037356921,7.356810762039903,22.27193475595702,23.45552690437954
1781451342.0,59760.0,2026-06-14T15:35:42+00:00,0.09378472222222223,7.841551843099296,10.5090934317559,-13.417382233776152,18.760520410496103,-18.66723179695578,0.09865375783264087,-1.8659717434702903,7.610310651405208,22.18109497176508,23.450326274006375
1781451402.0,59820.0,2026-06-14T15:36:42+00:00,0.09447916666666667,8.714655302930623,10.79885595338419,-12.618808291852474,18.75619443430257,-18.673532819650887,0.09935898953422108,-1.7561689787667727,7.918858592580162,22.067072180153325,23.444914075623682
1781451462.0,59880.0,2026-06-14T15:37:42+00:00,0.09517361111111111,9.555020167957991,11.037630875594914,-11.76861191727221,18.751744777895514,-18.6796892888558,0.09898058357038483,-1.6393117858459443,8.295652924951938,21.92225988759052,23.439354428616927
1781451522.0,59940.0,2026-06-14T15:38:42+00:00,0.09586805555555555,10.358738025650382,11.224693030584604,-10.870211666449904,18.747231496632597,-18.68559107988633,0.09752514685085065,-1.5158705846270317,8.758021168762362,21.735602252082572,23.433722283351116
1781451582.0,60000.0,2026-06-14T15:39:42+00:00,0.0965625,11.122041336260736,11.359560556244105,-9.927208071108907,18.74270203582075,-18.69111823014965,0.09498637968003866,-1.386346456626856,9.328938629051455,21.49059517362644,23.428076678662816
1781451642.0,60060.0,2026-06-14T15:40:42+00:00,0.09725694444444444,11.841281761415303,11.44197796517983,-8.94339863397181,18.73817474128727,-18.69612694594194,0.09138913926718233,-1.2512705069104615,10.039103599688831,21.16192541916591,23.422439850101558
1781451702.0,60120.0,2026-06-14T15:41:42+00:00,0.0979513888888889,12.512974495999515,11.471924625802785,-7.922793720848858,18.733666104122726,-18.700480610066794,0.0867935537015293,-1.1111874424724486,10.929607746261498,20.70969973029032,23.416831305834833
1781451762.0,60180.0,2026-06-14T15:42:42+00:00,0.09864583333333334,13.13383125886321,11.449636420700699,-6.869602470193058,18.729205423642803,-18.704066189847588,0.08128870167559045,-0.9666622542496814,12.054790916858895,20.069139016648222,23.411286272196488
1781451822.0,60240.0,2026-06-14T15:43:42+00:00,0.09934027777777778,13.70079945307225,11.375618046149611,-5.788190797436982,18.724842971109897,-18.706804606855282,0.07496659143291927,-0.8182821663892091,13.483099636243633,19.132187366383295,23.405866128457408
1781451882.0,60300.0,2026-06-14T15:44:42+00:00,0.10003472222222222,14.211056967265904,11.250612206291407,-4.683045024285093,18.720612325528013,-18.70861552262504,0.06792060708914463,-0.6666467283633078,15.288308877563596,17.71598784021347,23.400611391379957
1781451942.0,60360.0,2026-06-14T15:45:42+00:00,0.10072916666666666,14.662013026885688,11.07561775809154,-3.5587457874789834,18.716532966973816,-18.709420907545876,0.06024119450226907,-0.5123930196516963,18.843607590835713,-13.86614510227867,23.39554502538567
1781452002.0,60420.0,2026-06-14T15:46:42+00:00,0.10142361111111112,15.05134927853942,10.851856712251902,-2.420003770617768,18.712624814751134,-18.70916294789691,0.05205859806609904,-0.35614484279404635,19.01232061782213,-13.625566661616217,23.390690501244546
1781452062.0,60480.0,2026-06-14T15:47:42+00:00,0.10211805555555556,15.37703580595553,10.580781128257513,-1.27158368419623,18.7089038836497,-18.707799934930648,0.043491645628150284,-0.1985311033874856,19.2063370074039,-13.342590933825706,23.386066665204318
1781452122.0,60540.0,2026-06-14T15:48:42+00:00,0.1028125,15.637319901958108,10.2640700773336,-0.11830586942960508,18.705371008010818,-18.705295681201545,0.03467555052512644,-0.04019492940912551,19.42369577488113,-13.016247618255875,23.381673584559486
1781452182.0,60600.0,2026-06-14T15:49:42+00:00,0.10350694444444444,15.830761102959514,9.903617246542126,1.0349682060186751,18.702026383588812,-18.701634945512478,0.02576394074076169,0.11822620942950839,19.662207160915674,-12.645379417436981,23.377510796697376
1781452242.0,60660.0,2026-06-14T15:50:42+00:00,0.10420138888888889,15.956252988427877,9.501544495113194,2.183372066123411,18.698889560678662,-18.696843588281475,0.01692328003243767,0.2760873781763861,19.919420336102846,-12.22873589569027,23.373602378172073
1781452302.0,60720.0,2026-06-14T15:51:42+00:00,0.10489583333333333,16.013041054829955,9.060169928707182,3.322096864460036,18.696001993409574,-18.690991059580924,0.008298490904456899,0.43275268143543144,20.192593279295043,-11.765036571147691,23.37000018963359
1781452362.0,60780.0,2026-06-14T15:52:42+00:00,0.10559027777777778,16.000684357248247,8.581976340152323,4.446420844644308,18.69339124211844,-18.684154135799883,7.1085559196275556e-06,0.5875885980276077,15.546442261725884,-17.44455866329934,23.366739052646363
1781452422.0,60840.0,2026-06-14T15:53:42+00:00,0.10628472222222222,15.919040222652256,8.069585524965078,5.551714704371989,18.691056372337187,-18.676401443642423,-0.007853564276317428,0.7399701016431779,13.672891768144705,-18.945185168386093,23.36381840298875
1781452482.0,60900.0,2026-06-14T15:54:42+00:00,0.10697916666666667,15.768284186720848,7.525763042271137,6.633407059125602,18.68898030320708,-18.667804390866564,-0.015152133483269228,0.8892887106312295,12.188140293457325,-19.929769910009714,23.36121770111581
1781452542.0,60960.0,2026-06-14T15:55:42+00:00,0.10767361111111111,15.548934943042696,6.953407774679363,7.687081147450954,18.687174053650846,-18.658480103925903,-0.021786540503373017,1.0349491144474101,11.019252115203106,-20.596521720301812,23.358951692087395
1781452602.0,61020.0,2026-06-14T15:56:42+00:00,0.10836805555555555,15.261801757849753,6.355527414474636,8.70846338616684,18.685626994036163,-18.648540735370894,-0.02766523935911139,1.1763584640731772,10.095548274467857,-21.06251965945051,23.357008142458017
1781452662.0,61080.0,2026-06-14T15:57:42+00:00,0.1090625,14.908001152798533,5.735212197527289,9.693437012378126,18.684321728001002,-18.638105413311123,-0.03270513402426935,1.312949127712665,9.360205245738921,-21.397656332475595,23.355366380450796
1781452722.0,61140.0,2026-06-14T15:58:42+00:00,0.10975694444444445,14.488954413682222,5.0956283011473715,10.63806574838236,18.683245720487687,-18.62730998727586,-0.036831550292870045,1.444173371502713,8.770098557458496,-21.64475079682291,23.35401177023129
1781452782.0,61200.0,2026-06-14T15:59:42+00:00,0.11045138888888889,14.006367578171194,4.4399822098203,11.538601111620665,18.68237378845257,-18.616286156664742,-0.039983516659392294,1.5695163022498038,8.293024074975978,-21.830811539135865,23.352913753221433
1781452842.0,61260.0,2026-06-14T16:00:42+00:00,0.11114583333333333,13.462233263067901,3.7715164206456393,12.391598459333181,18.681749728486356,-18.60524239905073,-0.04217721617799177,1.6884754285450818,7.904923314010266,-21.973485227086417,23.352127646648558
1781452902.0,61320.0,2026-06-14T16:01:42+00:00,0.11184027777777777,12.858778402209282,3.0935457763262093,13.193472746759653,18.68116512926427,-18.59413849750563,-0.043175094632619815,1.800577694414163,7.587608545813719,-22.084288543185764,23.35139404624896
1781452962.0,61380.0,2026-06-14T16:02:42+00:00,0.11253472222222222,12.198472999036312,2.409230306278914,13.941514526493847,18.680818008570977,-18.58334121975266,-0.04328668190756368,1.9053915195467865,7.327376216062165,-22.171533153355618,23.350959821430486
1781453022.0,61440.0,2026-06-14T16:03:42+00:00,0.11322916666666667,11.484121249523014,1.7219844365026802,14.63261510245502,18.680570012981352,-18.572886286290444,-0.04220911643258444,2.002450847564685,7.113536436785331,-22.240741683071946,23.350652908443617
1781453082.0,61500.0,2026-06-14T16:04:42+00:00,0.11392361111111111,10.718610639683902,1.0349117196165025,15.264344384893775,18.680467494502984,-18.562980772353644,-0.040152087110810586,2.0914106407667106,6.937935443921221,-22.296015856247717,23.35053042836646
1781453142.0,61560.0,2026-06-14T16:05:42+00:00,0.11461805555555556,9.905096519738436,0.35122887324541807,15.834327607415617,18.680477230673205,-18.5537528735175,-0.03709987765858519,2.171890299536086,6.794111397281235,-22.34028331045286,23.35055048751454
1781453202.0,61620.0,2026-06-14T16:06:42+00:00,0.1153125,9.046904796734452,-0.32595979038160294,16.34047569707036,18.680574996307516,-18.545327434127294,-0.033110122941904595,2.243572212663063,6.677017365863082,-22.37569646031454,23.35068206687269
1781453262.0,61680.0,2026-06-14T16:07:42+00:00,0.11600694444444444,8.147542925085872,-0.9936334606027231,16.780959296040237,18.680748327235325,-18.537827946193918,-0.028256101123273796,2.3061861797276095,6.582699301138195,-22.40386142781681,23.35090869679429
1781453322.0,61740.0,2026-06-14T16:08:42+00:00,0.11670138888888888,7.210711562074721,-1.6488316653121728,17.154222746379673,18.681016169480287,-18.531396495242983,-0.022587228786677033,2.359491232782135,6.508056830931673,-22.426016579665372,23.351253142948508
1781453382.0,61800.0,2026-06-14T16:09:42+00:00,0.11739583333333334,6.240157081279904,-2.288767353980802,17.459025144577026,18.68142327015447,-18.526183781107058,-0.016290474553061884,2.4032945154003573,6.45070342118564,-22.44311915213123,23.351770209233727
1781453442.0,61860.0,2026-06-14T16:10:42+00:00,0.11809027777777778,5.239793056854978,-2.91067369497614,17.694196358323097,18.68186386322805,-18.52217484033784,-0.0094409559370823,2.4374140921256897,6.408771803904664,-22.455707807622446,23.352326847143928
1781453502.0,61920.0,2026-06-14T16:11:42+00:00,0.11878472222222222,4.213648115750402,-3.5119061763980426,17.858932226896286,18.68233860414869,-18.519444420684586,-0.002166089850662936,2.461696442962402,6.380900867923115,-22.464263205036886,23.35292309822126
1781453562.0,61980.0,2026-06-14T16:12:42+00:00,0.11947916666666666,3.165876089828089,-4.089944062521681,17.952683800831437,18.682860313756485,-18.518058051347207,0.0054201532119493075,2.4760383947368636,6.366184151822268,-22.46911518152931,23.353574409407738
1781453622.0,62040.0,2026-06-14T16:13:42+00:00,0.1201736111111111,2.1006811787374318,-4.642434743233025,17.97516872920096,18.683462007966373,-18.51807890223363,0.01314986030122717,2.4803897788344913,6.364136292571799,-22.470472013428754,23.35432172546902
1781453682.0,62100.0,2026-06-14T16:14:42+00:00,0.12086805555555556,1.022328401919367,-5.167165180668235,17.92625494580716,18.684093977170978,-18.51946383967625,0.02083721661405174,2.4747510276964033,6.374651289287611,-22.468303332130127,23.355102947420846
1781453742.0,62160.0,2026-06-14T16:15:42+00:00,0.1215625,-0.06477128661936149,-5.662013498600572,17.80601496528834,18.684666470718117,-18.522108140354476,0.02836939447500219,2.4591596809579825,6.397988952738069,-22.46240011838692,23.355806167158242
1781453802.0,62220.0,2026-06-14T16:16:42+00:00,0.12225694444444445,-1.15609852806665,-6.124982528621331,17.614912504330277,18.685211192751492,-18.526010742233165,0.035695193714684076,2.433674002312684,6.4347946482147975,-22.4525760835988,23.35647137207345
1781453862.0,62280.0,2026-06-14T16:17:42+00:00,0.12295138888888889,-2.2472023165319115,-6.554273013956845,17.353656006976962,18.68576436224638,-18.531155562451847,0.042656437398666,2.3983835702312764,6.48611872326047,-22.43850412553715,23.357144591836946
1781453922.0,62340.0,2026-06-14T16:18:42+00:00,0.12364583333333333,-3.3335732363630086,-6.948222937062383,17.023145564831793,18.68630507689436,-18.5374486325197,0.049125019147648906,2.3534192902998123,6.553462549584551,-22.419611478793268,23.357800629529443
1781453982.0,62400.0,2026-06-14T16:19:42+00:00,0.12434027777777777,-4.410634035710245,-7.305329017108306,16.624550875276327,18.68681932405355,-18.5447823128535,0.05502854600849953,2.2989643924648795,6.638871395586248,-22.39511790157832,23.35842287554378
1781454042.0,62460.0,2026-06-14T16:20:42+00:00,0.12503472222222223,-5.473856942728162,-7.624285618308932,16.159363316372037,18.687371773727733,-18.553111865600922,0.060277866848294726,2.2352338783184487,6.745021150507687,-22.364076655674776,23.359093196905
1781454102.0,62520.0,2026-06-14T16:21:42+00:00,0.12572916666666667,-6.518781961407512,-7.903956386260688,15.62925264891237,18.687979644140707,-18.56233102915315,0.06473237042679636,2.162466107058012,6.875316239138794,-22.325140324713338,23.359834415215943
1781454162.0,62580.0,2026-06-14T16:22:42+00:00,0.1264236111111111,-7.5409259418956935,-8.143368085846305,15.036100366152823,18.688614771131558,-18.572272452466414,0.0682945415909831,2.080950232634748,7.034103061233134,-22.276436196639004,23.360612481246672
1781454222.0,62640.0,2026-06-14T16:23:42+00:00,0.12711805555555555,-8.53583847451955,-8.341735817026347,14.382084380835295,18.689286932401004,-18.582795272950392,0.07091001566350333,1.9910142277005782,7.226923501953683,-22.215500884001155,23.361440512736937
1781454282.0,62700.0,2026-06-14T16:24:42+00:00,0.1278125,-9.499113536439836,-8.498447358608246,13.669641596265137,18.68999376285482,-18.59373827404764,0.07256528338234258,1.893012977085885,7.460833077040317,-22.13896528906198,23.362316115354446
1781454342.0,62760.0,2026-06-14T16:25:42+00:00,0.12850694444444444,-10.426464919932187,-8.613091225735843,12.901451464742422,18.690745332557732,-18.604946901636662,0.07323164243992852,1.7873301318879802,7.744885331991999,-22.042193876795096,23.36325233583561
1781454402.0,62820.0,2026-06-14T16:26:42+00:00,0.12920138888888888,-11.313704322092235,-8.685474381782115,12.080459725111723,18.691572376190514,-18.616281626822232,0.07291865043111201,1.6744011334290694,8.090829226104004,-21.918677449358153,23.364287677885244
1781454462.0,62880.0,2026-06-14T16:27:42+00:00,0.12989583333333332,-12.156815350987017,-8.715579753741622,11.209834835492074,18.692508846081527,-18.627608455991403,0.07162270671121135,1.554657634013667,8.513973549523852,-21.7590713828252,23.36546453732248
1781454522.0,62940.0,2026-06-14T16:28:42+00:00,0.1305902777777778,-12.951924073509872,-8.703604989685118,10.292965967208147,18.693587815733537,-18.638792355822776,0.06936189169891235,1.4285775684378235,9.034556709739014,-21.549599647889625,23.366823916095548
1781454582.0,63000.0,2026-06-14T16:29:42+00:00,0.13128472222222223,-13.695347323082387,-8.649946840945631,9.333417751360685,18.69483365993022,-18.649694119174352,0.06613152906748958,1.2966655137531553,9.679542695202882,-21.26942355856905,23.368395864972577
1781454642.0,63060.0,2026-06-14T16:30:42+00:00,0.13197916666666668,-14.383522793650627,-8.555160923395306,8.334919251035899,18.696186383911186,-18.66009728105963,0.06194742404327448,1.1594469716167888,10.485006321601048,-20.886034470491257,23.370104695241803
1781454702.0,63120.0,2026-06-14T16:31:42+00:00,0.13267361111111112,-15.01308891735971,-8.420020182151347,7.301534839440137,18.6976466358722,-18.669855727926308,0.05695696330993339,1.0174638680026413,11.499078521298374,-20.347462573965863,23.37194985528437
1781454762.0,63180.0,2026-06-14T16:32:42+00:00,0.13336805555555556,-15.581010771915317,-8.245534932240844,6.237462455872446,18.699269528026047,-18.678889314295777,0.05124404483994762,0.8712915206283511,12.784208941018184,-19.568031009274815,23.37399914065948
1781454822.0,63240.0,2026-06-14T16:33:42+00:00,0.1340625,-16.084495395421982,-8.032884649466723,5.147018413292244,18.701070195680206,-18.687092567700425,0.04488234983325033,0.7215146600225832,14.41425096436922,-18.403243951712174,23.37627042130651
1781454882.0,63300.0,2026-06-14T16:34:42+00:00,0.13475694444444444,-16.521008744835854,-7.783441095147282,4.034661173122004,18.703052585352705,-18.694364547168608,0.037966779769728086,0.5687430981276828,21.234537820192198,9.780653161847718,23.37876756181845
1781454942.0,63360.0,2026-06-14T16:35:42+00:00,0.13545138888888889,-16.888294047676027,-7.498740030452609,2.904975198674947,18.705198710251608,-18.70060071084456,0.03060932198445933,0.41358785398752174,21.385379885300623,9.452964088935358,23.381467081971607
1781455002.0,63420.0,2026-06-14T16:36:42+00:00,0.13614583333333333,-17.18441482167691,-7.180511713493615,1.7626902682241052,18.70751020881133,-18.705735167581047,0.02297259428841607,0.25667550138901135,21.546885290356016,9.086280902977869,23.384370129716576
1781455062.0,63480.0,2026-06-14T16:37:42+00:00,0.13684027777777777,-17.40781768132001,-6.830672745592892,0.6125894266297109,18.710036675246837,-18.709770460796918,0.015202594493993046,0.09864367437102525,21.716698576736754,8.681125641980485,23.387538123639505
1781455122.0,63540.0,2026-06-14T16:38:42+00:00,0.0003935185185185185,-22.777994117699564,-8.353769179433584,-0.6861324464553036,24.271243339872168,-24.27104703340981,0.021169395924524177,-0.09529439634128481,28.40288693345647,10.66459196806111,30.339042634861535
1781455182.0,63600.0,2026-06-14T16:39:42+00:00,0.0010879629629629629,-22.875559877604246,-7.826594789046794,-2.1800022568786517,24.27548630915121,-24.273624445775305,0.010786325769971409,-0.3004587599381359,28.63440173330632,10.042455433166229,30.34435489100907
1781455242.0,63660.0,2026-06-14T16:40:42+00:00,0.0017824074074074075,-22.87513756379485,-7.2669001067988575,-3.6654719738289714,24.279939055023533,-24.27469703470395,0.0006305147634397339,-0.504503708057201,28.865987555010953,9.374040626031912,30.349923808545945
1781455302.0,63720.0,2026-06-14T16:41:42+00:00,0.002476851851851852,-22.776422303169966,-6.677840870339423,-5.136248442810029,24.284563403285272,-24.27427955625442,-0.009074304850506785,-0.7066041112127058,29.09381527942059,8.661325798559167,30.355702134884535
1781455362.0,63780.0,2026-06-14T16:42:42+00:00,0.003171296296296296,-22.57960099261254,-6.062727365875617,-6.586145109729841,24.289346461050464,-24.272439639374564,-0.018141573054080987,-0.9059229223229093,18.80615565560029,23.836102752736412,30.3616746076641
1781455422.0,63840.0,2026-06-14T16:43:42+00:00,0.0038657407407407408,-22.285351786762476,-5.424964810255915,-8.009122754447162,24.294303751045753,-24.269298798011903,-0.026431988962790896,-1.1016496497767678,16.666470082452122,25.385740094468545,30.36786171519456
1781455482.0,63900.0,2026-06-14T16:44:42+00:00,0.004560185185185185,-21.8947250014171,-4.768015521811321,-9.399261784739792,24.299363715990232,-24.264915065328147,-0.03383282303918205,-1.292992348963753,14.979888766495694,26.4233505034448,30.37417520336117
1781455542.0,63960.0,2026-06-14T16:45:42+00:00,0.00525462962962963,-21.40924523677677,-4.095445729093626,-10.750763825606555,24.304472431270142,-24.25938670146385,-0.040200186047792824,-1.4791622548764178,13.650109132163962,27.14133889655861,30.380548981508404
1781455602.0,64020.0,2026-06-14T16:46:42+00:00,0.0059490740740740745,-20.830933227203786,-3.4108600672334433,-12.05801094463095,24.30961483560178,-24.25286853627651,-0.04538324214766567,-1.6594220616622548,12.595138743582671,27.65375486020671,30.386965591162664
1781455662.0,64080.0,2026-06-14T16:47:42+00:00,0.006643518518518518,-20.162231866270304,-2.717906062025577,-13.315674267709255,24.314805950181373,-24.245563793906854,-0.04929923731665387,-1.8330287220249655,11.751558645243612,28.029669392474528,30.393444965058226
1781455722.0,64140.0,2026-06-14T16:48:42+00:00,0.007337962962962963,-19.40591499581933,-2.020180159714073,-14.518690382130444,24.320013057456094,-24.23763977851846,-0.051951902049356936,-1.999288393776153,11.071784663015817,28.312053255725566,30.399946960138482
1781455782.0,64200.0,2026-06-14T16:49:42+00:00,0.008032407407407408,-18.565100118517876,-1.3212805471848696,-15.662158851511776,24.32512989862439,-24.229201054787435,-0.05331315856545689,-2.157526022731036,10.52026277147095,28.52839889567181,30.406339344474965
1781455842.0,64260.0,2026-06-14T16:50:42+00:00,0.008726851851851852,-17.643339725211263,-0.6248176391236484,-16.741436888463795,24.33009541353659,-24.220406093456972,-0.05332216224870041,-2.307082193342851,10.070314001948887,28.696894326634705,30.41254622835594
1781455902.0,64320.0,2026-06-14T16:51:42+00:00,0.009421296296296296,-16.644544860348105,0.06567713269032538,-17.752191505394876,24.33486162562082,-24.211427782889498,-0.051959042993528215,-2.4473568006914355,9.701764897882262,28.829869374876008,30.418507693609723
1781455962.0,64380.0,2026-06-14T16:52:42+00:00,0.010115740740740741,-15.572964799590409,0.7467232077615336,-18.690383738838136,24.33937699497086,-24.20243646941018,-0.0492040021280673,-2.5777743139489813,9.399167877464812,28.935879088638625,30.424159075002887
1781456022.0,64440.0,2026-06-14T16:53:42+00:00,0.010810185185185185,-14.433159405831248,1.4149645300931297,-19.55236482899636,24.343647743543503,-24.193654186178428,-0.04510731798115381,-2.6978228094532106,9.150628383029995,29.02104276740506,30.429507441164205
1781456082.0,64500.0,2026-06-14T16:54:42+00:00,0.01150462962962963,-13.229905212298036,2.0671725746651646,-20.334814094007015,24.34765406805479,-24.185268867907237,-0.03978552043214431,-2.8070350046028647,8.94687926327544,29.08975390539669,30.43452695259399
1781456142.0,64560.0,2026-06-14T16:55:42+00:00,0.012199074074074074,-11.968220312148333,2.7001970221808733,-21.034669939428568,24.3513182571173,-24.177402792611005,-0.0333343939930249,-2.904958499090288,8.780612507239601,29.145168173626036,30.439119301833234
1781456202.0,64620.0,2026-06-14T16:56:42+00:00,0.012893518518518518,-10.653382297139615,3.311015542392852,-21.649216876365244,24.354588266913332,-24.170189950747442,-0.025857209870684208,-2.9911901979575877,8.646087897613562,29.18963338183726,30.443218175799483
1781456262.0,64680.0,2026-06-14T16:57:42+00:00,0.013587962962962963,-9.290864592418075,3.8967604698846117,-22.176080467179418,24.35741061609628,-24.163745365344944,-0.01749454697087045,-3.0653802016579648,8.538800830192036,29.224883161299417,30.44675541678112
1781456322.0,64740.0,2026-06-14T16:58:42+00:00,0.014282407407407407,-7.886346420273185,4.454706876073033,-22.613190446980298,24.359705568903927,-24.158138117726335,-0.008376669799267529,-3.1272268737573103,8.455231544612607,29.252162936385066,30.449630160805437
1781456382.0,64800.0,2026-06-14T16:59:42+00:00,0.014976851851851852,-6.445747911464423,4.982269031694159,-22.9588439790532,24.36142827702912,-24.1534515250052,0.001413113135354241,-3.176470545931339,8.392674557699804,29.272414342255797,30.4517852950556
1781456442.0,64860.0,2026-06-14T17:00:42+00:00,0.015671296296296298,-4.975125083466992,5.4770807035965845,-23.211769863963127,24.362605419934855,-24.14981364139777,0.01174263960442651,-3.212927954936533,8.349158977113788,29.286382110488276,30.453253237489218
1781456502.0,64920.0,2026-06-14T17:01:42+00:00,0.01636574074074074,-3.48058196506463,5.936959443264641,-23.371011707000434,24.363212564340806,-24.14727735755907,0.022415222740274087,-3.236451796359447,8.323286862609454,29.29452480111416,30.45400281605654
1781456562.0,64980.0,2026-06-14T17:02:42+00:00,0.017060185185185185,-1.9684041352011263,6.359885880956426,-23.435969782993197,24.36323958195289,-24.145884025619555,0.03331236882446589,-3.2469397646167977,8.314196906332143,29.29712486660036,30.454021009489637
1781456622.0,65040.0,2026-06-14T17:03:42+00:00,0.01775462962962963,-0.4448866063175956,6.744054448790848,-23.406446110457182,24.362715653688376,-24.145688561902578,0.04424287092783273,-3.244330510668037,8.32152823568259,29.29433989691409,30.453344351207065
1781456682.0,65100.0,2026-06-14T17:04:42+00:00,0.018449074074074073,1.0835947077721357,7.087866981048137,-23.282574019394815,24.361656117767172,-24.146702265564585,0.055044148326437066,-3.228626432440869,8.345424614876931,29.286135458513524,30.45199241588302
1781456742.0,65160.0,2026-06-14T17:05:42+00:00,0.019143518518518518,2.6106545644579455,7.389947124291211,-23.064852794632316,24.360095857627556,-24.148927752347735,0.06553393253100506,-3.199884983617331,8.386536709752136,29.272326329303677,30.450009634042242
1781456802.0,65220.0,2026-06-14T17:06:42+00:00,0.019837962962962963,4.129925016080961,7.649152043741196,-22.754127043299377,24.358080899966843,-24.152349762945665,0.07550768304716618,-3.158228086675934,8.446060159512914,29.252548155554415,30.447454833058565
1781456862.0,65280.0,2026-06-14T17:07:42+00:00,0.02053240740740741,5.635033559752628,7.8645650637336075,-22.35156880877912,24.3556485250306,-24.156915803871712,0.08478114035149106,-3.1038437585869514,8.52578536959463,29.22620444709288,30.4443762056585
1781456922.0,65340.0,2026-06-14T17:08:42+00:00,0.02122685185185185,7.119665366597474,8.035486610373482,-21.85864013619721,24.352799194375798,-24.1625115217291,0.09313873897257434,-3.036970651685919,8.6281517927244,29.19239390522988,30.440776357977406
1781456982.0,65400.0,2026-06-14T17:09:42+00:00,0.021921296296296296,8.577451791148633,8.161413230467588,-21.27711657155305,24.349477093921088,-24.168942469917905,0.10045646275570079,-2.957898431703989,8.756355289133158,29.149821455252393,30.43658733863938
1781457042.0,65460.0,2026-06-14T17:10:42+00:00,0.022615740740740742,10.002081622369587,8.242071226239204,-20.609210717491806,24.345696565859903,-24.17606495483544,0.10665979636364716,-2.8669580157965435,8.914517636332219,29.096865304856518,30.431828654509758
1781457102.0,65520.0,2026-06-14T17:11:42+00:00,0.023310185185185184,11.387395813595504,8.277394575765356,-19.857538399286568,24.341525746295005,-24.183775762819916,0.1116731541340335,-2.7644881294432277,9.107859772061055,29.03143271208838,30.426586974947476
1781457162.0,65580.0,2026-06-14T17:12:42+00:00,0.02400462962962963,12.72738164756447,8.267546771094203,-19.02498948480934,24.336984162218968,-24.191905908542626,0.11539294642802175,-2.6508811916477772,9.343028581131065,28.95061758345471,30.42088824362742
1781457222.0,65640.0,2026-06-14T17:13:42+00:00,0.024699074074074075,14.016150200739503,8.212939922465011,-18.114815309643745,24.33210599849945,-24.200285754358102,0.11776995363506552,-2.526594935411301,9.628529691124815,28.85047710805654,30.414776234182074
1781457282.0,65700.0,2026-06-14T17:14:42+00:00,0.02539351851851852,15.24799794703722,8.114206472178921,-17.130625385791063,24.326942145989303,-24.208754212040635,0.11879028236064915,-2.3921167496868274,9.975246778495022,28.725599758107947,30.40831514166621
1781457342.0,65760.0,2026-06-14T17:15:42+00:00,0.026087962962962962,16.417476300150156,7.972235634922981,-16.076334920711815,24.32156684030916,-24.217165123583047,0.11842152693091738,-2.247999841347468,10.397268297827093,28.56840884047844,30.401598177295337
1781457402.0,65820.0,2026-06-14T17:16:42+00:00,0.026782407407407408,17.519367350265384,7.788125041872263,-14.956190169788897,24.31605947550451,-24.225376400749802,0.11668204835679184,-2.094820268628915,10.912928432963962,28.368067689711324,30.39472440130091
1781457462.0,65880.0,2026-06-14T17:17:42+00:00,0.027476851851851853,18.54874220304191,7.563209973974153,-13.774680001661181,24.310487275525652,-24.233232757257305,0.11356550437960151,-1.9332161240536954,11.54638721379739,28.108681308213793,30.38777751955005
1781457522.0,65940.0,2026-06-14T17:18:42+00:00,0.028171296296296295,19.500963092781603,7.299021513201296,-12.53657405776903,24.30491649239168,-24.240584036747062,0.1090935152213074,-1.7638451928877323,12.329729728337108,27.76640376076737,30.380839570028282
1781457582.0,66000.0,2026-06-14T17:19:42+00:00,0.02886574074074074,20.371701400727034,6.99729039077647,-11.246866315603256,24.299388730877318,-24.247263365641498,0.10328573851534191,-1.5874016592301292,13.305884604585072,27.304413078514113,30.37396152418493
1781457642.0,66060.0,2026-06-14T17:20:42+00:00,0.029560185185185186,21.156916929408908,6.659927571658045,-9.910787989385426,24.293898159582927,-24.2530683077468,0.09619921867432973,-1.404603559115852,14.532220394895898,26.664160126199327,30.367134616908235
1781457702.0,66120.0,2026-06-14T17:21:42+00:00,0.03025462962962963,21.852901545353234,6.289035213179886,-8.533863487187773,24.288435435026997,-24.257807712975485,0.08797667204836244,-1.2161911638215168,16.083987159566377,25.749872102207505,30.360345126976743
1781457762.0,66180.0,2026-06-14T17:22:42+00:00,0.030949074074074073,22.456415254622698,5.886913995491341,-7.121867253445089,24.28306685025712,-24.261383837367514,0.07879036492307069,-1.022928163838453,18.05366076759984,24.401041882886528,30.35367378229456
1781457822.0,66240.0,2026-06-14T17:23:42+00:00,0.031643518518518515,22.964673585258424,5.456012183567509,-5.680684354156256,24.27785980180829,-24.263720876712842,0.0687627752934126,-0.8255891556713603,20.53276555676849,22.34632565347338,30.347203027961253
1781457882.0,66300.0,2026-06-14T17:24:42+00:00,0.032337962962962964,23.37529530748725,4.998937351396307,-4.216317848069593,24.272847825324714,-24.26473096861395,0.05802268520261466,-0.624984751941736,29.672687964698245,-6.33294854401732,30.340973094340914
1781457942.0,66360.0,2026-06-14T17:25:42+00:00,0.033032407407407406,23.686334719881415,4.518437513615936,-2.7349135514814407,24.268054766725506,-24.264341391972444,0.046742804566253765,-0.42194085464964054,29.787363316085905,-5.738113902795303,30.33501218865674
1781458002.0,66420.0,2026-06-14T17:26:42+00:00,0.033726851851851855,23.896338580176234,4.017367593944073,-1.2426948098582216,24.263522627881954,-24.262524365156423,0.03509411378919603,-0.21727896149436274,29.895069255878767,-5.11425590202474,30.32937156034036
1781458062.0,66480.0,2026-06-14T17:27:42+00:00,0.0344212962962963,24.004308147355914,3.49867530236952,0.2540697574149817,24.259268124703617,-24.259254099934882,0.02325277956924149,-0.011822406516467664,29.993581286515234,-4.464793088079809,30.32407122584568
1781458122.0,66540.0,2026-06-14T17:28:42+00:00,0.03511574074074074,24.00973106175661,2.965400986839086,1.7490908177569509,24.255310910383898,-24.254535619634883,0.011404104887140111,0.19359540708025275,30.080884333022812,-3.7934630990143456,30.31913528681649
1781458182.0,66600.0,2026-06-14T17:29:42+00:00,0.03581018518518519,23.912610474973917,2.4206623462960124,3.2360948108835146,24.25169799308153,-24.248429731457275,-0.00025743844204479066,0.39813444957592137,30.155258917228807,-3.1043028725492685,30.314622489643924
1781458242.0,66660.0,2026-06-14T17:30:42+00:00,0.03650462962962963,23.713407807983458,1.8676002169959247,4.708933962043375,24.24845767254362,-24.24100677991579,-0.011611993459417514,0.600961691644468,30.21527636293478,-2.401591990902666,30.310568615241998
1781458302.0,66720.0,2026-06-14T17:31:42+00:00,0.03719907407407407,23.41301206499338,1.3093610268551856,6.161506954347715,24.245571311120887,-24.232316915737105,-0.022520440881796316,0.8012726924537228,19.473723455674815,-23.22251876164624,30.30695106511229
1781458362.0,66780.0,2026-06-14T17:32:42+00:00,0.03789351851851852,23.01274593360722,0.7490961540606804,7.587785128038377,24.242980501622824,-24.222395887711272,-0.03282994386117876,0.9982801489756021,17.18115830736284,-24.962409780005547,30.303697840487715
1781458422.0,66840.0,2026-06-14T17:33:42+00:00,0.03858796296296296,22.514435678720474,0.18997446622233838,8.9818325759843,24.240652232398176,-24.21132938253934,-0.042344232326104306,1.1911998775379375,15.370624740744347,-26.112841682444973,30.300769060425147
1781458482.0,66900.0,2026-06-14T17:34:42+00:00,0.039282407407407405,21.920408433303237,-0.3648492702632211,10.337923876941204,24.23860744676299,-24.199280382051583,-0.05089437825471778,1.3792496914589842,13.94496073738086,-26.89829994458283,30.298192518297828
1781458542.0,66960.0,2026-06-14T17:35:42+00:00,0.039976851851851854,21.2333890106529,-0.9122795266157482,11.650576576124877,24.236852051546364,-24.186417475544697,-0.05837268128781846,1.5616656803850364,12.816617891927034,-27.451421460193817,30.29597719785341
1781458602.0,67020.0,2026-06-14T17:36:42+00:00,0.040671296296296296,20.4565292512998,-1.4493020562513266,12.914533231873065,24.235412809702506,-24.172946908407134,-0.06467723078000967,1.7377251439284127,11.916743994276372,-27.851880181159704,30.294158134049518
1781458662.0,67080.0,2026-06-14T17:37:42+00:00,0.04136574074074074,19.59327958151698,-1.972961206585751,14.124695178121328,24.23419473712767,-24.158968989393227,-0.0696909690121945,1.906713165476424,11.193366201961664,-28.148734754255738,30.292618163451348
1781458722.0,67140.0,2026-06-14T17:38:42+00:00,0.04206018518518519,18.647536671720445,-2.480431678763125,15.276372755877674,24.23325669019111,-24.144748593514255,-0.0733973675231251,2.067959863035108,10.607769729159537,-28.373333770404386,30.29143192180989
1781458782.0,67200.0,2026-06-14T17:39:42+00:00,0.04275462962962963,17.623432491905987,-2.9689565644366667,16.36501066107303,24.232491613850055,-24.130395143794935,-0.0757364049070658,2.2207980584922096,10.130890635504334,-28.546057876056143,30.290466575008324
1781458842.0,67260.0,2026-06-14T17:40:42+00:00,0.04344907407407408,16.525534541346133,-3.4359288688283414,17.386421562172472,24.231932523149037,-24.116161552444375,-0.07665423120218999,2.364620458274528,9.740854615527548,-28.680752441891066,30.289764100664183
1781458902.0,67320.0,2026-06-14T17:41:42+00:00,0.04414351851851852,15.358627031557262,-3.8788998246309347,18.336715935729444,24.231558749936774,-24.10224670162411,-0.07615562833760837,2.4988684851267333,9.42097792856524,-28.78692063269525,30.289298847012105
1781458962.0,67380.0,2026-06-14T17:42:42+00:00,0.04483796296296296,14.127759433351457,-4.295566937071271,19.212307831272483,24.23134858238569,-24.088845863848753,-0.07425260672918917,2.6230222300269608,9.158409254626456,-28.87126074877851,30.289043519054644
1781459022.0,67440.0,2026-06-14T17:43:42+00:00,0.04553240740740741,12.838224991224706,-4.683770691859536,20.00996880978346,24.231314049958904,-24.076184506342837,-0.07098248045513694,2.736582118581745,8.943143828249395,-28.93863270715725,30.289012603459142
1781459082.0,67500.0,2026-06-14T17:44:42+00:00,0.04622685185185185,11.49547195341438,-5.04151869751513,20.726815747097135,24.231460484734406,-24.064473237469358,-0.06644642009463787,2.8390825806275353,8.767334518658906,-28.992588578181778,30.289211726715248
1781459142.0,67560.0,2026-06-14T17:45:42+00:00,0.046921296296296294,10.105060325935483,-5.36700023454614,21.360215255059302,24.23170921439265,-24.05382415945113,-0.06078886294685621,2.930115948427414,8.624805369936977,-29.03565116952873,30.28954120662525
1781459202.0,67620.0,2026-06-14T17:46:42+00:00,0.04761574074074074,8.672850881237537,-5.65858410380315,21.90781912393868,24.232013024823377,-24.04436337959009,-0.05403669167024644,3.009339618818396,8.510725505375534,-29.069710614888187,30.289940968268535
1781459262.0,67680.0,2026-06-14T17:47:42+00:00,0.048310185185185185,7.204794051125646,-5.914810241898522,22.367712655104697,24.232387561652565,-24.036266151466158,-0.046311018017071284,3.0764219027347686,8.421284225338137,-29.096255244050248,30.290429135798828
1781459322.0,67740.0,2026-06-14T17:48:42+00:00,0.04900462962962963,5.7069174910429865,-6.134419518173672,22.73830452747643,24.23283934785145,-24.02967679823029,-0.03777123743000996,3.131087537101662,8.353537872913485,-29.116384331788613,30.29101238900122
1781459382.0,67800.0,2026-06-14T17:49:42+00:00,0.049699074074074076,4.185339316725731,-6.316358884680085,23.018306653946638,24.233363282287733,-24.02470291333575,-0.02857963401957853,3.173126077200094,8.305280107338271,-29.130883672674916,30.291683036970177
1781459442.0,67860.0,2026-06-14T17:50:42+00:00,0.05039351851851852,2.6462394039845094,-6.459762407233939,23.20676575228572,24.233965627246697,-24.02144013895197,-0.01891507497121667,3.2023656713842774,8.27491483585422,-29.140318779798672,30.292447806820224
1781459502.0,67920.0,2026-06-14T17:51:42+00:00,0.05108796296296296,1.0958036783267744,-6.5639690982643515,23.303005008026958,24.2346140556959,-24.019917442309374,-0.009003790130425605,3.2186959199244614,8.261406287358808,-29.145001278618114,30.293265478905756
1781459562.0,67980.0,2026-06-14T17:52:42+00:00,0.05178240740740741,-0.4597040898515843,-6.628522477811202,23.30659792292863,24.235225289444614,-24.020082813364862,0.0009588551442774355,3.2220747275360746,8.264242047663847,-29.14499362220113,30.294031588095365
1781459622.0,68040.0,2026-06-14T17:53:42+00:00,0.05247685185185185,-2.0138908587396145,-6.653152031823993,23.217455284669995,24.235726072167292,-24.02186846506215,0.01086790190667677,3.21249678304745,8.28338412339587,-29.140206612572168,30.294654544310642
1781459682.0,68100.0,2026-06-14T17:54:42+00:00,0.05317129629629629,-3.5603850192856044,-6.637785529484972,23.03595453221351,24.236165939174487,-24.025306327122593,0.020599989184290547,3.189979774163188,8.319271145727324,-29.130545092794225,30.295196480621296
1781459742.0,68160.0,2026-06-14T17:55:42+00:00,0.05386574074074074,-5.092927360674366,-6.582574532134458,22.762757596559823,24.23657009504341,-24.03037317635903,0.02994822562523967,3.1546153617610413,8.372873305476883,-29.115696699396853,30.295689490104632
1781459802.0,68220.0,2026-06-14T17:56:42+00:00,0.054560185185185184,-6.605259521165863,-6.487863396876492,22.398789331316948,24.23690550188287,-24.036960302125713,0.03873700294568822,3.1065458608935974,8.44569874393477,-29.095075783350193,30.296093182326203
1781459862.0,68280.0,2026-06-14T17:57:42+00:00,0.05525462962962963,-8.091109791304916,-6.354181258240715,21.945373716764152,24.237184339068158,-24.044982540685417,0.04687878291520566,3.0459352724272613,8.539843217842549,-29.067926828461616,30.296423754135237
1781459922.0,68340.0,2026-06-14T17:58:42+00:00,0.055949074074074075,-9.544385185930878,-6.182284777169116,21.40419103577733,24.237477747065274,-24.0543873930475,0.05421695945408886,2.973017861700374,8.658149507553013,-29.033270629569913,30.296771384835505
1781459982.0,68400.0,2026-06-14T17:59:42+00:00,0.05664351851851852,-10.959145144093782,-5.973128627752885,20.777190012857318,24.237837212164234,-24.06507936359398,0.06054994831890671,2.888086157138474,8.804314667875188,-28.989730781285836,30.29720197546951
1781460042.0,68460.0,2026-06-14T18:00:42+00:00,0.057337962962962966,-12.329405014868826,-5.727885713917203,20.066505067050457,24.238142015804986,-24.076764842315153,0.065774504409063,2.7915223124233837,8.983079024040546,-28.935217201845926,30.29756596279902
1781460102.0,68520.0,2026-06-14T18:01:42+00:00,0.05803240740740741,-13.649385555181652,-5.447880873456597,19.27482560276985,24.23848250329562,-24.089354931219436,0.06983734708593416,2.683679527300885,9.200422198994465,-28.86727669649493,30.29797736667828
1781460162.0,68580.0,2026-06-14T18:02:42+00:00,0.05872685185185185,-14.913554200902581,-5.134656565613113,18.405059307813644,24.23891509688894,-24.102707030928997,0.0725971517491854,2.565004582638107,9.464012019715982,-28.782495757018328,30.298507975015973
1781460222.0,68640.0,2026-06-14T18:03:42+00:00,0.0594212962962963,-16.116387639194727,-4.789912477484904,17.46043014433235,24.239385984464704,-24.116559862577095,0.07406999240801686,2.435957088050628,9.783567596320967,-28.676065308146924,30.299091017205274
1781460282.0,68700.0,2026-06-14T18:04:42+00:00,0.06011574074074074,-17.252692122012377,-4.415538360713981,16.44452964514494,24.239944713673243,-24.13074773335055,0.0742290064582323,2.2970467139205057,10.171630742701769,-28.541463361396907,30.299788823947896
1781460342.0,68760.0,2026-06-14T18:05:42+00:00,0.06081018518518518,-18.317511883564293,-4.01359515322838,15.361230671405792,24.24061870907332,-24.145077923964884,0.07305729520408022,2.148829931836515,10.644472613044494,-28.3694154145354,30.300635771751278
1781460402.0,68820.0,2026-06-14T18:06:42+00:00,0.06150462962962963,-19.30616225581616,-3.586304289463442,14.214723358862102,24.241448794853504,-24.159370834877585,0.07057149436357671,1.991898642138692,11.223412000132138,-28.14652715328176,30.301682588845416
1781460462.0,68880.0,2026-06-14T18:07:42+00:00,0.06219907407407407,-20.214268560521305,-3.13602871412877,13.009457325097173,24.242469128086864,-24.173443399912948,0.06677878056382806,1.8268782695943555,11.936659966222642,-27.85293928848694,30.302971441054453
1781460522.0,68940.0,2026-06-14T18:08:42+00:00,0.06289351851851852,-21.03774595167488,-2.6652700881822966,11.750140944961458,24.243684365142023,-24.187089286104626,0.061710049393100576,1.6544290049555979,12.82186451596807,-27.458385822922377,30.304507283014942
1781460582.0,69000.0,2026-06-14T18:09:42+00:00,0.06358796296296296,-21.772820401005447,-2.176660863828147,10.441765487659723,24.245082537080417,-24.200095494601975,0.05544643037767331,1.4752392942656725,13.929446220542747,-26.915437334947907,30.306273920469014
1781460642.0,69060.0,2026-06-14T18:10:42+00:00,0.06428240740740741,-22.416098969988525,-1.6729655125236604,9.08959440374747,24.24667055624445,-24.212280362003675,0.04810434491144476,1.290038257875814,15.326378078177521,-26.147540677796606,30.30827854716049
1781460702.0,69120.0,2026-06-14T18:11:42+00:00,0.06497685185185186,-22.964621502906084,-1.1570383443249739,7.699130339547992,24.248488334065755,-24.223512283196463,0.0398144692246223,1.0995698982754971,17.098188136698614,-25.027636513783403,30.310569559544827
1781460762.0,69180.0,2026-06-14T18:12:42+00:00,0.0656712962962963,-23.415851298719645,-0.6318002771877218,6.276045453501865,24.250567213333927,-24.23367047303015,0.030694847321691598,0.904590183099986,19.341361930416376,-23.340970147328385,30.313184734399563
1781460822.0,69240.0,2026-06-14T18:13:42+00:00,0.06636574074074074,-23.767676807940006,-0.10024416516534984,4.826183600816876,24.252928851751754,-24.242645419326063,0.020882803736241923,0.7058787923358973,30.315902090715447,0.1225591016861888,30.31614982657348
1781460882.0,69300.0,2026-06-14T18:14:42+00:00,0.06706018518518518,-24.01843805704266,0.4345946903922595,3.355526825413108,24.25559315953702,-24.25034938244766,0.010520470081671836,0.5042258124180361,30.314333801308756,-0.5590661824911154,30.319488597494118
1781460942.0,69360.0,2026-06-14T18:15:42+00:00,0.06775462962962962,-24.166904494166374,0.9696323315729387,1.8701154669979587,24.25854058983136,-24.256679806040182,-0.0002889883455996786,0.3004600676024276,30.29780037688564,-1.2402737546294234,30.323175735137543
1781461002.0,69420.0,2026-06-14T18:16:42+00:00,0.06844907407407408,-24.21229618601501,1.5017697843723,0.3761839739017887,24.261741764902023,-24.26155156611711,-0.011335838424028924,0.09539690874814759,30.26655146519799,-1.9165956572022531,30.327173895842737
1781461062.0,69480.0,2026-06-14T18:17:42+00:00,0.06914351851851852,-8.011929710395634,0.6816535296384245,-0.3710548348608427,8.049431713435576,-8.049298784630535,-0.008844067173426038,-0.0454066898553406,10.0242642177023,-0.8681102893839642,10.061783568574759
1781461122.0,69540.0,2026-06-14T18:18:42+00:00,0.06983796296296296,-7.958911519497633,0.8529031615471467,-0.8666610026266426,8.05126186828146,-8.050457842829884,-0.012971058576939802,-0.11303956874150128,10.005471380891267,-1.0844040621671456,10.064064274629748
1781461182.0,69600.0,2026-06-14T18:19:42+00:00,0.0705324074074074,-7.87185700237751,1.0201249562669545,-1.3588720969855785,8.053155963238542,-8.051120342840088,-0.016958419492721255,-0.1802626011109868,9.982797469919495,-1.2948433616518742,10.066422634513465
1781461242.0,69660.0,2026-06-14T18:20:42+00:00,0.07122685185185185,-7.751166068948805,1.1823381959693506,-1.8455924475565553,8.055104625052932,-8.05129584814948,-0.020726904000157705,-0.24681183434076592,9.956767150227343,-1.4981578179228063,10.068847448007618
1781461302.0,69720.0,2026-06-14T18:21:42+00:00,0.0719212962962963,-7.597413464449346,1.3385862766299397,-2.3247696440666914,8.057112290873958,-8.051016500407922,-0.02421084741779558,-0.31241896994081736,6.03377094163732,8.063845000785667,10.071344893947526
1781461362.0,69780.0,2026-06-14T18:22:42+00:00,0.07261574074074074,-7.411326613277197,1.4879459799267352,-2.7944093686528504,8.059185388577793,-8.050324819756478,-0.027364454758607753,-0.376816414842034,5.36572276785761,8.526016488914792,10.07392366413169
1781461422.0,69840.0,2026-06-14T18:23:42+00:00,0.07331018518518519,-7.1937674805521965,1.6295431444887072,-3.252567151095718,8.06132089030001,-8.049260990430865,-0.03015176609569645,-0.4397531981880349,4.839665801534506,8.838275401117697,10.076580627204093
1781461482.0,69900.0,2026-06-14T18:24:42+00:00,0.07400462962962963,-6.945725827477872,1.762536438414827,-3.697353772819042,8.063502147864314,-8.047858755346528,-0.03254413304972805,-0.5009762689076852,4.424436954301458,9.056299314562066,10.079295592328153
1781461542.0,69960.0,2026-06-14T18:25:42+00:00,0.07469907407407407,-6.668319969438016,1.886115133529529,-4.126932788174599,8.06569871429906,-8.046145102392652,-0.03451111158681651,-0.5602264937195457,4.094417652239531,9.213202224762949,10.082031102181128
1781461602.0,70020.0,2026-06-14T18:26:42+00:00,0.07539351851851851,-6.362823590636253,1.999526726314798,-4.539529670029879,8.06789692546242,-8.044169000271218,-0.03600868492657531,-0.6172594831765684,3.830040736909256,9.32916867819772,10.084770709969057
1781461662.0,70080.0,2026-06-14T18:27:42+00:00,0.07608796296296297,-6.030622554011643,2.1020879154093564,-4.933478728868067,8.070092586907391,-8.041992464714985,-0.0370276297239333,-0.6718485791918202,3.6166784365097704,9.416872411685878,10.08750955048298
1781461722.0,70140.0,2026-06-14T18:28:42+00:00,0.07678240740740741,-5.673216428607702,2.193164612399414,-5.307183478958905,8.072270569191778,-8.039670268186065,-0.037547855096396035,-0.7237708751133969,3.4433946749274256,9.484500801713741,10.090229053149743
1781461782.0,70200.0,2026-06-14T18:29:42+00:00,0.07747685185185185,-5.292191888205707,2.2721899915486574,-5.659146908670664,8.074409332774808,-8.03725226882014,-0.037573001801508084,-0.7728197138285442,3.3019706638325133,9.537487530566699,10.092902390319932
1781461842.0,70260.0,2026-06-14T18:30:42+00:00,0.0781712962962963,-4.889241868630052,2.3386611582245678,-5.9879619581624866,8.076491223009809,-8.034793122892559,-0.03710081486586522,-0.818800022721791,3.186168364221641,9.579540857341494,10.095507509909634
1781461902.0,70320.0,2026-06-14T18:31:42+00:00,0.07886574074074074,-4.466148492880166,2.392130259424448,-6.292325511574745,8.078497996665236,-8.032347895902765,-0.03613440134416942,-0.8615169565076314,3.0911890820709607,9.613250639160958,10.098021479103878
1781461962.0,70380.0,2026-06-14T18:32:42+00:00,0.07956018518518519,-4.024776070378721,2.432221138617024,-6.571049701422453,8.080421787406445,-8.029980784489437,-0.03468443939619241,-0.9007895718684525,3.013317541855485,9.640471362868327,10.100434184050618
1781462022.0,70440.0,2026-06-14T18:33:42+00:00,0.08025462962962963,-3.567034650593996,2.458635462448001,-6.823064130730927,8.082253934875599,-8.027751723308409,-0.03278902794628375,-0.9364591909834189,2.94966103074479,9.6625431290944,10.102734279288148
1781462082.0,70500.0,2026-06-14T18:34:42+00:00,0.08094907407407408,-3.0948765883222222,2.471142001450062,-7.047389687038958,8.08396593815552,-8.025696834300655,-0.030496887963086763,-0.9683829578114628,2.8979460864887505,9.68042456585697,10.104885516196736
1781462142.0,70560.0,2026-06-14T18:35:42+00:00,0.08164351851851852,-2.6103226910345256,2.4695734279230237,-7.243141248822212,8.085522408454693,-8.023841489952101,-0.02784234264483381,-0.9964261968165624,2.85637476794886,9.694813067111834,10.106843088779863
1781462202.0,70620.0,2026-06-14T18:36:42+00:00,0.08233796296296296,-2.1154393169563264,2.4538485289085656,-7.409546776674688,8.086893071030532,-8.022208956085974,-0.024865568453959243,-1.0204825871523138,2.8235506724656774,9.70622067524538,10.10856855328895
1781462262.0,70680.0,2026-06-14T18:37:42+00:00,0.0830324074074074,-1.6123432817403227,2.4239606321789324,-7.545948804356158,8.088051641927775,-8.020820021409362,-0.021599184548802424,-1.0404609660511566,2.7983886763439023,9.715024298736656,10.110028501885315
1781462322.0,70740.0,2026-06-14T18:38:42+00:00,0.08372685185185186,-1.1031835502944887,2.379975594347343,-7.651825807988644,8.088988562924934,-8.019705611704437,-0.018080727426983294,-1.0562816669915585,2.7800590997748778,9.72151469965199,10.111210444540793
1781462382.0,70800.0,2026-06-14T18:39:42+00:00,0.0844212962962963,-0.5901264122221619,2.3220324825961143,-7.726781290024519,8.089699199383537,-8.01889385397186,-0.014351674056976831,-1.0678803887564894,2.7679512711900154,9.72590230812173,10.11210808619103
1781462442.0,70860.0,2026-06-14T18:40:42+00:00,0.08511574074074074,-0.07535178435500711,2.2503466873895377,-7.7705569211393595,8.090197338107233,-8.018423056811317,-0.01045113909699922,-1.0752094796855103,2.7616505668233913,9.728348305109556,10.112738234462707
1781462502.0,70920.0,2026-06-14T18:41:42+00:00,0.08581018518518518,0.4389942436828278,2.1651972096879035,-7.783019866794348,8.090500179206625,-8.018326554978666,-0.006450505813701382,-1.0782350385890633,2.760914503113641,9.728956156179727,10.113122009665
1781462562.0,70980.0,2026-06-14T18:42:42+00:00,0.08650462962962963,0.9507597757037729,2.066938411910087,-7.764139750041068,8.090614600133506,-8.018617538882278,-0.002403952528392856,-1.076945492601745,2.7656710608991504,9.727756640308709,10.113267803740055
1781462622.0,71040.0,2026-06-14T18:43:42+00:00,0.08719907407407407,1.4578174569178373,1.9559909593081102,-7.714003807865083,8.090549247013238,-8.01930190198251,0.0016258983069662822,-1.0713456396797627,2.776010955394128,9.724726290102389,10.113186354551011
1781462682.0,71100.0,2026-06-14T18:44:42+00:00,0.08789351851851852,1.9580670844297856,1.8328452153364196,-7.632817004807293,8.090317899772812,-8.02038113902139,0.005574724701525476,-1.061460798455969,2.7921974542453976,9.719787967304796,10.112894973886437
1781462742.0,71160.0,2026-06-14T18:45:42+00:00,0.08858796296296297,2.4494433691725135,1.698045174125582,-7.520886856131256,8.089923938757536,-8.021838395281973,0.009370546410547721,-1.0473253017673956,2.8146608040181684,9.712789542424,10.112398139763743
1781462802.0,71220.0,2026-06-14T18:46:42+00:00,0.08928240740740741,2.9298922969028354,1.5522092763567343,-7.378637831658125,8.08937072706122,-8.023647419565666,0.012969068563157177,-1.0289959424569228,2.8440355359192453,9.703501797045512,10.111700413621683
1781462862.0,71280.0,2026-06-14T18:47:42+00:00,0.08997685185185185,3.3974168710410595,1.396015248959884,-7.206617083400488,8.088672929332889,-8.0257852485368,0.01631758121689551,-1.006545894947178,2.881184192965879,9.691618575139762,10.1108205878549
1781462922.0,71340.0,2026-06-14T18:48:42+00:00,0.09067129629629629,3.850075193680823,1.2301874978584237,-7.005474065430462,8.087836988855699,-8.028214156080674,0.01935605812715183,-0.9800561032012703,2.9272238664036183,9.676711991645904,10.109767283835302
1781462982.0,71400.0,2026-06-14T18:49:42+00:00,0.09136574074074075,4.2859661085531116,1.0555174261389766,-6.775961007922888,8.086857863313805,-8.03087685272641,0.02203998492862847,-0.9496322008271515,2.983601810433886,9.658188016849437,10.108534786606732
1781463042.0,71460.0,2026-06-14T18:50:42+00:00,0.09206018518518519,4.703243514988571,0.8728562199976295,-6.518951386213303,8.085734643053959,-8.03371386256809,0.024340088143667536,-0.9153981933417932,3.052168194164137,9.635257897373348,10.107122510109525
1781463102.0,71520.0,2026-06-14T18:51:42+00:00,0.09275462962962963,5.100136329419911,0.6831018346128985,-6.235438099130988,8.08447320381573,-8.036667908124539,0.026231248132161135,-0.8774895095424987,3.1352744990638755,9.606870372516022,10.105538310194385
1781463162.0,71580.0,2026-06-14T18:52:42+00:00,0.09344907407407407,5.474948760122061,0.48719853156944737,-5.926532324403524,8.083081821145036,-8.039680260012885,0.027701881101273727,-0.8360536166227341,3.2359191717515103,9.571596464768746,10.103792939806445
1781463222.0,71640.0,2026-06-14T18:53:42+00:00,0.09414351851851852,5.826083147898316,0.2861395993968472,-5.593454708345234,8.081575111998726,-8.042694617350952,0.02874272159795211,-0.7912606642986698,3.357964002698277,9.527463584869174,10.10190499878244
1781463282.0,71700.0,2026-06-14T18:54:42+00:00,0.09483796296296296,6.15204297658056,0.08095388882793486,-5.237547295168042,8.079980692237614,-8.045666228729917,0.029360569586004193,-0.7432905755901557,3.506404097759384,9.47171029120604,10.099909184607663
1781463342.0,71760.0,2026-06-14T18:55:42+00:00,0.09553240740740741,6.4514533104375005,-0.1273017666535452,-4.860236623324454,8.078326286505911,-8.048549506587799,0.029549307341351846,-0.6923389846696221,3.6877684963710218,9.400358626858925,10.097840303569253
1781463402.0,71820.0,2026-06-14T18:56:42+00:00,0.09622685185185186,6.723051172681153,-0.33754568349104375,-4.4630233948118985,8.076628751005655,-8.051288333604933,0.029295510443055083,-0.6386156307170763,3.9106709313398706,9.307534883544458,10.095719525701156
1781463462.0,71880.0,2026-06-14T18:57:42+00:00,0.0969212962962963,6.965674594976008,-0.548664000001736,-4.047511228360236,8.07489949731229,-8.053822548453226,0.02861540501566245,-0.5823447503982809,4.186583265509505,9.184361386456546,10.093560992834899
1781463522.0,71940.0,2026-06-14T18:58:42+00:00,0.09761574074074074,7.1782920295372605,-0.7595343822613358,-3.6153888567350805,8.073153381706522,-8.056098820524054,0.027527259598830848,-0.5237552562880847,4.5308586651943825,9.017057829677558,10.09138306416501
1781463582.0,72000.0,2026-06-14T18:59:42+00:00,0.09831018518518518,7.3600089913234115,-0.969027915969491,-3.168422842863947,8.071409465853637,-8.058072047983742,0.02605306874529946,-0.46308408802693235,4.963969297444858,8.78357288174,10.089209273021028
1781463642.0,72060.0,2026-06-14T19:00:42+00:00,0.09900462962962962,7.510060523636639,-1.1760079232044518,-2.7084412835538387,8.069675203537244,-8.05969023454261,0.02421735006530745,-0.4005804959782457,5.512472350069288,8.44755572154986,10.087048581174187
1781463702.0,72120.0,2026-06-14T19:01:42+00:00,0.09969907407407408,7.6278149308636785,-1.379339461447671,-2.237342728069052,8.067951440871287,-8.060900860827372,0.022058427500236986,-0.33649842487867376,6.207878956542403,7.947797134762883,10.084901607572931
1781463762.0,72180.0,2026-06-14T19:02:42+00:00,0.10039351851851852,7.712795123457909,-1.5778956860303879,-1.7570916200056672,8.066246610011595,-8.06166572704145,0.019626875502154868,-0.271099363198846,9.872910059736265,2.0464768539457943,10.08277841477127
1781463822.0,72240.0,2026-06-14T19:03:42+00:00,0.10108796296296296,7.764684705995023,-1.7705661833751947,-1.269695424940437,8.06457436355692,-8.061959355504762,0.01697384941839498,-0.20465313084505232,9.81804818596144,2.2861220704313654,10.080695625936443
1781463882.0,72300.0,2026-06-14T19:04:42+00:00,0.1017824074074074,7.783325647003949,-1.956269591115415,-0.7771975845098495,8.062951378112128,-8.061767657410856,0.014154380611690337,-0.1374293172290435,9.759906062116665,2.5147359829274114,10.078673692761935
1781463942.0,72360.0,2026-06-14T19:05:42+00:00,0.10247685185185185,7.768710557371378,-2.1339586048852652,-0.28165569162229076,8.061387782522349,-8.061078675650924,0.011217044665755845,-0.06969751125773035,9.699511404906128,2.7312752864993595,10.076724973152052
1781464002.0,72420.0,2026-06-14T19:06:42+00:00,0.1031712962962963,7.720986673608422,-2.302620223723352,0.21485368529101834,8.059891886050442,-8.059887510474404,0.008218358615736445,-0.0017297115803967813,9.637919155715357,2.934844239919348,10.074859620098575
1781464062.0,72480.0,2026-06-14T19:07:42+00:00,0.10386574074074074,7.640463220886886,-2.461284566204995,0.7102596146287397,8.058478061379622,-8.058204472811084,0.00520880390226792,0.06619825123114027,9.576199570423178,3.1246846536020145,10.07309547244684
1781464122.0,72540.0,2026-06-14T19:08:42+00:00,0.10456018518518519,7.527583363465965,-2.6090266150422394,1.2025049866642803,8.057142757509066,-8.056031208779373,0.0022322364846772244,0.13381179011521888,9.515388590729712,3.30015804809596,10.071428060359747
1781464182.0,72600.0,2026-06-14T19:09:42+00:00,0.10525462962962963,7.38294018805027,-2.7449729065410793,1.6895354595035315,8.055880594130734,-8.053376641556484,-0.0006546990247431536,0.20083920805891053,9.456490052997944,3.460735353553384,10.06985070940892
1781464242.0,72660.0,2026-06-14T19:10:42+00:00,0.10594907407407407,7.2072776556015015,-2.8683050987310708,2.1693178680725396,8.054685925414978,-8.050258405715848,-0.003389808780998351,0.2670083659286514,6.239684783212041,-7.901780604535036,10.068356515144563
1781464302.0,72720.0,2026-06-14T19:11:42+00:00,0.10664351851851851,7.001491223461926,-2.9782741428352892,2.639865094795823,8.053563431228254,-8.046713011215555,-0.0059179342592122755,0.33205215555,5.521067233034891,-8.417917233142912,10.066951571142873
1781464362.0,72780.0,2026-06-14T19:12:42+00:00,0.10733796296296297,6.766605934128165,-3.0741984667256474,3.0992403882555664,8.052511599792412,-8.04277874727924,-0.008189208131885516,0.3957095196920014,4.954837480658262,-8.761653913095417,10.065634294598436
1781464422.0,72840.0,2026-06-14T19:13:42+00:00,0.10803240740740741,6.503776247613132,-3.155474103987217,3.5455687819048762,8.051532791162755,-8.03850483266042,-0.010159933069212089,0.4577303990606448,4.508692545214135,-8.99799974680802,10.064407976171609
1781464482.0,72900.0,2026-06-14T19:14:42+00:00,0.10872685185185185,6.214275406673551,-3.2215692191384733,3.977039319463074,8.05062536777383,-8.03394296928555,-0.01178764568478147,0.5178708622041012,4.155023607337776,-9.16543509520542,10.063270922615441
1781464542.0,72960.0,2026-06-14T19:15:42+00:00,0.1094212962962963,5.899479500949383,-3.2720202510245144,4.391924352850765,8.049781017294826,-8.029144231793046,-0.013046523783814136,0.5758881138569633,3.8724609349938395,-9.287205063542324,10.062213056049824
1781464602.0,73020.0,2026-06-14T19:16:42+00:00,0.11011574074074074,5.560885195620358,-3.3064514566212893,4.788562540896237,8.048999726794463,-8.024172341576525,-0.013893303313070858,0.6315550734011064,3.644984495673882,-9.377767917634587,10.061234670293677
1781464662.0,73080.0,2026-06-14T19:17:42+00:00,0.11081018518518519,5.2000748021528125,-3.3245569108985364,5.165396614000201,8.048278001020627,-8.019091988643185,-0.014307154411856857,0.6846442614408687,3.4606305405128213,-9.446391283081493,10.060331605419778
1781464722.0,73140.0,2026-06-14T19:18:42+00:00,0.11150462962962963,4.8187195444479585,-3.3261112738400698,5.520968794822693,8.047618945217069,-8.013977510032934,-0.014273140496440859,0.7349363466065614,3.3104255962855187,-9.49919895328433,10.059507859861755
1781464782.0,73200.0,2026-06-14T19:19:42+00:00,0.11219907407407408,4.418556170538068,-3.310968970414251,5.853922410868108,8.047021917933984,-8.008901084922067,-0.013788849340209748,0.7822244097942191,3.1875762401142502,-9.540338744637623,10.05876263011384
1781464842.0,73260.0,2026-06-14T19:20:42+00:00,0.11289351851851852,4.001375649124384,-3.279067335650325,6.1630041897296906,8.046484345337422,-8.003932925864286,-0.01286551487732443,0.8263186531555151,3.0868906813392374,-9.57268677899704,10.058092575002666
1781464902.0,73320.0,2026-06-14T19:21:42+00:00,0.11358796296296296,3.5690204510465264,-3.230427126865834,6.44705668464303,8.045999397028275,-7.999137556730462,-0.01151728452092395,0.8670478635236145,3.0043635947747394,-9.598275012582633,10.057488942413805
1781464962.0,73380.0,2026-06-14T19:22:42+00:00,0.1142824074074074,3.1233795559965074,-3.1651407051831484,6.705018184147775,8.045550595464338,-7.994568374081912,-0.009760513318447104,0.9042486542348812,2.9368658620929735,-9.618558982648707,10.05693084368284
1781465022.0,73440.0,2026-06-14T19:23:42+00:00,0.11497685185185186,2.6663926145993173,-3.0833821629639715,6.935935826972127,8.045129019099052,-7.990283468369107,-0.007608227737870787,0.9377703044603943,2.8819426743863046,-9.634610717892706,10.056406776964717
1781465082.0,73500.0,2026-06-14T19:24:42+00:00,0.1156712962962963,2.2000248227268457,-2.9854173453059047,7.138989182189107,8.044749373950735,-7.986359293833984,-0.00508815683245496,0.9674873798310399,2.837678604432348,-9.64724846528684,10.055934706084383
1781465142.0,73560.0,2026-06-14T19:25:42+00:00,0.11636574074074074,1.7262331955134869,-2.8715806012041867,7.313466179184616,8.044416930305275,-7.982857171038504,-0.0022556087970122592,0.9932925287196046,2.8025702349414856,-9.657075022269288,10.055520767594155
1781465202.0,73620.0,2026-06-14T19:26:42+00:00,0.11706018518518518,1.246998060727492,-2.742280033417046,7.4587363209575415,8.044119059953498,-7.979814118947403,0.0008491753904261905,1.0150947525507152,2.7754421380031715,-9.66451952781976,10.055148768915013
1781465262.0,73680.0,2026-06-14T19:27:42+00:00,0.11775462962962963,0.7643131606746465,-2.5979952542111278,7.574296260252595,8.043862118818327,-7.977280100625131,0.0041826435223854255,1.0328129008798874,2.7553875291731273,-9.669920954713692,10.054826289217221
1781465322.0,73740.0,2026-06-14T19:28:42+00:00,0.11844907407407407,0.28016023128293455,-2.439264507032931,7.659766066819429,8.043663175995219,-7.9753095267720875,0.007683767704766669,1.0463728784490458,2.7417202248224988,-9.673543105925477,10.054574382508642
1781465382.0,73800.0,2026-06-14T19:29:42+00:00,0.11914351851851852,-0.20350671609048732,-2.266686371760443,7.714831077493727,8.043500521892286,-7.973908789819837,0.011275406567835553,1.055723506663635,2.7339545600697854,-9.67552394313799,10.054365773670803
1781465442.0,73860.0,2026-06-14T19:30:42+00:00,0.11983796296296297,-0.6847148671513423,-2.0809312488418072,7.739275274798274,8.043350737771435,-7.9730746141636395,0.014905106935557388,1.0608252097187663,2.731778255872759,-9.67593640231639,10.054171159321422
1781465502.0,73920.0,2026-06-14T19:31:42+00:00,0.12053240740740741,-1.1614840313559398,-1.8827426199568436,7.733007772825658,8.043206707693074,-7.972811866722683,0.018540917019412996,1.0616502790094844,2.7350433215578684,-9.67481707803208,10.053981672162502
1781465562.0,73980.0,2026-06-14T19:32:42+00:00,0.12122685185185185,-1.6318890957627445,-1.6729216631501913,7.6960693532601,8.043084756615206,-7.973139569490156,0.02212079313960892,1.0581911349265243,2.7437718732052447,-9.672175076411504,10.053817921613067
1781465622.0,74040.0,2026-06-14T19:33:42+00:00,0.12192129629629629,-2.094038826180622,-1.4523320604348555,7.628594541922212,8.042992086553625,-7.974057639562089,0.025582559678796076,1.0504627541926395,2.7581547079488535,-9.667949636031372,10.053689251106757
1781465682.0,74100.0,2026-06-14T19:34:42+00:00,0.12261574074074075,-2.5460854773409665,-1.2218866227485705,7.530812297016382,8.042928075624676,-7.975549425621101,0.02885319690484961,1.0384945267910357,2.7785499389397605,-9.662010181170196,10.053595401855928
1781465742.0,74160.0,2026-06-14T19:35:42+00:00,0.12331018518518519,-2.9861328853294253,-0.9825548922090093,7.402988304384053,8.04280047992593,-7.977500038383337,0.031917277476775745,1.022308165324473,2.8054553038232557,-9.654051124380315,10.053421436202646
1781465802.0,74220.0,2026-06-14T19:36:42+00:00,0.12400462962962963,-3.4126228815875947,-0.7353839434217662,7.245813088491559,8.042921844052282,-7.98018248464504,0.03461793453877709,1.002038372471903,2.8397755616338793,-9.644155065557493,10.053559179164923
1781465862.0,74280.0,2026-06-14T19:37:42+00:00,0.12469907407407407,-3.8233904521912336,-0.48146530258236453,7.059407293796539,8.042720604820584,-7.9829920426421275,0.03713031806392719,0.9776574624062078,2.8822683128192397,-9.631263778815068,10.053293619714735
1781465922.0,74340.0,2026-06-14T19:38:42+00:00,0.12539351851851852,-4.217186752706766,-0.22183597483672202,6.844814218580723,8.042720745731636,-7.986403893874684,0.03915696024842877,0.9493032024540019,2.9343880619054756,-9.615500053271731,10.05328178120568
1781465982.0,74400.0,2026-06-14T19:39:42+00:00,0.12608796296296296,-4.592293630819768,0.042240339796990156,6.602672075852752,8.042774619446927,-7.990206751849591,0.040752050146638734,0.9171471595800267,2.9978362168529746,-9.595968292437673,10.053339219012981
1781466042.0,74460.0,2026-06-14T19:40:42+00:00,0.1267824074074074,-4.947070240043104,0.30957915645558387,6.333828512579203,8.042805905950557,-7.994270051910657,0.04193211431866359,0.881257553559857,3.0746348776658348,-9.57167089439326,10.053370745254263
1781466102.0,74520.0,2026-06-14T19:41:42+00:00,0.12747685185185184,-5.280089686624706,0.5789349842816591,6.039255713112652,8.042830495739022,-7.9985422839102585,0.04263190260098889,0.8417994039971036,3.1675030801619304,-9.541368515562874,10.053396884268013
1781466162.0,74580.0,2026-06-14T19:42:42+00:00,0.12817129629629628,-5.589969905093312,0.8490263973362744,5.720079959370196,8.042880336347874,-8.002986425759794,0.04285431710865394,0.7989342159533092,3.27989560560286,-9.503383434892621,10.053457708382943
1781466222.0,74640.0,2026-06-14T19:43:42+00:00,0.12886574074074075,-5.875413883477449,1.1185583488550037,5.377502400428057,8.04295922832898,-8.007535411822094,0.04259260989797607,0.7528317518274147,3.416248455153529,-9.455330571085906,10.053558062489648
1781466282.0,74700.0,2026-06-14T19:44:42+00:00,0.1295601851851852,-6.13521886896342,1.3862195289693773,5.012830160558224,8.043070394518692,-8.012120497120439,0.04184989694269035,0.7036725779305839,3.5823283839537425,-9.393819519120786,10.053701895734491
1781466342.0,74760.0,2026-06-14T19:45:42+00:00,0.13025462962962964,-6.368290929123759,1.6506909776944667,4.627466664183885,8.04321812398091,-8.016673818592649,0.040629198876433036,0.6516501702791115,3.785713592013957,-9.313923173269929,10.05389438368704
1781466402.0,74820.0,2026-06-14T19:46:42+00:00,0.13094907407407408,-6.573644406162202,1.9106421591714025,4.222926128190011,8.04341092592071,-8.021132416026667,0.038956081374057504,0.5969727895899702,4.0364649773070695,-9.208300438548598,10.054145735943997
1781466462.0,74880.0,2026-06-14T19:47:42+00:00,0.13164351851851852,-6.750418896786869,2.164757350925356,3.800809078384191,8.043660815872975,-8.025439460411967,0.03685138942706409,0.5398543907110979,4.348028671907864,-9.065705912565374,10.054470499477118
1781466522.0,74940.0,2026-06-14T19:48:42+00:00,0.13233796296296296,-6.897878992371261,2.411730234976858,3.362804020754993,8.04398086781068,-8.029542229409962,0.0343455673986206,0.480520727780187,4.7384076861569655,-8.868381673778293,10.054884430565977
1781466582.0,75000.0,2026-06-14T19:49:42+00:00,0.1330324074074074,-7.015423063188791,2.6502741589210927,2.9106761063449085,8.044386195914097,-8.03339423263283,0.03147236438844747,0.4192086144089226,5.23136227711169,-8.587434674395391,10.055405788002565
1781466642.0,75060.0,2026-06-14T19:50:42+00:00,0.13372685185185185,-7.102585327811539,2.8791322777979076,2.44625359820202,8.044891402537255,-8.036953830465324,0.028263076987790042,0.3561628897931496,5.8566235717865505,-8.174603726411341,10.056052194845849
1781466702.0,75120.0,2026-06-14T19:51:42+00:00,0.1344212962962963,-7.15902223624289,3.097079534549266,1.9714255034923553,8.04549684843417,-8.040171520647355,0.024755311385418154,0.29163098479675176,6.645567783755376,-7.548253229730795,10.056823454184165
1781466762.0,75180.0,2026-06-14T19:52:42+00:00,0.13511574074074073,-7.184531591832638,3.30292338039726,1.4881471630651504,8.046202770857501,-8.043004393129976,0.02100201671199563,0.2258722584578486,9.094603147523388,-4.294870094449497,10.057719201645021
1781466822.0,75240.0,2026-06-14T19:53:42+00:00,0.13581018518518517,-7.179061650298536,3.495526279322803,0.9984211178962141,8.047016520231868,-8.045424506717078,0.017057250931402923,0.15914909296474491,8.9915634764125,-4.508902154150145,10.05874805261843
1781466882.0,75300.0,2026-06-14T19:54:42+00:00,0.13650462962962964,-7.142705528996885,3.6738032521679997,0.5042810751474462,8.047942097974781,-8.04740883146955,0.012973959977214625,0.09173215304938684,8.892342056768955,-4.704055007016682,10.059914550512875
1781466942.0,75360.0,2026-06-14T19:55:42+00:00,0.13719907407407408,-7.075695542618632,3.8367328718304634,0.007782167745517654,8.048978016105675,-8.04893774144029,0.008801749002691673,0.0238928312477026,8.798243163387719,-4.8804707548977415,10.061216504554052
1781467002.0,75420.0,2026-06-14T19:56:42+00:00,0.0007523148148148148,-8.687463750131428,4.967687432654202,-0.6012818873859942,10.025541618610767,-10.02533063159448,0.011688411578397473,-0.0639832379984047,10.842225141158444,-6.284515529275068,12.531918506328859
1781467062.0,75480.0,2026-06-14T19:57:42+00:00,0.0014467592592592592,-8.529656455852091,5.128977459855378,-1.217618013266474,10.027165235738103,-10.026065008377511,0.006654029214790376,-0.14838745391058475,10.742074117685906,-6.458160816553782,12.533953784912725
1781467122.0,75540.0,2026-06-14T19:58:42+00:00,0.0021412037037037038,-8.335651751607656,5.267847871873528,-1.8291007285006344,10.028904267181126,-10.026214520334893,0.0017827367594969116,-0.23224989635989576,10.652359019399576,-6.609221293495931,12.536130135914492
1781467182.0,75600.0,2026-06-14T19:59:42+00:00,0.0028356481481481483,-8.106513039208949,5.3834577184170485,-2.433194719487801,10.030832827028478,-10.025877977161654,-0.002866703489911014,-0.3152297144435675,8.254641453379175,9.438002590139064,12.538540521740062
1781467242.0,75660.0,2026-06-14T20:00:42+00:00,0.0035300925925925925,-7.843266308307648,5.474955436307937,-3.0273610092699528,10.032790144971623,-10.024930298760907,-0.007253294000489221,-0.39698613042693165,7.265682297741713,10.22184672968169,12.540984403818607
1781467302.0,75720.0,2026-06-14T20:01:42+00:00,0.004224537037037037,-7.547301033511758,5.541753559373319,-3.6091428278014064,10.034874057742073,-10.023514570366016,-0.011320192069502343,-0.47720526574684813,6.482959365295073,10.738377542973017,12.543584590837435
1781467362.0,75780.0,2026-06-14T20:02:42+00:00,0.004918981481481482,-7.220143887214363,5.58332549687475,-4.1759917717427015,10.037076697614369,-10.021678371712254,-0.01486209104392844,-0.5555631071246263,5.86697460137521,11.090043220807825,12.546332117896744
1781467422.0,75840.0,2026-06-14T20:03:42+00:00,0.005613425925925926,-6.863264088518918,5.5992351225577295,-4.725716945249587,10.039334069202827,-10.019420843269964,-0.018027059376633077,-0.6317511722460191,5.380257605721715,11.337280425083899,12.549147355136002
1781467482.0,75900.0,2026-06-14T20:04:42+00:00,0.006307870370370371,-6.478453424759209,5.589216785505414,-5.255994720384479,10.041672348411858,-10.016839892446473,-0.020687025458232994,-0.705460253260188,4.992901514691581,11.516303230174865,12.552063799421411
1781467542.0,75960.0,2026-06-14T20:05:42+00:00,0.0070023148148148145,-6.06751768104732,5.553075855597854,-5.764644981361926,10.044030766031481,-10.01395335869568,-0.02282346851596662,-0.776383441438148,4.682205795007877,11.649254295468637,12.555006043300013
1781467602.0,76020.0,2026-06-14T20:06:42+00:00,0.007696759259259259,-5.63242703396827,5.490765755996108,-6.249570279382169,10.04638599483083,-10.010822619412531,-0.02438120206125462,-0.8442201115689728,4.43122487719367,11.750159215029857,12.557945512336447
1781467662.0,76080.0,2026-06-14T20:07:42+00:00,0.008391203703703705,-5.175247120205313,5.402382290922105,-6.708821418695152,10.048741314234583,-10.00753935971789,-0.025337848721355503,-0.9086891424048087,4.227300399685732,11.828178487035606,12.560886711946537
1781467722.0,76140.0,2026-06-14T20:08:42+00:00,0.009085648148148148,-4.698101959656924,5.288138401694596,-7.140566186979413,10.051082292442095,-10.004179539729028,-0.025692529595873422,-0.969529205456498,4.060892545629523,11.88942888217764,12.563811818532992
1781467782.0,76200.0,2026-06-14T20:09:42+00:00,0.009780092592592592,-4.203182952944189,5.14837791165337,-7.543089552782476,10.053394554001006,-10.000819134274092,-0.02544766881011288,-1.0265043195751262,3.92475120879701,11.938104982180416,12.566702933407571
1781467842.0,76260.0,2026-06-14T20:10:42+00:00,0.010474537037037037,-3.692743851803243,4.983549464959651,-7.914800885133445,10.055654900405019,-9.997526014173967,-0.02461344162185252,-1.079380957051655,3.813284770073168,11.977143570047598,12.569530971170106
1781467902.0,76320.0,2026-06-14T20:11:42+00:00,0.011168981481481481,-3.1690856819041073,4.794216085225344,-8.254250354133546,10.057845735533869,-9.994372153844104,-0.02321524106345657,-1.1279393347360231,3.722149603813188,12.00864970692691,12.572273678887301
1781467962.0,76380.0,2026-06-14T20:12:42+00:00,0.011863425925925927,-2.6345454021357,4.581046983599663,-8.560116241686046,10.059940905047064,-9.991418192243941,-0.021286405444812247,-1.1719728707095627,3.647939767436941,12.034142872469124,12.574897980574129
1781468022.0,76440.0,2026-06-14T20:13:42+00:00,0.01255787037037037,-2.0914716992992908,4.344816424883902,-8.831212194636464,10.061907993099847,-9.988713377296449,-0.01888273870286895,-1.211297226119437,3.5879790727217533,12.054727797564567,12.577362843603789
1781468082.0,76500.0,2026-06-14T20:14:42+00:00,0.013252314814814814,-1.5422553012613207,4.086405711714178,-9.066455160267651,10.063690785598633,-9.986277917884363,-0.01603659507916439,-1.245740102323203,3.540146529181369,12.071190333871467,12.579597510438354
1781468142.0,76560.0,2026-06-14T20:15:42+00:00,0.01394675925925926,-0.9893084440845996,3.80683477409184,-9.264947831630707,10.065285913356385,-9.984176192790992,-0.012780382763212018,-1.2751638838723836,3.5028034460891777,12.084161425639769,12.581597249270635
1781468202.0,76620.0,2026-06-14T20:16:42+00:00,0.014641203703703703,-0.43501601403113455,3.507198652951047,-9.42591930553317,10.06665962860313,-9.98243412172351,-0.009177733716764502,-1.299446363957398,3.474668001733818,12.094073219524276,12.58331930618814
1781468262.0,76680.0,2026-06-14T20:17:42+00:00,0.015335648148148149,0.1182166964863427,3.1887215536553413,-9.548750830814242,10.067798307626646,-9.981087311462295,-0.005257899834951853,-1.3184958090588177,3.454782362158067,12.101252619100082,12.584746168324378
1781468322.0,76740.0,2026-06-14T20:18:42+00:00,0.016030092592592592,0.6680235637541045,2.852710240520537,-9.633007504045963,10.068716143138971,-9.980189567708036,-0.0010779876101754955,-1.3322386429096345,3.4424546084217567,12.105959768151243,12.585895106790803
1781468382.0,76800.0,2026-06-14T20:19:42+00:00,0.016724537037037038,1.212083722697571,2.5005424964474514,-9.678387893363833,10.069411697898724,-9.979768358073656,0.0032882304034037623,-1.3406209936116704,3.4372222858280153,12.108349587056463,12.586763951253046
1781468442.0,76860.0,2026-06-14T20:20:42+00:00,0.017418981481481483,1.748116952367127,2.13367423589807,-9.684738272801042,10.069887488782873,-9.979843967041909,0.007763763212157501,-1.343610119872527,3.438838642923718,12.108505700088262,12.587355619872483
1781468502.0,76920.0,2026-06-14T20:21:42+00:00,0.018113425925925925,2.273869596188888,1.7536379717639647,-9.652042074128985,10.070136308771636,-9.980416491714962,0.01228872300343479,-1.3411863839272258,3.447250513936361,12.106431087752084,12.587661013402156
1781468562.0,76980.0,2026-06-14T20:22:42+00:00,0.01880787037037037,2.787177079822868,1.3620325757947285,-9.580451716668904,10.07018092723463,-9.981502780892905,0.01677551407094306,-1.3333659379161253,3.4626317739302976,12.102090370584966,12.587708692992425
1781468622.0,77040.0,2026-06-14T20:23:42+00:00,0.019502314814814816,3.2859109702985734,0.9605167417030316,-9.470221044495702,10.069999500865409,-9.983064647755295,0.021151450786032446,-1.3201752922614722,3.4853462359654945,12.09532153855376,12.587471608927716
1781468682.0,77100.0,2026-06-14T20:24:42+00:00,0.020196759259259258,3.7680178806185722,0.5508112523821183,-9.321786556392908,10.069610538017823,-9.985093131762511,0.025347013884727678,-1.3016639605811586,3.515994727280636,12.08592891845183,12.58697329559952
1781468742.0,77160.0,2026-06-14T20:25:42+00:00,0.020891203703703703,4.231524588540196,0.1346881480421871,-9.135712452232838,10.069020967826289,-9.987556182546205,0.029289732167056708,-1.2779072198708648,3.555435659670685,12.073602844563295,12.586222959184571
1781468802.0,77220.0,2026-06-14T20:26:42+00:00,0.02158564814814815,4.6745460848324,-0.28603659477084875,-8.912700650282204,10.068238719573094,-9.990412217327224,0.03290368458367803,-1.2490043994040299,3.604824510225701,12.05791376688435,12.58523119212131
1781468862.0,77280.0,2026-06-14T20:27:42+00:00,0.02228009259259259,5.095277676358819,-0.7095028362236917,-8.65358261577785,10.067260847018051,-9.993599249855476,0.03612069747613358,-1.2150762488027262,3.6656632224401733,12.038265854822864,12.583995059270508
1781468922.0,77340.0,2026-06-14T20:28:42+00:00,0.022974537037037036,5.491997648961842,-1.1338168343063444,-8.35933592915535,10.066085434091368,-9.997048819264432,0.03888583613020021,-1.1762562490454465,3.73986777473603,12.013867822474538,12.582512905949992
1781468982.0,77400.0,2026-06-14T20:29:42+00:00,0.023668981481481482,5.863071057479829,-1.557046101661399,-8.031077333725989,10.06470058809719,-10.000674869527323,0.0411637594861645,-1.1326983830453583,3.8298790087976387,11.98364775243556,12.580770512034732
1781469042.0,77460.0,2026-06-14T20:30:42+00:00,0.024363425925925927,6.206986379344016,-1.977240485837683,-7.670094341039658,10.063126107360791,-10.004416641311568,0.042931545598541836,-1.084578997623978,3.938818097462448,11.946202300045002,12.578793161448287
1781469102.0,77520.0,2026-06-14T20:31:42+00:00,0.02505787037037037,6.522344890516251,-2.3924441263079643,-7.277799966745079,10.061368899126181,-10.008195862369382,0.04416853877949588,-1.032089552770538,4.070665275843322,11.899592374858988,12.576589938284494
1781469162.0,77580.0,2026-06-14T20:32:42+00:00,0.025752314814814815,6.807878566905856,-2.8007095623761415,-6.855773261748254,10.059463785462105,-10.011959402102717,0.04487519397972945,-0.9754315960824265,4.230539006238186,11.841163852655269,12.574204613761164
1781469222.0,77640.0,2026-06-14T20:33:42+00:00,0.02644675925925926,7.0624687084928155,-3.200118042062968,-6.405699025839567,10.057444991210197,-10.015651111284543,0.04502990095698763,-0.914825052271536,4.425082819467947,11.767148587632027,12.571680231479036
1781469282.0,77700.0,2026-06-14T20:34:42+00:00,0.027141203703703702,7.285121503286064,-3.5887430398724973,-5.929384773597121,10.055330711480337,-10.01919654936892,0.044641850865832666,-0.850519445694742,4.663012129301598,11.672063754622494,12.569039518196526
1781469342.0,77760.0,2026-06-14T20:35:42+00:00,0.027835648148148148,7.475000890903175,-3.964711452834308,-5.428751653525978,10.053154715754644,-10.022538461211926,0.043708577659331935,-0.7827720566464526,4.955853540276989,11.547814954233916,12.566324622971683
1781469402.0,77820.0,2026-06-14T20:36:42+00:00,0.028530092592592593,7.631410562433302,-4.326169309671968,-4.9058278407901525,10.050936019686823,-10.025606078491226,0.04224829092957275,-0.7118656563364191,5.318996016103555,11.382060311446741,12.563559032087069
1781469462.0,77880.0,2026-06-14T20:37:42+00:00,0.02922453703703704,7.753814012743533,-4.67131831869483,-4.362738315947354,10.048698034682255,-10.02833689191995,0.04027723083343713,-0.6380980481561385,5.773050737466796,11.155486070048477,12.560771643351037
1781469522.0,77940.0,2026-06-14T20:38:42+00:00,0.02991898148148148,7.841804458759725,-4.998406583443284,-3.8017040421254933,10.046438133325978,-10.030648023280577,0.03783170227101328,-0.5617723401050461,6.345365099664474,10.836912228171832,12.557958627465696
1781469582.0,78000.0,2026-06-14T20:39:42+00:00,0.030613425925925926,7.895166925154626,-5.305772338993847,-3.2250597150996327,10.0441968845322,-10.032506336318285,0.03496420902854886,-0.48320303296525524,7.0709345576983855,10.374689349792845,12.55517003564501
1781469642.0,78060.0,2026-06-14T20:40:42+00:00,0.03130787037037037,7.913821294903755,-5.591821549460292,-2.635182697791606,10.041973091948659,-10.03384472630276,0.03171500186547221,-0.4027129828101876,7.9894252598192255,9.681524891953162,12.552403762457061
1781469702.0,78120.0,2026-06-14T20:41:42+00:00,0.03200231481481482,7.897860123775899,-5.855048860423267,-2.0345482516568154,10.039779792455263,-10.034619040723353,0.028158222713500502,-0.32063390812418296,9.942060283512053,7.65831505616348,12.549675381476925
1781469762.0,78180.0,2026-06-14T20:42:42+00:00,0.03269675925925926,7.847583722323179,-6.09409914445132,-1.4256697020027786,10.037686424693826,-10.03485154129786,0.02434659159553118,-0.2372984367255521,9.765202081984992,7.878440331320924,12.547071122624123
1781469822.0,78240.0,2026-06-14T20:43:42+00:00,0.0333912037037037,7.763371857814491,-6.307666641660035,-0.8110546317184344,10.035656963081625,-10.034469362087748,0.020313631432024047,-0.15304462861879628,9.602179095490525,8.072408472753283,12.544545505232712
1781469882.0,78300.0,2026-06-14T20:44:42+00:00,0.03408564814814815,7.6458200588822365,-6.494587100110948,-0.19330919659114443,10.03372285939871,-10.033477954016261,0.01615653891622652,-0.06821679954441863,9.454033899376562,8.241750508492508,12.54213731446111
1781469942.0,78360.0,2026-06-14T20:45:42+00:00,0.03478009259259259,7.4956440115347505,-6.653812379576266,0.42500762385316193,10.031875687556761,-10.031854472153295,0.011914302301384292,0.016843679261695863,9.321617377370524,8.387784600306754,12.53983576572035
1781470002.0,78420.0,2026-06-14T20:46:42+00:00,0.035474537037037034,7.3137403298169374,-6.784406166523695,1.0412528127199039,10.030113262787845,-10.029593878086985,0.007712187601864047,0.10178028863725419,9.205693552552848,8.511613808962236,12.537637872279998
1781470062.0,78480.0,2026-06-14T20:47:42+00:00,0.03616898148148148,7.101179761812091,-6.885616600513458,1.6528787312563509,10.028483338923975,-10.026753227585994,0.003598059426298369,0.18623868056334444,9.107004965125231,8.614163472767732,12.535603366826084
1781470122.0,78540.0,2026-06-14T20:48:42+00:00,0.036863425925925924,6.859112462028861,-6.956787030212581,2.2573269098065794,10.026955386767737,-10.023322740845257,-0.0003526626883334581,0.26988041187515166,9.026174223605087,8.696072091965293,12.53369422570738
1781470182.0,78600.0,2026-06-14T20:49:42+00:00,0.03755787037037037,6.588863934390247,-6.9974620677530766,2.8521029909607023,10.025572043858578,-10.019376515387584,-0.00407997903971878,0.35238104839709833,7.5136420803722705,-10.029721073571125,12.531964017087573
1781470242.0,78660.0,2026-06-14T20:50:42+00:00,0.038252314814814815,6.291840264573693,-7.007256263867021,3.434758957941085,10.024293658985199,-10.014917652746563,-0.0075346578093886864,0.43339473832510667,6.6725258832553225,-10.606008138548082,12.530363534138202
1781470302.0,78720.0,2026-06-14T20:51:42+00:00,0.03894675925925926,5.969600734300911,-6.985962403006852,4.002865860238671,10.023110231772147,-10.009988891952595,-0.010619943580797847,0.512589814607647,6.010591965063372,-10.992981272295392,12.52888075701583
1781470362.0,78780.0,2026-06-14T20:52:42+00:00,0.039641203703703706,5.623826684430242,-6.933542882092297,4.554120976477861,10.022048759745587,-10.004679519754829,-0.013277933971484603,0.58963780932517,5.488520813921036,-11.26124536402995,12.527549954948512
1781470422.0,78840.0,2026-06-14T20:53:42+00:00,0.04033564814814815,5.256259269081056,-6.85008096229285,5.086301356554031,10.021094360570148,-9.999044900545616,-0.01546575089699085,0.6642244130357668,5.073933247701103,-11.452716782536735,12.526353032831434
1781470482.0,78900.0,2026-06-14T20:54:42+00:00,0.04103009259259259,4.868751063477248,-6.735824077390134,5.59728076774627,10.020260221802713,-9.993175848509642,-0.017128982944519092,0.7360420988969484,4.742085707333304,-11.5929262054321,12.5253069766888
1781470542.0,78960.0,2026-06-14T20:55:42+00:00,0.04172453703703704,4.463220278266817,-6.591169742867351,6.085055002942681,10.019568265172902,-9.98717725678804,-0.018229301504510163,0.8048020592184899,4.474481954232113,-11.697888638782434,12.524439602796765
1781470602.0,79020.0,2026-06-14T20:56:42+00:00,0.04241898148148148,4.04160483693704,-6.416631482541561,6.547756233252585,10.019023951004133,-9.981141206032246,-0.018777567547611614,0.8702347723439964,4.257315619864263,-11.777936013340641,12.523757943264739
1781470662.0,79080.0,2026-06-14T20:57:42+00:00,0.04311342592592592,3.6058882884681225,-6.212835225276649,6.98360104393214,10.018604465002099,-9.975134721151486,-0.018775985474235854,0.9320784212755604,4.080198503939823,-11.83990539158884,12.523233588547617
1781470722.0,79140.0,2026-06-14T20:58:42+00:00,0.04380787037037037,3.158101812005043,-5.980548010207713,7.390910901129246,10.01828954990921,-9.96922816933246,-0.01821561379523762,0.9900926244661911,3.9352572436432998,-11.88845250982151,12.522841237192477
1781470782.0,79200.0,2026-06-14T20:59:42+00:00,0.044502314814814814,2.7002988532185555,-5.720657758414745,7.768154096789658,10.018071528845969,-9.963504455531126,-0.017115378845863897,1.0440513327861716,3.8164586814575157,-11.926836587203432,12.522571135558659
1781470842.0,79260.0,2026-06-14T21:00:42+00:00,0.045196759259259256,2.2345495992340147,-5.434167658910155,8.113891647197306,10.017915337985253,-9.958016793149344,-0.015484098719169042,1.093750204152076,3.7191325197955463,-11.957342283735034,12.522379214438386
1781470902.0,79320.0,2026-06-14T21:01:42+00:00,0.045891203703703705,1.7629504452925175,-5.122198878787458,8.426829669624567,10.017802848293305,-9.95283345784225,-0.01333599183189005,1.1389917554799167,3.6396269697316157,-11.981638947270838,12.522242464572996
1781470962.0,79380.0,2026-06-14T21:02:42+00:00,0.04658564814814815,1.2876017747912556,-4.7859940133057535,8.705814138054848,10.017727129054762,-9.94802900753847,-0.01068571863499793,1.179602268898394,3.575083694245469,-12.000960876781564,12.522151787408646
1781471022.0,79440.0,2026-06-14T21:03:42+00:00,0.047280092592592596,0.8105834391899407,-4.426881396677345,8.949846318922937,10.017688033896613,-9.943679967018957,-0.007578775866723012,1.2154196066123153,3.5232466312451685,-12.016234158089283,12.522106458843579
1781471082.0,79500.0,2026-06-14T21:04:42+00:00,0.04797453703703704,0.3339576767757535,-4.04627368086949,9.15804114099592,10.017663199097305,-9.93983425740689,-0.004064512530660866,1.246296267171957,3.4823326444791505,-12.028125206958363,12.522077968175742
1781471142.0,79560.0,2026-06-14T21:05:42+00:00,0.04866898148148148,-0.1402235374553129,-3.645702842855826,9.329668393358588,10.01766061457952,-9.936561579154048,-0.00017572413431975368,1.2721116860159685,3.4509642239793874,-12.037160272328292,12.522075766297862
1781471202.0,79620.0,2026-06-14T21:06:42+00:00,0.04936342592592593,-0.6100008161447477,-3.2267476704437286,9.464147291146219,10.017688629265814,-9.933921231440078,0.003983557419348699,1.2927793979391542,3.428103870653585,-12.043726068312905,12.52210979653788
1781471262.0,79680.0,2026-06-14T21:07:42+00:00,0.05005787037037037,-1.0733528855489567,-2.7911105137318373,9.56100881844759,10.017747947678323,-9.931959701384235,0.008415523670221367,1.308197084637546,3.4129437765522437,-12.048104400962465,12.522180516124092
1781471322.0,79740.0,2026-06-14T21:08:42+00:00,0.05075231481481481,-1.5284329656860791,-2.340451732976362,9.619869200512767,10.017769466301475,-9.930640197350563,0.012950727995051379,1.3183029353573223,3.4049290641859793,-12.050393569949666,12.522201368881698
1781471382.0,79800.0,2026-06-14T21:09:42+00:00,0.05144675925925926,-1.9733096953714266,-1.8766500286292285,9.640588474459946,10.017819753703442,-9.930052809327757,0.017605349798759242,1.3230471923976437,3.4037375082791512,-12.050786287441662,12.52225535480164
1781471442.0,79860.0,2026-06-14T21:10:42+00:00,0.052141203703703703,-2.4062035410897806,-1.4015477115171961,9.623088187538087,10.017882896797465,-9.930191710971473,0.02226903327107088,1.3224123439599955,3.409251128231832,-12.049297576822182,12.52232268192139
1781471502.0,79920.0,2026-06-14T21:11:42+00:00,0.052835648148148145,-2.825368838850409,-0.9170737023450783,9.567445961758494,10.017971625146917,-9.931068710813854,0.026872085740980434,1.3163994964868089,3.4215556127519333,-12.045909962911031,12.522419480504295
1781471562.0,79980.0,2026-06-14T21:12:42+00:00,0.053530092592592594,-3.2291412143968046,-0.4251915924833156,9.47385327052325,10.018085478984428,-9.932670451548985,0.03132366780760472,1.3050337899837672,3.440943349601754,-12.040517350645558,12.522545636026457
1781471622.0,80040.0,2026-06-14T21:13:42+00:00,0.054224537037037036,-3.615907392464578,0.07208004966378212,9.342610911466181,10.018201457721164,-9.934950121062064,0.03554829497519578,1.288356650240801,3.4679146476996046,-12.03290931958996,12.522672985317646
1781471682.0,80100.0,2026-06-14T21:14:42+00:00,0.05491898148148148,-3.9841169398278,0.5726596126332879,9.174182658083737,10.018320930477747,-9.937874297851792,0.03950086532143854,1.2664313592864544,3.5032150034132985,-12.02281581756626,12.52280382116008
1781471742.0,80160.0,2026-06-14T21:15:42+00:00,0.05561342592592593,-4.332314772065729,1.0744670392014086,8.969179323874414,10.01846337750483,-9.94141923407341,0.043109513500724624,1.2393278939192989,3.5478494575332475,-12.009886495178609,12.522963283520099
1781471802.0,80220.0,2026-06-14T21:16:42+00:00,0.05630787037037037,-4.659147726371884,1.575388339580968,8.728311194106936,10.018628761353344,-9.94552895202595,0.046293442532324494,1.2071590779215924,3.603166879053715,-11.993603749608367,12.523152257356355
1781471862.0,80280.0,2026-06-14T21:17:42+00:00,0.05700231481481482,-4.963322312105447,2.073274075286463,8.452403582632542,10.018790350576168,-9.950112963962237,0.048993781681051826,1.1700477351567118,3.670884010917176,-11.973245596193182,12.523338194282179
1781471922.0,80340.0,2026-06-14T21:18:42+00:00,0.05769675925925926,-5.243629609700292,2.5659348843619227,8.142445317469537,10.018936523528467,-9.955087515595766,0.05118923876049181,1.1281406300444707,3.7532013301316773,-11.947874796684971,12.52350719174793
1781471982.0,80400.0,2026-06-14T21:19:42+00:00,0.0583912037037037,-5.498974345158786,3.0511877327226102,7.799579039216042,10.019076734809934,-9.960383453125027,0.05285846759148704,1.0816034703747426,3.8529235220715266,-11.916263309914482,12.52367162369511
1781472042.0,80460.0,2026-06-14T21:20:42+00:00,0.05908564814814815,-5.728377910330892,3.52684590453282,7.425100192427635,10.019234920166097,-9.965939645343257,0.05400157299629887,1.0306304871122287,3.973641902402614,-11.876753885987915,12.52386173817241
1781472102.0,80520.0,2026-06-14T21:21:42+00:00,0.05978009259259259,-5.930988607928157,3.9907672246918082,7.020421138964593,10.019439199749097,-9.971695818435746,0.05459525666922155,0.9754300282486162,4.119952900218259,-11.827062030797162,12.52411306960859
1781472162.0,80580.0,2026-06-14T21:22:42+00:00,0.060474537037037035,-6.106056245975196,4.4408418773673475,6.587072140537202,10.019706524815666,-9.977579214487035,0.05462136678200218,0.9162141498365808,4.29777213929465,-11.763967384460368,12.524447053021728
1781472222.0,80640.0,2026-06-14T21:23:42+00:00,0.061168981481481484,-6.252944784704596,4.8749861172400415,6.126700752414763,10.020043424730611,-9.983505023132986,0.05407265932536021,0.8532138267041145,4.514815447033653,-11.682844589377186,12.524871904347505
1781472282.0,80700.0,2026-06-14T21:24:42+00:00,0.061863425925925926,-6.371135090012103,5.291151811834425,5.641077239532024,10.020449204173858,-9.989381306534195,0.052957378553548436,0.7866758431211699,4.7812461598285925,-11.576916436337665,12.525386581452121
1781472342.0,80760.0,2026-06-14T21:25:42+00:00,0.06255787037037037,-6.4602444637566805,5.687352896668017,5.132098066154867,10.020936685927492,-9.995131229111058,0.05129224123974643,0.7168632241961693,5.110590572373591,-11.43602682659869,12.526006769003391
1781472402.0,80820.0,2026-06-14T21:26:42+00:00,0.06325231481481482,-6.520005960017443,6.061666962690651,4.601766862440854,10.021503995982691,-10.000666931578364,0.04910344045979316,0.6440435678329604,5.520940301979053,-11.244473005527357,12.526729620697095
1781472462.0,80880.0,2026-06-14T21:27:42+00:00,0.06394675925925926,-6.550294291228056,6.412242490798235,4.05219294782728,10.022149307853798,-10.005904293713419,0.04642572673220593,0.568507401762826,6.036494023824687,-10.977263073694521,12.527552222552035
1781472522.0,80940.0,2026-06-14T21:28:42+00:00,0.0646412037037037,-6.551132015883923,6.737304351292551,3.485595194157213,10.022872565737666,-10.010766113422752,0.043314860210427845,0.49057121220923666,6.688945413547301,-10.59342545334987,12.528473713150232
1781472582.0,81000.0,2026-06-14T21:29:42+00:00,0.06533564814814814,-6.522693486884236,7.035201939754188,2.9042844898067415,10.023695179657805,-10.0152044874762,0.039826376322920666,0.4105581426311247,7.516950123043874,-10.024187455923274,12.5295200747602
1781472642.0,81060.0,2026-06-14T21:30:42+00:00,0.0660300925925926,-6.465271390043199,7.30440061353147,2.3106302386149764,10.02462042021901,-10.019162524502233,0.036005796600236006,0.32878634353209096,8.029906492228495,-9.61971472231358,12.530694697925968
1781472702.0,81120.0,2026-06-14T21:31:42+00:00,0.06672453703703704,-6.379296968691051,7.543475261889398,1.7070880045648664,10.025647026342858,-10.02258782257079,0.031925584140370555,0.24558581545035446,7.8320034276111326,-9.78318082637738,12.53199524304532
1781472762.0,81180.0,2026-06-14T21:32:42+00:00,0.06741898148148148,-6.265351974405348,7.751148706302047,1.0961646637879312,10.026790044701754,-10.025454484554427,0.027655211565541408,0.1612952818001313,7.654025648133457,-9.924868093545781,12.53343988283216
1781472822.0,81240.0,2026-06-14T21:33:42+00:00,0.06811342592592592,-6.124149079434574,7.926278269849718,0.48039346578298137,10.02805400066225,-10.027737042070362,0.02325545855698058,0.0762629591309203,7.4958903461968935,-10.046825376334098,12.535033794320563
1781472882.0,81300.0,2026-06-14T21:34:42+00:00,0.0002314814814814815,-5.412323145195842,7.375285073183477,-0.1473651925480226,9.149305341867235,-9.14925208594808,-0.009677409056324726,-0.029679188819668627,6.6903018777793735,-9.275573220860684,11.436625279835223
1781472942.0,81360.0,2026-06-14T21:35:42+00:00,0.000925925925925926,-5.23582598939538,7.471655416302383,-0.7107483433792368,9.151211485852853,-9.150574276554718,-0.013519451339215807,-0.10714146020919672,6.582914132423441,-9.354998952709899,11.439001874292336
1781473002.0,81420.0,2026-06-14T21:36:42+00:00,0.0016203703703703703,-5.03719816962257,7.535992927849293,-1.2713839394273236,9.153194629749619,-9.151323746854134,-0.017213441162788057,-0.18425337930209784,6.493843593791678,-9.420047826172206,11.441473054987322
1781473062.0,81480.0,2026-06-14T21:37:42+00:00,0.0023148148148148147,-4.817546223290265,7.567851176485419,-1.8269115204457194,9.155256891344303,-9.151520954865246,-0.02068376756576935,-0.2607012484221754,6.423347610594617,-9.471362134027242,11.444041908365097
1781473122.0,81540.0,2026-06-14T21:38:42+00:00,0.0030092592592592593,-4.578077282756567,7.566937000490725,-2.375029082642868,9.157406309631932,-9.151202870162935,-0.023885665440396074,-0.3361633885402704,7.310577197544467,8.80811192696368,11.446718948204195
1781473182.0,81600.0,2026-06-14T21:39:42+00:00,0.003703703703703704,-4.32007395895198,7.53309244569391,-2.913455592468381,9.159625772676032,-9.150391351150658,-0.02676646877852223,-0.41032422839424393,6.461559870278125,9.451926394178475,11.449483329747084
1781473242.0,81660.0,2026-06-14T21:40:42+00:00,0.004398148148148148,-4.044893688522279,7.46630731690675,-3.4399476600810885,9.161885712343283,-9.149105078192383,-0.02927417996546553,-0.48287586046694353,5.791122910827421,9.880184232903126,11.452298679497396
1781473302.0,81720.0,2026-06-14T21:41:42+00:00,0.005092592592592593,-3.7539794966578484,7.366748291999102,-3.9523193831555545,9.164178684719449,-9.147393277590252,-0.03135434545953417,-0.5535197336895604,5.262862839458806,10.17461944156535,11.455156308302213
1781473362.0,81780.0,2026-06-14T21:42:42+00:00,0.005787037037037037,-3.44882653048262,7.23473263066262,-4.44847037922591,9.166496025711545,-9.145311138586246,-0.03297664797738371,-0.62196953986838,4.844390489554106,10.383578203127188,11.458045885566191
1781473422.0,81840.0,2026-06-14T21:43:42+00:00,0.006481481481481481,-3.130980138666928,7.070709134452045,-4.926365089137107,9.168807844219401,-9.142899293718218,-0.03411310040765037,-0.6879433737792079,4.5102967574284305,10.536135469403273,11.460930480100085
1781473482.0,81900.0,2026-06-14T21:44:42+00:00,0.007175925925925926,-2.8020515092648566,6.875285013578832,-5.3840310871601105,9.171086491033744,-9.140206460580039,-0.03471321987093437,-0.7511646133562985,4.241433128695321,10.650277228482675,11.463775993481852
1781473542.0,81960.0,2026-06-14T21:45:42+00:00,0.00787037037037037,-2.463664792943746,6.649213742464781,-5.819649262353778,9.1733311911098,-9.13731147524422,-0.034790042436222884,-0.8113777166680808,4.023522390675613,10.737493163606937,11.46658152488237
1781473602.0,82020.0,2026-06-14T21:46:42+00:00,0.008564814814814815,-2.117479681968689,6.393378283828497,-6.231465394608676,9.175519987874557,-9.134275125312989,-0.034333287033041775,-0.8683353087231948,3.8458578449466025,10.805307566815193,11.469319691115555
1781473662.0,82080.0,2026-06-14T21:47:42+00:00,0.009259259259259259,-1.7651753416284919,6.108782947994769,-6.617813371121883,9.17761008691285,-9.131139089394688,-0.03333410068801543,-0.9217996936776411,3.7003390425787077,10.858767336661304,11.471936937665527
1781473722.0,82140.0,2026-06-14T21:48:42+00:00,0.009953703703703704,-1.408454154850915,5.796584696508944,-6.977168804965913,9.17959812753848,-9.127984911899357,-0.03179234474124813,-0.9715464363896903,3.580791028063204,10.901396830113015,11.474428841308661
1781473782.0,82200.0,2026-06-14T21:49:42+00:00,0.010648148148148148,-1.0490050825756043,5.4580474412068725,-7.3081333367154,9.181476264792352,-9.124888081109578,-0.029732570754449135,-1.0173690984131512,3.4824535500651033,10.93568080792688,11.476785153570722
1781473842.0,82260.0,2026-06-14T21:50:42+00:00,0.011342592592592593,-0.6884988530073315,5.0945423459634185,-7.609425340779126,9.183231805976499,-9.121915829345003,-0.027191919045939685,-1.059083851346081,3.401630321789213,10.96339863337343,11.478989434631002
1781473902.0,82320.0,2026-06-14T21:51:42+00:00,0.012037037037037037,-0.32858486752957106,4.7075296812690794,-7.879872242920101,9.184834798728904,-9.119114157624042,-0.024222538853259392,-1.096522014723702,3.335422598732661,10.985827193820104,11.481003573059883
1781473962.0,82380.0,2026-06-14T21:52:42+00:00,0.01273148148148148,0.029099208652041852,4.298583604861051,-8.118399715051055,9.186244156632538,-9.116512168033529,-0.020859786840687455,-1.1295363936832727,3.2815550588768536,11.003887116301549,11.482775590977447
1781474022.0,82440.0,2026-06-14T21:53:42+00:00,0.013425925925925926,0.3829276471515186,3.8693844615481794,-8.324080925434828,9.187442133010222,-9.114157309077871,-0.01713936273670991,-1.157987795721012,3.2382333043457674,11.01828452166961,11.48428268259878
1781474082.0,82500.0,2026-06-14T21:54:42+00:00,0.01412037037037037,0.7313139483740088,3.421686179470271,-8.49611873459071,9.188405191007169,-9.112084350168919,-0.013116073242592738,-1.1817515467122754,3.2040476946193333,11.029536203979816,11.485494787091104
1781474142.0,82560.0,2026-06-14T21:55:42+00:00,0.014814814814814815,1.0727051940921228,2.957341006025672,-8.633834308944643,9.189105350014373,-9.110314686252394,-0.008830258922595997,-1.200727062093656,3.177914604902855,11.038011650734122,11.486376384125547
1781474202.0,82620.0,2026-06-14T21:56:42+00:00,0.015509259259259259,1.40559710143134,2.4782907064072788,-8.736710999161005,9.189545533913947,-9.108891100486375,-0.0043222576573804915,-1.2148379963792073,3.1590316269160557,11.04400719234041,11.486930646796935
1781474262.0,82680.0,2026-06-14T21:57:42+00:00,0.016203703703703703,1.7285596957663074,1.98652556957677,-8.804380726069212,9.189740063243848,-9.107857222887803,0.00034035595719770443,-1.2240339544462568,3.1468389993514845,11.047741643793767,11.48717507117631
1781474322.0,82740.0,2026-06-14T21:58:42+00:00,0.016898148148148148,2.04020689742174,1.4840878789545968,-8.836596036329865,9.189689359604484,-9.107234221069751,0.00509576928358311,-1.2282708991665239,3.140966677074958,11.049344910771746,11.487109933472945
1781474382.0,82800.0,2026-06-14T21:59:42+00:00,0.017592592592592594,2.3392645351123065,0.9729943039710633,-8.833352083340287,9.189504094838117,-9.10714566068897,0.009795465576424871,-1.2275127180175174,3.1412434957560453,11.049020510189584,11.486873592680462
1781474442.0,82860.0,2026-06-14T22:00:42+00:00,0.018287037037037036,2.6244007060304284,0.4554728736547986,-8.7943375390023,9.188868665638518,-9.107268690795273,0.01448293609355007,-1.2217833656486046,3.1476569585785077,11.046361195860733,11.486071565087231
1781474502.0,82920.0,2026-06-14T22:01:42+00:00,0.01898148148148148,2.894549791002646,-0.06634915590984747,-8.720032410696149,9.188132886864159,-9.10794088086651,0.019014605411755335,-1.2111305883744796,3.160506457287885,11.041724255979736,11.48514151465491
1781474562.0,82980.0,2026-06-14T22:02:42+00:00,0.019675925925925927,3.1485783741809428,-0.5902072828030214,-8.610770864412189,9.187342667738232,-9.109186458877966,0.02343469215553423,-1.1955911370704186,3.180196727221349,11.035027988070269,11.484140974462283
1781474622.0,83040.0,2026-06-14T22:03:42+00:00,0.020370370370370372,3.3854553147684783,-1.1139530572108924,-8.46661020256579,9.186168266701559,-9.110639535420864,0.027554469360323013,-1.1752342026163578,3.20728993937688,11.025640186347106,11.48265867619605
1781474682.0,83100.0,2026-06-14T22:04:42+00:00,0.021064814814814814,3.6042582027148455,-1.6352941249497235,-8.288351443596184,9.184858938464721,-9.112508734560608,0.03141498159494556,-1.1501440696640204,3.2426908571500976,11.013558310498329,11.48100651745271
1781474742.0,83160.0,2026-06-14T22:05:42+00:00,0.02175925925925926,3.8041736595332623,-2.1520497798919678,-8.07660164590925,9.183384432425976,-9.11471088509976,0.03488404129190385,-1.1204366195509945,3.2875459882431324,10.99831231495785,11.479147721070891
1781474802.0,83220.0,2026-06-14T22:06:42+00:00,0.022453703703703705,3.9844388333149254,-2.661960296332836,-7.832150311209261,9.181740789907746,-9.117181616060815,0.03793000681587074,-1.0862433555154196,3.343335576504799,10.979318190229886,11.477078055822203
1781474862.0,83280.0,2026-06-14T22:07:42+00:00,0.023148148148148147,4.144412455148995,-3.162834688089788,-7.555932201445103,9.179966737162678,-9.119893201785988,0.04047502818741684,-1.0477113416987236,3.411953935872785,10.955851467707149,11.474846885382771
1781474922.0,83340.0,2026-06-14T22:08:42+00:00,0.023842592592592592,4.283490808214992,-3.6524539990350604,-7.2489578276872635,9.178022843004804,-9.122735562879765,0.04247855680332852,-1.0049849395382633,3.4957632955469746,10.92683535978439,11.472405676157372
1781474982.0,83400.0,2026-06-14T22:09:42+00:00,0.024537037037037038,4.401184801477939,-4.128617012407631,-6.91243688762188,9.175929915668373,-9.125653266782159,0.04394159520309557,-0.9582334829971778,3.5977997950865217,10.890900330058592,11.469780876930256
1781475042.0,83460.0,2026-06-14T22:10:42+00:00,0.025231481481481483,4.497130753938109,-4.589190748985857,-6.54768537171185,9.173714649776429,-9.128592063315965,0.044834799148474345,-0.9076548120694065,3.721963090851518,10.846161792061295,11.467006360390284
1781475102.0,83520.0,2026-06-14T22:11:42+00:00,0.025925925925925925,4.5710459081456065,-5.032079882919788,-6.156133381649852,9.1713830393853,-9.131475915050412,0.04514642090004904,-0.8534496286591852,3.8732510952403336,10.789962151366137,11.46408990171894
1781475162.0,83580.0,2026-06-14T22:12:42+00:00,0.02662037037037037,4.6227693716064095,-5.455246081575751,-5.739354762248695,9.168963930595249,-9.134249530537785,0.04488848938252816,-0.7958455239227666,4.058183123389431,10.718545582291396,11.461067562082565
1781475222.0,83640.0,2026-06-14T22:13:42+00:00,0.027314814814814816,4.65224097436294,-5.856740307994187,-5.299003716092557,9.166471158629586,-9.13684379399417,0.04404732835432394,-0.7350774238153698,4.285302879205024,10.62642696625657,11.457956660579045
1781475282.0,83700.0,2026-06-14T22:14:42+00:00,0.028009259259259258,4.659535889048129,-6.234642556868494,-4.836887433659285,9.163925062937516,-9.139194700331307,0.04268102339266451,-0.6714321401397374,4.565987967552817,10.50541700837305,11.454782086083124
1781475342.0,83760.0,2026-06-14T22:15:42+00:00,0.028703703703703703,4.644761142786592,-6.5872413301840425,-4.354877312667668,9.1613596602258,-9.141263746846452,0.04076750873037214,-0.6050999461537605,4.915312377546389,10.343042614948779,11.451586191594036
1781475402.0,83820.0,2026-06-14T22:16:42+00:00,0.02939814814814815,4.608210439328104,-6.912829746492207,-3.854965280741453,9.158797730752768,-9.142996835784485,0.03836579904884,-0.5363886642541358,5.353605010280681,10.119520779043826,11.448396717602083
1781475462.0,83880.0,2026-06-14T22:17:42+00:00,0.03009259259259259,4.550254664383829,-7.209886319003999,-3.3392052953131497,9.156285832582729,-9.144373131877813,0.035490293251771166,-0.4655649385760003,5.907668355289514,9.802738905653413,11.445271313887678
1781475522.0,83940.0,2026-06-14T22:18:42+00:00,0.030787037037037036,4.471360980998725,-7.476962595246732,-2.8097235742025077,9.153828993188913,-9.145335694180927,0.03218409899658623,-0.3929178808071516,6.611167895126335,9.33899111423162,11.442215518388313
1781475582.0,84000.0,2026-06-14T22:19:42+00:00,0.03148148148148148,4.37210796168074,-7.712764202617109,-2.2687046360224485,9.151452365568746,-9.145855406990146,0.028478721195474798,-0.3187447821407714,7.500109436587216,8.63742029294,11.43926006687829
1781475642.0,84060.0,2026-06-14T22:20:42+00:00,0.03217592592592593,4.253162150736898,-7.9161059111356735,-1.718399792443961,9.149154000422635,-9.145884494221573,0.024430274090726137,-0.2433493445949482,5.055353866050872,10.258395673645216,11.43640172904303
1781475702.0,84120.0,2026-06-14T22:21:42+00:00,0.03287037037037037,4.115293127018958,-8.085961597971618,-1.161102749640122,9.146943318966345,-9.145395850309924,0.02009032276604091,-0.16704251090133382,4.899257448459874,10.330811423667981,11.433651569716405
1781475762.0,84180.0,2026-06-14T22:22:42+00:00,0.03356481481481482,3.959352624602616,-8.221448997035623,-0.5991670058574528,9.144818091012738,-9.144360732720987,0.015538101736019558,-0.09012921268258411,4.760704226859481,10.392477857678793,11.43100611311103
1781475822.0,84240.0,2026-06-14T22:23:42+00:00,0.03425925925925926,3.7862798739224672,-8.321873034350574,-0.034934251900267554,9.14279533214418,-9.142779814752737,0.010816146831717612,-0.012913380463748214,4.638971372425285,10.444627360227562,11.42848616782623
1781475882.0,84300.0,2026-06-14T22:24:42+00:00,0.0349537037037037,3.5970840556547046,-8.386651644483209,0.5292029850534163,9.140842155334903,-9.140614036927506,0.006010087331891779,0.06429786560798328,4.533542324654683,10.48816560324952,11.426050224404834
1781475942.0,84360.0,2026-06-14T22:25:42+00:00,0.03564814814814815,3.3928715721704066,-8.41541782207787,1.0908671128563583,9.138972900895347,-9.137882052567324,0.0011899937740612162,0.14119440705037734,4.444152341663182,10.523820498355722,11.423716029275342
1781476002.0,84420.0,2026-06-14T22:26:42+00:00,0.03634259259259259,3.174819251522422,-8.407964073121548,1.6476272661238909,9.137177504175726,-9.134588374874443,-0.003506843526750936,0.21747566868986237,4.370737971977055,10.552092222655045,11.421471039016785
1781476062.0,84480.0,2026-06-14T22:27:42+00:00,0.037037037037037035,2.9442045777104795,-8.364359845407307,2.1972250109538436,9.135570806886376,-9.13087316557566,-0.008058828990873197,0.29282120326280153,7.5677590419280225,-8.551787440740881,11.419459065485405
1781476122.0,84540.0,2026-06-14T22:28:42+00:00,0.037731481481481484,2.702277166303247,-8.284643271006644,2.7373560331761837,9.134042591521325,-9.126661350017907,-0.012402415737444106,0.3669234877993238,6.658222776267673,-9.275146958002486,11.417542714216241
1781476182.0,84600.0,2026-06-14T22:29:42+00:00,0.038425925925925926,2.4504282088018954,-8.16924428101629,3.2657784852199256,9.132713706447541,-9.122118484461822,-0.01642515780519831,0.4394817556688805,5.937698534680188,-9.750174755591738,11.415873670171797
1781476242.0,84660.0,2026-06-14T22:30:42+00:00,0.03912037037037037,2.1899593092966825,-8.018553194589913,3.7804606165736914,9.131538730373324,-9.117251962810073,-0.020227046793126806,0.510202996386669,5.3703198509645915,-10.072144125152553,11.414395410161216
1781476302.0,84720.0,2026-06-14T22:31:42+00:00,0.03981481481481482,1.922315529314801,-7.833202048204839,4.2791507709771395,9.130470012162549,-9.112075946487801,-0.023599857056142978,0.5787898022468586,4.921696860581921,-10.297310153761853,11.41304939051036
1781476362.0,84780.0,2026-06-14T22:32:42+00:00,0.04050925925925926,1.64888501400128,-7.614016809500754,4.759928818326443,9.129567137618992,-9.10671621521004,-0.02657336359258719,0.6449881799463514,4.564346332079986,-10.459371188046054,11.411910580113215
1781476422.0,84840.0,2026-06-14T22:33:42+00:00,0.0412037037037037,1.371092377230525,-7.361929095350206,5.220839612185955,9.128803895803303,-9.101219031262437,-0.02907818251295009,0.7085387585176544,4.277381912800021,-10.578927873478609,11.410946979993001
1781476482.0,84900.0,2026-06-14T22:34:42+00:00,0.04189814814814815,1.0903490334749222,-7.078016565181315,5.660118575207889,9.128204741196058,-9.095685578100998,-0.03113200944288271,0.7691920823225958,4.04522478838518,-10.669047864800612,11.41018956590873
1781476542.0,84960.0,2026-06-14T22:35:42+00:00,0.04259259259259259,0.808075841050595,-6.76346284057945,6.076015334576368,9.127725812424245,-9.090152383834038,-0.032699063755626354,0.8267036450274607,3.856200835972356,-10.738171322881781,11.409584052318234
1781476602.0,85020.0,2026-06-14T22:36:42+00:00,0.043287037037037034,0.5256729669636115,-6.419604241847992,6.466948319226503,9.127380306182905,-9.084714336140228,-0.033788337161817984,0.880849040809829,3.701542593637033,-10.791998074062317,11.409147207529314
1781476662.0,85080.0,2026-06-14T22:37:42+00:00,0.04398148148148148,0.2445257178042084,-6.0478587578982115,6.831393764354289,9.127120528721663,-9.079406492907506,-0.03440039791670277,0.9314094131930465,3.5745552531061073,-10.834376769803018,11.408819625515855
1781476722.0,85140.0,2026-06-14T22:38:42+00:00,0.044675925925925924,-0.033996989484876394,-5.649781590793282,7.167964039370418,9.126932468725085,-9.074297172131446,-0.034542513384783945,0.9781788871594382,3.470099334242481,-10.868035549703103,11.408583877901785
1781476782.0,85200.0,2026-06-14T22:39:42+00:00,0.04537037037037037,-0.30854410130996257,-5.22706152824685,7.475361253134906,9.126795579358735,-9.069445874711151,-0.03418702925110585,1.0209702836605934,3.384188915575627,-10.894915574477706,11.408414438093569
1781476842.0,85260.0,2026-06-14T22:40:42+00:00,0.046064814814814815,-0.5777918238891289,-4.781464901287109,7.752427589148283,9.126685242681548,-9.064906851720455,-0.03333532631039593,1.059592395514637,3.313682967067917,-10.916426527186124,11.408280454550937
1781476902.0,85320.0,2026-06-14T22:41:42+00:00,0.04675925925925926,-0.8404861125163734,-4.314860583748668,7.998167944140732,9.126616526687268,-9.0607670863623,-0.032012697747457526,1.0938940620908872,3.2561449245127636,-10.933643417220079,11.408200477917198
1781476962.0,85380.0,2026-06-14T22:42:42+00:00,0.047453703703703706,-1.0954230113929952,-3.8291738885454834,8.211707510054111,9.126591065304007,-9.057094841109418,-0.030262080625410838,1.1237356089900943,3.2096491645801994,-10.947357423252411,11.408176116808946
1781477022.0,85440.0,2026-06-14T22:43:42+00:00,0.04814814814814815,-1.3414585480059031,-3.3263941486366093,8.392283888533711,9.126600568330165,-9.05394068821423,-0.028133729989240273,1.1490014975535148,3.1726912710771464,-10.958146633475272,11.408196506999454
1781477082.0,85500.0,2026-06-14T22:44:42+00:00,0.04884259259259259,-1.5775152509449981,-2.808606100268662,8.539247463457286,9.126640665414197,-9.051348481834276,-0.025654043291695752,1.1696163328422053,3.1441325817456254,-10.966436515499984,11.408255762389176
1781477142.0,85560.0,2026-06-14T22:45:42+00:00,0.04953703703703704,-1.802542004501447,-2.2778893921058625,8.652117243036628,9.126722881073592,-9.049376792971257,-0.02290427405521418,1.1854642976384817,3.123048004475693,-10.972576005493774,11.408367676166355
1781477202.0,85620.0,2026-06-14T22:46:42+00:00,0.05023148148148148,-2.015590375289321,-1.736410106997937,8.730502152815461,9.126850084282033,-9.04805922015148,-0.019937647259502683,1.1965029460107794,3.1088185397153425,-10.976790373253108,11.408535384141995
1781477262.0,85680.0,2026-06-14T22:47:42+00:00,0.05092592592592592,-2.2157610851572827,-1.1863644674886018,8.774125906638801,9.127011737790582,-9.047408312402027,-0.016812616112968175,1.2026900791081663,3.1010137870432324,-10.97921596365078,11.408745315937084
1781477322.0,85740.0,2026-06-14T22:48:42+00:00,0.05162037037037037,-2.402232686872594,-0.629986119485693,8.782849826849997,9.127215099559272,-9.047443380532822,-0.013590816820777629,1.2040095678082279,3.0994105829989236,-10.979939758745637,11.409006226121928
1781477382.0,85800.0,2026-06-14T22:49:42+00:00,0.052314814814814814,-2.574250700417906,-0.06952286092564464,8.75666727963835,9.127476208847781,-9.048183429732779,-0.010343186881826767,1.200454740286599,3.103961465095179,-10.97899883189051,11.409337935544242
1781477442.0,85860.0,2026-06-14T22:50:42+00:00,0.053009259259259256,-2.731117367744446,0.4926815408980474,8.695672180503607,9.127784607883852,-9.049609127612511,-0.007063270822609628,1.1920472287451376,3.114809307370083,-10.976330946099136,11.40972734378753
1781477502.0,85920.0,2026-06-14T22:51:42+00:00,0.053703703703703705,-2.8722910603974015,1.0545744504779577,8.600137953646481,9.12822852633469,-9.051792796871696,-0.004045386607276476,1.1788073745694339,3.13228002759486,-10.971937616185969,11.41028453741388
1781477562.0,85980.0,2026-06-14T22:52:42+00:00,0.05439814814814815,-2.9971263334155083,1.6135783705394715,8.470176837407053,9.128542987425345,-9.054438364828853,-0.001103145173160217,1.16079358796411,3.1568597561479312,-10.965300896717327,11.41067865096271
1781477622.0,86040.0,2026-06-14T22:53:42+00:00,0.055092592592592596,-3.105235587572679,2.167652214411646,8.306496021337807,9.129024062268233,-9.057812169715525,0.001494362218955171,1.1380319830774694,3.1893029893051965,-10.956534852222303,11.411279924949396
1781477682.0,86100.0,2026-06-14T22:54:42+00:00,0.05578703703703704,-3.196202527731657,2.71427279477939,8.109483839012682,9.129442235863351,-9.061629463968936,0.0038573707622970477,1.110662917534615,3.2306381089508616,-10.944962183038598,11.411801776194267
1781477742.0,86160.0,2026-06-14T22:55:42+00:00,0.05648148148148148,-3.2697535548359156,3.2513189371675253,7.879916029050946,9.129920030615839,-9.06596295016199,0.005796874497497171,1.0787594486151444,3.2821641905498353,-10.930243380360169,11.412397737882909
1781477802.0,86220.0,2026-06-14T22:56:42+00:00,0.05717592592592593,-3.3256591504905373,3.776421182323247,7.618593307211995,9.130406875503224,-9.070697372762229,0.007351523602365106,1.0424609532743572,3.345575098220928,-10.911636357227941,11.413004894865097
1781477862.0,86280.0,2026-06-14T22:57:42+00:00,0.05787037037037037,-3.3637911891564727,4.287309971172363,7.326489310711622,9.130912526858,-9.075773270975125,0.008515423579619671,1.001913466596335,3.423024255502566,-10.888249846902617,11.413635695182046
1781477922.0,86340.0,2026-06-14T22:58:42+00:00,0.05856481481481481,-3.384098588488996,4.781824865844101,7.00464588124305,9.131431225488882,-9.081112121561446,0.009202095740085767,0.9572639045201572,3.51722512246347,-10.858866848364848,11.414283236042694
1781477982.0,86400.0,2026-06-14T22:59:42+00:00,0.05925925925925926,-3.3866572896949947,5.25782030262053,6.6542986165732145,9.132021244555943,-9.08669171863073,0.009399057765340132,0.9087118791464676,3.6317039526279045,-10.821895380794627,11.415020509504012
1781478042.0,86460.0,2026-06-14T23:00:42+00:00,0.059953703703703703,-3.3715546038001776,5.7131824772804976,6.276746596209705,9.132654723471221,-9.092406205449404,0.009097283108507019,0.8564163313987211,3.7708856435186417,-10.77502677448997,11.415812740557314
1781478102.0,86520.0,2026-06-14T23:01:42+00:00,0.060648148148148145,-3.3390778116881847,6.145826959982514,5.873422793112695,9.13333044191504,-9.098164098067897,0.008321969691101388,0.8006658170927645,3.9406528139352894,-10.715005480199235,11.416658313213887
1781478162.0,86580.0,2026-06-14T23:02:42+00:00,0.061342592592592594,-3.289502686355263,6.553801299072802,5.445894623175263,9.13405209301962,-9.10388966974632,0.007084030588830987,0.7416537841829953,4.148536424968711,-10.637215815399003,11.417561682455096
1781478222.0,86640.0,2026-06-14T23:03:42+00:00,0.062037037037037036,-3.223229041788727,6.935245245695114,4.995837805327028,9.13483592906308,-9.109517524162655,0.005399058125343521,0.6796239975505595,4.404542107052609,-10.534853163315907,11.418542916914864
1781478282.0,86700.0,2026-06-14T23:04:42+00:00,0.06273148148148149,-3.1407372809480876,7.288402237929404,4.525030755903572,9.135695988356048,-9.114983016162183,0.003288433236877903,0.6148292388513986,4.721998705843098,-10.39761664697447,11.419619245641446
1781478342.0,86760.0,2026-06-14T23:05:42+00:00,0.06342592592592593,-3.042586494004354,7.611622530966997,4.035334981046617,9.13663277891153,-9.120211833224397,0.0007703844218343418,0.5475345288675332,5.118758664638662,-10.209445394800767,11.420790933041019
1781478402.0,86820.0,2026-06-14T23:06:42+00:00,0.06412037037037037,-2.9294174623209983,7.903378405608237,3.528728573117405,9.13765846557645,-9.125146677470209,-0.0021098969082634397,0.4780124438865917,5.618628838771342,-9.944584280213878,11.42207277748439
1781478462.0,86880.0,2026-06-14T23:07:42+00:00,0.06481481481481481,-2.801937928190455,8.162288798950613,3.007271011825651,9.13879059446455,-9.129742408520874,-0.005309477641357772,0.40653276986779935,6.252432664995401,-9.560498175396637,11.423486315134443
1781478522.0,86940.0,2026-06-14T23:08:42+00:00,0.06550925925925925,-2.6609321658033878,8.387116493657231,2.473074224544689,9.140042625135377,-9.133956380744733,-0.008799141117254623,0.33338056191052245,7.056508017701503,-8.9854001637657,11.425047987071489
1781478582.0,87000.0,2026-06-14T23:09:42+00:00,0.06620370370370371,-2.5072537364903837,8.576725021004677,1.9283028524369001,9.141383116125752,-9.137708637989107,-0.012542580377566299,0.25886059314943327,2.72374895996512,-11.097345585308013,11.426718139372579
1781478642.0,87060.0,2026-06-14T23:10:42+00:00,0.06689814814814815,-2.3418188230134547,8.730133678764105,1.3752459066454321,9.14279228423442,-9.140940510353746,-0.01644271627919877,0.1832674982410718,2.592791142000883,-11.130471843229609,11.428471873306831
1781478702.0,87120.0,2026-06-14T23:11:42+00:00,0.06759259259259259,-2.1656054914928973,8.846597316674888,0.8162161055952311,9.144306423081883,-9.143658809066771,-0.020436158517008814,0.10689202971830265,2.4728585717410416,-11.159658333179134,11.430354483966262
1781478762.0,87180.0,2026-06-14T23:12:42+00:00,0.06828703703703703,-1.979648118140176,8.925524922087789,0.25351546888123266,9.145942920192988,-9.145860791363548,-0.0244894896191396,0.030042458710285307,2.36313187280376,-11.185485930816728,11.432387666483322
1781478822.0,87240.0,2026-06-14T23:13:42+00:00,0.06898148148148148,-1.5018895082175732,7.55014689732343,-0.26110425664228387,7.70250385906384,-7.702358864774604,-0.02393050637622181,-0.04075472961517047,1.9040058033024478,-9.437942096134485,9.628083355943527
1781478882.0,87300.0,2026-06-14T23:14:42+00:00,0.06967592592592593,-1.3317515812814236,7.552415573969483,-0.7351311768870801,7.7040872998307695,-7.703318054891537,-0.027247128325604927,-0.10540238419427239,1.8275091470968894,-9.455054313076843,9.630048896342936
1781478942.0,87360.0,2026-06-14T23:15:42+00:00,0.07037037037037037,-1.1562207965180278,7.522371602244675,-1.2062932604458183,7.705716351044522,-7.7037877273255235,-0.030451775245465856,-0.16968153832390578,1.7584915038260966,-9.470189251669636,9.632070225629985
1781479002.0,87420.0,2026-06-14T23:16:42+00:00,0.07106481481481482,-0.9763205521740019,7.460101171396673,-1.6725923416670412,7.707391027414828,-7.703786030222037,-0.03346751693261146,-0.23331775616258937,1.6968927602851918,-9.483531082655508,9.634147955870382
1781479062.0,87480.0,2026-06-14T23:17:42+00:00,0.07175925925925926,-0.7930674477247521,7.365837127901614,-2.132088121958077,7.709105806201473,-7.703333644148827,-0.03625836538725103,-0.2960547737724376,5.95015921905884,7.579803039324733,9.63627567305478
1781479122.0,87540.0,2026-06-14T23:18:42+00:00,0.0724537037037037,-0.607499070931226,7.239958582445979,-2.5828464468941092,7.710846332598583,-7.7024505797914795,-0.03876416679321086,-0.3576360862549222,5.276156368560458,8.0660786484203,9.63843611733786
1781479182.0,87600.0,2026-06-14T23:19:42+00:00,0.07314814814814814,-0.420660121133551,7.0830062022432685,-3.0229979078285396,7.712616167634977,-7.7011823180963015,-0.0409439466044164,-0.4178069481731492,4.744769901121193,8.392198128802255,9.640634359193262
1781479242.0,87660.0,2026-06-14T23:20:42+00:00,0.0738425925925926,-0.2335905081126839,6.89565190859139,-3.4507222971878946,7.714406272828138,-7.699568450118823,-0.04276098818665684,-0.4763206084920592,4.325572785529288,8.618245950586825,9.642859699680267
1781479302.0,87720.0,2026-06-14T23:21:42+00:00,0.07453703703703704,-0.04731860454194248,6.678704061545432,-3.8642661455087364,7.716208903040676,-7.697655602640948,-0.044190224241151745,-0.5329402242054316,3.99276564206034,8.77985384604815,9.645102955924525
1781479362.0,87780.0,2026-06-14T23:22:42+00:00,0.07523148148148148,0.1371437394991517,6.4331007013097405,-4.26194397546351,7.718015255780815,-7.695494097520624,-0.04521318739477353,-0.5874400830520742,3.7264304855508965,8.898603594052986,9.647353527664249
1781479422.0,87840.0,2026-06-14T23:23:42+00:00,0.07592592592592592,0.3188005972187966,6.159903329797089,-4.642135662026703,7.719809994934618,-7.693131787421369,-0.04580974009483628,-0.639602319392101,3.511624639547984,8.987943570051328,9.649592593861543
1781479482.0,87900.0,2026-06-14T23:24:42+00:00,0.07662037037037037,0.49667647742899135,5.860297895036638,-5.003306536003947,7.721583725831246,-7.69062572595882,-0.04596559854243973,-0.6892157441563106,3.3371927538622406,9.056520000621177,9.651808638699901
1781479542.0,87960.0,2026-06-14T23:25:42+00:00,0.07731481481481481,0.669831270868599,5.535573516972363,-5.344018834643066,7.7233273527838415,-7.688034903434468,-0.04568664907435176,-0.7360825034795933,3.1947670011893443,9.110048964394592,9.653990279959647
1781479602.0,88020.0,2026-06-14T23:26:42+00:00,0.07800925925925926,0.8373600634149625,5.18711272161454,-5.662910092622042,7.72501527374919,-7.685402307431302,-0.044982210577675964,-0.7800185595993536,3.078009004912892,9.152389403048488,9.656105385680043
1781479662.0,88080.0,2026-06-14T23:27:42+00:00,0.0787037037037037,0.9983839076885488,4.816408587619662,-5.958702840842307,7.726622914022015,-7.682772475453747,-0.04385170454747623,-0.8208445491739806,2.9820617783017918,9.186220618042967,9.658123093695076
1781479722.0,88140.0,2026-06-14T23:28:42+00:00,0.07939814814814815,1.152060067106504,4.425048194359988,-6.230233953334391,7.72813748803104,-7.680201322817924,-0.04230723335148208,-0.858386144402785,2.9031653653278755,9.213455079674544,9.660027103669016
1781479782.0,88200.0,2026-06-14T23:29:42+00:00,0.08009259259259259,1.2975876203854568,4.014697026461363,-6.476443403400481,7.729543647868541,-7.677740495598745,-0.04036933034507594,-0.8924775648247595,2.8383811393397336,9.235471235819052,9.661797785081232
1781479842.0,88260.0,2026-06-14T23:30:42+00:00,0.08078703703703703,1.4342168777948245,3.5870753754861653,-6.696382735855877,7.730823342118185,-7.675435841242916,-0.03808519981258324,-0.9229646318024788,2.7853983395485202,9.253274332822377,9.663411912385245
1781479902.0,88320.0,2026-06-14T23:31:42+00:00,0.08148148148148149,1.5612511571962386,3.144011290743947,-6.889183162711561,7.731956855903975,-7.673326080189257,-0.03546128349772496,-0.9497190037166526,2.7424093700391436,9.267599933799183,9.664844421191328
1781479962.0,88380.0,2026-06-14T23:32:42+00:00,0.08217592592592593,1.6780624941457063,2.6873624897561967,-7.054098119959235,7.7329238436454,-7.671442919027376,-0.03254573363064313,-0.9726332746450415,2.708000581946343,9.278988442449904,9.66606919419371
1781480022.0,88440.0,2026-06-14T23:33:42+00:00,0.08287037037037037,1.7840780571568757,2.219056653790176,-7.190489397384226,7.733710928180215,-7.6698187826965745,-0.02937486760154809,-0.9916156908814578,2.6810718787476193,9.287845563022833,9.667068926079622
1781480082.0,88500.0,2026-06-14T23:34:42+00:00,0.08356481481481481,1.878778181038797,1.7410729059483856,-7.297832227312028,7.734306532286463,-7.668481709227011,-0.025982199758829684,-1.0065836954349703,2.660772736332545,9.294471396501152,9.667828613229997
1781480142.0,88560.0,2026-06-14T23:35:42+00:00,0.08425925925925926,1.961712799151428,1.2554216934368014,-7.375724264420569,7.734708084955023,-7.667460498111488,-0.022413059756962964,-1.0174754661026753,2.6464777338928895,9.299088194615067,9.668344514301305
1781480202.0,88620.0,2026-06-14T23:36:42+00:00,0.0849537037037037,2.032493718666956,0.7641389422351494,-7.42388800624758,7.73492418636198,-7.666787587207259,-0.018718410604783377,-1.0242411251832617,2.6377481598809136,9.301861705686656,9.668626921475202
1781480262.0,88680.0,2026-06-14T23:37:42+00:00,0.08564814814814815,2.090804999344982,0.2692679260217119,-7.442142127081752,7.734949915865966,-7.666472155349544,-0.014962266358114597,-1.0268549180826143,2.634323507315627,9.302876211249725,9.6686693057024
1781480322.0,88740.0,2026-06-14T23:38:42+00:00,0.0863425925925926,2.1364029109245166,-0.2271232909988612,-7.4304168820381165,7.734784898625038,-7.666518204296057,-0.011200228960504162,-1.0253148814224518,2.6361134170469547,9.302163042846441,9.668470986833086
1781480382.0,88800.0,2026-06-14T23:39:42+00:00,0.08703703703703704,2.169106889748946,-0.722957905032672,-7.388761010952294,7.7344348279996735,-7.666927594547372,-0.007485690775628201,-1.0196309788232274,2.6431793864507114,9.299708649743659,9.668039006906984
1781480442.0,88860.0,2026-06-14T23:40:42+00:00,0.08773148148148148,2.188807860016823,-1.216159719740972,-7.317330822348595,7.733902939375734,-7.667690331711965,-0.0038721853010914207,-1.0098339758774628,2.6557463888982116,9.295439641069652,9.667377462523898
1781480502.0,88920.0,2026-06-14T23:41:42+00:00,0.08842592592592592,2.1954609595704824,-1.7046511466614902,-7.216405627317727,7.733200794935783,-7.66879688687505,-0.00040102902661834366,-0.9959662051629449,2.6742027279162595,9.289234682111072,9.666500980671856
1781480562.0,88980.0,2026-06-14T23:42:42+00:00,0.08912037037037036,2.1891002047341317,-2.1863877060823143,-7.086393128149211,7.732361765615682,-7.670250624026146,0.0028770306094459217,-0.9780928185385401,2.6991329713655405,9.280928543835376,9.665451537972285
1781480622.0,89040.0,2026-06-14T23:43:42+00:00,0.08981481481481482,2.169818095397204,-2.6593609103001654,-6.927781282924116,7.731394733318134,-7.6720232144971945,0.005896737159978553,-0.9562894682502661,2.7313196999175426,9.270244828621145,9.66424060574522
1781480682.0,89100.0,2026-06-14T23:44:42+00:00,0.09050925925925926,2.1377939565572888,-3.121558716055006,-6.741160896606743,7.730300256290933,-7.674068121434809,0.008623886084856909,-0.9306697312035515,2.7718152572838433,9.256785804535593,9.662869307382934
1781480742.0,89160.0,2026-06-14T23:45:42+00:00,0.0912037037037037,2.0932100703939795,-3.5710373111069202,-6.527249252423644,7.729089123524293,-7.676350991421481,0.01100331908607472,-0.9012952140409201,2.8218871057214368,9.240057801360651,9.661351614030137
1781480802.0,89220.0,2026-06-14T23:46:42+00:00,0.09189814814814815,2.0363979362882674,-4.005865428131074,-6.286863148212433,7.727776046675162,-7.678825492163901,0.013012174025621881,-0.8683273413795892,2.8832691000873196,9.219364747353955,9.65970636449531
1781480862.0,89280.0,2026-06-14T23:47:42+00:00,0.09259259259259259,1.967722974019125,-4.424176266882569,-6.020922439172864,7.726368898872546,-7.681437762270888,0.014618657591827575,-0.8319113899172148,2.9581135786338306,9.1937719792474,9.657943836577871
1781480922.0,89340.0,2026-06-14T23:48:42+00:00,0.09328703703703704,1.887596968212165,-4.824155073612928,-5.730453236959875,7.724868205325773,-7.684124837750524,0.015801025179966947,-0.7921897469178543,3.049136572805026,9.162006250330535,9.656065056259354
1781480982.0,89400.0,2026-06-14T23:49:42+00:00,0.09398148148148149,1.79649480083026,-5.204051013104618,-5.4166015619412065,7.7232838221335145,-7.686830534886886,0.016555200115268016,-0.749316522244772,3.1598189816588236,9.122327269928286,9.65408259838959
1781481042.0,89460.0,2026-06-14T23:50:42+00:00,0.09467592592592593,1.6949605350382626,-5.562199640087783,-5.080625722184777,7.721639319500455,-7.6895100852095695,0.016885684454284337,-0.7034652113475763,3.2946687189677446,9.07230760635416,9.65202607083384
1781481102.0,89520.0,2026-06-14T23:51:42+00:00,0.09537037037037037,1.583598722703755,-5.897059828042984,-4.723878066055477,7.719982092791883,-7.692141904693658,0.01678027063191405,-0.6548242921583465,3.459572544948997,9.008495203446792,9.64995481980557
1781481162.0,89580.0,2026-06-14T23:52:42+00:00,0.09606481481481481,1.4630477873142809,-6.207171312533319,-4.34774274751544,7.718312738524848,-7.694658830864922,0.016198768750971346,-0.6035847961623517,3.6622527912539704,8.92576572389726,9.647869674956574
1781481222.0,89640.0,2026-06-14T23:53:42+00:00,0.09675925925925925,1.33399345271755,-6.491117642261088,-3.9537026351317763,7.716599724270683,-7.696963325098195,0.015144083126652412,-0.5499432092989127,3.9129577547546974,8.816398906250274,9.645731079841795
1781481282.0,89700.0,2026-06-14T23:54:42+00:00,0.09745370370370371,1.1971767365466803,-6.747573399916291,-3.5433726739138365,7.7148213739545355,-7.698970314533212,0.01366582963581454,-0.49410340320875534,4.225407351730778,8.668520546059113,9.64351158787656
1781481342.0,89760.0,2026-06-14T23:55:42+00:00,0.09814814814814815,1.0533998312894255,-6.975381309166551,-3.118487175088376,7.713012243865643,-7.700654041621974,0.011829116025940563,-0.43628577479273994,4.617986454402053,8.463331444983083,9.64125396619549
1781481402.0,89820.0,2026-06-14T23:56:42+00:00,0.09884259259259259,0.9035166341927834,-7.17355515062809,-2.680798279121518,7.711220086387545,-7.70200552734642,0.009648038286494841,-0.3767399537999145,5.11482973481481,8.170016913780183,9.63901756340344
1781481462.0,89880.0,2026-06-14T23:57:42+00:00,0.09953703703703703,0.7484015931840986,-7.341200092807412,-2.232109922450036,7.709451242028576,-7.7029808797742385,0.007151891454679332,-0.3157101035714341,5.745453538364628,7.736786723211986,9.636809905875278
1781481522.0,89940.0,2026-06-14T23:58:42+00:00,0.10023148148148148,0.5889605833217502,-7.477556598372757,-1.7742921099998057,7.707713003361128,-7.703543742748322,0.004386424127809401,-0.2534448757200788,6.5387368308646305,7.076100811197817,9.634639694017624
1781481582.0,90000.0,2026-06-14T23:59:42+00:00,0.10092592592592593,0.4261147901415825,-7.581967130303383,-1.309240817790851,7.705965928963609,-7.70361837463531,0.0013879971498746606,-0.19019177109726615,0.181862634001215,9.630740301285785,9.632457254950893
1781481642.0,90060.0,2026-06-15T00:00:42+00:00,0.10162037037037037,0.2608200833637966,-7.654065941460431,-0.839007729315199,7.704329076691954,-7.703295333273314,-0.001712225265326558,-0.12619270428722934,0.10059744436528716,9.629885682807773,9.630411108034743
1781481702.0,90120.0,2026-06-15T00:01:42+00:00,0.10231481481481482,0.09406044830029714,-7.693485830910504,-0.3653263137675822,7.702729056242738,-7.702479652650261,-0.005077884001204387,-0.06177644768803968,0.019797316170840108,9.628388875108024,9.628409228114036
1781481762.0,90180.0,2026-06-15T00:02:42+00:00,0.10300925925925926,-0.07318509684409946,-7.700032622553408,0.10962845820176881,7.701160746642969,-7.701155566054035,-0.008473301534079616,0.0028277606994088805,-0.06093837067813741,9.626252225228788,9.626445106514819
1781481822.0,90240.0,2026-06-15T00:03:42+00:00,0.1037037037037037,-0.239938664220972,-7.6737591633573174,0.5839101549936458,7.699681897903526,-7.699378199260203,-0.011890185585287726,0.06734461483064996,-0.1419438332486978,9.623544143080137,9.62459089653214
1781481882.0,90300.0,2026-06-15T00:04:42+00:00,0.10439814814814814,-0.40524579386692494,-7.61482032481581,1.055525307659991,7.69830152746601,-7.697162674076512,-0.015265248768072585,0.1315300299129217,-0.22359950690881908,9.620259828440513,9.622857990545022
1781481942.0,90360.0,2026-06-15T00:05:42+00:00,0.1050925925925926,-0.5681509310379624,-7.523510828614235,1.5225054023321718,7.697014575070363,-7.694518437752621,-0.01854326188351837,0.19512951434700243,-0.3062977226874858,9.616363479729264,9.62124029786151
1781482002.0,90420.0,2026-06-15T00:06:42+00:00,0.10578703703703704,-0.7277098285849206,-7.400287882424891,1.982916341163218,7.695828711284828,-7.691476102104387,-0.02167557962257474,0.25788581473403493,6.1570313166905795,-7.391245619446366,9.619747732747134
1781482062.0,90480.0,2026-06-15T00:07:42+00:00,0.10648148148148148,-0.8830040495377034,-7.245738135650754,2.4348629130981863,7.694736817299513,-7.688059322211046,-0.02462290916115342,0.3195500868610349,5.433485403424124,-7.936643622813184,9.618371776177307
1781482122.0,90540.0,2026-06-15T00:08:42+00:00,0.10717592592592592,-1.033130947034806,-7.060603751800954,2.8764784215018153,7.6937385582714155,-7.684306325345623,-0.02732797460445796,0.3798716666054427,4.861980269628016,-8.297590088185524,9.617112529954444
1781482182.0,90600.0,2026-06-15T00:09:42+00:00,0.10787037037037037,-1.177229995955713,-6.845758370123804,3.3059680573642254,7.692834518031088,-7.680262762391084,-0.029756643686705272,0.43861300094270617,4.41166538296645,-8.544244310422316,9.615971208746865
1781482242.0,90660.0,2026-06-15T00:10:42+00:00,0.10856481481481481,-1.3144649373134598,-6.60220486856997,3.7215832895599306,7.692015950264742,-7.67597153632258,-0.03186294017097716,0.4955351710387891,4.054924526218371,-8.718062236999097,9.614937445533226
1781482302.0,90720.0,2026-06-15T00:11:42+00:00,0.10925925925925926,-1.4440491463756189,-6.331078177317977,4.121657802723348,7.691286749771479,-7.671493134334073,-0.03361364047722487,0.5504135538387254,3.7700899217451136,-8.843966168633347,9.61401662209793
1781482362.0,90780.0,2026-06-15T00:12:42+00:00,0.1099537037037037,-1.5652339836815372,-6.033629268407822,4.504601933062077,7.690648746861716,-7.666890806438591,-0.03497743319149139,0.603025777989976,3.5408304827611534,-8.93735727175166,9.613211508678193
1781482422.0,90840.0,2026-06-15T00:13:42+00:00,0.11064814814814815,-1.6773241261253133,-5.711205780506134,4.868918196298182,7.690100915697547,-7.662228078185877,-0.03594173091021331,0.653162432670004,3.354962704885582,-9.008040197238437,9.612521154527395
1781482482.0,90900.0,2026-06-15T00:14:42+00:00,0.11134259259259259,-1.7796839837683365,-5.365262947045267,5.213184534572065,7.6896433314244,-7.657571057217025,-0.03648474788033558,0.7006346632618173,3.203379194344748,-9.06244266701907,9.611945971330078
1781482542.0,90960.0,2026-06-15T00:15:42+00:00,0.11203703703703703,-1.8716938821598887,-4.997309627011418,5.536098608747125,7.689260647325438,-7.652975252561173,-0.03663157812125568,0.7452229288462578,3.079153672449911,-9.104894591416233,9.611466738191542
1781482602.0,91020.0,2026-06-15T00:16:42+00:00,0.11273148148148149,-1.9528299008961767,-4.608964279294014,5.83640918135643,7.688938059437337,-7.6484930829085185,-0.03636946983417387,0.7867650883386575,2.9770488670042976,-9.1383670049813,9.611065054106254
1781482662.0,91080.0,2026-06-15T00:17:42+00:00,0.11342592592592593,-2.022615458117798,-4.20191447949037,6.112964150495827,7.688653281922333,-7.6441693813456615,-0.035697738652903696,0.8250996487501442,2.893017966163321,-9.164946899689514,9.610713013438295
1781482722.0,91140.0,2026-06-15T00:18:42+00:00,0.11412037037037037,-2.080619519110769,-3.7779584657400846,6.364728060550988,7.688414078139069,-7.640079462335783,-0.03459397907738387,0.8600581972945841,2.8238991147055326,-9.186172890470733,9.610420312538578
1781482782.0,91200.0,2026-06-15T00:19:42+00:00,0.11481481481481481,-2.126481039682403,-3.3389210579916835,6.590782585553825,7.688220244872582,-7.636287025630395,-0.03307189983056932,0.8914915845363471,2.7672179023551284,-9.203161823769863,9.61018639120021
1781482842.0,91260.0,2026-06-15T00:20:42+00:00,0.11550925925925926,-2.159914871910587,-2.8866610010154545,6.790326553396881,7.688080299427864,-7.63285922078928,-0.031167193216810284,0.9192754821759831,2.7210413418296744,-9.216748093382117,9.610021404804941
1781482902.0,91320.0,2026-06-15T00:21:42+00:00,0.1162037037037037,-2.1806971356272697,-2.423066148534417,6.96265485137701,7.687994025551152,-7.629849408677566,-0.028924101951163406,0.9432992813201574,2.6838470178313316,-9.227546502486996,9.609924519510137
1781482962.0,91380.0,2026-06-15T00:22:42+00:00,0.11689814814814815,-2.1886688014492393,-1.9500583072658628,7.107128442265093,7.687930359923099,-7.627273218449159,-0.02637802000885077,0.9634732327449114,2.654445097107668,-9.235976447770188,9.609856383803274
1781483022.0,91440.0,2026-06-15T00:23:42+00:00,0.1175925925925926,-2.1837374405004084,-1.4696095560211688,7.223283802159131,7.687931473597204,-7.625214730436651,-0.023566548237234905,0.9797118327664336,2.6319181196058614,-9.242434359383866,9.60986919140053
1781483082.0,91500.0,2026-06-15T00:24:42+00:00,0.11828703703703704,-2.1658719736151397,-0.9836690906668082,7.310680041089654,7.687954796251824,-7.623663753437368,-0.02054757585173943,0.9919565115786636,2.6155736578454563,-9.247114616545971,9.609909171847214
1781483142.0,91560.0,2026-06-15T00:25:42+00:00,0.11898148148148148,-2.1351078767329454,-0.4942315591033548,7.369030660949647,7.688014266461581,-7.622660315385885,-0.017363545296057933,1.0001557802925995,2.6049163181264507,-9.250209870336139,9.6099933230833
1781483202.0,91620.0,2026-06-15T00:26:42+00:00,0.11967592592592592,-2.0915502031566575,-0.0032835588935995474,7.398139696568251,7.688111862090889,-7.622223059318004,-0.014068301175831356,1.0042816940109667,2.5996328242639604,-9.251831572171492,9.610123738059768
1781483262.0,91680.0,2026-06-15T00:27:42+00:00,0.12037037037037036,-2.0353697689715773,0.4872012365376577,7.39791858009994,7.688256919426871,-7.622369157474743,-0.010728823509665109,1.0043245385028807,2.599575790387661,-9.25204293368165,9.61031179185453
1781483322.0,91740.0,2026-06-15T00:28:42+00:00,0.12106481481481482,-1.9667895447928458,0.9752479196758941,7.3683653883636,7.6884444535142,-7.623093933526907,-0.007406440700760909,1.0002810305282592,2.6047390997424014,-9.250839249230328,9.61055110765388
1781483382.0,91800.0,2026-06-15T00:29:42+00:00,0.12175925925925926,-1.8860939349979162,1.4588941435795277,7.309584626927972,7.68867673088343,-7.62439157209708,-0.004164941173298376,0.9921621241653699,2.6152711875708614,-9.248172180827545,9.61084450351637
1781483442.0,91860.0,2026-06-15T00:30:42+00:00,0.1224537037037037,-1.7936048633418977,1.9362053924705833,7.221771960146725,7.6889466100368615,-7.626240864204519,-0.0010845360204619853,0.9799740184903298,2.631455330902622,-9.243932318546513,9.611183166936552
1781483502.0,91920.0,2026-06-15T00:31:42+00:00,0.12314814814814815,-1.6897851574467495,2.405242787208408,7.105195676907897,7.689237436241391,-7.6285925424920595,0.0017853110275490895,0.9638179206650803,2.653843598918357,-9.237907824315172,9.611546536227321
1781483562.0,91980.0,2026-06-15T00:32:42+00:00,0.12384259259259259,-1.57508401456289,2.864074435085058,6.960251040756702,7.6895322727064555,-7.631399457207668,0.004404217646771595,0.9437316887715171,2.6830875535599037,-9.229838968921113,9.611913764297036
1781483622.0,92040.0,2026-06-15T00:33:42+00:00,0.12453703703703704,-1.4500489294878207,3.3108067102730274,6.787451443262398,7.689836153348295,-7.634624613993505,0.006739297751579362,0.919805224280027,2.720113763359864,-9.219388754176883,9.612291500275205
1781483682.0,92100.0,2026-06-15T00:34:42+00:00,0.12523148148148147,-1.3152692128205672,3.7436048230156302,6.587413697503507,7.690157956450332,-7.638229810847763,0.008741621069473276,0.8921313445305983,2.7661046180615996,-9.206111992690806,9.612691235030239
1781483742.0,92160.0,2026-06-15T00:35:42+00:00,0.1259259259259259,-1.1713956688763574,4.16067298874259,6.360843755304813,7.690494185142768,-7.6421576812885705,0.010368474027943034,0.8608247677565747,2.822577568181629,-9.18939173247845,9.613108994562863
1781483802.0,92220.0,2026-06-15T00:36:42+00:00,0.12662037037037038,-1.0191258252889384,4.560251952148974,6.10855196416378,7.69083366181707,-7.646339214249124,0.01159236165158732,0.8260052369845939,2.891447242819047,-9.168397577562809,9.613531156566012
1781483862.0,92280.0,2026-06-15T00:37:42+00:00,0.12731481481481483,-0.8592277169809677,4.940647630020976,5.831458012573421,7.691175061462778,-7.6507092229776195,0.01239219730665742,0.787825262960049,2.975175431972506,-9.14201770970041,9.613956347700395
1781483922.0,92340.0,2026-06-15T00:38:42+00:00,0.12800925925925927,-0.6925191063237435,5.300223955884576,5.530602875165641,7.691522921889177,-7.655205964718106,0.012770986654507424,0.7464471833899827,3.0768984595784237,-9.108742976898847,9.614390399279621
1781483982.0,92400.0,2026-06-15T00:39:42+00:00,0.1287037037037037,-0.5198511502239853,5.637420943006873,5.207134699448943,7.6918796067831785,-7.659764899139308,0.01273869818197859,0.702033689169504,3.200630120721605,-9.066479159366606,9.614836322938597
1781484042.0,92460.0,2026-06-15T00:40:42+00:00,0.12939814814814815,-0.34211183281149715,5.950781810097396,4.862317017279565,7.692266989260197,-7.664340436549324,0.01231018381890327,0.6547561119312922,3.3515810428966275,-9.012286646372859,9.615321423826382
1781484102.0,92520.0,2026-06-15T00:41:42+00:00,0.1300925925925926,-0.16022572055226192,6.238956859335303,4.497502954676747,7.692710042728739,-7.668889845606716,0.011497776203783932,0.6048009082269814,3.5365882670010915,-8.941903058568588,9.615876812809535
1781484162.0,92580.0,2026-06-15T00:42:42+00:00,0.13078703703703703,0.02485363103915006,6.500711339525878,4.114129184279591,7.693238886695072,-7.673376653485044,0.010310242804448104,0.5523667263704395,3.7647100421455746,-8.848999906215935,9.61653997244546
1781484222.0,92640.0,2026-06-15T00:43:42+00:00,0.13148148148148148,0.21214353758841753,6.734912661835551,3.7136966437101364,7.693867441319567,-7.677750118961798,0.008752846791097602,0.4976672613829743,4.04804406277316,-8.723894693814772,9.61732807815781
1781484282.0,92700.0,2026-06-15T00:44:42+00:00,0.13217592592592592,0.4006043231347576,6.940534449182451,3.297781426925212,7.694599703933629,-7.68195114283386,0.006846164436227611,0.4409584707447649,4.402834224639773,-8.551356822131538,9.618245822865774
1781484342.0,92760.0,2026-06-15T00:45:42+00:00,0.13287037037037036,0.5892708708997816,7.11664673872292,2.8680317136459053,7.695421162843866,-7.685912193764198,0.004597035704664105,0.38241272279408967,4.850524665648911,-8.306795828593833,9.619274737214463
1781484402.0,92820.0,2026-06-15T00:46:42+00:00,0.1335648148148148,0.7770741804270074,7.262453875504434,2.4261975078843534,7.696331263854222,-7.689579801125438,0.0020648136934344487,0.3222935643912324,5.418595999253018,-7.949287880205749,9.620413733593105
1781484462.0,92880.0,2026-06-15T00:47:42+00:00,0.13425925925925927,0.9629736461210996,7.377303115092218,1.9740745457820594,7.697330044072279,-7.692909060150276,-0.0007144978231234348,0.26084380216594594,6.137899263703092,-7.409627666421126,9.621662513638709
1781484522.0,92940.0,2026-06-15T00:48:42+00:00,0.13495370370370371,1.1459288119804114,7.460670958273113,1.5135167902335525,7.698408735840515,-7.695853219931422,-0.003696008613104689,0.19830940687991405,-1.8518734322298962,-9.443139446662009,9.623009810766225
1781484582.0,93000.0,2026-06-15T00:49:42+00:00,0.13564814814814816,1.32490534032695,7.51218830421567,1.046435266500339,7.699569731212076,-7.698384132405083,-0.0068239803540736926,0.13494157633194628,-1.9148534052036077,-9.432048325928848,9.62445838403788
1781484642.0,93060.0,2026-06-15T00:50:42+00:00,0.1363425925925926,1.4988856962881982,7.5316338166594505,0.5747675331076607,7.700813203545469,-7.7004793933988065,-0.010050091305754887,0.070993685672178,-1.9857115061490698,-9.418969462667743,9.62600830689026
1781484702.0,93120.0,2026-06-15T00:51:42+00:00,0.13703703703703704,1.6668604437727481,7.518927530385554,0.10047780700551812,7.702128974245025,-7.702114512786638,-0.013321663532034863,0.006730609699199456,-2.064556236311212,-9.40367964044984,9.627646817011016
1781484762.0,93180.0,2026-06-15T00:52:42+00:00,0.0005902777777777778,4.678364041261375,19.183128785341978,-0.9613715686718933,19.768757052243675,-19.76825256425695,-0.04037207655139768,-0.13533677186035598,-5.5063992424937025,-24.0895804956053,24.710894784932062
1781484822.0,93240.0,2026-06-15T00:53:42+00:00,0.0012847222222222223,5.0729822784196585,18.9860745863989,-2.1762151933507994,19.77225556089221,-19.769892790937583,-0.04854301666027812,-0.3017823314916887,-5.754437020053607,-24.03601023963179,24.71524496454461
1781484882.0,93300.0,2026-06-15T00:54:42+00:00,0.001979166666666667,5.444950888166204,18.70824828185141,-3.38249077135697,19.77592697620653,-19.770330260290855,-0.05643134547297724,-0.46705960061772545,-6.026239463147621,-23.974014042177483,24.719808076959676
1781484942.0,93360.0,2026-06-15T00:55:42+00:00,0.002673611111111111,5.792034584796056,18.350992312654853,-4.575137852225453,19.779748983681703,-19.76959444858205,-0.06389804594107625,-0.6304936445166662,-6.323794555376581,-23.90216207685481,24.72455721599169
1781485002.0,93420.0,2026-06-15T00:56:42+00:00,0.0033680555555555556,6.112122458172962,17.91602869797498,-5.749158843420446,19.78370421981801,-19.7677413790372,-0.07080705193161171,-0.7914163191026878,14.77717751150496,19.82881248360828,24.72947188511367
1781485062.0,93480.0,2026-06-15T00:57:42+00:00,0.0040625,6.403238781960681,17.40543895587325,-6.899659312795848,19.787775791586224,-19.764848048978312,-0.07704128785015556,-0.9491664863713594,13.14855186696527,20.95024272872347,24.734532269495347
1781485122.0,93540.0,2026-06-15T00:58:42+00:00,0.004756944444444445,6.663557740859687,16.821644364856184,-8.021859996952116,19.791941762095234,-19.7610051302878,-0.08249488658959091,-1.103099972167222,11.865808005536106,21.70843073368686,24.739712297104933
