case_name,time_s,thermal_los_x_urad,thermal_los_y_urad,thermal_los_norm_urad,nonthermal_error_x_urad,nonthermal_error_y_urad,nonthermal_error_norm_urad,thermal_plus_nonthermal_error_x_urad,thermal_plus_nonthermal_error_y_urad,thermal_plus_nonthermal_error_norm_urad,no_correction_success,no_correction_acquisition_time_s,no_correction_residual_x_urad,no_correction_residual_y_urad,no_correction_residual_norm_urad,no_correction_pointing_error_x_urad,no_correction_pointing_error_y_urad,no_correction_pointing_error_norm_urad,no_correction_thermal_residual_norm_urad,no_correction_scan_index,static_bias_correction_success,static_bias_correction_acquisition_time_s,static_bias_correction_residual_x_urad,static_bias_correction_residual_y_urad,static_bias_correction_residual_norm_urad,static_bias_correction_pointing_error_x_urad,static_bias_correction_pointing_error_y_urad,static_bias_correction_pointing_error_norm_urad,static_bias_correction_thermal_residual_norm_urad,static_bias_correction_scan_index,bcase_correction_success,bcase_correction_acquisition_time_s,bcase_correction_residual_x_urad,bcase_correction_residual_y_urad,bcase_correction_residual_norm_urad,bcase_correction_pointing_error_x_urad,bcase_correction_pointing_error_y_urad,bcase_correction_pointing_error_norm_urad,bcase_correction_thermal_residual_norm_urad,bcase_correction_scan_index,thermal_truth_correction_success,thermal_truth_correction_acquisition_time_s,thermal_truth_correction_residual_x_urad,thermal_truth_correction_residual_y_urad,thermal_truth_correction_residual_norm_urad,thermal_truth_correction_pointing_error_x_urad,thermal_truth_correction_pointing_error_y_urad,thermal_truth_correction_pointing_error_norm_urad,thermal_truth_correction_thermal_residual_norm_urad,thermal_truth_correction_scan_index,thermal_plus_nonthermal_no_correction_success,thermal_plus_nonthermal_no_correction_acquisition_time_s,thermal_plus_nonthermal_no_correction_residual_x_urad,thermal_plus_nonthermal_no_correction_residual_y_urad,thermal_plus_nonthermal_no_correction_residual_norm_urad,thermal_plus_nonthermal_no_correction_pointing_error_x_urad,thermal_plus_nonthermal_no_correction_pointing_error_y_urad,thermal_plus_nonthermal_no_correction_pointing_error_norm_urad,thermal_plus_nonthermal_no_correction_thermal_residual_norm_urad,thermal_plus_nonthermal_no_correction_scan_index,bcase_correction_with_nonthermal_success,bcase_correction_with_nonthermal_acquisition_time_s,bcase_correction_with_nonthermal_residual_x_urad,bcase_correction_with_nonthermal_residual_y_urad,bcase_correction_with_nonthermal_residual_norm_urad,bcase_correction_with_nonthermal_pointing_error_x_urad,bcase_correction_with_nonthermal_pointing_error_y_urad,bcase_correction_with_nonthermal_pointing_error_norm_urad,bcase_correction_with_nonthermal_thermal_residual_norm_urad,bcase_correction_with_nonthermal_scan_index
25_LTAN18_693km_SENTINEL1_MY_ALL_HEAT_MY_0p5,0.0,14.31475914078363,150.89970980050063,151.57715773537237,17.1114127446829,-178.5978860884404,179.4157333161683,31.42617188546653,-27.69817628793976,41.89025243481681,1.0,5.800000000000001,14.31475914078363,-9.10029019949937,16.962535511348317,14.31475914078363,150.89970980050063,151.57715773537237,151.57715773537237,57.0,1.0,0.1,0.5523624984886393,-0.17416851219132923,0.5791709595409228,0.5523624984886393,-0.17416851219132923,0.5791709595409228,0.5791709595409228,0.0,1.0,0.1,0.5523624984886393,-1.2428611833151706,1.3600765606127465,0.5523624984886393,-1.2428611833151706,1.3600765606127465,1.3600765606127465,0.0,1.0,0.1,0.0,0.0,0.0,0.0,0.0,0.0,0.0,0.0,1.0,0.7000000000000001,-8.57382811453347,12.30182371206024,14.99484562041811,31.42617188546653,-27.69817628793976,41.89025243481681,151.57715773537237,6.0,0.0,nan,nan,nan,nan,17.66377524317154,-179.84074727175556,180.70612423242534,1.3600765606127465,nan
25_LTAN18_693km_SENTINEL1_MY_ALL_HEAT_MY_0p5,59.16,14.701704600341818,150.74546673697964,151.46067430163365,73.43046109267466,-169.55402773998435,184.77175362899544,88.13216569301647,-18.808561003004712,90.1168163926415,1.0,5.800000000000001,14.701704600341818,-9.254533263020363,17.3720034559075,14.701704600341818,150.74546673697964,151.46067430163365,151.46067430163365,57.0,1.0,0.1,0.9393079580468271,-0.32841157571232316,0.9950646225808406,0.9393079580468271,-0.32841157571232316,0.9950646225808406,0.9950646225808406,0.0,1.0,0.1,0.9393079580468271,-1.2254402268827107,1.5440217581732614,0.9393079580468271,-1.2254402268827107,1.5440217581732614,1.5440217581732614,0.0,1.0,0.1,0.0,0.0,0.0,0.0,0.0,0.0,0.0,0.0,1.0,2.0,8.132165693016475,21.191438996995288,22.698220318387225,88.13216569301647,-18.808561003004712,90.1168163926415,151.46067430163365,19.0,1.0,6.300000000000001,-5.630230949278513,-10.77946796686706,12.16126762269981,74.36976905072149,-170.77946796686706,186.2699364570242,1.5440217581732614,62.0
25_LTAN18_693km_SENTINEL1_MY_ALL_HEAT_MY_0p5,118.32,15.071673229790555,150.6019866391337,151.35426559433137,83.24003245493242,-147.99984434698595,169.8024055478316,98.31170568472297,2.602142292147761,98.3461367779547,1.0,5.800000000000001,15.071673229790555,-9.398013360866287,17.761700061553974,15.071673229790555,150.6019866391337,151.35426559433137,151.35426559433137,57.0,1.0,0.1,1.3092765874955639,-0.4718916735582468,1.391720853525459,1.3092765874955639,-0.4718916735582468,1.391720853525459,1.391720853525459,0.0,1.0,0.1,1.3092765874955639,-1.2258669747679107,1.793587193974873,1.3092765874955639,-1.2258669747679107,1.793587193974873,1.793587193974873,0.0,1.0,0.1,0.0,0.0,0.0,0.0,0.0,0.0,0.0,0.0,1.0,2.2,18.311705684722966,2.602142292147761,18.4956673194697,98.31170568472297,2.602142292147761,98.3461367779547,151.35426559433137,21.0,1.0,6.300000000000001,4.5493090424279785,10.774288678246137,11.695362725700296,84.54930904242798,-149.22571132175386,171.51355217310208,1.793587193974873,62.0
25_LTAN18_693km_SENTINEL1_MY_ALL_HEAT_MY_0p5,177.48,15.424647206605712,150.46909488296475,151.25762214297467,145.56514760870888,-25.78807308150148,147.831785863535,160.9897948153146,124.68102180146327,203.62482960615105,1.0,5.800000000000001,15.424647206605712,-9.530905117035246,18.13168204547438,15.424647206605712,150.46909488296475,151.25762214297467,151.25762214297467,57.0,1.0,0.1,1.662250564310721,-0.6047834297272061,1.7688527172786075,1.662250564310721,-0.6047834297272061,1.7688527172786075,1.7688527172786075,0.0,1.0,0.1,1.662250564310721,-1.1870947109838141,2.0426137156587036,1.662250564310721,-1.1870947109838141,2.0426137156587036,2.0426137156587036,0.0,1.0,0.1,0.0,0.0,0.0,0.0,0.0,0.0,0.0,0.0,1.0,8.0,0.9897948153146103,4.681021801463274,4.7845228479126485,160.9897948153146,124.68102180146327,203.62482960615105,151.25762214297467,79.0,1.0,7.2,-12.772601826980377,13.024832207514706,18.24241243543449,147.22739817301962,-26.975167792485294,149.6782096707119,2.0426137156587036,71.0
25_LTAN18_693km_SENTINEL1_MY_ALL_HEAT_MY_0p5,236.64,15.756944279470984,150.34599656825662,151.1694412807317,33.15366735165307,-10.399421439417331,34.746418882219785,48.910611631124056,139.9465751288393,148.24740072062818,1.0,5.800000000000001,15.756944279470984,-9.654003431743376,18.479206565393067,15.756944279470984,150.34599656825662,151.1694412807317,151.1694412807317,57.0,1.0,0.1,1.9945476371759927,-0.7278817444353365,2.1232126862014,1.9945476371759927,-0.7278817444353365,2.1232126862014,2.1232126862014,0.0,1.0,0.1,1.9945476371759927,-1.138529005738917,2.296621121097945,1.9945476371759927,-1.138529005738917,2.296621121097945,2.296621121097945,0.0,1.0,0.1,0.0,0.0,0.0,0.0,0.0,0.0,0.0,0.0,1.0,3.4000000000000004,8.910611631124056,19.9465751288393,21.84639235688936,48.910611631124056,139.9465751288393,148.24740072062818,151.1694412807317,33.0,1.0,0.8,-4.851785011170932,-11.537950445156241,12.516553769688525,35.14821498882907,-11.537950445156241,36.993530750332944,2.296621121097945,7.0
25_LTAN18_693km_SENTINEL1_MY_ALL_HEAT_MY_0p5,295.79999999999995,16.06658961576144,150.23207141749714,151.08875068737996,71.3781373352025,24.788733379938563,75.56004097421274,87.44472695096394,175.0208047974357,195.64984636710227,1.0,5.800000000000001,16.06658961576144,-9.767928582502861,18.802864959206875,16.06658961576144,150.23207141749714,151.08875068737996,151.08875068737996,57.0,1.0,0.1,2.3041929734664492,-0.8418068951948214,2.453149833942008,2.3041929734664492,-0.8418068951948214,2.453149833942008,2.453149833942008,0.0,1.0,0.1,2.3041929734664492,-1.10940080653765,2.5573571139984623,2.3041929734664492,-1.10940080653765,2.5573571139984623,2.5573571139984623,0.0,1.0,0.1,0.0,0.0,0.0,0.0,0.0,0.0,0.0,0.0,1.0,6.2,7.44472695096394,15.020804797435687,16.764502263326392,87.44472695096394,175.0208047974357,195.64984636710227,151.08875068737996,61.0,1.0,2.2,-6.317669691331048,23.6793325734009,24.50762618962693,73.68233030866895,23.6793325734009,77.39377617636653,2.5573571139984623,21.0
25_LTAN18_693km_SENTINEL1_MY_ALL_HEAT_MY_0p5,354.96,16.35279652531369,150.1280852226492,151.0160783718652,181.56227822421977,-35.780142329244626,185.05426085089204,197.91507474953346,114.34794289340456,228.573464901477,1.0,5.800000000000001,16.35279652531369,-9.87191477735081,19.101535424399493,16.35279652531369,150.1280852226492,151.0160783718652,151.0160783718652,57.0,1.0,0.1,2.590399883018698,-0.9457930900427698,2.7576613503321856,2.590399883018698,-0.9457930900427698,2.7576613503321856,2.7576613503321856,0.0,1.0,0.1,2.590399883018698,-1.0703336514244768,2.8028174537980415,2.590399883018698,-1.0703336514244768,2.8028174537980415,2.8028174537980415,0.0,1.0,0.1,0.0,0.0,0.0,0.0,0.0,0.0,0.0,0.0,1.0,11.8,-2.08492525046654,-5.652057106595436,6.0243392032860275,197.91507474953346,114.34794289340456,228.573464901477,151.0160783718652,117.0,1.0,7.2,24.152678107238472,3.1495240193308973,24.357162422996215,184.15267810723847,-36.8504759806691,187.80353147390508,2.8028174537980415,71.0
25_LTAN18_693km_SENTINEL1_MY_ALL_HEAT_MY_0p5,414.12,16.611214019408735,150.03992968684383,150.95665911655453,74.86291136757565,-140.20453660867867,158.9395091979455,91.47412538698438,9.835393078165168,92.00136179598518,1.0,5.800000000000001,16.611214019408735,-9.960070313156166,19.368413250486373,16.611214019408735,150.03992968684383,150.95665911655453,150.95665911655453,57.0,1.0,0.1,2.8488173771137433,-1.0339486258481259,3.030645180326865,2.8488173771137433,-1.0339486258481259,3.030645180326865,3.030645180326865,0.0,1.0,0.1,2.8488173771137433,-1.101267847245623,3.0542677223063204,2.8488173771137433,-1.101267847245623,3.0542677223063204,3.0542677223063204,0.0,1.0,0.1,0.0,0.0,0.0,0.0,0.0,0.0,0.0,0.0,1.0,2.2,11.474125386984383,9.835393078165168,15.1125944297549,91.47412538698438,9.835393078165168,92.00136179598518,150.95665911655453,21.0,1.0,3.7,-2.2882712553106046,-21.30580445592429,21.428333786180485,77.7117287446894,-141.3058044559243,161.26513311135827,3.0542677223063204,36.0
25_LTAN18_693km_SENTINEL1_MY_ALL_HEAT_MY_0p5,473.28,16.842579839139304,149.96807228682113,150.91088496547553,20.10151131502026,-61.1452785181352,64.36470960245384,36.944091154159565,88.82279376868593,96.19955594534396,1.0,5.800000000000001,16.842579839139304,-10.031927713178874,19.603878934543236,16.842579839139304,149.96807228682113,150.91088496547553,150.91088496547553,57.0,1.0,0.1,3.080183196844313,-1.1058060258708338,3.2726648916401904,3.080183196844313,-1.1058060258708338,3.2726648916401904,3.2726648916401904,0.0,1.0,0.1,3.080183196844313,-1.115903907284121,3.2760906666962106,3.080183196844313,-1.115903907284121,3.2760906666962106,3.2760906666962106,0.0,1.0,0.1,0.0,0.0,0.0,0.0,0.0,0.0,0.0,0.0,1.0,1.6,-3.0559088458404347,8.822793768685926,9.33703747228472,36.944091154159565,88.82279376868593,96.19955594534396,150.91088496547553,15.0,1.0,1.7000000000000002,-16.818305488135426,17.73881757458068,24.444243666689683,23.181694511864574,-62.26118242541932,66.43678045670752,3.2760906666962106,16.0
25_LTAN18_693km_SENTINEL1_MY_ALL_HEAT_MY_0p5,532.4399999999999,17.047431645409976,149.9117799782175,150.8779530015649,59.64764905752284,-67.28281032001586,89.91561934752292,76.69508070293281,82.62896965820165,112.73722557702662,1.0,5.800000000000001,17.047431645409976,-10.08822002178249,19.808763437247126,17.047431645409976,149.9117799782175,150.8779530015649,150.8779530015649,57.0,1.0,0.1,3.2850350031149844,-1.1620983344744502,3.484526870419994,3.2850350031149844,-1.1620983344744502,3.484526870419994,3.484526870419994,0.0,1.0,0.1,3.2850350031149844,-1.1435855458958315,3.4783965950524576,3.2850350031149844,-1.1435855458958315,3.4783965950524576,3.4783965950524576,0.0,1.0,0.1,0.0,0.0,0.0,0.0,0.0,0.0,0.0,0.0,1.0,1.8,-3.304919297067187,2.6289696582016546,4.223028892142699,76.69508070293281,82.62896965820165,112.73722557702662,150.8779530015649,17.0,1.0,1.9000000000000001,-17.067315939362175,11.573604134088313,20.621386617455972,62.932684060637825,-68.42639586591169,92.9660926051779,3.4783965950524576,18.0
25_LTAN18_693km_SENTINEL1_MY_ALL_HEAT_MY_0p5,591.5999999999999,17.222603802065482,149.87078356702392,150.8571173286718,99.49161189377563,-85.69858556542182,131.31195073235185,116.7142156958411,64.1721980016021,133.19263921798435,1.0,5.800000000000001,17.222603802065482,-10.12921643297608,19.980468144390237,17.222603802065482,149.87078356702392,150.8571173286718,150.8571173286718,57.0,1.0,0.1,3.4602071597704906,-1.2030947456680394,3.6633960413229976,3.4602071597704906,-1.2030947456680394,3.6633960413229976,3.6633960413229976,0.0,1.0,0.1,3.4602071597704906,-1.1273606171047845,3.6392273286407715,3.4602071597704906,-1.1273606171047845,3.6392273286407715,3.6392273286407715,0.0,1.0,0.1,0.0,0.0,0.0,0.0,0.0,0.0,0.0,0.0,1.0,4.6000000000000005,-3.285784304158895,24.172198001602098,24.39449804201991,116.7142156958411,64.1721980016021,133.19263921798435,150.8571173286718,45.0,1.0,1.9000000000000001,22.951819053546117,-6.825946182526607,23.94534483262816,102.95181905354612,-86.82594618252661,134.6767313864021,3.6392273286407715,18.0
25_LTAN18_693km_SENTINEL1_MY_ALL_HEAT_MY_0p5,650.76,17.369120414897363,149.8438716049109,150.8471816161516,104.64977273600114,-76.89762005641629,129.8646175986271,122.0188931508985,72.94625154849462,142.1610562029793,1.0,5.800000000000001,17.369120414897363,-10.156128395089098,20.120469377346527,17.369120414897363,149.8438716049109,150.8471816161516,150.8471816161516,57.0,1.0,0.1,3.606723772602372,-1.2300067077810581,3.8106919152617786,3.606723772602372,-1.2300067077810581,3.8106919152617786,3.8106919152617786,0.0,1.0,0.1,3.606723772602372,-1.1256619092254994,3.7783026752413953,3.606723772602372,-1.1256619092254994,3.7783026752413953,3.7783026752413953,0.0,1.0,0.1,0.0,0.0,0.0,0.0,0.0,0.0,0.0,0.0,1.0,4.800000000000001,2.0188931508985064,-7.053748451505385,7.336981448242834,122.0188931508985,72.94625154849462,142.1610562029793,150.8471816161516,47.0,1.0,4.0,-11.743503491396481,1.976718034358214,11.908706413368261,108.25649650860352,-78.02328196564179,133.44325222733195,3.7783026752413953,39.0
25_LTAN18_693km_SENTINEL1_MY_ALL_HEAT_MY_0p5,709.92,17.486949729402216,149.82766076277696,150.84469278196173,99.08507245949579,-127.68289700153228,161.61922463310927,116.572022188898,22.144763761244675,118.6567609504417,1.0,5.800000000000001,17.486949729402216,-10.172339237223042,20.230420074624938,17.486949729402216,149.82766076277696,150.84469278196173,150.84469278196173,57.0,1.0,0.1,3.7245530871072248,-1.246217549915002,3.927512429056859,3.7245530871072248,-1.246217549915002,3.927512429056859,3.927512429056859,0.0,1.0,0.1,3.7245530871072248,-1.1132620813675373,3.8873703400230264,3.7245530871072248,-1.1132620813675373,3.8873703400230264,3.8873703400230264,0.0,1.0,0.1,0.0,0.0,0.0,0.0,0.0,0.0,0.0,0.0,1.0,4.4,-3.4279778111019965,22.144763761244675,22.408516102471914,116.572022188898,22.144763761244675,118.6567609504417,150.84469278196173,43.0,1.0,3.7,22.809625546603016,-8.796159082899806,24.446910483493117,102.80962554660302,-128.7961590828998,164.79766290679112,3.8873703400230264,36.0
25_LTAN18_693km_SENTINEL1_MY_ALL_HEAT_MY_0p5,769.0799999999999,17.575111357061434,149.81823475107296,150.84557667741112,108.76735807475546,-73.98831632533911,131.5469845158775,126.3424694318169,75.82991842573385,147.35194640921117,1.0,5.800000000000001,17.575111357061434,-10.181765248927036,20.311397854341983,17.575111357061434,149.81823475107296,150.84557667741112,150.84557667741112,57.0,1.0,0.1,3.812714714766443,-1.2556435616189958,4.014154238445727,3.812714714766443,-1.2556435616189958,4.014154238445727,4.014154238445727,0.0,1.0,0.1,3.812714714766443,-1.1512987630638634,3.982748088698172,3.812714714766443,-1.1512987630638634,3.982748088698172,3.982748088698172,0.0,1.0,0.1,0.0,0.0,0.0,0.0,0.0,0.0,0.0,0.0,1.0,4.800000000000001,6.342469431816895,-4.170081574266149,7.590553262415446,126.3424694318169,75.82991842573385,147.35194640921117,150.84557667741112,47.0,1.0,4.0,-7.419927210478093,4.8603849115970235,8.870099283416913,112.5800727895219,-75.13961508840298,135.35226095240304,3.982748088698172,39.0
25_LTAN18_693km_SENTINEL1_MY_ALL_HEAT_MY_0p5,828.24,17.634671685884147,149.81527706481464,150.8495902794439,144.00802487737838,-122.89746729393335,189.3200958597556,161.64269656326252,26.91780977088129,163.86863591030564,1.0,5.800000000000001,17.634671685884147,-10.184722935185363,20.364435340451124,17.634671685884147,149.81527706481464,150.8495902794439,150.8495902794439,57.0,1.0,0.1,3.8722750435891555,-1.2586012478773227,4.071681607685178,3.8722750435891555,-1.2586012478773227,4.071681607685178,4.071681607685178,0.0,1.0,0.1,3.8722750435891555,-1.2400884592982777,4.065997220865771,3.8722750435891555,-1.2400884592982777,4.065997220865771,4.065997220865771,0.0,1.0,0.1,0.0,0.0,0.0,0.0,0.0,0.0,0.0,0.0,1.0,7.6000000000000005,1.6426965632625183,-13.082190229118709,13.184921432826345,161.64269656326252,26.91780977088129,163.86863591030564,150.8495902794439,75.0,1.0,6.800000000000001,-12.11970007903247,-4.137555753231624,12.80650216166771,147.88029992096753,-124.13755575323162,193.0769687277641,4.065997220865771,67.0
25_LTAN18_693km_SENTINEL1_MY_ALL_HEAT_MY_0p5,887.4,17.665290039154275,149.82332245297164,150.86116273917074,81.04490190728215,-163.35465356393163,182.35410323366216,98.71019194643642,-13.531331110959997,99.63332231606431,1.0,5.800000000000001,17.665290039154275,-10.176677547028362,20.386937927595564,17.665290039154275,149.82332245297164,150.86116273917074,150.86116273917074,57.0,1.0,0.1,3.902893396859284,-1.250555859720322,4.098349280567559,3.902893396859284,-1.250555859720322,4.098349280567559,4.098349280567559,0.0,1.0,0.1,3.902893396859284,-1.317875081117819,4.119389711678066,3.902893396859284,-1.317875081117819,4.119389711678066,4.119389711678066,0.0,1.0,0.1,0.0,0.0,0.0,0.0,0.0,0.0,0.0,0.0,1.0,2.2,18.710191946436424,-13.531331110959997,23.090435342516354,98.71019194643642,-13.531331110959997,99.63332231606431,150.86116273917074,21.0,1.0,6.300000000000001,4.947795304141437,-4.672528645049454,6.805380394253633,84.94779530414144,-164.67252864504945,185.29211968507713,4.119389711678066,62.0
25_LTAN18_693km_SENTINEL1_MY_ALL_HEAT_MY_0p5,946.56,17.667220588147867,149.8443517988236,150.88227347611078,119.44312055515968,-65.63937172828703,136.2908146899073,137.11034114330755,84.20498007053656,160.902841233813,1.0,5.800000000000001,17.667220588147867,-10.155648201176405,20.37812242814174,17.667220588147867,149.8443517988236,150.88227347611078,150.88227347611078,57.0,1.0,0.1,3.9048239458528755,-1.2295265138683646,4.0938228462418005,3.9048239458528755,-1.2295265138683646,4.0938228462418005,4.0938228462418005,0.0,1.0,0.1,3.9048239458528755,-1.3540670752504695,4.132934513439982,3.9048239458528755,-1.3540670752504695,4.132934513439982,4.132934513439982,0.0,1.0,0.1,0.0,0.0,0.0,0.0,0.0,0.0,0.0,0.0,1.0,4.800000000000001,17.11034114330755,4.204980070536564,17.619467399270977,137.11034114330755,84.20498007053656,160.902841233813,150.88227347611078,47.0,1.0,4.0,3.347944501012563,13.0065611964625,13.430538579639473,123.34794450101256,-66.9934388035375,140.36679185387192,4.132934513439982,39.0
25_LTAN18_693km_SENTINEL1_MY_ALL_HEAT_MY_0p5,1005.72,17.641712978238747,149.8769881272361,150.9117013584375,135.20341753860112,-140.24608199021003,194.80484498010316,152.84513051683987,9.630906137026074,153.1482558690435,1.0,5.800000000000001,17.641712978238747,-10.123011872763897,20.33974941297646,17.641712978238747,149.8769881272361,150.9117013584375,150.9117013584375,57.0,1.0,0.1,3.8793163359437557,-1.1968901854558567,4.059758779824318,3.8793163359437557,-1.1968901854558567,4.059758779824318,4.059758779824318,0.0,1.0,0.1,3.8793163359437557,-1.4072627568144753,4.1266795006442125,3.8793163359437557,-1.4072627568144753,4.1266795006442125,4.1266795006442125,0.0,1.0,0.1,0.0,0.0,0.0,0.0,0.0,0.0,0.0,0.0,1.0,7.4,-7.154869483160127,9.630906137026074,11.997771057211525,152.84513051683987,9.630906137026074,153.1482558690435,150.9117013584375,73.0,0.0,nan,nan,nan,nan,139.08273387454489,-141.6533447470245,198.51870677605385,4.1266795006442125,nan
25_LTAN18_693km_SENTINEL1_MY_ALL_HEAT_MY_0p5,1064.88,17.588734157818504,149.9171150480507,150.945370759109,222.72188777540268,-116.68423565672816,251.43637394982045,240.31062193322117,33.23287939132254,242.59764897164555,1.0,5.800000000000001,17.588734157818504,-10.082884951949296,20.27382889906731,17.588734157818504,149.9171150480507,150.945370759109,150.945370759109,57.0,1.0,0.1,3.8263375155235124,-1.1567632646412562,3.9973691389620427,3.8263375155235124,-1.1567632646412562,3.9973691389620427,3.9973691389620427,0.0,1.0,0.1,3.8263375155235124,-1.3957465059917809,4.072955572025174,3.8263375155235124,-1.3957465059917809,4.072955572025174,4.072955572025174,0.0,1.0,0.1,0.0,0.0,0.0,0.0,0.0,0.0,0.0,0.0,1.0,16.0,0.3106219332211708,-6.767120608677459,6.774245885542186,240.31062193322117,33.23287939132254,242.59764897164555,150.945370759109,159.0,1.0,15.200000000000001,-13.451774709073817,1.9200178372800565,13.588109188520363,226.54822529092618,-118.07998216271994,255.47403110691408,4.072955572025174,151.0
25_LTAN18_693km_SENTINEL1_MY_ALL_HEAT_MY_0p5,1124.04,17.509559454818277,149.96402133759435,150.9827552008648,136.74268277692926,-57.90958612783174,148.49943251921425,154.25224223174754,92.0544352097626,179.6323280351009,1.0,5.800000000000001,17.509559454818277,-10.035978662405654,20.181812109274965,17.509559454818277,149.96402133759435,150.9827552008648,150.9827552008648,57.0,1.0,0.1,3.7471628125232854,-1.109856975097614,3.908070067019045,3.7471628125232854,-1.109856975097614,3.908070067019045,3.908070067019045,0.0,1.0,0.1,3.7471628125232854,-1.4060615564323484,4.002279131199419,3.7471628125232854,-1.4060615564323484,4.002279131199419,4.002279131199419,0.0,1.0,0.1,0.0,0.0,0.0,0.0,0.0,0.0,0.0,0.0,1.0,7.800000000000001,-5.747757768252455,12.054435209762602,13.354629444086825,154.25224223174754,92.0544352097626,179.6323280351009,150.9827552008648,77.0,0.0,nan,nan,nan,nan,140.48984558945256,-59.31564768426409,152.498336954709,4.002279131199419,nan
25_LTAN18_693km_SENTINEL1_MY_ALL_HEAT_MY_0p5,1183.1999999999998,17.40505922849304,150.01699395517667,151.02329145563894,140.2611018917704,-1.300082080485236,140.26712700169486,157.66616112026344,148.71691187469145,216.73794831534605,1.0,5.800000000000001,17.40505922849304,-9.983006044823327,20.06480741094541,17.40505922849304,150.01699395517667,151.02329145563894,151.02329145563894,57.0,1.0,0.1,3.6426625861980497,-1.0568843575152869,3.7928874570764113,3.6426625861980497,-1.0568843575152869,3.7928874570764113,3.7928874570764113,0.0,1.0,0.1,3.6426625861980497,-1.3530889388500213,3.885851308699979,3.6426625861980497,-1.3530889388500213,3.885851308699979,3.885851308699979,0.0,1.0,0.1,0.0,0.0,0.0,0.0,0.0,0.0,0.0,0.0,1.0,6.6000000000000005,-2.333838879736561,-11.283088125308552,11.521930461517673,157.66616112026344,148.71691187469145,216.73794831534605,151.02329145563894,65.0,1.0,4.4,23.90376447796845,-2.6531710193352467,24.050556598050424,143.90376447796845,-2.6531710193352467,143.92822081644883,3.885851308699979,43.0
25_LTAN18_693km_SENTINEL1_MY_ALL_HEAT_MY_0p5,1242.36,17.276189521781674,150.0704940853379,151.06164278005838,93.17790161352563,-27.873809137405953,97.25775334094655,110.45409113530731,122.19668494793196,164.7183537459955,1.0,5.800000000000001,17.276189521781674,-9.929505914662087,19.92640991503056,17.276189521781674,150.0704940853379,151.06164278005838,151.06164278005838,57.0,1.0,0.1,3.513792879486683,-1.0033842273540472,3.654246886519053,3.513792879486683,-1.0033842273540472,3.654246886519053,3.654246886519053,0.0,1.0,0.1,3.513792879486683,-1.299588808689208,3.746421155129459,3.513792879486683,-1.299588808689208,3.746421155129459,3.746421155129459,0.0,1.0,0.1,0.0,0.0,0.0,0.0,0.0,0.0,0.0,0.0,1.0,3.8000000000000003,-9.545908864692692,2.1966849479319563,9.795396919650031,110.45409113530731,122.19668494793196,164.7183537459955,151.06164278005838,37.0,1.0,2.0,16.69169449301232,10.826602053904836,19.895426034183693,96.69169449301232,-29.173397946095164,100.99688575224118,3.746421155129459,19.0
25_LTAN18_693km_SENTINEL1_MY_ALL_HEAT_MY_0p5,1301.52,17.12495371496456,150.1245963073956,151.0981748936703,105.66772574999936,-24.80519939078589,108.5401593051794,122.79267946496392,125.3193969166097,175.45082893428614,1.0,5.800000000000001,17.12495371496456,-9.875403692604408,19.76834939572809,17.12495371496456,150.1245963073956,151.0981748936703,151.0981748936703,57.0,1.0,0.1,3.362557072669567,-0.949282005296368,3.4939843148674297,3.362557072669567,-0.949282005296368,3.4939843148674297,3.4939843148674297,0.0,1.0,0.1,3.362557072669567,-1.2454865866315288,3.5858091003899224,3.362557072669567,-1.2454865866315288,3.5858091003899224,3.5858091003899224,0.0,1.0,0.1,0.0,0.0,0.0,0.0,0.0,0.0,0.0,0.0,1.0,3.8000000000000003,2.792679464963925,5.319396916609705,6.007914958658122,122.79267946496392,125.3193969166097,175.45082893428614,151.0981748936703,37.0,1.0,4.2,-10.969717177331063,13.949314022582584,17.745930706819838,109.03028282266894,-26.050685977417416,112.0992453689372,3.5858091003899224,41.0
25_LTAN18_693km_SENTINEL1_MY_ALL_HEAT_MY_0p5,1360.6799999999998,16.954551440206995,150.1787731105734,151.1327916354876,181.63212150832956,-21.079064965043198,182.85118141105107,198.58667294853655,129.0997081455302,236.86156572147812,1.0,5.800000000000001,16.954551440206995,-9.821226889426612,19.593705932064545,16.954551440206995,150.1787731105734,151.1327916354876,151.1327916354876,57.0,1.0,0.1,3.1921547979120035,-0.8951052021185717,3.3152776017540906,3.1921547979120035,-0.8951052021185717,3.3152776017540906,3.3152776017540906,0.0,1.0,0.1,3.1921547979120035,-1.2199204534460364,3.417317393302619,3.1921547979120035,-1.2199204534460364,3.417317393302619,3.417317393302619,0.0,1.0,0.1,0.0,0.0,0.0,0.0,0.0,0.0,0.0,0.0,1.0,11.8,-1.4133270514634546,9.099708145530201,9.2088100039162,198.58667294853655,129.0997081455302,236.86156572147812,151.1327916354876,117.0,1.0,11.0,-15.175723693758442,17.701014581510776,23.315842400482946,184.82427630624156,-22.298985418489224,186.16459884419464,3.417317393302619,109.0
25_LTAN18_693km_SENTINEL1_MY_ALL_HEAT_MY_0p5,1419.84,16.76995815786002,150.23234782245308,151.16543860573057,63.13089385195667,14.448613693441615,64.76320094165612,79.90085200981669,164.6809615158947,183.0408840606224,1.0,5.800000000000001,16.76995815786002,-9.767652177546921,19.407177169230795,16.76995815786002,150.23234782245308,151.16543860573057,151.16543860573057,57.0,1.0,0.1,3.0075615155650297,-0.8415304902388812,3.123075381080244,3.0075615155650297,-0.8415304902388812,3.123075381080244,3.123075381080244,0.0,1.0,0.1,3.0075615155650297,-1.2521777515424617,3.257817581044978,3.0075615155650297,-1.2521777515424617,3.257817581044978,3.257817581044978,0.0,1.0,0.1,0.0,0.0,0.0,0.0,0.0,0.0,0.0,0.0,1.0,6.2,-0.09914799018331166,4.680961515894694,4.682011430704174,79.90085200981669,164.6809615158947,183.0408840606224,151.16543860573057,61.0,1.0,2.2,-13.8615446324783,13.196435941899153,19.138660903178042,66.1384553675217,13.196435941899153,67.44213223179045,3.257817581044978,21.0
25_LTAN18_693km_SENTINEL1_MY_ALL_HEAT_MY_0p5,1479.0,16.57078275371554,150.28546414697175,151.19626838960534,32.62960752636305,-158.969411603516,162.28359471275147,49.200390280078594,-8.683947456544246,49.96087816622195,1.0,5.800000000000001,16.57078275371554,-9.714535853028252,19.208410863749446,16.57078275371554,150.28546414697175,151.19626838960534,151.19626838960534,57.0,1.0,0.1,2.8083861114205497,-0.7884141657202122,2.9169555100357862,2.8083861114205497,-0.7884141657202122,2.9169555100357862,2.9169555100357862,0.0,1.0,0.1,2.8083861114205497,-1.2562827670080026,3.07656934612258,2.8083861114205497,-1.2562827670080026,3.07656934612258,3.07656934612258,0.0,1.0,0.1,0.0,0.0,0.0,0.0,0.0,0.0,0.0,0.0,1.0,0.8,9.200390280078594,-8.683947456544246,12.651408013884696,49.200390280078594,-8.683947456544246,49.96087816622195,151.19626838960534,7.0,1.0,6.1000000000000005,-4.562006362216394,-0.2256943705239962,4.567585795339708,35.437993637783606,-160.225694370524,164.09791141141363,3.07656934612258,60.0
25_LTAN18_693km_SENTINEL1_MY_ALL_HEAT_MY_0p5,1538.16,16.359650658721243,150.33514076610555,151.22265940936288,30.092265197134846,-126.65342767328785,130.17924245473029,46.451915855856086,23.681713092817702,52.14023419289625,1.0,5.800000000000001,16.359650658721243,-9.664859233894447,19.001254529277617,16.359650658721243,150.33514076610555,151.22265940936288,151.22265940936288,57.0,1.0,0.1,2.597254016426252,-0.7387375465864068,2.7002706509864525,2.597254016426252,-0.7387375465864068,2.7002706509864525,2.7002706509864525,0.0,1.0,0.1,2.597254016426252,-1.292438157850711,2.9010558108576325,2.597254016426252,-1.292438157850711,2.9010558108576325,2.9010558108576325,0.0,1.0,0.1,0.0,0.0,0.0,0.0,0.0,0.0,0.0,0.0,1.0,0.6000000000000001,6.451915855856086,-16.318286907182298,17.547470068250988,46.451915855856086,23.681713092817702,52.14023419289625,151.22265940936288,5.0,1.0,3.5,-7.310480786438902,-7.945865831138562,10.797217842358634,32.6895192135611,-127.94586583113856,132.05585655204197,2.9010558108576325,34.0
25_LTAN18_693km_SENTINEL1_MY_ALL_HEAT_MY_0p5,1597.32,16.139972680051848,150.37900571992907,151.2426662004716,91.64726247924496,-44.386475545923865,101.83015236818865,107.78723515929681,105.9925301740052,151.17044855385248,1.0,5.800000000000001,16.139972680051848,-9.620994280070931,18.789950746342512,16.139972680051848,150.37900571992907,151.2426662004716,151.2426662004716,57.0,1.0,0.1,2.3775760377568567,-0.6948725927628914,2.4770376935946326,2.3775760377568567,-0.6948725927628914,2.4770376935946326,2.4770376935946326,0.0,1.0,0.1,2.3775760377568567,-1.3630158839960131,2.740562007206009,2.3775760377568567,-1.3630158839960131,2.740562007206009,2.740562007206009,0.0,1.0,0.1,0.0,0.0,0.0,0.0,0.0,0.0,0.0,0.0,1.0,3.8000000000000003,-12.212764840703187,-14.007469825994804,18.583886460599967,107.78723515929681,105.9925301740052,151.17044855385248,151.2426662004716,37.0,1.0,2.0,14.024838517001825,-5.749491429919885,15.15759701043342,94.02483851700183,-45.749491429919885,104.56426839147579,2.740562007206009,19.0
25_LTAN18_693km_SENTINEL1_MY_ALL_HEAT_MY_0p5,1656.48,15.912696058297524,150.41814676360684,151.25750484402988,149.85563805131602,-71.58823057244334,166.0770514317386,165.76833410961353,78.8299161911635,183.55733785436723,1.0,5.800000000000001,15.912696058297524,-9.581853236393158,18.57487031684301,15.912696058297524,150.41814676360684,151.25750484402988,151.25750484402988,57.0,1.0,0.1,2.1502994160025324,-0.6557315490851181,2.2480594838496604,2.1502994160025324,-0.6557315490851181,2.2480594838496604,2.2480594838496604,0.0,1.0,0.1,2.1502994160025324,-1.4669281902793898,2.6030109285012997,2.1502994160025324,-1.4669281902793898,2.6030109285012997,2.6030109285012997,0.0,1.0,0.1,0.0,0.0,0.0,0.0,0.0,0.0,0.0,0.0,1.0,7.800000000000001,5.768334109613534,-1.1700838088364947,5.885811288160051,165.76833410961353,78.8299161911635,183.55733785436723,151.25750484402988,77.0,1.0,7.0,-7.994062532681454,6.944841237277274,10.589421872199084,152.00593746731855,-73.05515876272273,168.6501148744494,2.6030109285012997,69.0
25_LTAN18_693km_SENTINEL1_MY_ALL_HEAT_MY_0p5,1715.64,15.683711897263818,150.45687489289864,151.27210589336596,45.58037812042855,-71.74715449129802,85.001323796747,61.26409001769237,78.70972040160062,99.74221178314654,1.0,5.800000000000001,15.683711897263818,-9.54312510710136,18.35892305354982,15.683711897263818,150.45687489289864,151.27210589336596,151.27210589336596,57.0,1.0,0.1,1.9213152549688264,-0.6170034197933205,2.017955779746568,1.9213152549688264,-0.6170034197933205,2.017955779746568,2.017955779746568,0.0,1.0,0.1,1.9213152549688264,-1.456810730979896,2.4111718758467022,1.9213152549688264,-1.456810730979896,2.4111718758467022,2.4111718758467022,0.0,1.0,0.1,0.0,0.0,0.0,0.0,0.0,0.0,0.0,0.0,1.0,1.6,21.264090017692368,-1.2902795983993798,21.30320036338601,61.26409001769237,78.70972040160062,99.74221178314654,151.27210589336596,15.0,1.0,1.7000000000000002,7.50169337539738,6.796034777722085,10.12232642224548,47.50169337539738,-73.20396522227792,87.26529320293804,2.4111718758467022,16.0
25_LTAN18_693km_SENTINEL1_MY_ALL_HEAT_MY_0p5,1774.8,15.45492790481344,150.4948244923382,151.28630802396714,149.15203490897267,-136.34871151143807,202.08241053668368,164.6069628137861,14.146112980900142,165.21369410326602,1.0,5.800000000000001,15.45492790481344,-9.50517550766179,18.14395651379364,15.45492790481344,150.4948244923382,151.28630802396714,151.28630802396714,57.0,1.0,0.1,1.6925312625184485,-0.5790538203537494,1.7888447113901658,1.6925312625184485,-0.5790538203537494,1.7888447113901658,1.7888447113901658,0.0,1.0,0.1,1.6925312625184485,-1.447471801532231,2.2270690808399403,1.6925312625184485,-1.447471801532231,2.2270690808399403,2.2270690808399403,0.0,1.0,0.1,0.0,0.0,0.0,0.0,0.0,0.0,0.0,0.0,1.0,7.4,4.606962813786112,14.146112980900142,14.877386156042316,164.6069628137861,14.146112980900142,165.21369410326602,151.28630802396714,73.0,1.0,6.7,-9.155433828508876,22.2038166870297,24.017315504848234,150.84456617149112,-137.7961833129703,204.30827511162408,2.2270690808399403,66.0
25_LTAN18_693km_SENTINEL1_MY_ALL_HEAT_MY_0p5,1833.96,15.226536414519297,150.53043122785715,151.2985728182104,37.529400713762314,-45.690628264478605,59.127738237961665,52.75593712828161,104.83980296337855,117.36512764736909,1.0,5.800000000000001,15.226536414519297,-9.46956877214285,17.9309827927257,15.226536414519297,150.53043122785715,151.2985728182104,151.2985728182104,57.0,1.0,0.1,1.4641397722243052,-0.5434470848348099,1.5617426185593108,1.4641397722243052,-0.5434470848348099,1.5617426185593108,1.5617426185593108,0.0,1.0,0.1,1.4641397722243052,-1.4118650660132914,2.0339784259518967,1.4641397722243052,-1.4118650660132914,2.0339784259518967,2.0339784259518967,0.0,1.0,0.1,0.0,0.0,0.0,0.0,0.0,0.0,0.0,0.0,1.0,3.4000000000000004,12.755937128281609,-15.160197036621454,19.81276119600343,52.75593712828161,104.83980296337855,117.36512764736909,151.2985728182104,33.0,1.0,0.7000000000000001,-1.006459514013386,-7.102493330491896,7.17344911901032,38.993540485986614,-47.102493330491896,61.148516560758125,2.0339784259518967,6.0
25_LTAN18_693km_SENTINEL1_MY_ALL_HEAT_MY_0p5,1893.12,14.999908876392071,150.5615159570218,151.30686485938634,60.15213745795762,-19.36143650894606,63.191335358979224,75.15204633434969,131.20007944807574,151.19950699463814,1.0,5.800000000000001,14.999908876392071,-9.438484042978189,17.722365737384486,14.999908876392071,150.5615159570218,151.30686485938634,151.30686485938634,57.0,1.0,0.1,1.23751223409708,-0.5123623556701489,1.3393848263467114,1.23751223409708,-0.5123623556701489,1.3393848263467114,1.3393848263467114,0.0,1.0,0.1,1.23751223409708,-1.3521696668567245,1.8329755419828633,1.23751223409708,-1.3521696668567245,1.8329755419828633,1.8329755419828633,0.0,1.0,0.1,0.0,0.0,0.0,0.0,0.0,0.0,0.0,0.0,1.0,3.6,-4.847953665650309,11.20007944807574,12.20427934732325,75.15204633434969,131.20007944807574,151.19950699463814,151.30686485938634,35.0,0.0,nan,nan,nan,nan,61.389649692054704,-20.713606175802795,64.78998819354305,1.8329755419828633,nan
25_LTAN18_693km_SENTINEL1_MY_ALL_HEAT_MY_0p5,1952.28,14.775509545103274,150.5889736238748,151.3121100884179,190.3252312475749,-189.11733714728015,268.3077726401546,205.10074079267815,-38.528363523405346,208.68816130652218,1.0,5.800000000000001,14.775509545103274,-9.411026376125193,17.518079226032803,14.775509545103274,150.5889736238748,151.3121100884179,151.3121100884179,57.0,1.0,0.1,1.0131129028082828,-0.4849046888171529,1.1231786639148222,1.0131129028082828,-0.4849046888171529,1.1231786639148222,1.1231786639148222,0.0,1.0,0.1,1.0131129028082828,-1.3247120000033306,1.667710897244918,1.0131129028082828,-1.3247120000033306,1.667710897244918,1.667710897244918,0.0,1.0,0.1,0.0,0.0,0.0,0.0,0.0,0.0,0.0,0.0,1.0,11.0,5.1007407926781525,1.4716364765946537,5.3087918167258055,205.10074079267815,-38.528363523405346,208.68816130652218,151.3121100884179,109.0,1.0,10.3,-8.661655849616835,9.557950852716516,12.898787018946624,191.33834415038316,-190.44204914728348,269.96024897311605,1.667710897244918,102.0
25_LTAN18_693km_SENTINEL1_MY_ALL_HEAT_MY_0p5,2011.44,14.55333541665169,150.61598927789896,151.31746692933285,115.12820134318575,-157.60643003620797,195.17758460764708,129.68153675983743,-6.990440758309006,129.86980880246375,1.0,5.800000000000001,14.55333541665169,-9.384010722101038,17.31644388961185,14.55333541665169,150.61598927789896,151.31746692933285,151.31746692933285,57.0,1.0,0.1,0.7909387743566985,-0.4578890347929985,0.9139182200637758,0.7909387743566985,-0.4578890347929985,0.9139182200637758,0.9139182200637758,0.0,1.0,0.1,0.7909387743566985,-1.297696345979574,1.519736803249041,0.7909387743566985,-1.297696345979574,1.519736803249041,1.519736803249041,0.0,1.0,0.1,0.0,0.0,0.0,0.0,0.0,0.0,0.0,0.0,1.0,4.4,9.681536759837428,-6.990440758309006,11.941457868598423,129.68153675983743,-6.990440758309006,129.86980880246375,151.31746692933285,43.0,1.0,6.5,-4.08085988245756,1.0958736178124582,4.225441558756776,115.91914011754244,-158.90412638218754,196.69206498198312,1.519736803249041,64.0
25_LTAN18_693km_SENTINEL1_MY_ALL_HEAT_MY_0p5,2070.6,14.33398224946221,150.65062104095324,151.33100365474618,202.66252204466775,-49.433170787212404,208.60425742439475,216.99650429412998,101.21745025374084,239.44196606221908,1.0,5.800000000000001,14.33398224946221,-9.34937895904676,17.113559946655283,14.33398224946221,150.65062104095324,151.33100365474618,151.33100365474618,57.0,1.0,0.1,0.5715856071672185,-0.42325727173871996,0.7112361242234695,0.5715856071672185,-0.42325727173871996,0.7112361242234695,0.7112361242234695,0.0,1.0,0.1,0.5715856071672185,-1.2916752529172015,1.4124925009781235,0.5715856071672185,-1.2916752529172015,1.4124925009781235,1.4124925009781235,0.0,1.0,0.1,0.0,0.0,0.0,0.0,0.0,0.0,0.0,0.0,0.0,nan,nan,nan,nan,216.99650429412998,101.21745025374084,239.44196606221908,151.33100365474618,nan,1.0,11.0,3.2341076518349894,-10.724846040129606,11.201864795119665,203.234107651835,-50.724846040129606,209.46864328302817,1.4124925009781235,109.0
25_LTAN18_693km_SENTINEL1_MY_ALL_HEAT_MY_0p5,2129.76,14.117333645022851,150.69322907400485,151.35305876656537,35.348174888758216,-23.404649074570735,42.39423387997525,49.46550853378107,127.28857999943412,136.56214384952335,1.0,5.800000000000001,14.117333645022851,-9.306770925995153,16.90902404971508,14.117333645022851,150.69322907400485,151.35305876656537,151.35305876656537,57.0,1.0,0.1,0.3549370027278602,-0.38064923868711276,0.5204556838180515,0.3549370027278602,-0.38064923868711276,0.5204556838180515,0.5204556838180515,0.0,1.0,0.1,0.3549370027278602,-1.334899229842108,1.3812806484340865,0.3549370027278602,-1.334899229842108,1.3812806484340865,1.3812806484340865,0.0,1.0,0.1,0.0,0.0,0.0,0.0,0.0,0.0,0.0,0.0,1.0,3.4000000000000004,9.465508533781069,7.28857999943412,11.946516237432288,49.46550853378107,127.28857999943412,136.56214384952335,151.35305876656537,33.0,1.0,0.7000000000000001,-4.296888108513926,15.260451695587165,15.853852319560616,35.703111891486074,-24.739548304412835,43.4368213505817,1.3812806484340865,6.0
25_LTAN18_693km_SENTINEL1_MY_ALL_HEAT_MY_0p5,2188.92,13.904569639603467,150.74599252394606,151.38590198196192,103.96925640003138,-0.6485153796990808,103.97127895997612,117.87382603963485,150.09747714424697,190.8493948386786,1.0,5.800000000000001,13.904569639603467,-9.254007476053943,16.702506136189406,13.904569639603467,150.74599252394606,151.38590198196192,151.38590198196192,57.0,1.0,0.1,0.1421729973084762,-0.3278857887459026,0.35738250044622866,0.1421729973084762,-0.3278857887459026,0.35738250044622866,0.35738250044622866,0.0,1.0,0.1,0.1421729973084762,-1.36796778987744,1.3753359717922904,0.1421729973084762,-1.36796778987744,1.3753359717922904,1.3753359717922904,0.0,1.0,0.1,0.0,0.0,0.0,0.0,0.0,0.0,0.0,0.0,1.0,6.4,-2.1261739603651506,-9.902522855753034,10.128206880709243,117.87382603963485,150.09747714424697,190.8493948386786,151.38590198196192,63.0,1.0,2.2,24.11142939733986,-2.0164831695765315,24.195603566683147,104.11142939733986,-2.0164831695765315,104.13095570256938,1.3753359717922904,21.0
25_LTAN18_693km_SENTINEL1_MY_ALL_HEAT_MY_0p5,2248.08,13.697526827981656,150.81128517063092,151.43205068947802,155.10473604549125,78.18411073910491,173.69580972437456,168.8022628734729,228.99539590973583,284.4874255552637,1.0,5.800000000000001,13.697526827981656,-9.188714829369076,16.494081405726856,13.697526827981656,150.81128517063092,151.43205068947802,151.43205068947802,57.0,1.0,0.1,-0.06486981431333483,-0.2625931420610357,0.2704870626601831,-0.06486981431333483,-0.2625931420610357,0.2704870626601831,0.2704870626601831,0.0,1.0,0.1,-0.06486981431333483,-1.331285813184877,1.3328653379829358,-0.06486981431333483,-1.331285813184877,1.3328653379829358,1.3328653379829358,0.0,1.0,0.1,0.0,0.0,0.0,0.0,0.0,0.0,0.0,0.0,1.0,14.200000000000001,8.802262873472898,-11.004604090264166,14.09188216233652,168.8022628734729,228.99539590973583,284.4874255552637,151.43205068947802,141.0,1.0,7.800000000000001,-4.9601337688220895,-3.1471750740799678,5.8743202118644735,155.0398662311779,76.85282492592003,173.042528934582,1.3328653379829358,77.0
25_LTAN18_693km_SENTINEL1_MY_ALL_HEAT_MY_0p5,2307.24,13.496061864478284,150.88685692305253,151.48923155778286,42.11564140072758,-38.292534551305124,56.9213971451648,55.61170326520587,112.59432237174741,125.57922985275188,1.0,5.800000000000001,13.496061864478284,-9.113143076947466,16.284749386795628,13.496061864478284,150.88685692305253,151.48923155778286,151.48923155778286,57.0,1.0,0.1,-0.26633477781670756,-0.18702138963942616,0.32544003143027295,-0.26633477781670756,-0.18702138963942616,0.32544003143027295,0.32544003143027295,0.0,1.0,0.1,-0.26633477781670756,-1.3129354007474774,1.3396766701001455,-0.26633477781670756,-1.3129354007474774,1.3396766701001455,1.3396766701001455,0.0,1.0,0.1,0.0,0.0,0.0,0.0,0.0,0.0,0.0,0.0,1.0,3.4000000000000004,15.611703265205868,-7.40567762825259,17.279159122319594,55.61170326520587,112.59432237174741,125.57922985275188,151.48923155778286,33.0,1.0,0.7000000000000001,1.8493066229108734,0.39453004794739854,1.8909227758624614,41.84930662291087,-39.6054699520526,57.619074228430236,1.3396766701001455,6.0
25_LTAN18_693km_SENTINEL1_MY_ALL_HEAT_MY_0p5,2366.4,13.303098074427457,150.96673058340556,151.5517276754719,118.80846036165248,-20.587027569784276,120.57892003855983,132.11155843607995,130.37970301362128,185.61339076243894,1.0,5.800000000000001,13.303098074427457,-9.033269416594436,16.080185780351417,13.303098074427457,150.96673058340556,151.5517276754719,151.5517276754719,57.0,1.0,0.1,-0.45929856786753476,-0.10714772928639604,0.4716310107874579,-0.45929856786753476,-0.10714772928639604,0.4716310107874579,0.4716310107874579,0.0,1.0,0.1,-0.45929856786753476,-1.2902830803786571,1.3695932249966063,-0.45929856786753476,-1.2902830803786571,1.3695932249966063,1.3695932249966063,0.0,1.0,0.1,0.0,0.0,0.0,0.0,0.0,0.0,0.0,0.0,1.0,3.8000000000000003,12.111558436079946,10.379703013621281,15.950801936001776,132.11155843607995,130.37970301362128,185.61339076243894,151.5517276754719,37.0,1.0,4.2,-1.6508382062150417,18.12268934983706,18.197723375570828,118.34916179378496,-21.87731065016294,120.35423058029669,1.3695932249966063,41.0
25_LTAN18_693km_SENTINEL1_MY_ALL_HEAT_MY_0p5,2425.56,13.120169412504696,151.04789936396804,151.616644032508,61.0089414035837,-74.3672341792451,96.19031370494947,74.1291108160884,76.68066518472294,106.6538770207417,1.0,5.800000000000001,13.120169412504696,-8.952100636031957,15.883291573551988,13.120169412504696,151.04789936396804,151.616644032508,151.616644032508,57.0,1.0,0.1,-0.6422272297902953,-0.025978948723917483,0.6427524565965631,-0.6422272297902953,-0.025978948723917483,0.6427524565965631,0.6427524565965631,0.0,1.0,0.1,-0.6422272297902953,-1.2663356398007863,1.4198808989889904,-0.6422272297902953,-1.2663356398007863,1.4198808989889904,1.4198808989889904,0.0,1.0,0.1,0.0,0.0,0.0,0.0,0.0,0.0,0.0,0.0,1.0,1.8,-5.870889183911601,-3.3193348152770596,6.744280793804527,74.1291108160884,76.68066518472294,106.6538770207417,151.616644032508,17.0,1.0,1.7000000000000002,20.36671417379341,4.3664301809541115,20.82951652732594,60.36671417379341,-75.63356981904589,96.77074487526154,1.4198808989889904,16.0
25_LTAN18_693km_SENTINEL1_MY_ALL_HEAT_MY_0p5,2484.72,12.946086831566152,151.1309289702398,151.68440544649974,49.28181550323498,-11.638578338584079,50.63747471031954,62.22790233480113,139.49235063165574,152.74301199640635,1.0,5.800000000000001,12.946086831566152,-8.869071029760192,15.692723956706242,12.946086831566152,151.1309289702398,151.68440544649974,151.68440544649974,57.0,1.0,0.1,-0.8163098107288391,0.05705065754784755,0.8183009743479442,-0.8163098107288391,0.05705065754784755,0.8183009743479442,0.8183009743479442,0.0,1.0,0.1,-0.8163098107288391,-1.2691380435055635,1.508997375930549,-0.8163098107288391,-1.2691380435055635,1.508997375930549,1.508997375930549,0.0,1.0,0.1,0.0,0.0,0.0,0.0,0.0,0.0,0.0,0.0,0.0,nan,nan,nan,nan,62.22790233480113,139.49235063165574,152.74301199640635,151.68440544649974,nan,1.0,0.8,8.465505692506142,-12.907716382089632,15.436124151817351,48.46550569250614,-12.907716382089632,50.15490389015625,1.508997375930549,7.0
25_LTAN18_693km_SENTINEL1_MY_ALL_HEAT_MY_0p5,2543.88,12.777509392208652,151.21671980439004,151.75559658433488,39.771071254898786,-17.587836594497823,43.48643587185541,52.548580647107435,133.62888320989222,143.58980380218009,1.0,5.800000000000001,12.777509392208652,-8.783280195609962,15.505184850964353,12.777509392208652,151.21671980439004,151.75559658433488,151.75559658433488,57.0,1.0,0.1,-0.9848872500863397,0.14284149169807847,0.9951917338549213,-0.9848872500863397,0.14284149169807847,0.9951917338549213,0.9951917338549213,0.0,1.0,0.1,-0.9848872500863397,-1.2691792193314484,1.6064926972026412,-0.9848872500863397,-1.2691792193314484,1.6064926972026412,1.6064926972026412,0.0,1.0,0.1,0.0,0.0,0.0,0.0,0.0,0.0,0.0,0.0,1.0,3.4000000000000004,12.548580647107435,13.628883209892223,18.526017753576763,52.548580647107435,133.62888320989222,143.58980380218009,151.75559658433488,33.0,1.0,0.7000000000000001,-1.2138159951875593,21.142984186170736,21.177798033951476,38.78618400481244,-18.857015813829264,43.1271969302223,1.6064926972026412,6.0
25_LTAN18_693km_SENTINEL1_MY_ALL_HEAT_MY_0p5,2603.04,12.613435412013496,151.30621228292298,151.83105291177424,99.04852336658801,-148.93589759135688,178.86450618399581,111.66195877860152,2.370314691566108,111.68711398371416,1.0,5.800000000000001,12.613435412013496,-8.693787717077015,15.319291686061574,12.613435412013496,151.30621228292298,151.83105291177424,151.83105291177424,57.0,1.0,0.1,-1.148961230281495,0.23233397023102498,1.1722162694713283,-1.148961230281495,0.23233397023102498,1.1722162694713283,1.1722162694713283,0.0,1.0,0.1,-1.148961230281495,-1.2941294207677174,1.7305729878819196,-1.148961230281495,-1.2941294207677174,1.7305729878819196,1.7305729878819196,0.0,1.0,0.1,0.0,0.0,0.0,0.0,0.0,0.0,0.0,0.0,1.0,4.4,-8.338041221398484,2.370314691566108,8.668409493488092,111.66195877860152,2.370314691566108,111.68711398371416,151.83105291177424,43.0,1.0,6.300000000000001,17.89956213630653,9.769972987875406,20.39231955554133,97.89956213630653,-150.2300270121246,179.31365057503075,1.7305729878819196,62.0
25_LTAN18_693km_SENTINEL1_MY_ALL_HEAT_MY_0p5,2662.2,12.45436773013354,151.39969016787967,151.91108405408525,64.7991550116181,-52.509703846177445,83.40383377419154,77.25352274175164,98.88998632170222,125.48839058142705,1.0,5.800000000000001,12.45436773013354,-8.600309832120331,15.13527683149064,12.45436773013354,151.39969016787967,151.91108405408525,151.91108405408525,57.0,1.0,0.1,-1.3080289121614506,0.32581185518770894,1.3479959198866753,-1.3080289121614506,0.32581185518770894,1.3479959198866753,1.3479959198866753,0.0,1.0,0.1,-1.3080289121614506,-1.3150942157794532,1.8548348798280787,-1.3080289121614506,-1.3150942157794532,1.8548348798280787,1.8548348798280787,0.0,1.0,0.1,0.0,0.0,0.0,0.0,0.0,0.0,0.0,0.0,1.0,1.8,-2.746477258248362,18.889986321702224,19.0886018493805,77.25352274175164,98.88998632170222,125.48839058142705,151.91108405408525,17.0,1.0,2.0,-16.50887390054335,-13.824798061956898,21.532950539067528,63.49112609945665,-53.8247980619569,83.23600170471636,1.8548348798280787,19.0
25_LTAN18_693km_SENTINEL1_MY_ALL_HEAT_MY_0p5,2721.36,12.30233940199824,151.49623304161744,151.9949215617483,33.97546941329513,-43.094677416930764,54.8769873765231,46.27780881529337,108.40155562468668,117.86658920405259,1.0,5.800000000000001,12.30233940199824,-8.503766958382556,14.955320365824242,12.30233940199824,151.49623304161744,151.9949215617483,151.9949215617483,57.0,1.0,0.1,-1.4600572402967504,0.42235472892548387,1.5199179787043384,-1.4600572402967504,0.42235472892548387,1.5199179787043384,1.5199179787043384,0.0,1.0,0.1,-1.4600572402967504,-1.3043833520182204,1.9578516475885632,-1.4600572402967504,-1.3043833520182204,1.9578516475885632,1.9578516475885632,0.0,1.0,0.1,0.0,0.0,0.0,0.0,0.0,0.0,0.0,0.0,1.0,3.4000000000000004,6.277808815293369,-11.59844437531332,13.188434154539058,46.27780881529337,108.40155562468668,117.86658920405259,151.9949215617483,33.0,1.0,0.7000000000000001,-7.484587827001619,-4.399060768948985,8.681635248558122,32.51541217299838,-44.399060768948985,55.032069068360464,1.9578516475885632,6.0
25_LTAN18_693km_SENTINEL1_MY_ALL_HEAT_MY_0p5,2780.52,12.156978420142758,151.5954389097398,152.0821134208243,79.45840757233631,-145.679006884284,165.93978299588915,91.61538599247908,5.916432025455805,91.8062259242954,1.0,5.800000000000001,12.156978420142758,-8.404561090260188,14.779335960310675,12.156978420142758,151.5954389097398,152.0821134208243,152.0821134208243,57.0,1.0,0.1,-1.6054182221522328,0.5215605970478521,1.6880145510069953,-1.6054182221522328,0.5215605970478521,1.6880145510069953,1.6880145510069953,0.0,1.0,0.1,-1.6054182221522328,-1.26239882388046,2.042307141091468,-1.6054182221522328,-1.26239882388046,2.042307141091468,2.042307141091468,0.0,1.0,0.1,0.0,0.0,0.0,0.0,0.0,0.0,0.0,0.0,1.0,2.2,11.615385992479077,5.916432025455805,13.035388742424148,91.61538599247908,5.916432025455805,91.8062259242954,152.0821134208243,21.0,1.0,6.300000000000001,-2.147010649815911,13.058594291835533,13.233916261227533,77.85298935018409,-146.94140570816447,166.29150508144204,2.042307141091468,62.0
25_LTAN18_693km_SENTINEL1_MY_ALL_HEAT_MY_0p5,2839.68,12.018030978440356,151.69386261106632,152.16918552211487,115.37727836072312,-55.40687966407773,127.9915570498202,127.39530933916348,96.28698294698859,159.6895360587375,1.0,5.800000000000001,12.018030978440356,-8.306137388933678,14.609072076028443,12.018030978440356,151.69386261106632,152.16918552211487,152.16918552211487,57.0,1.0,0.1,-1.7443656638546354,0.6199842983743622,1.8512677006488751,-1.7443656638546354,0.6199842983743622,1.8512677006488751,1.8512677006488751,0.0,1.0,0.1,-1.7443656638546354,-1.2498071325300657,2.145886632084288,-1.7443656638546354,-1.2498071325300657,2.145886632084288,2.145886632084288,0.0,1.0,0.1,0.0,0.0,0.0,0.0,0.0,0.0,0.0,0.0,1.0,3.8000000000000003,7.395309339163475,-23.713017053011413,24.839439969096095,127.39530933916348,96.28698294698859,159.6895360587375,152.16918552211487,37.0,1.0,4.0,-6.3670873031315125,23.3433132033922,24.196075550331777,113.63291269686849,-56.6566867966078,126.97408793428306,2.145886632084288,39.0
25_LTAN18_693km_SENTINEL1_MY_ALL_HEAT_MY_0p5,2898.84,11.88649516531274,151.7836515746765,152.24836830868762,150.30256330555443,-142.5168316558542,207.1277572935199,162.18905847086717,9.266819918822307,162.45357687374647,1.0,5.800000000000001,11.88649516531274,-8.216348425323503,14.449814834845432,11.88649516531274,151.7836515746765,152.24836830868762,152.24836830868762,57.0,1.0,0.1,-1.8759014769822517,0.7097732619845374,2.0056880202993597,-1.8759014769822517,0.7097732619845374,2.0056880202993597,2.0056880202993597,0.0,1.0,0.1,-1.8759014769822517,-1.2458501788964043,2.251921184144862,-1.8759014769822517,-1.2458501788964043,2.251921184144862,2.251921184144862,0.0,1.0,0.1,0.0,0.0,0.0,0.0,0.0,0.0,0.0,0.0,1.0,7.4,2.1890584708671668,9.266819918822307,9.521865804387142,162.18905847086717,9.266819918822307,162.45357687374647,152.24836830868762,73.0,1.0,6.7,-11.573338171427821,16.237318165249405,19.939725615709122,148.42666182857218,-143.7626818347506,206.635385715741,2.251921184144862,66.0
25_LTAN18_693km_SENTINEL1_MY_ALL_HEAT_MY_0p5,2958.0,11.76217274686672,151.86572802523096,152.32054377647341,132.68381237134938,-67.53403868150573,148.881968169522,144.4459851182161,84.33168934372523,167.2617004706651,1.0,5.800000000000001,11.76217274686672,-8.134271974769035,14.300877185915805,11.76217274686672,151.86572802523096,152.32054377647341,152.32054377647341,57.0,1.0,0.1,-2.000223895428272,0.7918497125390047,2.151260467514419,-2.000223895428272,0.7918497125390047,2.151260467514419,2.151260467514419,0.0,1.0,0.1,-2.000223895428272,-1.278216408310783,2.3737592165839336,-2.000223895428272,-1.278216408310783,2.3737592165839336,2.3737592165839336,0.0,1.0,0.1,0.0,0.0,0.0,0.0,0.0,0.0,0.0,0.0,1.0,4.800000000000001,24.4459851182161,4.33168934372523,24.826794415924617,144.4459851182161,84.33168934372523,167.2617004706651,152.32054377647341,47.0,1.0,4.0,10.683588475921113,11.187744910183483,15.469476361472966,130.6835884759211,-68.81225508981652,147.69335376884732,2.3737592165839336,39.0
25_LTAN18_693km_SENTINEL1_MY_ALL_HEAT_MY_0p5,3017.16,11.644499412006692,151.94264764048086,152.38819684790403,132.6424955262882,24.7431900419564,134.93056389452227,144.2869949382949,176.68583768243727,228.11537025344896,1.0,5.800000000000001,11.644499412006692,-8.057352359519143,14.160342284057716,11.644499412006692,151.94264764048086,152.38819684790403,152.38819684790403,57.0,1.0,0.1,-2.1178972302882997,0.8687693277888968,2.2891589772162226,-2.1178972302882997,0.8687693277888968,2.2891589772162226,2.2891589772162226,0.0,1.0,0.1,-2.1178972302882997,-1.2871288030374046,2.4783440507063084,-2.1178972302882997,-1.2871288030374046,2.4783440507063084,2.4783440507063084,0.0,1.0,0.1,0.0,0.0,0.0,0.0,0.0,0.0,0.0,0.0,1.0,6.6000000000000005,-15.713005061705104,16.685837682437267,22.91976673602534,144.2869949382949,176.68583768243727,228.11537025344896,152.38819684790403,65.0,1.0,4.6000000000000005,10.524598295999908,-16.543938761080994,19.6078830836621,130.5245982959999,23.456061238919006,132.61544996408247,2.4783440507063084,45.0
25_LTAN18_693km_SENTINEL1_MY_ALL_HEAT_MY_0p5,3076.32,11.532903563377175,152.0157928509004,152.45264556802553,171.72215140313074,53.852465402729734,179.9682897414763,183.2550549665079,205.86825825363013,275.6159555017837,1.0,5.800000000000001,11.532903563377175,-7.984207149099603,14.026953639400508,11.532903563377175,152.0157928509004,152.45264556802553,152.45264556802553,57.0,1.0,0.1,-2.229493078917816,0.9419145382084366,2.420297995336701,-2.229493078917816,0.9419145382084366,2.420297995336701,2.420297995336701,0.0,1.0,0.1,-2.229493078917816,-1.2712049326020747,2.566437486013304,-2.229493078917816,-1.2712049326020747,2.566437486013304,2.566437486013304,0.0,1.0,0.1,0.0,0.0,0.0,0.0,0.0,0.0,0.0,0.0,1.0,10.0,23.255054966507913,5.868258253630131,23.984037116936808,183.2550549665079,205.86825825363013,275.6159555017837,152.45264556802553,99.0,1.0,7.6000000000000005,9.492658324212925,12.58126047012766,15.76066867481979,169.49265832421293,52.58126047012766,177.46140475730434,2.566437486013304,75.0
25_LTAN18_693km_SENTINEL1_MY_ALL_HEAT_MY_0p5,3135.48,11.426934758959671,152.08468526347144,152.5133644297269,150.91226308215775,-34.41324928793625,154.78624898592264,162.33919784111743,117.67143597553519,200.50082792906852,1.0,5.800000000000001,11.426934758959671,-7.915314736528558,13.900613129061139,11.426934758959671,152.08468526347144,152.5133644297269,152.5133644297269,57.0,1.0,0.1,-2.33546188333532,1.0108069507794823,2.544820799242311,-2.33546188333532,1.0108069507794823,2.544820799242311,2.544820799242311,0.0,1.0,0.1,-2.33546188333532,-1.2309231900233328,2.6399913083662563,-2.33546188333532,-1.2309231900233328,2.6399913083662563,2.6399913083662563,0.0,1.0,0.1,0.0,0.0,0.0,0.0,0.0,0.0,0.0,0.0,1.0,8.0,2.339197841117425,-2.3285640244648107,3.3006146330524833,162.33919784111743,117.67143597553519,200.50082792906852,152.5133644297269,79.0,1.0,7.2,-11.423198801177563,4.355827522040414,12.22549402899487,148.57680119882244,-35.644172477959586,152.7925812535181,2.6399913083662563,71.0
25_LTAN18_693km_SENTINEL1_MY_ALL_HEAT_MY_0p5,3194.64,11.324361096058723,152.15219706292,152.57303898562017,96.31843725955733,-51.44282765493821,109.19526488478773,107.64279835561605,100.7093694079818,147.40878238551852,1.0,5.800000000000001,11.324361096058723,-7.84780293707999,13.777850528045718,11.324361096058723,152.15219706292,152.57303898562017,152.57303898562017,57.0,1.0,0.1,-2.438035546236268,1.0783187502280498,2.665856082350463,-2.438035546236268,1.0783187502280498,2.665856082350463,2.665856082350463,0.0,1.0,0.1,-2.438035546236268,-1.1920220605670693,2.713841173980183,-2.438035546236268,-1.1920220605670693,2.713841173980183,2.713841173980183,0.0,1.0,0.1,0.0,0.0,0.0,0.0,0.0,0.0,0.0,0.0,1.0,3.8000000000000003,-12.357201644383949,-19.290630592018204,22.90914361379914,107.64279835561605,100.7093694079818,147.40878238551852,152.57303898562017,37.0,1.0,2.0,13.880401713321064,-12.634849715505283,18.76978899872266,93.88040171332106,-52.63484971550528,107.62879368657983,2.713841173980183,19.0
25_LTAN18_693km_SENTINEL1_MY_ALL_HEAT_MY_0p5,3253.8,11.224949269717577,152.21913406301272,152.63244825724695,-40.474458973565326,-22.77005642073069,46.439824489397914,-29.24950970384775,129.44907764228202,132.71246181257072,1.0,5.800000000000001,11.224949269717577,-7.780865936987283,13.658014527635492,11.224949269717577,152.21913406301272,152.63244825724695,152.63244825724695,57.0,1.0,0.1,-2.5374473725774145,1.1452557503207572,2.783927064820985,-2.5374473725774145,1.1452557503207572,2.783927064820985,2.783927064820985,0.0,1.0,0.1,-2.5374473725774145,-1.1823064004585717,2.7993727142281943,-2.5374473725774145,-1.1823064004585717,2.7993727142281943,2.7993727142281943,0.0,1.0,0.1,0.0,0.0,0.0,0.0,0.0,0.0,0.0,0.0,1.0,3.0,10.75049029615225,9.44907764228202,14.312865188268129,-29.24950970384775,129.44907764228202,132.71246181257072,152.63244825724695,29.0,1.0,0.30000000000000004,-3.0119063461427373,16.04763717881073,16.327836319019227,-43.01190634614274,-23.95236282118927,49.23149167196992,2.7993727142281943,2.0
25_LTAN18_693km_SENTINEL1_MY_ALL_HEAT_MY_0p5,3312.96,11.129713622445676,152.2835499428387,152.68971841126273,98.65267233621087,-76.97468374980312,125.12973946052149,109.78238595865655,75.30886619303558,133.13000260668505,1.0,5.800000000000001,11.129713622445676,-7.716450057161296,13.543047175666096,11.129713622445676,152.2835499428387,152.68971841126273,152.68971841126273,57.0,1.0,0.1,-2.632683019849315,1.2096716301467438,2.897296211260559,-2.632683019849315,1.2096716301467438,2.897296211260559,2.897296211260559,0.0,1.0,0.1,-2.632683019849315,-1.2323332006010332,2.9068307484796043,-2.632683019849315,-1.2323332006010332,2.9068307484796043,2.9068307484796043,0.0,1.0,0.1,0.0,0.0,0.0,0.0,0.0,0.0,0.0,0.0,1.0,4.800000000000001,-10.217614041343452,-4.691133806964416,11.24305888505007,109.78238595865655,75.30886619303558,133.13000260668505,152.68971841126273,47.0,1.0,1.9000000000000001,16.01998931636156,1.792983049595847,16.120013831026217,96.01998931636156,-78.20701695040415,123.83931463228869,2.9068307484796043,18.0
25_LTAN18_693km_SENTINEL1_MY_ALL_HEAT_MY_0p5,3372.12,11.041184406295876,152.33306283852957,152.7326742608183,20.132336409868955,-60.848157579504345,64.0921933634692,31.17352081616483,91.48490525902523,96.65027827341567,1.0,5.800000000000001,11.041184406295876,-7.666937161470429,13.442086093005337,11.041184406295876,152.33306283852957,152.7326742608183,152.7326742608183,57.0,1.0,0.1,-2.721212235999115,1.259184525837611,2.9984232028618294,-2.721212235999115,1.259184525837611,2.9984232028618294,2.9984232028618294,0.0,1.0,0.1,-2.721212235999115,-1.2686523148870776,3.0024114856927326,-2.721212235999115,-1.2686523148870776,3.0024114856927326,3.0024114856927326,0.0,1.0,0.1,0.0,0.0,0.0,0.0,0.0,0.0,0.0,0.0,1.0,1.6,-8.826479183835168,11.484905259025226,14.484812169699019,31.17352081616483,91.48490525902523,96.65027827341567,152.7326742608183,15.0,1.0,1.5,17.41112417386984,17.883190105608577,24.959081180028466,17.41112417386984,-62.11680989439142,64.51081549983599,3.0024114856927326,14.0
25_LTAN18_693km_SENTINEL1_MY_ALL_HEAT_MY_0p5,3431.28,10.95893302548382,152.3674089964885,152.76100790895643,114.259602177244,-54.099946990671626,126.42017621446168,125.21853520272782,98.26746200581688,159.17341375801882,1.0,5.800000000000001,10.95893302548382,-7.632591003511493,13.35494883868615,10.95893302548382,152.3674089964885,152.76100790895643,152.76100790895643,57.0,1.0,0.1,-2.8034636168111717,1.293530683796547,3.087495729666219,-2.8034636168111717,1.293530683796547,3.087495729666219,3.087495729666219,0.0,1.0,0.1,-2.8034636168111717,-1.2915274969123516,3.086657014646211,-2.8034636168111717,-1.2915274969123516,3.086657014646211,3.086657014646211,0.0,1.0,0.1,0.0,0.0,0.0,0.0,0.0,0.0,0.0,0.0,1.0,3.8000000000000003,5.218535202727821,-21.73253799418312,22.350309110406556,125.21853520272782,98.26746200581688,159.17341375801882,152.76100790895643,37.0,1.0,4.2,-8.543861439567166,-15.391474487583977,17.603836377348866,111.45613856043283,-55.39147448758398,124.46158551421024,3.086657014646211,41.0
25_LTAN18_693km_SENTINEL1_MY_ALL_HEAT_MY_0p5,3490.44,10.882377343994747,152.3893223621594,152.77739265563875,115.25008347221168,-118.80478721577117,165.52087241715597,126.13246081620643,33.58453514638822,130.52708022686647,1.0,5.800000000000001,10.882377343994747,-7.61067763784061,13.279629165161854,10.882377343994747,152.3893223621594,152.77739265563875,152.77739265563875,57.0,1.0,0.1,-2.880019298300244,1.3154440494674304,3.166212912275658,-2.880019298300244,1.3154440494674304,3.166212912275658,3.166212912275658,0.0,1.0,0.1,-2.880019298300244,-1.2982248012333741,3.159097781506496,-2.880019298300244,-1.2982248012333741,3.159097781506496,3.159097781506496,0.0,1.0,0.1,0.0,0.0,0.0,0.0,0.0,0.0,0.0,0.0,1.0,4.6000000000000005,6.132460816206432,-6.41546485361178,8.874979715483033,126.13246081620643,33.58453514638822,130.52708022686647,152.77739265563875,45.0,1.0,3.9000000000000004,-7.6299358260885555,-0.10301201700454499,7.630631178734626,112.37006417391144,-120.10301201700454,164.4742071511692,3.159097781506496,38.0
25_LTAN18_693km_SENTINEL1_MY_ALL_HEAT_MY_0p5,3549.6,10.81319797366848,152.40320853715968,152.78633192415717,45.97074260800362,-87.38329265807587,98.73777904985637,56.7839405816721,65.01991587908381,86.32499851668695,1.0,5.800000000000001,10.81319797366848,-7.596791462840315,13.215010062335617,10.81319797366848,152.40320853715968,152.78633192415717,152.78633192415717,57.0,1.0,0.1,-2.9491986686265115,1.329330224467725,3.2349484745064796,-2.9491986686265115,1.329330224467725,3.2349484745064796,3.2349484745064796,0.0,1.0,0.1,-2.9491986686265115,-1.2557279562411736,3.2054056665442556,-2.9491986686265115,-1.2557279562411736,3.2054056665442556,3.2054056665442556,0.0,1.0,0.1,0.0,0.0,0.0,0.0,0.0,0.0,0.0,0.0,1.0,1.6,16.7839405816721,-14.980084120916189,22.49674602512161,56.7839405816721,65.01991587908381,86.32499851668695,152.78633192415717,15.0,1.0,1.7000000000000002,3.0215439393771106,-8.639020614317047,9.152180338705168,43.02154393937711,-88.63902061431705,98.527809365646,3.2054056665442556,16.0
25_LTAN18_693km_SENTINEL1_MY_ALL_HEAT_MY_0p5,3608.76,10.751017035708186,152.4084854435854,152.7872075879053,136.45984252100973,-66.17085936479563,151.65708440404075,147.2108595567179,86.23762607878976,170.61056627047716,1.0,5.800000000000001,10.751017035708186,-7.591514556414609,13.16113447094674,10.751017035708186,152.4084854435854,152.7872075879053,152.7872075879053,57.0,1.0,0.1,-3.0113796065868055,1.3346071308934313,3.293870569527361,-3.0113796065868055,1.3346071308934313,3.293870569527361,3.293870569527361,0.0,1.0,0.1,-3.0113796065868055,-1.1932297098308595,3.2391672194238352,-3.0113796065868055,-1.1932297098308595,3.2391672194238352,3.2391672194238352,0.0,1.0,0.1,0.0,0.0,0.0,0.0,0.0,0.0,0.0,0.0,1.0,7.800000000000001,-12.789140443282093,6.237626078789759,14.229198585190657,147.2108595567179,86.23762607878976,170.61056627047716,152.7872075879053,77.0,1.0,4.0,13.448462914422919,12.635910925373508,18.453384504599207,133.44846291442292,-67.36408907462649,149.48716584067117,3.2391672194238352,39.0
25_LTAN18_693km_SENTINEL1_MY_ALL_HEAT_MY_0p5,3667.92,10.694527245641682,152.40571514117113,152.78047951456224,61.067480056061825,-4.632158363054607,61.2429098875774,71.7620073017035,147.77355677811653,164.27662577136462,1.0,5.800000000000001,10.694527245641682,-7.594284858828871,13.116633543894169,10.694527245641682,152.40571514117113,152.78047951456224,152.78047951456224,57.0,1.0,0.1,-3.0678693966533093,1.3318368284791688,3.344489792571565,-3.0678693966533093,1.3318368284791688,3.344489792571565,3.344489792571565,0.0,1.0,0.1,-3.0678693966533093,-1.167389342253216,3.2824717076203926,-3.0678693966533093,-1.167389342253216,3.2824717076203926,3.2824717076203926,0.0,1.0,0.1,0.0,0.0,0.0,0.0,0.0,0.0,0.0,0.0,1.0,6.2,-8.237992698296495,-12.226443221883471,14.742809689985373,71.7620073017035,147.77355677811653,164.27662577136462,152.78047951456224,61.0,1.0,0.8,17.999610659408518,-5.799547705307816,18.910862949015147,57.99961065940852,-5.799547705307816,58.288846190580195,3.2824717076203926,7.0
25_LTAN18_693km_SENTINEL1_MY_ALL_HEAT_MY_0p5,3727.08,10.642755980284026,152.39438285035365,152.76555953223237,64.88324836694379,-122.32940479595425,138.47136598004278,75.52600434722781,30.064978054399404,81.29009926226558,1.0,5.800000000000001,10.642755980284026,-7.605617149646349,13.081042278154522,10.642755980284026,152.39438285035365,152.76555953223237,152.76555953223237,57.0,1.0,0.1,-3.1196406620109656,1.3205045376616908,3.387608314734354,-3.1196406620109656,1.3205045376616908,3.387608314734354,3.387608314734354,0.0,1.0,0.1,-3.1196406620109656,-1.1215002930864841,3.31510494064144,-3.1196406620109656,-1.1215002930864841,3.31510494064144,3.31510494064144,0.0,1.0,0.1,0.0,0.0,0.0,0.0,0.0,0.0,0.0,0.0,1.0,2.4000000000000004,-4.473995652772189,-9.935021945600596,10.895930348556286,75.52600434722781,30.064978054399404,81.29009926226558,152.76555953223237,23.0,1.0,3.5,21.763607704932824,-3.450905089040731,22.03550240561305,61.763607704932824,-123.45090508904073,138.0393755565135,3.31510494064144,34.0
25_LTAN18_693km_SENTINEL1_MY_ALL_HEAT_MY_0p5,3786.24,10.595762369681683,152.37391922662573,152.74187847698164,107.27171824412227,-56.092772164125726,121.05214010542264,117.86748061380395,96.2811470625,152.19330558837402,1.0,5.800000000000001,10.595762369681683,-7.6260807733742695,13.054780279912453,10.595762369681683,152.37391922662573,152.74187847698164,152.74187847698164,57.0,1.0,0.1,-3.166634272613308,1.3000409139337705,3.4231095504513096,-3.166634272613308,1.3000409139337705,3.4231095504513096,3.4231095504513096,0.0,1.0,0.1,-3.166634272613308,-1.1133532468221006,3.3566542968704014,-3.166634272613308,-1.1133532468221006,3.3566542968704014,3.3566542968704014,0.0,1.0,0.1,0.0,0.0,0.0,0.0,0.0,0.0,0.0,0.0,1.0,3.8000000000000003,-2.1325193861960514,-23.718852937500003,23.814525475080426,117.86748061380395,96.2811470625,152.19330558837402,152.74187847698164,37.0,1.0,4.2,-15.89491602849104,-17.206125410947834,23.424327252026814,104.10508397150896,-57.206125410947834,118.7872438153526,3.3566542968704014,41.0
25_LTAN18_693km_SENTINEL1_MY_ALL_HEAT_MY_0p5,3845.4,10.555699979492609,152.3456193984143,152.71087240908412,144.39329839577124,-20.60001504128323,145.85535725955125,154.94899837526384,131.74560435713107,203.3865687918532,1.0,5.800000000000001,10.555699979492609,-7.6543806015857,13.038878189897769,10.555699979492609,152.3456193984143,152.71087240908412,152.71087240908412,57.0,1.0,0.1,-3.2066966628023827,1.27174108572234,3.449670835941043,-3.2066966628023827,1.27174108572234,3.449670835941043,3.449670835941043,0.0,1.0,0.1,-3.2066966628023827,-1.0844317350493213,3.385099064312597,-3.2066966628023827,-1.0844317350493213,3.385099064312597,3.385099064312597,0.0,1.0,0.1,0.0,0.0,0.0,0.0,0.0,0.0,0.0,0.0,1.0,8.0,-5.051001624736159,11.745604357131072,12.7856106278638,154.94899837526384,131.74560435713107,203.3865687918532,152.71087240908412,79.0,0.0,nan,nan,nan,nan,141.18660173296885,-21.68444677633255,142.8421217320002,3.385099064312597,nan
25_LTAN18_693km_SENTINEL1_MY_ALL_HEAT_MY_0p5,3904.56,10.523552859619029,152.3125974770445,152.6757102979822,111.4538727057741,-174.40598163767788,206.97683969980056,121.97742556539313,-22.093384160633377,123.96213119832342,1.0,5.800000000000001,10.523552859619029,-7.6874025229554945,13.032318379288405,10.523552859619029,152.3125974770445,152.6757102979822,152.6757102979822,57.0,1.0,0.1,-3.2388437826759624,1.2387191643525455,3.467641016125084,-3.2388437826759624,1.2387191643525455,3.467641016125084,3.467641016125084,0.0,1.0,0.1,-3.2388437826759624,-1.0888429864267835,3.4169706024005433,-3.2388437826759624,-1.0888429864267835,3.4169706024005433,3.4169706024005433,0.0,1.0,0.1,0.0,0.0,0.0,0.0,0.0,0.0,0.0,0.0,1.0,4.2,1.9774255653931334,17.906615839366623,18.015468428140466,121.97742556539313,-22.093384160633377,123.96213119832342,152.6757102979822,41.0,1.0,6.5,-11.784971076901854,-15.494824624104666,19.46728366812313,108.21502892309815,-175.49482462410467,206.176928764283,3.4169706024005433,64.0
25_LTAN18_693km_SENTINEL1_MY_ALL_HEAT_MY_0p5,3963.72,10.499009988191451,152.27656331082292,152.63807173994044,189.0326958664204,-26.251308675171668,190.8467744387778,199.53170585461186,126.02525463565125,235.99844585766255,1.0,5.800000000000001,10.499009988191451,-7.723436689177078,13.033828486821147,10.499009988191451,152.27656331082292,152.63807173994044,152.63807173994044,57.0,1.0,0.1,-3.26338665410354,1.2026849981309624,3.4779510719546316,-3.26338665410354,1.2026849981309624,3.4779510719546316,3.4779510719546316,0.0,1.0,0.1,-3.26338665410354,-1.0962664826560626,3.442599694297348,-3.26338665410354,-1.0962664826560626,3.442599694297348,3.442599694297348,0.0,1.0,0.1,0.0,0.0,0.0,0.0,0.0,0.0,0.0,0.0,1.0,11.8,-0.4682941453881426,6.025254635651251,6.043425587449696,199.53170585461186,126.02525463565125,235.99844585766255,152.63807173994044,117.0,1.0,11.0,-14.23069078768313,12.652424842172266,19.04196456990369,185.76930921231687,-27.347575157827734,187.77147310556637,3.442599694297348,109.0
25_LTAN18_693km_SENTINEL1_MY_ALL_HEAT_MY_0p5,4022.88,10.485083707427052,152.23152150375788,152.59217909087232,85.34835216687239,-113.2782109658705,141.83192270158625,95.83343587429944,38.953310537887376,103.44760912333619,1.0,5.800000000000001,10.485083707427052,-7.768478496242125,13.049376939085194,10.485083707427052,152.23152150375788,152.59217909087232,152.59217909087232,57.0,1.0,0.1,-3.2773129348679397,1.1576431910659153,3.4757614749683245,-3.2773129348679397,1.1576431910659153,3.4757614749683245,3.4757614749683245,0.0,1.0,0.1,-3.2773129348679397,-1.1126976197288059,3.461051294910675,-3.2773129348679397,-1.1126976197288059,3.461051294910675,3.461051294910675,0.0,1.0,0.1,0.0,0.0,0.0,0.0,0.0,0.0,0.0,0.0,1.0,2.4000000000000004,15.83343587429944,-1.0466894621126244,15.86799453036363,95.83343587429944,38.953310537887376,103.44760912333619,152.59217909087232,23.0,1.0,3.7,2.071039232004452,5.6090914144006945,5.9792231933258,82.07103923200445,-114.3909085855993,140.7868440148445,3.461051294910675,36.0
25_LTAN18_693km_SENTINEL1_MY_ALL_HEAT_MY_0p5,4082.04,10.482088258104136,152.1764206792608,152.53700267476754,86.3683498756498,-27.746654245917192,90.71586786271259,96.85043813375394,124.42976643334359,157.67933961479082,1.0,5.800000000000001,10.482088258104136,-7.8235793207392135,13.079853502183534,10.482088258104136,152.1764206792608,152.53700267476754,152.53700267476754,57.0,1.0,0.1,-3.280308384190855,1.1025423665688265,3.460639068939725,-3.280308384190855,1.1025423665688265,3.460639068939725,3.460639068939725,0.0,1.0,0.1,-3.280308384190855,-1.1105771042416848,3.463207270704233,-3.280308384190855,-1.1105771042416848,3.463207270704233,3.463207270704233,0.0,1.0,0.1,0.0,0.0,0.0,0.0,0.0,0.0,0.0,0.0,1.0,3.6,16.85043813375394,4.4297664333435876,17.42297609346482,96.85043813375394,124.42976643334359,157.67933961479082,152.53700267476754,35.0,1.0,2.0,3.0880414914589522,11.142768649841116,11.56275457825055,83.08804149145895,-28.857231350158884,87.95659406822774,3.463207270704233,19.0
25_LTAN18_693km_SENTINEL1_MY_ALL_HEAT_MY_0p5,4141.2,10.489281906782333,152.1156446046629,152.47686502683632,125.475406408873,-21.792824742834384,127.35385672897284,135.96468831565534,130.32281986182852,188.3359600435135,1.0,5.800000000000001,10.489281906782333,-7.88435539533711,13.1220461407485,10.489281906782333,152.1156446046629,152.47686502683632,152.47686502683632,57.0,1.0,0.1,-3.2731147355126584,1.04176629197093,3.4349027757590114,-3.2731147355126584,1.04176629197093,3.4349027757590114,3.4349027757590114,0.0,1.0,0.1,-3.2731147355126584,-1.1427425088472773,3.466863209495966,-3.2731147355126584,-1.1427425088472773,3.466863209495966,3.466863209495966,0.0,1.0,0.1,0.0,0.0,0.0,0.0,0.0,0.0,0.0,0.0,1.0,3.8000000000000003,15.964688315655337,10.32281986182852,19.011361942685312,135.96468831565534,130.32281986182852,188.3359600435135,152.47686502683632,37.0,1.0,4.2,2.2022916733603495,17.064432748318353,17.205956923008735,122.20229167336035,-22.935567251681647,124.33599774553404,3.466863209495966,41.0
25_LTAN18_693km_SENTINEL1_MY_ALL_HEAT_MY_0p5,4200.36,10.50635942577216,152.06644276281537,152.42895592019292,107.39171546260309,-49.25680362609694,118.14911448445383,117.89807488837525,102.80963913671843,156.42818787484308,1.0,5.800000000000001,10.50635942577216,-7.93355723718463,13.16529220409468,10.50635942577216,152.06644276281537,152.42895592019292,152.42895592019292,57.0,1.0,0.1,-3.256037216522831,0.9925644501234103,3.403962770511824,-3.256037216522831,0.9925644501234103,3.403962770511824,3.403962770511824,0.0,1.0,0.1,-3.256037216522831,-1.1347230107105872,3.448097253039398,-3.256037216522831,-1.1347230107105872,3.448097253039398,3.448097253039398,0.0,1.0,0.1,0.0,0.0,0.0,0.0,0.0,0.0,0.0,0.0,1.0,3.8000000000000003,-2.1019251116247517,-17.19036086328157,17.318388948880937,117.89807488837525,102.80963913671843,156.42818787484308,152.42895592019292,37.0,1.0,4.2,-15.86432175391974,-10.391526636807527,18.964718045765178,104.13567824608026,-50.39152663680753,115.68727432418501,3.448097253039398,41.0
25_LTAN18_693km_SENTINEL1_MY_ALL_HEAT_MY_0p5,4259.52,10.533377671620476,152.0289206542238,152.39338817829753,36.34383902887327,-122.64310456131658,127.91483780935924,46.87721670049375,29.385816092907234,55.32630145808787,1.0,5.800000000000001,10.533377671620476,-7.9710793457761895,13.209472022365336,10.533377671620476,152.0289206542238,152.39338817829753,152.39338817829753,57.0,1.0,0.1,-3.229018970674515,0.9550423415318505,3.3672940749353244,-3.229018970674515,0.9550423415318505,3.3672940749353244,3.3672940749353244,0.0,1.0,0.1,-3.229018970674515,-1.172245119302147,3.4352179163342185,-3.229018970674515,-1.172245119302147,3.4352179163342185,3.4352179163342185,0.0,1.0,0.1,0.0,0.0,0.0,0.0,0.0,0.0,0.0,0.0,1.0,0.6000000000000001,6.877216700493747,-10.614183907092766,12.64741118012446,46.87721670049375,29.385816092907234,55.32630145808787,152.39338817829753,5.0,1.0,3.5,-6.8851799418012405,-3.8153496806187235,7.871632360341756,33.11482005819876,-123.81534968061872,128.16720377702237,3.4352179163342185,34.0
25_LTAN18_693km_SENTINEL1_MY_ALL_HEAT_MY_0p5,4318.679999999999,10.572136609433253,151.99838709985352,152.36561210931237,5.492646228980892,-58.22722942984966,58.48571970723356,16.064782838414146,93.77115767000386,95.13730739524915,1.0,5.800000000000001,10.572136609433253,-8.001612900146483,13.258803923895602,10.572136609433253,151.99838709985352,152.36561210931237,152.36561210931237,57.0,1.0,0.1,-3.1902600328617385,0.9245087871615567,3.3215170592387318,-3.1902600328617385,0.9245087871615567,3.3215170592387318,3.3215170592387318,0.0,1.0,0.1,-3.1902600328617385,-1.2027786736724408,3.409462657826922,-3.1902600328617385,-1.2027786736724408,3.409462657826922,3.409462657826922,0.0,1.0,0.1,0.0,0.0,0.0,0.0,0.0,0.0,0.0,0.0,1.0,1.4000000000000001,16.064782838414146,13.77115767000386,21.15944307437017,16.064782838414146,93.77115767000386,95.13730739524915,152.36561210931237,13.0,1.0,0.5,2.302386196119155,-19.4300081035221,19.56594483021493,2.302386196119155,-59.4300081035221,59.47458991351502,3.409462657826922,4.0
25_LTAN18_693km_SENTINEL1_MY_ALL_HEAT_MY_0p5,4377.84,10.628357905238309,151.96642017569891,152.33763439406204,2.7932295344729816,-43.19880747613857,43.28901822163142,13.42158743971129,108.76761269956035,109.59257539524918,1.0,5.800000000000001,10.628357905238309,-8.033579824301086,13.322927476919594,10.628357905238309,151.96642017569891,152.33763439406204,152.33763439406204,57.0,1.0,0.1,-3.1340387370566827,0.8925418630069544,3.258654597006527,-3.1340387370566827,0.8925418630069544,3.258654597006527,3.258654597006527,0.0,1.0,0.1,-3.1340387370566827,-1.2061349278351372,3.358118560967691,-3.1340387370566827,-1.2061349278351372,3.358118560967691,3.358118560967691,0.0,1.0,0.1,0.0,0.0,0.0,0.0,0.0,0.0,0.0,0.0,1.0,3.2,13.42158743971129,-11.232387300439655,17.501586610044644,13.42158743971129,108.76761269956035,109.59257539524918,152.33763439406204,31.0,1.0,0.5,-0.34080920258370107,-4.404942403973706,4.418106890387714,-0.34080920258370107,-44.404942403973706,44.4062502449012,3.358118560967691,4.0
25_LTAN18_693km_SENTINEL1_MY_ALL_HEAT_MY_0p5,4437.0,10.700710951777292,151.93332729222408,152.30968832270509,82.5578953962563,-112.27436374104869,139.36046371089796,93.2586063480336,39.65896355117539,101.34101365158605,1.0,5.800000000000001,10.700710951777292,-8.066672707775922,13.400612801206645,10.700710951777292,151.93332729222408,152.30968832270509,152.30968832270509,57.0,1.0,0.1,-3.061685690517699,0.8594489795321181,3.180027014970099,-3.061685690517699,0.8594489795321181,3.180027014970099,3.180027014970099,0.0,1.0,0.1,-3.061685690517699,-1.2106171413176696,3.292341587741619,-3.061685690517699,-1.2106171413176696,3.292341587741619,3.292341587741619,0.0,1.0,0.1,0.0,0.0,0.0,0.0,0.0,0.0,0.0,0.0,1.0,2.4000000000000004,13.258606348033595,-0.34103644882461026,13.26299167426202,93.2586063480336,39.65896355117539,101.34101365158605,152.30968832270509,23.0,1.0,3.7,-0.5037902942613925,6.515019117633642,6.53446851424994,79.49620970573861,-113.48498088236636,138.55860941655638,3.292341587741619,36.0
25_LTAN18_693km_SENTINEL1_MY_ALL_HEAT_MY_0p5,4496.16,10.788559093592994,151.89831355171705,152.2809596343932,113.53265498752377,-82.8958746544494,140.57521041507385,124.32121408111676,69.00243889726765,142.18685186884903,1.0,5.800000000000001,10.788559093592994,-8.101686448282948,13.49186164405193,10.788559093592994,151.89831355171705,152.2809596343932,152.2809596343932,57.0,1.0,0.1,-2.9738375487019972,0.8244352390250924,3.086001171324513,-2.9738375487019972,0.8244352390250924,3.086001171324513,3.086001171324513,0.0,1.0,0.1,-2.9738375487019972,-1.1884095418404854,3.2025032404679026,-2.9738375487019972,-1.1884095418404854,3.2025032404679026,3.2025032404679026,0.0,1.0,0.1,0.0,0.0,0.0,0.0,0.0,0.0,0.0,0.0,1.0,4.800000000000001,4.321214081116764,-10.997561102732348,11.816058621349733,124.32121408111676,69.00243889726765,142.18685186884903,152.2809596343932,47.0,1.0,4.0,-9.441182561178223,-4.084284196289886,10.286753887867595,110.55881743882178,-84.08428419628989,138.90075220197033,3.2025032404679026,39.0
25_LTAN18_693km_SENTINEL1_MY_ALL_HEAT_MY_0p5,4555.32,10.892629477088224,151.8604476310573,152.25059911747547,145.99283470339816,-65.50027419706839,160.01310479027924,156.8854641804864,86.3601734339889,179.08413784217552,1.0,5.800000000000001,10.892629477088224,-8.139552368942702,13.59785606968584,10.892629477088224,151.8604476310573,152.25059911747547,152.25059911747547,57.0,1.0,0.1,-2.869767165206767,0.7865693183653377,2.9756100005028543,-2.869767165206767,0.7865693183653377,2.9756100005028543,2.9756100005028543,0.0,1.0,0.1,-2.869767165206767,-1.1690541225160302,3.098749929224785,-2.869767165206767,-1.1690541225160302,3.098749929224785,3.098749929224785,0.0,1.0,0.1,0.0,0.0,0.0,0.0,0.0,0.0,0.0,0.0,1.0,7.800000000000001,-3.1145358195136055,6.360173433988905,7.08181752669832,156.8854641804864,86.3601734339889,179.08413784217552,152.25059911747547,77.0,1.0,7.0,-16.876932461808593,13.330671680415577,21.506688651939946,143.1230675381914,-66.66932831958442,157.88923902573677,3.098749929224785,69.0
25_LTAN18_693km_SENTINEL1_MY_ALL_HEAT_MY_0p5,4614.48,11.013401841820302,151.81961311612352,152.21855979761088,124.56112922353724,-13.59793673268902,125.30115241620469,135.57453106535755,138.2216763834345,193.6122033752999,1.0,5.800000000000001,11.013401841820302,-8.18038688387648,13.71910163601499,11.013401841820302,151.81961311612352,152.21855979761088,152.21855979761088,57.0,1.0,0.1,-2.748994800474689,0.7457348034315601,2.8483491376736074,-2.748994800474689,0.7457348034315601,2.8483491376736074,2.8483491376736074,0.0,1.0,0.1,-2.748994800474689,-1.1240566274728678,2.9699285706566334,-2.748994800474689,-1.1240566274728678,2.9699285706566334,2.9699285706566334,0.0,1.0,0.1,0.0,0.0,0.0,0.0,0.0,0.0,0.0,0.0,1.0,3.8000000000000003,15.574531065357547,18.2216763834345,23.97072189418587,135.57453106535755,138.2216763834345,193.6122033752999,152.21855979761088,37.0,1.0,4.4,1.8121344230625596,-14.721993360161889,14.833102159153999,121.81213442306256,-14.721993360161889,122.6985459620403,2.9699285706566334,43.0
25_LTAN18_693km_SENTINEL1_MY_ALL_HEAT_MY_0p5,4673.639999999999,11.154117747244506,151.7726758955762,152.18199463544633,77.34785920267421,-211.76610759491962,225.44971867168027,88.50197694991871,-59.993431699343404,106.9196510053588,1.0,5.800000000000001,11.154117747244506,-8.227324104423786,13.86013003685851,11.154117747244506,151.7726758955762,152.18199463544633,152.18199463544633,57.0,1.0,0.1,-2.6082788950504856,0.6987975828842536,2.7002660713734596,-2.6082788950504856,0.6987975828842536,2.7002660713734596,2.7002660713734596,0.0,1.0,0.1,-2.6082788950504856,-1.1137725080359644,2.8361255250821507,-2.6082788950504856,-1.1137725080359644,2.8361255250821507,2.8361255250821507,0.0,1.0,0.1,0.0,0.0,0.0,0.0,0.0,0.0,0.0,0.0,1.0,1.9000000000000001,8.501976949918713,20.006568300656596,21.73813210066096,88.50197694991871,-59.993431699343404,106.9196510053588,152.18199463544633,18.0,1.0,9.700000000000001,-5.260419692376274,-12.879880102955582,13.912703792090564,74.73958030762373,-212.87988010295558,225.61881175382624,2.8361255250821507,96.0
25_LTAN18_693km_SENTINEL1_MY_ALL_HEAT_MY_0p5,4732.799999999999,11.3151771146489,151.7199251910784,152.14127951717214,170.34456423334706,3.221628358610019,170.3750259079361,181.65974134799595,154.94155354968842,238.76169425393965,1.0,5.800000000000001,11.3151771146489,-8.280074808921597,14.021158011277537,11.3151771146489,151.7199251910784,152.14127951717214,152.14127951717214,57.0,1.0,0.1,-2.447219527646091,0.6460468783864428,2.5310590640214667,-2.447219527646091,0.6460468783864428,2.5310590640214667,2.5310590640214667,0.0,1.0,0.1,-2.447219527646091,-1.1379125425414713,2.6988383373158076,-2.447219527646091,-1.1379125425414713,2.6988383373158076,2.6988383373158076,0.0,1.0,0.1,0.0,0.0,0.0,0.0,0.0,0.0,0.0,0.0,1.0,6.6000000000000005,21.659741347995947,-5.058446450311578,22.242577992506963,181.65974134799595,154.94155354968842,238.76169425393965,152.14127951717214,65.0,1.0,7.4,7.897344705700959,2.0837158160685476,8.167614400961714,167.89734470570096,2.0837158160685476,167.91027434563705,2.6988383373158076,73.0
25_LTAN18_693km_SENTINEL1_MY_ALL_HEAT_MY_0p5,4791.96,11.495811476118124,151.66323819601052,152.09829552494753,148.0591373856318,-15.401400994056708,148.85802402274834,159.55494886174992,136.26183720195382,209.82151935377698,1.0,5.800000000000001,11.495811476118124,-8.336761803989475,14.200537978221353,11.495811476118124,151.66323819601052,152.09829552494753,152.09829552494753,57.0,1.0,0.1,-2.266585166176867,0.5893598833185649,2.341955035349374,-2.266585166176867,0.5893598833185649,2.341955035349374,2.341955035349374,0.0,1.0,0.1,-2.266585166176867,-1.1373781976251394,2.5359490294495326,-2.266585166176867,-1.1373781976251394,2.5359490294495326,2.5359490294495326,0.0,1.0,0.1,0.0,0.0,0.0,0.0,0.0,0.0,0.0,0.0,1.0,6.6000000000000005,-0.44505113825007925,-23.738162798046176,23.742334416442734,159.55494886174992,136.26183720195382,209.82151935377698,152.09829552494753,65.0,1.0,7.4,-14.207447780545067,-16.53877919168184,21.80327474459108,145.79255221945493,-16.53877919168184,146.72763713702236,2.5359490294495326,73.0
25_LTAN18_693km_SENTINEL1_MY_ALL_HEAT_MY_0p5,4851.12,11.697052543425611,151.60681312900402,152.05738004232614,177.19790066782303,-14.799452957690647,177.81484698677605,188.89495321124863,136.80736017131338,233.23283890936816,1.0,5.800000000000001,11.697052543425611,-8.393186870995976,14.396757414609679,11.697052543425611,151.60681312900402,152.05738004232614,152.05738004232614,57.0,1.0,0.1,-2.06534409886938,0.5329348163120642,2.13299455347925,-2.06534409886938,0.5329348163120642,2.13299455347925,2.13299455347925,0.0,1.0,0.1,-2.06534409886938,-1.1651925946393362,2.3713540497650114,-2.06534409886938,-1.1651925946393362,2.3713540497650114,2.3713540497650114,0.0,1.0,0.1,0.0,0.0,0.0,0.0,0.0,0.0,0.0,0.0,1.0,11.8,-11.105046788751366,16.807360171313377,20.144711963902793,188.89495321124863,136.80736017131338,233.23283890936816,152.05738004232614,117.0,1.0,7.4,15.132556568953646,-15.964645552329984,21.996912872585366,175.13255656895365,-15.964645552329984,175.85869975065003,2.3713540497650114,73.0
25_LTAN18_693km_SENTINEL1_MY_ALL_HEAT_MY_0p5,4910.28,11.918534706904866,151.55030801933168,152.01824670188117,209.39458349572016,2.8393120990817273,209.41383261509282,221.31311820262502,154.3896201184134,269.8437531033044,1.0,5.800000000000001,11.918534706904866,-8.44969198066832,14.609885835552117,11.918534706904866,151.55030801933168,152.01824670188117,152.01824670188117,57.0,1.0,0.1,-1.8438619353901249,0.4764297066397205,1.9044190983471645,-1.8438619353901249,0.4764297066397205,1.9044190983471645,1.9044190983471645,0.0,1.0,0.1,-1.8438619353901249,-1.193087034319774,2.1961975112094474,-1.8438619353901249,-1.193087034319774,2.1961975112094474,2.1961975112094474,0.0,1.0,0.1,0.0,0.0,0.0,0.0,0.0,0.0,0.0,0.0,1.0,12.0,21.31311820262502,-5.610379881586596,22.039178068493786,221.31311820262502,154.3896201184134,269.8437531033044,152.01824670188117,119.0,1.0,11.200000000000001,7.550721560330032,1.6462250647619499,7.728095046354133,207.55072156033003,1.6462250647619499,207.55725011952123,2.1961975112094474,111.0
25_LTAN18_693km_SENTINEL1_MY_ALL_HEAT_MY_0p5,4969.44,12.158375779204844,151.49201301593953,151.97913050550707,89.53071835254514,-88.76863297497759,126.07783202835081,101.68909413174998,62.72338004096194,119.4775889826157,1.0,5.800000000000001,12.158375779204844,-8.507986984060466,14.839539888732983,12.158375779204844,151.49201301593953,151.97913050550707,151.97913050550707,57.0,1.0,0.1,-1.6040208630901471,0.4181347032475742,1.6576246738295126,-1.6040208630901471,0.4181347032475742,1.6576246738295126,1.6576246738295126,0.0,1.0,0.1,-1.6040208630901471,-1.194160697727284,1.9997256564901533,-1.6040208630901471,-1.194160697727284,1.9997256564901533,1.9997256564901533,0.0,1.0,0.1,0.0,0.0,0.0,0.0,0.0,0.0,0.0,0.0,0.0,nan,nan,nan,nan,101.68909413174998,62.72338004096194,119.4775889826157,151.97913050550707,nan,1.0,1.9000000000000001,7.926697489454995,-9.962793672704876,12.73144889061023,87.926697489455,-89.96279367270488,125.79510474100255,1.9997256564901533,18.0
25_LTAN18_693km_SENTINEL1_MY_ALL_HEAT_MY_0p5,5028.599999999999,12.412358646090476,151.42889222682425,151.9367501567752,62.7607518791795,-84.96560959142107,105.631750859681,75.17311052526998,66.46328263540317,100.34124019922187,1.0,5.800000000000001,12.412358646090476,-8.571107773175754,15.084115340933018,12.412358646090476,151.42889222682425,151.9367501567752,151.9367501567752,57.0,1.0,0.1,-1.3500379962045148,0.3550139141322859,1.3959360552773998,-1.3500379962045148,0.3550139141322859,1.3959360552773998,1.3959360552773998,0.0,1.0,0.1,-1.3500379962045148,-1.2286708168502685,1.825440924098999,-1.3500379962045148,-1.2286708168502685,1.825440924098999,1.825440924098999,0.0,1.0,0.1,0.0,0.0,0.0,0.0,0.0,0.0,0.0,0.0,1.0,1.8,-4.826889474730024,-13.536717364596825,14.371554509176685,75.17311052526998,66.46328263540317,100.34124019922187,151.9367501567752,17.0,1.0,1.7000000000000002,21.41071388297499,-6.194280408271339,22.28873658947299,61.41071388297499,-86.19428040827134,105.83350015338397,1.825440924098999,16.0
25_LTAN18_693km_SENTINEL1_MY_ALL_HEAT_MY_0p5,5087.759999999999,12.679515362309974,151.36142768523794,151.8915794266969,131.4556889607494,-74.21070399945582,150.95637365888246,144.13520432305938,77.15072368578213,163.48452920839324,1.0,5.800000000000001,12.679515362309974,-8.638572314762058,15.342589138096221,12.679515362309974,151.36142768523794,151.8915794266969,151.8915794266969,57.0,1.0,0.1,-1.082881279985017,0.2875493725459819,1.1204090807350575,-1.082881279985017,0.2875493725459819,1.1204090807350575,1.1204090807350575,0.0,1.0,0.1,-1.082881279985017,-1.2103033484604566,1.6240277281612472,-1.082881279985017,-1.2103033484604566,1.6240277281612472,1.6240277281612472,0.0,1.0,0.1,0.0,0.0,0.0,0.0,0.0,0.0,0.0,0.0,1.0,4.800000000000001,24.135204323059384,-2.8492763142178745,24.302807723195016,144.13520432305938,77.15072368578213,163.48452920839324,151.8915794266969,47.0,1.0,4.0,10.372807680764396,4.578992652083727,11.338532219381909,130.3728076807644,-75.42100734791627,150.61672328111516,1.6240277281612472,39.0
25_LTAN18_693km_SENTINEL1_MY_ALL_HEAT_MY_0p5,5146.92,12.960906447638065,151.2885843913357,151.8427504462387,44.67156540338222,-55.380203057198514,71.15135730430724,57.632471851020284,95.90838133413718,111.89244577625837,1.0,5.800000000000001,12.960906447638065,-8.71141560866431,15.616461118041633,12.960906447638065,151.2885843913357,151.8427504462387,151.8427504462387,57.0,1.0,0.1,-0.8014901946569264,0.21470607864372937,0.8297501023427265,-0.8014901946569264,0.21470607864372937,0.8297501023427265,0.8297501023427265,0.0,1.0,0.1,-0.8014901946569264,-1.1687039623938915,1.4171293109121625,-0.8014901946569264,-1.1687039623938915,1.4171293109121625,1.4171293109121625,0.0,1.0,0.1,0.0,0.0,0.0,0.0,0.0,0.0,0.0,0.0,1.0,1.6,17.632471851020284,15.908381334137175,23.74827699538109,57.632471851020284,95.90838133413718,111.89244577625837,151.8427504462387,15.0,1.0,0.7000000000000001,3.8700752087252965,-16.548907019592406,16.99540542806511,43.8700752087253,-56.548907019592406,71.57068103581048,1.4171293109121625,6.0
25_LTAN18_693km_SENTINEL1_MY_ALL_HEAT_MY_0p5,5206.08,13.258703447650175,151.2085233554377,151.78870429793082,59.83086739751144,-109.12713700752032,124.45266057821628,73.08957084516162,42.08138634791739,84.33817903709202,1.0,5.800000000000001,13.258703447650175,-8.791476644562294,15.908591348847168,13.258703447650175,151.2085233554377,151.78870429793082,151.78870429793082,57.0,1.0,0.1,-0.503693194644816,0.1346450427457455,0.5213790577569299,-0.503693194644816,0.1346450427457455,0.5213790577569299,0.5213790577569299,0.0,1.0,0.1,-0.503693194644816,-1.1343223183234556,1.2411260839166178,-0.503693194644816,-1.1343223183234556,1.2411260839166178,1.2411260839166178,0.0,1.0,0.1,0.0,0.0,0.0,0.0,0.0,0.0,0.0,0.0,1.0,2.4000000000000004,-6.910429154838383,2.0813863479173875,7.217076986795776,73.08957084516162,42.08138634791739,84.33817903709202,151.78870429793082,23.0,1.0,3.5,19.32717420286663,9.738540674156226,21.642061757839723,59.32717420286663,-110.26145932584377,125.20903725994377,1.2411260839166178,34.0
25_LTAN18_693km_SENTINEL1_MY_ALL_HEAT_MY_0p5,5265.24,13.571039433330958,151.12092989004975,151.72906301079684,139.6387073454518,-94.25627139387106,168.47318269144145,153.20974677878274,56.86465849617869,163.42220134946706,1.0,5.800000000000001,13.571039433330958,-8.879070109950248,16.21761379853509,13.571039433330958,151.12092989004975,151.72906301079684,151.72906301079684,57.0,1.0,0.1,-0.19135720896403363,0.04705157735779153,0.19705692668455244,-0.19135720896403363,0.04705157735779153,0.19705692668455244,0.19705692668455244,0.0,1.0,0.1,-0.19135720896403363,-1.1360837737344696,1.1520867685922178,-0.19135720896403363,-1.1360837737344696,1.1520867685922178,1.1520867685922178,0.0,1.0,0.1,0.0,0.0,0.0,0.0,0.0,0.0,0.0,0.0,1.0,7.6000000000000005,-6.790253221217256,16.86465849617869,18.180325767185348,153.20974677878274,56.86465849617869,163.42220134946706,151.72906301079684,75.0,1.0,4.0,19.447350136487756,-15.39235516760553,24.801693993291323,139.44735013648776,-95.39235516760553,168.95343999016654,1.1520867685922178,39.0
25_LTAN18_693km_SENTINEL1_MY_ALL_HEAT_MY_0p5,5324.4,13.889596486257258,151.02644063967446,151.66379483199069,105.11703054967529,-114.70575527589544,155.58599038793622,119.00662703593255,36.32068536377902,124.42575884343316,1.0,5.800000000000001,13.889596486257258,-8.973559360325538,16.536192371411747,13.889596486257258,151.02644063967446,151.66379483199069,151.66379483199069,57.0,1.0,0.1,0.12719984396226636,-0.04743767301749813,0.13575762639844577,0.12719984396226636,-0.04743767301749813,0.13575762639844577,0.13575762639844577,0.0,1.0,0.1,0.12719984396226636,-1.1161303441413395,1.1233551288070438,0.12719984396226636,-1.1161303441413395,1.1233551288070438,1.1233551288070438,0.0,1.0,0.1,0.0,0.0,0.0,0.0,0.0,0.0,0.0,0.0,1.0,4.6000000000000005,-0.9933729640674471,-3.6793146362209797,3.8110557642272918,119.00662703593255,36.32068536377902,124.42575884343316,151.66379483199069,45.0,1.0,3.9000000000000004,-14.755769606362435,4.178114379963219,15.335885251530309,105.24423039363757,-115.82188562003678,156.49618915401726,1.1233551288070438,38.0
25_LTAN18_693km_SENTINEL1_MY_ALL_HEAT_MY_0p5,5383.56,14.209829699012545,150.92509561680504,151.59255834973126,10.268053536395895,-74.58634542506698,75.28981237387767,24.47788323540844,76.33875019173806,80.16714756384236,1.0,5.800000000000001,14.209829699012545,-9.074904383194962,16.860401823179366,14.209829699012545,150.92509561680504,151.59255834973126,151.59255834973126,57.0,1.0,0.1,0.4474330567175535,-0.14878269588692206,0.4715216122713717,0.4474330567175535,-0.14878269588692206,0.4715216122713717,0.4715216122713717,0.0,1.0,0.1,0.4474330567175535,-1.0744220170500398,1.1638638283602982,0.4474330567175535,-1.0744220170500398,1.1638638283602982,1.1638638283602982,0.0,1.0,0.1,0.0,0.0,0.0,0.0,0.0,0.0,0.0,0.0,1.0,1.4000000000000001,24.47788323540844,-3.6612498082619425,24.7501821780121,24.47788323540844,76.33875019173806,80.16714756384236,151.59255834973126,13.0,1.0,1.5,10.71548659311345,4.33923255788298,11.560734929864354,10.71548659311345,-75.66076744211702,76.41579275815509,1.1638638283602982,14.0
25_LTAN18_693km_SENTINEL1_MY_ALL_HEAT_MY_0p5,5442.719999999999,14.532332583181272,150.81686572130576,151.51539748918776,10.526876374641258,-156.93589523019352,157.28855755556174,25.05920895782253,-6.119029508887763,25.79547393870584,1.0,5.800000000000001,14.532332583181272,-9.18313427869424,17.19065576086966,14.532332583181272,150.81686572130576,151.51539748918776,151.51539748918776,57.0,1.0,0.1,0.7699359408862811,-0.25701259138620003,0.8116999600834615,0.7699359408862811,-0.25701259138620003,0.8116999600834615,0.8116999600834615,0.0,1.0,0.1,0.7699359408862811,-1.0682092325800738,1.316765855282462,0.7699359408862811,-1.0682092325800738,1.316765855282462,1.316765855282462,0.0,1.0,0.1,0.0,0.0,0.0,0.0,0.0,0.0,0.0,0.0,1.0,0.8,-14.94079104217747,-6.119029508887763,16.145270486946007,25.05920895782253,-6.119029508887763,25.79547393870584,151.51539748918776,7.0,1.0,5.9,11.29681231552754,1.995895537226403,11.471772639299253,11.29681231552754,-158.0041044627736,158.4074335237312,1.316765855282462,58.0
25_LTAN18_693km_SENTINEL1_MY_ALL_HEAT_MY_0p5,5501.88,14.857401878446122,150.6970052047568,151.4276387198194,64.6467028929847,-105.01070963281708,123.31441656400787,79.50410477143083,45.68629557193972,91.69591200589745,1.0,5.800000000000001,14.857401878446122,-9.302994795243194,17.529634985873958,14.857401878446122,150.6970052047568,151.4276387198194,151.4276387198194,57.0,1.0,0.1,1.095005236151131,-0.37687310793515394,1.158045684195186,1.095005236151131,-0.37687310793515394,1.158045684195186,1.158045684195186,0.0,1.0,0.1,1.095005236151131,-1.073627069160608,1.5335291163955094,1.095005236151131,-1.073627069160608,1.5335291163955094,1.5335291163955094,0.0,1.0,0.1,0.0,0.0,0.0,0.0,0.0,0.0,0.0,0.0,1.0,2.4000000000000004,-0.495895228569168,5.6862955719397235,5.707877837618722,79.50410477143083,45.68629557193972,91.69591200589745,151.4276387198194,23.0,1.0,3.7,-14.258291870864156,13.91566329802231,19.923467873306492,65.74170812913584,-106.08433670197769,124.80327992979615,1.5335291163955094,36.0
25_LTAN18_693km_SENTINEL1_MY_ALL_HEAT_MY_0p5,5561.04,15.184977055797471,150.56658727335972,151.33036949446515,112.81323255621189,-30.921890229341837,116.97430801307358,127.99820961200936,119.64469704401787,175.20957506550462,1.0,5.800000000000001,15.184977055797471,-9.433412726640285,17.87659933701694,15.184977055797471,150.56658727335972,151.33036949446515,151.33036949446515,57.0,1.0,0.1,1.4225804135024802,-0.5072910393322445,1.5103242140241533,1.4225804135024802,-0.5072910393322445,1.5103242140241533,1.5103242140241533,0.0,1.0,0.1,1.4225804135024802,-1.1182129905811564,1.809457190757864,1.4225804135024802,-1.1182129905811564,1.809457190757864,1.809457190757864,0.0,1.0,0.1,0.0,0.0,0.0,0.0,0.0,0.0,0.0,0.0,1.0,3.8000000000000003,7.9982096120093615,-0.35530295598212547,8.006097500540983,127.99820961200936,119.64469704401787,175.20957506550462,151.33036949446515,37.0,1.0,4.2,-5.764187030285626,7.959896780077003,9.82780793817183,114.23581296971437,-32.040103219923,118.64395972486287,1.809457190757864,41.0
25_LTAN18_693km_SENTINEL1_MY_ALL_HEAT_MY_0p5,5620.2,15.513173830193002,150.4304959127847,151.2282799705535,95.84657198975066,-104.59352860658481,141.8674437232268,111.35974581994365,45.83696730619988,120.42433541818735,1.0,5.800000000000001,15.513173830193002,-9.569504087215307,18.227286434382258,15.513173830193002,150.4304959127847,151.2282799705535,151.2282799705535,57.0,1.0,0.1,1.7507771878980112,-0.6433823999072672,1.865251102177533,1.7507771878980112,-0.6433823999072672,1.865251102177533,1.865251102177533,0.0,1.0,0.1,1.7507771878980112,-1.1684723411796654,2.104886784073185,1.7507771878980112,-1.1684723411796654,2.104886784073185,2.104886784073185,0.0,1.0,0.1,0.0,0.0,0.0,0.0,0.0,0.0,0.0,0.0,1.0,4.6000000000000005,-8.640254180056345,5.836967306199881,10.427088741812234,111.35974581994365,45.83696730619988,120.42433541818735,151.2282799705535,45.0,1.0,3.7,17.597349177648667,14.237999052235523,22.635973915242786,97.59734917764867,-105.76200094776448,143.91262422379356,2.104886784073185,36.0
25_LTAN18_693km_SENTINEL1_MY_ALL_HEAT_MY_0p5,5679.36,15.833999418016246,150.3060624521193,151.1377780286257,204.9121430148476,-29.54075292262795,207.03053503812694,220.74614243286385,120.76530952949136,251.620983593865,1.0,5.800000000000001,15.833999418016246,-9.693937547880694,18.56577396048842,15.833999418016246,150.3060624521193,151.1377780286257,151.1377780286257,57.0,1.0,0.1,2.0716027757212547,-0.7678158605726537,2.209316468078517,2.0716027757212547,-0.7678158605726537,2.209316468078517,2.209316468078517,0.0,1.0,0.1,2.0716027757212547,-1.1784631218766322,2.383340804417032,2.0716027757212547,-1.1784631218766322,2.383340804417032,2.383340804417032,0.0,1.0,0.1,0.0,0.0,0.0,0.0,0.0,0.0,0.0,0.0,1.0,11.8,20.74614243286385,0.7653095294913612,20.760253479199243,220.74614243286385,120.76530952949136,251.620983593865,151.1377780286257,117.0,1.0,11.0,6.983745790568861,9.280783955495423,11.6148894138459,206.98374579056886,-30.719216044504577,209.25090503002318,2.383340804417032,109.0
25_LTAN18_693km_SENTINEL1_MY_ALL_HEAT_MY_0p5,5738.52,16.146570233964752,150.1935670167742,151.0589927926921,146.83538700670496,-103.21874299961567,179.48465055215593,162.98195724066971,46.97482401715854,169.61648645530454,1.0,5.800000000000001,16.146570233964752,-9.80643298322579,18.891211135733336,16.146570233964752,150.1935670167742,151.0589927926921,151.0589927926921,57.0,1.0,0.1,2.384173591669761,-0.8803112959177497,2.5415018577478703,2.384173591669761,-0.8803112959177497,2.5415018577478703,2.5415018577478703,0.0,1.0,0.1,2.384173591669761,-1.1765158772529105,2.6586600618814873,2.384173591669761,-1.1765158772529105,2.6586600618814873,2.6586600618814873,0.0,1.0,0.1,0.0,0.0,0.0,0.0,0.0,0.0,0.0,0.0,1.0,7.6000000000000005,2.981957240669715,6.974824017158539,7.58552826476272,162.98195724066971,46.97482401715854,169.61648645530454,151.0589927926921,75.0,1.0,6.800000000000001,-10.780439401625273,15.604741123131419,18.966439286594188,149.21956059837473,-104.39525887686858,182.11218339567628,2.6586600618814873,67.0
25_LTAN18_693km_SENTINEL1_MY_ALL_HEAT_MY_0p5,5797.679999999999,16.450703444077877,150.08872588933937,150.98758651919118,90.99461858670129,18.595952435767778,92.87534688351145,107.44532203077917,168.68467832510714,199.99754480478683,1.0,5.800000000000001,16.450703444077877,-9.911274110660628,19.20570223401496,16.450703444077877,150.08872588933937,150.98758651919118,150.98758651919118,57.0,1.0,0.1,2.688306801782886,-0.9851524233525879,2.8631309361867485,2.688306801782886,-0.9851524233525879,2.8631309361867485,2.8631309361867485,0.0,1.0,0.1,2.688306801782886,-1.1955249947112065,2.9421545631545873,2.688306801782886,-1.1955249947112065,2.9421545631545873,2.9421545631545873,0.0,1.0,0.1,0.0,0.0,0.0,0.0,0.0,0.0,0.0,0.0,1.0,6.4,-12.554677969220833,8.684678325107143,15.265764852159382,107.44532203077917,168.68467832510714,199.99754480478683,150.98758651919118,63.0,1.0,2.2,13.682925388484179,17.400427441056564,22.135883138431574,93.68292538848418,17.400427441056564,95.28517924879907,2.9421545631545873,21.0
25_LTAN18_693km_SENTINEL1_MY_ALL_HEAT_MY_0p5,5856.839999999999,16.74621893237564,149.98539998459754,150.91738156047754,118.04825210247616,-11.72876924449157,118.62948137979993,134.7944710348518,138.25663074010598,193.0918055360494,1.0,5.800000000000001,16.74621893237564,-10.014600015402465,19.512254149624933,16.74621893237564,149.98539998459754,150.91738156047754,150.91738156047754,57.0,1.0,0.1,2.9838222900806493,-1.0884783280944248,3.1761581398780137,2.9838222900806493,-1.0884783280944248,3.1761581398780137,3.1761581398780137,0.0,1.0,0.1,2.9838222900806493,-1.2130188894765297,3.2209641856141467,2.9838222900806493,-1.2130188894765297,3.2209641856141467,3.2209641856141467,0.0,1.0,0.1,0.0,0.0,0.0,0.0,0.0,0.0,0.0,0.0,1.0,3.8000000000000003,14.794471034851796,18.256630740105976,23.49853057494556,134.7944710348518,138.25663074010598,193.0918055360494,150.91738156047754,37.0,1.0,4.4,1.032074392556808,-12.941788133968089,12.982875554217129,121.03207439255681,-12.941788133968089,121.72203133315645,3.2209641856141467,43.0
25_LTAN18_693km_SENTINEL1_MY_ALL_HEAT_MY_0p5,5916.0,17.03308145610922,149.88390944486457,150.84863994868104,115.77728958503924,-15.776279183334069,116.84721549326085,132.81037104114847,134.10763026153052,188.74175783448374,1.0,5.800000000000001,17.03308145610922,-10.116090555135429,19.810632297081078,17.03308145610922,149.88390944486457,150.84863994868104,150.84863994868104,57.0,1.0,0.1,3.2706848138142277,-1.189968867827389,3.480431734384889,3.2706848138142277,-1.189968867827389,3.480431734384889,3.480431734384889,0.0,1.0,0.1,3.2706848138142277,-1.2286774192325822,3.493855656985138,3.2706848138142277,-1.2286774192325822,3.493855656985138,3.493855656985138,0.0,1.0,0.1,0.0,0.0,0.0,0.0,0.0,0.0,0.0,0.0,1.0,3.8000000000000003,12.810371041148471,14.107630261530517,19.055992175899604,132.81037104114847,134.10763026153052,188.74175783448374,150.84863994868104,37.0,1.0,4.2,-0.9520256011465165,22.995043397433363,23.014742527238536,119.04797439885348,-17.004956602566637,120.25634601768527,3.493855656985138,41.0
25_LTAN18_693km_SENTINEL1_MY_ALL_HEAT_MY_0p5,5975.16,17.307480932622187,149.7875684673759,150.78416549360185,31.826162112358897,-73.9948982924941,80.54905069657056,49.133643044981085,75.7926701748818,90.32521093864125,1.0,5.800000000000001,17.307480932622187,-10.212431532624095,20.09583673405055,17.307480932622187,149.7875684673759,150.78416549360185,150.78416549360185,57.0,1.0,0.1,3.545084290327196,-1.2863098453160546,3.7712352941286618,3.545084290327196,-1.2863098453160546,3.7712352941286618,3.7712352941286618,0.0,1.0,0.1,3.545084290327196,-1.2677970567370096,3.7649610891210687,3.545084290327196,-1.2677970567370096,3.7649610891210687,3.7649610891210687,0.0,1.0,0.1,0.0,0.0,0.0,0.0,0.0,0.0,0.0,0.0,1.0,1.6,9.133643044981085,-4.207329825118194,10.056095640478985,49.133643044981085,75.7926701748818,90.32521093864125,150.78416549360185,15.0,1.0,1.7000000000000002,-4.628753597313903,4.737304650768891,6.623248086765508,35.3712464026861,-75.26269534923111,83.16007685969697,3.7649610891210687,16.0
25_LTAN18_693km_SENTINEL1_MY_ALL_HEAT_MY_0p5,6034.32,17.565993786415284,149.6997912968865,150.7268776696305,35.271201570243335,-16.72161502694703,39.03421664793795,52.83719535665862,132.97817626993947,143.09075643533652,1.0,5.800000000000001,17.565993786415284,-10.300208703113498,20.363163728460158,17.565993786415284,149.6997912968865,150.7268776696305,150.7268776696305,57.0,1.0,0.1,3.8035971441202925,-1.3740870158054577,4.044189209441763,3.8035971441202925,-1.3740870158054577,4.044189209441763,4.044189209441763,0.0,1.0,0.1,3.8035971441202925,-1.241131547257993,4.000969726498697,3.8035971441202925,-1.241131547257993,4.000969726498697,4.000969726498697,0.0,1.0,0.1,0.0,0.0,0.0,0.0,0.0,0.0,0.0,0.0,1.0,3.4000000000000004,12.837195356658619,12.978176269939468,18.25449653971967,52.83719535665862,132.97817626993947,143.09075643533652,150.7268776696305,33.0,1.0,0.7000000000000001,-0.9252012856363763,22.037253425794972,22.056666474598003,39.074798714363624,-17.962746574205028,43.00581540974601,4.000969726498697,6.0
25_LTAN18_693km_SENTINEL1_MY_ALL_HEAT_MY_0p5,6093.48,17.809488360115807,149.62012864271563,150.67634442974742,42.84252817288652,-127.22289693398224,134.24286843076337,60.652016533002325,22.397231708733386,64.6552634959775,1.0,5.800000000000001,17.809488360115807,-10.379871357284372,20.613578171750603,17.809488360115807,149.62012864271563,150.67634442974742,150.67634442974742,57.0,1.0,0.1,4.047091717820816,-1.4537496699763324,4.300272023420162,4.047091717820816,-1.4537496699763324,4.300272023420162,4.300272023420162,0.0,1.0,0.1,4.047091717820816,-1.2349621914523539,4.231321659572886,4.047091717820816,-1.2349621914523539,4.231321659572886,4.231321659572886,0.0,1.0,0.1,0.0,0.0,0.0,0.0,0.0,0.0,0.0,0.0,0.0,nan,nan,nan,nan,60.652016533002325,22.397231708733386,64.6552634959775,150.67634442974742,nan,1.0,3.5,6.889619890707337,-8.457859125434595,10.908814932160478,46.88961989070734,-128.4578591254346,136.74815547050358,4.231321659572886,34.0
25_LTAN18_693km_SENTINEL1_MY_ALL_HEAT_MY_0p5,6152.639999999999,18.035447442642656,149.547419984811,150.6310332852091,98.25906645042646,-81.60791016559298,127.72899099775594,116.29451389306911,67.93950981921802,134.6855261566768,1.0,5.800000000000001,18.035447442642656,-10.452580015189,20.84547417139399,18.035447442642656,149.547419984811,150.6310332852091,150.6310332852091,57.0,1.0,0.1,4.273050800347665,-1.5264583278809596,4.537514536517647,4.273050800347665,-1.5264583278809596,4.537514536517647,4.537514536517647,0.0,1.0,0.1,4.273050800347665,-1.1646174993958311,4.428916014359588,4.273050800347665,-1.1646174993958311,4.428916014359588,4.428916014359588,0.0,1.0,0.1,0.0,0.0,0.0,0.0,0.0,0.0,0.0,0.0,1.0,4.800000000000001,-3.7054861069308913,-12.060490180781983,12.616895445766223,116.29451389306911,67.93950981921802,134.6855261566768,150.6310332852091,47.0,1.0,1.9000000000000001,22.53211725077412,-2.7725276649888144,22.702053155073024,102.53211725077412,-82.77252766498881,131.77301090882696,4.428916014359588,18.0
25_LTAN18_693km_SENTINEL1_MY_ALL_HEAT_MY_0p5,6211.799999999999,18.242047263478053,149.4812524134163,150.59022913670876,-78.04613830393856,-85.75197097185347,115.95085264764165,-59.804091040460506,63.72928144156285,87.39536954686795,1.0,5.800000000000001,18.242047263478053,-10.518747586583686,21.05745329220101,18.242047263478053,149.4812524134163,150.59022913670876,150.59022913670876,57.0,1.0,0.1,4.479650621183062,-1.592625899275646,4.754337697609348,4.479650621183062,-1.592625899275646,4.754337697609348,4.754337697609348,0.0,1.0,0.1,4.479650621183062,-1.1449530608140037,4.623655177382192,4.479650621183062,-1.1449530608140037,4.623655177382192,4.623655177382192,0.0,1.0,0.1,0.0,0.0,0.0,0.0,0.0,0.0,0.0,0.0,0.0,nan,nan,nan,nan,-59.804091040460506,63.72928144156285,87.39536954686795,150.59022913670876,nan,1.0,1.1,6.433512317244507,-6.896924032667471,9.43173588733924,-73.5664876827555,-86.89692403266747,113.8556257561136,4.623655177382192,10.0
25_LTAN18_693km_SENTINEL1_MY_ALL_HEAT_MY_0p5,6270.96,18.42890108667156,149.4222061828139,150.5543758772945,77.21991431062804,-101.80827403856348,127.78043601761568,95.6488153972996,47.61393214425043,106.84466491661613,1.0,5.800000000000001,18.42890108667156,-10.577793817186091,21.248861553062657,18.42890108667156,149.4222061828139,150.5543758772945,150.5543758772945,57.0,1.0,0.1,4.666504444376567,-1.651672129878051,4.95018025469802,4.666504444376567,-1.651672129878051,4.95018025469802,4.95018025469802,0.0,1.0,0.1,4.666504444376567,-1.146777951432199,4.805347375505468,4.666504444376567,-1.146777951432199,4.805347375505468,4.805347375505468,0.0,1.0,0.1,0.0,0.0,0.0,0.0,0.0,0.0,0.0,0.0,1.0,2.4000000000000004,15.6488153972996,7.613932144250427,17.402798224308956,95.6488153972996,47.61393214425043,106.84466491661613,150.5543758772945,23.0,1.0,1.9000000000000001,1.8864187550046125,-22.95505198999568,23.032433383874963,81.88641875500461,-102.95505198999568,131.5489578323701,4.805347375505468,18.0
25_LTAN18_693km_SENTINEL1_MY_ALL_HEAT_MY_0p5,6330.12,18.59174525384447,149.3762384770469,150.52878001610003,106.16774630621437,-126.43410411110864,165.09746526860837,124.75949156005883,22.942134365938273,126.85137864283998,1.0,5.800000000000001,18.59174525384447,-10.623761522953089,21.41301708028149,18.59174525384447,149.3762384770469,150.52878001610003,150.52878001610003,57.0,1.0,0.1,4.829348611549477,-1.6976398356450488,5.119041807159208,4.829348611549477,-1.6976398356450488,5.119041807159208,5.119041807159208,0.0,1.0,0.1,4.829348611549477,-1.135524317214987,4.961050643448566,4.829348611549477,-1.135524317214987,4.961050643448566,4.961050643448566,0.0,1.0,0.1,0.0,0.0,0.0,0.0,0.0,0.0,0.0,0.0,1.0,4.4,4.759491560058834,22.942134365938273,23.430627161368026,124.75949156005883,22.942134365938273,126.85137864283998,150.52878001610003,43.0,1.0,3.9000000000000004,-9.002905082236154,-7.569628428323625,11.762294608733399,110.99709491776385,-127.56962842832363,169.09868473031844,4.961050643448566,38.0
25_LTAN18_693km_SENTINEL1_MY_ALL_HEAT_MY_0p5,6389.28,18.73145698472363,149.3440132253488,150.51412480901487,122.1303427897262,20.791598409537748,123.8874940999273,140.86179977444982,170.13561163488654,220.88044952433913,1.0,5.800000000000001,18.73145698472363,-10.655986774651211,21.55034883504425,18.73145698472363,149.3440132253488,150.51412480901487,150.51412480901487,57.0,1.0,0.1,4.969060342428637,-1.7298650873431711,5.261558125413593,4.969060342428637,-1.7298650873431711,5.261558125413593,5.261558125413593,0.0,1.0,0.1,4.969060342428637,-1.1677495689131092,5.104429423784186,4.969060342428637,-1.1677495689131092,5.104429423784186,5.104429423784186,0.0,1.0,0.1,0.0,0.0,0.0,0.0,0.0,0.0,0.0,0.0,1.0,6.4,20.86179977444982,10.135611634886544,23.193648118450064,140.86179977444982,170.13561163488654,220.88044952433913,150.51412480901487,63.0,1.0,4.4,7.099403132154833,19.623848840624646,20.868564113338874,127.09940313215483,19.623848840624646,128.60541870337227,5.104429423784186,43.0
25_LTAN18_693km_SENTINEL1_MY_ALL_HEAT_MY_0p5,6448.44,18.848322696849863,149.32496473100858,150.50981483079946,89.52065546600825,-128.79917250207322,156.8539913176664,108.36897816285811,20.52579222893536,110.2957096839557,1.0,5.800000000000001,18.848322696849863,-10.675035268991422,21.661386070120177,18.848322696849863,149.32496473100858,150.50981483079946,150.50981483079946,57.0,1.0,0.1,5.0859260545548715,-1.7489135816833823,5.3782285697613,5.0859260545548715,-1.7489135816833823,5.3782285697613,5.3782285697613,0.0,1.0,0.1,5.0859260545548715,-1.1867980632533204,5.222560049950782,5.0859260545548715,-1.1867980632533204,5.222560049950782,5.222560049950782,0.0,1.0,0.1,0.0,0.0,0.0,0.0,0.0,0.0,0.0,0.0,1.0,4.4,-11.631021837141887,20.52579222893536,23.592134613075913,108.36897816285811,20.52579222893536,110.2957096839557,150.50981483079946,43.0,1.0,3.7,14.606581520563125,-9.98597056532654,17.693835984557566,94.60658152056313,-129.98597056532654,160.769268863228,5.222560049950782,36.0
25_LTAN18_693km_SENTINEL1_MY_ALL_HEAT_MY_0p5,6507.599999999999,18.93944187809428,149.3189966048793,150.51533212846346,155.4946903132965,-85.44057462732435,177.4223506446563,174.43413219139077,63.878421977554936,185.76253461800675,1.0,5.800000000000001,18.93944187809428,-10.681003395120712,21.743649467839834,18.93944187809428,149.3189966048793,150.51533212846346,150.51533212846346,57.0,1.0,0.1,5.177045235799287,-1.7548817078126717,5.466388861206968,5.177045235799287,-1.7548817078126717,5.466388861206968,5.466388861206968,0.0,1.0,0.1,5.177045235799287,-1.164155519390306,5.306322214758449,5.177045235799287,-1.164155519390306,5.306322214758449,5.306322214758449,0.0,1.0,0.1,0.0,0.0,0.0,0.0,0.0,0.0,0.0,0.0,1.0,7.800000000000001,14.434132191390773,-16.121578022445064,21.639072301102168,174.43413219139077,63.878421977554936,185.76253461800675,150.51533212846346,77.0,1.0,7.0,0.6717355490957857,-6.604730146714658,6.638801771316903,160.67173554909579,-86.60473014671466,182.52612385120065,5.306322214758449,69.0
25_LTAN18_693km_SENTINEL1_MY_ALL_HEAT_MY_0p5,6566.759999999999,19.005612154799167,149.32489376224697,150.5295226541458,116.88198914069348,-125.95267601563395,171.8297878162702,135.88760129549263,23.372217746613018,137.8829240632714,1.0,5.800000000000001,19.005612154799167,-10.675106237753027,21.79842165309139,19.005612154799167,149.32489376224697,150.5295226541458,150.5295226541458,57.0,1.0,0.1,5.243215512504175,-1.7489845504449875,5.527228588384931,5.243215512504175,-1.7489845504449875,5.527228588384931,5.527228588384931,0.0,1.0,0.1,5.243215512504175,-1.1868690320149256,5.375868953919959,5.243215512504175,-1.1868690320149256,5.375868953919959,5.375868953919959,0.0,1.0,0.1,0.0,0.0,0.0,0.0,0.0,0.0,0.0,0.0,1.0,4.6000000000000005,15.88760129549263,-16.627782253386982,22.997804625454798,135.88760129549263,23.372217746613018,137.8829240632714,150.5295226541458,45.0,1.0,3.9000000000000004,2.125204653197642,-7.13954504764888,7.449134064129908,122.12520465319764,-127.13954504764888,176.2924545365131,5.375868953919959,38.0
25_LTAN18_693km_SENTINEL1_MY_ALL_HEAT_MY_0p5,6625.92,19.04667579388335,149.33978764876596,150.5494869927354,192.90074994075187,-47.91524943671213,198.7625982328839,211.9474257346352,101.42453821205383,234.9652064180292,1.0,5.800000000000001,19.04667579388335,-10.660212351234037,21.826955494770786,19.04667579388335,149.33978764876596,150.5494869927354,150.5494869927354,57.0,1.0,0.1,5.284279151588358,-1.734090663925997,5.561535451889764,5.284279151588358,-1.734090663925997,5.561535451889764,5.561535451889764,0.0,1.0,0.1,5.284279151588358,-1.171975145495935,5.412682504412354,5.284279151588358,-1.171975145495935,5.412682504412354,5.412682504412354,0.0,1.0,0.1,0.0,0.0,0.0,0.0,0.0,0.0,0.0,0.0,1.0,11.600000000000001,11.947425734635203,21.424538212053832,24.53063022599253,211.9474257346352,101.42453821205383,234.9652064180292,150.5494869927354,115.0,1.0,11.0,-1.8149709076597844,-9.087224582208066,9.266702218326536,198.18502909234022,-49.087224582208066,204.17360596687288,5.412682504412354,109.0
25_LTAN18_693km_SENTINEL1_MY_ALL_HEAT_MY_0p5,6685.08,19.06149511375915,149.3593163156792,150.57073409616817,125.48297046235318,-109.39645439640799,166.47390219058713,144.54446557611232,39.962861919271205,149.96710593147637,1.0,5.800000000000001,19.06149511375915,-10.640683684320805,21.830362920520468,19.06149511375915,149.3593163156792,150.57073409616817,150.57073409616817,57.0,1.0,0.1,5.299098471464159,-1.7145619970127655,5.56957515901116,5.299098471464159,-1.7145619970127655,5.56957515901116,5.56957515901116,0.0,1.0,0.1,5.299098471464159,-1.2096678185669134,5.435415424928459,5.299098471464159,-1.2096678185669134,5.435415424928459,5.435415424928459,0.0,1.0,0.1,0.0,0.0,0.0,0.0,0.0,0.0,0.0,0.0,1.0,4.6000000000000005,24.544465576112316,-0.037138080728794876,24.544493672797625,144.54446557611232,39.962861919271205,149.96710593147637,150.57073409616817,45.0,1.0,3.9000000000000004,10.782068933817328,9.393877785025097,14.300277980989627,130.78206893381733,-110.6061222149749,171.2824095639821,5.435415424928459,38.0
25_LTAN18_693km_SENTINEL1_MY_ALL_HEAT_MY_0p5,6744.24,19.05101366928407,149.3835288814364,150.59342556332993,106.86356384887758,-102.40907833043525,148.01162320227542,125.91457751816165,46.974450551001155,134.39151697985105,1.0,5.800000000000001,19.05101366928407,-10.616471118563595,21.809414958649015,19.05101366928407,149.3835288814364,150.59342556332993,150.59342556332993,57.0,1.0,0.1,5.28861702698908,-1.6903494312555551,5.552184368147801,5.28861702698908,-1.6903494312555551,5.552184368147801,5.552184368147801,0.0,1.0,0.1,5.28861702698908,-1.242676592793913,5.432652682846263,5.28861702698908,-1.242676592793913,5.432652682846263,5.432652682846263,0.0,1.0,0.1,0.0,0.0,0.0,0.0,0.0,0.0,0.0,0.0,1.0,4.6000000000000005,5.91457751816165,6.974450551001155,9.144680842254887,125.91457751816165,46.974450551001155,134.39151697985105,150.59342556332993,45.0,1.0,3.9000000000000004,-7.847819124133338,16.348245076770837,18.134315043454905,112.15218087586666,-103.65175492322916,152.71476017031972,5.432652682846263,38.0
25_LTAN18_693km_SENTINEL1_MY_ALL_HEAT_MY_0p5,6803.4,19.01504678931183,149.4168764187238,150.62196042784697,-3.545272617696299,-103.7996234803371,103.86015016643071,15.46977417161553,45.6172529383867,48.16894931971771,1.0,5.800000000000001,19.01504678931183,-10.583123581276197,21.761767141854136,19.01504678931183,149.4168764187238,150.62196042784697,150.62196042784697,57.0,1.0,0.1,5.252650147016837,-1.6570018939681574,5.50781162019636,5.252650147016837,-1.6570018939681574,5.50781162019636,5.50781162019636,0.0,1.0,0.1,5.252650147016837,-1.3237717354753613,5.416890729431364,5.252650147016837,-1.3237717354753613,5.416890729431364,5.416890729431364,0.0,1.0,0.1,0.0,0.0,0.0,0.0,0.0,0.0,0.0,0.0,1.0,0.4,15.46977417161553,5.617252938386699,16.458051023574964,15.46977417161553,45.6172529383867,48.16894931971771,150.62196042784697,3.0,1.0,3.3000000000000003,1.7073775293205387,14.876604784187535,14.974261515431742,1.7073775293205387,-105.12339521581247,105.13725961678634,5.416890729431364,32.0
25_LTAN18_693km_SENTINEL1_MY_ALL_HEAT_MY_0p5,6862.56,18.953397992163342,149.4616635910252,150.65862132266489,69.03988190200849,-166.28464047110361,180.04745749287179,87.99327989417183,-16.822976880078414,89.58699602979061,1.0,5.800000000000001,18.953397992163342,-10.5383364089748,21.686120670098312,18.953397992163342,149.4616635910252,150.65862132266489,150.65862132266489,57.0,1.0,0.1,5.191001349868351,-1.61221472166676,5.435598524826321,5.191001349868351,-1.61221472166676,5.435598524826321,5.435598524826321,0.0,1.0,0.1,5.191001349868351,-1.3934272431427814,5.3747683202411185,5.191001349868351,-1.3934272431427814,5.3747683202411185,5.3747683202411185,0.0,1.0,0.1,0.0,0.0,0.0,0.0,0.0,0.0,0.0,0.0,1.0,2.0,7.993279894171835,23.177023119921586,24.51666625314199,87.99327989417183,-16.822976880078414,89.58699602979061,150.65862132266489,19.0,1.0,6.300000000000001,-5.769116748123153,-7.678067714246396,9.603927940068477,74.23088325187685,-167.6780677142464,183.37436685844935,5.3747683202411185,62.0
25_LTAN18_693km_SENTINEL1_MY_ALL_HEAT_MY_0p5,6921.719999999999,18.86720777656473,149.51660437354087,150.70231090689353,30.541129772713038,-11.849535738478266,32.759305624679726,49.40833754927777,137.6670686350626,146.26484747181877,1.0,5.800000000000001,18.86720777656473,-10.483395626459128,21.584093984805733,18.86720777656473,149.51660437354087,150.70231090689353,150.70231090689353,57.0,1.0,0.1,5.104811134269738,-1.557273939151088,5.337059006430736,5.104811134269738,-1.557273939151088,5.337059006430736,5.337059006430736,0.0,1.0,0.1,5.104811134269738,-1.4529291405955291,5.307551205985295,5.104811134269738,-1.4529291405955291,5.307551205985295,5.307551205985295,0.0,1.0,0.1,0.0,0.0,0.0,0.0,0.0,0.0,0.0,0.0,1.0,3.4000000000000004,9.408337549277768,17.667068635062606,20.016046802432367,49.40833754927777,137.6670686350626,146.26484747181877,150.70231090689353,33.0,1.0,0.8,-4.354059093017227,-13.302464879073796,13.996906888469246,35.64594090698277,-13.302464879073796,38.04719010653874,5.307551205985295,7.0
25_LTAN18_693km_SENTINEL1_MY_ALL_HEAT_MY_0p5,6980.879999999999,18.756458080840524,149.57769333531672,150.74909970959158,45.80886191931656,-118.59003396357846,127.13004360034533,64.56532000015709,30.98765937173826,71.61644769228339,1.0,5.800000000000001,18.756458080840524,-10.422306664683276,21.45761393890358,18.756458080840524,149.57769333531672,150.74909970959158,150.74909970959158,57.0,1.0,0.1,4.994061438545533,-1.4961849773752363,5.213369269339245,4.994061438545533,-1.4961849773752363,5.213369269339245,5.213369269339245,0.0,1.0,0.1,4.994061438545533,-1.4490615188038873,5.20004124380237,4.994061438545533,-1.4490615188038873,5.20004124380237,5.20004124380237,0.0,1.0,0.1,0.0,0.0,0.0,0.0,0.0,0.0,0.0,0.0,1.0,2.4000000000000004,-15.434679999842913,-9.01234062826174,17.873209848747596,64.56532000015709,30.98765937173826,71.61644769228339,150.74909970959158,23.0,1.0,3.5,10.802923357862099,-0.03909548238235061,10.802994100367973,50.8029233578621,-120.03909548238235,130.34692733598794,5.20004124380237,34.0
25_LTAN18_693km_SENTINEL1_MY_ALL_HEAT_MY_0p5,7040.04,18.6221329942347,149.64425562928395,150.7984982687077,61.060422892880936,-96.14002568675915,113.89152638764733,79.68255588711564,53.5042299425248,95.97922866144464,1.0,5.800000000000001,18.6221329942347,-10.355744370716053,21.30786893911688,18.6221329942347,149.64425562928395,150.7984982687077,150.7984982687077,57.0,1.0,0.1,4.859736351939709,-1.429622683408013,5.065654787614233,4.859736351939709,-1.429622683408013,5.065654787614233,5.065654787614233,0.0,1.0,0.1,4.859736351939709,-1.4397205648213003,5.068513856657949,4.859736351939709,-1.4397205648213003,5.068513856657949,5.068513856657949,0.0,1.0,0.1,0.0,0.0,0.0,0.0,0.0,0.0,0.0,0.0,1.0,2.4000000000000004,-0.3174441128843597,13.504229942524802,13.507960508729226,79.68255588711564,53.5042299425248,95.97922866144464,150.7984982687077,23.0,1.0,1.9000000000000001,-14.079840755179347,-17.579746251580445,22.523085800155496,65.92015924482065,-97.57974625158045,117.75939144452701,5.068513856657949,18.0
25_LTAN18_693km_SENTINEL1_MY_ALL_HEAT_MY_0p5,7099.2,18.465140616855383,149.71553637869206,150.84993619872603,76.95847177972759,-9.276319751968664,77.51552416652997,95.42361239658297,140.4392166267234,169.7905750315401,1.0,5.800000000000001,18.465140616855383,-10.284463621307935,21.136026352610575,18.465140616855383,149.71553637869206,150.84993619872603,150.84993619872603,57.0,1.0,0.1,4.702743974560391,-1.3583419339998954,4.894986588329599,4.702743974560391,-1.3583419339998954,4.894986588329599,4.894986588329599,0.0,1.0,0.1,4.702743974560391,-1.3684398154131827,4.897798323601344,4.702743974560391,-1.3684398154131827,4.897798323601344,4.897798323601344,0.0,1.0,0.1,0.0,0.0,0.0,0.0,0.0,0.0,0.0,0.0,1.0,6.2,15.423612396582968,-19.560783373276593,24.91007959714866,95.42361239658297,140.4392166267234,169.7905750315401,150.84993619872603,61.0,1.0,2.2,1.66121575428798,-10.64475956738184,10.77360404087981,81.66121575428798,-10.64475956738184,82.35207990522,4.897798323601344,21.0
25_LTAN18_693km_SENTINEL1_MY_ALL_HEAT_MY_0p5,7158.36,18.286256660216807,149.78660977098332,150.8986933320768,93.21452502721677,2.0857730601772673,93.23785779021406,111.50078168743357,151.8723828311606,188.4081871462154,1.0,5.800000000000001,18.286256660216807,-10.213390229016682,20.94517898260831,18.286256660216807,149.78660977098332,150.8986933320768,150.8986933320768,57.0,1.0,0.1,4.523860017921816,-1.2872685417086416,4.703442330912995,4.523860017921816,-1.2872685417086416,4.703442330912995,4.703442330912995,0.0,1.0,0.1,4.523860017921816,-1.3545877631065366,4.7223106070767455,4.523860017921816,-1.3545877631065366,4.7223106070767455,4.7223106070767455,0.0,1.0,0.1,0.0,0.0,0.0,0.0,0.0,0.0,0.0,0.0,1.0,6.4,-8.499218312566427,-8.127617168839407,11.759884045681641,111.50078168743357,151.8723828311606,188.4081871462154,150.8986933320768,63.0,1.0,2.2,17.738385045138585,0.7311852970707378,17.753448564947842,97.73838504513859,0.7311852970707378,97.74112002207885,4.7223106070767455,21.0
25_LTAN18_693km_SENTINEL1_MY_ALL_HEAT_MY_0p5,7217.519999999999,18.08729489537781,149.85689736580585,150.94449285991863,138.8416024399952,-56.07886661087879,149.73920611672287,156.928897335373,93.77803075492706,182.81410741835018,1.0,5.800000000000001,18.08729489537781,-10.14310263419415,20.737231437203867,18.08729489537781,149.85689736580585,150.94449285991863,150.94449285991863,57.0,1.0,0.1,4.324898253082818,-1.2169809468861104,4.492859615501315,4.324898253082818,-1.2169809468861104,4.492859615501315,4.492859615501315,0.0,1.0,0.1,4.324898253082818,-1.3129108382759114,4.5197875800507665,4.324898253082818,-1.3129108382759114,4.5197875800507665,4.5197875800507665,0.0,1.0,0.1,0.0,0.0,0.0,0.0,0.0,0.0,0.0,0.0,1.0,7.800000000000001,-3.0711026646270057,13.778030754927059,14.116153975513125,156.928897335373,93.77803075492706,182.81410741835018,150.94449285991863,77.0,1.0,7.2,-16.833499306921993,-17.391777449154702,24.204144722693037,143.166500693078,-57.3917774491547,154.2415736417209,4.5197875800507665,71.0
25_LTAN18_693km_SENTINEL1_MY_ALL_HEAT_MY_0p5,7276.679999999999,17.871310131727455,149.9264191663083,150.98779715545214,18.82631281362068,-54.426321228852245,57.59040281733156,36.69762294534814,95.50009793745606,102.30828038777038,1.0,5.800000000000001,17.871310131727455,-10.073580833691693,20.514891094941376,17.871310131727455,149.9264191663083,150.98779715545214,150.98779715545214,57.0,1.0,0.1,4.108913489432464,-1.1474591463836532,4.266126176786098,4.108913489432464,-1.1474591463836532,4.266126176786098,4.266126176786098,0.0,1.0,0.1,4.108913489432464,-1.271999707765758,4.301296702181359,4.108913489432464,-1.271999707765758,4.301296702181359,4.301296702181359,0.0,1.0,0.1,0.0,0.0,0.0,0.0,0.0,0.0,0.0,0.0,1.0,1.6,-3.3023770546518634,15.500097937456061,15.847988209290817,36.69762294534814,95.50009793745606,102.30828038777038,150.98779715545214,15.0,1.0,0.7000000000000001,-17.064773696946855,-15.698320936618003,23.187146904202518,22.935226303053145,-55.698320936618,60.23560044301676,4.301296702181359,6.0
25_LTAN18_693km_SENTINEL1_MY_ALL_HEAT_MY_0p5,7335.839999999999,17.643357373328985,149.99433661403484,151.02843797009686,191.9925853552364,-133.48769655250055,233.8378026801488,209.6359427285654,16.506640061534284,210.2848012810612,1.0,5.800000000000001,17.643357373328985,-10.005663385965164,20.283031311819396,17.643357373328985,149.99433661403484,151.02843797009686,151.02843797009686,57.0,1.0,0.1,3.880960731033994,-1.079541698657124,4.028308140518476,3.880960731033994,-1.079541698657124,4.028308140518476,4.028308140518476,0.0,1.0,0.1,3.880960731033994,-1.2613036000234388,4.0807772503850295,3.880960731033994,-1.2613036000234388,4.0807772503850295,4.0807772503850295,0.0,1.0,0.1,0.0,0.0,0.0,0.0,0.0,0.0,0.0,0.0,1.0,11.200000000000001,9.635942728565396,16.506640061534284,19.113360729846566,209.6359427285654,16.506640061534284,210.2848012810612,151.02843797009686,111.0,1.0,10.600000000000001,-4.126453913729591,-14.74900015252399,15.31537225800558,195.8735460862704,-134.749000152524,237.7472168049822,4.0807772503850295,105.0
25_LTAN18_693km_SENTINEL1_MY_ALL_HEAT_MY_0p5,7395.0,17.402823620433946,150.06088253996035,151.06663012934297,144.137355775026,7.727951592514392,144.3443749012502,161.54017939545994,157.78883413247473,225.8152911917238,1.0,5.800000000000001,17.402823620433946,-9.939117460039654,20.041065985830162,17.402823620433946,150.06088253996035,151.06663012934297,151.06663012934297,57.0,1.0,0.1,3.6404269781389544,-1.012995772731614,3.778739077884849,3.6404269781389544,-1.012995772731614,3.778739077884849,3.778739077884849,0.0,1.0,0.1,3.6404269781389544,-1.2805896840744424,3.8590955575263743,3.6404269781389544,-1.2805896840744424,3.8590955575263743,3.8590955575263743,0.0,1.0,0.1,0.0,0.0,0.0,0.0,0.0,0.0,0.0,0.0,1.0,6.6000000000000005,1.540179395459944,-2.211165867525267,2.6946998096092494,161.54017939545994,157.78883413247473,225.8152911917238,151.06663012934297,65.0,1.0,7.4,-12.222217246835044,6.4473619084399445,13.818504622687447,147.77778275316496,6.4473619084399445,147.91836110172403,3.8590955575263743,73.0
25_LTAN18_693km_SENTINEL1_MY_ALL_HEAT_MY_0p5,7454.16,17.15230699955323,150.12338667586604,151.10007565331833,151.29773742286147,-90.39985196392213,176.2473789432801,168.4500444224147,59.72353471194391,178.72413956822467,1.0,5.800000000000001,17.15230699955323,-9.876613324133956,19.792653338079337,17.15230699955323,150.12338667586604,151.10007565331833,151.10007565331833,57.0,1.0,0.1,3.3899103572582376,-0.950491636825916,3.5206429216725006,3.3899103572582376,-0.950491636825916,3.5206429216725006,3.5206429216725006,0.0,1.0,0.1,3.3899103572582376,-1.3039175581452866,3.632037063231354,3.3899103572582376,-1.3039175581452866,3.632037063231354,3.632037063231354,0.0,1.0,0.1,0.0,0.0,0.0,0.0,0.0,0.0,0.0,0.0,1.0,7.6000000000000005,8.450044422414692,19.723534711943913,21.457424642161463,168.4500444224147,59.72353471194391,178.72413956822467,151.10007565331833,75.0,1.0,7.0,-5.312352219880296,-11.703769522067418,12.852988256967377,154.6876477801197,-91.70376952206742,179.8272774645238,3.632037063231354,69.0
25_LTAN18_693km_SENTINEL1_MY_ALL_HEAT_MY_0p5,7513.32,16.89495594147414,150.17924422984328,151.12658579386775,68.6243729945017,-65.54721807075481,94.89858990366284,85.51932893597584,84.63202615908847,120.31681292925053,1.0,5.800000000000001,16.89495594147414,-9.820755770156723,19.541923655603075,16.89495594147414,150.17924422984328,151.12658579386775,151.12658579386775,57.0,1.0,0.1,3.1325592991791495,-0.8946340828486825,3.2578056886604316,3.1325592991791495,-0.8946340828486825,3.2578056886604316,3.2578056886604316,0.0,1.0,0.1,3.1325592991791495,-1.3911133541287768,3.427553665066264,3.1325592991791495,-1.3911133541287768,3.427553665066264,3.427553665066264,0.0,1.0,0.1,0.0,0.0,0.0,0.0,0.0,0.0,0.0,0.0,1.0,1.8,5.519328935975835,4.632026159088468,7.205460307432136,85.51932893597584,84.63202615908847,120.31681292925053,151.12658579386775,17.0,1.0,1.9000000000000001,-8.243067706319152,13.061668575116414,15.445237168044567,71.75693229368085,-66.93833142488359,98.13153186487743,3.427553665066264,18.0
25_LTAN18_693km_SENTINEL1_MY_ALL_HEAT_MY_0p5,7572.48,16.63183363806002,150.22953932007871,151.14738626416,77.4257875671806,-127.75585856278948,149.3864517870133,94.05762120524062,22.47368075728923,96.70523477852211,1.0,5.800000000000001,16.63183363806002,-9.770460679921285,19.28936992392423,16.63183363806002,150.22953932007871,151.14738626416,151.14738626416,57.0,1.0,0.1,2.869436995765028,-0.8443389926132454,2.9910829154525587,2.869436995765028,-0.8443389926132454,2.9910829154525587,2.9910829154525587,0.0,1.0,0.1,2.869436995765028,-1.4838716138544896,3.2304092061328946,2.869436995765028,-1.4838716138544896,3.2304092061328946,3.2304092061328946,0.0,1.0,0.1,0.0,0.0,0.0,0.0,0.0,0.0,0.0,0.0,1.0,2.4000000000000004,14.057621205240622,-17.52631924271077,22.467500531822505,94.05762120524062,22.47368075728923,96.70523477852211,151.14738626416,23.0,1.0,3.7,0.29522456294563426,-9.239730176643974,9.244445428458741,80.29522456294563,-129.23973017664397,152.15199947337402,3.2304092061328946,36.0
25_LTAN18_693km_SENTINEL1_MY_ALL_HEAT_MY_0p5,7631.639999999999,16.368459890096336,150.27865933970733,151.16746320592105,100.87978879988647,-33.446271369800854,106.27974810307023,117.2482486899828,116.83238796990648,165.5202667337713,1.0,5.800000000000001,16.368459890096336,-9.721340660292668,19.037619163308,16.368459890096336,150.27865933970733,151.16746320592105,151.16746320592105,57.0,1.0,0.1,2.6060632478013446,-0.7952189729846282,2.7246906001481377,2.6060632478013446,-0.7952189729846282,2.7246906001481377,2.7246906001481377,0.0,1.0,0.1,2.6060632478013446,-1.4919729342100823,3.0029233902909236,2.6060632478013446,-1.4919729342100823,3.0029233902909236,3.0029233902909236,0.0,1.0,0.1,0.0,0.0,0.0,0.0,0.0,0.0,0.0,0.0,1.0,3.8000000000000003,-2.751751310017198,-3.1676120300935224,4.195938660821268,117.2482486899828,116.83238796990648,165.5202667337713,151.16746320592105,37.0,1.0,2.0,23.485852047687814,5.0617556959890635,24.025124705852406,103.48585204768781,-34.93824430401094,109.2245507616428,3.0029233902909236,19.0
25_LTAN18_693km_SENTINEL1_MY_ALL_HEAT_MY_0p5,7690.799999999999,16.10709913252312,150.32639146468006,151.18684669394082,48.95449424204011,-88.27881132475937,100.94399950173562,65.06159337456323,62.04758013992068,89.90502284998814,1.0,5.800000000000001,16.10709913252312,-9.673608535319943,18.788755801264273,16.10709913252312,150.32639146468006,151.18684669394082,151.18684669394082,57.0,1.0,0.1,2.34470249022813,-0.7474868480119028,2.4609685807894346,2.34470249022813,-0.7474868480119028,2.4609685807894346,2.4609685807894346,0.0,1.0,0.1,2.34470249022813,-1.4728514792296608,2.7689205924964684,2.34470249022813,-1.4728514792296608,2.7689205924964684,2.7689205924964684,0.0,1.0,0.1,0.0,0.0,0.0,0.0,0.0,0.0,0.0,0.0,1.0,1.8,-14.93840662543677,-17.952419860079317,23.354771917949947,65.06159337456323,62.04758013992068,89.90502284998814,151.18684669394082,17.0,1.0,1.7000000000000002,11.299196732268243,-9.751662803989035,14.92537350411053,51.29919673226824,-89.75166280398903,103.37779530178088,2.7689205924964684,16.0
25_LTAN18_693km_SENTINEL1_MY_ALL_HEAT_MY_0p5,7749.959999999999,15.847569660011494,150.37125140349298,151.2040300811503,90.40259189020959,-27.076202325661317,94.37027791019763,106.2501615502211,123.29504907783166,162.75984135084735,1.0,5.800000000000001,15.847569660011494,-9.628748596507023,18.54341564177573,15.847569660011494,150.37125140349298,151.2040300811503,151.2040300811503,57.0,1.0,0.1,2.085173017716503,-0.7026269091989832,2.2003706704424744,2.085173017716503,-0.7026269091989832,2.2003706704424744,2.2003706704424744,0.0,1.0,0.1,2.085173017716503,-1.4279915404163432,2.527272512673216,2.085173017716503,-1.4279915404163432,2.527272512673216,2.527272512673216,0.0,1.0,0.1,0.0,0.0,0.0,0.0,0.0,0.0,0.0,0.0,1.0,3.8000000000000003,-13.749838449778906,3.2950490778316635,14.139144451498389,106.2501615502211,123.29504907783166,162.75984135084735,151.2040300811503,37.0,1.0,2.0,12.487764907926106,11.495806133922343,16.97344487911506,92.4877649079261,-28.504193866077657,96.78055448083951,2.527272512673216,19.0
25_LTAN18_693km_SENTINEL1_MY_ALL_HEAT_MY_0p5,7809.12,15.591279351854508,150.41102726687853,151.21694718286454,114.49279952904992,-47.153584138786464,123.82270244641258,130.08407888090443,103.25744312809206,166.08421700945738,1.0,5.800000000000001,15.591279351854508,-9.588972733121466,18.303999287153385,15.591279351854508,150.41102726687853,151.21694718286454,151.21694718286454,57.0,1.0,0.1,1.828882709559517,-0.6628510458134258,1.9452977854975606,1.828882709559517,-0.6628510458134258,1.9452977854975606,1.9452977854975606,0.0,1.0,0.1,1.828882709559517,-1.3596050070388799,2.2788895849713637,1.828882709559517,-1.3596050070388799,2.2788895849713637,2.2788895849713637,0.0,1.0,0.1,0.0,0.0,0.0,0.0,0.0,0.0,0.0,0.0,1.0,3.8000000000000003,10.084078880904428,-16.742556871907937,19.544867804244017,130.08407888090443,103.25744312809206,166.08421700945738,151.21694718286454,37.0,1.0,4.2,-3.6783177613905593,-8.51318914582535,9.273856316892116,116.32168223860944,-48.51318914582535,126.032786527628,2.2788895849713637,41.0
25_LTAN18_693km_SENTINEL1_MY_ALL_HEAT_MY_0p5,7868.28,15.338619280755545,150.44673950886178,151.2266334687355,64.20804738314158,-59.861483134685564,87.78422701055126,79.54666666389713,90.58525637417623,120.55438959122309,1.0,5.800000000000001,15.338619280755545,-9.553260491138218,18.070363235184516,15.338619280755545,150.44673950886178,151.2266334687355,151.2266334687355,57.0,1.0,0.1,1.5762226384605533,-0.627138803830178,1.6964023359053402,1.5762226384605533,-0.627138803830178,1.6964023359053402,1.6964023359053402,0.0,1.0,0.1,1.5762226384605533,-1.323892765055632,2.0584386945843676,1.5762226384605533,-1.323892765055632,2.0584386945843676,2.0584386945843676,0.0,1.0,0.1,0.0,0.0,0.0,0.0,0.0,0.0,0.0,0.0,1.0,1.8,-0.4533333361028724,10.585256374176225,10.594959349646443,79.54666666389713,90.58525637417623,120.55438959122309,151.2266334687355,17.0,1.0,1.9000000000000001,-14.21572997839786,18.81462410025881,23.581286200136738,65.78427002160214,-61.18537589974119,89.8399710945395,2.0584386945843676,18.0
25_LTAN18_693km_SENTINEL1_MY_ALL_HEAT_MY_0p5,7927.44,15.089586648829924,150.481211202198,151.2358771922624,133.8221754272015,-68.5526011666943,150.35901623377478,148.91176207603144,81.92861003550371,169.96178990272557,1.0,5.800000000000001,15.089586648829924,-9.518788797801989,17.841047206083697,15.089586648829924,150.481211202198,151.2358771922624,151.2358771922624,57.0,1.0,0.1,1.3271900065349325,-0.5926671104939487,1.4535087262577546,1.3271900065349325,-0.5926671104939487,1.4535087262577546,1.4535087262577546,0.0,1.0,0.1,1.3271900065349325,-1.3180317417117067,1.8704654462474812,1.3271900065349325,-1.3180317417117067,1.8704654462474812,1.8704654462474812,0.0,1.0,0.1,0.0,0.0,0.0,0.0,0.0,0.0,0.0,0.0,1.0,7.800000000000001,-11.088237923968563,1.9286100355037092,11.254712654154272,148.91176207603144,81.92861003550371,169.96178990272557,151.2358771922624,77.0,1.0,4.0,15.149365433736449,10.129367091593991,18.22381273831456,135.14936543373645,-69.87063290840601,152.14222398848673,1.8704654462474812,39.0
25_LTAN18_693km_SENTINEL1_MY_ALL_HEAT_MY_0p5,7986.599999999999,14.84460673549096,150.52278423159112,151.25300301799473,-90.03481142437568,-62.94102903118558,109.85372275770828,-75.19020468888472,87.58175520040554,115.43019849736093,1.0,5.800000000000001,14.84460673549096,-9.477215768408882,17.611926863701242,14.84460673549096,150.52278423159112,151.25300301799473,151.25300301799473,57.0,1.0,0.1,1.0822100931959682,-0.5510940811008425,1.2144477642285023,1.0822100931959682,-0.5510940811008425,1.2144477642285023,1.2144477642285023,0.0,1.0,0.1,1.0822100931959682,-1.3050693823109043,1.6954010671403363,1.0822100931959682,-1.3050693823109043,1.6954010671403363,1.6954010671403363,0.0,1.0,0.1,0.0,0.0,0.0,0.0,0.0,0.0,0.0,0.0,1.0,1.0,4.8097953111152805,7.581755200405539,8.978704965288868,-75.19020468888472,87.58175520040554,115.43019849736093,151.25300301799473,9.0,1.0,1.1,-8.952601331179707,15.753901586503517,18.120002367336454,-88.95260133117971,-64.24609841349648,109.72750997329918,1.6954010671403363,10.0
25_LTAN18_693km_SENTINEL1_MY_ALL_HEAT_MY_0p5,8045.759999999999,14.60357571509336,150.5718842411058,151.2784080679838,133.69674834691014,-210.96870459810904,249.76511933883245,148.3003240620035,-60.396820357003236,160.12733066572795,1.0,5.800000000000001,14.60357571509336,-9.428115758894194,17.38257145619064,14.60357571509336,150.5718842411058,151.2784080679838,151.2784080679838,57.0,1.0,0.1,0.8411790727983686,-0.5019940715861537,0.9795816864466013,0.8411790727983686,-0.5019940715861537,0.9795816864466013,0.9795816864466013,0.0,1.0,0.1,0.8411790727983686,-1.3418013827723314,1.583670793859527,0.8411790727983686,-1.3418013827723314,1.583670793859527,1.583670793859527,0.0,1.0,0.1,0.0,0.0,0.0,0.0,0.0,0.0,0.0,0.0,1.0,7.0,-11.699675937996489,19.603179642996764,22.829083844292498,148.3003240620035,-60.396820357003236,160.12733066572795,151.2784080679838,69.0,1.0,9.9,14.537927419708524,-12.310505980881373,19.049931526544366,134.53792741970852,-212.31050598088137,251.3487713601334,1.583670793859527,98.0
25_LTAN18_693km_SENTINEL1_MY_ALL_HEAT_MY_0p5,8104.919999999999,14.367575852879,150.63052484800622,151.31418390842958,80.03207689995374,-144.59181549225747,165.26320352778816,94.39965275283274,6.03870935574875,94.59260251488278,1.0,5.800000000000001,14.367575852879,-9.369475151993782,17.152676190963923,14.367575852879,150.63052484800622,151.31418390842958,151.31418390842958,57.0,1.0,0.1,0.6051792105840086,-0.44335346468574244,0.7502027536419309,0.6051792105840086,-0.44335346468574244,0.7502027536419309,0.7502027536419309,0.0,1.0,0.1,0.6051792105840086,-1.340382115856528,1.4706685872184482,0.6051792105840086,-1.340382115856528,1.4706685872184482,1.4706685872184482,0.0,1.0,0.1,0.0,0.0,0.0,0.0,0.0,0.0,0.0,0.0,1.0,2.2,14.399652752832736,6.03870935574875,15.614608867511569,94.39965275283274,6.03870935574875,94.59260251488278,151.31418390842958,21.0,1.0,6.300000000000001,0.6372561105377486,14.067802391886005,14.082228498628025,80.63725611053775,-145.932197608114,166.72904177668056,1.4706685872184482,62.0
25_LTAN18_693km_SENTINEL1_MY_ALL_HEAT_MY_0p5,8164.08,14.138367444633616,150.7015072949298,151.36326415271063,136.44501221857706,-181.72956282984268,227.2506883722322,150.58337966321068,-31.02805553491288,153.74685187369624,1.0,5.800000000000001,14.138367444633616,-9.298492705070203,16.92203890155437,14.138367444633616,150.7015072949298,151.36326415271063,151.36326415271063,57.0,1.0,0.1,0.37597080233862457,-0.37237101776216264,0.5291636978104015,0.37597080233862457,-0.37237101776216264,0.5291636978104015,0.5291636978104015,0.0,1.0,0.1,0.37597080233862457,-1.3552316789094903,1.4064163493542674,0.37597080233862457,-1.3552316789094903,1.4064163493542674,1.4064163493542674,0.0,1.0,0.1,0.0,0.0,0.0,0.0,0.0,0.0,0.0,0.0,1.0,7.2,-9.416620336789322,8.97194446508712,13.006480156131467,150.58337966321068,-31.02805553491288,153.74685187369624,151.36326415271063,71.0,1.0,9.9,16.82098302091569,16.915205491247832,23.85518070778494,136.8209830209157,-183.08479450875217,228.5607651700565,1.4064163493542674,98.0
25_LTAN18_693km_SENTINEL1_MY_ALL_HEAT_MY_0p5,8223.24,13.915685904346963,150.78232501489234,151.42310210494657,139.95066355232038,-118.26617782532017,183.22957470382622,153.86634945666734,32.516147189572166,157.26459653455126,1.0,5.800000000000001,13.915685904346963,-9.217674985107664,16.691669967966668,13.915685904346963,150.78232501489234,151.42310210494657,151.42310210494657,57.0,1.0,0.1,0.15328926205197213,-0.2915532977996236,0.3293947833804813,0.15328926205197213,-0.2915532977996236,0.3293947833804813,0.3293947833804813,0.0,1.0,0.1,0.15328926205197213,-1.331635298931161,1.3404290981696574,0.15328926205197213,-1.331635298931161,1.3404290981696574,1.3404290981696574,0.0,1.0,0.1,0.0,0.0,0.0,0.0,0.0,0.0,0.0,0.0,1.0,7.6000000000000005,-6.133650543332664,-7.483852810427834,9.676245236447539,153.86634945666734,32.516147189572166,157.26459653455126,151.42310210494657,75.0,1.0,3.9000000000000004,20.10395281437235,0.4021868757486686,20.107975359183587,140.10395281437235,-119.59781312425133,184.20845392737874,1.3404290981696574,38.0
25_LTAN18_693km_SENTINEL1_MY_ALL_HEAT_MY_0p5,8282.4,13.702551278879506,150.86741190147623,151.48840181809302,49.028721549111694,-62.65344485392988,79.55670737784942,62.7312728279912,88.21396704754636,108.24470690470487,1.0,5.800000000000001,13.702551278879506,-9.132588098523769,16.467060360842197,13.702551278879506,150.86741190147623,151.48840181809302,151.48840181809302,57.0,1.0,0.1,-0.05984536341548541,-0.20646641121572884,0.21496475637330403,-0.05984536341548541,-0.20646641121572884,0.21496475637330403,0.21496475637330403,0.0,1.0,0.1,-0.05984536341548541,-1.2751590823395702,1.2765626317558518,-0.05984536341548541,-1.2751590823395702,1.2765626317558518,1.2765626317558518,0.0,1.0,0.1,0.0,0.0,0.0,0.0,0.0,0.0,0.0,0.0,1.0,1.6,22.731272827991198,8.213967047546362,24.169816280616377,62.7312728279912,88.21396704754636,108.24470690470487,151.48840181809302,15.0,1.0,1.7000000000000002,8.968876185696203,16.07139606373056,18.404632880653793,48.9688761856962,-63.92860393626944,80.52836292965634,1.2765626317558518,16.0
25_LTAN18_693km_SENTINEL1_MY_ALL_HEAT_MY_0p5,8341.56,13.500345537709835,150.95341555775974,151.55590717022963,249.0305905337701,-133.04280437351622,282.3413232546167,262.5309360714799,17.91061118424352,263.1411833741739,1.0,5.800000000000001,13.500345537709835,-9.04658444224026,16.25115441155321,13.500345537709835,150.95341555775974,151.55590717022963,151.55590717022963,57.0,1.0,0.1,-0.2620511045851561,-0.1204627549322197,0.28841299682947796,-0.2620511045851561,-0.1204627549322197,0.28841299682947796,0.28841299682947796,0.0,1.0,0.1,-0.2620511045851561,-1.246376766040271,1.2736270350221468,-0.2620511045851561,-1.246376766040271,1.2736270350221468,1.2736270350221468,0.0,1.0,0.1,0.0,0.0,0.0,0.0,0.0,0.0,0.0,0.0,0.0,nan,nan,nan,nan,262.5309360714799,17.91061118424352,263.1411833741739,151.55590717022963,nan,1.0,15.200000000000001,8.768539429184926,-14.28918113955649,16.76508220559111,248.76853942918493,-134.2891811395565,282.7001421663289,1.2736270350221468,151.0
25_LTAN18_693km_SENTINEL1_MY_ALL_HEAT_MY_0p5,8400.72,13.30809103294506,151.04099263882983,151.62614136178564,196.2116609350897,-25.413205490293148,197.8505670959739,209.51975196803477,125.62778714853668,244.2966789962255,1.0,5.800000000000001,13.30809103294506,-8.959007361170165,16.04272731921396,13.30809103294506,151.04099263882983,151.62614136178564,151.62614136178564,57.0,1.0,0.1,-0.454305609349932,-0.032885673862125486,0.45549429659676216,-0.454305609349932,-0.032885673862125486,0.45549429659676216,0.45549429659676216,0.0,1.0,0.1,-0.454305609349932,-1.2446316949466905,1.3249534492776283,-0.454305609349932,-1.2446316949466905,1.3249534492776283,1.3249534492776283,0.0,1.0,0.1,0.0,0.0,0.0,0.0,0.0,0.0,0.0,0.0,1.0,11.8,9.519751968034768,5.627787148536683,11.058827502142192,209.51975196803477,125.62778714853668,244.2966789962255,151.62614136178564,117.0,1.0,11.0,-4.2426446742602195,13.342162814760158,14.00047650644782,195.75735532573978,-26.657837185239842,197.56412236922648,1.3249534492776283,109.0
25_LTAN18_693km_SENTINEL1_MY_ALL_HEAT_MY_0p5,8459.88,13.122097338819408,151.1311308595937,151.69973023532074,179.64433705927462,23.56193124982982,181.18292535911868,192.76643439809402,174.69306210942352,260.1471971398531,1.0,5.800000000000001,13.122097338819408,-8.868869140406304,15.838127364025793,13.122097338819408,151.1311308595937,151.69973023532074,151.69973023532074,57.0,1.0,0.1,-0.6402993034755831,0.05725254690173642,0.6428538342096533,-0.6402993034755831,0.05725254690173642,0.6428538342096533,0.6428538342096533,0.0,1.0,0.1,-0.6402993034755831,-1.2403254841593423,1.3958475936456758,-0.6402993034755831,-1.2403254841593423,1.3958475936456758,1.3958475936456758,0.0,1.0,0.1,0.0,0.0,0.0,0.0,0.0,0.0,0.0,0.0,1.0,12.0,-7.23356560190598,14.693062109423522,16.37713483697483,192.76643439809402,174.69306210942352,260.1471971398531,151.69973023532074,119.0,0.0,nan,nan,nan,nan,179.00403775579903,22.321605765670483,180.39040888261644,1.3958475936456758,nan
25_LTAN18_693km_SENTINEL1_MY_ALL_HEAT_MY_0p5,8519.039999999999,12.941557759146342,151.22466513394244,151.77741354399984,124.48258536169148,29.399160872371358,127.90709408914886,137.4241431208378,180.6238260063138,226.95894261662315,1.0,5.800000000000001,12.941557759146342,-8.775334866057563,15.63618940934032,12.941557759146342,151.22466513394244,151.77741354399984,151.77741354399984,57.0,1.0,0.1,-0.8208388831486495,0.1507868212504775,0.8345736262017545,-0.8208388831486495,0.1507868212504775,0.8345736262017545,0.8345736262017545,0.0,1.0,0.1,-0.8208388831486495,-1.2612338897790494,1.5048213836917368,-0.8208388831486495,-1.2612338897790494,1.5048213836917368,1.5048213836917368,0.0,1.0,0.1,0.0,0.0,0.0,0.0,0.0,0.0,0.0,0.0,0.0,nan,nan,nan,nan,137.4241431208378,180.6238260063138,226.95894261662315,151.77741354399984,nan,1.0,4.6000000000000005,3.661746478542824,-11.862073017407681,12.414393402153491,123.66174647854282,28.13792698259232,126.82259450508452,1.5048213836917368,45.0
25_LTAN18_693km_SENTINEL1_MY_ALL_HEAT_MY_0p5,8578.199999999999,12.76689349334112,151.32183738824352,151.85944830672977,-14.613855589879764,-19.67004490811647,24.504600422965044,-1.8469620965386433,131.65179248012706,131.6647474923204,1.0,5.800000000000001,12.76689349334112,-8.678162611756477,15.43710062759208,12.76689349334112,151.32183738824352,151.85944830672977,151.85944830672977,57.0,1.0,0.1,-0.9955031489538708,0.24795907555156305,1.0259192086735964,-0.9955031489538708,0.24795907555156305,1.0259192086735964,1.0259192086735964,0.0,1.0,0.1,-0.9955031489538708,-1.2785043154471794,1.6203702676222287,-0.9955031489538708,-1.2785043154471794,1.6203702676222287,1.6203702676222287,0.0,1.0,0.1,0.0,0.0,0.0,0.0,0.0,0.0,0.0,0.0,1.0,3.2,-1.8469620965386433,11.651792480127057,11.797268200138364,-1.8469620965386433,131.65179248012706,131.6647474923204,151.85944830672977,31.0,1.0,0.5,-15.609358738833635,19.051450776436354,24.629451007372847,-15.609358738833635,-20.948549223563646,26.124582193973378,1.6203702676222287,4.0
25_LTAN18_693km_SENTINEL1_MY_ALL_HEAT_MY_0p5,8637.359999999999,12.599676607129824,151.4219163786949,151.94521581938906,62.56449362799883,-94.97168825728376,113.72747000336636,75.16417023512865,56.45022812141114,94.0014932971533,1.0,5.800000000000001,12.599676607129824,-8.578083621305097,15.24255126999274,12.599676607129824,151.4219163786949,151.94521581938906,151.94521581938906,57.0,1.0,0.1,-1.162720035165167,0.3480380660029425,1.2136920431318465,-1.162720035165167,0.3480380660029425,1.2136920431318465,1.2136920431318465,0.0,1.0,0.1,-1.162720035165167,-1.2928680049642196,1.7388000340564318,-1.162720035165167,-1.2928680049642196,1.7388000340564318,1.7388000340564318,0.0,1.0,0.1,0.0,0.0,0.0,0.0,0.0,0.0,0.0,0.0,1.0,1.8,-4.835829764871349,-23.549771878588857,24.041152323638528,75.16417023512865,56.45022812141114,94.0014932971533,151.94521581938906,17.0,1.0,1.9000000000000001,-18.598226407166337,-16.26455626224798,24.706877906770195,61.40177359283366,-96.26455626224798,114.17986947230722,1.7388000340564318,18.0
25_LTAN18_693km_SENTINEL1_MY_ALL_HEAT_MY_0p5,8696.519999999999,12.440012907487274,151.5245583195222,152.03435695613257,65.15661051927538,-83.34661712243603,105.79245001470801,77.59662342676265,68.17794119708618,103.29311512926769,1.0,5.800000000000001,12.440012907487274,-8.475441680477786,15.052808137275585,12.440012907487274,151.5245583195222,152.03435695613257,152.03435695613257,57.0,1.0,0.1,-1.3223837348077172,0.4506800068302539,1.3970723712966786,-1.3223837348077172,0.4506800068302539,1.3970723712966786,1.3970723712966786,0.0,1.0,0.1,-1.3223837348077172,-1.2760580741134504,1.837667802023569,-1.3223837348077172,-1.2760580741134504,1.837667802023569,1.837667802023569,0.0,1.0,0.1,0.0,0.0,0.0,0.0,0.0,0.0,0.0,0.0,1.0,1.8,-2.4033765732373524,-11.822058802913816,12.063883839474672,77.59662342676265,68.17794119708618,103.29311512926769,152.03435695613257,17.0,1.0,1.7000000000000002,23.83422678446766,-4.62267519654948,24.27837499476086,63.83422678446766,-84.62267519654948,105.99908332901543,1.837667802023569,16.0
25_LTAN18_693km_SENTINEL1_MY_ALL_HEAT_MY_0p5,8755.68,12.287479209256594,151.62631986748684,152.12338091784363,96.7860893643594,13.958386208053065,97.7874411158147,109.07356857361599,165.5847060755399,198.28095785401646,1.0,5.800000000000001,12.287479209256594,-8.373680132513158,14.869454067972994,12.287479209256594,151.62631986748684,152.12338091784363,152.12338091784363,57.0,1.0,0.1,-1.4749174330383976,0.552441554794882,1.574983525547097,-1.4749174330383976,0.552441554794882,1.574983525547097,1.574983525547097,0.0,1.0,0.1,-1.4749174330383976,-1.260128536125336,1.9399240608430937,-1.4749174330383976,-1.260128536125336,1.9399240608430937,1.9399240608430937,0.0,1.0,0.1,0.0,0.0,0.0,0.0,0.0,0.0,0.0,0.0,1.0,6.4,-10.926431426384013,5.584706075539913,12.270934995575708,109.07356857361599,165.5847060755399,198.28095785401646,152.12338091784363,63.0,1.0,2.2,15.311171931320999,12.698257671927735,19.89164985146138,95.311171931321,12.698257671927735,96.15334233829057,1.9399240608430937,21.0
25_LTAN18_693km_SENTINEL1_MY_ALL_HEAT_MY_0p5,8814.84,12.14298423877955,151.71936846106271,152.2045296055507,100.96703510941843,-36.85195308947269,107.48213165589539,113.11001934819798,114.86741537159003,161.20917961176752,1.0,5.800000000000001,12.14298423877955,-8.280631538937286,14.69765031924802,12.14298423877955,151.71936846106271,152.2045296055507,152.2045296055507,57.0,1.0,0.1,-1.619412403515442,0.6454901483707545,1.7433169718394184,-1.619412403515442,0.6454901483707545,1.7433169718394184,1.7433169718394184,0.0,1.0,0.1,-1.619412403515442,-1.2529119525259773,2.047506994723612,-1.619412403515442,-1.2529119525259773,2.047506994723612,2.047506994723612,0.0,1.0,0.1,0.0,0.0,0.0,0.0,0.0,0.0,0.0,0.0,1.0,3.8000000000000003,-6.88998065180202,-5.1325846284099725,8.591580666559357,113.11001934819798,114.86741537159003,161.20917961176752,152.2045296055507,37.0,1.0,2.0,19.347622705902992,1.8951349580013357,19.44021709958538,99.34762270590299,-38.104865041998664,106.4045622949664,2.047506994723612,19.0
25_LTAN18_693km_SENTINEL1_MY_ALL_HEAT_MY_0p5,8874.0,12.006279059880969,151.80455902207547,152.27860938671108,14.584483269045915,-135.27602727132162,136.05995261845578,26.590762328926886,16.528531750753842,31.309120126077563,1.0,5.800000000000001,12.006279059880969,-8.195440977924534,14.536711790717352,12.006279059880969,151.80455902207547,152.27860938671108,152.27860938671108,57.0,1.0,0.1,-1.7561175824140225,0.7306807093835062,1.9020628965228397,-1.7561175824140225,0.7306807093835062,1.9020628965228397,1.9020628965228397,0.0,1.0,0.1,-1.7561175824140225,-1.2821640714820717,2.1743720172645604,-1.7561175824140225,-1.2821640714820717,2.1743720172645604,2.1743720172645604,0.0,1.0,0.1,0.0,0.0,0.0,0.0,0.0,0.0,0.0,0.0,1.0,0.8,-13.409237671073114,16.528531750753842,21.283797047402146,26.590762328926886,16.528531750753842,31.309120126077563,152.27860938671108,7.0,1.0,3.3000000000000003,12.828365686631894,-16.558191342803696,20.946137274802098,12.828365686631894,-136.5581913428037,137.1594203436561,2.1743720172645604,32.0
25_LTAN18_693km_SENTINEL1_MY_ALL_HEAT_MY_0p5,8933.16,11.876853679775037,151.8842398653104,152.34789782860128,96.9165118378744,-39.31443743619678,104.58697460843524,108.79336551764943,112.56980242911362,156.55017342560356,1.0,5.800000000000001,11.876853679775037,-8.115760134689594,14.384895407843697,11.876853679775037,151.8842398653104,152.34789782860128,152.34789782860128,57.0,1.0,0.1,-1.8855429625199545,0.8103615526184456,2.0523055594795587,-1.8855429625199545,0.8103615526184456,2.0523055594795587,2.0523055594795587,0.0,1.0,0.1,-1.8855429625199545,-1.316925908215552,2.2999056744218627,-1.8855429625199545,-1.316925908215552,2.2999056744218627,2.2999056744218627,0.0,1.0,0.1,0.0,0.0,0.0,0.0,0.0,0.0,0.0,0.0,1.0,3.8000000000000003,-11.206634482350566,-7.430197570886378,13.44605861817561,108.79336551764943,112.56980242911362,156.55017342560356,152.34789782860128,37.0,1.0,2.0,15.030968875354446,-0.6313633444123354,15.044222977759325,95.03096887535445,-40.631363344412335,103.35275870829109,2.2999056744218627,19.0
25_LTAN18_693km_SENTINEL1_MY_ALL_HEAT_MY_0p5,8992.32,11.754071730083163,151.96011174195564,152.4140208867399,107.94499928370945,-114.37930928545076,157.2728497324851,119.69907101379262,37.580802456504884,125.45989125947708,1.0,5.800000000000001,11.754071730083163,-8.039888258044357,14.240716465044157,11.754071730083163,151.96011174195564,152.4140208867399,152.4140208867399,57.0,1.0,0.1,-2.008324912211828,0.8862334292636831,2.1951716662154497,-2.008324912211828,0.8862334292636831,2.1951716662154497,2.1951716662154497,0.0,1.0,0.1,-2.008324912211828,-1.2696647015626183,2.37600871366347,-2.008324912211828,-1.2696647015626183,2.37600871366347,2.37600871366347,0.0,1.0,0.1,0.0,0.0,0.0,0.0,0.0,0.0,0.0,0.0,1.0,4.6000000000000005,-0.3009289862073814,-2.419197543495116,2.4378422855452744,119.69907101379262,37.580802456504884,125.45989125947708,152.4140208867399,45.0,1.0,3.9000000000000004,-14.06332562850237,4.3510260129866225,14.72102425441171,105.93667437149763,-115.64897398701338,156.8351496353468,2.37600871366347,38.0
25_LTAN18_693km_SENTINEL1_MY_ALL_HEAT_MY_0p5,9051.48,11.637398175467878,152.03141431648743,152.47616199054147,53.15502060903853,-3.4024193600845045,53.26380265667472,64.79241878450641,148.62899495640292,162.13770589747872,1.0,5.800000000000001,11.637398175467878,-7.968585683512572,14.104162296636572,11.637398175467878,152.03141431648743,152.47616199054147,152.47616199054147,57.0,1.0,0.1,-2.1249984668271136,0.9575360037954681,2.330771048941139,-2.1249984668271136,0.9575360037954681,2.330771048941139,2.330771048941139,0.0,1.0,0.1,-2.1249984668271136,-1.2269727970231372,2.453789055451255,-2.1249984668271136,-1.2269727970231372,2.453789055451255,2.453789055451255,0.0,1.0,0.1,0.0,0.0,0.0,0.0,0.0,0.0,0.0,0.0,1.0,6.2,-15.20758121549359,-11.37100504359708,18.988688267685678,64.79241878450641,148.62899495640292,162.13770589747872,152.47616199054147,61.0,1.0,0.8,11.030022142211422,-4.629392157107645,11.962134433367819,51.03002214221142,-4.629392157107645,51.23957876074781,2.453789055451255,7.0
25_LTAN18_693km_SENTINEL1_MY_ALL_HEAT_MY_0p5,9110.64,11.524770727104425,152.10122713893048,152.53722049873875,103.16982101299804,33.59259777254457,108.50103498567199,114.69459174010247,185.69382491147505,218.25912577640904,1.0,5.800000000000001,11.524770727104425,-7.898772861069517,13.971791331933474,11.524770727104425,152.10122713893048,152.53722049873875,152.53722049873875,57.0,1.0,0.1,-2.2376259151905664,1.0273488262385229,2.462197259990777,-2.2376259151905664,1.0273488262385229,2.462197259990777,2.462197259990777,0.0,1.0,0.1,-2.2376259151905664,-1.1857706445719884,2.5323944712191047,-2.2376259151905664,-1.1857706445719884,2.5323944712191047,2.5323944712191047,0.0,1.0,0.1,0.0,0.0,0.0,0.0,0.0,0.0,0.0,0.0,1.0,9.8,-5.305408259897533,-14.306175088524952,15.258243754368355,114.69459174010247,185.69382491147505,218.25912577640904,152.53722049873875,97.0,1.0,2.4000000000000004,20.93219509780748,-7.593172872027424,22.266860260871283,100.93219509780748,32.406827127972576,106.0071245330434,2.5323944712191047,23.0
25_LTAN18_693km_SENTINEL1_MY_ALL_HEAT_MY_0p5,9169.8,11.415798538163903,152.17029053735527,152.59789572103233,126.4373548497364,-71.64347003415824,145.32443531606614,137.8531533879003,80.52682050319703,159.6498065120722,1.0,5.800000000000001,11.415798538163903,-7.829709462644729,13.842861211952302,11.415798538163903,152.17029053735527,152.59789572103233,152.59789572103233,57.0,1.0,0.1,-2.346598104131088,1.096412224663311,2.5901047138489917,-2.346598104131088,1.096412224663311,2.5901047138489917,2.5901047138489917,0.0,1.0,0.1,-2.346598104131088,-1.2025392561241404,2.6367827602650955,-2.346598104131088,-1.2025392561241404,2.6367827602650955,2.6367827602650955,0.0,1.0,0.1,0.0,0.0,0.0,0.0,0.0,0.0,0.0,0.0,1.0,4.800000000000001,17.853153387900306,0.5268205031970297,17.860924548703657,137.8531533879003,80.52682050319703,159.6498065120722,152.59789572103233,47.0,1.0,4.0,4.090756745605319,7.153990709717618,8.24098743030478,124.09075674560532,-72.84600929028238,143.89251884381235,2.6367827602650955,39.0
25_LTAN18_693km_SENTINEL1_MY_ALL_HEAT_MY_0p5,9228.96,11.311355159355866,152.23704018217882,152.65668396428444,77.01999417918259,10.30327863907074,77.70609406009062,88.33134933853846,162.54031882124957,184.9913038996168,1.0,5.800000000000001,11.311355159355866,-7.762959817821184,13.71897593387323,11.311355159355866,152.23704018217882,152.65668396428444,152.65668396428444,57.0,1.0,0.1,-2.451041482939125,1.1631618694868564,2.7130333366393757,-2.451041482939125,1.1631618694868564,2.7130333366393757,2.7130333366393757,0.0,1.0,0.1,-2.451041482939125,-1.2216216212767108,2.738606166767899,-2.451041482939125,-1.2216216212767108,2.738606166767899,2.738606166767899,0.0,1.0,0.1,0.0,0.0,0.0,0.0,0.0,0.0,0.0,0.0,1.0,6.2,8.331349338538459,2.5403188212495706,8.710028789525326,88.33134933853846,162.54031882124957,184.9913038996168,152.65668396428444,61.0,1.0,2.2,-5.431047303756529,9.081657017794043,10.58171862243978,74.56895269624347,9.081657017794043,75.11993876730361,2.738606166767899,21.0
25_LTAN18_693km_SENTINEL1_MY_ALL_HEAT_MY_0p5,9288.12,11.214041811514544,152.28892867931506,152.70125255558287,115.70517407659435,15.874119859727049,116.78901913029316,126.9192158881089,168.1630485390421,210.6829329955244,1.0,5.800000000000001,11.214041811514544,-7.711071320684937,13.6093848010513,11.214041811514544,152.28892867931506,152.70125255558287,152.70125255558287,57.0,1.0,0.1,-2.548354830780447,1.2150503666231032,2.823200265123425,-2.548354830780447,1.2150503666231032,2.823200265123425,2.823200265123425,0.0,1.0,0.1,-2.548354830780447,-1.226954464124674,2.8283439678719255,-2.548354830780447,-1.226954464124674,2.8283439678719255,2.8283439678719255,0.0,1.0,0.1,0.0,0.0,0.0,0.0,0.0,0.0,0.0,0.0,1.0,6.4,6.919215888108894,8.163048539042109,10.700977056185854,126.9192158881089,168.1630485390421,210.6829329955244,152.70125255558287,63.0,1.0,4.4,-6.843180754186093,14.647165395602372,16.166897567579085,113.1568192458139,14.647165395602372,114.10085536908097,2.8283439678719255,43.0
25_LTAN18_693km_SENTINEL1_MY_ALL_HEAT_MY_0p5,9347.28,11.12339943075059,152.32537759001693,152.73097483103174,184.4983492288778,-73.80753040915315,198.7138455500246,195.6217486596284,78.51784718086378,210.79117836040555,1.0,5.800000000000001,11.12339943075059,-7.674622409983073,13.514060974845309,11.12339943075059,152.32537759001693,152.73097483103174,152.73097483103174,57.0,1.0,0.1,-2.6389972115444014,1.2514992773249674,2.920711681026397,-2.6389972115444014,1.2514992773249674,2.920711681026397,2.920711681026397,0.0,1.0,0.1,-2.6389972115444014,-1.2763375633993235,2.9314405773072134,-2.6389972115444014,-1.2763375633993235,2.9314405773072134,2.9314405773072134,0.0,1.0,0.1,0.0,0.0,0.0,0.0,0.0,0.0,0.0,0.0,1.0,11.600000000000001,-4.378251340371605,-1.4821528191362177,4.62232211975098,195.6217486596284,78.51784718086378,210.79117836040555,152.73097483103174,115.0,1.0,7.0,21.859352017333407,4.9161320274475315,22.40534812782416,181.8593520173334,-75.08386797255247,196.74961536400542,2.9314405773072134,69.0
25_LTAN18_693km_SENTINEL1_MY_ALL_HEAT_MY_0p5,9406.44,11.03893546793028,152.34945191574332,152.74885791812818,20.12570542912324,46.40558080180635,50.58183417564866,31.16464089705352,198.75503271754968,201.18349304253704,1.0,5.800000000000001,11.03893546793028,-7.650548084256684,13.430896554387303,11.03893546793028,152.34945191574332,152.74885791812818,152.74885791812818,57.0,1.0,0.1,-2.7234611743647115,1.275573603051356,3.0073790557682334,-2.7234611743647115,1.275573603051356,3.0073790557682334,3.0073790557682334,0.0,1.0,0.1,-2.7234611743647115,-1.3094845776575426,3.0219183687510434,-2.7234611743647115,-1.3094845776575426,3.0219183687510434,3.0219183687510434,0.0,1.0,0.1,0.0,0.0,0.0,0.0,0.0,0.0,0.0,0.0,1.0,9.4,-8.83535910294648,-1.2449672824503182,8.922640529147802,31.16464089705352,198.75503271754968,201.18349304253704,152.74885791812818,93.0,1.0,0.4,17.40224425475853,5.096096224148823,18.133072046072613,17.40224425475853,45.09609622414882,48.337314776060595,3.0219183687510434,3.0
25_LTAN18_693km_SENTINEL1_MY_ALL_HEAT_MY_0p5,9465.6,10.962130441258369,152.36510978722816,152.75894404022716,78.65636542959895,-61.816217615161165,100.04033477972558,89.61849587085732,90.548892172067,127.39928051501502,1.0,5.800000000000001,10.962130441258369,-7.634890212771836,13.358886644187178,10.962130441258369,152.36510978722816,152.75894404022716,152.75894404022716,57.0,1.0,0.1,-2.8002662010366226,1.291231474536204,3.083629276923706,-2.8002662010366226,1.291231474536204,3.083629276923706,3.083629276923706,0.0,1.0,0.1,-2.8002662010366226,-1.236605366188087,3.061157236790239,-2.8002662010366226,-1.236605366188087,3.061157236790239,3.061157236790239,0.0,1.0,0.1,0.0,0.0,0.0,0.0,0.0,0.0,0.0,0.0,1.0,1.8,9.618495870857316,10.548892172067,14.275664218368112,89.61849587085732,90.548892172067,127.39928051501502,152.75894404022716,17.0,1.0,1.9000000000000001,-4.143900771437671,16.94717701865075,17.44645300641382,75.85609922856233,-63.05282298134925,98.63978039356564,3.061157236790239,18.0
25_LTAN18_693km_SENTINEL1_MY_ALL_HEAT_MY_0p5,9524.76,10.89261444349633,152.37215111333822,152.76099464300646,64.73288914982473,-100.39414040322819,119.45430241304241,75.62550359332106,51.97801071011003,91.76562750356872,1.0,5.800000000000001,10.89261444349633,-7.627848886661781,13.297861784979276,10.89261444349633,152.37215111333822,152.76099464300646,152.76099464300646,57.0,1.0,0.1,-2.869782198798662,1.2982728006462594,3.149787633069818,-2.869782198798662,1.2982728006462594,3.149787633069818,3.149787633069818,0.0,1.0,0.1,-2.869782198798662,-1.2009533700861255,3.110938582753267,-2.869782198798662,-1.2009533700861255,3.110938582753267,3.110938582753267,0.0,1.0,0.1,0.0,0.0,0.0,0.0,0.0,0.0,0.0,0.0,1.0,2.4000000000000004,-4.374496406678944,11.978010710110027,12.75182180645407,75.62550359332106,51.97801071011003,91.76562750356872,152.76099464300646,23.0,0.0,nan,nan,nan,nan,61.86310695102607,-101.59509377331432,118.94791751200447,3.110938582753267,nan
25_LTAN18_693km_SENTINEL1_MY_ALL_HEAT_MY_0p5,9583.92,10.829437124599828,152.3710342742667,152.75538875681414,112.23087547104808,7.358076228672758,112.47182178121265,123.0603125956479,159.72911050293945,201.63637885609538,1.0,5.800000000000001,10.829437124599828,-7.628965725733309,13.246804387476796,10.829437124599828,152.3710342742667,152.75538875681414,152.75538875681414,57.0,1.0,0.1,-2.9329595176951635,1.297155961574731,3.2070025134208286,-2.9329595176951635,1.297155961574731,3.2070025134208286,3.2070025134208286,0.0,1.0,0.1,-2.9329595176951635,-1.144848869173444,3.1484806598876163,-2.9329595176951635,-1.144848869173444,3.1484806598876163,3.1484806598876163,0.0,1.0,0.1,0.0,0.0,0.0,0.0,0.0,0.0,0.0,0.0,1.0,6.4,3.0603125956479005,-0.2708894970605513,3.0722783569687997,123.0603125956479,159.72911050293945,201.63637885609538,152.75538875681414,63.0,1.0,4.4,-10.702084046647087,6.213227359499314,12.374926147752515,109.29791595335291,6.213227359499314,109.47437428899526,3.1484806598876163,43.0
25_LTAN18_693km_SENTINEL1_MY_ALL_HEAT_MY_0p5,9643.08,10.7710574840768,152.36133361687325,152.74158458271094,34.96268569889244,-37.586487633935626,51.333550860383056,45.73374318296924,114.77484598293762,123.55096331446727,1.0,5.800000000000001,10.7710574840768,-7.638666383126747,13.204730343251903,10.7710574840768,152.36133361687325,152.74158458271094,152.74158458271094,57.0,1.0,0.1,-2.9913391582181905,1.287455304181293,3.2566318673982875,-2.9913391582181905,1.287455304181293,3.2566318673982875,3.2566318673982875,0.0,1.0,0.1,-2.9913391582181905,-1.125938856574578,3.1962240641472524,-2.9913391582181905,-1.125938856574578,3.1962240641472524,3.1962240641472524,0.0,1.0,0.1,0.0,0.0,0.0,0.0,0.0,0.0,0.0,0.0,1.0,3.4000000000000004,5.733743182969242,-5.22515401706238,7.757450959578757,45.73374318296924,114.77484598293762,123.55096331446727,152.74158458271094,33.0,1.0,0.7000000000000001,-8.02865345932575,1.287573509489789,8.13124356493416,31.97134654067425,-38.71242649051021,50.20775801016253,3.1962240641472524,6.0
25_LTAN18_693km_SENTINEL1_MY_ALL_HEAT_MY_0p5,9702.24,10.71782882340104,152.34237611777334,152.71892946159898,1.120074605891567,-67.40148094803519,67.41078697887389,11.837903429292608,84.94089516973816,85.76183084471614,1.0,5.800000000000001,10.71782882340104,-7.657623882226659,13.172359629518706,10.71782882340104,152.34237611777334,152.71892946159898,152.71892946159898,57.0,1.0,0.1,-3.0445678188939507,1.268497805081381,3.2982540662206343,-3.0445678188939507,1.268497805081381,3.2982540662206343,3.2982540662206343,0.0,1.0,0.1,-3.0445678188939507,-1.116285685682584,3.24275915477923,-3.0445678188939507,-1.116285685682584,3.24275915477923,3.24275915477923,0.0,1.0,0.1,0.0,0.0,0.0,0.0,0.0,0.0,0.0,0.0,1.0,1.4000000000000001,11.837903429292608,4.940895169738155,12.827642132504302,11.837903429292608,84.94089516973816,85.76183084471614,152.71892946159898,13.0,1.0,1.5,-1.9244932130023837,11.48223336628223,11.642394822572253,-1.9244932130023837,-68.51776663371777,68.54478841312081,3.24275915477923,14.0
25_LTAN18_693km_SENTINEL1_MY_ALL_HEAT_MY_0p5,9761.4,10.67172512012436,152.31549510167414,152.68888553233865,35.68926116323489,-35.64408430569927,50.44030242147031,46.36098628335925,116.67141079597488,125.54504827466891,1.0,5.800000000000001,10.67172512012436,-7.684504898325855,13.150563964024029,10.67172512012436,152.31549510167414,152.68888553233865,152.68888553233865,57.0,1.0,0.1,-3.0906715221706307,1.241616788982185,3.330745068094968,-3.0906715221706307,1.241616788982185,3.330745068094968,3.330745068094968,0.0,1.0,0.1,-3.0906715221706307,-1.085945361797144,3.2759010648621936,-3.0906715221706307,-1.085945361797144,3.2759010648621936,3.2759010648621936,0.0,1.0,0.1,0.0,0.0,0.0,0.0,0.0,0.0,0.0,0.0,1.0,3.4000000000000004,6.360986283359253,-3.3285892040251213,7.179251533846488,46.36098628335925,116.67141079597488,125.54504827466891,152.68888553233865,33.0,1.0,0.7000000000000001,-7.401410358935735,3.26997033250359,8.09157470933902,32.598589641064265,-36.73002966749641,49.10970500788687,3.2759010648621936,6.0
25_LTAN18_693km_SENTINEL1_MY_ALL_HEAT_MY_0p5,9820.56,10.63387956388578,152.28374465447226,152.65457176438488,53.11941805118041,-83.84523448184382,99.2557097572298,63.75329761506619,68.43851017262844,93.53241487016237,1.0,5.800000000000001,10.63387956388578,-7.716255345527742,13.138492726968838,10.63387956388578,152.28374465447226,152.65457176438488,152.65457176438488,57.0,1.0,0.1,-3.128517078409212,1.2098663417802982,3.354310014722991,-3.128517078409212,1.2098663417802982,3.354310014722991,3.354310014722991,0.0,1.0,0.1,-3.128517078409212,-1.0890851390071532,3.3126613998270846,-3.128517078409212,-1.0890851390071532,3.3126613998270846,3.3126613998270846,0.0,1.0,0.1,0.0,0.0,0.0,0.0,0.0,0.0,0.0,0.0,1.0,1.8,-16.246702384933812,-11.56148982737156,19.94049611752501,63.75329761506619,68.43851017262844,93.53241487016237,152.65457176438488,17.0,1.0,1.7000000000000002,9.9909009727712,-4.934319620850971,11.142962459258102,49.9909009727712,-84.93431962085097,98.55419234881023,3.3126613998270846,16.0
25_LTAN18_693km_SENTINEL1_MY_ALL_HEAT_MY_0p5,9879.72,10.603801502510684,152.24905472254198,152.6178733642041,180.93148624948788,-127.9551077574191,221.60485625920148,191.53528775199857,24.293946965122885,193.06983791722902,1.0,5.800000000000001,10.603801502510684,-7.750945277458015,13.134601592693878,10.603801502510684,152.24905472254198,152.6178733642041,152.6178733642041,57.0,1.0,0.1,-3.158595139784307,1.1751764098500246,3.3701280170546988,-3.158595139784307,1.1751764098500246,3.3701280170546988,3.3701280170546988,0.0,1.0,0.1,-3.158595139784307,-1.0951644009446966,3.3430686983915843,-3.158595139784307,-1.0951644009446966,3.3430686983915843,3.3430686983915843,0.0,1.0,0.1,0.0,0.0,0.0,0.0,0.0,0.0,0.0,0.0,1.0,11.4,-8.464712248001433,-15.706053034877115,17.84184562694785,191.53528775199857,24.293946965122885,193.06983791722902,152.6178733642041,113.0,1.0,6.800000000000001,17.77289110970358,-9.050272158363782,19.944500107494175,177.77289110970358,-129.05027215836378,219.67515462074968,3.3430686983915843,67.0
25_LTAN18_693km_SENTINEL1_MY_ALL_HEAT_MY_0p5,9938.88,10.584582870269498,152.20539534822944,152.57298505190371,83.16720996196352,-107.07978849830519,135.5834278874048,93.75179283223302,45.12560684992425,104.04671572342815,1.0,5.800000000000001,10.584582870269498,-7.794604651770555,13.144932720063869,10.584582870269498,152.20539534822944,152.57298505190371,152.57298505190371,57.0,1.0,0.1,-3.177813772025493,1.1315170355374846,3.3732523136264843,-3.177813772025493,1.1315170355374846,3.3732523136264843,3.3732523136264843,0.0,1.0,0.1,-3.177813772025493,-1.1102131052653306,3.366165995428297,-3.177813772025493,-1.1102131052653306,3.366165995428297,3.366165995428297,0.0,1.0,0.1,0.0,0.0,0.0,0.0,0.0,0.0,0.0,0.0,1.0,2.4000000000000004,13.751792832233022,5.125606849924253,14.675954881391736,93.75179283223302,45.12560684992425,104.04671572342815,152.57298505190371,23.0,1.0,3.7,-0.010603810061965646,11.809998396429478,11.810003156835085,79.98939618993803,-108.19000160357052,134.54880136891398,3.366165995428297,36.0
25_LTAN18_693km_SENTINEL1_MY_ALL_HEAT_MY_0p5,9998.04,10.576467423866964,152.1514514013707,152.5186081326203,112.65989848598068,12.565653169536642,113.35849490200792,123.23636590984763,164.71710457090734,205.71564457009362,1.0,5.800000000000001,10.576467423866964,-7.848548598629293,13.170473730020683,10.576467423866964,152.1514514013707,152.5186081326203,152.5186081326203,57.0,1.0,0.1,-3.1859292184280275,1.0775730886787471,3.3632289167224516,-3.1859292184280275,1.0775730886787471,3.3632289167224516,3.3632289167224516,0.0,1.0,0.1,-3.1859292184280275,-1.1355463821317642,3.382249335990172,-3.1859292184280275,-1.1355463821317642,3.382249335990172,3.382249335990172,0.0,1.0,0.1,0.0,0.0,0.0,0.0,0.0,0.0,0.0,0.0,1.0,6.4,3.2363659098476347,4.717104570907338,5.720589116104985,123.23636590984763,164.71710457090734,205.71564457009362,152.5186081326203,63.0,1.0,4.4,-10.526030732447353,11.430106787404867,15.538489764192175,109.47396926755265,11.430106787404867,110.06905690685525,3.382249335990172,43.0
25_LTAN18_693km_SENTINEL1_MY_ALL_HEAT_MY_0p5,10057.2,10.578905786188674,152.09155026076004,152.45902042304468,59.800409839529614,-100.19372683575658,116.68278328105616,70.37931562571829,51.897823425003466,87.44502355307199,1.0,5.800000000000001,10.578905786188674,-7.9084497392399555,13.2082105113123,10.578905786188674,152.09155026076004,152.45902042304468,152.45902042304468,57.0,1.0,0.1,-3.1834908561063173,1.0176719480680845,3.3421954198995043,-3.1834908561063173,1.0176719480680845,3.3421954198995043,3.3421954198995043,0.0,1.0,0.1,-3.1834908561063173,-1.138226182758217,3.380853867594528,-3.1834908561063173,-1.138226182758217,3.380853867594528,3.380853867594528,0.0,1.0,0.1,0.0,0.0,0.0,0.0,0.0,0.0,0.0,0.0,1.0,2.4000000000000004,-9.620684374281709,11.897823425003466,15.300842136369797,70.37931562571829,51.897823425003466,87.44502355307199,152.45902042304468,23.0,1.0,3.5,16.616918983423304,18.668046981485205,24.99235832418767,56.616918983423304,-101.3319530185148,116.0760105177724,3.380853867594528,34.0
25_LTAN18_693km_SENTINEL1_MY_ALL_HEAT_MY_0p5,10116.36,10.591458114035364,152.0429086682273,152.41136788729466,157.051135863609,-93.66038399623012,182.8587619075746,167.64259397764437,58.38252467199719,177.51776954048765,1.0,5.800000000000001,10.591458114035364,-7.957091331772688,13.247425691187612,10.591458114035364,152.0429086682273,152.41136788729466,152.41136788729466,57.0,1.0,0.1,-3.1709385282596276,0.9690303555353523,3.3157006770741995,-3.1709385282596276,0.9690303555353523,3.3157006770741995,3.3157006770741995,0.0,1.0,0.1,-3.1709385282596276,-1.1296850983736704,3.3661609544834397,-3.1709385282596276,-1.1296850983736704,3.3661609544834397,3.3661609544834397,0.0,1.0,0.1,0.0,0.0,0.0,0.0,0.0,0.0,0.0,0.0,1.0,7.6000000000000005,7.642593977644367,18.38252467199719,19.907949568544502,167.64259397764437,58.38252467199719,177.51776954048765,152.41136788729466,75.0,1.0,7.0,-6.119802664650621,-14.790069094603794,16.00619031741842,153.88019733534938,-94.7900690946038,180.73259897131405,3.3661609544834397,69.0
25_LTAN18_693km_SENTINEL1_MY_ALL_HEAT_MY_0p5,10175.52,10.614069419100408,152.0059850066181,152.37610687855786,86.24485544230143,-0.6639572271410898,86.2474111464393,96.85892486140183,151.342027779477,179.68322319490673,1.0,5.800000000000001,10.614069419100408,-7.99401499338191,13.287691498070583,10.614069419100408,152.0059850066181,152.37610687855786,152.37610687855786,57.0,1.0,0.1,-3.148327223194583,0.93210669392613,3.28341090836496,-3.148327223194583,0.93210669392613,3.28341090836496,3.28341090836496,0.0,1.0,0.1,-3.148327223194583,-1.1665700969155637,3.357506529453919,-3.148327223194583,-1.1665700969155637,3.357506529453919,3.357506529453919,0.0,1.0,0.1,0.0,0.0,0.0,0.0,0.0,0.0,0.0,0.0,1.0,6.2,16.85892486140183,-8.657972220522993,18.952145800772552,96.85892486140183,151.342027779477,179.68322319490673,152.37610687855786,61.0,1.0,2.2,3.096528219106844,-1.8305273240566464,3.59712625519914,83.09652821910684,-1.8305273240566464,83.1166880497108,3.357506529453919,21.0
25_LTAN18_693km_SENTINEL1_MY_ALL_HEAT_MY_0p5,10234.68,10.648495960698725,151.97619723971826,152.34879387008866,73.51635062273488,-24.048633788597876,77.34979376819942,84.1648465834336,127.92756345112039,153.13126033228275,1.0,5.800000000000001,10.648495960698725,-8.02380276028174,13.333112050865017,10.648495960698725,151.97619723971826,152.34879387008866,152.34879387008866,57.0,1.0,0.1,-3.1139006815962667,0.9023189270263003,3.2419989051379376,-3.1139006815962667,0.9023189270263003,3.2419989051379376,3.2419989051379376,0.0,1.0,0.1,-3.1139006815962667,-1.1963578638157912,3.335813183192305,-3.1139006815962667,-1.1963578638157912,3.335813183192305,3.335813183192305,0.0,1.0,0.1,0.0,0.0,0.0,0.0,0.0,0.0,0.0,0.0,1.0,3.6,4.164846583433601,7.927563451120392,8.95501029229327,84.1648465834336,127.92756345112039,153.13126033228275,152.34879387008866,35.0,1.0,2.0,-9.597550058861387,14.75500834758634,17.601796455751124,70.40244994113861,-25.24499165241366,74.7918081158957,3.335813183192305,19.0
25_LTAN18_693km_SENTINEL1_MY_ALL_HEAT_MY_0p5,10293.84,10.700619074522931,151.94500884343108,152.32133455628727,144.77562674747765,41.94785402233585,150.7302377003505,155.47624582200058,193.89286286576692,248.53029047821565,1.0,5.800000000000001,10.700619074522931,-8.054991156568917,13.393510783601418,10.700619074522931,151.94500884343108,152.32133455628727,152.32133455628727,57.0,1.0,0.1,-3.06177756777206,0.8711305307391228,3.1832923642194753,-3.06177756777206,0.8711305307391228,3.1832923642194753,3.1832923642194753,0.0,1.0,0.1,-3.06177756777206,-1.1989162585767872,3.2881426473910698,-3.06177756777206,-1.1989162585767872,3.2881426473910698,3.2881426473910698,0.0,1.0,0.1,0.0,0.0,0.0,0.0,0.0,0.0,0.0,0.0,1.0,10.0,-4.523754177999422,-6.107137134233085,7.600097094070307,155.47624582200058,193.89286286576692,248.53029047821565,152.32133455628727,99.0,1.0,4.6000000000000005,21.71384917970559,0.7489377637590451,21.72676123983935,141.7138491797056,40.748937763759045,147.456064569088,3.2881426473910698,45.0
25_LTAN18_693km_SENTINEL1_MY_ALL_HEAT_MY_0p5,10353.0,10.768942157117168,151.91268721141566,152.29390877831176,101.05312392702767,-6.154410849908189,101.24036066866158,111.82206608414484,145.75827636150746,183.71077701431793,1.0,5.800000000000001,10.768942157117168,-8.087312788584342,13.467544071720546,10.768942157117168,151.91268721141566,152.29390877831176,152.29390877831176,57.0,1.0,0.1,-2.993454485177823,0.8388088987236983,3.108757006169715,-2.993454485177823,0.8388088987236983,3.108757006169715,3.108757006169715,0.0,1.0,0.1,-2.993454485177823,-1.2026465521341834,3.2260081345513476,-2.993454485177823,-1.2026465521341834,3.2260081345513476,3.2260081345513476,0.0,1.0,0.1,0.0,0.0,0.0,0.0,0.0,0.0,0.0,0.0,1.0,6.4,-8.177933915855164,-14.241723638492545,16.422706699179994,111.82206608414484,145.75827636150746,183.71077701431793,152.29390877831176,63.0,1.0,2.2,18.05966944184985,-7.357057402042386,19.500716755181895,98.05966944184985,-7.357057402042386,98.3352686713257,3.2260081345513476,21.0
25_LTAN18_693km_SENTINEL1_MY_ALL_HEAT_MY_0p5,10412.16,10.852946309114884,151.87854294900558,152.26581445584384,75.31742433109802,16.836806725794304,77.1763724762471,86.17037064021291,168.71534967479988,189.44709549676836,1.0,5.800000000000001,10.852946309114884,-8.121457050994422,13.555239142843531,10.852946309114884,151.87854294900558,152.26581445584384,152.26581445584384,57.0,1.0,0.1,-2.909450333180107,0.8046646363136176,3.0186729564786514,-2.909450333180107,0.8046646363136176,3.0186729564786514,3.0186729564786514,0.0,1.0,0.1,-2.909450333180107,-1.1796081376273833,3.139486677722742,-2.909450333180107,-1.1796081376273833,3.139486677722742,3.139486677722742,0.0,1.0,0.1,0.0,0.0,0.0,0.0,0.0,0.0,0.0,0.0,1.0,6.2,6.170370640212909,8.715349674799882,10.678520206078923,86.17037064021291,168.71534967479988,189.44709549676836,152.26581445584384,61.0,1.0,2.2,-7.592026002082079,15.65719858816692,17.400767984361686,72.40797399791792,15.65719858816692,74.08145899017144,3.139486677722742,21.0
25_LTAN18_693km_SENTINEL1_MY_ALL_HEAT_MY_0p5,10471.32,10.953448288706664,151.84132640804307,152.23589075762408,160.35069722125098,-6.515395193075758,160.4830099227431,171.30414550995764,145.3259312149673,224.64357669961132,1.0,5.800000000000001,10.953448288706664,-8.158673591956926,13.658037347784134,10.953448288706664,151.84132640804307,152.23589075762408,152.23589075762408,57.0,1.0,0.1,-2.8089483535883275,0.7674480953511136,2.9119009997224543,-2.8089483535883275,0.7674480953511136,2.9119009997224543,2.9119009997224543,0.0,1.0,0.1,-2.8089483535883275,-1.1595356782369208,3.0388671972020975,-2.8089483535883275,-1.1595356782369208,3.0388671972020975,3.0388671972020975,0.0,1.0,0.1,0.0,0.0,0.0,0.0,0.0,0.0,0.0,0.0,1.0,6.6000000000000005,11.304145509957635,-14.674068785032688,18.52328265773014,171.30414550995764,145.3259312149673,224.64357669961132,152.23589075762408,65.0,1.0,7.4,-2.4582511323373524,-7.674930871312682,8.059005057019528,157.54174886766265,-7.674930871312682,157.7285871367683,3.0388671972020975,73.0
25_LTAN18_693km_SENTINEL1_MY_ALL_HEAT_MY_0p5,10530.48,11.070614734752636,151.80123586012203,152.20438140627135,74.71484980412662,-70.62458390431755,102.81118923984485,85.78546453887925,81.17665195580449,118.10501576522957,1.0,5.800000000000001,11.070614734752636,-8.198764139877966,13.776002469028201,11.070614734752636,151.80123586012203,152.20438140627135,152.20438140627135,57.0,1.0,0.1,-2.691781907542355,0.7273575474300742,2.7883218680015855,-2.691781907542355,0.7273575474300742,2.7883218680015855,2.7883218680015855,0.0,1.0,0.1,-2.691781907542355,-1.113852210783051,2.9131351814220103,-2.691781907542355,-1.113852210783051,2.9131351814220103,2.9131351814220103,0.0,1.0,0.1,0.0,0.0,0.0,0.0,0.0,0.0,0.0,0.0,1.0,1.8,5.785464538879253,1.1766519558044877,5.903906313258016,85.78546453887925,81.17665195580449,118.10501576522957,152.20438140627135,17.0,1.0,1.9000000000000001,-7.976932103415734,8.261563884899402,11.484114402372464,72.02306789658427,-71.7384361151006,101.6549336012589,2.9131351814220103,18.0
25_LTAN18_693km_SENTINEL1_MY_ALL_HEAT_MY_0p5,10589.64,11.207967338671407,151.75507898568424,152.16840187705193,114.7350133884644,9.961831382935001,115.1666678416682,125.9429807271358,161.71691036861924,204.9731531045169,1.0,5.800000000000001,11.207967338671407,-8.244921014315764,13.913923041221363,11.207967338671407,151.75507898568424,152.16840187705193,152.16840187705193,57.0,1.0,0.1,-2.554429303623584,0.6812006729922757,2.643698814936376,-2.554429303623584,0.6812006729922757,2.643698814936376,2.643698814936376,0.0,1.0,0.1,-2.554429303623584,-1.131330754860187,2.793746292007094,-2.554429303623584,-1.131330754860187,2.793746292007094,2.793746292007094,0.0,1.0,0.1,0.0,0.0,0.0,0.0,0.0,0.0,0.0,0.0,1.0,6.4,5.942980727135804,1.7169103686192386,6.186016580722998,125.9429807271358,161.71691036861924,204.9731531045169,152.16840187705193,63.0,1.0,4.4,-7.819415915159183,8.830500628074816,11.794956828944922,112.18058408484082,8.830500628074816,112.52760188930745,2.793746292007094,43.0
25_LTAN18_693km_SENTINEL1_MY_ALL_HEAT_MY_0p5,10648.8,11.365656121514643,151.70311772279604,152.1282816109123,118.16265469590127,-87.52428697080259,147.04731814803765,129.5283108174159,64.17883075199344,144.55623687653923,1.0,5.800000000000001,11.365656121514643,-8.296882277203963,14.071829823953406,11.365656121514643,151.70311772279604,152.1282816109123,152.1282816109123,57.0,1.0,0.1,-2.396740520780348,0.629239410104077,2.4779643579314414,-2.396740520780348,0.629239410104077,2.4779643579314414,2.4779643579314414,0.0,1.0,0.1,-2.396740520780348,-1.1261093408315332,2.6481101509299956,-2.396740520780348,-1.1261093408315332,2.6481101509299956,2.6481101509299956,0.0,1.0,0.1,0.0,0.0,0.0,0.0,0.0,0.0,0.0,0.0,1.0,4.800000000000001,9.5283108174159,-15.821169248006555,18.468841420277375,129.5283108174159,64.17883075199344,144.55623687653923,152.1282816109123,47.0,1.0,4.0,-4.234085824879088,-8.650396311634125,9.631035205042878,115.76591417512091,-88.65039631163413,145.81028650616958,2.6481101509299956,39.0
25_LTAN18_693km_SENTINEL1_MY_ALL_HEAT_MY_0p5,10707.96,11.543084960250496,151.64708192700493,152.08576615638725,12.658899531466421,-44.75218015780814,46.50812150823421,24.201984491716917,106.89490176919679,109.60043830926745,1.0,5.800000000000001,11.543084960250496,-8.352918072995067,14.248299924332334,11.543084960250496,151.64708192700493,152.08576615638725,152.08576615638725,57.0,1.0,0.1,-2.219311682044495,0.5732036143129733,2.292140206340053,-2.219311682044495,0.5732036143129733,2.292140206340053,2.292140206340053,0.0,1.0,0.1,-2.219311682044495,-1.1535537981646087,2.5012058506486747,-2.219311682044495,-1.1535537981646087,2.5012058506486747,2.5012058506486747,0.0,1.0,0.1,0.0,0.0,0.0,0.0,0.0,0.0,0.0,0.0,1.0,3.4000000000000004,-15.798015508283083,-13.105098230803208,20.52610273868262,24.201984491716917,106.89490176919679,109.60043830926745,152.08576615638725,33.0,1.0,0.5,10.439587849421926,-5.9057339559727495,11.994277303136169,10.439587849421926,-45.90573395597275,47.077822852191744,2.5012058506486747,4.0
25_LTAN18_693km_SENTINEL1_MY_ALL_HEAT_MY_0p5,10767.12,11.741260126993485,151.5911425300819,152.04516330007124,-34.19038347495349,-117.39753990759901,122.27495532005184,-22.449123347960008,34.193602622482885,40.90434694988042,1.0,5.800000000000001,11.741260126993485,-8.408857469918104,14.441816828887028,11.741260126993485,151.5911425300819,152.04516330007124,152.04516330007124,57.0,1.0,0.1,-2.0211365153015066,0.5172642173899362,2.086277806064461,-2.0211365153015066,0.5172642173899362,2.086277806064461,2.086277806064461,0.0,1.0,0.1,-2.0211365153015066,-1.1808438620275865,2.340808629506766,-2.0211365153015066,-1.1808438620275865,2.340808629506766,2.340808629506766,0.0,1.0,0.1,0.0,0.0,0.0,0.0,0.0,0.0,0.0,0.0,1.0,0.2,17.550876652039992,-5.806397377517115,18.486414518796234,-22.449123347960008,34.193602622482885,40.90434694988042,152.04516330007124,1.0,1.0,3.1,3.788480009745001,1.4216162303734023,4.046427250142842,-36.211519990255,-118.5783837696266,123.98430254440068,2.340808629506766,30.0
25_LTAN18_693km_SENTINEL1_MY_ALL_HEAT_MY_0p5,10826.28,11.959850551243028,151.53514673784068,152.00637724144002,108.07882686334044,-137.24515185324842,174.69191315964554,120.03867741458346,14.28999488459226,120.88626071330067,1.0,5.800000000000001,11.959850551243028,-8.464853262159323,14.652363835161802,11.959850551243028,151.53514673784068,152.00637724144002,152.00637724144002,57.0,1.0,0.1,-1.8025460910519637,0.4612684251487167,1.8606291867016092,-1.8025460910519637,0.4612684251487167,1.8606291867016092,1.8606291867016092,0.0,1.0,0.1,-1.8025460910519637,-1.179656977352323,2.1542430212449877,-1.8025460910519637,-1.179656977352323,2.1542430212449877,2.1542430212449877,0.0,1.0,0.1,0.0,0.0,0.0,0.0,0.0,0.0,0.0,0.0,1.0,4.4,0.038677414583460745,14.28999488459226,14.290047226796412,120.03867741458346,14.28999488459226,120.88626071330067,152.00637724144002,43.0,1.0,3.9000000000000004,-13.723719227711527,-18.42480883060074,22.97420400982898,106.27628077228847,-138.42480883060074,174.51669133518047,2.1542430212449877,38.0
25_LTAN18_693km_SENTINEL1_MY_ALL_HEAT_MY_0p5,10885.44,12.19707887291332,151.4774138024331,151.96767954175525,43.853612107801446,-127.00741115421138,134.36525511826488,56.05069098071476,24.47000264822171,61.15930827780475,1.0,5.800000000000001,12.19707887291332,-8.522586197566909,14.879623937688292,12.19707887291332,151.4774138024331,151.96767954175525,151.96767954175525,57.0,1.0,0.1,-1.5653177693816716,0.40353548974113096,1.6164963998174033,-1.5653177693816716,0.40353548974113096,1.6164963998174033,1.6164963998174033,0.0,1.0,0.1,-1.5653177693816716,-1.2087212481660004,1.9776821723699654,-1.5653177693816716,-1.2087212481660004,1.9776821723699654,1.9776821723699654,0.0,1.0,0.1,0.0,0.0,0.0,0.0,0.0,0.0,0.0,0.0,1.0,0.6000000000000001,16.050690980714762,-15.529997351778292,22.333953942475993,56.05069098071476,24.47000264822171,61.15930827780475,151.96767954175525,5.0,1.0,3.5,2.2882943384197745,-8.216132402377383,8.528840638248527,42.288294338419774,-128.21613240237738,135.0099124000782,1.9776821723699654,34.0
25_LTAN18_693km_SENTINEL1_MY_ALL_HEAT_MY_0p5,10944.6,12.448459893338995,151.41499696326267,151.92585513697432,75.08118493686817,-0.5593196074616529,75.08326824231541,87.52964483020716,150.85567735580102,174.4100745787919,1.0,5.800000000000001,12.448459893338995,-8.585003036737334,15.12172049923086,12.448459893338995,151.41499696326267,151.92585513697432,151.92585513697432,57.0,1.0,0.1,-1.3139367489559959,0.34111865057070645,1.3574946460388828,-1.3139367489559959,0.34111865057070645,1.3574946460388828,1.3574946460388828,0.0,1.0,0.1,-1.3139367489559959,-1.213955410419942,1.7888872291860385,-1.3139367489559959,-1.213955410419942,1.7888872291860385,1.7888872291860385,0.0,1.0,0.1,0.0,0.0,0.0,0.0,0.0,0.0,0.0,0.0,1.0,6.2,7.529644830207161,-9.14432264419898,11.84542898717795,87.52964483020716,150.85567735580102,174.4100745787919,151.92585513697432,61.0,1.0,2.2,-6.232751812087827,-1.7732750178815877,6.480100264666206,73.76724818791217,-1.7732750178815877,73.78855879813668,1.7888872291860385,21.0
25_LTAN18_693km_SENTINEL1_MY_ALL_HEAT_MY_0p5,11003.76,12.713128012988504,151.34797261667694,151.8809811630575,100.08987108647702,-58.17493347577107,115.76832545656855,112.80299909946552,93.17303914090587,146.30697805841933,1.0,5.800000000000001,12.713128012988504,-8.652027383323059,15.37794530216586,12.713128012988504,151.34797261667694,151.8809811630575,151.8809811630575,57.0,1.0,0.1,-1.0492686293064875,0.274094303984981,1.0844779130640358,-1.0492686293064875,0.274094303984981,1.0844779130640358,1.0844779130640358,0.0,1.0,0.1,-1.0492686293064875,-1.1952057416307582,1.5904343498786253,-1.0492686293064875,-1.1952057416307582,1.5904343498786253,1.5904343498786253,0.0,1.0,0.1,0.0,0.0,0.0,0.0,0.0,0.0,0.0,0.0,1.0,4.800000000000001,-7.197000900534476,13.173039140905871,15.010855477624588,112.80299909946552,93.17303914090587,146.30697805841933,151.8809811630575,47.0,0.0,nan,nan,nan,nan,99.04060245717054,-59.37013921740183,115.47230995252917,1.5904343498786253,nan
25_LTAN18_693km_SENTINEL1_MY_ALL_HEAT_MY_0p5,11062.92,12.992208067951632,151.27580598744038,151.8326939352347,252.43068503259093,-55.415242841284574,258.44167598354113,265.4228931005426,95.86056314615581,282.2030470221046,1.0,5.800000000000001,12.992208067951632,-8.724194012559622,15.649569695353565,12.992208067951632,151.27580598744038,151.8326939352347,151.8326939352347,57.0,1.0,0.1,-0.7701885743433596,0.20192767474841844,0.7962193327710398,-0.7701885743433596,0.20192767474841844,0.7962193327710398,0.7962193327710398,0.0,1.0,0.1,-0.7701885743433596,-1.1528426989962668,1.3864475210688842,-0.7701885743433596,-1.1528426989962668,1.3864475210688842,1.3864475210688842,0.0,1.0,0.1,0.0,0.0,0.0,0.0,0.0,0.0,0.0,0.0,1.0,21.6,-14.57710689945742,15.860563146155812,21.5418083937121,265.4228931005426,95.86056314615581,282.2030470221046,151.8326939352347,215.0,1.0,15.600000000000001,11.660496458247593,-16.568085540280833,20.260025570637058,251.6604964582476,-56.56808554028083,257.9398258883342,1.3864475210688842,155.0
25_LTAN18_693km_SENTINEL1_MY_ALL_HEAT_MY_0p5,11122.08,13.287713032374006,151.19627427731223,151.7790389776235,92.7248291825497,-52.61427933820328,106.61217724637044,106.0125422149237,98.58199493910894,144.76556508039292,1.0,5.800000000000001,13.287713032374006,-8.803725722687773,15.939539021911404,13.287713032374006,151.19627427731223,151.7790389776235,151.7790389776235,57.0,1.0,0.1,-0.47468360992098546,0.12239596462026725,0.49020944675000294,-0.47468360992098546,0.12239596462026725,0.49020944675000294,0.49020944675000294,0.0,1.0,0.1,-0.47468360992098546,-1.1466003937495373,1.2409742110431676,-0.47468360992098546,-1.1466003937495373,1.2409742110431676,1.2409742110431676,0.0,1.0,0.1,0.0,0.0,0.0,0.0,0.0,0.0,0.0,0.0,1.0,4.800000000000001,-13.987457785076302,18.581994939108938,23.258106354696245,106.0125422149237,98.58199493910894,144.76556508039292,151.7790389776235,47.0,1.0,2.0,12.25014557262871,-13.760879731952826,18.423568534566392,92.25014557262871,-53.760879731952826,106.77228829487868,1.2409742110431676,19.0
25_LTAN18_693km_SENTINEL1_MY_ALL_HEAT_MY_0p5,11181.24,13.5978662193119,151.1093120025422,151.71989368438125,119.04935034737827,13.147313375555616,119.77311746434539,132.64721656669016,164.25662537809782,211.1291619921113,1.0,5.800000000000001,13.5978662193119,-8.890687997457803,16.246424184615023,13.5978662193119,151.1093120025422,151.71989368438125,151.71989368438125,57.0,1.0,0.1,-0.16453042298309128,0.03543368985023676,0.16830272268563484,-0.16453042298309128,0.03543368985023676,0.16830272268563484,0.16830272268563484,0.0,1.0,0.1,-0.16453042298309128,-1.1190136651142382,1.1310445803766513,-0.16453042298309128,-1.1190136651142382,1.1310445803766513,1.1310445803766513,0.0,1.0,0.1,0.0,0.0,0.0,0.0,0.0,0.0,0.0,0.0,1.0,6.4,12.647216566690162,4.256625378097823,13.344322631524934,132.64721656669016,164.25662537809782,211.1291619921113,151.71989368438125,63.0,1.0,4.4,-1.115180075604826,12.028299710441388,12.079884954966682,118.88481992439517,12.028299710441388,119.49175872159583,1.1310445803766513,43.0
25_LTAN18_693km_SENTINEL1_MY_ALL_HEAT_MY_0p5,11240.4,13.914753345932777,151.01535207650718,151.65505901047143,132.61178696071218,-25.537878920306678,135.0483961424998,146.52654030664496,125.4774731562005,192.91092059264003,1.0,5.800000000000001,13.914753345932777,-8.984647923492815,16.563340816009045,13.914753345932777,151.01535207650718,151.65505901047143,151.65505901047143,57.0,1.0,0.1,0.15235670363778553,-0.05852623618477537,0.1632111683229065,0.15235670363778553,-0.05852623618477537,0.1632111683229065,0.1632111683229065,0.0,1.0,0.1,0.15235670363778553,-1.0986082373163129,1.1091224568291043,0.15235670363778553,-1.0986082373163129,1.1091224568291043,1.1091224568291043,0.0,1.0,0.1,0.0,0.0,0.0,0.0,0.0,0.0,0.0,0.0,1.0,8.0,-13.47345969335504,5.477473156200503,14.544305699666792,146.52654030664496,125.4774731562005,192.91092059264003,151.65505901047143,79.0,1.0,4.2,12.764143664349973,13.363512842377006,18.47990365160329,132.76414366434997,-26.636487157622994,135.40982346575294,1.1091224568291043,41.0
25_LTAN18_693km_SENTINEL1_MY_ALL_HEAT_MY_0p5,11299.56,14.233282686275944,150.9145454765177,151.58425502805815,97.0160414745216,34.899112909884394,103.10218419259097,111.24932416079754,185.8136583864021,216.5712995047422,1.0,5.800000000000001,14.233282686275944,-9.085454523482298,16.88584673404646,14.233282686275944,150.9145454765177,151.58425502805815,151.58425502805815,57.0,1.0,0.1,0.47088604398095235,-0.15933283617425786,0.4971122801735683,0.47088604398095235,-0.15933283617425786,0.4971122801735683,0.4971122801735683,0.0,1.0,0.1,0.47088604398095235,-1.085049483472858,1.1828212240236253,0.47088604398095235,-1.085049483472858,1.1828212240236253,1.1828212240236253,0.0,1.0,0.1,0.0,0.0,0.0,0.0,0.0,0.0,0.0,0.0,1.0,9.8,-8.750675839202458,-14.186341613597904,16.668131749554334,111.24932416079754,185.8136583864021,216.5712995047422,151.58425502805815,97.0,1.0,2.4000000000000004,17.486927518502554,-6.185936573588464,18.548812504573473,97.48692751850255,33.814063426411536,103.18474655879692,1.1828212240236253,23.0
25_LTAN18_693km_SENTINEL1_MY_ALL_HEAT_MY_0p5,11358.72,14.554196913605946,150.8069886056554,151.50766469095316,93.6045727802175,-86.7107524634197,127.59533940602799,108.15876969382344,64.0962361422357,125.72448826415156,1.0,5.800000000000001,14.554196913605946,-9.193011394344609,17.214415653648157,14.554196913605946,150.8069886056554,151.50766469095316,151.50766469095316,57.0,1.0,0.1,0.7918002713109544,-0.2668897070365688,0.8355703353818675,0.7918002713109544,-0.2668897070365688,0.8355703353818675,0.8355703353818675,0.0,1.0,0.1,0.7918002713109544,-1.0494370151712076,1.3146352035677253,0.7918002713109544,-1.0494370151712076,1.3146352035677253,1.3146352035677253,0.0,1.0,0.1,0.0,0.0,0.0,0.0,0.0,0.0,0.0,0.0,1.0,4.800000000000001,-11.841230306176556,-15.903763857764304,19.827870284209656,108.15876969382344,64.0962361422357,125.72448826415156,151.50766469095316,47.0,1.0,1.9000000000000001,14.396373051528457,-7.7601894785909025,16.35469650535918,94.39637305152846,-87.7601894785909,128.88958880608436,1.3146352035677253,18.0
25_LTAN18_693km_SENTINEL1_MY_ALL_HEAT_MY_0p5,11417.88,14.877770971889827,150.68785568636514,151.4205333514805,102.2129272371085,-110.74667537683816,150.70603372593018,117.09069820899833,39.941180309526985,123.71551839437473,1.0,5.800000000000001,14.877770971889827,-9.31214431363486,17.551754921088936,14.877770971889827,150.68785568636514,151.4205333514805,151.4205333514805,57.0,1.0,0.1,1.115374329594836,-0.3860226263268203,1.1802852888837452,1.115374329594836,-0.3860226263268203,1.1802852888837452,1.1802852888837452,0.0,1.0,0.1,1.115374329594836,-1.0542045806276974,1.5347335902154318,1.115374329594836,-1.0542045806276974,1.5347335902154318,1.5347335902154318,0.0,1.0,0.1,0.0,0.0,0.0,0.0,0.0,0.0,0.0,0.0,1.0,4.6000000000000005,-2.909301791001667,-0.058819690473015385,2.9098963327089247,117.09069820899833,39.941180309526985,123.71551839437473,151.4205333514805,45.0,1.0,3.7,23.328301566703345,8.199120042534148,24.727216249690116,103.32830156670335,-111.80087995746585,152.23723153001464,1.5347335902154318,36.0
25_LTAN18_693km_SENTINEL1_MY_ALL_HEAT_MY_0p5,11477.04,15.203868738317894,150.55798708931678,151.32370964590737,142.07556853658724,-119.47501321216252,185.63336434229947,157.27943727490515,31.08297387715426,160.32146660556307,1.0,5.800000000000001,15.203868738317894,-9.442012910683218,17.897185041718398,15.203868738317894,150.55798708931678,151.32370964590737,151.32370964590737,57.0,1.0,0.1,1.4414720960229026,-0.5158912233751778,1.5310080202168106,1.4414720960229026,-0.5158912233751778,1.5310080202168106,1.5310080202168106,0.0,1.0,0.1,1.4414720960229026,-1.098144510030977,1.8121156609123588,1.4414720960229026,-1.098144510030977,1.8121156609123588,1.8121156609123588,0.0,1.0,0.1,0.0,0.0,0.0,0.0,0.0,0.0,0.0,0.0,1.0,7.6000000000000005,-2.720562725094851,-8.91702612284574,9.322811615424225,157.27943727490515,31.08297387715426,160.32146660556307,151.32370964590737,75.0,1.0,3.9000000000000004,23.51704063261016,-0.5731577221934998,23.5240241007007,143.51704063261016,-120.5731577221935,187.44339762990646,1.8121156609123588,38.0
25_LTAN18_693km_SENTINEL1_MY_ALL_HEAT_MY_0p5,11536.2,15.530881693538475,150.42200123007606,151.22164772359707,29.119650840161597,-94.97472448329316,99.3385743592607,44.65053253370007,55.447276746782904,71.19038245561924,1.0,5.800000000000001,15.530881693538475,-9.577998769923937,18.24681743799047,15.530881693538475,150.42200123007606,151.22164772359707,151.22164772359707,57.0,1.0,0.1,1.7684850512434842,-0.651877082615897,1.8848032012153104,1.7684850512434842,-0.651877082615897,1.8848032012153104,1.8848032012153104,0.0,1.0,0.1,1.7684850512434842,-1.1483563538963892,2.1086160608337114,1.7684850512434842,-1.1483563538963892,2.1086160608337114,2.1086160608337114,0.0,1.0,0.1,0.0,0.0,0.0,0.0,0.0,0.0,0.0,0.0,1.0,0.6000000000000001,4.650532533700073,15.447276746782904,16.132135994303503,44.65053253370007,55.447276746782904,71.19038245561924,151.22164772359707,5.0,1.0,1.7000000000000002,-9.111864108594919,-16.123080837189548,18.519713907510805,30.88813589140508,-96.12308083718955,100.96397183391105,2.1086160608337114,16.0
25_LTAN18_693km_SENTINEL1_MY_ALL_HEAT_MY_0p5,11595.36,15.850706835146074,150.29760233053594,151.13111583483285,122.26991890295383,-106.15299725711715,161.92094334953842,138.1206257380999,44.14460507341879,145.0036324075103,1.0,5.800000000000001,15.850706835146074,-9.702397669464062,18.584440473422067,15.850706835146074,150.29760233053594,151.13111583483285,151.13111583483285,57.0,1.0,0.1,2.0883101928510825,-0.7762759821560223,2.2279236661156108,2.0883101928510825,-0.7762759821560223,2.2279236661156108,2.2279236661156108,0.0,1.0,0.1,2.0883101928510825,-1.1869812380616054,2.402074919954827,2.0883101928510825,-1.1869812380616054,2.402074919954827,2.402074919954827,0.0,1.0,0.1,0.0,0.0,0.0,0.0,0.0,0.0,0.0,0.0,1.0,4.6000000000000005,18.120625738099903,4.144605073418788,18.588567140984736,138.1206257380999,44.14460507341879,145.0036324075103,151.13111583483285,45.0,1.0,3.9000000000000004,4.358229095804916,12.660021504821245,13.389186134864842,124.35822909580492,-107.33997849517876,164.27671815321287,2.402074919954827,38.0
25_LTAN18_693km_SENTINEL1_MY_ALL_HEAT_MY_0p5,11654.52,16.16212532355685,150.18503595449187,151.052174163851,159.71217253203025,-62.80065746162212,171.6155605780344,175.8742978555871,87.38437849286974,196.38685865093132,1.0,5.800000000000001,16.16212532355685,-9.814964045508134,18.908934771397753,16.16212532355685,150.18503595449187,151.052174163851,151.052174163851,57.0,1.0,0.1,2.399728681261859,-0.8888423582000939,2.5590503084936578,2.399728681261859,-0.8888423582000939,2.5590503084936578,2.5590503084936578,0.0,1.0,0.1,2.399728681261859,-1.1850082764674994,2.676367381165608,2.399728681261859,-1.1850082764674994,2.676367381165608,2.676367381165608,0.0,1.0,0.1,0.0,0.0,0.0,0.0,0.0,0.0,0.0,0.0,1.0,7.800000000000001,15.874297855587088,7.384378492869743,17.50778050278944,175.8742978555871,87.38437849286974,196.38685865093132,151.052174163851,77.0,1.0,7.0,2.1119012132921,16.014334261910378,16.152988224687753,162.1119012132921,-63.98566573808962,174.28262660097454,2.676367381165608,69.0
25_LTAN18_693km_SENTINEL1_MY_ALL_HEAT_MY_0p5,11713.679999999998,16.465391105376387,150.08041856259632,150.98092972351546,-24.195766834516625,-113.8054647558481,116.34912522664224,-7.730375729140238,36.274953806748215,37.089499627190946,1.0,5.800000000000001,16.465391105376387,-9.919581437403679,19.22257007130658,16.465391105376387,150.08041856259632,150.98092972351546,150.98092972351546,57.0,1.0,0.1,2.702994463081396,-0.9934597500956386,2.8797814747839414,2.702994463081396,-0.9934597500956386,2.8797814747839414,2.8797814747839414,0.0,1.0,0.1,2.702994463081396,-1.1752603145297087,2.9474422597155576,2.702994463081396,-1.1752603145297087,2.9474422597155576,2.9474422597155576,0.0,1.0,0.1,0.0,0.0,0.0,0.0,0.0,0.0,0.0,0.0,1.0,0.4,-7.730375729140238,-3.725046193251785,8.581065088643722,-7.730375729140238,36.274953806748215,37.089499627190946,150.98092972351546,3.0,1.0,3.1,18.50722762856477,5.019274929622185,19.175781478590253,-21.49277237143523,-114.98072507037782,116.9722462891097,2.9474422597155576,30.0
25_LTAN18_693km_SENTINEL1_MY_ALL_HEAT_MY_0p5,11772.84,16.760144198980093,149.9772236263732,150.9108016022901,108.14757006131717,-61.28873261466644,124.30690107825704,124.90771426029727,88.68849101170674,153.19133630746114,1.0,5.800000000000001,16.760144198980093,-10.022776373626812,19.528401875379817,16.760144198980093,149.9772236263732,150.9108016022901,150.9108016022901,57.0,1.0,0.1,2.997747556685102,-1.0966546863187716,3.1920435326975762,2.997747556685102,-1.0966546863187716,3.1920435326975762,3.1920435326975762,0.0,1.0,0.1,2.997747556685102,-1.2211372530996698,3.2369223970492875,2.997747556685102,-1.2211372530996698,3.2369223970492875,3.2369223970492875,0.0,1.0,0.1,0.0,0.0,0.0,0.0,0.0,0.0,0.0,0.0,1.0,4.800000000000001,4.9077142602972685,8.688491011706745,9.978754196854137,124.90771426029727,88.68849101170674,153.19133630746114,150.9108016022901,47.0,1.0,4.0,-8.85468238199772,17.490130132233887,19.603827486706177,111.14531761800228,-62.50986986776611,127.51770645401234,3.2369223970492875,39.0
25_LTAN18_693km_SENTINEL1_MY_ALL_HEAT_MY_0p5,11832.0,17.04606858578268,149.8759822875332,150.84223056188267,116.65844640861323,-73.54726544310498,137.90719115633465,133.7045149943959,76.32871684442821,153.95769011323708,1.0,5.800000000000001,17.04606858578268,-10.12401771246681,19.825846485674926,17.04606858578268,149.8759822875332,150.84223056188267,150.84223056188267,57.0,1.0,0.1,3.2836719434876898,-1.1978960251587694,3.4953478109537826,3.2836719434876898,-1.1978960251587694,3.4953478109537826,3.4953478109537826,0.0,1.0,0.1,3.2836719434876898,-1.2366045765639626,3.508802119132277,3.2836719434876898,-1.2366045765639626,3.508802119132277,3.508802119132277,0.0,1.0,0.1,0.0,0.0,0.0,0.0,0.0,0.0,0.0,0.0,1.0,4.800000000000001,13.704514994395907,-3.6712831555717855,14.187742993161647,133.7045149943959,76.32871684442821,153.95769011323708,150.84223056188267,47.0,1.0,4.0,-0.057881647899080235,5.216129980331061,5.21645111707874,119.94211835210092,-74.78387001966894,141.3461671567649,3.508802119132277,39.0
25_LTAN18_693km_SENTINEL1_MY_ALL_HEAT_MY_0p5,11891.16,17.319948742601124,149.77967950867944,150.77776035665556,95.41797125861358,-64.26346045135357,115.0407822830334,112.7379200012147,85.51621905732587,141.5021636868526,1.0,5.800000000000001,17.319948742601124,-10.220320491320564,20.11058366611067,17.319948742601124,149.77967950867944,150.77776035665556,150.77776035665556,57.0,1.0,0.1,3.5575521003061326,-1.2941988040125239,3.7856475655692017,3.5575521003061326,-1.2941988040125239,3.7856475655692017,3.7856475655692017,0.0,1.0,0.1,3.5575521003061326,-1.247133340042808,3.7698167746243194,3.5575521003061326,-1.247133340042808,3.7698167746243194,3.7698167746243194,0.0,1.0,0.1,0.0,0.0,0.0,0.0,0.0,0.0,0.0,0.0,1.0,4.800000000000001,-7.262079998785296,5.51621905732587,9.119565702223026,112.7379200012147,85.51621905732587,141.5021636868526,150.77776035665556,47.0,1.0,1.9000000000000001,18.975523358919716,14.489406208603626,23.874952963782547,98.97552335891972,-65.51059379139637,118.69200530395214,3.7698167746243194,18.0
25_LTAN18_693km_SENTINEL1_MY_ALL_HEAT_MY_0p5,11950.32,17.57793158760764,149.69185140663777,150.72038367933362,112.25930093940427,-124.96671454824269,167.98461355846166,129.8372325270119,24.725136858395075,132.17049346559816,1.0,5.800000000000001,17.57793158760764,-10.308148593362233,20.377477918561222,17.57793158760764,149.69185140663777,150.72038367933362,150.72038367933362,57.0,1.0,0.1,3.815534945312649,-1.3820269060541932,4.058115977637865,3.815534945312649,-1.3820269060541932,4.058115977637865,4.058115977637865,0.0,1.0,0.1,3.815534945312649,-1.2490327744390015,4.014771449351107,3.815534945312649,-1.2490327744390015,4.014771449351107,4.014771449351107,0.0,1.0,0.1,0.0,0.0,0.0,0.0,0.0,0.0,0.0,0.0,1.0,4.6000000000000005,9.837232527011906,-15.274863141604925,18.168450340776502,129.8372325270119,24.725136858395075,132.17049346559816,150.72038367933362,45.0,1.0,3.9000000000000004,-3.9251641152830814,-6.215747322681693,7.351355528834845,116.07483588471692,-126.2157473226817,171.47531133631745,4.014771449351107,38.0
25_LTAN18_693km_SENTINEL1_MY_ALL_HEAT_MY_0p5,12009.48,17.82106440871285,149.61222877040908,150.66986870077477,160.48342943570051,-53.530707914438295,169.1758487883669,178.30449384441337,96.08152085597078,202.5441956095232,1.0,5.800000000000001,17.82106440871285,-10.387771229590925,20.627557484535313,17.82106440871285,149.61222877040908,150.66986870077477,150.66986870077477,57.0,1.0,0.1,4.058667766417859,-1.4616495422828848,4.313838594872911,4.058667766417859,-1.4616495422828848,4.313838594872911,4.313838594872911,0.0,1.0,0.1,4.058667766417859,-1.2142900568343578,4.236423536461636,4.058667766417859,-1.2142900568343578,4.236423536461636,4.236423536461636,0.0,1.0,0.1,0.0,0.0,0.0,0.0,0.0,0.0,0.0,0.0,1.0,7.800000000000001,18.304493844413372,16.08152085597078,24.36534030013105,178.30449384441337,96.08152085597078,202.5441956095232,150.66986870077477,77.0,1.0,7.2,4.542097202118384,-14.744997971272653,15.428726848522736,164.54209720211838,-54.74499797127265,173.4102550443486,4.236423536461636,71.0
25_LTAN18_693km_SENTINEL1_MY_ALL_HEAT_MY_0p5,12068.64,18.04664604443544,149.5396965553102,150.6247067360046,196.08676970585145,-4.662222544267436,196.14218713149882,214.1334157502869,144.87747401104275,258.5393629927667,1.0,5.800000000000001,18.04664604443544,-10.4603034446898,20.85903597024864,18.04664604443544,149.5396965553102,150.6247067360046,150.6247067360046,57.0,1.0,0.1,4.28424940214045,-1.5341817573817593,4.550660018549373,4.28424940214045,-1.5341817573817593,4.550660018549373,4.550660018549373,0.0,1.0,0.1,4.28424940214045,-1.2008742727538788,4.449369838381943,4.28424940214045,-1.2008742727538788,4.449369838381943,4.449369838381943,0.0,1.0,0.1,0.0,0.0,0.0,0.0,0.0,0.0,0.0,0.0,1.0,12.0,14.1334157502869,-15.12252598895725,20.69889448876788,214.1334157502869,144.87747401104275,258.5393629927667,150.6247067360046,119.0,1.0,11.200000000000001,0.37101910799191273,-5.863096817021329,5.874824207094265,200.3710191079919,-5.863096817021329,200.4567813835716,4.449369838381943,111.0
25_LTAN18_693km_SENTINEL1_MY_ALL_HEAT_MY_0p5,12127.8,18.252884807972755,149.4734507659482,150.58379822442208,117.92929566587328,-86.7062279916814,146.37379802681352,136.18218047384605,62.7672227742668,149.95102711687443,1.0,5.800000000000001,18.252884807972755,-10.5265492340518,21.070739013856137,18.252884807972755,149.4734507659482,150.58379822442208,150.58379822442208,57.0,1.0,0.1,4.490488165677764,-1.6004275467437594,4.7671639680703555,4.490488165677764,-1.6004275467437594,4.7671639680703555,4.7671639680703555,0.0,1.0,0.1,4.490488165677764,-1.1527547082821172,4.636089665176747,4.490488165677764,-1.1527547082821172,4.636089665176747,4.636089665176747,0.0,1.0,0.1,0.0,0.0,0.0,0.0,0.0,0.0,0.0,0.0,1.0,4.800000000000001,16.182180473846046,-17.2327772257332,23.63961877441921,136.18218047384605,62.7672227742668,149.95102711687443,150.58379822442208,47.0,1.0,4.0,2.419783831551058,-7.858982699963519,8.223075025181384,122.41978383155106,-87.85898269996352,150.68445279602068,4.636089665176747,39.0
25_LTAN18_693km_SENTINEL1_MY_ALL_HEAT_MY_0p5,12186.96,18.43954535626774,149.41436269950304,150.54789475062248,116.18057696910267,-87.51554620121352,145.4541071670729,134.6201223253704,61.89881649828952,148.16896037560164,1.0,5.800000000000001,18.43954535626774,-10.585637300496956,21.26199778956643,18.43954535626774,149.41436269950304,150.54789475062248,150.54789475062248,57.0,1.0,0.1,4.677148713972748,-1.6595156131889155,4.962833078296581,4.677148713972748,-1.6595156131889155,4.962833078296581,4.962833078296581,0.0,1.0,0.1,4.677148713972748,-1.1260687593519663,4.810795250621815,4.677148713972748,-1.1260687593519663,4.810795250621815,4.810795250621815,0.0,1.0,0.1,0.0,0.0,0.0,0.0,0.0,0.0,0.0,0.0,1.0,4.800000000000001,14.620122325370403,-18.10118350171048,23.26802142364902,134.6201223253704,61.89881649828952,148.16896037560164,150.54789475062248,47.0,1.0,4.0,0.8577256830754152,-8.64161496056549,8.68407752579838,120.85772568307542,-88.64161496056549,149.8797042968215,4.810795250621815,39.0
25_LTAN18_693km_SENTINEL1_MY_ALL_HEAT_MY_0p5,12246.12,18.60238633862824,149.3682494747771,150.5221669012602,35.895523692829684,5.6081290451673595,36.330974836491066,54.49791003145792,154.97637851994443,164.27933557497113,1.0,5.800000000000001,18.60238633862824,-10.631750525222913,21.426219842103745,18.60238633862824,149.3682494747771,150.5221669012602,150.5221669012602,57.0,1.0,0.1,4.839989696333248,-1.7056288379148725,5.13173167589059,4.839989696333248,-1.7056288379148725,5.13173167589059,5.13173167589059,0.0,1.0,0.1,4.839989696333248,-1.1149026494925067,4.966740196392139,4.839989696333248,-1.1149026494925067,4.966740196392139,4.966740196392139,0.0,1.0,0.1,0.0,0.0,0.0,0.0,0.0,0.0,0.0,0.0,1.0,6.0,14.49791003145792,-5.023621480055567,15.343603489895191,54.49791003145792,154.97637851994443,164.27933557497113,150.5221669012602,59.0,1.0,0.8,0.7355133891629322,4.493226395674839,4.553027936266924,40.73551338916293,4.493226395674839,40.98257110677003,4.966740196392139,7.0
25_LTAN18_693km_SENTINEL1_MY_ALL_HEAT_MY_0p5,12305.28,18.74191390027036,149.3358805224942,150.50735712274601,158.86670442333957,-116.8335559126083,197.20220475825647,177.60861832360993,32.50232460988589,180.55808596645053,1.0,5.800000000000001,18.74191390027036,-10.664119477505807,21.563459390266353,18.74191390027036,149.3358805224942,150.50735712274601,150.50735712274601,57.0,1.0,0.1,4.97951725797537,-1.7379977901977668,5.274109255713886,4.97951725797537,-1.7379977901977668,5.274109255713886,5.274109255713886,0.0,1.0,0.1,4.97951725797537,-1.147271601775003,5.109973018589622,4.97951725797537,-1.147271601775003,5.109973018589622,5.109973018589622,0.0,1.0,0.1,0.0,0.0,0.0,0.0,0.0,0.0,0.0,0.0,1.0,7.6000000000000005,17.60861832360993,-7.497675390114111,19.138405772741216,177.60861832360993,32.50232460988589,180.55808596645053,150.50735712274601,75.0,1.0,6.800000000000001,3.846221681314944,2.019172485616693,4.344016430503992,163.84622168131494,-117.98082751438331,201.90359090472182,5.109973018589622,67.0
25_LTAN18_693km_SENTINEL1_MY_ALL_HEAT_MY_0p5,12364.44,18.85878779252468,149.31667741471,150.50290373003455,3.1683450280564216,22.023338328383765,22.250075086238862,22.0271328205811,171.34001574309377,172.7500957312011,1.0,5.800000000000001,18.85878779252468,-10.68332258529,21.674576315694047,18.85878779252468,149.31667741471,150.50290373003455,150.50290373003455,57.0,1.0,0.1,5.096391150229689,-1.75720089798196,5.390821621238093,5.096391150229689,-1.75720089798196,5.390821621238093,5.390821621238093,0.0,1.0,0.1,5.096391150229689,-1.1664747095595942,5.228179989650474,5.096391150229689,-1.1664747095595942,5.228179989650474,5.228179989650474,0.0,1.0,0.1,0.0,0.0,0.0,0.0,0.0,0.0,0.0,0.0,1.0,5.800000000000001,22.0271328205811,11.340015743093772,24.77479641387868,22.0271328205811,171.34001574309377,172.7500957312011,150.50290373003455,57.0,1.0,0.1,8.26473617828611,20.85686361882418,22.434674593381178,8.26473617828611,20.85686361882418,22.434674593381178,5.228179989650474,0.0
25_LTAN18_693km_SENTINEL1_MY_ALL_HEAT_MY_0p5,12423.6,18.94994926300563,149.31051829497108,150.50824379609037,211.74539298400467,-193.13407932058365,286.59533151284944,230.6953422470103,-43.82356102561258,234.82087947078045,1.0,5.800000000000001,18.94994926300563,-10.689481705028925,21.756966612849222,18.94994926300563,149.31051829497108,150.50824379609037,150.50824379609037,57.0,1.0,0.1,5.18755262071064,-1.7633600177208848,5.479063856603465,5.18755262071064,-1.7633600177208848,5.479063856603465,5.479063856603465,0.0,1.0,0.1,5.18755262071064,-1.172633829298519,5.31843701572719,5.18755262071064,-1.172633829298519,5.31843701572719,5.31843701572719,0.0,1.0,0.1,0.0,0.0,0.0,0.0,0.0,0.0,0.0,0.0,1.0,15.600000000000001,-9.304657752989698,-3.8235610256125767,10.059635918702764,230.6953422470103,-43.82356102561258,234.82087947078045,150.50824379609037,155.0,1.0,10.3,16.932945604715314,5.693286850117829,17.86443847452173,216.93294560471531,-194.30671314988217,291.23015239471505,5.31843701572719,102.0
25_LTAN18_693km_SENTINEL1_MY_ALL_HEAT_MY_0p5,12482.759999999998,19.016142726047352,149.31635542642508,150.52238266121057,117.74118822666293,-20.45316552004718,119.50447432969577,136.75733095271028,128.8631899063779,187.9050006842722,1.0,5.800000000000001,19.016142726047352,-10.683644573574924,21.811784556791324,19.016142726047352,149.31635542642508,150.52238266121057,150.52238266121057,57.0,1.0,0.1,5.253746083752361,-1.7575228862668837,5.539921895504949,5.253746083752361,-1.7575228862668837,5.539921895504949,5.539921895504949,0.0,1.0,0.1,5.253746083752361,-1.166796697844518,5.381752729979717,5.253746083752361,-1.166796697844518,5.381752729979717,5.381752729979717,0.0,1.0,0.1,0.0,0.0,0.0,0.0,0.0,0.0,0.0,0.0,1.0,3.8000000000000003,16.757330952710277,8.863189906377897,18.956905759516264,136.75733095271028,128.8631899063779,187.9050006842722,150.52238266121057,37.0,1.0,4.2,2.994934310415289,18.380037782108303,18.622443996302724,122.99493431041529,-21.619962217891697,124.88064955118722,5.381752729979717,41.0
25_LTAN18_693km_SENTINEL1_MY_ALL_HEAT_MY_0p5,12541.92,19.057374638420264,149.33120383605643,150.54232616521818,-3.3728033581959096,-67.74260983366447,67.82652128459156,15.684571280224354,81.58859400239196,83.08251589553356,1.0,5.800000000000001,19.057374638420264,-10.668796163943568,21.84048396205727,19.057374638420264,149.33120383605643,150.54232616521818,150.54232616521818,57.0,1.0,0.1,5.294977996125272,-1.7426744766355284,5.574379455236943,5.294977996125272,-1.7426744766355284,5.574379455236943,5.574379455236943,0.0,1.0,0.1,5.294977996125272,-1.1805782897393442,5.424993739872395,5.294977996125272,-1.1805782897393442,5.424993739872395,5.424993739872395,0.0,1.0,0.1,0.0,0.0,0.0,0.0,0.0,0.0,0.0,0.0,1.0,1.4000000000000001,15.684571280224354,1.5885940023919574,15.76481548096502,15.684571280224354,81.58859400239196,83.08251589553356,150.54232616521818,13.0,1.0,1.5,1.9221746379293627,11.076811876596182,11.242353698767937,1.9221746379293627,-68.92318812340382,68.94998634106327,5.424993739872395,14.0
25_LTAN18_693km_SENTINEL1_MY_ALL_HEAT_MY_0p5,12601.08,19.072335370738514,149.35080162633542,150.56366069846644,37.456172207151084,-70.51482904597793,79.84551303483028,56.5285075778896,78.83597258035749,97.00815811917263,1.0,5.800000000000001,19.072335370738514,-10.649198373664575,21.843978632464914,19.072335370738514,149.35080162633542,150.56366069846644,150.56366069846644,57.0,1.0,0.1,5.309938728443523,-1.723076686356535,5.582512209291605,5.309938728443523,-1.723076686356535,5.582512209291605,5.582512209291605,0.0,1.0,0.1,5.309938728443523,-1.2181631763772316,5.447877644010178,5.309938728443523,-1.2181631763772316,5.447877644010178,5.447877644010178,0.0,1.0,0.1,0.0,0.0,0.0,0.0,0.0,0.0,0.0,0.0,1.0,1.6,16.5285075778896,-1.1640274196425082,16.569445451976765,56.5285075778896,78.83597258035749,97.00815811917263,150.56366069846644,15.0,1.0,1.7000000000000002,2.766110935594611,8.267007777644835,8.717498913315463,42.76611093559461,-71.73299222235516,83.51384566482406,5.447877644010178,16.0
25_LTAN18_693km_SENTINEL1_MY_ALL_HEAT_MY_0p5,12660.24,19.062104966706087,149.37506694021394,150.5864352096666,123.78773769874908,-159.0504458247673,201.54515206680497,142.84984266545518,-9.675378884553368,143.17712982912096,1.0,5.800000000000001,19.062104966706087,-10.62493305978606,21.82322268334023,19.062104966706087,149.37506694021394,150.5864352096666,150.5864352096666,57.0,1.0,0.1,5.299708324411096,-1.6988113724780192,5.565327340156455,5.299708324411096,-1.6988113724780192,5.565327340156455,5.565327340156455,0.0,1.0,0.1,5.299708324411096,-1.2512158601514614,5.445406270658492,5.299708324411096,-1.2512158601514614,5.445406270658492,5.445406270658492,0.0,1.0,0.1,0.0,0.0,0.0,0.0,0.0,0.0,0.0,0.0,1.0,4.4,22.849842665455185,-9.675378884553368,24.8138724586816,142.84984266545518,-9.675378884553368,143.17712982912096,150.5864352096666,43.0,1.0,6.5,9.087446023160197,-0.3016616849187699,9.092451539381342,129.0874460231602,-160.30166168491877,205.81591643925026,5.445406270658492,64.0
25_LTAN18_693km_SENTINEL1_MY_ALL_HEAT_MY_0p5,12719.4,19.026141723742,149.40821802677166,150.61477245883702,94.31025504367611,-64.60332316163321,114.31541265258001,113.33639676741811,84.80489486513845,141.55214242571114,1.0,5.800000000000001,19.026141723742,-10.591781973228336,21.775672532905176,19.026141723742,149.40821802677166,150.61477245883702,150.61477245883702,57.0,1.0,0.1,5.263745081447009,-1.6656602859202962,5.520999589797999,5.263745081447009,-1.6656602859202962,5.520999589797999,5.520999589797999,0.0,1.0,0.1,5.263745081447009,-1.3324301274275,5.429768165118475,5.263745081447009,-1.3324301274275,5.429768165118475,5.429768165118475,0.0,1.0,0.1,0.0,0.0,0.0,0.0,0.0,0.0,0.0,0.0,1.0,4.800000000000001,-6.663603232581892,4.804894865138451,8.215267658835572,113.33639676741811,84.80489486513845,141.55214242571114,150.61477245883702,47.0,1.0,1.9000000000000001,19.57400012512312,14.064246710939287,24.102790636033962,99.57400012512312,-65.93575328906071,119.42573032104053,5.429768165118475,18.0
25_LTAN18_693km_SENTINEL1_MY_ALL_HEAT_MY_0p5,12778.56,18.96486035802457,149.45286149943965,150.65133168601616,158.97332126271093,23.460308874432744,160.69506204541844,177.9381816207355,172.9131703738724,248.11481408258894,1.0,5.800000000000001,18.96486035802457,-10.54713850056035,21.700416100834893,18.96486035802457,149.45286149943965,150.65133168601616,150.65133168601616,57.0,1.0,0.1,5.2024637157295786,-1.6210168132523108,5.449158120510864,5.2024637157295786,-1.6210168132523108,5.449158120510864,5.449158120510864,0.0,1.0,0.1,5.2024637157295786,-1.3735606701348217,5.380733930238889,5.2024637157295786,-1.3735606701348217,5.380733930238889,5.380733930238889,0.0,1.0,0.1,0.0,0.0,0.0,0.0,0.0,0.0,0.0,0.0,1.0,6.6000000000000005,17.93818162073549,12.91317037387239,22.102676963733334,177.9381816207355,172.9131703738724,248.11481408258894,150.65133168601616,65.0,1.0,7.4,4.175784978440504,22.08674820429792,22.478025412082502,164.1757849784405,22.08674820429792,165.65480017049669,5.380733930238889,73.0
25_LTAN18_693km_SENTINEL1_MY_ALL_HEAT_MY_0p5,12837.72,18.87884340062879,149.50777317818807,150.69500644960337,144.00430184942286,-35.35936377598072,148.28190569918445,162.88314525005165,114.14840940220736,198.89891496839132,1.0,5.800000000000001,18.87884340062879,-10.492226821811926,21.598554392037787,18.87884340062879,149.50777317818807,150.69500644960337,150.69500644960337,57.0,1.0,0.1,5.116446758333797,-1.5661051345038857,5.350767489172358,5.116446758333797,-1.5661051345038857,5.350767489172358,5.350767489172358,0.0,1.0,0.1,5.116446758333797,-1.4331786632566264,5.31338202199677,5.116446758333797,-1.4331786632566264,5.31338202199677,5.31338202199677,0.0,1.0,0.1,0.0,0.0,0.0,0.0,0.0,0.0,0.0,0.0,1.0,8.0,2.883145250051655,-5.851590597792637,6.523315035859498,162.88314525005165,114.14840940220736,198.89891496839132,150.69500644960337,79.0,1.0,7.2,-10.879251392243333,3.2074575607626628,11.342217369620547,149.12074860775667,-36.79254243923734,153.592606737697,5.31338202199677,71.0
25_LTAN18_693km_SENTINEL1_MY_ALL_HEAT_MY_0p5,12896.88,18.76830742861515,149.56886032190744,150.74181019786536,-11.831348706679204,-90.74669845159472,91.51472063052863,6.9369587219359445,58.82216187031271,59.22979084385757,1.0,5.800000000000001,18.76830742861515,-10.431139678092563,21.472262077361286,18.76830742861515,149.56886032190744,150.74181019786536,150.74181019786536,57.0,1.0,0.1,5.0059107863201575,-1.5050179907845234,5.227257593918782,5.0059107863201575,-1.5050179907845234,5.227257593918782,5.227257593918782,0.0,1.0,0.1,5.0059107863201575,-1.457865534912571,5.213877129208399,5.0059107863201575,-1.457865534912571,5.213877129208399,5.213877129208399,0.0,1.0,0.1,0.0,0.0,0.0,0.0,0.0,0.0,0.0,0.0,1.0,0.4,6.9369587219359445,18.822161870312712,20.059789973529057,6.9369587219359445,58.82216187031271,59.22979084385757,150.74181019786536,3.0,1.0,1.5,-6.825437920359047,-12.204563986507296,13.983489725580883,-6.825437920359047,-92.2045639865073,92.45684519140048,5.213877129208399,14.0
25_LTAN18_693km_SENTINEL1_MY_ALL_HEAT_MY_0p5,12956.04,18.63423109845832,149.63530983729947,150.79111551658264,-41.36273000291264,10.669935002638912,42.71677593468857,-22.728498904454323,160.30524483993838,161.90848089473997,1.0,5.800000000000001,18.63423109845832,-10.364690162700526,21.32278993939424,18.63423109845832,149.63530983729947,150.79111551658264,150.79111551658264,57.0,1.0,0.1,4.871834456163327,-1.4385684753924863,5.079788403728377,4.871834456163327,-1.4385684753924863,5.079788403728377,5.079788403728377,0.0,1.0,0.1,4.871834456163327,-1.4200943498815946,5.0745875626326375,4.871834456163327,-1.4200943498815946,5.0745875626326375,5.0745875626326375,0.0,1.0,0.1,0.0,0.0,0.0,0.0,0.0,0.0,0.0,0.0,1.0,5.6000000000000005,17.271501095545677,0.30524483993838203,17.27419823047497,-22.728498904454323,160.30524483993838,161.90848089473997,150.79111551658264,55.0,1.0,0.9,3.5091044532506857,9.249840652757314,9.893096894563685,-36.490895546749314,9.249840652757314,37.64498651753206,5.0745875626326375,8.0
25_LTAN18_693km_SENTINEL1_MY_ALL_HEAT_MY_0p5,13015.2,18.47748882744365,149.7067670292331,150.84274489584635,124.65737662272338,-70.94654862427632,143.43247299045046,143.134865450167,78.76021840495679,163.37307523161186,1.0,5.800000000000001,18.47748882744365,-10.293232970766894,21.151081257439007,18.47748882744365,149.7067670292331,150.84274489584635,150.84274489584635,57.0,1.0,0.1,4.715092185148659,-1.3671112834588541,4.909285851914764,4.715092185148659,-1.3671112834588541,4.909285851914764,4.909285851914764,0.0,1.0,0.1,4.715092185148659,-1.4058198348644453,4.920205658562278,4.715092185148659,-1.4058198348644453,4.920205658562278,4.920205658562278,0.0,1.0,0.1,0.0,0.0,0.0,0.0,0.0,0.0,0.0,0.0,1.0,4.800000000000001,23.134865450167013,-1.2397815950432118,23.16806115756645,143.134865450167,78.76021840495679,163.37307523161186,150.84274489584635,47.0,1.0,4.0,9.372468807872025,7.647631540859237,12.096670605554202,129.37246880787202,-72.35236845914076,148.22989208351697,4.920205658562278,39.0
25_LTAN18_693km_SENTINEL1_MY_ALL_HEAT_MY_0p5,13074.36,18.29877995235161,149.77785861093508,150.89152487075557,113.33768249794278,33.75360356447298,118.2570760148926,131.6364624502944,183.53146217540808,225.85826496869893,1.0,5.800000000000001,18.29877995235161,-10.222141389064916,20.96037982295691,18.29877995235161,149.77785861093508,150.89152487075557,150.89152487075557,57.0,1.0,0.1,4.5363833100566175,-1.296019701756876,4.717885183331851,4.5363833100566175,-1.296019701756876,4.717885183331851,4.717885183331851,0.0,1.0,0.1,4.5363833100566175,-1.3347282531624671,4.728665038417329,4.5363833100566175,-1.3347282531624671,4.728665038417329,4.728665038417329,0.0,1.0,0.1,0.0,0.0,0.0,0.0,0.0,0.0,0.0,0.0,1.0,9.8,11.636462450294403,-16.46853782459192,20.164820763823474,131.6364624502944,183.53146217540808,225.85826496869893,150.89152487075557,97.0,1.0,4.6000000000000005,-2.125934192000585,-7.581124688689471,7.873566392313855,117.87406580799941,32.41887531131053,122.25088493159825,4.728665038417329,45.0
25_LTAN18_693km_SENTINEL1_MY_ALL_HEAT_MY_0p5,13133.52,18.10000827363456,149.8483444753838,150.9375256240771,18.253260427404694,-28.431698142603036,33.78672780105755,36.353268701039255,121.41664633278077,126.7421088350258,1.0,5.800000000000001,18.10000827363456,-10.151655524616189,20.752503689822824,18.10000827363456,149.8483444753838,150.9375256240771,150.9375256240771,57.0,1.0,0.1,4.33761163133957,-1.2255338373081486,4.507416982121752,4.33761163133957,-1.2255338373081486,4.507416982121752,4.507416982121752,0.0,1.0,0.1,4.33761163133957,-1.2928627244727693,4.526186992233471,4.33761163133957,-1.2928627244727693,4.526186992233471,4.526186992233471,0.0,1.0,0.1,0.0,0.0,0.0,0.0,0.0,0.0,0.0,0.0,1.0,3.4000000000000004,-3.646731298960745,1.416646332780772,3.912229032022682,36.353268701039255,121.41664633278077,126.7421088350258,150.9375256240771,33.0,1.0,0.5,22.590872058744264,10.275439132924191,24.817980372080687,22.590872058744264,-29.72456086707581,37.334930281373865,4.526186992233471,4.0
25_LTAN18_693km_SENTINEL1_MY_ALL_HEAT_MY_0p5,13192.679999999998,17.884096033145,149.9180609088362,150.98101164579694,-73.82646692867552,-79.47533850771296,108.47431331926643,-55.942370895530516,70.44272240112323,89.9540215926715,1.0,5.800000000000001,17.884096033145,-10.081939091163804,20.530133627443576,17.884096033145,149.9180609088362,150.98101164579694,150.98101164579694,57.0,1.0,0.1,4.121699390850008,-1.1558174038557638,4.280691502501576,4.121699390850008,-1.1558174038557638,4.280691502501576,4.280691502501576,0.0,1.0,0.1,4.121699390850008,-1.2517376294784128,4.307580871160234,4.121699390850008,-1.2517376294784128,4.307580871160234,4.307580871160234,0.0,1.0,0.1,0.0,0.0,0.0,0.0,0.0,0.0,0.0,0.0,1.0,1.2000000000000002,-15.942370895530516,-9.557277598876766,18.58765033221386,-55.942370895530516,70.44272240112323,89.9540215926715,150.98101164579694,11.0,1.0,1.1,10.295232462174496,-0.727076137191375,10.320874534625672,-69.7047675378255,-80.72707613719137,106.65653022277719,4.307580871160234,10.0
25_LTAN18_693km_SENTINEL1_MY_ALL_HEAT_MY_0p5,13251.84,17.65608415917804,149.98616389329726,151.02180858161844,75.959605136115,-28.488150828794527,81.1260522278673,93.61568929529304,121.49801306450273,153.38078256696605,1.0,5.800000000000001,17.65608415917804,-10.01383610670274,20.298133446400463,17.65608415917804,149.98616389329726,151.02180858161844,151.02180858161844,57.0,1.0,0.1,3.8936875168830483,-1.0877144193947004,4.042762067855345,3.8936875168830483,-1.0877144193947004,4.042762067855345,4.042762067855345,0.0,1.0,0.1,3.8936875168830483,-1.2409429769037956,4.086654126673523,3.8936875168830483,-1.2409429769037956,4.086654126673523,4.086654126673523,0.0,1.0,0.1,0.0,0.0,0.0,0.0,0.0,0.0,0.0,0.0,1.0,3.6,13.615689295293038,1.4980130645027288,13.69784793781046,93.61568929529304,121.49801306450273,153.38078256696605,151.02180858161844,35.0,1.0,2.0,-0.14670734700194998,10.270906194301674,10.271953908473735,79.85329265299805,-29.729093805698326,85.20778935070058,4.086654126673523,19.0
25_LTAN18_693km_SENTINEL1_MY_ALL_HEAT_MY_0p5,13311.0,17.41563839914984,150.05279531179485,151.0600736188532,2.9692484483577566,-94.14514548834958,94.19195748773133,20.384886847507598,55.90764982344527,59.50805761043346,1.0,5.800000000000001,17.41563839914984,-9.947204688205147,20.05620457511822,17.41563839914984,150.05279531179485,151.0600736188532,151.0600736188532,57.0,1.0,0.1,3.6532417568548503,-1.0210830008971072,3.793255307614946,3.6532417568548503,-1.0210830008971072,3.793255307614946,3.793255307614946,0.0,1.0,0.1,3.6532417568548503,-1.2886769122399357,3.873869321255967,3.6532417568548503,-1.2886769122399357,3.873869321255967,3.873869321255967,0.0,1.0,0.1,0.0,0.0,0.0,0.0,0.0,0.0,0.0,0.0,0.0,nan,nan,nan,nan,20.384886847507598,55.90764982344527,59.50805761043346,151.0600736188532,nan,1.0,1.5,6.622490205212607,-15.43382240058952,16.794649457820658,6.622490205212607,-95.43382240058952,95.66332544139054,3.873869321255967,14.0
25_LTAN18_693km_SENTINEL1_MY_ALL_HEAT_MY_0p5,13370.16,17.1649016860521,150.1156741589089,151.0938432831581,71.03297840832536,-147.8884910536607,164.06306655577998,88.19788009437747,2.2271831052482014,88.22599615604511,1.0,5.800000000000001,17.1649016860521,-9.884325841091112,19.80741647021882,17.1649016860521,150.1156741589089,151.0938432831581,151.0938432831581,57.0,1.0,0.1,3.4025050437571096,-0.9582041537830719,3.534854420357323,3.4025050437571096,-0.9582041537830719,3.534854420357323,3.534854420357323,0.0,1.0,0.1,3.4025050437571096,-1.3115720805008095,3.646541086446414,3.4025050437571096,-1.3115720805008095,3.646541086446414,3.646541086446414,0.0,1.0,0.1,0.0,0.0,0.0,0.0,0.0,0.0,0.0,0.0,1.0,2.2,8.197880094377467,2.2271831052482014,8.495032820777876,88.19788009437747,2.2271831052482014,88.22599615604511,151.0938432831581,21.0,1.0,6.300000000000001,-5.5645165479175205,10.799936865838504,12.149176133308197,74.43548345208248,-149.2000631341615,166.7372185085952,3.646541086446414,62.0
25_LTAN18_693km_SENTINEL1_MY_ALL_HEAT_MY_0p5,13429.32,16.907576080396698,150.17174817414192,151.12054816798508,14.025436239422817,-12.224174017230602,18.60492655480399,30.933012319819515,137.94757415691132,141.37320986295336,1.0,5.800000000000001,16.907576080396698,-9.828251825858075,19.556601516288183,16.907576080396698,150.17174817414192,151.12054816798508,151.12054816798508,57.0,1.0,0.1,3.1451794381017066,-0.9021301385500351,3.272001296567297,3.1451794381017066,-0.9021301385500351,3.272001296567297,3.272001296567297,0.0,1.0,0.1,3.1451794381017066,-1.3986480728978847,3.442146151702268,3.1451794381017066,-1.3986480728978847,3.442146151702268,3.442146151702268,0.0,1.0,0.1,0.0,0.0,0.0,0.0,0.0,0.0,0.0,0.0,1.0,3.4000000000000004,-9.066987680180485,17.947574156911315,20.107851295212416,30.933012319819515,137.94757415691132,141.37320986295336,151.12054816798508,33.0,1.0,0.1,17.170615677524523,-13.622822090128494,21.918287443241177,17.170615677524523,-13.622822090128494,21.918287443241177,3.442146151702268,0.0
25_LTAN18_693km_SENTINEL1_MY_ALL_HEAT_MY_0p5,13488.48,16.644276439141265,150.222327025223,151.14158751004172,69.20961986142629,-109.0691826637733,129.1745256941425,85.85389630056756,41.15314436144969,95.20752491700918,1.0,5.800000000000001,16.644276439141265,-9.777672974777005,19.303751629780095,16.644276439141265,150.222327025223,151.14158751004172,151.14158751004172,57.0,1.0,0.1,2.881879796846274,-0.8515512874689648,3.005057530008498,2.881879796846274,-0.8515512874689648,3.005057530008498,3.005057530008498,0.0,1.0,0.1,2.881879796846274,-1.4624345756497235,3.231709462734314,2.881879796846274,-1.4624345756497235,3.231709462734314,3.231709462734314,0.0,1.0,0.1,0.0,0.0,0.0,0.0,0.0,0.0,0.0,0.0,1.0,2.4000000000000004,5.8538963005675555,1.1531443614496908,5.9663928647166475,85.85389630056756,41.15314436144969,95.20752491700918,151.14158751004172,23.0,1.0,3.7,-7.908500341727432,9.468382760576972,12.33671957028667,72.09149965827257,-110.53161723942303,131.96371748530365,3.231709462734314,36.0
25_LTAN18_693km_SENTINEL1_MY_ALL_HEAT_MY_0p5,13547.64,16.380657463288518,150.2715871076595,151.1617538624916,181.09753595938804,-67.30540102341224,193.20024466207124,197.47819342267655,82.96618608424727,214.19856421285834,1.0,5.800000000000001,16.380657463288518,-9.728412892340486,19.05171793653912,16.380657463288518,150.2715871076595,151.1617538624916,151.1617538624916,57.0,1.0,0.1,2.6182608209935267,-0.8022912050324464,2.738423068925273,2.6182608209935267,-0.8022912050324464,2.738423068925273,2.738423068925273,0.0,1.0,0.1,2.6182608209935267,-1.4990644977917498,3.01703233248988,2.6182608209935267,-1.4990644977917498,3.01703233248988,3.01703233248988,0.0,1.0,0.1,0.0,0.0,0.0,0.0,0.0,0.0,0.0,0.0,1.0,11.600000000000001,-2.5218065773234457,2.966186084247269,3.8932978693922125,197.47819342267655,82.96618608424727,214.19856421285834,151.1617538624916,115.0,1.0,10.8,-16.284203219618433,11.195534478796006,19.76145912537183,183.71579678038157,-68.804465521204,196.17733931906866,3.01703233248988,107.0
25_LTAN18_693km_SENTINEL1_MY_ALL_HEAT_MY_0p5,13606.8,16.118962119348172,150.31943564863124,151.18119484091918,120.19936005438362,-97.95253944111559,155.05671910770798,136.3183221737318,52.36689620751565,146.03073915676129,1.0,5.800000000000001,16.118962119348172,-9.680564351368758,18.80250690642003,16.118962119348172,150.31943564863124,151.18119484091918,151.18119484091918,57.0,1.0,0.1,2.3565654770531808,-0.7544426640607185,2.4743856977023446,2.3565654770531808,-0.7544426640607185,2.4743856977023446,2.4743856977023446,0.0,1.0,0.1,2.3565654770531808,-1.4798072952784764,2.7826660738935756,2.3565654770531808,-1.4798072952784764,2.7826660738935756,2.7826660738935756,0.0,1.0,0.1,0.0,0.0,0.0,0.0,0.0,0.0,0.0,0.0,1.0,4.6000000000000005,16.318322173731787,12.366896207515651,20.475052145798593,136.3183221737318,52.36689620751565,146.03073915676129,151.18119484091918,45.0,1.0,3.9000000000000004,2.555925531436799,20.567653263605933,20.725856221014617,122.5559255314368,-99.43234673639407,157.81871391052957,2.7826660738935756,38.0
25_LTAN18_693km_SENTINEL1_MY_ALL_HEAT_MY_0p5,13665.96,15.859091134746503,150.36455206463822,151.19857568515485,161.14666525969338,-113.03775410789812,196.8394817562709,177.00575639443989,37.326797956740094,180.8986667791421,1.0,5.800000000000001,15.859091134746503,-9.635447935361782,18.556740784288138,15.859091134746503,150.36455206463822,151.19857568515485,151.19857568515485,57.0,1.0,0.1,2.096694492451512,-0.7093262480537419,2.21342980933539,2.096694492451512,-0.7093262480537419,2.21342980933539,2.21342980933539,0.0,1.0,0.1,2.096694492451512,-1.434690879271102,2.5405640542486214,2.096694492451512,-1.434690879271102,2.5405640542486214,2.5405640542486214,0.0,1.0,0.1,0.0,0.0,0.0,0.0,0.0,0.0,0.0,0.0,1.0,7.6000000000000005,17.005756394439885,-2.6732020432599057,17.214579858687284,177.00575639443989,37.326797956740094,180.8986667791421,151.19857568515485,75.0,1.0,6.800000000000001,3.2433597521448974,5.527555012830774,6.408841307264835,163.2433597521449,-114.47244498716923,199.37987652847187,2.5405640542486214,67.0
25_LTAN18_693km_SENTINEL1_MY_ALL_HEAT_MY_0p5,13725.12,15.602496837586504,150.40457712860024,151.21168846620276,126.81892153631162,-53.390701984708485,137.59944010806555,142.42141837389812,97.01387514389175,172.32397506460774,1.0,5.800000000000001,15.602496837586504,-9.595422871399762,18.316933358176488,15.602496837586504,150.40457712860024,151.21168846620276,151.21168846620276,57.0,1.0,0.1,1.8401001952915124,-0.6693011840917222,1.9580431056895666,1.8401001952915124,-0.6693011840917222,1.9580431056895666,1.9580431056895666,0.0,1.0,0.1,1.8401001952915124,-1.3946561495427545,2.308903312001021,1.8401001952915124,-1.3946561495427545,2.308903312001021,2.308903312001021,0.0,1.0,0.1,0.0,0.0,0.0,0.0,0.0,0.0,0.0,0.0,1.0,7.800000000000001,-17.57858162610188,17.013875143891752,24.463819803895387,142.42141837389812,97.01387514389175,172.32397506460774,151.21168846620276,77.0,1.0,4.2,8.659021731603133,-14.78535813425124,17.134336068445855,128.65902173160313,-54.78535813425124,139.83768926448727,2.308903312001021,41.0
25_LTAN18_693km_SENTINEL1_MY_ALL_HEAT_MY_0p5,13784.28,15.349532593606272,150.44042579521258,151.2214596685505,179.82357362955963,12.19946667237663,180.2369124790926,195.17310622316592,162.63989246758922,254.05565534872116,1.0,5.800000000000001,15.349532593606272,-9.559574204787424,18.082964630254033,15.349532593606272,150.44042579521258,151.2214596685505,151.2214596685505,57.0,1.0,0.1,1.5871359513112804,-0.6334525174793839,1.7088775906558469,1.5871359513112804,-0.6334525174793839,1.7088775906558469,1.7088775906558469,0.0,1.0,0.1,1.5871359513112804,-1.3302161444715637,2.070863471829458,1.5871359513112804,-1.3302161444715637,2.070863471829458,2.070863471829458,0.0,1.0,0.1,0.0,0.0,0.0,0.0,0.0,0.0,0.0,0.0,1.0,12.0,-4.826893776834083,2.6398924675892204,5.501630283222775,195.17310622316592,162.63989246758922,254.05565534872116,151.2214596685505,119.0,1.0,7.4,21.41070958087093,10.86925052790508,24.011644920637217,181.41070958087093,10.86925052790508,181.73603428509566,2.070863471829458,73.0
25_LTAN18_693km_SENTINEL1_MY_ALL_HEAT_MY_0p5,13843.44,15.100294580661718,150.47491022207703,151.23067646071317,17.83188304958457,51.79474875920921,54.77839037543606,32.93217763024629,202.26965898128623,204.93302141889168,1.0,5.800000000000001,15.100294580661718,-9.525089777922972,17.853465537543524,15.100294580661718,150.47491022207703,151.23067646071317,151.23067646071317,57.0,1.0,0.1,1.3378979383667264,-0.5989680906149317,1.4658559503105462,1.3378979383667264,-0.5989680906149317,1.4658559503105462,1.4658559503105462,0.0,1.0,0.1,1.3378979383667264,-1.295760714908539,1.862516234502729,1.3378979383667264,-1.295760714908539,1.862516234502729,1.862516234502729,0.0,1.0,0.1,0.0,0.0,0.0,0.0,0.0,0.0,0.0,0.0,1.0,9.4,-7.0678223697537135,2.269658981286227,7.423305526631935,32.93217763024629,202.26965898128623,204.93302141889168,151.23067646071317,93.0,1.0,0.4,19.169780987951295,10.49898804430066,21.856560870374533,19.169780987951295,50.49898804430066,54.01507471645707,1.862516234502729,3.0
25_LTAN18_693km_SENTINEL1_MY_ALL_HEAT_MY_0p5,13902.6,14.854975508516402,150.51634864653866,151.24761653409618,87.16657857438892,1.5470652156061284,87.18030644099879,102.02155408290533,152.06341386214478,183.11657307000124,1.0,5.800000000000001,14.854975508516402,-9.48365135346134,17.6241294920524,14.854975508516402,150.51634864653866,151.24761653409618,151.24761653409618,57.0,1.0,0.1,1.0925788662214106,-0.5575296661533002,1.226608294262954,1.0925788662214106,-0.5575296661533002,1.226608294262954,1.226608294262954,0.0,1.0,0.1,1.0925788662214106,-1.311504967363362,1.706977989996484,1.0925788662214106,-1.311504967363362,1.706977989996484,1.706977989996484,0.0,1.0,0.1,0.0,0.0,0.0,0.0,0.0,0.0,0.0,0.0,1.0,6.2,22.021554082905325,-7.936586137855215,23.40808073614579,102.02155408290533,152.06341386214478,183.11657307000124,151.24761653409618,61.0,1.0,2.2,8.259157440610338,0.23556024824276278,8.262515976344087,88.25915744061034,0.23556024824276278,88.25947179060724,1.706977989996484,21.0
25_LTAN18_693km_SENTINEL1_MY_ALL_HEAT_MY_0p5,13961.759999999998,14.613690858051436,150.56534497282226,151.27287617838059,89.12972405606513,31.601062035336778,94.56603424100811,103.74341491411657,182.16640700815904,209.63610371380403,1.0,5.800000000000001,14.613690858051436,-9.43465502717774,17.394616292880574,14.613690858051436,150.56534497282226,151.27287617838059,151.27287617838059,57.0,1.0,0.1,0.8512942157564449,-0.5085333398697003,0.991618878168126,0.8512942157564449,-0.5085333398697003,0.991618878168126,0.991618878168126,0.0,1.0,0.1,0.8512942157564449,-1.3196913179958187,1.5704416629005744,0.8512942157564449,-1.3196913179958187,1.5704416629005744,1.5704416629005744,0.0,1.0,0.1,0.0,0.0,0.0,0.0,0.0,0.0,0.0,0.0,1.0,9.8,-16.25658508588343,-17.83359299184096,24.131174808807103,103.74341491411657,182.16640700815904,209.63610371380403,151.27287617838059,97.0,1.0,2.4000000000000004,9.981018271821583,-9.718629282659037,13.930989946023002,89.98101827182158,30.281370717340963,94.93969170876281,1.5704416629005744,23.0
25_LTAN18_693km_SENTINEL1_MY_ALL_HEAT_MY_0p5,14020.92,14.377236931742049,150.6237782152189,151.3083854438309,53.20186394543271,4.543410210951031,53.39551389033827,67.57910087717477,155.16718842616993,169.24476724392363,1.0,5.800000000000001,14.377236931742049,-9.376221784781109,17.16445387272346,14.377236931742049,150.6237782152189,151.3083854438309,151.3083854438309,57.0,1.0,0.1,0.6148402894470575,-0.45010009747306867,0.761983385168343,0.6148402894470575,-0.45010009747306867,0.761983385168343,0.761983385168343,0.0,1.0,0.1,0.6148402894470575,-1.3471577459444575,1.4808317169703966,0.6148402894470575,-1.3471577459444575,1.4808317169703966,1.4808317169703966,0.0,1.0,0.1,0.0,0.0,0.0,0.0,0.0,0.0,0.0,0.0,1.0,6.2,-12.420899122825233,-4.832811573830071,13.32797069052699,67.57910087717477,155.16718842616993,169.24476724392363,151.3083854438309,61.0,1.0,0.8,13.81670423487978,3.1962524650065802,14.181584739873237,53.81670423487978,3.1962524650065802,53.911535727751144,1.4808317169703966,7.0
25_LTAN18_693km_SENTINEL1_MY_ALL_HEAT_MY_0p5,14080.08,14.147722333981449,150.6943932265472,151.35705532665688,94.80217111423066,-100.32358691072557,138.0299740585565,108.94989344821211,50.370806315821625,120.03040202916421,1.0,5.800000000000001,14.147722333981449,-9.305606773452809,16.933764042928207,14.147722333981449,150.6943932265472,151.35705532665688,151.35705532665688,57.0,1.0,0.1,0.38532569168645736,-0.3794850861447685,0.5408186565568436,0.38532569168645736,-0.3794850861447685,0.5408186565568436,0.5408186565568436,0.0,1.0,0.1,0.38532569168645736,-1.3623167499910664,1.4157622738227873,0.38532569168645736,-1.3623167499910664,1.4157622738227873,1.4157622738227873,0.0,1.0,0.1,0.0,0.0,0.0,0.0,0.0,0.0,0.0,0.0,1.0,4.6000000000000005,-11.050106551787891,10.370806315821625,15.154487073014097,108.94989344821211,50.370806315821625,120.03040202916421,151.35705532665688,45.0,1.0,3.7,15.187496805917121,18.314096339283367,23.79214542562934,95.18749680591712,-101.68590366071663,139.28633296728373,1.4157622738227873,36.0
25_LTAN18_693km_SENTINEL1_MY_ALL_HEAT_MY_0p5,14139.24,13.9247589576443,150.7752000331896,151.41684139182416,81.84150719048037,-38.13599729304262,90.29056755134727,95.76626614812467,112.63920274014698,147.8471092916239,1.0,5.800000000000001,13.9247589576443,-9.224799966810394,16.70316875494468,13.9247589576443,150.7752000331896,151.41684139182416,151.41684139182416,57.0,1.0,0.1,0.16236231534930923,-0.29867827950235437,0.33995622672937625,0.16236231534930923,-0.29867827950235437,0.33995622672937625,0.33995622672937625,0.0,1.0,0.1,0.16236231534930923,-1.3101882737097128,1.320210147670448,0.16236231534930923,-1.3101882737097128,1.320210147670448,1.320210147670448,0.0,1.0,0.1,0.0,0.0,0.0,0.0,0.0,0.0,0.0,0.0,1.0,3.6,15.766266148124672,-7.360797259853015,17.399898981148183,95.76626614812467,112.63920274014698,147.8471092916239,151.41684139182416,35.0,1.0,2.0,2.003869505829684,0.5538144332476662,2.078990962670962,82.00386950582968,-39.446185566752334,90.99800091043652,1.320210147670448,19.0
25_LTAN18_693km_SENTINEL1_MY_ALL_HEAT_MY_0p5,14198.4,13.71110678120908,150.86025417724946,151.48204758185054,15.46718589174882,-14.801410039209333,21.408306298227345,29.1782926729579,136.05884413804012,139.1523691192079,1.0,5.800000000000001,13.71110678120908,-9.139745822750541,16.478149255004446,13.71110678120908,150.86025417724946,151.48204758185054,151.48204758185054,57.0,1.0,0.1,-0.051289861085910715,-0.21362413544250103,0.21969506388120796,-0.051289861085910715,-0.21362413544250103,0.21969506388120796,0.21969506388120796,0.0,1.0,0.1,-0.051289861085910715,-1.2823168065663424,1.2833421376440166,-0.051289861085910715,-1.2823168065663424,1.2833421376440166,1.2833421376440166,0.0,1.0,0.1,0.0,0.0,0.0,0.0,0.0,0.0,0.0,0.0,1.0,3.4000000000000004,-10.821707327042098,16.058844138040115,19.364808920359167,29.1782926729579,136.05884413804012,139.1523691192079,151.48204758185054,33.0,1.0,0.1,15.41589603066291,-16.083726845775686,22.27860228285729,15.41589603066291,-16.083726845775686,22.27860228285729,1.2833421376440166,0.0
25_LTAN18_693km_SENTINEL1_MY_ALL_HEAT_MY_0p5,14257.56,13.508531554396152,150.9463651542543,151.54961424575646,19.083821006141637,-144.37897449205633,145.63475031589235,32.59235256053779,6.567390662197965,33.24743697701101,1.0,5.800000000000001,13.508531554396152,-9.053634845745705,16.261879616951337,13.508531554396152,150.9463651542543,151.54961424575646,151.54961424575646,57.0,1.0,0.1,-0.25386508789883955,-0.1275131584376652,0.284089930178165,-0.25386508789883955,-0.1275131584376652,0.284089930178165,0.284089930178165,0.0,1.0,0.1,-0.25386508789883955,-1.253388506477961,1.278839407832328,-0.25386508789883955,-1.253388506477961,1.278839407832328,1.278839407832328,0.0,1.0,0.1,0.0,0.0,0.0,0.0,0.0,0.0,0.0,0.0,1.0,0.8,-7.40764743946221,6.567390662197965,9.899689929351124,32.59235256053779,6.567390662197965,33.24743697701101,151.54961424575646,7.0,1.0,5.9,18.8299559182428,14.36763700146571,23.68535904074189,18.8299559182428,-145.6323629985343,146.84465394565723,1.278839407832328,58.0
25_LTAN18_693km_SENTINEL1_MY_ALL_HEAT_MY_0p5,14316.72,13.315940533571244,151.0339786154112,151.61984358484906,68.37212574840139,-200.05482936004444,211.41589895188042,81.68806628197262,-49.020850744633236,95.26795883514856,1.0,5.800000000000001,13.315940533571244,-8.9660213845888,16.053155819417853,13.315940533571244,151.0339786154112,151.61984358484906,151.61984358484906,57.0,1.0,0.1,-0.44645610872374775,-0.03989969728075948,0.44823547702055794,-0.44645610872374775,-0.03989969728075948,0.44823547702055794,0.44823547702055794,0.0,1.0,0.1,-0.44645610872374775,-1.2516747156663541,1.328914087085843,-0.44645610872374775,-1.2516747156663541,1.328914087085843,1.328914087085843,0.0,1.0,0.1,0.0,0.0,0.0,0.0,0.0,0.0,0.0,0.0,1.0,2.0,1.688066281972624,-9.020850744633236,9.17743514982715,81.68806628197262,-49.020850744633236,95.26795883514856,151.61984358484906,19.0,1.0,9.700000000000001,-12.074330360322364,-1.3065040757107909,12.144809860596883,67.92566963967764,-201.3065040757108,212.45753735554499,1.328914087085843,96.0
25_LTAN18_693km_SENTINEL1_MY_ALL_HEAT_MY_0p5,14375.88,13.129651043735697,151.12402224723678,151.6933018848017,137.27467620219826,-109.30106900162389,175.4738168825085,150.40432724593396,41.822953245612894,156.11092553849878,1.0,5.800000000000001,13.129651043735697,-8.87597775276322,15.848366401551218,13.129651043735697,151.12402224723678,151.6933018848017,151.6933018848017,57.0,1.0,0.1,-0.6327455985592945,0.05014393454482047,0.634729396410624,-0.6327455985592945,0.05014393454482047,0.634729396410624,0.634729396410624,0.0,1.0,0.1,-0.6327455985592945,-1.247405099215257,1.3987088596432014,-0.6327455985592945,-1.247405099215257,1.3987088596432014,1.3987088596432014,0.0,1.0,0.1,0.0,0.0,0.0,0.0,0.0,0.0,0.0,0.0,1.0,7.6000000000000005,-9.595672754066044,1.8229532456128936,9.767297176743217,150.40432724593396,41.822953245612894,156.11092553849878,151.6933018848017,75.0,1.0,3.9000000000000004,16.64193060363897,9.451525899160856,19.13857873612468,136.64193060363897,-110.54847410083914,175.76115135351608,1.3987088596432014,38.0
25_LTAN18_693km_SENTINEL1_MY_ALL_HEAT_MY_0p5,14435.04,12.948809262378584,151.21752378171564,151.77091671327284,105.8074327952063,-72.96221259847051,128.52508432977785,118.75624205758488,78.25531118324513,142.22144267312936,1.0,5.800000000000001,12.948809262378584,-8.782476218284359,15.646199213808819,12.948809262378584,151.21752378171564,151.77091671327284,151.77091671327284,57.0,1.0,0.1,-0.8135873799164077,0.14364546902368147,0.8261709541797501,-0.8135873799164077,0.14364546902368147,0.8261709541797501,0.8261709541797501,0.0,1.0,0.1,-0.8135873799164077,-1.2684718996752053,1.506965621713007,-0.8135873799164077,-1.2684718996752053,1.506965621713007,1.506965621713007,0.0,1.0,0.1,0.0,0.0,0.0,0.0,0.0,0.0,0.0,0.0,1.0,4.800000000000001,-1.2437579424151153,-1.7446888167548735,2.1426322331725998,118.75624205758488,78.25531118324513,142.22144267312936,151.77091671327284,47.0,1.0,4.0,-15.006154584710103,5.76931550185428,16.076992155877672,104.9938454152899,-74.23068449814572,128.58422180093885,1.506965621713007,39.0
25_LTAN18_693km_SENTINEL1_MY_ALL_HEAT_MY_0p5,14494.2,12.773735402714095,151.31473059517833,151.85294205655006,165.19272122819277,-122.48043893231278,205.64555202539006,177.96645663090686,28.834291662865553,180.28720437529574,1.0,5.800000000000001,12.773735402714095,-8.685269404821668,15.446754376660579,12.773735402714095,151.31473059517833,151.85294205655006,151.85294205655006,57.0,1.0,0.1,-0.988661239580896,0.24085228248637236,1.0175759768334398,-0.988661239580896,0.24085228248637236,1.0175759768334398,1.0175759768334398,0.0,1.0,0.1,-0.988661239580896,-1.314221778504276,1.6445759118218217,-0.988661239580896,-1.314221778504276,1.6445759118218217,1.6445759118218217,0.0,1.0,0.1,0.0,0.0,0.0,0.0,0.0,0.0,0.0,0.0,1.0,7.6000000000000005,17.966456630906862,-11.165708337134447,21.153406499668343,177.96645663090686,28.834291662865553,180.28720437529574,151.85294205655006,75.0,1.0,6.800000000000001,4.204059988611874,-3.7946607108170554,5.663353273288351,164.20405998861187,-123.79466071081706,205.6406850242674,1.6445759118218217,67.0
25_LTAN18_693km_SENTINEL1_MY_ALL_HEAT_MY_0p5,14553.36,12.606374795276746,151.41484051022704,151.93871992423945,79.00273329061966,-75.3308522968754,109.16120728153588,91.60910808589641,76.08398821335163,119.08401213741028,1.0,5.800000000000001,12.606374795276746,-8.585159489772963,15.252070316643167,12.606374795276746,151.41484051022704,151.93871992423945,151.93871992423945,57.0,1.0,0.1,-1.1560218470182448,0.3409621975350774,1.2052558777833957,-1.1560218470182448,0.3409621975350774,1.2052558777833957,1.2052558777833957,0.0,1.0,0.1,-1.1560218470182448,-1.2998858788304801,1.7395659828722692,-1.1560218470182448,-1.2998858788304801,1.7395659828722692,1.7395659828722692,0.0,1.0,0.1,0.0,0.0,0.0,0.0,0.0,0.0,0.0,0.0,1.0,1.8,11.609108085896409,-3.916011786648369,12.251797372761041,91.60910808589641,76.08398821335163,119.08401213741028,151.93871992423945,17.0,1.0,1.9000000000000001,-2.1532885563985786,3.3692618242941137,3.9985718510191575,77.84671144360142,-76.63073817570589,109.23543617314361,1.7395659828722692,18.0
25_LTAN18_693km_SENTINEL1_MY_ALL_HEAT_MY_0p5,14612.52,12.44632797530192,151.51733329359487,152.02767303511257,37.771939755735076,-89.25418323921046,96.91763853194854,50.218267731036995,62.26315005438441,79.99108868243324,1.0,5.800000000000001,12.44632797530192,-8.482666706405126,15.062095289857158,12.44632797530192,151.51733329359487,152.02767303511257,152.02767303511257,57.0,1.0,0.1,-1.316068666993072,0.4434549809029136,1.388772499846006,-1.316068666993072,0.4434549809029136,1.388772499846006,1.388772499846006,0.0,1.0,0.1,-1.316068666993072,-1.283312097341394,1.838185702105119,-1.316068666993072,-1.283312097341394,1.838185702105119,1.838185702105119,0.0,1.0,0.1,0.0,0.0,0.0,0.0,0.0,0.0,0.0,0.0,1.0,0.6000000000000001,10.218267731036995,22.26315005438441,24.4961394053673,50.218267731036995,62.26315005438441,79.99108868243324,152.02767303511257,5.0,1.0,1.7000000000000002,-3.5441289112579994,-10.537495336551856,11.11753829350126,36.455871088742,-90.53749533655186,97.60158092292933,1.838185702105119,16.0
25_LTAN18_693km_SENTINEL1_MY_ALL_HEAT_MY_0p5,14671.679999999998,12.293516438251554,151.61937496498743,152.11694649575048,113.58958055186696,-89.74843840635793,144.76662255619868,125.88309699011852,61.870936558629495,140.26605754232043,1.0,5.800000000000001,12.293516438251554,-8.38062503501257,14.878354156123608,12.293516438251554,151.61937496498743,152.11694649575048,152.11694649575048,57.0,1.0,0.1,-1.4688802040434368,0.5454966522954692,1.5669000132415125,-1.4688802040434368,0.5454966522954692,1.5669000132415125,1.5669000132415125,0.0,1.0,0.1,-1.4688802040434368,-1.2670444413241455,1.9398481049095324,-1.4688802040434368,-1.2670444413241455,1.9398481049095324,1.9398481049095324,0.0,1.0,0.1,0.0,0.0,0.0,0.0,0.0,0.0,0.0,0.0,1.0,4.6000000000000005,5.883096990118517,21.870936558629495,22.64837071726657,125.88309699011852,61.870936558629495,140.26605754232043,152.11694649575048,45.0,1.0,4.0,-7.879299652176471,-11.01548284768208,13.543420002952221,112.12070034782353,-91.01548284768208,144.41215172028683,1.9398481049095324,39.0
25_LTAN18_693km_SENTINEL1_MY_ALL_HEAT_MY_0p5,14730.839999999998,12.148733161646655,151.71273278650062,152.19837386444388,161.67898053556104,-32.4044018808524,164.89432376001943,173.82771369720768,119.30833090564823,210.83299521822968,1.0,5.800000000000001,12.148733161646655,-8.287267213499376,14.7061386944648,12.148733161646655,151.71273278650062,152.19837386444388,152.19837386444388,57.0,1.0,0.1,-1.613663480648336,0.6388544738086637,1.735524378245217,-1.613663480648336,0.6388544738086637,1.735524378245217,1.735524378245217,0.0,1.0,0.1,-1.613663480648336,-1.2596249532235788,2.0470869184188554,-1.613663480648336,-1.2596249532235788,2.0470869184188554,2.0470869184188554,0.0,1.0,0.1,0.0,0.0,0.0,0.0,0.0,0.0,0.0,0.0,1.0,8.0,13.827713697207685,-0.6916690943517665,13.845001705598538,173.82771369720768,119.30833090564823,210.83299521822968,152.19837386444388,79.0,1.0,7.2,0.0653170549126969,6.335973165924031,6.336309831200795,160.0653170549127,-33.66402683407597,163.567027320836,2.0470869184188554,71.0
25_LTAN18_693km_SENTINEL1_MY_ALL_HEAT_MY_0p5,14790.0,12.011729422988983,151.79816345558896,152.27266357498578,143.29858640948595,-39.47104843399444,148.6352869659007,155.31031583247494,112.32711502159452,191.67335488548648,1.0,5.800000000000001,12.011729422988983,-8.201836544411037,14.544819229964174,12.011729422988983,151.79816345558896,152.27266357498578,152.27266357498578,57.0,1.0,0.1,-1.750667219306008,0.7242851428970027,1.8945777051823347,-1.750667219306008,0.7242851428970027,1.8945777051823347,1.8945777051823347,0.0,1.0,0.1,-1.750667219306008,-1.288559637968575,2.1737574964458055,-1.750667219306008,-1.288559637968575,2.1737574964458055,2.1737574964458055,0.0,1.0,0.1,0.0,0.0,0.0,0.0,0.0,0.0,0.0,0.0,1.0,8.0,-4.6896841675250585,-7.672884978405477,8.99256923704097,155.31031583247494,112.32711502159452,191.67335488548648,152.27266357498578,79.0,1.0,4.2,21.547919190179954,-0.7596080719630152,21.561303899567783,141.54791919017995,-40.759608071963015,147.29955559080872,2.1737574964458055,41.0
25_LTAN18_693km_SENTINEL1_MY_ALL_HEAT_MY_0p5,14849.16,11.882042806354896,151.87796798888584,152.34204968322135,100.69187385305997,-20.992326921686786,102.85684833606132,112.57391665941486,130.88564106719906,172.63817002509194,1.0,5.800000000000001,11.882042806354896,-8.122032011114158,14.39271847989855,11.882042806354896,151.87796798888584,152.34204968322135,152.34204968322135,57.0,1.0,0.1,-1.8803538359400953,0.8040896761938825,2.0450649759105977,-1.8803538359400953,0.8040896761938825,2.0450649759105977,2.0450649759105977,0.0,1.0,0.1,-1.8803538359400953,-1.3231204585046328,2.299212538250464,-1.8803538359400953,-1.3231204585046328,2.299212538250464,2.299212538250464,0.0,1.0,0.1,0.0,0.0,0.0,0.0,0.0,0.0,0.0,0.0,1.0,3.8000000000000003,-7.426083340585137,10.88564106719906,13.177400928301712,112.57391665941486,130.88564106719906,172.63817002509194,152.34204968322135,37.0,0.0,nan,nan,nan,nan,98.81152001711988,-22.315447380191415,101.30002803490122,2.299212538250464,nan
25_LTAN18_693km_SENTINEL1_MY_ALL_HEAT_MY_0p5,14908.32,11.75896890792677,151.95408361022066,152.40838846861257,46.694742501893614,-9.17886332668667,47.588344258737806,58.453711409820386,142.775220283534,154.27767143885154,1.0,5.800000000000001,11.75896890792677,-8.045916389779336,14.248161998268698,11.75896890792677,151.95408361022066,152.40838846861257,152.40838846861257,57.0,1.0,0.1,-2.0034277343682216,0.880205297528704,2.188260508402366,-2.0034277343682216,0.880205297528704,2.188260508402366,2.188260508402366,0.0,1.0,0.1,-2.0034277343682216,-1.3043035032899013,2.3905920428902325,-2.0034277343682216,-1.3043035032899013,2.3905920428902325,2.3905920428902325,0.0,1.0,0.1,0.0,0.0,0.0,0.0,0.0,0.0,0.0,0.0,0.0,nan,nan,nan,nan,58.453711409820386,142.775220283534,154.27767143885154,152.40838846861257,nan,1.0,0.8,4.691314767525398,-10.483166829976568,11.48499982730182,44.6913147675254,-10.483166829976568,45.90436147508377,2.3905920428902325,7.0
25_LTAN18_693km_SENTINEL1_MY_ALL_HEAT_MY_0p5,14967.48,11.642151423187189,152.02571542205084,152.47084258751508,94.15424971038856,8.162723938329245,94.50742193404483,105.79640113357574,160.18843936038007,191.9719109597303,1.0,5.800000000000001,11.642151423187189,-7.974284577949163,14.111304131459194,11.642151423187189,152.02571542205084,152.47084258751508,152.47084258751508,57.0,1.0,0.1,-2.1202452191078027,0.9518371093588769,2.324098464330235,-2.1202452191078027,0.9518371093588769,2.324098464330235,2.324098464330235,0.0,1.0,0.1,-2.1202452191078027,-1.2326716914597284,2.4525332389339156,-2.1202452191078027,-1.2326716914597284,2.4525332389339156,2.4525332389339156,0.0,1.0,0.1,0.0,0.0,0.0,0.0,0.0,0.0,0.0,0.0,1.0,6.4,-14.203598866424258,0.18843936038007314,14.204848825342316,105.79640113357574,160.18843936038007,191.9719109597303,152.47084258751508,63.0,1.0,2.2,12.034004491280754,6.930052246869508,13.886788262247915,92.03400449128075,6.930052246869508,92.29454808841868,2.4525332389339156,21.0
25_LTAN18_693km_SENTINEL1_MY_ALL_HEAT_MY_0p5,15026.64,11.529238857564538,152.09546457919183,152.53181207274426,88.6786202406008,-43.896687077031324,98.94855645291396,100.20785909816533,108.19877750216051,147.4740332329722,1.0,5.800000000000001,11.529238857564538,-7.904535420808173,13.978734880295395,11.529238857564538,152.09546457919183,152.53181207274426,152.53181207274426,57.0,1.0,0.1,-2.2331577847304533,1.0215862664998667,2.4557345523088125,-2.2331577847304533,1.0215862664998667,2.4557345523088125,2.4557345523088125,0.0,1.0,0.1,-2.2331577847304533,-1.2201825373711017,2.544767006232124,-2.2331577847304533,-1.2201825373711017,2.544767006232124,2.544767006232124,0.0,1.0,0.1,0.0,0.0,0.0,0.0,0.0,0.0,0.0,0.0,1.0,3.6,20.20785909816533,-11.80122249783949,23.401419225654163,100.20785909816533,108.19877750216051,147.4740332329722,152.53181207274426,35.0,1.0,2.0,6.4454624558703415,-5.116869614402418,8.22960150437607,86.44546245587034,-45.11686961440242,97.51076813876648,2.544767006232124,19.0
25_LTAN18_693km_SENTINEL1_MY_ALL_HEAT_MY_0p5,15085.8,11.420135914794804,152.1645952812951,152.59254097573944,88.35550594548333,-21.20897137421739,90.86537237933223,99.77564186027813,130.95562390707772,164.6346079702639,1.0,5.800000000000001,11.420135914794804,-7.835404718704893,13.849659613806004,11.420135914794804,152.1645952812951,152.59254097573944,152.59254097573944,57.0,1.0,0.1,-2.3422607275001877,1.0907169686031466,2.583766402209872,-2.3422607275001877,1.0907169686031466,2.583766402209872,2.583766402209872,0.0,1.0,0.1,-2.3422607275001877,-1.2082345121843048,2.6355295392051583,-2.3422607275001877,-1.2082345121843048,2.6355295392051583,2.6355295392051583,0.0,1.0,0.1,0.0,0.0,0.0,0.0,0.0,0.0,0.0,0.0,1.0,3.6,19.775641860278128,10.955623907077722,22.607558607229517,99.77564186027813,130.95562390707772,164.6346079702639,152.59254097573944,35.0,1.0,2.0,6.01324521798314,17.58279411359831,18.582620022289227,86.01324521798314,-22.41720588640169,88.8864976961193,2.6355295392051583,19.0
25_LTAN18_693km_SENTINEL1_MY_ALL_HEAT_MY_0p5,15144.96,11.315485630825853,152.23167598184827,152.65164063089486,84.04956791571738,-24.693413521628703,87.60190944362425,95.36505354654322,127.53826246021957,159.24980951105377,1.0,5.800000000000001,11.315485630825853,-7.768324018151731,13.72541704693957,11.315485630825853,152.23167598184827,152.65164063089486,152.65164063089486,57.0,1.0,0.1,-2.4469110114691386,1.1577976691563094,2.707003683180484,-2.4469110114691386,1.1577976691563094,2.707003683180484,2.707003683180484,0.0,1.0,0.1,-2.4469110114691386,-1.2269278270056247,2.737284309444247,-2.4469110114691386,-1.2269278270056247,2.737284309444247,2.737284309444247,0.0,1.0,0.1,0.0,0.0,0.0,0.0,0.0,0.0,0.0,0.0,1.0,3.6,15.365053546543223,7.5382624602195705,17.114621567750078,95.36505354654322,127.53826246021957,159.24980951105377,152.65164063089486,35.0,1.0,2.0,1.602656904248235,14.079658651365676,14.170578565877644,81.60265690424824,-25.920341348634324,85.62042810837946,2.737284309444247,19.0
25_LTAN18_693km_SENTINEL1_MY_ALL_HEAT_MY_0p5,15204.12,11.217931032308012,152.28411017636324,152.69673273797432,120.745528665095,-160.08010511555236,200.51215111912686,131.963459697403,-7.795994939189114,132.1935408119473,1.0,5.800000000000001,11.217931032308012,-7.715889823636758,13.615319769146826,11.217931032308012,152.28411017636324,152.69673273797432,152.69673273797432,57.0,1.0,0.1,-2.544465609986979,1.2102318636712823,2.817617150049253,-2.544465609986979,1.2102318636712823,2.817617150049253,2.817617150049253,0.0,1.0,0.1,-2.544465609986979,-1.231792298610344,2.8269449070192656,-2.544465609986979,-1.231792298610344,2.8269449070192656,2.8269449070192656,0.0,1.0,0.1,0.0,0.0,0.0,0.0,0.0,0.0,0.0,0.0,1.0,4.4,11.96345969740301,-7.795994939189114,14.279422433111517,131.963459697403,-7.795994939189114,132.1935408119473,152.69673273797432,43.0,1.0,6.5,-1.7989369448919774,-1.3118974141627007,2.226488032077438,118.20106305510802,-161.3118974141627,199.9825481253676,2.8269449070192656,64.0
25_LTAN18_693km_SENTINEL1_MY_ALL_HEAT_MY_0p5,15263.28,11.127023081714706,152.32109932675036,152.72697189026815,61.7729929115654,-102.10876319728517,119.34027892933537,72.9000159932801,50.212336129465186,88.51943872053691,1.0,5.800000000000001,11.127023081714706,-7.678900673249643,13.519473296347222,11.127023081714706,152.32109932675036,152.72697189026815,152.72697189026815,57.0,1.0,0.1,-2.6353735605802857,1.2472210140583968,2.9156052650718114,-2.6353735605802857,1.2472210140583968,2.9156052650718114,2.9156052650718114,0.0,1.0,0.1,-2.6353735605802857,-1.2519858251401104,2.9176467075637134,-2.6353735605802857,-1.2519858251401104,2.9176467075637134,2.9176467075637134,0.0,1.0,0.1,0.0,0.0,0.0,0.0,0.0,0.0,0.0,0.0,1.0,2.4000000000000004,-7.099984006719893,10.212336129465186,12.437909073347427,72.9000159932801,50.212336129465186,88.51943872053691,152.72697189026815,23.0,0.0,nan,nan,nan,nan,59.13761935098512,-103.36074902242528,119.08275467496878,2.9176467075637134,nan
25_LTAN18_693km_SENTINEL1_MY_ALL_HEAT_MY_0p5,15322.44,11.042348341995792,152.34538647436645,152.74504979517357,5.706027137887851,-89.18596572835031,89.36831221745652,16.74837547988364,63.15942074601614,65.3423332165868,1.0,5.800000000000001,11.042348341995792,-7.65461352563355,13.436017458041253,11.042348341995792,152.34538647436645,152.74504979517357,152.74504979517357,57.0,1.0,0.1,-2.720048300299199,1.2715081616744897,3.002564863773204,-2.720048300299199,1.2715081616744897,3.002564863773204,3.002564863773204,0.0,1.0,0.1,-2.720048300299199,-1.284939349042105,3.00827722902616,-2.720048300299199,-1.284939349042105,3.00827722902616,3.00827722902616,0.0,1.0,0.1,0.0,0.0,0.0,0.0,0.0,0.0,0.0,0.0,1.0,1.4000000000000001,16.74837547988364,-16.84057925398386,23.75106715128563,16.74837547988364,63.15942074601614,65.3423332165868,152.74504979517357,13.0,1.0,1.5,2.9859788375886502,-10.470905077392416,10.888338842922254,2.9859788375886502,-90.47090507739242,90.52016756027949,3.00827722902616,14.0
25_LTAN18_693km_SENTINEL1_MY_ALL_HEAT_MY_0p5,15381.6,10.965195450048048,152.36125170949995,152.75531589356672,6.542525594337569,-122.24189369634564,122.41685021115856,17.50772104438562,30.11935801315431,34.83814035353474,1.0,5.800000000000001,10.965195450048048,-7.638748290500047,13.363606799938848,10.965195450048048,152.36125170949995,152.75531589356672,152.75531589356672,57.0,1.0,0.1,-2.797201192246943,1.2873733968079932,3.0792311983215344,-2.797201192246943,1.2873733968079932,3.0792311983215344,3.0792311983215344,0.0,1.0,0.1,-2.797201192246943,-1.2690741139086015,3.07162556580398,-2.797201192246943,-1.2690741139086015,3.07162556580398,3.07162556580398,0.0,1.0,0.1,0.0,0.0,0.0,0.0,0.0,0.0,0.0,0.0,1.0,0.4,17.50772104438562,-9.880641986845689,20.103417178187417,17.50772104438562,30.11935801315431,34.83814035353474,152.75531589356672,3.0,1.0,3.3000000000000003,3.7453244020906276,-3.510967810254243,5.133648784396629,3.7453244020906276,-123.51096781025424,123.56774103423011,3.07162556580398,32.0
25_LTAN18_693km_SENTINEL1_MY_ALL_HEAT_MY_0p5,15440.759999999998,10.895541657789694,152.36865865293694,152.75771983016716,5.170542473744195,-95.17711467663091,95.31745730788954,16.06608413153389,57.191543976306036,59.40531762153345,1.0,5.800000000000001,10.895541657789694,-7.6313413470630564,13.30226291921885,10.895541657789694,152.36865865293694,152.75771983016716,152.75771983016716,57.0,1.0,0.1,-2.866854984505297,1.2947803402449836,3.14568174354428,-2.866854984505297,1.2947803402449836,3.14568174354428,3.14568174354428,0.0,1.0,0.1,-2.866854984505297,-1.2044844935547303,3.1096045403550368,-2.866854984505297,-1.2044844935547303,3.1096045403550368,3.1096045403550368,0.0,1.0,0.1,0.0,0.0,0.0,0.0,0.0,0.0,0.0,0.0,1.0,0.4,16.06608413153389,17.191543976306036,23.53015604731064,16.06608413153389,57.191543976306036,59.40531762153345,152.75771983016716,3.0,1.0,1.5,2.3036874892389,-16.381599170185638,16.542785963092875,2.3036874892389,-96.38159917018564,96.40912630373954,3.1096045403550368,14.0
25_LTAN18_693km_SENTINEL1_MY_ALL_HEAT_MY_0p5,15499.919999999998,10.832022824912832,152.36777282547538,152.7523188507301,131.5392479486669,-146.12596388508248,196.60969221339346,142.37127077357974,6.2418089403929,142.50803107380415,1.0,5.800000000000001,10.832022824912832,-7.6322271745246155,13.250796584469349,10.832022824912832,152.36777282547538,152.7523188507301,152.7523188507301,57.0,1.0,0.1,-2.9303738173821596,1.2938945127834245,3.203319172328906,-2.9303738173821596,1.2938945127834245,3.203319172328906,3.203319172328906,0.0,1.0,0.1,-2.9303738173821596,-1.1767016564227788,3.1578026375673005,-2.9303738173821596,-1.1767016564227788,3.1578026375673005,3.1578026375673005,0.0,1.0,0.1,0.0,0.0,0.0,0.0,0.0,0.0,0.0,0.0,1.0,4.4,22.371270773579738,6.2418089403929,23.225717101376905,142.37127077357974,6.2418089403929,142.50803107380415,152.7523188507301,43.0,1.0,6.5,8.60887413128475,12.697334458494737,15.34063284741479,128.60887413128475,-147.30266554150526,195.54620369863795,3.1578026375673005,64.0
25_LTAN18_693km_SENTINEL1_MY_ALL_HEAT_MY_0p5,15559.08,10.773537218244558,152.35834137923777,152.7387746841818,53.01493971712097,-88.81571246184197,103.43507438637322,63.78847693536552,63.5426289173958,90.03685622825535,1.0,5.800000000000001,10.773537218244558,-7.641658620762229,13.208484041295971,10.773537218244558,152.35834137923777,152.7387746841818,152.7387746841818,57.0,1.0,0.1,-2.9888594240504336,1.2844630665458112,3.253171687147077,-2.9888594240504336,1.2844630665458112,3.253171687147077,3.253171687147077,0.0,1.0,0.1,-2.9888594240504336,-1.1289504257439376,3.194966309763298,-2.9888594240504336,-1.1289504257439376,3.194966309763298,3.194966309763298,0.0,1.0,0.1,0.0,0.0,0.0,0.0,0.0,0.0,0.0,0.0,1.0,1.8,-16.211523064634477,-16.457371082604197,23.101050690947208,63.78847693536552,63.5426289173958,90.03685622825535,152.7387746841818,17.0,1.0,1.7000000000000002,10.026080293070535,-9.944662887585906,14.12156528118699,50.026080293070535,-89.9446628875859,102.92060576701934,3.194966309763298,16.0
25_LTAN18_693km_SENTINEL1_MY_ALL_HEAT_MY_0p5,15618.24,10.72013484897264,152.3397294877996,152.7164512146485,134.03676397568495,28.608628032240667,137.0558561133401,144.75689882465758,180.94835752004025,231.72584630664844,1.0,5.800000000000001,10.72013484897264,-7.660270512200412,13.175774569270862,10.72013484897264,152.3397294877996,152.7164512146485,152.7164512146485,57.0,1.0,0.1,-3.0422617933223517,1.2658511751076276,3.2951078915007157,-3.0422617933223517,1.2658511751076276,3.2951078915007157,3.2951078915007157,0.0,1.0,0.1,-3.0422617933223517,-1.090302314130554,3.2317357496100096,-3.0422617933223517,-1.090302314130554,3.2317357496100096,3.2317357496100096,0.0,1.0,0.1,0.0,0.0,0.0,0.0,0.0,0.0,0.0,0.0,1.0,10.0,-15.243101175342417,-19.051642479959753,24.399123234778997,144.75689882465758,180.94835752004025,231.72584630664844,152.7164512146485,99.0,1.0,4.6000000000000005,10.994502182362595,-12.481674281889894,16.633438343203952,130.9945021823626,27.518325718110106,133.85371811172448,3.2317357496100096,45.0
25_LTAN18_693km_SENTINEL1_MY_ALL_HEAT_MY_0p5,15677.4,10.673786041959463,152.3130831210071,152.68662350807404,140.98478396570079,-81.9477669073114,163.07098396388722,151.65857000766024,70.3653162136957,167.18731884512584,1.0,5.800000000000001,10.673786041959463,-7.686916878992889,13.153645866225624,10.673786041959463,152.3130831210071,152.68662350807404,152.68662350807404,57.0,1.0,0.1,-3.088610600335528,1.2392048083151508,3.3279338931920477,-3.088610600335528,1.2392048083151508,3.3279338931920477,3.3279338931920477,0.0,1.0,0.1,-3.088610600335528,-1.0883573424641781,3.2747575704776497,-3.088610600335528,-1.0883573424641781,3.2747575704776497,3.2747575704776497,0.0,1.0,0.1,0.0,0.0,0.0,0.0,0.0,0.0,0.0,0.0,1.0,7.800000000000001,-8.341429992339755,-9.634683786304294,12.743884257916816,151.65857000766024,70.3653162136957,167.18731884512584,152.68662350807404,77.0,1.0,4.0,17.896173365365257,-3.0361242497755825,18.151888926039742,137.89617336536526,-83.03612424977558,160.96693001742636,3.2747575704776497,39.0
25_LTAN18_693km_SENTINEL1_MY_ALL_HEAT_MY_0p5,15736.56,10.635653540716856,152.28149456385893,152.65245072661216,229.79828620892346,-53.2833426880165,235.89482180108766,240.4339397496403,98.99815187584242,260.0175252908273,1.0,5.800000000000001,10.635653540716856,-7.718505436141072,13.14125003208988,10.635653540716856,152.28149456385893,152.65245072661216,152.65245072661216,57.0,1.0,0.1,-3.1267431015781355,1.207616251166968,3.351844183930545,-3.1267431015781355,1.207616251166968,3.351844183930545,3.351844183930545,0.0,1.0,0.1,-3.1267431015781355,-1.0913545611543327,3.311733262419971,-3.1267431015781355,-1.0913545611543327,3.311733262419971,3.311733262419971,0.0,1.0,0.1,0.0,0.0,0.0,0.0,0.0,0.0,0.0,0.0,1.0,16.2,0.43393974964030235,18.998151875842424,19.00310707236827,240.4339397496403,98.99815187584242,260.0175252908273,152.65245072661216,161.0,1.0,15.600000000000001,-13.328456892654685,-14.374697249170836,19.603052929191254,226.67154310734531,-54.374697249170836,233.10211529628833,3.311733262419971,155.0
25_LTAN18_693km_SENTINEL1_MY_ALL_HEAT_MY_0p5,15795.72,10.605358105567367,152.24703928190627,152.6159709553808,44.60696247488107,-15.070801364051526,47.0840753863782,55.21232058044844,137.17623791785473,147.87062112933083,1.0,5.800000000000001,10.605358105567367,-7.752960718093732,13.137047630408741,10.605358105567367,152.24703928190627,152.6159709553808,152.6159709553808,57.0,1.0,0.1,-3.157038536727624,1.1731609692143081,3.367966594559862,-3.157038536727624,1.1731609692143081,3.367966594559862,3.367966594559862,0.0,1.0,0.1,-3.157038536727624,-1.0971701758136874,3.3422559323125354,-3.157038536727624,-1.0971701758136874,3.3422559323125354,3.3422559323125354,0.0,1.0,0.1,0.0,0.0,0.0,0.0,0.0,0.0,0.0,0.0,1.0,3.4000000000000004,15.212320580448441,17.176237917854735,22.944233403038027,55.21232058044844,137.17623791785473,147.87062112933083,152.6159709553808,33.0,1.0,0.7000000000000001,1.4499239381534466,23.83202846013478,23.87609390061751,41.44992393815345,-16.16797153986522,44.491566596295506,3.3422559323125354,6.0
25_LTAN18_693km_SENTINEL1_MY_ALL_HEAT_MY_0p5,15854.88,10.58574794018126,152.2036472987816,152.57132204482255,48.35227434267604,-88.25711386108824,100.63429127886032,58.938022282857304,63.94653343769335,86.96464574361593,1.0,5.800000000000001,10.58574794018126,-7.79635270121841,13.146907427028129,10.58574794018126,152.2036472987816,152.57132204482255,152.57132204482255,57.0,1.0,0.1,-3.176648702113731,1.1297689860896298,3.3715686169156993,-3.176648702113731,1.1297689860896298,3.3715686169156993,3.3715686169156993,0.0,1.0,0.1,-3.176648702113731,-1.1119708204803374,3.3656464582960233,-3.176648702113731,-1.1119708204803374,3.3656464582960233,3.3656464582960233,0.0,1.0,0.1,0.0,0.0,0.0,0.0,0.0,0.0,0.0,0.0,1.0,1.6,18.938022282857304,-16.053466562306653,24.82664851833806,58.938022282857304,63.94653343769335,86.96464574361593,152.57132204482255,15.0,1.0,1.7000000000000002,5.175625640562316,-9.36908468156858,10.703590450949116,45.175625640562316,-89.36908468156858,100.13825666965451,3.3656464582960233,16.0
25_LTAN18_693km_SENTINEL1_MY_ALL_HEAT_MY_0p5,15914.04,10.577362373274392,152.15010171067303,152.51732375485648,17.137015497916366,43.906495505852064,47.13234184486522,27.714377871190756,196.0565972165251,198.00574752493904,1.0,5.800000000000001,10.577362373274392,-7.849898289326973,13.171996732778952,10.577362373274392,152.15010171067303,152.51732375485648,152.51732375485648,57.0,1.0,0.1,-3.1850342690205995,1.0762233979810674,3.361948854042473,-3.1850342690205995,1.0762233979810674,3.361948854042473,3.361948854042473,0.0,1.0,0.1,-3.1850342690205995,-1.1082660713032624,3.372342951070895,-3.1850342690205995,-1.1082660713032624,3.372342951070895,3.372342951070895,0.0,1.0,0.1,0.0,0.0,0.0,0.0,0.0,0.0,0.0,0.0,1.0,9.4,-12.285622128809244,-3.943402783474909,12.902981694345112,27.714377871190756,196.0565972165251,198.00574752493904,152.51732375485648,93.0,1.0,0.4,13.951981228895765,2.7982294345488015,14.229823195663222,13.951981228895765,42.7982294345488,45.01495554750375,3.372342951070895,3.0
25_LTAN18_693km_SENTINEL1_MY_ALL_HEAT_MY_0p5,15973.2,10.579431022801648,152.0900696030911,152.45757978086664,22.98775690648645,0.9994852633568296,23.009474969746332,33.567187929288096,153.08955486644794,156.72641103109368,1.0,5.800000000000001,10.579431022801648,-7.909930396908891,13.209517767509954,10.579431022801648,152.0900696030911,152.45757978086664,152.45757978086664,57.0,1.0,0.1,-3.182965619493343,1.0161912903991492,3.3412445096939147,-3.182965619493343,1.0161912903991492,3.3412445096939147,3.3412445096939147,0.0,1.0,0.1,-3.182965619493343,-1.1397068404271522,3.3808581480140636,-3.182965619493343,-1.1397068404271522,3.3808581480140636,3.3808581480140636,0.0,1.0,0.1,0.0,0.0,0.0,0.0,0.0,0.0,0.0,0.0,1.0,6.0,-6.432812070711904,-6.910445133552059,9.44115051680303,33.567187929288096,153.08955486644794,156.72641103109368,152.45757978086664,59.0,1.0,0.1,19.804791286993105,-0.1402215770703208,19.805287678093293,19.804791286993105,-0.1402215770703208,19.805287678093293,3.3808581480140636,0.0
25_LTAN18_693km_SENTINEL1_MY_ALL_HEAT_MY_0p5,16032.36,10.59168685520218,152.04111696341803,152.4095964102078,66.89714596037635,-49.721957808726216,83.35167200468535,77.48883281557853,102.31915915469182,128.3500274298523,1.0,5.800000000000001,10.59168685520218,-7.958883036581966,13.248684826376346,10.59168685520218,152.04111696341803,152.4095964102078,152.4095964102078,57.0,1.0,0.1,-3.170709787092811,0.967238650726074,3.3149586967901326,-3.170709787092811,0.967238650726074,3.3149586967901326,3.3149586967901326,0.0,1.0,0.1,-3.170709787092811,-1.1314768031829487,3.3665472386567283,-3.170709787092811,-1.1314768031829487,3.3665472386567283,3.3665472386567283,0.0,1.0,0.1,0.0,0.0,0.0,0.0,0.0,0.0,0.0,0.0,1.0,1.8,-2.511167184421467,22.319159154691818,22.45998276937404,77.48883281557853,102.31915915469182,128.3500274298523,152.4095964102078,17.0,1.0,2.0,-16.273563826716455,-10.853434611909165,19.560826222253553,63.726436173283545,-50.853434611909165,81.52993609205947,3.3665472386567283,19.0
25_LTAN18_693km_SENTINEL1_MY_ALL_HEAT_MY_0p5,16091.52,10.61397028533204,152.00399321315916,152.37411301780907,41.86559567932278,-103.62447685814212,111.76207006721091,52.479565964654824,48.379516355017046,71.37704425502585,1.0,5.800000000000001,10.61397028533204,-7.996006786840837,13.28881069746711,10.61397028533204,152.00399321315916,152.37411301780907,152.37411301780907,57.0,1.0,0.1,-3.1484263569629505,0.9301149004672027,3.282941098053712,-3.1484263569629505,0.9301149004672027,3.282941098053712,3.282941098053712,0.0,1.0,0.1,-3.1484263569629505,-1.1399608861493107,3.3484473039260028,-3.1484263569629505,-1.1399608861493107,3.3484473039260028,3.3484473039260028,0.0,1.0,0.1,0.0,0.0,0.0,0.0,0.0,0.0,0.0,0.0,1.0,0.6000000000000001,12.479565964654824,8.379516355017046,15.031828265722346,52.479565964654824,48.379516355017046,71.37704425502585,152.37411301780907,5.0,1.0,1.7000000000000002,-1.2828306776401632,-24.764437744291428,24.797641648720965,38.71716932235984,-104.76443774429143,111.68977847687674,3.3484473039260028,16.0
25_LTAN18_693km_SENTINEL1_MY_ALL_HEAT_MY_0p5,16150.679999999998,10.648030759384593,151.9741326864403,152.34670185090505,82.49663257204867,-6.765695273245132,82.77360097433247,93.14466333143326,145.20843741319516,172.51498080777756,1.0,5.800000000000001,10.648030759384593,-8.0258673135597,13.333983095372005,10.648030759384593,151.9741326864403,152.34670185090505,152.34670185090505,57.0,1.0,0.1,-3.1143658829103984,0.9002543737483393,3.2418718034631286,-3.1143658829103984,0.9002543737483393,3.2418718034631286,3.2418718034631286,0.0,1.0,0.1,-3.1143658829103984,-1.1984127513266003,3.336984862893216,-3.1143658829103984,-1.1984127513266003,3.336984862893216,3.336984862893216,0.0,1.0,0.1,0.0,0.0,0.0,0.0,0.0,0.0,0.0,0.0,1.0,6.2,13.144663331433264,-14.791562586804844,19.788190868699722,93.14466333143326,145.20843741319516,172.51498080777756,152.34670185090505,61.0,1.0,2.2,-0.6177333108617233,-7.964108024571743,7.988029235699893,79.38226668913828,-7.964108024571743,79.78077012245821,3.336984862893216,21.0
25_LTAN18_693km_SENTINEL1_MY_ALL_HEAT_MY_0p5,16209.839999999998,10.699598172513538,151.943062524486,152.3193213298074,45.83387137857641,-162.39269334141557,168.73686798156152,56.53346955108995,-10.449630816929556,57.491112040854965,1.0,5.800000000000001,10.699598172513538,-8.05693747551399,13.393865854845522,10.699598172513538,151.943062524486,152.3193213298074,152.3193213298074,57.0,1.0,0.1,-3.0627984697814536,0.8691842117940496,3.1837423985818414,-3.0627984697814536,0.8691842117940496,3.1837423985818414,3.1837423985818414,0.0,1.0,0.1,-3.0627984697814536,-1.2008625775218604,3.289803245877793,-3.0627984697814536,-1.2008625775218604,3.289803245877793,3.289803245877793,0.0,1.0,0.1,0.0,0.0,0.0,0.0,0.0,0.0,0.0,0.0,1.0,0.8,16.53346955108995,-10.449630816929556,19.558895664299207,56.53346955108995,-10.449630816929556,57.491112040854965,152.3193213298074,7.0,1.0,6.1000000000000005,2.771072908794963,-3.593555918937426,4.53789479917589,42.77107290879496,-163.59355591893743,169.09233044692465,3.289803245877793,60.0
25_LTAN18_693km_SENTINEL1_MY_ALL_HEAT_MY_0p5,16268.999999999998,10.767551075569168,151.9107663594393,152.29189437418245,61.76840723139151,-10.098541351876555,62.588470738136586,72.53595830696068,141.81222500756274,159.2864476630223,1.0,5.800000000000001,10.767551075569168,-8.089233640560707,13.467585420429668,10.767551075569168,151.9107663594393,152.29189437418245,152.29189437418245,57.0,1.0,0.1,-2.9948455667258234,0.8368880467473332,3.1095790022647574,-2.9948455667258234,0.8368880467473332,3.1095790022647574,3.1095790022647574,0.0,1.0,0.1,-2.9948455667258234,-1.2045674041105485,3.2280152725138933,-2.9948455667258234,-1.2045674041105485,3.2280152725138933,3.2280152725138933,0.0,1.0,0.1,0.0,0.0,0.0,0.0,0.0,0.0,0.0,0.0,1.0,3.6,-7.46404169303932,21.812225007562745,23.05396014085161,72.53595830696068,141.81222500756274,159.2864476630223,152.29189437418245,35.0,1.0,0.8,18.773561664665692,-11.303108755987097,21.913623277009155,58.77356166466569,-11.303108755987097,59.850579097448446,3.2280152725138933,7.0
25_LTAN18_693km_SENTINEL1_MY_ALL_HEAT_MY_0p5,16328.16,10.85112731881622,151.8766948560525,152.2638414216837,131.85072933324014,-127.18194810724668,183.19351175754488,142.70185665205636,24.694746748805812,144.82282419885237,1.0,5.800000000000001,10.85112731881622,-8.123305143947505,13.554890281770769,10.85112731881622,151.8766948560525,152.2638414216837,152.2638414216837,57.0,1.0,0.1,-2.9112693234787717,0.8028165433605352,3.019934349637737,-2.9112693234787717,0.8028165433605352,3.019934349637737,3.019934349637737,0.0,1.0,0.1,-2.9112693234787717,-1.1814562305804657,3.1418669447648395,-2.9112693234787717,-1.1814562305804657,3.1418669447648395,3.1418669447648395,0.0,1.0,0.1,0.0,0.0,0.0,0.0,0.0,0.0,0.0,0.0,1.0,7.6000000000000005,-17.298143347943636,-15.305253251194188,23.097111082756584,142.70185665205636,24.694746748805812,144.82282419885237,152.2638414216837,75.0,1.0,3.9000000000000004,8.939460009761376,-8.363404337827149,12.241751401826,128.93946000976138,-128.36340433782715,181.9410561715122,3.1418669447648395,38.0
25_LTAN18_693km_SENTINEL1_MY_ALL_HEAT_MY_0p5,16387.32,10.95102675004012,151.83963838681478,152.2340328977682,58.953405880372934,-115.30074243069062,129.49812844193715,69.90443263041305,36.538895956124165,78.8778842203087,1.0,5.800000000000001,10.95102675004012,-8.160361613185216,13.65710395867444,10.95102675004012,151.83963838681478,152.2340328977682,152.2340328977682,57.0,1.0,0.1,-2.8113698922548718,0.7657600741228237,2.9137929168349905,-2.8113698922548718,0.7657600741228237,2.9137929168349905,2.9137929168349905,0.0,1.0,0.1,-2.8113698922548718,-1.1612333652323628,3.041753375868275,-2.8113698922548718,-1.1612333652323628,3.041753375868275,3.041753375868275,0.0,1.0,0.1,0.0,0.0,0.0,0.0,0.0,0.0,0.0,0.0,1.0,2.4000000000000004,-10.095567369586945,-3.461104043875835,10.672381258013711,69.90443263041305,36.538895956124165,78.8778842203087,152.2340328977682,23.0,1.0,3.5,16.142035988118067,3.5380242040770185,16.525221363429104,56.14203598811807,-116.46197579592298,129.2877411481123,3.041753375868275,34.0
25_LTAN18_693km_SENTINEL1_MY_ALL_HEAT_MY_0p5,16446.48,11.067838280012223,151.7996406063656,152.20258845503997,136.3908761608512,-22.52041699801444,138.2376225261745,147.45871444086342,129.27922360835117,196.1050486890385,1.0,5.800000000000001,11.067838280012223,-8.200359393634386,13.77472099090474,11.067838280012223,151.7996406063656,152.20258845503997,152.20258845503997,57.0,1.0,0.1,-2.694558362282768,0.7257622936736539,2.7905869767248674,-2.694558362282768,0.7257622936736539,2.7905869767248674,2.7905869767248674,0.0,1.0,0.1,-2.694558362282768,-1.1440484687646517,2.927369410687817,-2.694558362282768,-1.1440484687646517,2.927369410687817,2.927369410687817,0.0,1.0,0.1,0.0,0.0,0.0,0.0,0.0,0.0,0.0,0.0,1.0,8.0,-12.541285559136583,9.279223608351174,15.600892097876633,147.45871444086342,129.27922360835117,196.1050486890385,152.20258845503997,79.0,1.0,4.2,13.69631779856843,16.33553453322091,21.317570446123433,133.69631779856843,-23.66446546677909,135.7744906774619,2.927369410687817,41.0
25_LTAN18_693km_SENTINEL1_MY_ALL_HEAT_MY_0p5,16505.64,11.204460548204134,151.75384934972607,152.1669173264531,116.94706423429582,-74.72512443618552,138.7820595575088,128.15152478249996,77.02872491354054,149.52002463177166,1.0,5.800000000000001,11.204460548204134,-8.246150650273933,13.911827224461785,11.204460548204134,151.75384934972607,152.1669173264531,152.1669173264531,57.0,1.0,0.1,-2.5579360940908575,0.6799710370341074,2.646771178749314,-2.5579360940908575,0.6799710370341074,2.646771178749314,2.646771178749314,0.0,1.0,0.1,-2.5579360940908575,-1.103969052360327,2.785997977390176,-2.5579360940908575,-1.103969052360327,2.785997977390176,2.785997977390176,0.0,1.0,0.1,0.0,0.0,0.0,0.0,0.0,0.0,0.0,0.0,1.0,4.800000000000001,8.151524782499962,-2.971275086459457,8.676164585755949,128.15152478249996,77.02872491354054,149.52002463177166,152.1669173264531,47.0,1.0,4.0,-5.610871859795026,4.170906511454149,6.991304896393112,114.38912814020497,-75.82909348854585,137.24038784545482,2.785997977390176,39.0
25_LTAN18_693km_SENTINEL1_MY_ALL_HEAT_MY_0p5,16564.8,11.361729379190743,151.70193174208882,152.1268056220446,90.84824403791733,-79.99091083073853,121.04523642136498,102.20997341710807,71.71102091135029,124.8573153086116,1.0,5.800000000000001,11.361729379190743,-8.298068257911183,14.069357885096222,11.361729379190743,151.70193174208882,152.1268056220446,152.1268056220446,57.0,1.0,0.1,-2.400667263104248,0.6280534293968572,2.4814621533115497,-2.400667263104248,0.6280534293968572,2.4814621533115497,2.4814621533115497,0.0,1.0,0.1,-2.400667263104248,-1.1272953215387531,2.6521685561260244,-2.400667263104248,-1.1272953215387531,2.6521685561260244,2.6521685561260244,0.0,1.0,0.1,0.0,0.0,0.0,0.0,0.0,0.0,0.0,0.0,1.0,1.8,22.209973417108074,-8.288979088649711,23.706330241535056,102.20997341710807,71.71102091135029,124.8573153086116,152.1268056220446,17.0,1.0,1.9000000000000001,8.447576774813086,-1.1182061522772813,8.521263894831108,88.44757677481309,-81.11820615227728,120.0130709827051,2.6521685561260244,18.0
25_LTAN18_693km_SENTINEL1_MY_ALL_HEAT_MY_0p5,16623.96,11.538522717066876,151.64597234326922,152.08431357121563,142.4015101093827,2.841918980819777,142.42986549500836,153.9400328264496,154.487891324089,218.09182073698204,1.0,5.800000000000001,11.538522717066876,-8.354027656730779,14.2452548092932,11.538522717066876,151.64597234326922,152.08431357121563,152.08431357121563,57.0,1.0,0.1,-2.2238739252281157,0.5720940305772615,2.296281083650615,-2.2238739252281157,0.5720940305772615,2.296281083650615,2.296281083650615,0.0,1.0,0.1,-2.2238739252281157,-1.1260720434418658,2.4927200970688315,-2.2238739252281157,-1.1260720434418658,2.4927200970688315,2.4927200970688315,0.0,1.0,0.1,0.0,0.0,0.0,0.0,0.0,0.0,0.0,0.0,1.0,6.6000000000000005,-6.059967173550405,-5.5121086759110085,8.191858409394165,153.9400328264496,154.487891324089,218.09182073698204,152.08431357121563,65.0,1.0,4.4,20.177636184154608,1.7158469373779042,20.250460061258224,140.1776361841546,1.7158469373779042,140.18813721884501,2.4927200970688315,43.0
25_LTAN18_693km_SENTINEL1_MY_ALL_HEAT_MY_0p5,16683.12,11.736110555417088,151.59010934567115,152.04373562367346,75.84961287372613,-55.12786181751255,93.7669713793982,87.58572342914321,96.4622475281586,130.29283996747523,1.0,5.800000000000001,11.736110555417088,-8.409890654328848,14.438232294389092,11.736110555417088,151.59010934567115,152.04373562367346,152.04373562367346,57.0,1.0,0.1,-2.026286086877903,0.5162310329791922,2.0910116655068496,-2.026286086877903,0.5162310329791922,2.0910116655068496,2.0910116655068496,0.0,1.0,0.1,-2.026286086877903,-1.1532760422131503,2.3314975735389027,-2.026286086877903,-1.1532760422131503,2.3314975735389027,2.3314975735389027,0.0,1.0,0.1,0.0,0.0,0.0,0.0,0.0,0.0,0.0,0.0,1.0,1.8,7.585723429143215,16.4622475281586,18.125914973369376,87.58572342914321,96.4622475281586,130.29283996747523,152.04373562367346,17.0,1.0,1.9000000000000001,-6.176673213151773,23.718862140274297,24.50991051006519,73.82332678684823,-56.2811378597257,92.8302216773354,2.3314975735389027,18.0
25_LTAN18_693km_SENTINEL1_MY_ALL_HEAT_MY_0p5,16742.28,11.954183495174975,151.53412446602408,152.00491235720244,45.83551673489506,-78.41389633004005,90.82749436163651,57.78970023007003,73.12022813598404,93.19987776461784,1.0,5.800000000000001,11.954183495174975,-8.465875533975918,14.648329310644467,11.954183495174975,151.53412446602408,152.00491235720244,152.00491235720244,57.0,1.0,0.1,-1.808213147120016,0.4602461533321218,1.865867440917143,-1.808213147120016,0.4602461533321218,1.865867440917143,1.865867440917143,0.0,1.0,0.1,-1.808213147120016,-1.1806695834017944,2.1595405647007047,-1.808213147120016,-1.1806695834017944,2.1595405647007047,2.1595405647007047,0.0,1.0,0.1,0.0,0.0,0.0,0.0,0.0,0.0,0.0,0.0,1.0,1.6,17.789700230070032,-6.879771864015964,19.073664964464996,57.78970023007003,73.12022813598404,93.19987776461784,152.00491235720244,15.0,1.0,1.7000000000000002,4.027303587775037,0.4054340865581594,4.0476599396007735,44.02730358777504,-79.59456591344184,90.95987238425165,2.1595405647007047,16.0
25_LTAN18_693km_SENTINEL1_MY_ALL_HEAT_MY_0p5,16801.44,12.190825627336396,151.47647520581336,151.96624220613444,94.12354972136676,-135.50799149076963,164.9898735377814,106.31437534870315,15.968483715043732,107.50692479065039,1.0,5.800000000000001,12.190825627336396,-8.523524794186642,14.875036282081341,12.190825627336396,151.47647520581336,151.96624220613444,151.96624220613444,57.0,1.0,0.1,-1.5715710149585949,0.4025968931213981,1.622319239055307,-1.5715710149585949,0.4025968931213981,1.622319239055307,1.622319239055307,0.0,1.0,0.1,-1.5715710149585949,-1.2382511832441594,2.0007752117275817,-1.5715710149585949,-1.2382511832441594,2.0007752117275817,2.0007752117275817,0.0,1.0,0.1,0.0,0.0,0.0,0.0,0.0,0.0,0.0,0.0,1.0,4.4,-13.685624651296848,15.968483715043732,21.03066319101233,106.31437534870315,15.968483715043732,107.50692479065039,151.96624220613444,43.0,1.0,3.7,12.551978706408164,-16.746242674013786,20.928182270399986,92.55197870640816,-136.74624267401379,165.12238990497835,2.0007752117275817,36.0
25_LTAN18_693km_SENTINEL1_MY_ALL_HEAT_MY_0p5,16860.6,12.441863779790957,151.41428392044995,151.92460416093735,21.745714134929113,8.994564656177591,23.532494058051196,34.187577914720066,160.40884857662755,164.0115519875185,1.0,5.800000000000001,12.441863779790957,-8.585716079550053,15.116695899353086,12.441863779790957,151.41428392044995,151.92460416093735,151.92460416093735,57.0,1.0,0.1,-1.3205328625040345,0.3404056077579867,1.3637019537810244,-1.3205328625040345,0.3404056077579867,1.3637019537810244,1.3637019537810244,0.0,1.0,0.1,-1.3205328625040345,-1.2146684532326617,1.7942203020342085,-1.3205328625040345,-1.2146684532326617,1.7942203020342085,1.7942203020342085,0.0,1.0,0.1,0.0,0.0,0.0,0.0,0.0,0.0,0.0,0.0,1.0,6.0,-5.812422085279934,0.40884857662754825,5.826783645894218,34.187577914720066,160.40884857662755,164.0115519875185,151.92460416093735,59.0,1.0,0.1,20.425181272425075,7.77989620294494,21.8566881054752,20.425181272425075,7.77989620294494,21.8566881054752,1.7942203020342085,0.0
25_LTAN18_693km_SENTINEL1_MY_ALL_HEAT_MY_0p5,16919.76,12.70620084236694,151.34750331857992,151.87993383134628,24.849498606414976,-110.01740602510618,112.78886119419457,37.555699448781915,41.33009729347374,55.84449393964676,1.0,5.800000000000001,12.70620084236694,-8.652496681420075,15.372483165336423,12.70620084236694,151.34750331857992,151.87993383134628,151.87993383134628,57.0,1.0,0.1,-1.0561957999280516,0.2736250058879648,1.0910637981496982,-1.0561957999280516,0.2736250058879648,1.0910637981496982,1.0910637981496982,0.0,1.0,0.1,-1.0561957999280516,-1.1956750397277744,1.5953646506092805,-1.0561957999280516,-1.1956750397277744,1.5953646506092805,1.5953646506092805,0.0,1.0,0.1,0.0,0.0,0.0,0.0,0.0,0.0,0.0,0.0,1.0,0.6000000000000001,-2.4443005512180846,1.3300972934737416,2.7827619364205782,37.555699448781915,41.33009729347374,55.84449393964676,151.87993383134628,5.0,1.0,3.5,-16.206697193513076,8.786918935166042,18.435481504300455,23.793302806486924,-111.21308106483396,113.72981428972136,1.5953646506092805,34.0
25_LTAN18_693km_SENTINEL1_MY_ALL_HEAT_MY_0p5,16978.92,12.984797729116142,151.27548766546226,151.83174286192425,47.2453270621276,10.484084796174702,48.39459642584892,60.23012479124374,161.75957246163696,172.608885099639,1.0,5.800000000000001,12.984797729116142,-8.724512334537735,15.643595735685604,12.984797729116142,151.27548766546226,151.83174286192425,151.83174286192425,57.0,1.0,0.1,-0.7775989131788492,0.2016093527703049,0.8033096544305868,-0.7775989131788492,0.2016093527703049,0.8033096544305868,0.8033096544305868,0.0,1.0,0.1,-0.7775989131788492,-1.1531610209743803,1.3908416193339925,-0.7775989131788492,-1.1531610209743803,1.3908416193339925,1.3908416193339925,0.0,1.0,0.1,0.0,0.0,0.0,0.0,0.0,0.0,0.0,0.0,1.0,6.0,20.23012479124374,1.7595724616369637,20.30650251316178,60.23012479124374,161.75957246163696,172.608885099639,151.83174286192425,59.0,1.0,0.8,6.467728148948751,9.330923775200318,11.353309909770921,46.46772814894875,9.330923775200318,47.39531514636444,1.3908416193339925,7.0
25_LTAN18_693km_SENTINEL1_MY_ALL_HEAT_MY_0p5,17038.079999999998,13.279832948083929,151.19620879417306,151.77828407535839,169.65268639576638,-80.89532721878209,187.9523555775082,182.93251934385032,70.30088157539097,195.97581632376307,1.0,5.800000000000001,13.279832948083929,-8.80379120582694,15.933006706984443,13.279832948083929,151.19620879417306,151.77828407535839,151.77828407535839,57.0,1.0,0.1,-0.4825636942110627,0.12233048148110015,0.4978277469868728,-0.4825636942110627,0.12233048148110015,0.4978277469868728,0.4978277469868728,0.0,1.0,0.1,-0.4825636942110627,-1.1466658768887044,1.244070075273724,-0.4825636942110627,-1.1466658768887044,1.244070075273724,1.244070075273724,0.0,1.0,0.1,0.0,0.0,0.0,0.0,0.0,0.0,0.0,0.0,1.0,7.800000000000001,22.932519343850316,-9.699118424609026,24.89926387808803,182.93251934385032,70.30088157539097,195.97581632376307,151.77828407535839,77.0,1.0,7.0,9.170122701555329,-2.04199309567079,9.39472650822511,169.17012270155533,-82.04199309567079,188.01441180390768,1.244070075273724,69.0
25_LTAN18_693km_SENTINEL1_MY_ALL_HEAT_MY_0p5,17097.239999999998,13.58969510320028,151.10946479756828,151.7193137487956,122.78761680511502,-122.52715589409614,173.46383707325253,136.3773119083153,28.58230890347214,139.3403013689558,1.0,5.800000000000001,13.58969510320028,-8.890535202431721,16.239502122405824,13.58969510320028,151.10946479756828,151.7193137487956,151.7193137487956,57.0,1.0,0.1,-0.17270153909471198,0.03558648487631899,0.17632985995439004,-0.17270153909471198,0.03558648487631899,0.17632985995439004,0.17632985995439004,0.0,1.0,0.1,-0.17270153909471198,-1.118860870088156,1.1321110670866652,-0.17270153909471198,-1.118860870088156,1.1321110670866652,1.1321110670866652,0.0,1.0,0.1,0.0,0.0,0.0,0.0,0.0,0.0,0.0,0.0,1.0,4.6000000000000005,16.377311908315306,-11.41769109652786,19.96446882133301,136.3773119083153,28.58230890347214,139.3403013689558,151.7193137487956,45.0,1.0,3.9000000000000004,2.6149152660203185,-3.6460167641842958,4.486782822154314,122.61491526602032,-123.6460167641843,174.1343013519803,1.1321110670866652,38.0
25_LTAN18_693km_SENTINEL1_MY_ALL_HEAT_MY_0p5,17156.399999999998,13.906442959415855,151.0157595304074,151.65470247351158,192.76142401485166,-105.50201846155466,219.74449364590606,206.6678669742675,45.51374106885274,211.62019720663739,1.0,5.800000000000001,13.906442959415855,-8.984240469592606,16.556138819149602,13.906442959415855,151.0157595304074,151.65470247351158,151.65470247351158,57.0,1.0,0.1,0.14404631712086413,-0.05811878228456635,0.15532911617055373,0.14404631712086413,-0.05811878228456635,0.15532911617055373,0.15532911617055373,0.0,1.0,0.1,0.14404631712086413,-1.0982007834161038,1.107607467549686,0.14404631712086413,-1.0982007834161038,1.107607467549686,1.107607467549686,0.0,1.0,0.1,0.0,0.0,0.0,0.0,0.0,0.0,0.0,0.0,1.0,11.4,6.667866974267497,5.513741068852738,8.652270832612704,206.6678669742675,45.51374106885274,211.62019720663739,151.65470247351158,113.0,1.0,10.600000000000001,-7.094529668027491,13.39978075502924,15.162007633996701,192.9054703319725,-106.60021924497076,220.39992565124734,1.107607467549686,105.0
25_LTAN18_693km_SENTINEL1_MY_ALL_HEAT_MY_0p5,17215.559999999998,14.2248865553215,150.9151402859505,151.58405907297737,191.0400575867537,-101.77666048107645,216.45967804981714,205.2649441420752,49.138479804874066,211.0646523963292,1.0,5.800000000000001,14.2248865553215,-9.084859714049486,16.878449974323047,14.2248865553215,150.9151402859505,151.58405907297737,151.58405907297737,57.0,1.0,0.1,0.4624899130265092,-0.158738026741446,0.48897308799670774,0.4624899130265092,-0.158738026741446,0.48897308799670774,0.48897308799670774,0.0,1.0,0.1,0.4624899130265092,-1.084454674040046,1.1789566827066085,0.4624899130265092,-1.084454674040046,1.1789566827066085,1.1789566827066085,0.0,1.0,0.1,0.0,0.0,0.0,0.0,0.0,0.0,0.0,0.0,1.0,11.4,5.264944142075194,9.138479804874066,10.546632162129438,205.2649441420752,49.138479804874066,211.0646523963292,151.58405907297737,113.0,1.0,10.600000000000001,-8.497452500219794,17.138884844883506,19.129769280356445,191.5025474997802,-102.8611151551165,217.37901165903693,1.1789566827066085,105.0
25_LTAN18_693km_SENTINEL1_MY_ALL_HEAT_MY_0p5,17274.719999999998,14.545838400540491,150.8077798667679,151.5076495861452,121.9342731424641,-109.49785607114177,163.88333487867985,136.4801115430046,41.30992379562613,142.59498816855876,1.0,5.800000000000001,14.545838400540491,-9.192220133232098,17.20692667946359,14.545838400540491,150.8077798667679,151.5076495861452,151.5076495861452,57.0,1.0,0.1,0.7834417582455,-0.26609844592405807,0.8273991609169056,0.7834417582455,-0.26609844592405807,0.8273991609169056,0.8273991609169056,0.0,1.0,0.1,0.7834417582455,-1.0772564240510007,1.332014411229079,0.7834417582455,-1.0772564240510007,1.332014411229079,1.332014411229079,0.0,1.0,0.1,0.0,0.0,0.0,0.0,0.0,0.0,0.0,0.0,1.0,4.6000000000000005,16.480111543004597,1.3099237956261334,16.532089305959513,136.4801115430046,41.30992379562613,142.59498816855876,151.5076495861452,45.0,1.0,3.9000000000000004,2.717714900709609,9.42488750480723,9.808897938087158,122.71771490070961,-110.57511249519277,165.18623748295855,1.332014411229079,38.0
25_LTAN18_693km_SENTINEL1_MY_ALL_HEAT_MY_0p5,17333.879999999997,14.869311830871428,150.6889870975337,151.42082837841156,118.76563888584352,-99.81586670053893,155.14020827993735,133.63495071671494,50.873120396994764,142.99081939756118,1.0,5.800000000000001,14.869311830871428,-9.311012902466302,17.54398459853368,14.869311830871428,150.6889870975337,151.42082837841156,151.42082837841156,57.0,1.0,0.1,1.106915188576437,-0.3848912151582624,1.171922558110054,1.106915188576437,-0.3848912151582624,1.171922558110054,1.171922558110054,0.0,1.0,0.1,1.106915188576437,-1.0816838394514434,1.5476760524191182,1.106915188576437,-1.0816838394514434,1.5476760524191182,1.5476760524191182,0.0,1.0,0.1,0.0,0.0,0.0,0.0,0.0,0.0,0.0,0.0,1.0,4.6000000000000005,13.63495071671494,10.873120396994764,17.439513416801194,133.63495071671494,50.873120396994764,142.99081939756118,151.42082837841156,45.0,1.0,3.9000000000000004,-0.12744592558004797,19.102449460009623,19.10287459614832,119.87255407441995,-100.89755053999038,156.6835821817163,1.5476760524191182,38.0
25_LTAN18_693km_SENTINEL1_MY_ALL_HEAT_MY_0p5,17393.039999999997,15.195253051781732,150.55943500450158,151.32428484609605,169.47142928229636,-127.54913974096196,212.1069267884569,184.66668233407808,23.010295263539618,186.09475342521233,1.0,5.800000000000001,15.195253051781732,-9.44056499549842,17.88910234589517,15.195253051781732,150.55943500450158,151.32428484609605,151.32428484609605,57.0,1.0,0.1,1.4328564094867406,-0.5144433081903799,1.5224090802242007,1.4328564094867406,-0.5144433081903799,1.5224090802242007,1.5224090802242007,0.0,1.0,0.1,1.4328564094867406,-1.096696594846179,1.8043893458326667,1.4328564094867406,-1.096696594846179,1.8043893458326667,1.8043893458326667,0.0,1.0,0.1,0.0,0.0,0.0,0.0,0.0,0.0,0.0,0.0,1.0,11.4,-15.333317665921925,-16.989704736460382,22.885818702335683,184.66668233407808,23.010295263539618,186.09475342521233,151.32428484609605,113.0,1.0,6.800000000000001,10.904285691783087,-8.645836335808156,13.915959628915497,170.9042856917831,-128.64583633580816,213.9112574745849,1.8043893458326667,67.0
25_LTAN18_693km_SENTINEL1_MY_ALL_HEAT_MY_0p5,17452.2,15.522337441177951,150.4234618800028,151.22222337871656,54.9996146889854,53.213635218027775,76.52874354812174,70.52195213016336,203.63709709803058,215.50269846747113,1.0,5.800000000000001,15.522337441177951,-9.576538119997196,18.238778522739793,15.522337441177951,150.4234618800028,151.22222337871656,151.22222337871656,57.0,1.0,0.1,1.75994079888296,-0.6504164326891555,1.8762817356369694,1.75994079888296,-0.6504164326891555,1.8762817356369694,1.8762817356369694,0.0,1.0,0.1,1.75994079888296,-1.1468957039696477,2.100657366482413,1.75994079888296,-1.1468957039696477,2.100657366482413,2.100657366482413,0.0,1.0,0.1,0.0,0.0,0.0,0.0,0.0,0.0,0.0,0.0,1.0,9.600000000000001,-9.478047869836644,3.63709709803058,10.151939062239165,70.52195213016336,203.63709709803058,215.50269846747113,151.22222337871656,95.0,1.0,0.6000000000000001,16.75955548786837,12.066739514058128,20.651607749787196,56.75955548786837,52.06673951405813,77.02332440764415,2.100657366482413,5.0
25_LTAN18_693km_SENTINEL1_MY_ALL_HEAT_MY_0p5,17511.36,15.842411445213452,150.2986682595379,151.13130609172293,111.79206607545987,-116.19088025248459,161.23829164087294,127.63447752067333,34.1077880070533,132.11321302091383,1.0,5.800000000000001,15.842411445213452,-9.701331740462109,18.576809143066733,15.842411445213452,150.2986682595379,151.13130609172293,151.13130609172293,57.0,1.0,0.1,2.080014802918461,-0.7752100531540691,2.219777512921297,2.080014802918461,-0.7752100531540691,2.219777512921297,2.219777512921297,0.0,1.0,0.1,2.080014802918461,-1.1859153090596521,2.3943384682667515,2.080014802918461,-1.1859153090596521,2.3943384682667515,2.3943384682667515,0.0,1.0,0.1,0.0,0.0,0.0,0.0,0.0,0.0,0.0,0.0,1.0,4.6000000000000005,7.634477520673329,-5.892211992946699,9.643827517303038,127.63447752067333,34.1077880070533,132.11321302091383,151.13130609172293,45.0,1.0,3.9000000000000004,-6.127919121621659,2.6232044384557582,6.665777845613395,113.87208087837834,-117.37679556154424,163.5364269509044,2.3943384682667515,38.0
25_LTAN18_693km_SENTINEL1_MY_ALL_HEAT_MY_0p5,17570.52,16.154048097478313,150.18585813902263,151.05212760795615,155.05249172965236,-55.807578115102245,164.79005117617737,171.20653982713068,94.37828002392038,195.49664708084487,1.0,5.800000000000001,16.154048097478313,-9.814141860977372,18.90160443991544,16.154048097478313,150.18585813902263,151.05212760795615,151.05212760795615,57.0,1.0,0.1,2.3916514551833217,-0.8880201736693323,2.551191194701842,2.3916514551833217,-0.8880201736693323,2.551191194701842,2.551191194701842,0.0,1.0,0.1,2.3916514551833217,-1.1841860919363398,2.6687625191118003,2.3916514551833217,-1.1841860919363398,2.6687625191118003,2.6687625191118003,0.0,1.0,0.1,0.0,0.0,0.0,0.0,0.0,0.0,0.0,0.0,1.0,7.800000000000001,11.206539827130683,14.378280023920382,18.229686539908855,171.20653982713068,94.37828002392038,195.49664708084487,151.05212760795615,77.0,1.0,7.0,-2.5558568151643044,23.008235792961415,23.14975849472587,157.4441431848357,-56.991764207038585,167.44168958368084,2.6687625191118003,69.0
25_LTAN18_693km_SENTINEL1_MY_ALL_HEAT_MY_0p5,17629.68,16.457586503255737,150.08110432257874,150.9807604570758,145.5361964792923,-70.57860830128237,161.74710023801052,161.99378298254803,79.50249602129637,180.45119173508695,1.0,5.800000000000001,16.457586503255737,-9.918895677421261,19.215531347628968,16.457586503255737,150.08110432257874,150.9807604570758,150.9807604570758,57.0,1.0,0.1,2.6951898609607454,-0.9927739901132213,2.872220148608203,2.6951898609607454,-0.9927739901132213,2.872220148608203,2.872220148608203,0.0,1.0,0.1,2.6951898609607454,-1.1745745545476893,2.94001254603046,2.6951898609607454,-1.1745745545476893,2.94001254603046,2.94001254603046,0.0,1.0,0.1,0.0,0.0,0.0,0.0,0.0,0.0,0.0,0.0,1.0,7.800000000000001,1.9937829825480264,-0.4975039787036337,2.0549162489804904,161.99378298254803,79.50249602129637,180.45119173508695,150.9807604570758,77.0,1.0,7.0,-11.768613659746961,8.246817144169938,14.370464866585145,148.23138634025304,-71.75318285583006,164.6847386563052,2.94001254603046,69.0
25_LTAN18_693km_SENTINEL1_MY_ALL_HEAT_MY_0p5,17688.84,16.752440104426103,149.97802761971735,150.91074520441904,96.126472726868,-0.6578115976929269,96.12872346498395,112.8789128312941,149.32021602202443,187.18487084921935,1.0,5.800000000000001,16.752440104426103,-10.021972380282648,19.521377508862745,16.752440104426103,149.97802761971735,150.91074520441904,150.91074520441904,57.0,1.0,0.1,2.990043462131112,-1.095850692974608,3.1845327203101457,2.990043462131112,-1.095850692974608,3.1845327203101457,3.1845327203101457,0.0,1.0,0.1,2.990043462131112,-1.1917419212966536,3.218789945369043,2.990043462131112,-1.1917419212966536,3.218789945369043,3.218789945369043,0.0,1.0,0.1,0.0,0.0,0.0,0.0,0.0,0.0,0.0,0.0,1.0,6.4,-7.121087168705898,-10.679783977975575,12.836185893034253,112.8789128312941,149.32021602202443,187.18487084921935,150.91074520441904,63.0,1.0,2.2,19.116516188999114,-1.8495535189895804,19.20578140622953,99.11651618899911,-1.8495535189895804,99.13377138827984,3.218789945369043,21.0
25_LTAN18_693km_SENTINEL1_MY_ALL_HEAT_MY_0p5,17748.0,17.038674394098592,149.87665895241304,150.84206748730952,27.459454594256805,-94.7428298383015,98.64190515386149,44.4981289883554,55.133829114111535,70.85070639202101,1.0,5.800000000000001,17.038674394098592,-10.123341047586962,19.819143752288344,17.038674394098592,149.87665895241304,150.84206748730952,150.84206748730952,57.0,1.0,0.1,3.276277751803601,-1.1972193602789218,3.4881700221735077,3.276277751803601,-1.1972193602789218,3.4881700221735077,3.4881700221735077,0.0,1.0,0.1,3.276277751803601,-1.235927911684115,3.501644429385016,3.276277751803601,-1.235927911684115,3.501644429385016,3.501644429385016,0.0,1.0,0.1,0.0,0.0,0.0,0.0,0.0,0.0,0.0,0.0,1.0,0.6000000000000001,4.498128988355397,15.133829114111535,15.788158475611178,44.4981289883554,55.133829114111535,70.85070639202101,150.84206748730952,5.0,1.0,1.7000000000000002,-9.264267653939594,-15.978757749985618,18.47017472566399,30.735732346060406,-95.97875774998562,100.77999395752654,3.501644429385016,16.0
