case_name,time_s,thermal_los_x_urad,thermal_los_y_urad,thermal_los_norm_urad,nonthermal_error_x_urad,nonthermal_error_y_urad,nonthermal_error_norm_urad,thermal_plus_nonthermal_error_x_urad,thermal_plus_nonthermal_error_y_urad,thermal_plus_nonthermal_error_norm_urad,no_correction_success,no_correction_acquisition_time_s,no_correction_residual_x_urad,no_correction_residual_y_urad,no_correction_residual_norm_urad,no_correction_pointing_error_x_urad,no_correction_pointing_error_y_urad,no_correction_pointing_error_norm_urad,no_correction_thermal_residual_norm_urad,no_correction_scan_index,bcase_correction_success,bcase_correction_acquisition_time_s,bcase_correction_residual_x_urad,bcase_correction_residual_y_urad,bcase_correction_residual_norm_urad,bcase_correction_pointing_error_x_urad,bcase_correction_pointing_error_y_urad,bcase_correction_pointing_error_norm_urad,bcase_correction_thermal_residual_norm_urad,bcase_correction_scan_index,bcase_correction_with_nonthermal_success,bcase_correction_with_nonthermal_acquisition_time_s,bcase_correction_with_nonthermal_residual_x_urad,bcase_correction_with_nonthermal_residual_y_urad,bcase_correction_with_nonthermal_residual_norm_urad,bcase_correction_with_nonthermal_pointing_error_x_urad,bcase_correction_with_nonthermal_pointing_error_y_urad,bcase_correction_with_nonthermal_pointing_error_norm_urad,bcase_correction_with_nonthermal_thermal_residual_norm_urad,bcase_correction_with_nonthermal_scan_index,bcase_delta_b_success,bcase_delta_b_acquisition_time_s,bcase_delta_b_residual_x_urad,bcase_delta_b_residual_y_urad,bcase_delta_b_residual_norm_urad,bcase_delta_b_pointing_error_x_urad,bcase_delta_b_pointing_error_y_urad,bcase_delta_b_pointing_error_norm_urad,bcase_delta_b_thermal_residual_norm_urad,bcase_delta_b_scan_index,bcase_delta_b_with_nonthermal_success,bcase_delta_b_with_nonthermal_acquisition_time_s,bcase_delta_b_with_nonthermal_residual_x_urad,bcase_delta_b_with_nonthermal_residual_y_urad,bcase_delta_b_with_nonthermal_residual_norm_urad,bcase_delta_b_with_nonthermal_pointing_error_x_urad,bcase_delta_b_with_nonthermal_pointing_error_y_urad,bcase_delta_b_with_nonthermal_pointing_error_norm_urad,bcase_delta_b_with_nonthermal_thermal_residual_norm_urad,bcase_delta_b_with_nonthermal_scan_index,bcase_delta_b_slow_b_success,bcase_delta_b_slow_b_acquisition_time_s,bcase_delta_b_slow_b_residual_x_urad,bcase_delta_b_slow_b_residual_y_urad,bcase_delta_b_slow_b_residual_norm_urad,bcase_delta_b_slow_b_pointing_error_x_urad,bcase_delta_b_slow_b_pointing_error_y_urad,bcase_delta_b_slow_b_pointing_error_norm_urad,bcase_delta_b_slow_b_thermal_residual_norm_urad,bcase_delta_b_slow_b_scan_index,bcase_delta_b_slow_b_with_nonthermal_success,bcase_delta_b_slow_b_with_nonthermal_acquisition_time_s,bcase_delta_b_slow_b_with_nonthermal_residual_x_urad,bcase_delta_b_slow_b_with_nonthermal_residual_y_urad,bcase_delta_b_slow_b_with_nonthermal_residual_norm_urad,bcase_delta_b_slow_b_with_nonthermal_pointing_error_x_urad,bcase_delta_b_slow_b_with_nonthermal_pointing_error_y_urad,bcase_delta_b_slow_b_with_nonthermal_pointing_error_norm_urad,bcase_delta_b_slow_b_with_nonthermal_thermal_residual_norm_urad,bcase_delta_b_slow_b_with_nonthermal_scan_index
16_LTAN06_800km_1213COLD_PY_STTLCT_HEAT_PY_0p5,0.0,24.111886321903004,-1222.0690271548897,1222.3068723496972,110.51902705067087,-150.7636293548363,186.933483561585,134.63091337257387,-1372.832656509726,1379.4183504706193,1.0,378.70000000000005,-15.888113678096996,17.93097284511032,23.957294158986663,24.111886321903004,-1222.0690271548897,1222.3068723496972,1222.3068723496972,3786.0,1.0,0.1,1.4094614552250917,-0.33529481759069313,1.4487940531588366,1.4094614552250917,-0.33529481759069313,1.4487940531588366,1.4487940531588366,0.0,1.0,6.5,-8.071511494104044,8.901075827573095,12.01575834842145,111.92848850589596,-151.0989241724269,188.03954750338903,1.4487940531588366,64.0,1.0,0.1,1.4094614552250917,-0.33529481759069313,1.4487940531588366,1.4094614552250917,-0.33529481759069313,1.4487940531588366,1.4487940531588366,0.0,1.0,6.5,-8.071511494104044,8.901075827573095,12.01575834842145,111.92848850589596,-151.0989241724269,188.03954750338903,1.4487940531588366,64.0,1.0,0.1,1.4094614552250917,-0.33529481759069313,1.4487940531588366,1.4094614552250917,-0.33529481759069313,1.4487940531588366,1.4487940531588366,0.0,1.0,6.5,-8.071511494104044,8.901075827573095,12.01575834842145,111.92848850589596,-151.0989241724269,188.03954750338903,1.4487940531588366,64.0
16_LTAN06_800km_1213COLD_PY_STTLCT_HEAT_PY_0p5,60.5,23.669409362364785,-1230.598011653689,1230.825620153227,78.30947421187598,-85.8462312639348,116.19788799096757,101.97888357424077,-1316.4442429176238,1320.3882525249928,1.0,378.70000000000005,-16.330590637635215,9.4019883463111,18.843714480913487,23.669409362364785,-1230.598011653689,1230.825620153227,1230.825620153227,3786.0,1.0,0.1,0.966984495686873,-0.15915471447669916,0.9799945091881667,0.966984495686873,-0.15915471447669916,0.9799945091881667,0.9799945091881667,0.0,1.0,1.9000000000000001,-0.7235412924371474,-6.005385978411596,6.048815813989067,79.27645870756285,-86.0053859784116,116.9687279682372,0.9799945091881667,18.0,1.0,0.1,0.966984495686873,-0.15915471447669916,0.9799945091881667,0.966984495686873,-0.15915471447669916,0.9799945091881667,0.9799945091881667,0.0,1.0,1.9000000000000001,-0.7235412924371474,-6.005385978411596,6.048815813989067,79.27645870756285,-86.0053859784116,116.9687279682372,0.9799945091881667,18.0,1.0,0.1,0.966984495686873,-0.15915471447669916,0.9799945091881667,0.966984495686873,-0.15915471447669916,0.9799945091881667,0.9799945091881667,0.0,1.0,1.9000000000000001,-0.7235412924371474,-6.005385978411596,6.048815813989067,79.27645870756285,-86.0053859784116,116.9687279682372,0.9799945091881667,18.0
16_LTAN06_800km_1213COLD_PY_STTLCT_HEAT_PY_0p5,121.0,23.223202054518566,-1239.1105632986378,1239.3281668678123,52.852580130670106,-38.309133923779804,65.27622054361757,76.07578218518867,-1277.4196972224177,1279.6830105486677,1.0,378.5,23.223202054518566,0.8894367013622286,23.24022829730219,23.223202054518566,-1239.1105632986378,1239.3281668678123,1239.3281668678123,3784.0,1.0,0.1,0.520777187840654,-0.004955012537266157,0.5208007599115656,0.520777187840654,-0.004955012537266157,0.5208007599115656,0.5208007599115656,0.0,1.0,0.7000000000000001,13.373357318510756,1.6859110636828518,13.479205543473748,53.373357318510756,-38.31408893631715,65.70148158504072,0.5208007599115656,6.0,1.0,0.1,0.520777187840654,-0.004955012537266157,0.5208007599115656,0.520777187840654,-0.004955012537266157,0.5208007599115656,0.5208007599115656,0.0,1.0,0.7000000000000001,13.373357318510756,1.6859110636828518,13.479205543473748,53.373357318510756,-38.31408893631715,65.70148158504072,0.5208007599115656,6.0,1.0,0.1,0.520777187840654,-0.004955012537266157,0.5208007599115656,0.520777187840654,-0.004955012537266157,0.5208007599115656,0.5208007599115656,0.0,1.0,0.7000000000000001,13.373357318510756,1.6859110636828518,13.479205543473748,53.373357318510756,-38.31408893631715,65.70148158504072,0.5208007599115656,6.0
16_LTAN06_800km_1213COLD_PY_STTLCT_HEAT_PY_0p5,181.5,22.77165119669096,-1247.5846150544355,1247.7924185611755,114.5551760929829,-134.22133447625416,176.46034964909487,137.32682728967387,-1381.8059495306898,1388.6130993375582,1.0,378.5,22.77165119669096,-7.584615054435517,24.001551694582723,22.77165119669096,-1247.5846150544355,1247.7924185611755,1247.7924185611755,3784.0,1.0,0.1,0.06922633001304845,0.1459891900999537,0.16157081541267257,0.06922633001304845,0.1459891900999537,0.16157081541267257,0.16157081541267257,0.0,1.0,3.9000000000000004,-5.375597577004044,-14.075345286154288,15.066930484818647,114.62440242299596,-134.0753452861543,176.3943078572277,0.16157081541267257,38.0,1.0,0.1,0.06922633001304845,0.1459891900999537,0.16157081541267257,0.06922633001304845,0.1459891900999537,0.16157081541267257,0.16157081541267257,0.0,1.0,3.9000000000000004,-5.375597577004044,-14.075345286154288,15.066930484818647,114.62440242299596,-134.0753452861543,176.3943078572277,0.16157081541267257,38.0,1.0,0.1,0.06922633001304845,0.1459891900999537,0.16157081541267257,0.06922633001304845,0.1459891900999537,0.16157081541267257,0.16157081541267257,0.0,1.0,3.9000000000000004,-5.375597577004044,-14.075345286154288,15.066930484818647,114.62440242299596,-134.0753452861543,176.3943078572277,0.16157081541267257,38.0
16_LTAN06_800km_1213COLD_PY_STTLCT_HEAT_PY_0p5,242.0,22.32545533075468,-1256.0020879957844,1256.200489971842,40.21441966410246,-88.22480532694112,96.95780434754703,62.539874994857136,-1344.2268933227256,1345.680934210052,1.0,378.70000000000005,-17.67454466924532,-16.00208799578445,23.842322653004615,22.32545533075468,-1256.0020879957844,1256.200489971842,1256.200489971842,3786.0,1.0,0.1,-0.3769695359232337,0.2836996908081346,0.47179608474298446,-0.3769695359232337,0.2836996908081346,0.47179608474298446,0.47179608474298446,0.0,1.0,1.7000000000000002,-0.1625498718207723,-7.941105636132988,7.9427691131652605,39.83745012817923,-87.94110563613299,96.54356785006792,0.47179608474298446,16.0,1.0,0.1,-0.3769695359232337,0.2836996908081346,0.47179608474298446,-0.3769695359232337,0.2836996908081346,0.47179608474298446,0.47179608474298446,0.0,1.0,1.7000000000000002,-0.1625498718207723,-7.941105636132988,7.9427691131652605,39.83745012817923,-87.94110563613299,96.54356785006792,0.47179608474298446,16.0,1.0,0.1,-0.3769695359232337,0.2836996908081346,0.47179608474298446,-0.3769695359232337,0.2836996908081346,0.47179608474298446,0.47179608474298446,0.0,1.0,1.7000000000000002,-0.1625498718207723,-7.941105636132988,7.9427691131652605,39.83745012817923,-87.94110563613299,96.54356785006792,0.47179608474298446,16.0
16_LTAN06_800km_1213COLD_PY_STTLCT_HEAT_PY_0p5,302.5,21.88845218903412,-1264.3542455240488,1264.543697352495,66.04928150919149,-85.0054944770445,107.64962461229146,87.9377336982256,-1349.3597400010933,1352.222153695094,1.0,403.70000000000005,-18.11154781096588,15.645754475951207,23.93361228963673,21.88845218903412,-1264.3542455240488,1264.543697352495,1264.543697352495,4036.0,1.0,0.1,-0.8139726776437932,0.39526357865383943,0.9048672922372907,-0.8139726776437932,0.39526357865383943,0.9048672922372907,0.9048672922372907,0.0,1.0,1.9000000000000001,-14.764691168452316,-4.610230898390682,15.467719102577794,65.23530883154768,-84.61023089839068,106.83883512574624,0.9048672922372907,18.0,1.0,0.1,-0.8139726776437932,0.39526357865383943,0.9048672922372907,-0.8139726776437932,0.39526357865383943,0.9048672922372907,0.9048672922372907,0.0,1.0,1.9000000000000001,-14.764691168452316,-4.610230898390682,15.467719102577794,65.23530883154768,-84.61023089839068,106.83883512574624,0.9048672922372907,18.0,1.0,0.1,-0.8139726776437932,0.39526357865383943,0.9048672922372907,-0.8139726776437932,0.39526357865383943,0.9048672922372907,0.9048672922372907,0.0,1.0,1.9000000000000001,-14.764691168452316,-4.610230898390682,15.467719102577794,65.23530883154768,-84.61023089839068,106.83883512574624,0.9048672922372907,18.0
16_LTAN06_800km_1213COLD_PY_STTLCT_HEAT_PY_0p5,363.0,21.460040495479387,-1272.637605191217,1272.8185288896857,41.548195787004396,-51.63022688079566,66.27165986240034,63.00823628248378,-1324.2678320720127,1325.7659404661658,1.0,403.5,21.460040495479387,7.362394808782938,22.687842457757174,21.460040495479387,-1272.637605191217,1272.8185288896857,1272.8185288896857,4034.0,1.0,0.1,-1.2423843711985256,0.47783775717721255,1.3311077522058479,-1.2423843711985256,0.47783775717721255,1.3311077522058479,1.3311077522058479,0.0,1.0,0.7000000000000001,0.3058114158058629,-11.152389123618377,11.156581187202407,40.30581141580586,-51.15238912361838,65.12392300023531,1.3311077522058479,6.0,1.0,0.1,-1.2423843711985256,0.47783775717721255,1.3311077522058479,-1.2423843711985256,0.47783775717721255,1.3311077522058479,1.3311077522058479,0.0,1.0,0.7000000000000001,0.3058114158058629,-11.152389123618377,11.156581187202407,40.30581141580586,-51.15238912361838,65.12392300023531,1.3311077522058479,6.0,1.0,0.1,-1.2423843711985256,0.47783775717721255,1.3311077522058479,-1.2423843711985256,0.47783775717721255,1.3311077522058479,1.3311077522058479,0.0,1.0,0.7000000000000001,0.3058114158058629,-11.152389123618377,11.156581187202407,40.30581141580586,-51.15238912361838,65.12392300023531,1.3311077522058479,6.0
16_LTAN06_800km_1213COLD_PY_STTLCT_HEAT_PY_0p5,423.5,21.04434831099552,-1280.8582442323036,1281.0311106345912,92.5497894418803,-90.18972967701524,129.2271289820735,113.59413775287582,-1371.047973909319,1375.7456795835005,1.0,403.5,21.04434831099552,-0.8582442323036048,21.06184177598869,21.04434831099552,-1280.8582442323036,1281.0311106345912,1281.0311106345912,4034.0,1.0,0.1,-1.658076555682392,0.5711305392965187,1.753684109929926,-1.658076555682392,0.5711305392965187,1.753684109929926,1.753684109929926,0.0,1.0,1.9000000000000001,10.891712886197908,-9.618599137718775,14.53089326116925,90.89171288619791,-89.61859913771877,127.64324025499417,1.753684109929926,18.0,1.0,0.1,-1.658076555682392,0.5711305392965187,1.753684109929926,-1.658076555682392,0.5711305392965187,1.753684109929926,1.753684109929926,0.0,1.0,1.9000000000000001,10.891712886197908,-9.618599137718775,14.53089326116925,90.89171288619791,-89.61859913771877,127.64324025499417,1.753684109929926,18.0,1.0,0.1,-1.658076555682392,0.5711305392965187,1.753684109929926,-1.658076555682392,0.5711305392965187,1.753684109929926,1.753684109929926,0.0,1.0,1.9000000000000001,10.891712886197908,-9.618599137718775,14.53089326116925,90.89171288619791,-89.61859913771877,127.64324025499417,1.753684109929926,18.0
16_LTAN06_800km_1213COLD_PY_STTLCT_HEAT_PY_0p5,484.0,20.64085265878749,-1289.0151803962292,1289.1804296103803,-142.88648003502314,-100.99012594187091,174.9730028163031,-122.24562737623565,-1390.0053063381001,1395.3704687503907,1.0,403.5,20.64085265878749,-9.015180396229198,22.52372695755145,20.64085265878749,-1289.0151803962292,1289.1804296103803,1289.1804296103803,4034.0,1.0,0.1,-2.0615722078904213,0.6606302285899801,2.1648353903410382,-2.0615722078904213,0.6606302285899801,2.1648353903410382,2.1648353903410382,0.0,1.0,6.9,15.051947757086452,19.67050428671905,24.768727665665278,-144.94805224291355,-100.32949571328095,176.2837075826795,2.1648353903410382,68.0,1.0,0.1,-2.0615722078904213,0.6606302285899801,2.1648353903410382,-2.0615722078904213,0.6606302285899801,2.1648353903410382,2.1648353903410382,0.0,1.0,6.9,15.051947757086452,19.67050428671905,24.768727665665278,-144.94805224291355,-100.32949571328095,176.2837075826795,2.1648353903410382,68.0,1.0,0.1,-2.0615722078904213,0.6606302285899801,2.1648353903410382,-2.0615722078904213,0.6606302285899801,2.1648353903410382,2.1648353903410382,0.0,1.0,6.9,15.051947757086452,19.67050428671905,24.768727665665278,-144.94805224291355,-100.32949571328095,176.2837075826795,2.1648353903410382,68.0
16_LTAN06_800km_1213COLD_PY_STTLCT_HEAT_PY_0p5,544.5,20.24873128910448,-1297.104038111307,1297.2620771468953,-28.375404706033123,-42.005041397105714,50.69109482940501,-8.126673416928643,-1339.1090795084128,1339.1337385200532,0.0,nan,nan,nan,nan,20.24873128910448,-1297.104038111307,1297.2620771468953,1297.2620771468953,nan,1.0,0.1,-2.453693577573432,0.7329302710923002,2.5608199770597975,-2.453693577573432,0.7329302710923002,2.5608199770597975,2.5608199770597975,0.0,1.0,0.30000000000000004,9.170901716393445,-1.2721111260134421,9.25870968378831,-30.829098283606555,-41.27211112601344,51.51524490651554,2.5608199770597975,2.0,1.0,0.1,-2.453693577573432,0.7329302710923002,2.5608199770597975,-2.453693577573432,0.7329302710923002,2.5608199770597975,2.5608199770597975,0.0,1.0,0.30000000000000004,9.170901716393445,-1.2721111260134421,9.25870968378831,-30.829098283606555,-41.27211112601344,51.51524490651554,2.5608199770597975,2.0,1.0,0.1,-2.453693577573432,0.7329302710923002,2.5608199770597975,-2.453693577573432,0.7329302710923002,2.5608199770597975,2.5608199770597975,0.0,1.0,0.30000000000000004,9.170901716393445,-1.2721111260134421,9.25870968378831,-30.829098283606555,-41.27211112601344,51.51524490651554,2.5608199770597975,2.0
16_LTAN06_800km_1213COLD_PY_STTLCT_HEAT_PY_0p5,605.0,19.86689638408544,-1305.1033505960456,1305.254553452682,-92.26842398941861,-103.50406638659409,138.65984935824645,-72.40152760533317,-1408.6074169826397,1410.4668859558844,1.0,429.3,19.86689638408544,14.89664940395437,24.83150690957601,19.86689638408544,-1305.1033505960456,1305.254553452682,1305.254553452682,4292.0,1.0,0.1,-2.8355284825924727,0.7607115053153848,2.935796956520047,-2.8355284825924727,0.7607115053153848,2.935796956520047,2.935796956520047,0.0,1.0,2.9000000000000004,-15.103952472011088,17.25664511872128,22.932971482785582,-95.10395247201109,-102.74335488127872,140.0034240583384,2.935796956520047,28.0,1.0,0.1,-2.8355284825924727,0.7607115053153848,2.935796956520047,-2.8355284825924727,0.7607115053153848,2.935796956520047,2.935796956520047,0.0,1.0,2.9000000000000004,-15.103952472011088,17.25664511872128,22.932971482785582,-95.10395247201109,-102.74335488127872,140.0034240583384,2.935796956520047,28.0,1.0,0.1,-2.8355284825924727,0.7607115053153848,2.935796956520047,-2.8355284825924727,0.7607115053153848,2.935796956520047,2.935796956520047,0.0,1.0,2.9000000000000004,-15.103952472011088,17.25664511872128,22.932971482785582,-95.10395247201109,-102.74335488127872,140.0034240583384,2.935796956520047,28.0
16_LTAN06_800km_1213COLD_PY_STTLCT_HEAT_PY_0p5,665.5,19.494885835601632,-1313.014767676552,1313.1594841109184,-11.364691040239247,-50.82654461361933,52.08160750015624,8.130194795362385,-1363.8413122901713,1363.8655451241473,1.0,429.3,19.494885835601632,6.985232323447917,20.708550030257616,19.494885835601632,-1313.014767676552,1313.1594841109184,1313.1594841109184,4292.0,1.0,0.1,-3.20753903107628,0.7561696495140495,3.295466457836274,-3.20753903107628,0.7561696495140495,3.295466457836274,3.295466457836274,0.0,1.0,0.5,-14.572230071315527,-10.070374964105213,17.713337945430546,-14.572230071315527,-50.07037496410521,52.14779322557616,3.295466457836274,4.0,1.0,0.1,-3.20753903107628,0.7561696495140495,3.295466457836274,-3.20753903107628,0.7561696495140495,3.295466457836274,3.295466457836274,0.0,1.0,0.5,-14.572230071315527,-10.070374964105213,17.713337945430546,-14.572230071315527,-50.07037496410521,52.14779322557616,3.295466457836274,4.0,1.0,0.1,-3.20753903107628,0.7561696495140495,3.295466457836274,-3.20753903107628,0.7561696495140495,3.295466457836274,3.295466457836274,0.0,1.0,0.5,-14.572230071315527,-10.070374964105213,17.713337945430546,-14.572230071315527,-50.07037496410521,52.14779322557616,3.295466457836274,4.0
16_LTAN06_800km_1213COLD_PY_STTLCT_HEAT_PY_0p5,726.0,19.131790988526745,-1320.8297764941904,1320.968328121504,-150.19815215095238,-130.25902990014004,198.81373136704167,-131.06636116242564,-1451.0888063943303,1456.9959214326175,1.0,429.3,19.131790988526745,-0.8297764941903552,19.14977690363478,19.131790988526745,-1320.8297764941904,1320.968328121504,1320.968328121504,4292.0,1.0,0.1,-3.570633878151167,0.7301534126552269,3.6445233293001316,-3.570633878151167,0.7301534126552269,3.6445233293001316,3.6445233293001316,0.0,1.0,6.9,6.231213970896448,-9.528876487484695,11.385407970943938,-153.76878602910355,-129.5288764874847,201.053648066814,3.6445233293001316,68.0,1.0,0.1,-3.570633878151167,0.7301534126552269,3.6445233293001316,-3.570633878151167,0.7301534126552269,3.6445233293001316,3.6445233293001316,0.0,1.0,6.9,6.231213970896448,-9.528876487484695,11.385407970943938,-153.76878602910355,-129.5288764874847,201.053648066814,3.6445233293001316,68.0,1.0,0.1,-3.570633878151167,0.7301534126552269,3.6445233293001316,-3.570633878151167,0.7301534126552269,3.6445233293001316,3.6445233293001316,0.0,1.0,6.9,6.231213970896448,-9.528876487484695,11.385407970943938,-153.76878602910355,-129.5288764874847,201.053648066814,3.6445233293001316,68.0
16_LTAN06_800km_1213COLD_PY_STTLCT_HEAT_PY_0p5,786.5,18.77653944511929,-1328.53572417509,1328.6684043970358,-139.97764457855533,-145.52544238982614,201.919279328436,-121.20110513343604,-1474.0611665649162,1479.035506896399,1.0,429.3,18.77653944511929,-8.535724175090081,20.625639886494138,18.77653944511929,-1328.53572417509,1328.6684043970358,1328.6684043970358,4292.0,1.0,0.1,-3.925885421558622,0.687774928745057,3.985675688740466,-3.925885421558622,0.687774928745057,3.985675688740466,3.985675688740466,0.0,1.0,5.1000000000000005,16.09646999988604,15.162332538918918,22.113178751097514,-143.90353000011396,-144.83766746108108,204.1719272134649,3.985675688740466,50.0,1.0,0.1,-3.925885421558622,0.687774928745057,3.985675688740466,-3.925885421558622,0.687774928745057,3.985675688740466,3.985675688740466,0.0,1.0,5.1000000000000005,16.09646999988604,15.162332538918918,22.113178751097514,-143.90353000011396,-144.83766746108108,204.1719272134649,3.985675688740466,50.0,1.0,0.1,-3.925885421558622,0.687774928745057,3.985675688740466,-3.925885421558622,0.687774928745057,3.985675688740466,3.985675688740466,0.0,1.0,5.1000000000000005,16.09646999988604,15.162332538918918,22.113178751097514,-143.90353000011396,-144.83766746108108,204.1719272134649,3.985675688740466,50.0
16_LTAN06_800km_1213COLD_PY_STTLCT_HEAT_PY_0p5,847.0,18.4287637895284,-1336.1374601436444,1336.2645440682466,-111.65878919267627,-74.11899128466736,134.0198122406949,-93.23002540314786,-1410.2564514283117,1413.3347432338333,1.0,429.3,18.4287637895284,-16.137460143644375,24.495651750830064,18.4287637895284,-1336.1374601436444,1336.2645440682466,1336.2645440682466,4292.0,1.0,0.1,-4.273661077149512,0.629257480087972,4.319738878519093,-4.273661077149512,0.629257480087972,4.319738878519093,4.319738878519093,0.0,1.0,4.1000000000000005,4.067549730174221,6.510266195420627,7.676491825220485,-115.93245026982578,-73.48973380457937,137.26279175447934,4.319738878519093,40.0,1.0,0.1,-4.273661077149512,0.629257480087972,4.319738878519093,-4.273661077149512,0.629257480087972,4.319738878519093,4.319738878519093,0.0,1.0,4.1000000000000005,4.067549730174221,6.510266195420627,7.676491825220485,-115.93245026982578,-73.48973380457937,137.26279175447934,4.319738878519093,40.0,1.0,0.1,-4.273661077149512,0.629257480087972,4.319738878519093,-4.273661077149512,0.629257480087972,4.319738878519093,4.319738878519093,0.0,1.0,4.1000000000000005,4.067549730174221,6.510266195420627,7.676491825220485,-115.93245026982578,-73.48973380457937,137.26279175447934,4.319738878519093,40.0
16_LTAN06_800km_1213COLD_PY_STTLCT_HEAT_PY_0p5,907.5,18.088490422146577,-1343.6105081018009,1343.7322616382073,-123.96824435066027,-95.19312549758658,156.3005334264227,-105.8797539285137,-1438.8036335993875,1442.6941527401998,1.0,455.90000000000003,18.088490422146577,16.38949189819914,24.40919766057917,18.088490422146577,-1343.6105081018009,1343.7322616382073,1343.7322616382073,4558.0,1.0,0.1,-4.613934444531335,0.5644236188907144,4.64832927835307,-4.613934444531335,0.5644236188907144,4.64832927835307,4.64832927835307,0.0,1.0,4.1000000000000005,-8.582178795191595,-14.628701878695892,16.960327577272704,-128.5821787951916,-94.62870187869589,159.64951588703838,4.64832927835307,40.0,1.0,0.1,-4.613934444531335,0.5644236188907144,4.64832927835307,-4.613934444531335,0.5644236188907144,4.64832927835307,4.64832927835307,0.0,1.0,4.1000000000000005,-8.582178795191595,-14.628701878695892,16.960327577272704,-128.5821787951916,-94.62870187869589,159.64951588703838,4.64832927835307,40.0,1.0,0.1,-4.613934444531335,0.5644236188907144,4.64832927835307,-4.613934444531335,0.5644236188907144,4.64832927835307,4.64832927835307,0.0,1.0,4.1000000000000005,-8.582178795191595,-14.628701878695892,16.960327577272704,-128.5821787951916,-94.62870187869589,159.64951588703838,4.64832927835307,40.0
16_LTAN06_800km_1213COLD_PY_STTLCT_HEAT_PY_0p5,968.0,17.755621092808827,-1350.941085582676,1351.0577629382433,-100.98117994778111,-64.19307936332615,119.65763720629135,-83.22555885497229,-1415.134164946002,1417.5793446732148,1.0,455.90000000000003,17.755621092808827,9.058914417324104,19.93303817313859,17.755621092808827,-1350.941085582676,1351.0577629382433,1351.0577629382433,4558.0,1.0,0.1,-4.946803773869085,0.48616016318601396,4.970635701943412,-4.946803773869085,0.48616016318601396,4.970635701943412,4.970635701943412,0.0,1.0,4.1000000000000005,14.072016278349793,16.29308079985981,21.528727879020206,-105.92798372165021,-63.70691920014019,123.6095032321843,4.970635701943412,40.0,1.0,0.1,-4.946803773869085,0.48616016318601396,4.970635701943412,-4.946803773869085,0.48616016318601396,4.970635701943412,4.970635701943412,0.0,1.0,4.1000000000000005,14.072016278349793,16.29308079985981,21.528727879020206,-105.92798372165021,-63.70691920014019,123.6095032321843,4.970635701943412,40.0,1.0,0.1,-4.946803773869085,0.48616016318601396,4.970635701943412,-4.946803773869085,0.48616016318601396,4.970635701943412,4.970635701943412,0.0,1.0,4.1000000000000005,14.072016278349793,16.29308079985981,21.528727879020206,-105.92798372165021,-63.70691920014019,123.6095032321843,4.970635701943412,40.0
16_LTAN06_800km_1213COLD_PY_STTLCT_HEAT_PY_0p5,1028.5,17.429792877853412,-1358.134222092096,1358.2460612486486,-177.11166538987064,-16.719811371348573,177.89911216604477,-159.68187251201724,-1374.8540334634447,1384.0960637685691,1.0,455.90000000000003,17.429792877853412,1.8657779079039756,17.529369839400733,17.429792877853412,-1358.134222092096,1358.2460612486486,1358.2460612486486,4558.0,1.0,0.1,-5.2726319888245,0.39855929184045635,5.287674119940427,-5.2726319888245,0.39855929184045635,5.287674119940427,5.287674119940427,0.0,1.0,11.3,17.615702621304848,-16.321252079508213,24.014500791919403,-182.38429737869515,-16.321252079508213,183.11312132057373,5.287674119940427,112.0,1.0,0.1,-5.2726319888245,0.39855929184045635,5.287674119940427,-5.2726319888245,0.39855929184045635,5.287674119940427,5.287674119940427,0.0,1.0,11.3,17.615702621304848,-16.321252079508213,24.014500791919403,-182.38429737869515,-16.321252079508213,183.11312132057373,5.287674119940427,112.0,1.0,0.1,-5.2726319888245,0.39855929184045635,5.287674119940427,-5.2726319888245,0.39855929184045635,5.287674119940427,5.287674119940427,0.0,1.0,11.3,17.615702621304848,-16.321252079508213,24.014500791919403,-182.38429737869515,-16.321252079508213,183.11312132057373,5.287674119940427,112.0
16_LTAN06_800km_1213COLD_PY_STTLCT_HEAT_PY_0p5,1089.0,18.63077433746401,-1319.2089432665657,1319.3404950000217,-159.98045658667985,117.76518821872865,198.65141843408807,-141.34968224921585,-1201.4437550478372,1209.730064607556,1.0,429.3,18.63077433746401,0.7910567334342886,18.64756078335768,18.63077433746401,-1319.2089432665657,1319.3404950000217,1319.3404950000217,4292.0,1.0,0.1,-4.071650529213901,0.005810882385958394,4.071654675730979,-4.071650529213901,0.005810882385958394,4.071654675730979,4.071654675730979,0.0,1.0,8.1,-4.052107115893762,-2.229000898885488,4.624718054747681,-164.05210711589376,117.77099910111451,201.94826584657616,4.071654675730979,80.0,1.0,0.1,-4.071650529213901,0.005810882385958394,4.071654675730979,-4.071650529213901,0.005810882385958394,4.071654675730979,4.071654675730979,0.0,1.0,8.1,-4.052107115893762,-2.229000898885488,4.624718054747681,-164.05210711589376,117.77099910111451,201.94826584657616,4.071654675730979,80.0,1.0,0.1,-4.071650529213901,0.005810882385958394,4.071654675730979,-4.071650529213901,0.005810882385958394,4.071654675730979,4.071654675730979,0.0,1.0,8.1,-4.052107115893762,-2.229000898885488,4.624718054747681,-164.05210711589376,117.77099910111451,201.94826584657616,4.071654675730979,80.0
16_LTAN06_800km_1213COLD_PY_STTLCT_HEAT_PY_0p5,1149.5,19.719318293477667,-1281.7297191274452,1281.8814002896208,-222.56024564229523,71.82422084126138,233.86274102518573,-202.84092734881756,-1209.9054982861837,1226.7908365287324,1.0,403.5,19.719318293477667,-1.7297191274451507,19.795035797374364,19.719318293477667,-1281.7297191274452,1281.8814002896208,1281.8814002896208,4034.0,1.0,0.1,-2.9831065732002457,-0.696990280557884,3.0634490820417875,-2.9831065732002457,-0.696990280557884,3.0634490820417875,3.0634490820417875,0.0,1.0,16.3,14.456647784504526,-8.872769439296462,16.962331876488353,-225.54335221549547,71.12723056070354,236.4928892289122,3.0634490820417875,162.0,1.0,0.1,-2.9831065732002457,-0.696990280557884,3.0634490820417875,-2.9831065732002457,-0.696990280557884,3.0634490820417875,3.0634490820417875,0.0,1.0,16.3,14.456647784504526,-8.872769439296462,16.962331876488353,-225.54335221549547,71.12723056070354,236.4928892289122,3.0634490820417875,162.0,1.0,0.1,-2.9831065732002457,-0.696990280557884,3.0634490820417875,-2.9831065732002457,-0.696990280557884,3.0634490820417875,3.0634490820417875,0.0,1.0,16.3,14.456647784504526,-8.872769439296462,16.962331876488353,-225.54335221549547,71.12723056070354,236.4928892289122,3.0634490820417875,162.0
16_LTAN06_800km_1213COLD_PY_STTLCT_HEAT_PY_0p5,1210.0,20.71173844247732,-1245.7540087411385,1245.9261721321718,-323.2482507017508,170.12761150401394,365.2845955933574,-302.5365122592735,-1075.6263972371246,1117.3631852192564,1.0,378.5,20.71173844247732,-5.7540087411384775,21.49615607271893,20.71173844247732,-1245.7540087411385,1245.9261721321718,1245.9261721321718,3784.0,1.0,0.1,-1.990686424200593,-1.3937493428700236,2.4300966380469657,-1.990686424200593,-1.3937493428700236,2.4300966380469657,2.4300966380469657,0.0,1.0,28.3,-5.238937125951395,8.733862161143861,10.184636000345442,-325.2389371259514,168.73386216114386,366.4034422090416,2.4300966380469657,282.0,1.0,0.1,-1.990686424200593,-1.3937493428700236,2.4300966380469657,-1.990686424200593,-1.3937493428700236,2.4300966380469657,2.4300966380469657,0.0,1.0,28.3,-5.238937125951395,8.733862161143861,10.184636000345442,-325.2389371259514,168.73386216114386,366.4034422090416,2.4300966380469657,282.0,1.0,0.1,-1.990686424200593,-1.3937493428700236,2.4300966380469657,-1.990686424200593,-1.3937493428700236,2.4300966380469657,2.4300966380469657,0.0,1.0,28.3,-5.238937125951395,8.733862161143861,10.184636000345442,-325.2389371259514,168.73386216114386,366.4034422090416,2.4300966380469657,282.0
16_LTAN06_800km_1213COLD_PY_STTLCT_HEAT_PY_0p5,1270.5,21.6202639879569,-1211.256209139193,1211.4491487442458,-175.62283313518802,169.07918703161238,243.78505082490406,-154.00256914723113,-1042.1770221075808,1053.4940610715244,1.0,354.3,21.6202639879569,-11.25620913919306,24.374947365978034,21.6202639879569,-1211.256209139193,1211.4491487442458,1211.4491487442458,3542.0,1.0,0.1,-1.0821608787210124,-2.0348302315783258,2.30469222213712,-1.0821608787210124,-2.0348302315783258,2.30469222213712,2.30469222213712,0.0,1.0,5.0,-16.704994013909044,7.044356800033938,18.129528061450507,-176.70499401390904,167.04435680003394,243.16346774997407,2.30469222213712,49.0,1.0,0.1,-1.0821608787210124,-2.0348302315783258,2.30469222213712,-1.0821608787210124,-2.0348302315783258,2.30469222213712,2.30469222213712,0.0,1.0,5.0,-16.704994013909044,7.044356800033938,18.129528061450507,-176.70499401390904,167.04435680003394,243.16346774997407,2.30469222213712,49.0,1.0,0.1,-1.0821608787210124,-2.0348302315783258,2.30469222213712,-1.0821608787210124,-2.0348302315783258,2.30469222213712,2.30469222213712,0.0,1.0,5.0,-16.704994013909044,7.044356800033938,18.129528061450507,-176.70499401390904,167.04435680003394,243.16346774997407,2.30469222213712,49.0
16_LTAN06_800km_1213COLD_PY_STTLCT_HEAT_PY_0p5,1331.0,22.452032209876563,-1178.2263278971434,1178.4402290741523,-151.08732679780005,192.16746983239716,244.44982466897065,-128.63529458792348,-986.0588580647462,994.4139533321489,0.0,nan,nan,nan,nan,22.452032209876563,-1178.2263278971434,1178.4402290741523,1178.4402290741523,nan,1.0,0.1,-0.25039265680134903,-2.6081664743060173,2.6201581708503627,-0.25039265680134903,-2.6081664743060173,2.6201581708503627,2.6201581708503627,0.0,1.0,8.4,8.662280545398602,-10.440696641908858,13.566254111417713,-151.3377194546014,189.55930335809114,242.56099195733114,2.6201581708503627,83.0,1.0,0.1,-0.25039265680134903,-2.6081664743060173,2.6201581708503627,-0.25039265680134903,-2.6081664743060173,2.6201581708503627,2.6201581708503627,0.0,1.0,8.4,8.662280545398602,-10.440696641908858,13.566254111417713,-151.3377194546014,189.55930335809114,242.56099195733114,2.6201581708503627,83.0,1.0,0.1,-0.25039265680134903,-2.6081664743060173,2.6201581708503627,-0.25039265680134903,-2.6081664743060173,2.6201581708503627,2.6201581708503627,0.0,1.0,8.4,8.662280545398602,-10.440696641908858,13.566254111417713,-151.3377194546014,189.55930335809114,242.56099195733114,2.6201581708503627,83.0
16_LTAN06_800km_1213COLD_PY_STTLCT_HEAT_PY_0p5,1391.5,23.214061543966,-1146.6197849696507,1146.85475276393,-195.76245684579578,219.60280780418708,294.1909799871247,-172.54839530182977,-927.0169771654637,942.9387173481797,1.0,331.1,-16.785938456034,13.38021503034929,21.46620329979538,23.214061543966,-1146.6197849696507,1146.85475276393,1146.85475276393,3310.0,1.0,0.1,0.511636677288088,-3.071555117883463,3.1138758696747195,0.511636677288088,-3.071555117883463,3.1138758696747195,3.1138758696747195,0.0,1.0,8.200000000000001,4.749179831492313,16.53125268630356,17.199913501243895,-195.2508201685077,216.53125268630356,291.56245671618075,3.1138758696747195,81.0,1.0,0.1,0.511636677288088,-3.071555117883463,3.1138758696747195,0.511636677288088,-3.071555117883463,3.1138758696747195,3.1138758696747195,0.0,1.0,8.200000000000001,4.749179831492313,16.53125268630356,17.199913501243895,-195.2508201685077,216.53125268630356,291.56245671618075,3.1138758696747195,81.0,1.0,0.1,0.511636677288088,-3.071555117883463,3.1138758696747195,0.511636677288088,-3.071555117883463,3.1138758696747195,3.1138758696747195,0.0,1.0,8.200000000000001,4.749179831492313,16.53125268630356,17.199913501243895,-195.2508201685077,216.53125268630356,291.56245671618075,3.1138758696747195,81.0
16_LTAN06_800km_1213COLD_PY_STTLCT_HEAT_PY_0p5,1452.0,23.91363381405905,-1116.365408274302,1116.6215055575644,-152.8013838989621,249.08451254201674,292.2179962112739,-128.88775008490305,-867.2808957322852,876.8056821349548,1.0,308.3,23.91363381405905,3.634591725698101,24.18826449345677,23.91363381405905,-1116.365408274302,1116.6215055575644,1116.6215055575644,3082.0,1.0,0.1,1.211208947381138,-3.390748921681734,3.6005840309735815,1.211208947381138,-3.390748921681734,3.6005840309735815,3.6005840309735815,0.0,1.0,12.600000000000001,8.409825048419037,5.693763620334948,10.155988455550055,-151.59017495158096,245.69376362033495,288.6953526189432,3.6005840309735815,125.0,1.0,0.1,1.211208947381138,-3.390748921681734,3.6005840309735815,1.211208947381138,-3.390748921681734,3.6005840309735815,3.6005840309735815,0.0,1.0,12.600000000000001,8.409825048419037,5.693763620334948,10.155988455550055,-151.59017495158096,245.69376362033495,288.6953526189432,3.6005840309735815,125.0,1.0,0.1,1.211208947381138,-3.390748921681734,3.6005840309735815,1.211208947381138,-3.390748921681734,3.6005840309735815,3.6005840309735815,0.0,1.0,12.600000000000001,8.409825048419037,5.693763620334948,10.155988455550055,-151.59017495158096,245.69376362033495,288.6953526189432,3.6005840309735815,125.0
16_LTAN06_800km_1213COLD_PY_STTLCT_HEAT_PY_0p5,1512.5,24.55652442383039,-1087.4188696604856,1087.696106909217,-198.8412634502645,228.03296380498944,302.5506249079402,-174.28473902643412,-859.3859058554962,876.8804396498898,1.0,286.7,-15.443475576169611,-7.418869660485598,17.13302556208392,24.55652442383039,-1087.4188696604856,1087.696106909217,1087.696106909217,2866.0,1.0,0.1,1.8540995571524768,-3.572300026909943,4.024799703102477,1.8540995571524768,-3.572300026909943,4.024799703102477,4.024799703102477,0.0,1.0,8.200000000000001,3.01283610688796,24.460663778079493,24.645511840317255,-196.98716389311204,224.4606637780795,298.6411430502298,4.024799703102477,81.0,1.0,0.1,1.8540995571524768,-3.572300026909943,4.024799703102477,1.8540995571524768,-3.572300026909943,4.024799703102477,4.024799703102477,0.0,1.0,8.200000000000001,3.01283610688796,24.460663778079493,24.645511840317255,-196.98716389311204,224.4606637780795,298.6411430502298,4.024799703102477,81.0,1.0,0.1,1.8540995571524768,-3.572300026909943,4.024799703102477,1.8540995571524768,-3.572300026909943,4.024799703102477,4.024799703102477,0.0,1.0,8.200000000000001,3.01283610688796,24.460663778079493,24.645511840317255,-196.98716389311204,224.4606637780795,298.6411430502298,4.024799703102477,81.0
16_LTAN06_800km_1213COLD_PY_STTLCT_HEAT_PY_0p5,1573.0,25.147524365552627,-1059.6992333709177,1059.9975769729979,-32.91298252349638,351.6099020745928,353.1469774123753,-7.765458157943755,-708.0893312963249,708.1319110420595,1.0,265.7,-14.852475634447373,-19.699233370917682,24.67095109382145,25.147524365552627,-1059.6992333709177,1059.9975769729979,1059.9975769729979,2656.0,1.0,0.1,2.445099498874715,-3.677019657068513,4.415765518895407,2.445099498874715,-3.677019657068513,4.415765518895407,4.415765518895407,0.0,1.0,30.6,9.532116975378333,-12.067117582475703,15.37779505591065,-30.467883024621667,347.9328824175243,349.264344821181,4.415765518895407,305.0,1.0,0.1,2.445099498874715,-3.677019657068513,4.415765518895407,2.445099498874715,-3.677019657068513,4.415765518895407,4.415765518895407,0.0,1.0,30.6,9.532116975378333,-12.067117582475703,15.37779505591065,-30.467883024621667,347.9328824175243,349.264344821181,4.415765518895407,305.0,1.0,0.1,2.445099498874715,-3.677019657068513,4.415765518895407,2.445099498874715,-3.677019657068513,4.415765518895407,4.415765518895407,0.0,1.0,30.6,9.532116975378333,-12.067117582475703,15.37779505591065,-30.467883024621667,347.9328824175243,349.264344821181,4.415765518895407,305.0
16_LTAN06_800km_1213COLD_PY_STTLCT_HEAT_PY_0p5,1633.5,25.691002605832725,-1033.1268487449015,1033.4462314085158,-35.093951797802504,253.52822391049992,255.94559142911424,-9.402949191969778,-779.5986248344016,779.6553285248532,1.0,265.7,-14.308997394167275,6.873151255098492,15.874117758217237,25.691002605832725,-1033.1268487449015,1033.4462314085158,1033.4462314085158,2656.0,1.0,0.1,2.988577739154813,-3.7383470418631077,4.786108597637369,2.988577739154813,-3.7383470418631077,4.786108597637369,4.786108597637369,0.0,1.0,13.200000000000001,7.894625941352309,9.789876868636838,12.57643859989558,-32.10537405864769,249.78987686863684,251.8446696467774,4.786108597637369,131.0,1.0,0.1,2.988577739154813,-3.7383470418631077,4.786108597637369,2.988577739154813,-3.7383470418631077,4.786108597637369,4.786108597637369,0.0,1.0,13.200000000000001,7.894625941352309,9.789876868636838,12.57643859989558,-32.10537405864769,249.78987686863684,251.8446696467774,4.786108597637369,131.0,1.0,0.1,2.988577739154813,-3.7383470418631077,4.786108597637369,2.988577739154813,-3.7383470418631077,4.786108597637369,4.786108597637369,0.0,1.0,13.200000000000001,7.894625941352309,9.789876868636838,12.57643859989558,-32.10537405864769,249.78987686863684,251.8446696467774,4.786108597637369,131.0
16_LTAN06_800km_1213COLD_PY_STTLCT_HEAT_PY_0p5,1694.0,26.191217350431284,-1007.6576054071136,1007.9979313476272,-20.72900909281814,323.9746827776941,324.6371619190842,5.462208257613145,-683.6829226294194,683.7047421322703,1.0,245.5,-13.808782649568716,-7.657605407113579,15.789914465698828,26.191217350431284,-1007.6576054071136,1007.9979313476272,1007.9979313476272,2454.0,1.0,0.1,3.4887924837533717,-3.7352656022378596,5.111152718707922,3.4887924837533717,-3.7352656022378596,5.111152718707922,5.111152718707922,0.0,1.0,24.0,22.759783390935233,0.23941717545631036,22.761042607626628,-17.240216609064767,320.2394171754563,320.70314838118355,5.111152718707922,239.0,1.0,0.1,3.4887924837533717,-3.7352656022378596,5.111152718707922,3.4887924837533717,-3.7352656022378596,5.111152718707922,5.111152718707922,0.0,1.0,24.0,22.759783390935233,0.23941717545631036,22.761042607626628,-17.240216609064767,320.2394171754563,320.70314838118355,5.111152718707922,239.0,1.0,0.1,3.4887924837533717,-3.7352656022378596,5.111152718707922,3.4887924837533717,-3.7352656022378596,5.111152718707922,5.111152718707922,0.0,1.0,24.0,22.759783390935233,0.23941717545631036,22.761042607626628,-17.240216609064767,320.2394171754563,320.70314838118355,5.111152718707922,239.0
16_LTAN06_800km_1213COLD_PY_STTLCT_HEAT_PY_0p5,1754.5,26.654334845428668,-983.2278279273444,983.5890479142067,20.351673177429195,294.9035061696681,295.60491970243726,47.00600802285786,-688.3243217576762,689.9274865617473,1.0,245.5,-13.345665154571332,16.77217207265562,21.433910852961684,26.654334845428668,-983.2278279273444,983.5890479142067,983.5890479142067,2454.0,1.0,0.1,3.9519099787507557,-3.6417789603416395,5.374025165193854,3.9519099787507557,-3.6417789603416395,5.374025165193854,5.374025165193854,0.0,1.0,18.6,-15.69641684382005,11.261727209326523,19.318488591819058,24.30358315617995,291.2617272093265,292.27394322995934,5.374025165193854,185.0,1.0,0.1,3.9519099787507557,-3.6417789603416395,5.374025165193854,3.9519099787507557,-3.6417789603416395,5.374025165193854,5.374025165193854,0.0,1.0,18.6,-15.69641684382005,11.261727209326523,19.318488591819058,24.30358315617995,291.2617272093265,292.27394322995934,5.374025165193854,185.0,1.0,0.1,3.9519099787507557,-3.6417789603416395,5.374025165193854,3.9519099787507557,-3.6417789603416395,5.374025165193854,5.374025165193854,0.0,1.0,18.6,-15.69641684382005,11.261727209326523,19.318488591819058,24.30358315617995,291.2617272093265,292.27394322995934,5.374025165193854,185.0
16_LTAN06_800km_1213COLD_PY_STTLCT_HEAT_PY_0p5,1815.0,27.084041941860363,-959.784009016001,960.1660738074095,-55.29588854435145,284.97006464006836,290.28533037491593,-28.211846602491086,-674.8139443759327,675.4034111647104,1.0,226.10000000000002,-12.915958058139637,0.21599098399894956,12.917763918913794,27.084041941860363,-959.784009016001,960.1660738074095,960.1660738074095,2260.0,1.0,0.1,4.381617075182451,-3.4457103415638812,5.574180473530678,4.381617075182451,-3.4457103415638812,5.574180473530678,5.574180473530678,0.0,1.0,18.2,-10.914271469168995,1.524354298504477,11.02020769904476,-50.914271469168995,281.5243542985045,286.0912880575466,5.574180473530678,181.0,1.0,0.1,4.381617075182451,-3.4457103415638812,5.574180473530678,4.381617075182451,-3.4457103415638812,5.574180473530678,5.574180473530678,0.0,1.0,18.2,-10.914271469168995,1.524354298504477,11.02020769904476,-50.914271469168995,281.5243542985045,286.0912880575466,5.574180473530678,181.0,1.0,0.1,4.381617075182451,-3.4457103415638812,5.574180473530678,4.381617075182451,-3.4457103415638812,5.574180473530678,5.574180473530678,0.0,1.0,18.2,-10.914271469168995,1.524354298504477,11.02020769904476,-50.914271469168995,281.5243542985045,286.0912880575466,5.574180473530678,181.0
16_LTAN06_800km_1213COLD_PY_STTLCT_HEAT_PY_0p5,1875.5,27.48284131691885,-937.281574428684,937.6844119053935,22.173626545523753,322.66417641679334,323.42516979497424,49.656467862442604,-614.6173980118907,616.6200700102785,1.0,207.5,-12.51715868308115,-17.281574428684053,21.338511574886855,27.48284131691885,-937.281574428684,937.6844119053935,937.6844119053935,2074.0,1.0,0.1,4.7804164502409385,-3.169963449794409,5.7359436634931,4.7804164502409385,-3.169963449794409,5.7359436634931,5.7359436634931,0.0,1.0,24.400000000000002,-13.045957004235309,-0.5057870330010701,13.05575791285624,26.95404299576469,319.49421296699893,320.62918231692447,5.7359436634931,243.0,1.0,0.1,4.7804164502409385,-3.169963449794409,5.7359436634931,4.7804164502409385,-3.169963449794409,5.7359436634931,5.7359436634931,0.0,1.0,24.400000000000002,-13.045957004235309,-0.5057870330010701,13.05575791285624,26.95404299576469,319.49421296699893,320.62918231692447,5.7359436634931,243.0,1.0,0.1,4.7804164502409385,-3.169963449794409,5.7359436634931,4.7804164502409385,-3.169963449794409,5.7359436634931,5.7359436634931,0.0,1.0,24.400000000000002,-13.045957004235309,-0.5057870330010701,13.05575791285624,26.95404299576469,319.49421296699893,320.62918231692447,5.7359436634931,243.0
16_LTAN06_800km_1213COLD_PY_STTLCT_HEAT_PY_0p5,1936.0,27.85517511100402,-915.6244452313954,916.048053044034,27.0174873704646,273.44076254307754,274.7722606886527,54.87266248146862,-642.1836826883178,644.5237710115395,1.0,207.5,-12.14482488899598,4.375554768604616,12.908998842568499,27.85517511100402,-915.6244452313954,916.048053044034,916.048053044034,2074.0,1.0,0.1,5.152750244326107,-2.8399655784155584,5.88355671061204,5.152750244326107,-2.8399655784155584,5.88355671061204,5.88355671061204,0.0,1.0,18.6,-7.829762385209293,-9.399203035338019,12.233159718909327,32.17023761479071,270.600796964662,272.50635865260523,5.88355671061204,185.0,1.0,0.1,5.152750244326107,-2.8399655784155584,5.88355671061204,5.152750244326107,-2.8399655784155584,5.88355671061204,5.88355671061204,0.0,1.0,18.6,-7.829762385209293,-9.399203035338019,12.233159718909327,32.17023761479071,270.600796964662,272.50635865260523,5.88355671061204,185.0,1.0,0.1,5.152750244326107,-2.8399655784155584,5.88355671061204,5.152750244326107,-2.8399655784155584,5.88355671061204,5.88355671061204,0.0,1.0,18.6,-7.829762385209293,-9.399203035338019,12.233159718909327,32.17023761479071,270.600796964662,272.50635865260523,5.88355671061204,185.0
16_LTAN06_800km_1213COLD_PY_STTLCT_HEAT_PY_0p5,1996.5,28.20334215251725,-894.7711267115341,895.2155034991296,84.8652720940871,433.6270873838844,441.8535564195838,113.06861424660435,-461.1440393276497,474.8034714859068,1.0,189.70000000000002,-11.796657847482749,-14.771126711534066,18.903632473648326,28.20334215251725,-894.7711267115341,895.2155034991296,895.2155034991296,1896.0,1.0,0.1,5.500917285839339,-2.4636336075548115,6.0274025531666275,5.500917285839339,-2.4636336075548115,6.0274025531666275,6.0274025531666275,0.0,1.0,46.800000000000004,10.366189379926439,-8.836546223670439,13.62139608937219,90.36618937992644,431.16345377632956,440.53146545437795,6.0274025531666275,467.0,1.0,0.1,5.500917285839339,-2.4636336075548115,6.0274025531666275,5.500917285839339,-2.4636336075548115,6.0274025531666275,6.0274025531666275,0.0,1.0,46.800000000000004,10.366189379926439,-8.836546223670439,13.62139608937219,90.36618937992644,431.16345377632956,440.53146545437795,6.0274025531666275,467.0,1.0,0.1,5.500917285839339,-2.4636336075548115,6.0274025531666275,5.500917285839339,-2.4636336075548115,6.0274025531666275,6.0274025531666275,0.0,1.0,46.800000000000004,10.366189379926439,-8.836546223670439,13.62139608937219,90.36618937992644,431.16345377632956,440.53146545437795,6.0274025531666275,467.0
16_LTAN06_800km_1213COLD_PY_STTLCT_HEAT_PY_0p5,2057.0,28.532369098753,-874.6717058884,875.1369545208973,66.46426667768657,316.841765283779,323.73786150702847,94.99663577643958,-557.829940604621,565.8609400230737,1.0,189.70000000000002,-11.467630901246999,5.32829411160003,12.645049490885619,28.532369098753,-874.6717058884,875.1369545208973,875.1369545208973,1896.0,1.0,0.1,5.829944232075089,-2.035561659984296,6.175091984796957,5.829944232075089,-2.035561659984296,6.175091984796957,6.175091984796957,0.0,1.0,24.6,-7.705789090238341,-5.193796376205341,9.292723298405047,72.29421090976166,314.80620362379466,323.0006172921209,6.175091984796957,245.0,1.0,0.1,5.829944232075089,-2.035561659984296,6.175091984796957,5.829944232075089,-2.035561659984296,6.175091984796957,6.175091984796957,0.0,1.0,24.6,-7.705789090238341,-5.193796376205341,9.292723298405047,72.29421090976166,314.80620362379466,323.0006172921209,6.175091984796957,245.0,1.0,0.1,5.829944232075089,-2.035561659984296,6.175091984796957,5.829944232075089,-2.035561659984296,6.175091984796957,6.175091984796957,0.0,1.0,24.6,-7.705789090238341,-5.193796376205341,9.292723298405047,72.29421090976166,314.80620362379466,323.0006172921209,6.175091984796957,245.0
16_LTAN06_800km_1213COLD_PY_STTLCT_HEAT_PY_0p5,2117.5,27.32203535863964,-901.325745041106,901.7397586277559,156.36467612684254,346.3811176783086,380.039196168404,183.6867114854822,-554.9446273627973,584.554828408067,1.0,189.70000000000002,-12.677964641360361,-21.32574504110596,24.80963903417055,27.32203535863964,-901.325745041106,901.7397586277559,901.7397586277559,1896.0,1.0,0.1,4.619610491961726,-1.589160699783406,4.885307853879727,4.619610491961726,-1.589160699783406,4.885307853879727,4.885307853879727,0.0,1.0,25.0,0.9842866188042763,24.791956978525263,24.811488286134804,160.98428661880428,344.79195697852526,380.5225803224384,4.885307853879727,249.0,1.0,0.1,4.619610491961726,-1.589160699783406,4.885307853879727,4.619610491961726,-1.589160699783406,4.885307853879727,4.885307853879727,0.0,1.0,25.0,0.9842866188042763,24.791956978525263,24.811488286134804,160.98428661880428,344.79195697852526,380.5225803224384,4.885307853879727,249.0,1.0,0.1,4.619610491961726,-1.589160699783406,4.885307853879727,4.619610491961726,-1.589160699783406,4.885307853879727,4.885307853879727,0.0,1.0,25.0,0.9842866188042763,24.791956978525263,24.811488286134804,160.98428661880428,344.79195697852526,380.5225803224384,4.885307853879727,249.0
16_LTAN06_800km_1213COLD_PY_STTLCT_HEAT_PY_0p5,2178.0,26.20624817664081,-927.1839466218224,927.554223922631,104.19873207480217,374.2250961201514,388.46080668728086,130.40498025144296,-552.958850501671,568.1275818181235,1.0,207.5,-13.793751823359191,-7.183946621822429,15.552384975611261,26.20624817664081,-927.1839466218224,927.554223922631,927.554223922631,2074.0,1.0,0.1,3.503823309962897,-0.5047525659527992,3.5399933531399865,3.503823309962897,-0.5047525659527992,3.5399933531399865,3.5399933531399865,0.0,1.0,31.400000000000002,-12.297444615234951,13.720343554198621,18.42484657493817,107.70255538476505,373.7203435541986,388.93024518887273,3.5399933531399865,313.0,1.0,0.1,3.503823309962897,-0.5047525659527992,3.5399933531399865,3.503823309962897,-0.5047525659527992,3.5399933531399865,3.5399933531399865,0.0,1.0,31.400000000000002,-12.297444615234951,13.720343554198621,18.42484657493817,107.70255538476505,373.7203435541986,388.93024518887273,3.5399933531399865,313.0,1.0,0.1,3.503823309962897,-0.5047525659527992,3.5399933531399865,3.503823309962897,-0.5047525659527992,3.5399933531399865,3.5399933531399865,0.0,1.0,31.400000000000002,-12.297444615234951,13.720343554198621,18.42484657493817,107.70255538476505,373.7203435541986,388.93024518887273,3.5399933531399865,313.0
16_LTAN06_800km_1213COLD_PY_STTLCT_HEAT_PY_0p5,2238.5,25.1735567354812,-952.114113957532,952.4468457377823,197.6200823431253,410.1198334714396,455.24935447724135,222.79363907860647,-541.9942804860924,585.9989809662858,1.0,226.10000000000002,-14.826443264518801,7.885886042467973,16.79317178351922,25.1735567354812,-952.114113957532,952.4468457377823,952.4468457377823,2260.0,1.0,0.1,2.471131868803287,0.590754449309884,2.540764359871779,2.471131868803287,0.590754449309884,2.540764359871779,2.540764359871779,0.0,1.0,39.2,0.09121421192855905,10.710587920749504,10.71097631593698,200.09121421192856,410.7105879207495,456.8584912585204,2.540764359871779,391.0,1.0,0.1,2.471131868803287,0.590754449309884,2.540764359871779,2.471131868803287,0.590754449309884,2.540764359871779,2.540764359871779,0.0,1.0,39.2,0.09121421192855905,10.710587920749504,10.71097631593698,200.09121421192856,410.7105879207495,456.8584912585204,2.540764359871779,391.0,1.0,0.1,2.471131868803287,0.590754449309884,2.540764359871779,2.471131868803287,0.590754449309884,2.540764359871779,2.540764359871779,0.0,1.0,39.2,0.09121421192855905,10.710587920749504,10.71097631593698,200.09121421192856,410.7105879207495,456.8584912585204,2.540764359871779,391.0
16_LTAN06_800km_1213COLD_PY_STTLCT_HEAT_PY_0p5,2299.0,24.216872704882803,-976.0246228894576,976.3250080839435,145.02602240359894,382.5714083166677,409.13742145593045,169.24289510848175,-593.4532145727899,617.1141510543072,1.0,226.10000000000002,-15.783127295117197,-16.024622889457646,22.492124087404537,24.216872704882803,-976.0246228894576,976.3250080839435,976.3250080839435,2260.0,1.0,0.1,1.514447838204891,1.6722957422464333,2.256130604415227,1.514447838204891,1.6722957422464333,2.256130604415227,2.256130604415227,0.0,1.0,39.0,-13.459529758196169,-15.756295941085796,20.722446841404732,146.54047024180383,384.2437040589142,411.2387792117901,2.256130604415227,389.0,1.0,0.1,1.514447838204891,1.6722957422464333,2.256130604415227,1.514447838204891,1.6722957422464333,2.256130604415227,2.256130604415227,0.0,1.0,39.0,-13.459529758196169,-15.756295941085796,20.722446841404732,146.54047024180383,384.2437040589142,411.2387792117901,2.256130604415227,389.0,1.0,0.1,1.514447838204891,1.6722957422464333,2.256130604415227,1.514447838204891,1.6722957422464333,2.256130604415227,2.256130604415227,0.0,1.0,39.0,-13.459529758196169,-15.756295941085796,20.722446841404732,146.54047024180383,384.2437040589142,411.2387792117901,2.256130604415227,389.0
16_LTAN06_800km_1213COLD_PY_STTLCT_HEAT_PY_0p5,2359.5,23.33006494798093,-998.8866425485404,999.1590547016889,234.85028559230753,283.00402419923137,367.75798340178494,258.1803505402885,-715.882618349309,761.0157795077371,1.0,245.3,23.33006494798093,1.113357451459592,23.35661566434078,23.33006494798093,-998.8866425485404,999.1590547016889,999.1590547016889,2452.0,1.0,0.1,0.6276400813030172,2.6914078523662965,2.763622314904303,0.6276400813030172,2.6914078523662965,2.763622314904303,2.763622314904303,0.0,1.0,19.6,-4.522074326389429,5.695432051597663,7.272351921335791,235.47792567361057,285.69543205159766,370.2319993932123,2.763622314904303,195.0,1.0,0.1,0.6276400813030172,2.6914078523662965,2.763622314904303,0.6276400813030172,2.6914078523662965,2.763622314904303,2.763622314904303,0.0,1.0,19.6,-4.522074326389429,5.695432051597663,7.272351921335791,235.47792567361057,285.69543205159766,370.2319993932123,2.763622314904303,195.0,1.0,0.1,0.6276400813030172,2.6914078523662965,2.763622314904303,0.6276400813030172,2.6914078523662965,2.763622314904303,2.763622314904303,0.0,1.0,19.6,-4.522074326389429,5.695432051597663,7.272351921335791,235.47792567361057,285.69543205159766,370.2319993932123,2.763622314904303,195.0
16_LTAN06_800km_1213COLD_PY_STTLCT_HEAT_PY_0p5,2420.0,22.507899282149864,-1020.6702652140378,1020.9184080141712,199.5112856413013,333.47827870703156,388.6032880299001,222.01918492345118,-687.1919865070063,722.16711694283,0.0,nan,nan,nan,nan,22.507899282149864,-1020.6702652140378,1020.9184080141712,1020.9184080141712,nan,1.0,0.1,-0.1945255845280478,3.616673612813088,3.6219011892450146,-0.1945255845280478,3.616673612813088,3.6219011892450146,3.6219011892450146,0.0,1.0,25.200000000000003,-0.683239943226738,17.09495231984465,17.10860051663439,199.31676005677326,337.09495231984465,391.6122798368913,3.6219011892450146,251.0,1.0,0.1,-0.1945255845280478,3.616673612813088,3.6219011892450146,-0.1945255845280478,3.616673612813088,3.6219011892450146,3.6219011892450146,0.0,1.0,25.200000000000003,-0.683239943226738,17.09495231984465,17.10860051663439,199.31676005677326,337.09495231984465,391.6122798368913,3.6219011892450146,251.0,1.0,0.1,-0.1945255845280478,3.616673612813088,3.6219011892450146,-0.1945255845280478,3.616673612813088,3.6219011892450146,3.6219011892450146,0.0,1.0,25.200000000000003,-0.683239943226738,17.09495231984465,17.10860051663439,199.31676005677326,337.09495231984465,391.6122798368913,3.6219011892450146,251.0
16_LTAN06_800km_1213COLD_PY_STTLCT_HEAT_PY_0p5,2480.5,21.74576566365704,-1041.3689362404969,1041.595957985131,278.05595400158614,347.9194975708151,445.3797147891455,299.8017196652432,-693.4494386696817,755.4820944969733,1.0,265.5,21.74576566365704,-1.3689362404968506,21.78881159515661,21.74576566365704,-1041.3689362404969,1041.595957985131,1041.595957985131,2654.0,1.0,0.1,-0.9566592030208732,4.439550980177501,4.541454583756127,-0.9566592030208732,4.439550980177501,4.541454583756127,4.541454583756127,0.0,1.0,32.2,-2.9007052014347323,-7.640951449007389,8.17301839663405,277.09929479856527,352.3590485509926,448.2643397300559,4.541454583756127,321.0,1.0,0.1,-0.9566592030208732,4.439550980177501,4.541454583756127,-0.9566592030208732,4.439550980177501,4.541454583756127,4.541454583756127,0.0,1.0,32.2,-2.9007052014347323,-7.640951449007389,8.17301839663405,277.09929479856527,352.3590485509926,448.2643397300559,4.541454583756127,321.0,1.0,0.1,-0.9566592030208732,4.439550980177501,4.541454583756127,-0.9566592030208732,4.439550980177501,4.541454583756127,4.541454583756127,0.0,1.0,32.2,-2.9007052014347323,-7.640951449007389,8.17301839663405,277.09929479856527,352.3590485509926,448.2643397300559,4.541454583756127,321.0
16_LTAN06_800km_1213COLD_PY_STTLCT_HEAT_PY_0p5,2541.0,21.03942170142822,-1061.0003944746422,1061.2089776951932,225.18228576567054,298.369334633757,373.80652973489237,246.22170746709875,-762.6310598408852,801.3933258157604,0.0,nan,nan,nan,nan,21.03942170142822,-1061.0003944746422,1061.2089776951932,1061.2089776951932,nan,1.0,0.1,-1.663003165249691,5.141944163476865,5.404180724952144,-1.663003165249691,5.141944163476865,5.404180724952144,5.404180724952144,0.0,1.0,25.400000000000002,-16.480717399579163,-16.4887212027661,23.312914294599455,223.51928260042084,303.5112787972339,376.9349626279566,5.404180724952144,253.0,1.0,0.1,-1.663003165249691,5.141944163476865,5.404180724952144,-1.663003165249691,5.141944163476865,5.404180724952144,5.404180724952144,0.0,1.0,25.400000000000002,-16.480717399579163,-16.4887212027661,23.312914294599455,223.51928260042084,303.5112787972339,376.9349626279566,5.404180724952144,253.0,1.0,0.1,-1.663003165249691,5.141944163476865,5.404180724952144,-1.663003165249691,5.141944163476865,5.404180724952144,5.404180724952144,0.0,1.0,25.400000000000002,-16.480717399579163,-16.4887212027661,23.312914294599455,223.51928260042084,303.5112787972339,376.9349626279566,5.404180724952144,253.0
16_LTAN06_800km_1213COLD_PY_STTLCT_HEAT_PY_0p5,2601.5,20.383160616559696,-1079.5720578233963,1079.7644656450605,213.15696273445775,231.42955175384236,314.63554819372115,233.54012335101746,-848.142506069554,879.7083038239164,1.0,286.5,20.383160616559696,0.42794217660366485,20.387652420692937,20.383160616559696,-1079.5720578233963,1079.7644656450605,1079.7644656450605,2864.0,1.0,0.1,-2.3192642501182164,5.722386542639015,6.17451977122533,-2.3192642501182164,5.722386542639015,6.17451977122533,6.17451977122533,0.0,1.0,14.4,10.83769848433954,-2.848061703518624,11.205675522006917,210.83769848433954,237.15193829648138,317.32251250100643,6.17451977122533,143.0,1.0,0.1,-2.3192642501182164,5.722386542639015,6.17451977122533,-2.3192642501182164,5.722386542639015,6.17451977122533,6.17451977122533,0.0,1.0,14.4,10.83769848433954,-2.848061703518624,11.205675522006917,210.83769848433954,237.15193829648138,317.32251250100643,6.17451977122533,143.0,1.0,0.1,-2.3192642501182164,5.722386542639015,6.17451977122533,-2.3192642501182164,5.722386542639015,6.17451977122533,6.17451977122533,0.0,1.0,14.4,10.83769848433954,-2.848061703518624,11.205675522006917,210.83769848433954,237.15193829648138,317.32251250100643,6.17451977122533,143.0
16_LTAN06_800km_1213COLD_PY_STTLCT_HEAT_PY_0p5,2662.0,19.77318218210465,-1097.1095686275332,1097.2877399787617,232.87490727202436,308.6425101048233,386.6405585046141,252.648089454129,-788.46705852271,827.9561337898742,0.0,nan,nan,nan,nan,19.77318218210465,-1097.1095686275332,1097.2877399787617,1097.2877399787617,nan,1.0,0.1,-2.9292426845732606,6.181164898069028,6.840121504932983,-2.9292426845732606,6.181164898069028,6.840121504932983,6.840121504932983,0.0,1.0,25.400000000000002,-10.054335412548909,-5.176324997107713,11.308580859847853,229.9456645874511,314.8236750028923,389.8576086276774,6.840121504932983,253.0,1.0,0.1,-2.9292426845732606,6.181164898069028,6.840121504932983,-2.9292426845732606,6.181164898069028,6.840121504932983,6.840121504932983,0.0,1.0,25.400000000000002,-10.054335412548909,-5.176324997107713,11.308580859847853,229.9456645874511,314.8236750028923,389.8576086276774,6.840121504932983,253.0,1.0,0.1,-2.9292426845732606,6.181164898069028,6.840121504932983,-2.9292426845732606,6.181164898069028,6.840121504932983,6.840121504932983,0.0,1.0,25.400000000000002,-10.054335412548909,-5.176324997107713,11.308580859847853,229.9456645874511,314.8236750028923,389.8576086276774,6.840121504932983,253.0
16_LTAN06_800km_1213COLD_PY_STTLCT_HEAT_PY_0p5,2722.5,19.20657029069253,-1113.6436455628902,1113.8092572989935,185.46330908878514,200.97059206947995,273.4699579385633,204.66987937947766,-912.6730534934103,935.3405059646435,1.0,308.3,19.20657029069253,6.356354437109758,20.231054941882732,19.20657029069253,-1113.6436455628902,1113.8092572989935,1113.8092572989935,3082.0,1.0,0.1,-3.4958545759853834,6.516844696506496,7.395286608024248,-3.4958545759853834,6.516844696506496,7.395286608024248,7.395286608024248,0.0,1.0,10.0,21.967454512799748,7.487436765986445,23.208420176663715,181.96745451279975,207.48743676598644,275.9767941649933,7.395286608024248,99.0,1.0,0.1,-3.4958545759853834,6.516844696506496,7.395286608024248,-3.4958545759853834,6.516844696506496,7.395286608024248,7.395286608024248,0.0,1.0,10.0,21.967454512799748,7.487436765986445,23.208420176663715,181.96745451279975,207.48743676598644,275.9767941649933,7.395286608024248,99.0,1.0,0.1,-3.4958545759853834,6.516844696506496,7.395286608024248,-3.4958545759853834,6.516844696506496,7.395286608024248,7.395286608024248,0.0,1.0,10.0,21.967454512799748,7.487436765986445,23.208420176663715,181.96745451279975,207.48743676598644,275.9767941649933,7.395286608024248,99.0
16_LTAN06_800km_1213COLD_PY_STTLCT_HEAT_PY_0p5,2783.0,18.684239651385603,-1129.1879911141612,1129.3425610007732,170.6256231267919,200.0045460838819,262.8971694819586,189.30986277817752,-929.1834450302792,948.2721648679932,1.0,308.3,18.684239651385603,-9.18799111416115,20.821142909655904,18.684239651385603,-1129.1879911141612,1129.3425610007732,1129.3425610007732,3082.0,1.0,0.1,-4.018185215292309,6.743577811366322,7.849946122257521,-4.018185215292309,6.743577811366322,7.849946122257521,7.849946122257521,0.0,1.0,10.0,6.607437911499602,6.748123895248227,9.444332261199959,166.6074379114996,206.74812389524823,265.52368086790136,7.849946122257521,99.0,1.0,0.1,-4.018185215292309,6.743577811366322,7.849946122257521,-4.018185215292309,6.743577811366322,7.849946122257521,7.849946122257521,0.0,1.0,10.0,6.607437911499602,6.748123895248227,9.444332261199959,166.6074379114996,206.74812389524823,265.52368086790136,7.849946122257521,99.0,1.0,0.1,-4.018185215292309,6.743577811366322,7.849946122257521,-4.018185215292309,6.743577811366322,7.849946122257521,7.849946122257521,0.0,1.0,10.0,6.607437911499602,6.748123895248227,9.444332261199959,166.6074379114996,206.74812389524823,265.52368086790136,7.849946122257521,99.0
16_LTAN06_800km_1213COLD_PY_STTLCT_HEAT_PY_0p5,2843.5,18.20308150419611,-1143.778602538467,1143.9234431556586,150.81070522667343,151.05585794084158,213.45196421961148,169.01378673086955,-992.7227445976255,1007.0075013357895,1.0,330.90000000000003,18.20308150419611,16.221397461532888,24.38208177849939,18.20308150419611,-1143.778602538467,1143.9234431556586,1143.9234431556586,3308.0,1.0,0.1,-4.4993433624818024,6.864493575634697,8.20764051012464,-4.4993433624818024,6.864493575634697,8.20764051012464,8.20764051012464,0.0,1.0,6.6000000000000005,-13.688638135808361,-2.0796484835236697,13.845712398722187,146.31136186419164,157.92035151647633,215.28086778355822,8.20764051012464,65.0,1.0,0.1,-4.4993433624818024,6.864493575634697,8.20764051012464,-4.4993433624818024,6.864493575634697,8.20764051012464,8.20764051012464,0.0,1.0,6.6000000000000005,-13.688638135808361,-2.0796484835236697,13.845712398722187,146.31136186419164,157.92035151647633,215.28086778355822,8.20764051012464,65.0,1.0,0.1,-4.4993433624818024,6.864493575634697,8.20764051012464,-4.4993433624818024,6.864493575634697,8.20764051012464,8.20764051012464,0.0,1.0,6.6000000000000005,-13.688638135808361,-2.0796484835236697,13.845712398722187,146.31136186419164,157.92035151647633,215.28086778355822,8.20764051012464,65.0
16_LTAN06_800km_1213COLD_PY_STTLCT_HEAT_PY_0p5,2904.0,17.763870564885824,-1157.4552466385155,1157.591552780372,233.63958211469387,178.9221814084101,294.27980109187376,251.4034526795797,-978.5330652301054,1010.3121575868714,1.0,330.90000000000003,17.763870564885824,2.5447533614844815,17.945218502899415,17.763870564885824,-1157.4552466385155,1157.591552780372,1157.591552780372,3308.0,1.0,0.1,-4.938554301792088,6.8910833081629335,8.477991964598159,-4.938554301792088,6.8910833081629335,8.477991964598159,8.477991964598159,0.0,1.0,16.8,-11.29897218709823,-14.18673528342697,18.13643378635533,228.70102781290177,185.81326471657303,294.67054394239835,8.477991964598159,167.0,1.0,0.1,-4.938554301792088,6.8910833081629335,8.477991964598159,-4.938554301792088,6.8910833081629335,8.477991964598159,8.477991964598159,0.0,1.0,16.8,-11.29897218709823,-14.18673528342697,18.13643378635533,228.70102781290177,185.81326471657303,294.67054394239835,8.477991964598159,167.0,1.0,0.1,-4.938554301792088,6.8910833081629335,8.477991964598159,-4.938554301792088,6.8910833081629335,8.477991964598159,8.477991964598159,0.0,1.0,16.8,-11.29897218709823,-14.18673528342697,18.13643378635533,228.70102781290177,185.81326471657303,294.67054394239835,8.477991964598159,167.0
16_LTAN06_800km_1213COLD_PY_STTLCT_HEAT_PY_0p5,2964.5,17.3729075197946,-1170.2632916088055,1170.3922375010727,248.8379069128686,172.95812846277866,303.0426011605043,266.2108144326632,-997.3051631460269,1032.2237093569518,1.0,330.90000000000003,17.3729075197946,-10.263291608805503,20.178034352699306,17.3729075197946,-1170.2632916088055,1170.3922375010727,1170.3922375010727,3308.0,1.0,0.1,-5.329517346883311,6.828063227353368,8.661766712828591,-5.329517346883311,6.828063227353368,8.661766712828591,8.661766712828591,0.0,1.0,16.6,3.508389565985283,19.786191690132,20.094829657037728,243.50838956598528,179.786191690132,302.6869843773606,8.661766712828591,165.0,1.0,0.1,-5.329517346883311,6.828063227353368,8.661766712828591,-5.329517346883311,6.828063227353368,8.661766712828591,8.661766712828591,0.0,1.0,16.6,3.508389565985283,19.786191690132,20.094829657037728,243.50838956598528,179.786191690132,302.6869843773606,8.661766712828591,165.0,1.0,0.1,-5.329517346883311,6.828063227353368,8.661766712828591,-5.329517346883311,6.828063227353368,8.661766712828591,8.661766712828591,0.0,1.0,16.6,3.508389565985283,19.786191690132,20.094829657037728,243.50838956598528,179.786191690132,302.6869843773606,8.661766712828591,165.0
16_LTAN06_800km_1213COLD_PY_STTLCT_HEAT_PY_0p5,3025.0,17.027296587185724,-1182.2357793048257,1182.3583918159318,143.34578288711924,313.68375930500844,344.88478412832825,160.37307947430497,-868.5520199998173,883.2339079008656,1.0,354.3,17.027296587185724,17.764220695174345,24.606835757058384,17.027296587185724,-1182.2357793048257,1182.3583918159318,1182.3583918159318,3542.0,1.0,0.1,-5.6751282794921885,6.693469678013798,8.775512367900927,-5.6751282794921885,6.693469678013798,8.775512367900927,8.775512367900927,0.0,1.0,24.8,17.670654607627057,0.377228983022178,17.674680646837253,137.67065460762706,320.3772289830222,348.70442783384954,8.775512367900927,247.0,1.0,0.1,-5.6751282794921885,6.693469678013798,8.775512367900927,-5.6751282794921885,6.693469678013798,8.775512367900927,8.775512367900927,0.0,1.0,24.8,17.670654607627057,0.377228983022178,17.674680646837253,137.67065460762706,320.3772289830222,348.70442783384954,8.775512367900927,247.0,1.0,0.1,-5.6751282794921885,6.693469678013798,8.775512367900927,-5.6751282794921885,6.693469678013798,8.775512367900927,8.775512367900927,0.0,1.0,24.8,17.670654607627057,0.377228983022178,17.674680646837253,137.67065460762706,320.3772289830222,348.70442783384954,8.775512367900927,247.0
16_LTAN06_800km_1213COLD_PY_STTLCT_HEAT_PY_0p5,3085.5,16.73798440644398,-1193.3923735240044,1193.509747470563,204.9303578784055,153.57495007119257,256.0892751942975,221.66834228484947,-1039.817423452812,1063.1825469256714,1.0,354.3,16.73798440644398,6.60762647599563,17.99502291292346,16.73798440644398,-1193.3923735240044,1193.509747470563,1193.509747470563,3542.0,1.0,0.1,-5.964440460233931,6.494524653755434,8.81778886580489,-5.964440460233931,6.494524653755434,8.81778886580489,8.81778886580489,0.0,1.0,12.0,-1.034082581828443,0.06947472494789508,1.0364137800355435,198.96591741817156,160.0694747249479,255.36184725360874,8.81778886580489,119.0,1.0,0.1,-5.964440460233931,6.494524653755434,8.81778886580489,-5.964440460233931,6.494524653755434,8.81778886580489,8.81778886580489,0.0,1.0,12.0,-1.034082581828443,0.06947472494789508,1.0364137800355435,198.96591741817156,160.0694747249479,255.36184725360874,8.81778886580489,119.0,1.0,0.1,-5.964440460233931,6.494524653755434,8.81778886580489,-5.964440460233931,6.494524653755434,8.81778886580489,8.81778886580489,0.0,1.0,12.0,-1.034082581828443,0.06947472494789508,1.0364137800355435,198.96591741817156,160.0694747249479,255.36184725360874,8.81778886580489,119.0
16_LTAN06_800km_1213COLD_PY_STTLCT_HEAT_PY_0p5,3146.0,16.516110456587317,-1203.7528214351394,1203.8661208862359,251.68646356131953,107.81772566660527,273.8078485141044,268.20257401790684,-1095.9350957685342,1128.275832785147,1.0,354.3,16.516110456587317,-3.752821435139367,16.937106403935545,16.516110456587317,-1203.7528214351394,1203.8661208862359,1203.8661208862359,3542.0,1.0,0.1,-6.186314410090596,6.23623236165281,8.784137979848696,-6.186314410090596,6.23623236165281,8.784137979848696,8.784137979848696,0.0,1.0,16.400000000000002,5.500149151228925,-5.946041971742034,8.099818258176054,245.50014915122892,114.05395802825797,270.7002559570036,8.784137979848696,163.0,1.0,0.1,-6.186314410090596,6.23623236165281,8.784137979848696,-6.186314410090596,6.23623236165281,8.784137979848696,8.784137979848696,0.0,1.0,16.400000000000002,5.500149151228925,-5.946041971742034,8.099818258176054,245.50014915122892,114.05395802825797,270.7002559570036,8.784137979848696,163.0,1.0,0.1,-6.186314410090596,6.23623236165281,8.784137979848696,-6.186314410090596,6.23623236165281,8.784137979848696,8.784137979848696,0.0,1.0,16.400000000000002,5.500149151228925,-5.946041971742034,8.099818258176054,245.50014915122892,114.05395802825797,270.7002559570036,8.784137979848696,163.0
16_LTAN06_800km_1213COLD_PY_STTLCT_HEAT_PY_0p5,3206.5,16.359275512770513,-1213.3492404837343,1213.4595194227772,208.6352328446236,106.47080003216823,234.23213196233402,224.99450835739412,-1106.8784404515661,1129.5142366200953,1.0,354.3,16.359275512770513,-13.34924048373432,21.11464223697158,16.359275512770513,-1213.3492404837343,1213.4595194227772,1213.4595194227772,3542.0,1.0,0.1,-6.3431493539074,5.929708177970497,8.68314360136155,-6.3431493539074,5.929708177970497,8.68314360136155,8.68314360136155,0.0,1.0,11.8,2.292083490716209,-7.599491789861304,7.937626987493376,202.2920834907162,112.4005082101387,231.42160938190787,8.68314360136155,117.0,1.0,0.1,-6.3431493539074,5.929708177970497,8.68314360136155,-6.3431493539074,5.929708177970497,8.68314360136155,8.68314360136155,0.0,1.0,11.8,2.292083490716209,-7.599491789861304,7.937626987493376,202.2920834907162,112.4005082101387,231.42160938190787,8.68314360136155,117.0,1.0,0.1,-6.3431493539074,5.929708177970497,8.68314360136155,-6.3431493539074,5.929708177970497,8.68314360136155,8.68314360136155,0.0,1.0,11.8,2.292083490716209,-7.599491789861304,7.937626987493376,202.2920834907162,112.4005082101387,231.42160938190787,8.68314360136155,117.0
16_LTAN06_800km_1213COLD_PY_STTLCT_HEAT_PY_0p5,3267.0,16.273162937520713,-1222.1461244769805,1222.2544601702602,215.6682344646522,-6.109206430640888,215.7547444676765,231.9413974021729,-1228.2553309076213,1249.963187350677,1.0,378.5,16.273162937520713,17.853875523019497,24.15733228613152,16.273162937520713,-1222.1461244769805,1222.2544601702602,1222.2544601702602,3784.0,1.0,0.1,-6.4292619291571995,5.576196816627771,8.510545217051598,-6.4292619291571995,5.576196816627771,8.510545217051598,8.510545217051598,0.0,1.0,11.200000000000001,9.23897253549498,-0.5330096140130536,9.25433480917245,209.23897253549498,-0.5330096140130536,209.23965142142217,8.510545217051598,111.0,1.0,0.1,-6.4292619291571995,5.576196816627771,8.510545217051598,-6.4292619291571995,5.576196816627771,8.510545217051598,8.510545217051598,0.0,1.0,11.200000000000001,9.23897253549498,-0.5330096140130536,9.25433480917245,209.23897253549498,-0.5330096140130536,209.23965142142217,8.510545217051598,111.0,1.0,0.1,-6.4292619291571995,5.576196816627771,8.510545217051598,-6.4292619291571995,5.576196816627771,8.510545217051598,8.510545217051598,0.0,1.0,11.200000000000001,9.23897253549498,-0.5330096140130536,9.25433480917245,209.23897253549498,-0.5330096140130536,209.23965142142217,8.510545217051598,111.0
16_LTAN06_800km_1213COLD_PY_STTLCT_HEAT_PY_0p5,3327.5,16.258775202616224,-1230.1484338119806,1230.255874597296,290.4319734630605,-99.49563279789868,307.001811322836,306.6907486656767,-1329.6440666098792,1364.555810213701,1.0,378.5,16.258775202616224,9.851566188019433,19.010553054715057,16.258775202616224,-1230.1484338119806,1230.255874597296,1230.255874597296,3784.0,1.0,0.1,-6.443649664061688,5.185770067360409,8.271205001974833,-6.443649664061688,5.185770067360409,8.271205001974833,8.271205001974833,0.0,1.0,20.8,3.988323798998806,-14.30986273053827,14.855264995701305,283.9883237989988,-94.30986273053827,299.23856412972236,8.271205001974833,207.0,1.0,0.1,-6.443649664061688,5.185770067360409,8.271205001974833,-6.443649664061688,5.185770067360409,8.271205001974833,8.271205001974833,0.0,1.0,20.8,3.988323798998806,-14.30986273053827,14.855264995701305,283.9883237989988,-94.30986273053827,299.23856412972236,8.271205001974833,207.0,1.0,0.1,-6.443649664061688,5.185770067360409,8.271205001974833,-6.443649664061688,5.185770067360409,8.271205001974833,8.271205001974833,0.0,1.0,20.8,3.988323798998806,-14.30986273053827,14.855264995701305,283.9883237989988,-94.30986273053827,299.23856412972236,8.271205001974833,207.0
16_LTAN06_800km_1213COLD_PY_STTLCT_HEAT_PY_0p5,3388.0,16.313866548659718,-1237.3858721351207,1237.4934095991625,214.02778053903708,-53.91790127219659,220.71481807994803,230.3416470876968,-1291.3037734073173,1311.6869708886527,1.0,378.5,16.313866548659718,2.614127864879265,16.521982516072843,16.313866548659718,-1237.3858721351207,1237.4934095991625,1237.4934095991625,3784.0,1.0,0.1,-6.388558318018195,4.767715613451173,7.971498576394878,-6.388558318018195,4.767715613451173,7.971498576394878,7.971498576394878,0.0,1.0,11.0,7.639222221018883,-9.150185658745386,11.919883125753307,207.63922222101888,-49.150185658745386,213.3771012898029,7.971498576394878,109.0,1.0,0.1,-6.388558318018195,4.767715613451173,7.971498576394878,-6.388558318018195,4.767715613451173,7.971498576394878,7.971498576394878,0.0,1.0,11.0,7.639222221018883,-9.150185658745386,11.919883125753307,207.63922222101888,-49.150185658745386,213.3771012898029,7.971498576394878,109.0,1.0,0.1,-6.388558318018195,4.767715613451173,7.971498576394878,-6.388558318018195,4.767715613451173,7.971498576394878,7.971498576394878,0.0,1.0,11.0,7.639222221018883,-9.150185658745386,11.919883125753307,207.63922222101888,-49.150185658745386,213.3771012898029,7.971498576394878,109.0
16_LTAN06_800km_1213COLD_PY_STTLCT_HEAT_PY_0p5,3448.5,16.432237325239175,-1243.805408716265,1243.9139492647182,107.71209629772497,-84.19250404277875,136.71237480873373,124.14433362296414,-1327.9979127590436,1333.7879411147285,1.0,378.5,16.432237325239175,-3.805408716264992,16.867114720983228,16.432237325239175,-1243.805408716265,1243.9139492647182,1243.9139492647182,3784.0,1.0,0.1,-6.270187541438737,4.333093994549927,7.621742279191694,-6.270187541438737,4.333093994549927,7.621742279191694,7.621742279191694,0.0,1.0,1.9000000000000001,21.441908756286225,0.14058995177128963,21.442369660264767,101.44190875628622,-79.85941004822871,129.10455540130965,7.621742279191694,18.0,1.0,0.1,-6.270187541438737,4.333093994549927,7.621742279191694,-6.270187541438737,4.333093994549927,7.621742279191694,7.621742279191694,0.0,1.0,1.9000000000000001,21.441908756286225,0.14058995177128963,21.442369660264767,101.44190875628622,-79.85941004822871,129.10455540130965,7.621742279191694,18.0,1.0,0.1,-6.270187541438737,4.333093994549927,7.621742279191694,-6.270187541438737,4.333093994549927,7.621742279191694,7.621742279191694,0.0,1.0,1.9000000000000001,21.441908756286225,0.14058995177128963,21.442369660264767,101.44190875628622,-79.85941004822871,129.10455540130965,7.621742279191694,18.0
16_LTAN06_800km_1213COLD_PY_STTLCT_HEAT_PY_0p5,3509.0,16.611369118273455,-1249.437829949438,1249.5482497657881,208.31277518179692,-170.1309171217901,268.95862370380183,224.92414430007037,-1419.5687470712282,1437.277390885453,1.0,378.5,16.611369118273455,-9.437829949438083,19.10524059356593,16.611369118273455,-1249.437829949438,1249.5482497657881,1249.5482497657881,3784.0,1.0,0.1,-6.091055748404457,3.8839643347926085,7.223997444913167,-6.091055748404457,3.8839643347926085,7.223997444913167,7.223997444913167,0.0,1.0,10.4,2.221719433392451,-6.246952786997554,6.630268196965352,202.22171943339245,-166.24695278699755,261.785547961609,7.223997444913167,103.0,1.0,0.1,-6.091055748404457,3.8839643347926085,7.223997444913167,-6.091055748404457,3.8839643347926085,7.223997444913167,7.223997444913167,0.0,1.0,10.4,2.221719433392451,-6.246952786997554,6.630268196965352,202.22171943339245,-166.24695278699755,261.785547961609,7.223997444913167,103.0,1.0,0.1,-6.091055748404457,3.8839643347926085,7.223997444913167,-6.091055748404457,3.8839643347926085,7.223997444913167,7.223997444913167,0.0,1.0,10.4,2.221719433392451,-6.246952786997554,6.630268196965352,202.22171943339245,-166.24695278699755,261.785547961609,7.223997444913167,103.0
16_LTAN06_800km_1213COLD_PY_STTLCT_HEAT_PY_0p5,3569.5,16.847406538463137,-1254.312989088259,1254.4261276386885,251.59358228296384,-25.227577022003903,252.85521803667731,268.44098882142697,-1279.540566110263,1307.3961239047628,1.0,378.5,16.847406538463137,-14.312989088258973,22.106486914769402,16.847406538463137,-1254.312989088259,1254.4261276386885,1254.4261276386885,3784.0,1.0,0.1,-5.855018328214776,3.416052257833144,6.77869107217447,-5.855018328214776,3.416052257833144,6.77869107217447,6.77869107217447,0.0,1.0,15.600000000000001,5.738563954749054,18.188475235829173,19.07227693976564,245.73856395474905,-21.811524764170827,246.7046501934658,6.77869107217447,155.0,1.0,0.1,-5.855018328214776,3.416052257833144,6.77869107217447,-5.855018328214776,3.416052257833144,6.77869107217447,6.77869107217447,0.0,1.0,15.600000000000001,5.738563954749054,18.188475235829173,19.07227693976564,245.73856395474905,-21.811524764170827,246.7046501934658,6.77869107217447,155.0,1.0,0.1,-5.855018328214776,3.416052257833144,6.77869107217447,-5.855018328214776,3.416052257833144,6.77869107217447,6.77869107217447,0.0,1.0,15.600000000000001,5.738563954749054,18.188475235829173,19.07227693976564,245.73856395474905,-21.811524764170827,246.7046501934658,6.77869107217447,155.0
16_LTAN06_800km_1213COLD_PY_STTLCT_HEAT_PY_0p5,3630.0,17.12956788931142,-1258.440987922759,1258.5575641106307,137.557475312473,-191.41000476430744,235.7113678595367,154.68704320178443,-1449.8509926870663,1458.0795528125968,0.0,nan,nan,nan,nan,17.12956788931142,-1258.440987922759,1258.5575641106307,1258.5575641106307,nan,1.0,0.1,-5.5728569773664915,2.917177258326774,6.290203339056799,-5.5728569773664915,2.917177258326774,6.290203339056799,6.290203339056799,0.0,1.0,9.9,11.984618335106518,11.507172494019414,16.61463497779257,131.98461833510652,-188.49282750598059,230.10755202353332,6.290203339056799,98.0,1.0,0.1,-5.5728569773664915,2.917177258326774,6.290203339056799,-5.5728569773664915,2.917177258326774,6.290203339056799,6.290203339056799,0.0,1.0,9.9,11.984618335106518,11.507172494019414,16.61463497779257,131.98461833510652,-188.49282750598059,230.10755202353332,6.290203339056799,98.0,1.0,0.1,-5.5728569773664915,2.917177258326774,6.290203339056799,-5.5728569773664915,2.917177258326774,6.290203339056799,6.290203339056799,0.0,1.0,9.9,11.984618335106518,11.507172494019414,16.61463497779257,131.98461833510652,-188.49282750598059,230.10755202353332,6.290203339056799,98.0
16_LTAN06_800km_1213COLD_PY_STTLCT_HEAT_PY_0p5,3690.5,17.456387406574397,-1261.8517997469555,1261.972539315305,61.42434416210696,-169.77802383422195,180.54785358125585,78.88073156868136,-1431.6298235811776,1433.8012838534787,0.0,nan,nan,nan,nan,17.456387406574397,-1261.8517997469555,1261.972539315305,1261.972539315305,nan,1.0,0.1,-5.246037460103516,2.39828785254781,5.768248751266517,-5.246037460103516,2.39828785254781,5.768248751266517,5.768248751266517,0.0,1.0,6.1000000000000005,16.17830670200344,-7.37973598167423,17.78196026604791,56.17830670200344,-167.37973598167423,176.5558782969271,5.768248751266517,60.0,1.0,0.1,-5.246037460103516,2.39828785254781,5.768248751266517,-5.246037460103516,2.39828785254781,5.768248751266517,5.768248751266517,0.0,1.0,6.1000000000000005,16.17830670200344,-7.37973598167423,17.78196026604791,56.17830670200344,-167.37973598167423,176.5558782969271,5.768248751266517,60.0,1.0,0.1,-5.246037460103516,2.39828785254781,5.768248751266517,-5.246037460103516,2.39828785254781,5.768248751266517,5.768248751266517,0.0,1.0,6.1000000000000005,16.17830670200344,-7.37973598167423,17.78196026604791,56.17830670200344,-167.37973598167423,176.5558782969271,5.768248751266517,60.0
16_LTAN06_800km_1213COLD_PY_STTLCT_HEAT_PY_0p5,3751.0,17.821780587423028,-1264.579744324934,1264.7053196773631,124.3294662806233,-132.4895982794413,181.69014788334667,142.15124686804631,-1397.0693426043752,1404.2826371607537,1.0,403.5,17.821780587423028,15.420255675066073,23.566929125167235,17.821780587423028,-1264.579744324934,1264.7053196773631,1264.7053196773631,4034.0,1.0,0.1,-4.880644279254884,1.8942868367214487,5.235361611235616,-4.880644279254884,1.8942868367214487,5.235361611235616,5.235361611235616,0.0,1.0,3.9000000000000004,-0.5511779986316014,-10.595311442719776,10.609638153792247,119.4488220013684,-130.59531144271978,176.9834920220967,5.235361611235616,38.0,1.0,0.1,-4.880644279254884,1.8942868367214487,5.235361611235616,-4.880644279254884,1.8942868367214487,5.235361611235616,5.235361611235616,0.0,1.0,3.9000000000000004,-0.5511779986316014,-10.595311442719776,10.609638153792247,119.4488220013684,-130.59531144271978,176.9834920220967,5.235361611235616,38.0,1.0,0.1,-4.880644279254884,1.8942868367214487,5.235361611235616,-4.880644279254884,1.8942868367214487,5.235361611235616,5.235361611235616,0.0,1.0,3.9000000000000004,-0.5511779986316014,-10.595311442719776,10.609638153792247,119.4488220013684,-130.59531144271978,176.9834920220967,5.235361611235616,38.0
16_LTAN06_800km_1213COLD_PY_STTLCT_HEAT_PY_0p5,3811.5,18.21712746537533,-1266.6614715434664,1266.792464149416,115.93180686210295,-151.09115858106918,190.44348779541332,134.1489343274783,-1417.7526301245357,1424.085129760941,1.0,403.5,18.21712746537533,13.338528456533595,22.57830982326819,18.21712746537533,-1266.6614715434664,1266.792464149416,1266.792464149416,4034.0,1.0,0.1,-4.4852974013025815,1.4295047168950532,4.707587122269421,-4.4852974013025815,1.4295047168950532,4.707587122269421,4.707587122269421,0.0,1.0,6.5,-8.553490539199629,10.33834613582576,13.418032688450307,111.44650946080037,-149.66165386417424,186.59832557757898,4.707587122269421,64.0,1.0,0.1,-4.4852974013025815,1.4295047168950532,4.707587122269421,-4.4852974013025815,1.4295047168950532,4.707587122269421,4.707587122269421,0.0,1.0,6.5,-8.553490539199629,10.33834613582576,13.418032688450307,111.44650946080037,-149.66165386417424,186.59832557757898,4.707587122269421,64.0,1.0,0.1,-4.4852974013025815,1.4295047168950532,4.707587122269421,-4.4852974013025815,1.4295047168950532,4.707587122269421,4.707587122269421,0.0,1.0,6.5,-8.553490539199629,10.33834613582576,13.418032688450307,111.44650946080037,-149.66165386417424,186.59832557757898,4.707587122269421,64.0
16_LTAN06_800km_1213COLD_PY_STTLCT_HEAT_PY_0p5,3872.0,18.641180008353857,-1268.1238133045856,1268.260816812641,284.2468953059405,-161.08098904450065,326.7160579503567,302.8880753142943,-1429.2048023490863,1460.9474847595613,1.0,403.5,18.641180008353857,11.87618669541439,22.102882222194218,18.641180008353857,-1268.1238133045856,1268.260816812641,1268.260816812641,4034.0,1.0,0.1,-4.061244858324056,0.9921436638521755,4.180676841013378,-4.061244858324056,0.9921436638521755,4.180676841013378,4.180676841013378,0.0,1.0,20.400000000000002,0.18565044761641047,-0.08884538064853587,0.20581445615591923,280.1856504476164,-160.08884538064854,322.69557965993755,4.180676841013378,203.0,1.0,0.1,-4.061244858324056,0.9921436638521755,4.180676841013378,-4.061244858324056,0.9921436638521755,4.180676841013378,4.180676841013378,0.0,1.0,20.400000000000002,0.18565044761641047,-0.08884538064853587,0.20581445615591923,280.1856504476164,-160.08884538064854,322.69557965993755,4.180676841013378,203.0,1.0,0.1,-4.061244858324056,0.9921436638521755,4.180676841013378,-4.061244858324056,0.9921436638521755,4.180676841013378,4.180676841013378,0.0,1.0,20.400000000000002,0.18565044761641047,-0.08884538064853587,0.20581445615591923,280.1856504476164,-160.08884538064854,322.69557965993755,4.180676841013378,203.0
16_LTAN06_800km_1213COLD_PY_STTLCT_HEAT_PY_0p5,3932.5,19.08678753706479,-1269.016788174068,1269.1603185280073,211.7534954188166,-242.55461504818402,321.98180709981045,230.8402829558814,-1511.5714032222522,1529.096250493879,1.0,403.5,19.08678753706479,10.983211825931903,22.021271545901755,19.08678753706479,-1269.016788174068,1269.1603185280073,1269.1603185280073,4034.0,1.0,0.1,-3.615637329613122,0.5631471083261204,3.6592305154100337,-3.615637329613122,0.5631471083261204,3.6592305154100337,3.6592305154100337,0.0,1.0,14.5,8.13785808920349,-1.991467939858012,8.377987755750004,208.1378580892035,-241.991467939858,319.18840600129687,3.6592305154100337,144.0,1.0,0.1,-3.615637329613122,0.5631471083261204,3.6592305154100337,-3.615637329613122,0.5631471083261204,3.6592305154100337,3.6592305154100337,0.0,1.0,14.5,8.13785808920349,-1.991467939858012,8.377987755750004,208.1378580892035,-241.991467939858,319.18840600129687,3.6592305154100337,144.0,1.0,0.1,-3.615637329613122,0.5631471083261204,3.6592305154100337,-3.615637329613122,0.5631471083261204,3.6592305154100337,3.6592305154100337,0.0,1.0,14.5,8.13785808920349,-1.991467939858012,8.377987755750004,208.1378580892035,-241.991467939858,319.18840600129687,3.6592305154100337,144.0
16_LTAN06_800km_1213COLD_PY_STTLCT_HEAT_PY_0p5,3993.0,19.54846810428808,-1269.3807540586936,1269.5312683742145,211.31468288357976,-213.4731007045126,300.3741998351171,230.86315098786784,-1482.853854763206,1500.7176113680237,1.0,403.5,19.54846810428808,10.619245941306417,22.24659501106453,19.54846810428808,-1269.3807540586936,1269.5312683742145,1269.5312683742145,4034.0,1.0,0.1,-3.153956762389832,0.1345625976032352,3.1568259932562457,-3.153956762389832,0.1345625976032352,3.1568259932562457,3.1568259932562457,0.0,1.0,10.3,8.160726121189924,-13.338538106909255,15.636945023070902,208.16072612118992,-213.33853810690925,298.0674751476488,3.1568259932562457,102.0,1.0,0.1,-3.153956762389832,0.1345625976032352,3.1568259932562457,-3.153956762389832,0.1345625976032352,3.1568259932562457,3.1568259932562457,0.0,1.0,10.3,8.160726121189924,-13.338538106909255,15.636945023070902,208.16072612118992,-213.33853810690925,298.0674751476488,3.1568259932562457,102.0,1.0,0.1,-3.153956762389832,0.1345625976032352,3.1568259932562457,-3.153956762389832,0.1345625976032352,3.1568259932562457,3.1568259932562457,0.0,1.0,10.3,8.160726121189924,-13.338538106909255,15.636945023070902,208.16072612118992,-213.33853810690925,298.0674751476488,3.1568259932562457,102.0
16_LTAN06_800km_1213COLD_PY_STTLCT_HEAT_PY_0p5,4053.5,20.024514026764862,-1269.2387047864506,1269.3966562465787,223.94271120505545,-238.11210130194883,326.8756807844542,243.9672252318203,-1507.3508060883994,1526.9664238622474,1.0,403.5,20.024514026764862,10.761295213549374,22.732941663613694,20.024514026764862,-1269.2387047864506,1269.3966562465787,1269.3966562465787,4034.0,1.0,0.1,-2.67791083991305,-0.29028749315443747,2.6935985772207602,-2.67791083991305,-0.29028749315443747,2.6935985772207602,2.6935985772207602,0.0,1.0,14.5,21.264800365142378,1.5976112048967934,21.324729684837067,221.26480036514238,-238.4023887951032,325.25960533677994,2.6935985772207602,144.0,1.0,0.1,-2.67791083991305,-0.29028749315443747,2.6935985772207602,-2.67791083991305,-0.29028749315443747,2.6935985772207602,2.6935985772207602,0.0,1.0,14.5,21.264800365142378,1.5976112048967934,21.324729684837067,221.26480036514238,-238.4023887951032,325.25960533677994,2.6935985772207602,144.0,1.0,0.1,-2.67791083991305,-0.29028749315443747,2.6935985772207602,-2.67791083991305,-0.29028749315443747,2.6935985772207602,2.6935985772207602,0.0,1.0,14.5,21.264800365142378,1.5976112048967934,21.324729684837067,221.26480036514238,-238.4023887951032,325.25960533677994,2.6935985772207602,144.0
16_LTAN06_800km_1213COLD_PY_STTLCT_HEAT_PY_0p5,4114.0,20.507389374217883,-1268.7020460803278,1268.8677766999035,219.54086599516356,-247.0594243896226,330.5095324217412,240.04825536938145,-1515.7614704699504,1534.651752114176,1.0,403.5,20.507389374217883,11.297953919672182,23.413602493354595,20.507389374217883,-1268.7020460803278,1268.8677766999035,1268.8677766999035,4034.0,1.0,0.1,-2.195035492460029,-0.7120234386845823,2.3076304276021884,-2.195035492460029,-0.7120234386845823,2.3076304276021884,2.3076304276021884,0.0,1.0,14.5,17.345830502703535,-7.771447828307146,19.007189091936247,217.34583050270354,-247.77144782830715,329.5905041044803,2.3076304276021884,144.0,1.0,0.1,-2.195035492460029,-0.7120234386845823,2.3076304276021884,-2.195035492460029,-0.7120234386845823,2.3076304276021884,2.3076304276021884,0.0,1.0,14.5,17.345830502703535,-7.771447828307146,19.007189091936247,217.34583050270354,-247.77144782830715,329.5905041044803,2.3076304276021884,144.0,1.0,0.1,-2.195035492460029,-0.7120234386845823,2.3076304276021884,-2.195035492460029,-0.7120234386845823,2.3076304276021884,2.3076304276021884,0.0,1.0,14.5,17.345830502703535,-7.771447828307146,19.007189091936247,217.34583050270354,-247.77144782830715,329.5905041044803,2.3076304276021884,144.0
16_LTAN06_800km_1213COLD_PY_STTLCT_HEAT_PY_0p5,4174.5,20.99551458526278,-1267.8059371578668,1267.9797734685822,278.58786550417636,-396.6768483063123,484.7305651476933,299.5833800894391,-1664.482785464179,1691.2282946818284,1.0,403.5,20.99551458526278,12.194062842133235,24.279761145816007,20.99551458526278,-1267.8059371578668,1267.9797734685822,1267.9797734685822,4034.0,1.0,0.1,-1.7069102814151336,-1.126773770920181,2.045277937013543,-1.7069102814151336,-1.126773770920181,2.045277937013543,2.045277937013543,0.0,1.0,39.7,-3.1190447772387984,2.196377922767624,3.814776048740168,276.8809552227612,-397.8036220772324,484.6759588661627,2.045277937013543,396.0,1.0,0.1,-1.7069102814151336,-1.126773770920181,2.045277937013543,-1.7069102814151336,-1.126773770920181,2.045277937013543,2.045277937013543,0.0,1.0,39.7,-3.1190447772387984,2.196377922767624,3.814776048740168,276.8809552227612,-397.8036220772324,484.6759588661627,2.045277937013543,396.0,1.0,0.1,-1.7069102814151336,-1.126773770920181,2.045277937013543,-1.7069102814151336,-1.126773770920181,2.045277937013543,2.045277937013543,0.0,1.0,39.7,-3.1190447772387984,2.196377922767624,3.814776048740168,276.8809552227612,-397.8036220772324,484.6759588661627,2.045277937013543,396.0
16_LTAN06_800km_1213COLD_PY_STTLCT_HEAT_PY_0p5,4235.0,21.488359272804985,-1266.5721804116224,1266.7544504665805,311.01359147016456,-366.76001966264954,480.8766641272141,332.50195074296954,-1633.332200074272,1666.8328119662576,1.0,403.70000000000005,-18.511640727195015,13.427819588377588,22.868912989269123,21.488359272804985,-1266.5721804116224,1266.7544504665805,1266.7544504665805,4036.0,1.0,0.1,-1.2140655938729275,-1.5270731774758133,1.9508735878042178,-1.2140655938729275,-1.5270731774758133,1.9508735878042178,1.9508735878042178,0.0,1.0,32.5,-10.200474123708375,-8.287092840125297,13.14251041807843,309.7995258762916,-368.2870928401253,481.25993910339776,1.9508735878042178,324.0,1.0,0.1,-1.2140655938729275,-1.5270731774758133,1.9508735878042178,-1.2140655938729275,-1.5270731774758133,1.9508735878042178,1.9508735878042178,0.0,1.0,32.5,-10.200474123708375,-8.287092840125297,13.14251041807843,309.7995258762916,-368.2870928401253,481.25993910339776,1.9508735878042178,324.0,1.0,0.1,-1.2140655938729275,-1.5270731774758133,1.9508735878042178,-1.2140655938729275,-1.5270731774758133,1.9508735878042178,1.9508735878042178,0.0,1.0,32.5,-10.200474123708375,-8.287092840125297,13.14251041807843,309.7995258762916,-368.2870928401253,481.25993910339776,1.9508735878042178,324.0
16_LTAN06_800km_1213COLD_PY_STTLCT_HEAT_PY_0p5,4295.5,21.980189373175705,-1265.117134713216,1265.308062595769,311.0716259438098,-365.430965666385,479.90139313737376,333.05181531698554,-1630.548100379601,1664.2147155152381,1.0,403.70000000000005,-18.019810626824295,14.882865286783954,23.371205663618824,21.980189373175705,-1265.117134713216,1265.308062595769,1265.308062595769,4036.0,1.0,0.1,-0.7222354935022075,-1.8658687613590246,2.0007724365079196,-0.7222354935022075,-1.8658687613590246,2.0007724365079196,2.0007724365079196,0.0,1.0,32.5,-9.650609549692376,-7.296834427743988,12.098679983639688,310.3493904503076,-367.296834427744,480.8572644075569,2.0007724365079196,324.0,1.0,0.1,-0.7222354935022075,-1.8658687613590246,2.0007724365079196,-0.7222354935022075,-1.8658687613590246,2.0007724365079196,2.0007724365079196,0.0,1.0,32.5,-9.650609549692376,-7.296834427743988,12.098679983639688,310.3493904503076,-367.296834427744,480.8572644075569,2.0007724365079196,324.0,1.0,0.1,-0.7222354935022075,-1.8658687613590246,2.0007724365079196,-0.7222354935022075,-1.8658687613590246,2.0007724365079196,2.0007724365079196,0.0,1.0,32.5,-9.650609549692376,-7.296834427743988,12.098679983639688,310.3493904503076,-367.296834427744,480.8572644075569,2.0007724365079196,324.0
16_LTAN06_800km_1213COLD_PY_STTLCT_HEAT_PY_0p5,4356.0,22.471269381218484,-1263.4542805778085,1263.6540970764074,265.4562460292218,-371.5757753850232,456.65695594057024,287.92751541044026,-1635.0300559628317,1660.1884043783255,1.0,403.70000000000005,-17.528730618781516,16.545719422191496,24.10429895897604,22.471269381218484,-1263.4542805778085,1263.6540970764074,1263.6540970764074,4036.0,1.0,0.1,-0.23115548545942843,-2.147835842723225,2.1602387983147997,-0.23115548545942843,-2.147835842723225,2.1602387983147997,2.1602387983147997,0.0,1.0,32.300000000000004,-14.774909456237651,-13.72361122774646,20.165204054765958,265.22509054376235,-373.72361122774646,458.272502167711,2.1602387983147997,322.0,1.0,0.1,-0.23115548545942843,-2.147835842723225,2.1602387983147997,-0.23115548545942843,-2.147835842723225,2.1602387983147997,2.1602387983147997,0.0,1.0,32.300000000000004,-14.774909456237651,-13.72361122774646,20.165204054765958,265.22509054376235,-373.72361122774646,458.272502167711,2.1602387983147997,322.0,1.0,0.1,-0.23115548545942843,-2.147835842723225,2.1602387983147997,-0.23115548545942843,-2.147835842723225,2.1602387983147997,2.1602387983147997,0.0,1.0,32.300000000000004,-14.774909456237651,-13.72361122774646,20.165204054765958,265.22509054376235,-373.72361122774646,458.272502167711,2.1602387983147997,322.0
16_LTAN06_800km_1213COLD_PY_STTLCT_HEAT_PY_0p5,4416.5,22.959897110758305,-1261.6359193641604,1261.8448200571997,386.966687786251,-418.8758786736033,570.2632893592618,409.9265848970093,-1680.5117980377636,1729.7860296433898,0.0,nan,nan,nan,nan,22.959897110758305,-1261.6359193641604,1261.8448200571997,1261.8448200571997,nan,1.0,0.1,0.25747224408039315,-2.391398454204136,2.405219017728266,0.25747224408039315,-2.391398454204136,2.405219017728266,2.405219017728266,0.0,1.0,40.300000000000004,-12.775839969668596,-21.267277127807347,24.809658670798743,387.2241600303314,-421.26727712780735,572.1963551875112,2.405219017728266,402.0,1.0,0.1,0.25747224408039315,-2.391398454204136,2.405219017728266,0.25747224408039315,-2.391398454204136,2.405219017728266,2.405219017728266,0.0,1.0,40.300000000000004,-12.775839969668596,-21.267277127807347,24.809658670798743,387.2241600303314,-421.26727712780735,572.1963551875112,2.405219017728266,402.0,1.0,0.1,0.25747224408039315,-2.391398454204136,2.405219017728266,0.25747224408039315,-2.391398454204136,2.405219017728266,2.405219017728266,0.0,1.0,40.300000000000004,-12.775839969668596,-21.267277127807347,24.809658670798743,387.2241600303314,-421.26727712780735,572.1963551875112,2.405219017728266,402.0
16_LTAN06_800km_1213COLD_PY_STTLCT_HEAT_PY_0p5,4477.0,23.441486154639648,-1259.776763729762,1259.994840349186,321.6992464152619,-360.37409993656945,483.07338681533673,345.1407325699015,-1620.1508636663316,1656.505643309931,0.0,nan,nan,nan,nan,23.441486154639648,-1259.776763729762,1259.994840349186,1259.994840349186,nan,1.0,0.1,0.7390612879617358,-2.6365548612202474,2.7381806228931973,0.7390612879617358,-2.6365548612202474,2.7381806228931973,2.7381806228931973,0.0,1.0,32.5,2.438307703223586,-3.0106547977898117,3.874194983097042,322.4383077032236,-363.0106547977898,485.53393060757224,2.7381806228931973,324.0,1.0,0.1,0.7390612879617358,-2.6365548612202474,2.7381806228931973,0.7390612879617358,-2.6365548612202474,2.7381806228931973,2.7381806228931973,0.0,1.0,32.5,2.438307703223586,-3.0106547977898117,3.874194983097042,322.4383077032236,-363.0106547977898,485.53393060757224,2.7381806228931973,324.0,1.0,0.1,0.7390612879617358,-2.6365548612202474,2.7381806228931973,0.7390612879617358,-2.6365548612202474,2.7381806228931973,2.7381806228931973,0.0,1.0,32.5,2.438307703223586,-3.0106547977898117,3.874194983097042,322.4383077032236,-363.0106547977898,485.53393060757224,2.7381806228931973,324.0
16_LTAN06_800km_1213COLD_PY_STTLCT_HEAT_PY_0p5,4537.5,23.916027891204635,-1257.879172902008,1258.1065098038132,290.02358590543577,-521.937861794971,597.103686101965,313.9396137966404,-1779.817034696979,1807.2926597837802,1.0,378.70000000000005,-16.083972108795365,-17.879172902007895,24.049095252345783,23.916027891204635,-1257.879172902008,1258.1065098038132,1258.1065098038132,3786.0,1.0,0.1,1.2136030245267229,-2.876473513199471,3.1220077151215557,1.2136030245267229,-2.876473513199471,3.1220077151215557,3.1220077151215557,0.0,1.0,66.7,11.237188929962485,-4.8143353081704845,12.225066032834686,291.2371889299625,-524.8143353081705,600.2076197123654,3.1220077151215557,666.0,1.0,0.1,1.2136030245267229,-2.876473513199471,3.1220077151215557,1.2136030245267229,-2.876473513199471,3.1220077151215557,3.1220077151215557,0.0,1.0,66.7,11.237188929962485,-4.8143353081704845,12.225066032834686,291.2371889299625,-524.8143353081705,600.2076197123654,3.1220077151215557,666.0,1.0,0.1,1.2136030245267229,-2.876473513199471,3.1220077151215557,1.2136030245267229,-2.876473513199471,3.1220077151215557,3.1220077151215557,0.0,1.0,66.7,11.237188929962485,-4.8143353081704845,12.225066032834686,291.2371889299625,-524.8143353081705,600.2076197123654,3.1220077151215557,666.0
16_LTAN06_800km_1213COLD_PY_STTLCT_HEAT_PY_0p5,4598.0,24.38116978990369,-1256.008474006409,1256.2450908227393,319.9538230585472,-347.29748296982405,472.21392457969233,344.3349928484509,-1603.3059569762331,1639.8648050907786,1.0,378.70000000000005,-15.61883021009631,-16.00847400640896,22.3655783995337,24.38116978990369,-1256.008474006409,1256.2450908227393,1256.2450908227393,3786.0,1.0,0.1,1.6787449232257785,-3.0651589240583235,3.494765191967939,1.6787449232257785,-3.0651589240583235,3.494765191967939,3.494765191967939,0.0,1.0,32.5,1.6325679817729792,9.637358106117517,9.774658535246095,321.632567981773,-350.3626418938825,475.6064440495006,3.494765191967939,324.0,1.0,0.1,1.6787449232257785,-3.0651589240583235,3.494765191967939,1.6787449232257785,-3.0651589240583235,3.494765191967939,3.494765191967939,0.0,1.0,32.5,1.6325679817729792,9.637358106117517,9.774658535246095,321.632567981773,-350.3626418938825,475.6064440495006,3.494765191967939,324.0,1.0,0.1,1.6787449232257785,-3.0651589240583235,3.494765191967939,1.6787449232257785,-3.0651589240583235,3.494765191967939,3.494765191967939,0.0,1.0,32.5,1.6325679817729792,9.637358106117517,9.774658535246095,321.632567981773,-350.3626418938825,475.6064440495006,3.494765191967939,324.0
16_LTAN06_800km_1213COLD_PY_STTLCT_HEAT_PY_0p5,4658.5,24.83448282606773,-1254.2286863176098,1254.4745310763528,294.9460170695391,-461.53821373071474,547.7323029719206,319.78049989560685,-1715.7669000483245,1745.3124715691806,1.0,378.70000000000005,-15.165517173932269,-14.2286863176098,20.79539433330782,24.83448282606773,-1254.2286863176098,1254.4745310763528,1254.4745310763528,3786.0,1.0,0.1,2.132057959389819,-3.167655861069761,3.818339272035303,2.132057959389819,-3.167655861069761,3.818339272035303,3.818339272035303,0.0,1.0,56.900000000000006,17.078075028928936,15.294130408215551,22.92533689255688,297.07807502892894,-464.70586959178445,551.5495697541161,3.818339272035303,568.0,1.0,0.1,2.132057959389819,-3.167655861069761,3.818339272035303,2.132057959389819,-3.167655861069761,3.818339272035303,3.818339272035303,0.0,1.0,56.900000000000006,17.078075028928936,15.294130408215551,22.92533689255688,297.07807502892894,-464.70586959178445,551.5495697541161,3.818339272035303,568.0,1.0,0.1,2.132057959389819,-3.167655861069761,3.818339272035303,2.132057959389819,-3.167655861069761,3.818339272035303,3.818339272035303,0.0,1.0,56.900000000000006,17.078075028928936,15.294130408215551,22.92533689255688,297.07807502892894,-464.70586959178445,551.5495697541161,3.818339272035303,568.0
16_LTAN06_800km_1213COLD_PY_STTLCT_HEAT_PY_0p5,4719.0,25.27571358999292,-1252.540120884929,1252.795121368181,331.21884659895323,-439.3764989168406,550.2341611920887,356.49456018894614,-1691.9166198017695,1729.06628554424,1.0,378.70000000000005,-14.724286410007078,-12.54012088492891,19.34061121300331,25.27571358999292,-1252.540120884929,1252.795121368181,1252.795121368181,3786.0,1.0,0.1,2.5732887233150095,-3.20544229460279,4.1105565508296555,2.5732887233150095,-3.20544229460279,4.1105565508296555,4.1105565508296555,0.0,1.0,48.1,13.792135322268223,-2.581941211443336,14.031728944328574,333.7921353222682,-442.58194121144334,554.3428219878823,4.1105565508296555,480.0,1.0,0.1,2.5732887233150095,-3.20544229460279,4.1105565508296555,2.5732887233150095,-3.20544229460279,4.1105565508296555,4.1105565508296555,0.0,1.0,48.1,13.792135322268223,-2.581941211443336,14.031728944328574,333.7921353222682,-442.58194121144334,554.3428219878823,4.1105565508296555,480.0,1.0,0.1,2.5732887233150095,-3.20544229460279,4.1105565508296555,2.5732887233150095,-3.20544229460279,4.1105565508296555,4.1105565508296555,0.0,1.0,48.1,13.792135322268223,-2.581941211443336,14.031728944328574,333.7921353222682,-442.58194121144334,554.3428219878823,4.1105565508296555,480.0
16_LTAN06_800km_1213COLD_PY_STTLCT_HEAT_PY_0p5,4779.5,25.70368768744284,-1251.047786066738,1251.3118086964655,425.4187177390541,-387.7695451787265,575.6268805145025,451.1224054264969,-1638.8173312454644,1699.774593841282,1.0,378.70000000000005,-14.29631231255716,-11.047786066737899,18.067598698072235,25.70368768744284,-1251.047786066738,1251.3118086964655,1251.3118086964655,3786.0,1.0,0.1,3.0012628207649286,-3.24705769412094,4.421646999507746,3.0012628207649286,-3.24705769412094,4.421646999507746,4.421646999507746,0.0,1.0,48.800000000000004,-11.58001944018099,8.983397127152557,14.655997890935385,428.419980559819,-391.01660287284744,580.0324675956491,4.421646999507746,487.0,1.0,0.1,3.0012628207649286,-3.24705769412094,4.421646999507746,3.0012628207649286,-3.24705769412094,4.421646999507746,4.421646999507746,0.0,1.0,48.800000000000004,-11.58001944018099,8.983397127152557,14.655997890935385,428.419980559819,-391.01660287284744,580.0324675956491,4.421646999507746,487.0,1.0,0.1,3.0012628207649286,-3.24705769412094,4.421646999507746,3.0012628207649286,-3.24705769412094,4.421646999507746,4.421646999507746,0.0,1.0,48.800000000000004,-11.58001944018099,8.983397127152557,14.655997890935385,428.419980559819,-391.01660287284744,580.0324675956491,4.421646999507746,487.0
16_LTAN06_800km_1213COLD_PY_STTLCT_HEAT_PY_0p5,4840.0,26.1177167472372,-1249.7857387753552,1250.0586098156955,403.0293025207433,-362.01586980610944,541.7454279288665,429.14701926798045,-1611.8016085814647,1667.9543127952845,1.0,378.70000000000005,-13.8822832527628,-9.785738775355185,16.98465400558482,26.1177167472372,-1249.7857387753552,1250.0586098156955,1250.0586098156955,3786.0,1.0,0.1,3.4152918805592876,-3.3040189611406277,4.751921708634412,3.4152918805592876,-3.3040189611406277,4.751921708634412,4.751921708634412,0.0,1.0,40.400000000000006,6.444594401302538,-5.319888767250177,8.356674786852402,406.44459440130254,-365.3198887672502,546.4941257204466,4.751921708634412,403.0,1.0,0.1,3.4152918805592876,-3.3040189611406277,4.751921708634412,3.4152918805592876,-3.3040189611406277,4.751921708634412,4.751921708634412,0.0,1.0,40.400000000000006,6.444594401302538,-5.319888767250177,8.356674786852402,406.44459440130254,-365.3198887672502,546.4941257204466,4.751921708634412,403.0,1.0,0.1,3.4152918805592876,-3.3040189611406277,4.751921708634412,3.4152918805592876,-3.3040189611406277,4.751921708634412,4.751921708634412,0.0,1.0,40.400000000000006,6.444594401302538,-5.319888767250177,8.356674786852402,406.44459440130254,-365.3198887672502,546.4941257204466,4.751921708634412,403.0
16_LTAN06_800km_1213COLD_PY_STTLCT_HEAT_PY_0p5,4900.5,26.517657981819703,-1248.7453770166435,1249.0269023545009,415.7272175568748,-361.2201478206525,550.7350675317082,442.2448755386945,-1609.965524837296,1669.6016055049975,1.0,378.70000000000005,-13.482342018180297,-8.745377016643488,16.070319395034627,26.517657981819703,-1248.7453770166435,1249.0269023545009,1249.0269023545009,3786.0,1.0,0.1,3.8152331151417904,-3.366658375574616,5.088260246950941,3.8152331151417904,-3.366658375574616,5.088260246950941,5.088260246950941,0.0,1.0,40.400000000000006,19.54245067201657,-4.586806196227144,20.07351910727037,419.54245067201657,-364.58680619622714,555.8231797687523,5.088260246950941,403.0,1.0,0.1,3.8152331151417904,-3.366658375574616,5.088260246950941,3.8152331151417904,-3.366658375574616,5.088260246950941,5.088260246950941,0.0,1.0,40.400000000000006,19.54245067201657,-4.586806196227144,20.07351910727037,419.54245067201657,-364.58680619622714,555.8231797687523,5.088260246950941,403.0,1.0,0.1,3.8152331151417904,-3.366658375574616,5.088260246950941,3.8152331151417904,-3.366658375574616,5.088260246950941,5.088260246950941,0.0,1.0,40.400000000000006,19.54245067201657,-4.586806196227144,20.07351910727037,419.54245067201657,-364.58680619622714,555.8231797687523,5.088260246950941,403.0
16_LTAN06_800km_1213COLD_PY_STTLCT_HEAT_PY_0p5,4961.0,26.89343532910781,-1248.0249316357251,1248.3146585889942,462.9174008277952,-393.75085029510365,607.7271197645196,489.810836156903,-1641.7757819308288,1713.2840900887713,1.0,378.70000000000005,-13.10656467089219,-8.024931635725125,15.368199804477467,26.89343532910781,-1248.0249316357251,1248.3146585889942,1248.3146585889942,3786.0,1.0,0.1,4.191010462429897,-3.447714152499884,5.426905340389204,4.191010462429897,-3.447714152499884,5.426905340389204,5.426905340389204,0.0,1.0,58.2,-12.891588709774908,2.8014355523964696,13.192463781122417,467.1084112902251,-397.19856444760353,613.1532985292627,5.426905340389204,581.0,1.0,0.1,4.191010462429897,-3.447714152499884,5.426905340389204,4.191010462429897,-3.447714152499884,5.426905340389204,5.426905340389204,0.0,1.0,58.2,-12.891588709774908,2.8014355523964696,13.192463781122417,467.1084112902251,-397.19856444760353,613.1532985292627,5.426905340389204,581.0,1.0,0.1,4.191010462429897,-3.447714152499884,5.426905340389204,4.191010462429897,-3.447714152499884,5.426905340389204,5.426905340389204,0.0,1.0,58.2,-12.891588709774908,2.8014355523964696,13.192463781122417,467.1084112902251,-397.19856444760353,613.1532985292627,5.426905340389204,581.0
16_LTAN06_800km_1213COLD_PY_STTLCT_HEAT_PY_0p5,5021.5,27.245541787788262,-1247.6194768116593,1247.9169357241324,487.5693702087464,-411.4872125833307,638.001267150272,514.8149119965346,-1659.10668939499,1737.1440355967043,1.0,378.70000000000005,-12.754458212211738,-7.619476811659297,14.85707343895389,27.245541787788262,-1247.6194768116593,1247.9169357241324,1247.9169357241324,3786.0,1.0,0.1,4.54311692111035,-3.5227014477507055,5.748855264212529,4.54311692111035,-3.5227014477507055,5.748855264212529,5.748855264212529,0.0,1.0,58.2,12.112487129856731,-15.009914031081507,19.287557224578816,492.11248712985673,-415.0099140310815,643.7452358916678,5.748855264212529,581.0,1.0,0.1,4.54311692111035,-3.5227014477507055,5.748855264212529,4.54311692111035,-3.5227014477507055,5.748855264212529,5.748855264212529,0.0,1.0,58.2,12.112487129856731,-15.009914031081507,19.287557224578816,492.11248712985673,-415.0099140310815,643.7452358916678,5.748855264212529,581.0,1.0,0.1,4.54311692111035,-3.5227014477507055,5.748855264212529,4.54311692111035,-3.5227014477507055,5.748855264212529,5.748855264212529,0.0,1.0,58.2,12.112487129856731,-15.009914031081507,19.287557224578816,492.11248712985673,-415.0099140310815,643.7452358916678,5.748855264212529,581.0
16_LTAN06_800km_1213COLD_PY_STTLCT_HEAT_PY_0p5,5082.0,27.57413588388277,-1247.5349297065868,1247.839626637879,414.0587168381338,-452.89315337942935,613.6422649782243,441.6328527220166,-1700.4280830860162,1756.8424068057357,1.0,378.70000000000005,-12.425864116117229,-7.534929706586809,14.531939468474748,27.57413588388277,-1247.5349297065868,1247.839626637879,1247.839626637879,3786.0,1.0,0.1,4.871711017204859,-3.574433944526163,6.0423626388140645,4.871711017204859,-3.574433944526163,6.0423626388140645,6.0423626388140645,0.0,0.0,nan,nan,nan,nan,418.9304278553387,-456.4675873239555,619.5686900259002,6.0423626388140645,nan,1.0,0.1,4.871711017204859,-3.574433944526163,6.0423626388140645,4.871711017204859,-3.574433944526163,6.0423626388140645,6.0423626388140645,0.0,0.0,nan,nan,nan,nan,418.9304278553387,-456.4675873239555,619.5686900259002,6.0423626388140645,nan,1.0,0.1,4.871711017204859,-3.574433944526163,6.0423626388140645,4.871711017204859,-3.574433944526163,6.0423626388140645,6.0423626388140645,0.0,0.0,nan,nan,nan,nan,418.9304278553387,-456.4675873239555,619.5686900259002,6.0423626388140645,nan
16_LTAN06_800km_1213COLD_PY_STTLCT_HEAT_PY_0p5,5142.5,27.876430945341145,-1247.848489976832,1248.1598252386232,369.25556845283046,-459.97576048826295,589.8536895452793,397.1319993981716,-1707.824250465095,1753.390286109357,1.0,378.70000000000005,-12.123569054658855,-7.84848997683207,14.442289345512895,27.876430945341145,-1247.848489976832,1248.1598252386232,1248.1598252386232,3786.0,1.0,0.1,5.174006078663233,-3.5331354726672544,6.265252203244794,5.174006078663233,-3.5331354726672544,6.265252203244794,6.265252203244794,0.0,1.0,57.300000000000004,14.4295745314937,16.491104039069796,21.91276188861997,374.4295745314937,-463.5088959609302,595.8506548781799,6.265252203244794,572.0,1.0,0.1,5.174006078663233,-3.5331354726672544,6.265252203244794,5.174006078663233,-3.5331354726672544,6.265252203244794,6.265252203244794,0.0,1.0,57.300000000000004,14.4295745314937,16.491104039069796,21.91276188861997,374.4295745314937,-463.5088959609302,595.8506548781799,6.265252203244794,572.0,1.0,0.1,5.174006078663233,-3.5331354726672544,6.265252203244794,5.174006078663233,-3.5331354726672544,6.265252203244794,6.265252203244794,0.0,1.0,57.300000000000004,14.4295745314937,16.491104039069796,21.91276188861997,374.4295745314937,-463.5088959609302,595.8506548781799,6.265252203244794,572.0
16_LTAN06_800km_1213COLD_PY_STTLCT_HEAT_PY_0p5,5203.0,28.15198126526744,-1248.5478630828384,1248.865205079348,450.4661641467309,-436.1459045697399,627.011176227367,478.61814541199834,-1684.6937676525783,1751.36187576556,1.0,378.70000000000005,-11.848018734732559,-8.547863082838376,14.609637614312167,28.15198126526744,-1248.5478630828384,1248.865205079348,1248.865205079348,3786.0,1.0,0.1,5.449556398589529,-3.4285678119013028,6.438380400552126,5.449556398589529,-3.4285678119013028,6.438380400552126,6.438380400552126,0.0,1.0,48.7,15.915720545320426,0.42552761835872843,15.921408047993769,455.9157205453204,-439.57447238164127,633.3126092301945,6.438380400552126,486.0,1.0,0.1,5.449556398589529,-3.4285678119013028,6.438380400552126,5.449556398589529,-3.4285678119013028,6.438380400552126,6.438380400552126,0.0,1.0,48.7,15.915720545320426,0.42552761835872843,15.921408047993769,455.9157205453204,-439.57447238164127,633.3126092301945,6.438380400552126,486.0,1.0,0.1,5.449556398589529,-3.4285678119013028,6.438380400552126,5.449556398589529,-3.4285678119013028,6.438380400552126,6.438380400552126,0.0,1.0,48.7,15.915720545320426,0.42552761835872843,15.921408047993769,455.9157205453204,-439.57447238164127,633.3126092301945,6.438380400552126,486.0
16_LTAN06_800km_1213COLD_PY_STTLCT_HEAT_PY_0p5,5263.5,28.39729889606217,-1249.6514771981165,1249.9740881506411,388.50417340863487,-454.7865433691106,598.1356809165882,416.90147230469705,-1704.438020567227,1754.6839611636483,1.0,378.70000000000005,-11.602701103937829,-9.651477198116481,15.092172971877922,28.39729889606217,-1249.6514771981165,1249.9740881506411,1249.9740881506411,3786.0,1.0,0.1,5.694874029384259,-3.2915057941281702,6.577659203952012,5.694874029384259,-3.2915057941281702,6.577659203952012,6.577659203952012,0.0,1.0,48.5,-5.800952561980864,-18.078049163238802,18.98596619018457,394.19904743801914,-458.0780491632388,604.3412844794242,6.577659203952012,484.0,1.0,0.1,5.694874029384259,-3.2915057941281702,6.577659203952012,5.694874029384259,-3.2915057941281702,6.577659203952012,6.577659203952012,0.0,1.0,48.5,-5.800952561980864,-18.078049163238802,18.98596619018457,394.19904743801914,-458.0780491632388,604.3412844794242,6.577659203952012,484.0,1.0,0.1,5.694874029384259,-3.2915057941281702,6.577659203952012,5.694874029384259,-3.2915057941281702,6.577659203952012,6.577659203952012,0.0,1.0,48.5,-5.800952561980864,-18.078049163238802,18.98596619018457,394.19904743801914,-458.0780491632388,604.3412844794242,6.577659203952012,484.0
16_LTAN06_800km_1213COLD_PY_STTLCT_HEAT_PY_0p5,5324.0,28.607072343975588,-1251.1930090761011,1251.5200000595285,337.4426990116358,-389.5981358271915,515.4166106716781,366.04977135561137,-1640.7911449032927,1681.1270077845259,1.0,378.70000000000005,-11.392927656024412,-11.193009076101134,15.971294648621578,28.607072343975588,-1251.1930090761011,1251.5200000595285,1251.5200000595285,3786.0,1.0,0.1,5.904647477297676,-3.1518013217082625,6.693184100462183,5.904647477297676,-3.1518013217082625,6.693184100462183,6.693184100462183,0.0,1.0,39.900000000000006,23.347346488933454,7.2500628511002105,24.447126608647007,343.34734648893345,-392.7499371488998,521.6703110887722,6.693184100462183,398.0,1.0,0.1,5.904647477297676,-3.1518013217082625,6.693184100462183,5.904647477297676,-3.1518013217082625,6.693184100462183,6.693184100462183,0.0,1.0,39.900000000000006,23.347346488933454,7.2500628511002105,24.447126608647007,343.34734648893345,-392.7499371488998,521.6703110887722,6.693184100462183,398.0,1.0,0.1,5.904647477297676,-3.1518013217082625,6.693184100462183,5.904647477297676,-3.1518013217082625,6.693184100462183,6.693184100462183,0.0,1.0,39.900000000000006,23.347346488933454,7.2500628511002105,24.447126608647007,343.34734648893345,-392.7499371488998,521.6703110887722,6.693184100462183,398.0
16_LTAN06_800km_1213COLD_PY_STTLCT_HEAT_PY_0p5,5384.5,28.78168678201904,-1253.1547836064324,1253.4852600528268,341.25040267421906,-417.01456804498855,538.8441215110962,370.0320894562381,-1670.169351651421,1710.6692872741585,1.0,378.70000000000005,-11.21831321798096,-13.154783606432375,17.288692350458096,28.78168678201904,-1253.1547836064324,1253.4852600528268,1253.4852600528268,3786.0,1.0,0.1,6.079261915341128,-3.004488283137107,6.781178015568183,6.079261915341128,-3.004488283137107,6.781178015568183,6.781178015568183,0.0,1.0,40.1,-12.670335410439804,-20.01905632812577,23.69177105413855,347.3296645895602,-420.01905632812577,545.0265164032533,6.781178015568183,400.0,1.0,0.1,6.079261915341128,-3.004488283137107,6.781178015568183,6.079261915341128,-3.004488283137107,6.781178015568183,6.781178015568183,0.0,1.0,40.1,-12.670335410439804,-20.01905632812577,23.69177105413855,347.3296645895602,-420.01905632812577,545.0265164032533,6.781178015568183,400.0,1.0,0.1,6.079261915341128,-3.004488283137107,6.781178015568183,6.079261915341128,-3.004488283137107,6.781178015568183,6.781178015568183,0.0,1.0,40.1,-12.670335410439804,-20.01905632812577,23.69177105413855,347.3296645895602,-420.01905632812577,545.0265164032533,6.781178015568183,400.0
16_LTAN06_800km_1213COLD_PY_STTLCT_HEAT_PY_0p5,5445.0,28.913517655103814,-1255.533417477689,1255.8662961901625,253.8583931840044,-356.5869150514805,437.71944413733365,282.7719108391082,-1612.1203325291694,1636.7320856247552,1.0,378.70000000000005,-11.086482344896186,-15.533417477689,19.08395004499511,28.913517655103814,-1255.533417477689,1255.8662961901625,1255.8662961901625,3786.0,1.0,0.1,6.211092788425901,-2.8680857187780475,6.8413148821476435,6.211092788425901,-2.8680857187780475,6.8413148821476435,6.8413148821476435,0.0,1.0,32.1,20.0694859724303,0.5449992297415065,20.076884503278777,260.0694859724303,-359.4550007702585,443.67108888534835,6.8413148821476435,320.0,1.0,0.1,6.211092788425901,-2.8680857187780475,6.8413148821476435,6.211092788425901,-2.8680857187780475,6.8413148821476435,6.8413148821476435,0.0,1.0,32.1,20.0694859724303,0.5449992297415065,20.076884503278777,260.0694859724303,-359.4550007702585,443.67108888534835,6.8413148821476435,320.0,1.0,0.1,6.211092788425901,-2.8680857187780475,6.8413148821476435,6.211092788425901,-2.8680857187780475,6.8413148821476435,6.8413148821476435,0.0,1.0,32.1,20.0694859724303,0.5449992297415065,20.076884503278777,260.0694859724303,-359.4550007702585,443.67108888534835,6.8413148821476435,320.0
16_LTAN06_800km_1213COLD_PY_STTLCT_HEAT_PY_0p5,5505.5,28.99910073651467,-1258.320710693714,1258.6548211500483,379.6707760471584,-361.3210807088423,524.1209989581197,408.6698767836731,-1619.6417914025565,1670.4043225064,1.0,378.70000000000005,-11.00089926348533,-18.32071069371409,21.369797025899004,28.99910073651467,-1258.320710693714,1258.6548211500483,1258.6548211500483,3786.0,1.0,0.1,6.296675869836758,-2.7549049976930746,6.872963593392502,6.296675869836758,-2.7549049976930746,6.872963593392502,6.872963593392502,0.0,1.0,40.400000000000006,-14.032548083004826,-4.075985706535448,14.612531101137945,385.9674519169952,-364.07598570653545,530.5866539100691,6.872963593392502,403.0,1.0,0.1,6.296675869836758,-2.7549049976930746,6.872963593392502,6.296675869836758,-2.7549049976930746,6.872963593392502,6.872963593392502,0.0,1.0,40.400000000000006,-14.032548083004826,-4.075985706535448,14.612531101137945,385.9674519169952,-364.07598570653545,530.5866539100691,6.872963593392502,403.0,1.0,0.1,6.296675869836758,-2.7549049976930746,6.872963593392502,6.296675869836758,-2.7549049976930746,6.872963593392502,6.872963593392502,0.0,1.0,40.400000000000006,-14.032548083004826,-4.075985706535448,14.612531101137945,385.9674519169952,-364.07598570653545,530.5866539100691,6.872963593392502,403.0
16_LTAN06_800km_1213COLD_PY_STTLCT_HEAT_PY_0p5,5566.0,29.04039584977631,-1261.5005906720194,1261.8348088624618,338.49819067504006,-304.5289188926142,455.32283879921965,367.53858652481637,-1566.0295095646336,1608.5810633635804,1.0,378.70000000000005,-10.95960415022369,-21.50059067201937,24.132723061754277,29.04039584977631,-1261.5005906720194,1261.8348088624618,1261.8348088624618,3786.0,1.0,0.1,6.337970983098398,-2.658756191915245,6.873053227688908,6.337970983098398,-2.658756191915245,6.873053227688908,6.873053227688908,0.0,1.0,32.800000000000004,-15.163838341861549,12.812324915470526,19.851893184220422,344.83616165813845,-307.1876750845295,461.818412485856,6.873053227688908,327.0,1.0,0.1,6.337970983098398,-2.658756191915245,6.873053227688908,6.337970983098398,-2.658756191915245,6.873053227688908,6.873053227688908,0.0,1.0,32.800000000000004,-15.163838341861549,12.812324915470526,19.851893184220422,344.83616165813845,-307.1876750845295,461.818412485856,6.873053227688908,327.0,1.0,0.1,6.337970983098398,-2.658756191915245,6.873053227688908,6.337970983098398,-2.658756191915245,6.873053227688908,6.873053227688908,0.0,1.0,32.800000000000004,-15.163838341861549,12.812324915470526,19.851893184220422,344.83616165813845,-307.1876750845295,461.818412485856,6.873053227688908,327.0
16_LTAN06_800km_1213COLD_PY_STTLCT_HEAT_PY_0p5,5626.5,29.03245648544585,-1265.0491559410473,1265.382254686992,184.05363771603183,-241.56470635245432,303.6926882749267,213.0860942014777,-1506.6138622935016,1521.6080354667504,1.0,403.70000000000005,-10.967543514554151,14.950844058952725,18.542242281308937,29.03245648544585,-1265.0491559410473,1265.382254686992,1265.382254686992,4036.0,1.0,0.1,6.330031618767936,-2.551505022831634,6.82491598308264,6.330031618767936,-2.551505022831634,6.82491598308264,6.82491598308264,0.0,1.0,14.5,-9.616330665200223,-4.116211375285957,10.460258675028246,190.38366933479978,-244.11621137528596,309.578206929373,6.82491598308264,144.0,1.0,0.1,6.330031618767936,-2.551505022831634,6.82491598308264,6.330031618767936,-2.551505022831634,6.82491598308264,6.82491598308264,0.0,1.0,14.5,-9.616330665200223,-4.116211375285957,10.460258675028246,190.38366933479978,-244.11621137528596,309.578206929373,6.82491598308264,144.0,1.0,0.1,6.330031618767936,-2.551505022831634,6.82491598308264,6.330031618767936,-2.551505022831634,6.82491598308264,6.82491598308264,0.0,1.0,14.5,-9.616330665200223,-4.116211375285957,10.460258675028246,190.38366933479978,-244.11621137528596,309.578206929373,6.82491598308264,144.0
16_LTAN06_800km_1213COLD_PY_STTLCT_HEAT_PY_0p5,5687.0,28.974407683402227,-1268.948676822498,1269.2794257806959,233.6528643365604,-345.37010328396883,416.98221695302357,262.6272720199626,-1614.3187801064669,1635.5421754919923,1.0,403.70000000000005,-11.025592316597773,11.0513231775019,15.610747256470798,28.974407683402227,-1268.948676822498,1269.2794257806959,1269.2794257806959,4036.0,1.0,0.1,6.271982816724314,-2.4344927430829557,6.72789145047753,6.271982816724314,-2.4344927430829557,6.72789145047753,6.72789145047753,0.0,1.0,32.1,-0.07515284671529798,12.19540397294827,12.195635531360056,239.9248471532847,-347.80459602705173,422.5304359440485,6.72789145047753,320.0,1.0,0.1,6.271982816724314,-2.4344927430829557,6.72789145047753,6.271982816724314,-2.4344927430829557,6.72789145047753,6.72789145047753,0.0,1.0,32.1,-0.07515284671529798,12.19540397294827,12.195635531360056,239.9248471532847,-347.80459602705173,422.5304359440485,6.72789145047753,320.0,1.0,0.1,6.271982816724314,-2.4344927430829557,6.72789145047753,6.271982816724314,-2.4344927430829557,6.72789145047753,6.72789145047753,0.0,1.0,32.1,-0.07515284671529798,12.19540397294827,12.195635531360056,239.9248471532847,-347.80459602705173,422.5304359440485,6.72789145047753,320.0
16_LTAN06_800km_1213COLD_PY_STTLCT_HEAT_PY_0p5,5747.5,28.866454292253703,-1273.1805377833186,1273.5077361263368,257.57078311857015,-340.7565331277335,427.15070313127853,286.43723741082385,-1613.9370709110522,1639.158064323417,1.0,403.70000000000005,-11.133545707746297,6.819462216681359,13.056067744586064,28.866454292253703,-1273.1805377833186,1273.5077361263368,1273.5077361263368,4036.0,1.0,0.1,6.164029425575791,-2.3104215844559803,6.582803859852145,6.164029425575791,-2.3104215844559803,6.582803859852145,6.582803859852145,0.0,1.0,32.300000000000004,-16.26518745585406,16.9330452878105,23.479445174303283,263.73481254414594,-343.0669547121895,432.7250706432333,6.582803859852145,322.0,1.0,0.1,6.164029425575791,-2.3104215844559803,6.582803859852145,6.164029425575791,-2.3104215844559803,6.582803859852145,6.582803859852145,0.0,1.0,32.300000000000004,-16.26518745585406,16.9330452878105,23.479445174303283,263.73481254414594,-343.0669547121895,432.7250706432333,6.582803859852145,322.0,1.0,0.1,6.164029425575791,-2.3104215844559803,6.582803859852145,6.164029425575791,-2.3104215844559803,6.582803859852145,6.582803859852145,0.0,1.0,32.300000000000004,-16.26518745585406,16.9330452878105,23.479445174303283,263.73481254414594,-343.0669547121895,432.7250706432333,6.582803859852145,322.0
16_LTAN06_800km_1213COLD_PY_STTLCT_HEAT_PY_0p5,5808.0,28.700924815836974,-1277.6740638510437,1277.9963836110512,300.4746125464099,-253.02577624581423,392.81934299333074,329.17553736224687,-1530.699840096858,1565.6942660910113,1.0,403.70000000000005,-11.299075184163026,2.325936148956316,11.535990594066487,28.700924815836974,-1277.6740638510437,1277.9963836110512,1277.9963836110512,4036.0,1.0,0.1,5.998499949159061,-2.1718398537695975,6.379568166457916,5.998499949159061,-2.1718398537695975,6.379568166457916,6.379568166457916,0.0,1.0,26.200000000000003,-13.526887504431045,-15.197616099583911,20.34561920089592,306.47311249556896,-255.1976160995839,398.81272791328047,6.379568166457916,261.0,1.0,0.1,5.998499949159061,-2.1718398537695975,6.379568166457916,5.998499949159061,-2.1718398537695975,6.379568166457916,6.379568166457916,0.0,1.0,26.200000000000003,-13.526887504431045,-15.197616099583911,20.34561920089592,306.47311249556896,-255.1976160995839,398.81272791328047,6.379568166457916,261.0,1.0,0.1,5.998499949159061,-2.1718398537695975,6.379568166457916,5.998499949159061,-2.1718398537695975,6.379568166457916,6.379568166457916,0.0,1.0,26.200000000000003,-13.526887504431045,-15.197616099583911,20.34561920089592,306.47311249556896,-255.1976160995839,398.81272791328047,6.379568166457916,261.0
16_LTAN06_800km_1213COLD_PY_STTLCT_HEAT_PY_0p5,5868.5,28.478923694928906,-1282.4197362597458,1282.7359155505617,226.2320166034875,-331.76926473104714,401.5616644510034,254.7109402984164,-1614.189000990793,1634.1614956996623,1.0,403.70000000000005,-11.521076305071094,-2.4197362597458323,11.772439118296571,28.478923694928906,-1282.4197362597458,1282.7359155505617,1282.7359155505617,4036.0,1.0,0.1,5.776498828250993,-2.027988952744863,6.1221465112524305,5.776498828250993,-2.027988952744863,6.1221465112524305,6.1221465112524305,0.0,1.0,25.5,-7.991484568261512,-13.79725368379195,15.9445299341082,232.0085154317385,-333.79725368379195,406.50775859715276,6.1221465112524305,254.0,1.0,0.1,5.776498828250993,-2.027988952744863,6.1221465112524305,5.776498828250993,-2.027988952744863,6.1221465112524305,6.1221465112524305,0.0,1.0,25.5,-7.991484568261512,-13.79725368379195,15.9445299341082,232.0085154317385,-333.79725368379195,406.50775859715276,6.1221465112524305,254.0,1.0,0.1,5.776498828250993,-2.027988952744863,6.1221465112524305,5.776498828250993,-2.027988952744863,6.1221465112524305,6.1221465112524305,0.0,1.0,25.5,-7.991484568261512,-13.79725368379195,15.9445299341082,232.0085154317385,-333.79725368379195,406.50775859715276,6.1221465112524305,254.0
16_LTAN06_800km_1213COLD_PY_STTLCT_HEAT_PY_0p5,5929.0,28.20223539121781,-1287.3766514300742,1287.6855240035793,278.53721382608416,-259.75223735328944,380.8598223704324,306.73944921730197,-1547.1288887833637,1577.2434460837615,1.0,403.70000000000005,-11.797764608782192,-7.376651430074162,13.914102058165623,28.20223539121781,-1287.3766514300742,1287.6855240035793,1287.6855240035793,4036.0,1.0,0.1,5.499810524539896,-1.88315479208336,5.813276853615896,5.499810524539896,-1.88315479208336,5.813276853615896,5.813276853615896,0.0,1.0,19.900000000000002,4.037024350624051,18.36460785462714,18.80309515111181,284.03702435062405,-261.63539214537286,386.1736780582281,5.813276853615896,198.0,1.0,0.1,5.499810524539896,-1.88315479208336,5.813276853615896,5.499810524539896,-1.88315479208336,5.813276853615896,5.813276853615896,0.0,1.0,19.900000000000002,4.037024350624051,18.36460785462714,18.80309515111181,284.03702435062405,-261.63539214537286,386.1736780582281,5.813276853615896,198.0,1.0,0.1,5.499810524539896,-1.88315479208336,5.813276853615896,5.499810524539896,-1.88315479208336,5.813276853615896,5.813276853615896,0.0,1.0,19.900000000000002,4.037024350624051,18.36460785462714,18.80309515111181,284.03702435062405,-261.63539214537286,386.1736780582281,5.813276853615896,198.0
16_LTAN06_800km_1213COLD_PY_STTLCT_HEAT_PY_0p5,5989.5,27.87374128029889,-1292.4554424935025,1292.7559770830828,229.81642245795211,-206.11937385118617,308.7082511177454,257.690163738251,-1498.5748163446885,1520.5692028546296,1.0,403.70000000000005,-12.12625871970111,-12.45544249350246,17.383446098115126,27.87374128029889,-1292.4554424935025,1292.7559770830828,1292.7559770830828,4036.0,1.0,0.1,5.171316413620978,-1.7497382382348405,5.459312901100916,5.171316413620978,-1.7497382382348405,5.459312901100916,5.459312901100916,0.0,1.0,14.8,-5.012261128426928,-7.869112089420923,9.329827795592484,234.98773887157307,-207.86911208942092,313.7336532487691,5.459312901100916,147.0,1.0,0.1,5.171316413620978,-1.7497382382348405,5.459312901100916,5.171316413620978,-1.7497382382348405,5.459312901100916,5.459312901100916,0.0,1.0,14.8,-5.012261128426928,-7.869112089420923,9.329827795592484,234.98773887157307,-207.86911208942092,313.7336532487691,5.459312901100916,147.0,1.0,0.1,5.171316413620978,-1.7497382382348405,5.459312901100916,5.171316413620978,-1.7497382382348405,5.459312901100916,5.459312901100916,0.0,1.0,14.8,-5.012261128426928,-7.869112089420923,9.329827795592484,234.98773887157307,-207.86911208942092,313.7336532487691,5.459312901100916,147.0
16_LTAN06_800km_1213COLD_PY_STTLCT_HEAT_PY_0p5,6050.0,27.49542820439391,-1297.648888061667,1297.9401508774679,153.01220659741523,-287.72876057879927,325.8842970012855,180.50763480180913,-1585.3776486404663,1595.6206613824343,1.0,403.70000000000005,-12.50457179560609,-17.648888061667094,21.629784224645483,27.49542820439391,-1297.648888061667,1297.9401508774679,1297.9401508774679,4036.0,1.0,0.1,4.793003337715998,-1.628159186399671,5.061994007465273,4.793003337715998,-1.628159186399671,5.061994007465273,5.061994007465273,0.0,1.0,19.3,-2.1947900648687835,-9.356919765198882,9.610881901324987,157.80520993513122,-289.3569197651989,329.59052064444234,5.061994007465273,192.0,1.0,0.1,4.793003337715998,-1.628159186399671,5.061994007465273,4.793003337715998,-1.628159186399671,5.061994007465273,5.061994007465273,0.0,1.0,19.3,-2.1947900648687835,-9.356919765198882,9.610881901324987,157.80520993513122,-289.3569197651989,329.59052064444234,5.061994007465273,192.0,1.0,0.1,4.793003337715998,-1.628159186399671,5.061994007465273,4.793003337715998,-1.628159186399671,5.061994007465273,5.061994007465273,0.0,1.0,19.3,-2.1947900648687835,-9.356919765198882,9.610881901324987,157.80520993513122,-289.3569197651989,329.59052064444234,5.061994007465273,192.0
16_LTAN06_800km_1213COLD_PY_STTLCT_HEAT_PY_0p5,6110.5,27.083915722223,-1302.9275332229074,1303.2089990946115,158.35553275356202,-208.2327813329996,261.60536304774274,185.439448475785,-1511.160314555907,1522.4957423059386,1.0,429.5,-12.916084277777,17.072466777092586,21.407810605607672,27.083915722223,-1302.9275332229074,1303.2089990946115,1303.2089990946115,4294.0,1.0,0.1,4.381490855545088,-1.5249016745060544,4.639265807661445,4.381490855545088,-1.5249016745060544,4.639265807661445,4.639265807661445,0.0,1.0,10.100000000000001,2.737023609107098,-9.757683007505648,10.134282209992678,162.7370236091071,-209.75768300750565,265.4837554989538,4.639265807661445,100.0,1.0,0.1,4.130030413358302,-1.2606919479233056,4.318158797777498,4.130030413358302,-1.2606919479233056,4.318158797777498,4.318158797777498,0.0,1.0,9.9,-17.832569626043153,14.039992699032155,22.696297813884826,102.16743037395685,-185.96000730096785,212.17753920854426,60.44153631487985,98.0,1.0,0.1,4.003384091958022,-0.47940479154453897,4.031986252692142,4.003384091958022,-0.47940479154453897,4.031986252692142,4.031986252692142,0.0,0.0,nan,nan,nan,nan,98.77676051531606,-179.2054409513371,204.62511694428733,66.27380018566674,nan
16_LTAN06_800km_1213COLD_PY_STTLCT_HEAT_PY_0p5,6171.0,26.65524073403055,-1308.263210913715,1308.5347266652318,121.70331659930369,-245.35968803420624,273.8851470662718,148.35855733333423,-1553.6228989479214,1560.690351629487,1.0,429.5,-13.34475926596945,11.736789086284944,17.771742118391625,26.65524073403055,-1308.263210913715,1308.5347266652318,1308.5347266652318,4294.0,1.0,0.1,3.952815867352637,-1.4449773884216484,4.208647399610073,3.952815867352637,-1.4449773884216484,4.208647399610073,4.208647399610073,0.0,1.0,14.100000000000001,5.656132466656317,-6.804665422627977,8.84846348211216,125.65613246665632,-246.80466542262798,276.95127098616683,4.208647399610073,140.0,1.0,0.1,3.7013554251658505,-1.1807676618388996,3.885131175989966,3.7013554251658505,-1.1807676618388996,3.885131175989966,3.885131175989966,0.0,1.0,13.9,-14.913460768493934,16.993010283909825,22.609151036747768,65.08653923150607,-223.00698971609017,232.3109447515694,60.86955397910743,138.0,1.0,0.1,3.5747091037655707,-0.3994805054601329,3.596961196730809,3.5747091037655707,-0.3994805054601329,3.596961196730809,3.596961196730809,0.0,1.0,9.700000000000001,-18.304130627134725,-16.252423366459425,24.478203841332963,61.695869372865275,-216.25242336645942,224.88105947264668,66.69427695891198,96.0
16_LTAN06_800km_1213COLD_PY_STTLCT_HEAT_PY_0p5,6231.5,26.210122885187385,-1313.652414128527,1313.9138615934316,87.92986826562546,-142.04303805909308,167.05653652062588,114.13999115081285,-1455.69545218762,1460.1634110946718,1.0,429.5,-13.789877114812615,6.347585871473029,15.180663926105364,26.210122885187385,-1313.652414128527,1313.9138615934316,1313.9138615934316,4294.0,1.0,0.1,3.5076980185094726,-1.3822871637219123,3.770233837846885,3.5076980185094726,-1.3822871637219123,3.770233837846885,3.770233837846885,0.0,1.0,6.300000000000001,11.437566284134931,16.57467477718501,20.137968280674023,91.43756628413493,-143.425325222815,170.09306994476822,3.770233837846885,62.0,1.0,0.1,3.256237576322686,-1.1180774371391635,3.442844798839402,3.256237576322686,-1.1180774371391635,3.442844798839402,3.442844798839402,0.0,1.0,3.5,-9.13202695101532,0.372350483722812,9.139614932632488,30.86797304898468,-119.62764951627719,123.54596832330103,61.306684213389765,34.0,1.0,0.1,3.1295912549224063,-0.33679028076039685,3.1476608959831536,3.1295912549224063,-0.33679028076039685,3.1476608959831536,3.1476608959831536,0.0,1.0,3.5,-12.52269680965611,7.126916833353562,14.408708440943265,27.47730319034389,-112.87308316664644,116.169424093256,67.12226823199977,34.0
16_LTAN06_800km_1213COLD_PY_STTLCT_HEAT_PY_0p5,6292.0,25.760820345494867,-1319.0878432543493,1319.3393642601147,45.09812466391845,-222.2867891224251,226.8154700776819,70.85894500941332,-1541.3746323767743,1543.0025105042712,1.0,429.5,-14.239179654505133,0.9121567456506909,14.268365959769499,25.760820345494867,-1319.0878432543493,1319.3393642601147,1319.3393642601147,4294.0,1.0,0.1,3.058395478816955,-1.3390654756904041,3.338694243717738,3.058395478816955,-1.3390654756904041,3.338694243717738,3.338694243717738,0.0,1.0,9.5,8.156520142735403,-23.62585459811544,24.994195852840328,48.1565201427354,-223.62585459811544,228.75220933795404,3.338694243717738,94.0,1.0,0.1,2.8069350366301684,-1.0748557491076554,3.005694459064624,2.8069350366301684,-1.0748557491076554,3.005694459064624,3.005694459064624,0.0,1.0,9.3,-12.413073092414848,0.17182110842236398,12.414262204856678,-12.413073092414848,-199.82817889157764,200.21334986139658,61.74080531438831,92.0,1.0,0.1,2.6802887152298887,-0.2935685927288887,2.696317881041756,2.6802887152298887,-0.2935685927288887,2.696317881041756,2.696317881041756,0.0,1.0,9.3,-15.80374295105564,6.926387458053114,17.254945218171986,-15.80374295105564,-193.0736125419469,193.7193282851788,67.5458893265462,92.0
16_LTAN06_800km_1213COLD_PY_STTLCT_HEAT_PY_0p5,6352.5,25.312366141564127,-1324.5664860390514,1324.8083226706892,20.910146742547415,-97.26968156276499,99.49183478113451,46.22251288411154,-1421.8361676018164,1422.5872937004401,1.0,429.5,-14.687633858435873,-4.5664860390513695,15.381137250032031,25.312366141564127,-1324.5664860390514,1324.8083226706892,1324.8083226706892,4294.0,1.0,0.1,2.6099412748862143,-1.3211563846473382,2.9252773630972335,2.6099412748862143,-1.3211563846473382,2.9252773630972335,2.9252773630972335,0.0,1.0,1.7000000000000002,-16.479911982566374,-18.59083794741241,24.843646160338142,23.520088017433626,-98.59083794741241,101.35752496741797,2.9252773630972335,16.0,1.0,0.1,2.3584808326994278,-1.0569466580645894,2.584486037146359,2.3584808326994278,-1.0569466580645894,2.584486037146359,2.584486037146359,0.0,1.0,1.3,2.9504947822833714,5.206837759125392,5.9846953899204705,-37.04950521771663,-74.79316224087461,83.46665774348104,62.16522481405705,12.0,1.0,0.1,2.231834511299148,-0.27565950168582276,2.2487937759375765,2.231834511299148,-0.27565950168582276,2.2487937759375765,2.2487937759375765,0.0,1.0,1.3,-0.4401750763574199,11.961404108756142,11.969500505485371,-40.44017507635742,-68.03859589124386,79.14959438341062,67.95821037092577,12.0
16_LTAN06_800km_1213COLD_PY_STTLCT_HEAT_PY_0p5,6413.0,24.865193697765687,-1330.087091016185,1330.3194907786342,-8.862889557982864,-23.519018925448997,25.13354456762177,16.002304139782822,-1353.606109941634,1353.7006960953759,1.0,429.5,-15.134806302234313,-10.087091016185013,18.188231551609185,24.865193697765687,-1330.087091016185,1330.3194907786342,1330.3194907786342,4294.0,1.0,0.1,2.1627688310877744,-1.326110003316444,2.5369542285229976,2.1627688310877744,-1.326110003316444,2.5369542285229976,2.5369542285229976,0.0,1.0,0.5,-6.70012072689509,15.154871071234538,16.569904494012953,-6.70012072689509,-24.84512892876546,25.73270388517203,2.5369542285229976,4.0,1.0,0.1,1.9113083889009879,-1.0619002767336951,2.186488498760144,1.9113083889009879,-1.0619002767336951,2.186488498760144,2.186488498760144,0.0,1.0,2.3000000000000003,12.730286037954656,-1.0474532222276594,12.77330579219406,-67.26971396204534,-1.0474532222276594,67.27786838766635,62.580575277966105,22.0,1.0,0.1,1.784662067500708,-0.28061312035492847,1.806588613517541,1.784662067500708,-0.28061312035492847,1.806588613517541,1.806588613517541,0.0,1.0,2.3000000000000003,9.339616179313865,5.70711312740309,10.9452990194822,-70.66038382068614,5.70711312740309,70.89048583509398,68.36005479751748,22.0
16_LTAN06_800km_1213COLD_PY_STTLCT_HEAT_PY_0p5,6473.5,24.424277002800213,-1335.6560810219526,1335.8793778174847,-40.29402807679496,-49.2233087493462,63.61244235907785,-15.869751073994745,-1384.8793897712987,1384.9703149210366,1.0,429.5,-15.575722997199787,-15.65608102195256,22.084293510353493,24.424277002800213,-1335.6560810219526,1335.8793778174847,1335.8793778174847,4294.0,1.0,0.1,1.7218521361223011,-1.314305729677244,2.1661427306923624,1.7218521361223011,-1.314305729677244,2.1661427306923624,2.1661427306923624,0.0,1.0,0.30000000000000004,1.4278240593273424,-10.537614479023432,10.633908051742702,-38.57217594067266,-50.53761447902343,63.57564969411328,2.1661427306923624,2.0,1.0,0.1,1.4703916939355146,-1.0500960030944952,1.806862847398658,1.4703916939355146,-1.0500960030944952,1.806862847398658,1.806862847398658,0.0,1.0,2.1,-19.141769175822915,13.26006122751437,23.285973265850714,-99.14176917582292,-26.73993877248563,102.68453983374728,62.99649639443942,20.0,1.0,0.1,1.3437453725352348,-0.2688088467157286,1.3703684987194127,1.3437453725352348,-0.2688088467157286,1.3703684987194127,1.3703684987194127,0.0,0.0,nan,nan,nan,nan,-102.5324390344637,-19.98537242285488,104.46203217071849,68.76392018469876,nan
16_LTAN06_800km_1213COLD_PY_STTLCT_HEAT_PY_0p5,6534.0,23.989928966882307,-1341.2712696302788,1341.4857939715412,-30.61773558168499,-67.49561220901558,74.11547341560865,-6.627806614802683,-1408.7668818392945,1408.7824726293736,1.0,456.1,-16.010071033117693,18.728730369721234,24.639150061379812,23.989928966882307,-1341.2712696302788,1341.4857939715412,1341.4857939715412,4560.0,1.0,0.1,1.2875041002043943,-1.2964094798185215,1.8271136657051352,1.2875041002043943,-1.2964094798185215,1.8271136657051352,1.8271136657051352,0.0,1.0,1.3,10.669768518519405,11.207978311165789,15.474583615152639,-29.330231481480595,-68.79202168883421,74.78371966407042,1.8271136657051352,12.0,1.0,0.1,1.0360436580176078,-1.0321997532357727,1.4624714670373902,1.0360436580176078,-1.0321997532357727,1.4624714670373902,1.4624714670373902,0.0,1.0,2.1,-9.899824716630846,-4.994345982296409,11.088283059648834,-89.89982471663085,-44.99434598229641,100.53093879227202,63.408777578576334,20.0,1.0,0.1,0.909397336617328,-0.25091259685700606,0.9433772559841669,0.909397336617328,-0.25091259685700606,0.9433772559841669,0.9433772559841669,0.0,1.0,2.1,-13.290494575271637,1.760220367334341,13.406551450574584,-93.29049457527164,-38.23977963266566,100.82359408617418,69.16486434313032,20.0
16_LTAN06_800km_1213COLD_PY_STTLCT_HEAT_PY_0p5,6594.5,23.56203681907111,-1346.925742867354,1347.131814774574,-94.54532212593993,-13.555399474895186,95.51212902465181,-70.98328530686882,-1360.4811423422493,1362.3316650000572,1.0,456.1,-16.43796318092889,13.074257132645926,21.00340051296734,23.56203681907111,-1346.925742867354,1347.131814774574,1347.131814774574,4560.0,1.0,0.1,0.8596119523931982,-1.2785958580127499,1.5406946734588933,0.8596119523931982,-1.2785958580127499,1.5406946734588933,1.5406946734588933,0.0,1.0,2.3000000000000003,-13.685710173546738,-14.833995332907989,20.18281646577248,-93.68571017354674,-14.833995332907989,94.85283184100797,1.5406946734588933,22.0,1.0,0.1,0.6081515102064117,-1.0143861314300011,1.1827203739700534,0.6081515102064117,-1.0143861314300011,1.1827203739700534,1.1827203739700534,0.0,1.0,7.5,5.744696591303011,8.963680373629813,10.64655365678137,-154.255303408697,8.963680373629813,154.51552088884068,63.81528674237424,74.0,1.0,0.1,0.4815051888061319,-0.23309897505123445,0.5349601658228066,0.4815051888061319,-0.23309897505123445,0.5349601658228066,0.5349601658228066,0.0,1.0,7.5,2.35402673266222,15.718246723260563,15.893543403262212,-157.64597326733778,15.718246723260563,158.42763700648783,69.56032300243577,74.0
16_LTAN06_800km_1213COLD_PY_STTLCT_HEAT_PY_0p5,6655.0,23.140154868464524,-1352.5956028719236,1352.7935288416334,3.5290253466558434,22.061730741301364,22.342201843126855,26.669180215120367,-1330.5338721306223,1330.8011234065943,1.0,455.90000000000003,23.140154868464524,7.404397128076425,24.295922788953472,23.140154868464524,-1352.5956028719236,1352.7935288416334,1352.7935288416334,4558.0,1.0,0.1,0.4377300017866119,-1.2900691610623198,1.3623090672781066,0.4377300017866119,-1.2900691610623198,1.3623090672781066,1.3623090672781066,0.0,1.0,0.1,3.9667553484424545,20.77166158023897,21.147034610043377,3.9667553484424545,20.77166158023897,21.147034610043377,1.3623090672781066,0.0,1.0,0.1,0.18626955959982539,-1.025859434479571,1.0426331704603773,0.18626955959982539,-1.025859434479571,1.0426331704603773,1.0426331704603773,0.0,1.0,0.2,-16.602837886707803,4.569337286776772,17.220135572423015,-56.6028378867078,44.56933728677677,72.04378587367125,64.20617827220276,1.0,1.0,0.1,0.059623238199545625,-0.2445722781008044,0.25173503877850806,0.059623238199545625,-0.2445722781008044,0.25173503877850806,0.25173503877850806,0.0,1.0,0.2,-19.993507745348595,11.323903636407522,22.977622712760294,-59.993507745348595,51.32390363640752,78.95165644918697,69.9384513194844,1.0
16_LTAN06_800km_1213COLD_PY_STTLCT_HEAT_PY_0p5,6715.5,22.72440949598622,-1358.2789142408544,1358.4689939995892,-25.451349806716536,92.64555725771812,96.07793964577394,-2.726940310730317,-1265.6333569831363,1265.6362947197197,1.0,455.90000000000003,22.72440949598622,1.7210857591455806,22.78949150664846,22.72440949598622,-1358.2789142408544,1358.4689939995892,1358.4689939995892,4558.0,1.0,0.1,0.02198462930830658,-1.3223573904126624,1.322540128655766,0.02198462930830658,-1.3223573904126624,1.322540128655766,1.322540128655766,0.0,1.0,1.2000000000000002,14.57063482259177,11.323199867305448,18.453136708111984,-25.42936517740823,91.32319986730545,94.79757089361415,1.322540128655766,11.0,1.0,0.1,-0.22947581287847996,-1.0581476638299137,1.0827444884020159,-0.22947581287847996,-1.0581476638299137,1.0827444884020159,1.0827444884020159,0.0,1.0,2.8000000000000003,-5.99895841255848,-4.87912442615675,7.732616452503357,-85.99895841255848,115.12087557384325,143.69633551671825,64.58446284747885,27.0,1.0,0.1,-0.3561221342787597,-0.276860507451147,0.4510817166649138,-0.3561221342787597,-0.276860507451147,0.4510817166649138,0.4510817166649138,0.0,1.0,2.8000000000000003,-9.389628271199271,1.8754419234739999,9.575092766110858,-89.38962827119927,121.875441923474,151.14274374413503,70.30284212302607,27.0
16_LTAN06_800km_1213COLD_PY_STTLCT_HEAT_PY_0p5,6776.0,22.314410444956867,-1363.963840822323,1364.146360177048,-87.95351166848133,-1.1149128466673268,87.96057779183435,-65.63910122352446,-1365.0787536689902,1366.6559535332642,1.0,455.90000000000003,22.314410444956867,-3.963840822322936,22.663736399162293,22.314410444956867,-1363.963840822323,1364.146360177048,1364.146360177048,4558.0,1.0,0.1,-0.3880144217210457,-1.3647222986235192,1.4188101154924782,-0.3880144217210457,-1.3647222986235192,1.4188101154924782,1.4188101154924782,0.0,1.0,2.3000000000000003,-8.341526090202379,-2.4796351452907857,8.702278320491034,-88.34152609020238,-2.4796351452907857,88.3763193530918,1.4188101154924782,22.0,1.0,0.1,-0.6394748639078323,-1.1005125720407705,1.2728142137758098,-0.6394748639078323,-1.1005125720407705,1.2728142137758098,1.2728142137758098,0.0,1.0,7.5,11.088880674647385,21.318040561247017,24.02960940147678,-148.91111932535262,21.318040561247017,150.42931998816047,64.95434804422801,74.0,1.0,0.1,-0.766121185308112,-0.3192254156620038,0.8299677924970857,-0.766121185308112,-0.3192254156620038,0.8299677924970857,0.8299677924970857,0.0,1.0,7.7,7.698210816006565,-11.927393089122234,14.195955609613652,-152.30178918399344,28.072606910877766,154.86738277448302,70.65841866904779,76.0
16_LTAN06_800km_1213COLD_PY_STTLCT_HEAT_PY_0p5,6836.5,21.9095273693811,-1369.6340735741014,1369.8093016492248,44.68665536811973,97.72838515139723,107.46038540917739,66.59618273750083,-1271.905688422704,1273.6479622710663,1.0,455.90000000000003,21.9095273693811,-9.634073574101421,23.934133850650596,21.9095273693811,-1369.6340735741014,1369.8093016492248,1369.8093016492248,4558.0,1.0,0.1,-0.7928974972968135,-1.411684177933921,1.6191166293533399,-0.7928974972968135,-1.411684177933921,1.6191166293533399,1.6191166293533399,0.0,1.0,1.6,3.8937578708229097,16.316700973463412,16.77486456022871,43.89375787082291,96.31670097346341,105.84691240860073,1.6191166293533399,15.0,1.0,0.1,-1.0443579394836,-1.1474744513511723,1.551573756631023,-1.0443579394836,-1.1474744513511723,1.551573756631023,1.551573756631023,0.0,1.0,3.0,23.32416463567266,0.11437668000121448,23.324445073289336,-16.67583536432734,120.11437668000121,121.26642969232404,65.31835795248054,29.0,1.0,0.1,-1.1710042608838798,-0.36618729497240565,1.2269246570215342,-1.1710042608838798,-0.36618729497240565,1.2269246570215342,1.2269246570215342,0.0,1.0,3.0,19.933494777031868,6.868943029631964,21.08379928690003,-20.066505222968132,126.86894302963196,128.4460717083999,71.00805531761841,29.0
16_LTAN06_800km_1213COLD_PY_STTLCT_HEAT_PY_0p5,6897.0,21.5098448469544,-1375.2909694609748,1375.459168462026,-40.38411064690226,135.19243465901252,141.09525428508434,-18.874265799947857,-1240.0985348019622,1240.2421593896331,1.0,456.1,-18.4901551530456,-15.290969460974793,23.993740530400057,21.5098448469544,-1375.2909694609748,1375.459168462026,1375.459168462026,4560.0,1.0,0.1,-1.1925800197235112,-1.4613276801430857,1.8861934397606475,-1.1925800197235112,-1.4613276801430857,1.8861934397606475,1.8861934397606475,0.0,1.0,3.0,-1.5766906666257654,13.731106978869548,13.821333232484657,-41.576690666625765,133.73110697886955,140.04510052330332,1.8861934397606475,29.0,1.0,0.1,-1.4440404619102978,-1.197117953560337,1.875724993268095,-1.4440404619102978,-1.197117953560337,1.875724993268095,1.875724993268095,0.0,1.0,5.2,17.85371609822397,-2.47121731459265,18.023931134242726,-102.14628390177603,157.52878268540735,187.74765162123472,65.67707734302184,51.0,1.0,0.1,-1.5706867833105775,-0.41583079718157023,1.6247991331703713,-1.5706867833105775,-0.41583079718157023,1.6247991331703713,1.6247991331703713,0.0,1.0,5.2,14.463046239583178,4.2833490350381,15.083991033021828,-105.53695376041682,164.2833490350381,195.26153584153872,71.35246502404445,51.0
16_LTAN06_800km_1213COLD_PY_STTLCT_HEAT_PY_0p5,6957.5,21.115755831099364,-1380.9063214387108,1381.067754939529,15.672685449254477,138.28115977562808,139.16649100298554,36.78844128035384,-1242.6251616630827,1243.169611038671,0.0,nan,nan,nan,nan,21.115755831099364,-1380.9063214387108,1381.067754939529,1381.067754939529,nan,1.0,0.1,-1.5866690355785487,-1.508417306544743,2.189255900790828,-1.5866690355785487,-1.508417306544743,2.189255900790828,2.189255900790828,0.0,1.0,3.2,14.086016413675924,16.77274246908337,21.90298491851146,14.086016413675924,136.77274246908337,137.49617791386257,2.189255900790828,31.0,1.0,0.1,-1.8381294777653352,-1.2442075799619943,2.219633410963339,-1.8381294777653352,-1.2442075799619943,2.219633410963339,2.219633410963339,0.0,1.0,5.6000000000000005,-6.48357682147433,0.570418175621171,6.508620844313959,-46.48357682147433,160.57041817562117,167.16333960295168,66.03190122576576,55.0,1.0,0.1,-1.964775799165615,-0.4629204235832276,2.018573570508976,-1.964775799165615,-0.4629204235832276,2.018573570508976,2.018573570508976,0.0,1.0,5.6000000000000005,-9.874246680115121,7.324984525251921,12.29455756808453,-49.87424668011512,167.32498452525192,174.59980220001617,71.69340323669287,55.0
16_LTAN06_800km_1213COLD_PY_STTLCT_HEAT_PY_0p5,7018.0,20.727496763796896,-1386.4628855044784,1386.6178139644312,12.426996419027077,210.80891835829618,211.1748808438004,33.15449318282397,-1175.6539671461824,1176.1213674127202,1.0,483.3,20.727496763796896,13.537114495521564,24.756465639466207,20.727496763796896,-1386.4628855044784,1386.6178139644312,1386.6178139644312,4832.0,1.0,0.1,-1.974928102881016,-1.5593661914235781,2.5163393909614187,-1.974928102881016,-1.5593661914235781,2.5163393909614187,2.5163393909614187,0.0,1.0,9.200000000000001,10.452068316146057,9.24955216687249,13.957075172581105,10.452068316146057,209.2495521668725,209.51043127759075,2.5163393909614187,91.0,1.0,0.1,-2.2263885450678025,-1.2951564648408294,2.575701112712444,-2.2263885450678025,-1.2951564648408294,2.575701112712444,2.575701112712444,0.0,1.0,13.200000000000001,-10.117524919004197,-6.952772126589707,12.276210764358586,-50.1175249190042,233.0472278734103,238.37528547122545,66.38041548147667,131.0,1.0,0.1,-2.3530348664680822,-0.5138693084620627,2.4084922148501424,-2.3530348664680822,-0.5138693084620627,2.4084922148501424,2.4084922148501424,0.0,1.0,13.200000000000001,-13.508194777644988,-0.19820577695895736,13.509648836324919,-53.50819477764499,239.80179422304104,245.6990586488929,72.02802433116025,131.0
16_LTAN06_800km_1213COLD_PY_STTLCT_HEAT_PY_0p5,7078.5,20.3449848276618,-1391.961991340345,1392.1106650492327,-32.120607699001056,259.56048879105634,261.54039990105775,-11.775622871339255,-1132.4015025492888,1132.462727099614,1.0,483.3,20.3449848276618,8.038008659654906,21.87528264618485,20.3449848276618,-1391.961991340345,1392.1106650492327,1392.1106650492327,4832.0,1.0,0.1,-2.3574400390161117,-1.6148380292454476,2.857485852677771,-2.3574400390161117,-1.6148380292454476,2.857485852677771,2.857485852677771,0.0,1.0,13.200000000000001,5.5219522619828325,17.94565076181084,18.77600431530892,-34.47804773801717,257.94565076181084,260.23968667895195,2.857485852677771,131.0,1.0,0.1,-2.608900481202898,-1.3506283026626988,2.9377812261593337,-2.608900481202898,-1.3506283026626988,2.9377812261593337,2.9377812261593337,0.0,1.0,18.0,-15.047640973167418,1.7433264683486414,15.148289871552889,-95.04764097316742,281.74332646834864,297.34383475030154,66.72248349773217,179.0,1.0,0.1,-2.735546802603178,-0.5693411462839322,2.794166360488289,-2.735546802603178,-0.5693411462839322,2.794166360488289,2.794166360488289,0.0,1.0,17.8,21.56168916819179,8.497892817979391,23.175862920969845,-98.43831083180821,288.4978928179794,304.8296822814898,72.35614072508653,177.0
16_LTAN06_800km_1213COLD_PY_STTLCT_HEAT_PY_0p5,7139.0,21.48805300277128,-1351.4273805503517,1351.5982026190457,-62.00126783806474,286.2589168598375,292.8964402229819,-40.51321483529346,-1065.1684636905143,1065.938636421957,1.0,455.90000000000003,21.48805300277128,8.5726194496483,23.134956798714715,21.48805300277128,-1351.4273805503517,1351.5982026190457,1351.5982026190457,4558.0,1.0,0.1,-1.2143718639066314,-0.09961505624164602,1.2184507307552868,-1.2143718639066314,-0.09961505624164602,1.2184507307552868,1.2184507307552868,0.0,1.0,18.0,16.78436029802863,6.159301803595781,17.878807267874947,-63.21563970197137,286.1593018035958,293.05863425541804,1.2184507307552868,179.0,1.0,0.1,-1.465832306093418,0.16459467034110276,1.4750443230940027,-1.465832306093418,0.16459467034110276,1.4750443230940027,1.4750443230940027,0.0,1.0,23.6,-3.7852329371216342,-10.043022489866416,10.732673903563505,-123.78523293712163,309.9569775101336,333.7605605827551,66.1729281651235,235.0,1.0,0.1,-1.5924786274936977,0.9458818267198694,1.8522096558281755,-1.5924786274936977,0.9458818267198694,1.8522096558281755,1.8522096558281755,0.0,1.0,23.6,-7.1759027957624255,-3.2884561402356667,7.893511558266362,-127.17590279576243,316.71154385976433,341.2915355908386,71.93813684733449,235.0
16_LTAN06_800km_1213COLD_PY_STTLCT_HEAT_PY_0p5,7199.5,22.51750448656875,-1312.4255789969914,1312.6187330728947,23.67752780874,268.3107616555542,269.35346692277284,46.19503229530875,-1044.1148173414372,1045.1362269104957,1.0,429.3,22.51750448656875,7.574421003008638,23.757311755193644,22.51750448656875,-1312.4255789969914,1312.6187330728947,1312.6187330728947,4292.0,1.0,0.1,-0.1849203801091619,-0.8156068684140791,0.836307426000713,-0.1849203801091619,-0.8156068684140791,0.836307426000713,0.836307426000713,0.0,1.0,18.6,-16.507392571369163,-12.504845212859891,20.709059932862203,23.492607428630837,267.4951547871401,268.5247855196831,0.836307426000713,185.0,1.0,0.1,-0.43638082229594843,-0.5513971418313304,0.7031834967399678,-0.43638082229594843,-0.5513971418313304,0.7031834967399678,0.7031834967399678,0.0,1.0,18.2,2.923014193480583,11.292830493677911,11.66499175028558,-37.07698580651942,291.2928304936779,293.643007704109,64.956034459525,181.0,1.0,0.1,-0.5630271436962282,0.2298900145474363,0.6081521054204726,-0.5630271436962282,0.2298900145474363,0.6081521054204726,0.6081521054204726,0.0,1.0,18.2,-0.4676556651602084,18.04739684330866,18.05345492256327,-40.46765566516021,298.04739684330866,300.78211702178487,70.70270175311491,181.0
16_LTAN06_800km_1213COLD_PY_STTLCT_HEAT_PY_0p5,7260.0,23.449975912390805,-1275.0086890763032,1275.2243169695146,63.971526136249544,319.26793487983554,325.61383631325583,87.42150204864035,-955.7407541964676,959.7306435935413,1.0,403.5,23.449975912390805,4.991310923696801,23.975290509787865,23.449975912390805,-1275.0086890763032,1275.2243169695146,1275.2243169695146,4034.0,1.0,0.1,0.7475510457128927,-1.5180579790749107,1.6921384676732107,0.7475510457128927,-1.5180579790749107,1.6921384676732107,1.6921384676732107,0.0,1.0,24.400000000000002,24.719077181962433,-2.2501230992393175,24.821277781160788,64.71907718196243,317.7498769007607,324.27387070458417,1.6921384676732107,243.0,1.0,0.1,0.4960906035261061,-1.253848252492162,1.3484217912747274,0.4960906035261061,-1.253848252492162,1.3484217912747274,1.3484217912747274,0.0,1.0,24.200000000000003,4.1494839468121825,21.547552607298485,21.943455525261918,4.1494839468121825,341.5475526072985,341.5727578555705,63.83618172946047,241.0,1.0,0.1,0.36944428212582636,-0.47256109611339525,0.5998358668463906,0.36944428212582636,-0.47256109611339525,0.5998358668463906,0.5998358668463906,0.0,1.0,30.8,0.7588140881713912,-11.697881043070765,11.722466451998988,0.7588140881713912,348.30211895692923,348.3029455355026,69.56170505023438,307.0
16_LTAN06_800km_1213COLD_PY_STTLCT_HEAT_PY_0p5,7320.5,24.29798390234418,-1239.1460037647223,1239.384206236226,3.346823549015909,360.3113708557401,360.3269143372598,27.644807451360087,-878.8346329089823,879.2693258491896,1.0,378.5,24.29798390234418,0.8539962352776911,24.31298688537559,24.29798390234418,-1239.1460037647223,1239.384206236226,1239.384206236226,3784.0,1.0,0.1,1.5955590356662661,-2.161342917296679,2.68648689601211,1.5955590356662661,-2.161342917296679,2.68648689601211,2.68648689601211,0.0,1.0,30.8,4.942382584682175,-1.8499720615566275,5.27726655020473,4.942382584682175,358.1500279384434,358.1841281490864,2.68648689601211,307.0,1.0,0.1,1.3440985934794796,-1.8971331907139302,2.325019434822413,1.3440985934794796,-1.8971331907139302,2.325019434822413,2.325019434822413,0.0,1.0,38.0,-15.62721065046808,-18.052296355018825,23.87666468340017,-55.62721065046808,381.9477036449812,385.9772465890003,62.817733215459924,379.0,1.0,0.1,1.2174522720791998,-1.1158460343351635,1.651454633688833,1.2174522720791998,-1.1158460343351635,1.651454633688833,1.651454633688833,0.0,1.0,37.800000000000004,20.98211949089113,-11.297730005388075,23.830401624913492,-59.01788050910887,388.7022699946119,393.15717584542654,68.52298494790693,377.0
16_LTAN06_800km_1213COLD_PY_STTLCT_HEAT_PY_0p5,7381.0,25.06889309518204,-1204.8223231254112,1205.0831007454758,-51.1292660459071,371.72223005712624,375.22209178703247,-26.06037295072506,-833.100093068285,833.5075933119721,1.0,354.5,-14.931106904817959,-4.822323125411231,15.690530702591882,25.06889309518204,-1204.8223231254112,1205.0831007454758,1205.0831007454758,3544.0,1.0,0.1,2.3664682285041287,-2.7320593084359643,3.6144598408795563,2.3664682285041287,-2.7320593084359643,3.6144598408795563,3.6144598408795563,0.0,1.0,30.6,-8.76279781740297,8.990170748690275,12.554274000486389,-48.76279781740297,368.9901707486903,372.1982758693658,3.6144598408795563,305.0,1.0,0.1,2.115007786317342,-2.4678495818532156,3.25015991834803,2.115007786317342,-2.4678495818532156,3.25015991834803,3.25015991834803,0.0,1.0,37.6,10.66760894744678,-7.2121535447719225,12.876841204620519,-109.33239105255322,392.7878464552281,407.72032578252,61.898012526827166,375.0,1.0,0.1,1.9883614649170624,-1.686562425474449,2.607311667252188,1.9883614649170624,-1.686562425474449,2.607311667252188,2.607311667252188,0.0,1.0,37.6,7.276939088805989,-0.45758719514117274,7.291311853387544,-112.72306091119401,399.5424128048588,415.13928757841865,67.58519167705514,375.0
16_LTAN06_800km_1213COLD_PY_STTLCT_HEAT_PY_0p5,7441.5,25.76985108220073,-1171.9917645120647,1172.275045076411,56.199091274115986,446.21843846103485,449.7435187778038,81.96894235631672,-725.7733260510299,730.387450821951,1.0,331.1,-14.23014891779927,-11.99176451206472,18.60912556611832,25.76985108220073,-1171.9917645120647,1172.275045076411,1172.275045076411,3310.0,1.0,0.1,3.0674262155228185,-3.1863234498716793,4.42286792871761,3.0674262155228185,-3.1863234498716793,4.42286792871761,4.42286792871761,0.0,1.0,46.6,19.2665174896388,3.032115011163114,19.50365139196962,59.2665174896388,443.0321150111631,446.97871876255374,4.42286792871761,465.0,1.0,0.1,2.815965773336032,-2.9221137232889305,4.058129106920267,2.815965773336032,-2.9221137232889305,4.058129106920267,4.058129106920267,0.0,1.0,55.400000000000006,-1.3030757455114497,-13.170209282299083,13.234516195845512,-1.3030757455114497,466.8297907177009,466.831609371014,61.08458933152866,553.0,1.0,0.1,2.689319451935752,-2.140826566910164,3.437379453035171,2.689319451935752,-2.140826566910164,3.437379453035171,3.437379453035171,0.0,1.0,55.400000000000006,-4.693745604152241,-6.415642932668334,7.9493221117272395,-4.693745604152241,473.58435706733167,473.6076166054283,66.75950182745412,553.0
16_LTAN06_800km_1213COLD_PY_STTLCT_HEAT_PY_0p5,7502.0,26.40857072457481,-1140.5730345583524,1140.8787226385473,83.90487420598762,392.1991862285285,401.0738455619396,110.31344493056244,-748.3738483298239,756.4604900432266,1.0,308.5,-13.591429275425192,-20.573034558352447,24.65718355141254,26.40857072457481,-1140.5730345583524,1140.8787226385473,1140.8787226385473,3084.0,1.0,0.1,3.706145857896896,-3.4989352177342425,5.096868134247471,3.706145857896896,-3.4989352177342425,5.096868134247471,5.096868134247471,0.0,1.0,38.6,7.611020063884524,-11.299748989205682,13.623947799074527,87.61102006388452,388.7002510107943,398.45147254400865,5.096868134247471,385.0,1.0,0.1,3.4546854157101095,-3.2347254911514938,4.732684262089053,3.4546854157101095,-3.2347254911514938,4.732684262089053,4.732684262089053,0.0,1.0,38.400000000000006,-12.958573171265726,12.49792671733212,18.003410534308546,27.041426828734274,412.4979267173321,413.3833309544923,60.377897554133625,383.0,1.0,0.1,3.3280390943098297,-2.453438334772727,4.134634672590429,3.3280390943098297,-2.453438334772727,4.134634672590429,4.134634672590429,0.0,0.0,nan,nan,nan,nan,23.650756970093482,419.25249306696287,419.91905320921336,66.04877027448242,nan
16_LTAN06_800km_1213COLD_PY_STTLCT_HEAT_PY_0p5,7562.5,26.990823773570604,-1110.521099591619,1110.8490523946782,185.31165339520064,471.9658376209297,507.0425630706842,212.30247716877125,-638.5552619706893,672.9228517463591,1.0,308.5,-13.009176226429396,9.478900408380923,16.09621753836285,26.990823773570604,-1110.521099591619,1110.8490523946782,1110.8490523946782,3084.0,1.0,0.1,4.2883989068926915,-3.6694246795932486,5.644027167178277,4.2883989068926915,-3.6694246795932486,5.644027167178277,5.644027167178277,0.0,1.0,56.400000000000006,-10.399947697906669,-11.703587058663516,15.656719393248075,189.60005230209333,468.2964129413365,505.2224363650918,5.644027167178277,563.0,1.0,0.1,4.036938464705905,-3.4052149530105,5.281321903087178,4.036938464705905,-3.4052149530105,5.281321903087178,5.281321903087178,0.0,1.0,56.0,9.03045906694308,12.094088647874287,15.093580462646237,129.03045906694308,492.0940886478743,508.7292516154423,59.77222870546811,559.0,1.0,0.1,3.9102921433056252,-2.623927796631733,4.709074402463224,3.9102921433056252,-2.623927796631733,4.709074402463224,4.709074402463224,0.0,1.0,56.0,5.63978920830229,18.848654997505037,19.674323813769423,125.63978920830229,498.84865499750504,514.4271933180889,65.44782078604253,559.0
16_LTAN06_800km_1213COLD_PY_STTLCT_HEAT_PY_0p5,7623.0,27.521526708263647,-1081.7516232732848,1082.1016629165397,293.341032222373,502.3542203012658,581.7290811363825,320.8625589306366,-579.3974029720191,662.3096951534354,1.0,286.7,-12.478473291736353,-1.7516232732848493,12.600812663637637,27.521526708263647,-1081.7516232732848,1082.1016629165397,1082.1016629165397,2866.0,1.0,0.1,4.819101841585734,-3.7501413132988546,6.106332977269244,4.819101841585734,-3.7501413132988546,6.106332977269244,6.106332977269244,0.0,0.0,nan,nan,nan,nan,298.1601340639587,498.6040789879669,580.9522296441219,6.106332977269244,nan,1.0,0.1,4.567641399398948,-3.485931586716106,5.745873909229843,4.567641399398948,-3.485931586716106,5.745873909229843,5.745873909229843,0.0,1.0,66.4,-2.4094591711915427,2.401754694504689,3.402046312179531,237.59054082880846,522.4017546945047,573.8927237726779,59.24542957791773,663.0,1.0,0.1,4.440995077998668,-2.704644430337339,5.199763338591785,4.440995077998668,-2.704644430337339,5.199763338591785,5.199763338591785,0.0,1.0,66.4,-5.800129029832334,9.156321044135439,10.83880583025553,234.19987097016767,529.1563210441354,578.6674275120445,64.93095993815498,663.0
16_LTAN06_800km_1213COLD_PY_STTLCT_HEAT_PY_0p5,7683.5,28.005199423604545,-1054.1816498566398,1054.5535747837673,207.23917343582215,394.71756284282577,445.8138955023081,235.2443728594267,-659.4640870138139,700.1662638423734,1.0,265.7,-11.994800576395455,-14.181649856639751,18.574025775900793,28.005199423604545,-1054.1816498566398,1054.5535747837673,1054.5535747837673,2656.0,1.0,0.1,5.302774556926632,-3.790477446213117,6.518215804331639,5.302774556926632,-3.790477446213117,6.518215804331639,6.518215804331639,0.0,1.0,39.2,12.541947992748788,-9.07291460338729,15.479607193116165,212.5419479927488,390.9270853966127,444.96973577226896,6.518215804331639,391.0,1.0,0.1,5.051314114739846,-3.5262677196303684,6.160384591588186,5.051314114739846,-3.5262677196303684,6.160384591588186,6.160384591588186,0.0,1.0,39.0,-8.027645242401462,14.724761103150513,16.77085798886584,151.97235475759854,414.7247611031505,441.69245418349027,58.776774571590664,389.0,1.0,0.1,4.924667793339566,-2.744980563251602,5.638020146060589,4.924667793339566,-2.744980563251602,5.638020146060589,5.638020146060589,0.0,1.0,39.0,-11.418315101042253,21.479327452781263,24.325694801392466,148.58168489895775,421.47932745278126,446.9019361755574,64.4739715427167,389.0
16_LTAN06_800km_1213COLD_PY_STTLCT_HEAT_PY_0p5,7744.0,28.44620198790633,-1027.7641867911818,1028.157774885779,278.830994254059,483.91391280648,558.4974470527011,307.2771962419653,-543.8502739847017,624.6538208028174,1.0,265.7,-11.553798012093669,12.235813208818172,16.828706824511173,28.44620198790633,-1027.7641867911818,1028.157774885779,1028.157774885779,2656.0,1.0,0.1,5.743777121228419,-3.764320045337058,6.867392592685627,5.743777121228419,-3.764320045337058,6.867392592685627,6.867392592685627,0.0,1.0,56.800000000000004,4.574771375287412,0.1495927611430261,4.577216526485881,284.5747713752874,480.149592761143,558.145529348743,6.867392592685627,567.0,1.0,0.1,5.4923166790416325,-3.500110318754423,6.512780876578767,5.4923166790416325,-3.500110318754423,6.512780876578767,6.512780876578767,0.0,1.0,66.4,-15.994821859862839,-16.052731532319058,22.661079320664687,224.00517814013716,503.94726846768094,551.4899538791541,58.37127248575055,663.0,1.0,0.1,5.365670357641353,-2.7188231623756565,6.015182272811145,5.365670357641353,-2.7188231623756565,6.015182272811145,6.015182272811145,0.0,1.0,66.2,20.61450828149637,-9.298165182688535,22.61446058283159,220.61450828149637,510.70183481731146,556.3156705954408,64.08394498352895,661.0
16_LTAN06_800km_1213COLD_PY_STTLCT_HEAT_PY_0p5,7804.5,28.85079519485261,-1002.4326246303132,1002.8477129188627,402.07596888465594,354.7965921945254,536.2328846568281,430.92676407950853,-647.6360324357878,777.9012189919779,1.0,245.5,-11.149204805147392,-2.432624630313171,11.411504299571025,28.85079519485261,-1002.4326246303132,1002.8477129188627,1002.8477129188627,2454.0,1.0,0.1,6.148370328174696,-3.6472262896858183,7.148756346425188,6.148370328174696,-3.6472262896858183,7.148756346425188,7.148756346425188,0.0,1.0,44.0,8.224339212830614,-8.850634095160444,12.081948492446068,408.2243392128306,351.14936590483956,538.4728296777128,7.148756346425188,439.0,1.0,0.1,5.89690988598791,-3.3830165631030695,6.798407701049684,5.89690988598791,-3.3830165631030695,6.798407701049684,6.798407701049684,0.0,1.0,32.6,-12.345254022319637,14.947041611377472,19.386060708866275,347.65474597768036,374.9470416113775,511.3209426709701,58.03197493099676,325.0,1.0,0.1,5.77026356458763,-2.601729406724189,6.329686999419556,5.77026356458763,-2.601729406724189,6.329686999419556,6.329686999419556,0.0,1.0,40.0,-15.7359238809604,-18.298392038991892,24.13401026767043,344.2640761190396,381.7016079610081,514.0173845563154,63.76593776098497,399.0
16_LTAN06_800km_1213COLD_PY_STTLCT_HEAT_PY_0p5,7865.0,29.22273862702664,-978.1309440718576,978.5673774471367,375.13016925542627,441.6402915584099,579.4555988282467,404.3529078824529,-536.4906525134477,671.806143427775,1.0,226.10000000000002,-10.77726137297336,-18.130944071857584,21.092190394508847,29.22273862702664,-978.1309440718576,978.5673774471367,978.5673774471367,2260.0,1.0,0.1,6.520313760348728,-3.4281835536247627,7.366609397187846,6.520313760348728,-3.4281835536247627,7.366609397187846,7.366609397187846,0.0,1.0,48.2,21.650483015774967,-1.7878919952148635,21.724179446020827,381.65048301577497,438.21210800478514,581.1083743917065,7.366609397187846,481.0,1.0,0.1,6.268853318161941,-3.163973827042014,7.022054706625182,6.268853318161941,-3.163973827042014,7.022054706625182,7.022054706625182,0.0,1.0,48.0,1.080889780624716,22.009783711323053,22.036308713962974,321.0808897806247,462.00978371132305,562.6241889816871,57.76020102382601,479.0,1.0,0.1,6.1422069967616615,-2.3826866706631336,6.588163823222954,6.1422069967616615,-2.3826866706631336,6.588163823222954,6.588163823222954,0.0,1.0,57.0,-2.309780078016047,-11.235649939046311,11.470610862617178,317.69021992198395,468.7643500609537,566.2747493241658,63.52214046360401,569.0
16_LTAN06_800km_1213COLD_PY_STTLCT_HEAT_PY_0p5,7925.5,29.56460770874241,-954.812278954747,955.2698854626002,354.7294795645257,323.98642998428323,480.4167050447769,384.29408727326813,-630.8258489704638,738.6631148517574,1.0,226.10000000000002,-10.435392291257589,5.187721045253056,11.653748835280421,29.56460770874241,-954.812278954747,955.2698854626002,955.2698854626002,2260.0,1.0,0.1,6.862182842064499,-3.1291112494886875,7.541942095349252,6.862182842064499,-3.1291112494886875,7.541942095349252,7.541942095349252,0.0,1.0,36.0,1.591662406590217,0.8573187347944895,1.8078674258866954,361.5916624065902,320.8573187347945,483.423157603815,7.541942095349252,359.0,1.0,0.1,6.610722399877712,-2.8649015229059387,7.204811682771016,6.610722399877712,-2.8649015229059387,7.204811682771016,7.204811682771016,0.0,1.0,32.4,-18.977930828560034,-15.345005558667594,24.40555375583903,301.02206917143997,344.6549944413324,457.603924067102,57.547158816457085,323.0,1.0,0.1,6.4840760784774325,-2.0836143665270583,6.810630765199449,6.4840760784774325,-2.0836143665270583,6.810630765199449,6.810630765199449,0.0,1.0,32.2,17.631399312799203,-8.590439209036958,19.61279907436814,297.6313993127992,351.40956079096304,460.51398379657536,63.3420782077197,321.0
16_LTAN06_800km_1213COLD_PY_STTLCT_HEAT_PY_0p5,7986.0,29.880920961797475,-932.378083804424,932.8567738920775,347.916961598351,333.5925171892318,482.0064104267456,377.7978825601485,-598.7855666151922,708.0080471672682,1.0,207.5,-10.119079038202525,-12.378083804424023,15.987892895898884,29.880920961797475,-932.378083804424,932.8567738920775,932.8567738920775,2074.0,1.0,0.1,7.178496095119563,-2.772126069362457,7.695160110880459,7.178496095119563,-2.772126069362457,7.695160110880459,7.695160110880459,0.0,1.0,36.0,-4.904542306529436,10.820391119869328,11.880042054786005,355.09545769347056,330.8203911198693,485.3193950948578,7.695160110880459,359.0,1.0,0.1,6.927035652932776,-2.5079163427797084,7.367052824527822,6.927035652932776,-2.5079163427797084,7.367052824527822,7.367052824527822,0.0,1.0,32.2,14.525864458320314,-5.381933173592756,15.490834159157197,294.5258644583203,354.61806682640724,460.976635150437,57.38190473800537,321.0,1.0,0.1,6.800389331532497,-1.726629186400828,7.016163011771618,6.800389331532497,-1.726629186400828,7.016163011771618,7.016163011771618,0.0,1.0,32.2,11.135194599679494,1.3726331760378798,11.219477733330157,291.1351945996795,361.3726331760379,464.05805837543267,63.213162456341465,321.0
16_LTAN06_800km_1213COLD_PY_STTLCT_HEAT_PY_0p5,8046.5,30.17399900587927,-910.7848593908152,911.2845495845706,351.42147181470915,328.949868620709,481.35752504557166,381.59547082058845,-581.8349907701062,695.806769035223,1.0,207.5,-9.82600099412073,9.2151406091848,13.471047174719134,30.17399900587927,-910.7848593908152,911.2845495845706,911.2845495845706,2074.0,1.0,0.1,7.471574139201358,-2.370948649224033,7.838738266764606,7.471574139201358,-2.370948649224033,7.838738266764606,7.838738266764606,0.0,1.0,36.0,-1.10695404608947,6.578919971484993,6.671396799123699,358.89304595391053,326.578919971485,485.2401564213512,7.838738266764606,359.0,1.0,0.1,7.220113697014572,-2.1067389226412843,7.521196094105591,7.220113697014572,-2.1067389226412843,7.521196094105591,7.521196094105591,0.0,1.0,32.2,18.32345271876028,-9.623404321977091,20.696831406785215,298.3234527187603,350.3765956780229,460.1745769172425,57.258224424988775,321.0,1.0,0.1,7.093467375614292,-1.325451766262404,7.216238756692605,7.093467375614292,-1.325451766262404,7.216238756692605,7.216238756692605,0.0,1.0,32.2,14.93278286011946,-2.868837972346455,15.205861871628798,294.93278286011946,357.13116202765355,463.1716887902763,63.12810212493861,321.0
16_LTAN06_800km_1213COLD_PY_STTLCT_HEAT_PY_0p5,8107.0,30.44891577407008,-889.9806645686429,890.5013867355062,349.1570888790597,281.6682815690094,448.6063904544143,379.6060046531298,-608.3123829996334,717.0388232720769,1.0,189.70000000000002,-9.55108422592992,-9.980664568642851,13.814372049520388,30.44891577407008,-889.9806645686429,890.5013867355062,890.5013867355062,1896.0,1.0,0.1,7.746490907392168,-1.9149924944591703,7.979681549544725,7.746490907392168,-1.9149924944591703,7.979681549544725,7.979681549544725,0.0,1.0,35.800000000000004,-3.0964202135481287,-0.24671092544974726,3.1062331560276846,356.90357978645187,279.75328907455025,453.4777480895982,7.979681549544725,357.0,1.0,0.1,7.495030465205382,-1.6507827678764215,7.674670378659564,7.495030465205382,-1.6507827678764215,7.674670378659564,7.674670378659564,0.0,1.0,25.6,16.33398655130162,-16.44903521891183,23.1812397487948,296.3339865513016,303.55096478108817,424.21341304220505,57.17632345725803,255.0,1.0,0.1,7.368384143805102,-0.8694956114975412,7.419508575983447,7.368384143805102,-0.8694956114975412,7.419508575983447,7.419508575983447,0.0,1.0,25.6,12.943316692660801,-9.694468869281195,16.171338029488282,292.9433166926608,310.3055311307188,426.73798687861625,63.08787717053076,255.0
16_LTAN06_800km_1213COLD_PY_STTLCT_HEAT_PY_0p5,8167.5,29.18559009441092,-915.9598332043568,916.4246912392267,355.58532124092324,334.3901350709737,488.11646470365514,384.7709113353342,-581.5696981333831,697.3320356880056,1.0,207.5,-10.81440990558908,4.040166795643245,11.54445361819785,29.18559009441092,-915.9598332043568,916.4246912392267,916.4246912392267,2074.0,1.0,0.1,6.483165227733007,-3.311038040572498,7.2797255632478715,6.483165227733007,-3.311038040572498,7.2797255632478715,7.2797255632478715,0.0,1.0,36.0,2.0684864686562605,11.079097030401158,11.270538020878055,362.06848646865626,331.07909703040116,490.6189533478801,7.2797255632478715,359.0,1.0,0.1,6.231704785546221,-3.0468283139897494,6.93666398992551,6.231704785546221,-3.0468283139897494,6.93666398992551,6.93666398992551,0.0,1.0,32.2,21.49889323350601,-5.123227263060926,22.100901969255943,301.498893233506,354.8767727369391,465.65986132499563,57.83635549944413,321.0,1.0,0.1,6.105058464145941,-2.265541157610869,6.511867288840336,6.105058464145941,-2.265541157610869,6.511867288840336,6.511867288840336,0.0,1.0,32.2,18.108223374865247,1.6313390865697102,18.18155716679367,298.10822337486525,361.6313390865697,468.66377954058294,63.60581715003542,321.0
16_LTAN06_800km_1213COLD_PY_STTLCT_HEAT_PY_0p5,8228.0,28.01805164585344,-941.1682281251072,941.5851766304436,344.5002458434969,292.61457840405814,451.99968017777894,372.51829748935035,-648.5536497210492,747.92494177615,1.0,207.5,-11.98194835414656,-21.168228125107248,24.324082065270563,28.01805164585344,-941.1682281251072,941.5851766304436,941.5851766304436,2074.0,1.0,0.1,5.315626779175528,-2.1429609307292594,5.7313322714810395,5.315626779175528,-2.1429609307292594,5.7313322714810395,5.7313322714810395,0.0,1.0,35.800000000000004,-10.18412737732757,10.47161747332882,14.607231871417609,349.81587262267243,290.4716174733288,454.6920994434956,5.7313322714810395,357.0,1.0,0.1,5.064166336988741,-1.8787512041465106,5.401433770377262,5.064166336988741,-1.8787512041465106,5.401433770377262,5.401433770377262,0.0,1.0,25.6,9.24627938752218,-5.730706820133264,10.878174624928551,289.2462793875222,314.26929317986674,427.1166102779165,59.34582951766372,255.0,1.0,0.1,4.937520015588461,-1.0974640477676303,5.058016532246528,4.937520015588461,-1.0974640477676303,5.058016532246528,5.058016532246528,0.0,1.0,25.6,5.855609528881359,1.023859529497372,5.944447097154517,285.85560952888136,321.0238595294974,429.84851737134414,65.16349148516953,255.0
16_LTAN06_800km_1213COLD_PY_STTLCT_HEAT_PY_0p5,8288.5,26.934816808638168,-965.473050580034,965.8486919558528,351.0483248678096,308.60565760786733,467.4102890395968,377.98314167644776,-656.8673929721667,757.8562049238948,1.0,226.10000000000002,-13.065183191361832,-5.473050580034055,14.165214240365547,26.934816808638168,-965.473050580034,965.8486919558528,965.8486919558528,2260.0,1.0,0.1,4.232391941960255,-0.9652912669016587,4.341074611237028,4.232391941960255,-0.9652912669016587,4.341074611237028,4.341074611237028,0.0,1.0,36.0,-4.719283190230158,-12.35963365903433,13.229972714073272,355.28071680976984,307.64036634096567,469.9648739419442,4.341074611237028,359.0,1.0,0.1,3.980931499773469,-0.7010815403189099,4.042193826632337,3.980931499773469,-0.7010815403189099,4.042193826632337,4.042193826632337,0.0,1.0,25.6,14.711123574619592,11.438042047503586,18.634536825695143,294.7111235746196,331.4380420475036,443.51530083515433,60.78814052715178,255.0,1.0,0.1,3.854285178373189,0.08020561605997045,3.8551196060660433,3.854285178373189,0.08020561605997045,3.8551196060660433,3.8551196060660433,0.0,1.0,25.6,11.320453715978829,18.192608397134222,21.42717136318038,291.32045371597883,338.1926083971342,446.3651499924038,66.65437907096728,255.0
16_LTAN06_800km_1213COLD_PY_STTLCT_HEAT_PY_0p5,8349.0,25.92878266536369,-988.7819069824144,989.1218131991063,322.73982474509774,229.77721260775076,396.17996152037256,348.66860741046145,-759.0046943746636,835.2591956251227,1.0,245.5,-14.071217334636309,11.218093017585602,17.99568748977855,25.92878266536369,-988.7819069824144,989.1218131991063,989.1218131991063,2454.0,1.0,0.1,3.226357798685779,0.2011980436027443,3.2326251403294686,3.226357798685779,0.2011980436027443,3.2326251403294686,3.2326251403294686,0.0,1.0,28.6,5.966182543783532,-10.021589348646444,11.663086521956835,325.96618254378353,229.97841065135356,398.92859201602715,3.2326251403294686,285.0,1.0,0.1,2.9748973564989925,0.46540777018549306,3.0110826415516607,2.9748973564989925,0.46540777018549306,3.0110826415516607,3.0110826415516607,0.0,1.0,22.400000000000002,-14.603410691366719,13.776086357891472,20.075860110112526,265.3965893086333,253.77608635789147,367.202466799698,62.16263018564277,223.0,1.0,0.1,2.8482510350987127,1.2466949265643734,3.1091449305013485,2.8482510350987127,1.2466949265643734,3.1091449305013485,3.1091449305013485,0.0,0.0,nan,nan,nan,nan,262.00591944999246,260.5306527075221,369.4906261693839,68.0762905156049,nan
16_LTAN06_800km_1213COLD_PY_STTLCT_HEAT_PY_0p5,8409.5,24.99381079932225,-1011.0651697476304,1011.374049526226,411.3522259974457,263.8769114464807,488.71431146180635,436.346036796768,-747.1882583011497,865.2676794907759,1.0,245.5,-15.006189200677749,-11.06516974763042,18.644669368760955,24.99381079932225,-1011.0651697476304,1011.374049526226,1011.374049526226,2454.0,1.0,0.1,2.2913859326443387,1.3056101081832594,2.637246148335545,2.2913859326443387,1.3056101081832594,2.637246148335545,2.637246148335545,0.0,1.0,43.6,13.64361193009006,-14.817478445336064,20.142140253133345,413.64361193009006,265.18252155466394,491.34794944993996,2.637246148335545,435.0,1.0,0.1,2.039925490457552,1.5698198347660082,2.574029976562678,2.039925490457552,1.5698198347660082,2.574029976562678,2.574029976562678,0.0,1.0,35.800000000000004,-6.925981305060191,8.980197261201738,11.34077421907951,353.0740186949398,288.98019726120174,456.25740222654775,63.454900560078336,357.0,1.0,0.1,1.9132791690572724,2.3511069911448885,3.0312276824017785,1.9132791690572724,2.3511069911448885,3.0312276824017785,3.0312276824017785,0.0,1.0,35.800000000000004,-10.316651163700953,15.734763610832488,18.815314962079974,349.68334883629905,295.7347636108325,457.9710633449714,69.41162118004662,357.0
16_LTAN06_800km_1213COLD_PY_STTLCT_HEAT_PY_0p5,8470.0,24.1246379021698,-1032.29242183934,1032.574279333376,303.43563367106583,298.91337706635926,425.93707372166693,327.56027157323564,-733.3790447729807,803.2064210557965,1.0,265.7,-15.875362097830202,7.707578160659978,17.64748942030867,24.1246379021698,-1032.29242183934,1032.574279333376,1032.574279333376,2656.0,1.0,0.1,1.422213035491886,2.3166649182658148,2.718386702043438,1.422213035491886,2.3166649182658148,2.718386702043438,2.718386702043438,0.0,1.0,25.8,-15.142153293442277,-18.76995801537487,24.11630424134345,304.8578467065577,301.23004198462513,428.5765332967008,2.718386702043438,257.0,1.0,0.1,1.1707525933050995,2.5808746448485635,2.8340034522125785,1.1707525933050995,2.5808746448485635,2.8340034522125785,2.8340034522125785,0.0,1.0,25.400000000000002,4.288253471407472,5.027717691162934,6.608105856981332,244.28825347140747,325.02771769116293,406.59533697724197,64.65579147107556,253.0,1.0,0.1,1.0441062719048197,3.36216180122733,3.5205524970753084,1.0441062719048197,3.36216180122733,3.5205524970753084,3.5205524970753084,0.0,1.0,25.400000000000002,0.897583612766681,11.782284040793684,11.816423890494484,240.89758361276668,331.7822840407937,410.01357269460703,70.64964791694544,253.0
16_LTAN06_800km_1213COLD_PY_STTLCT_HEAT_PY_0p5,8530.5,23.316630278773925,-1052.4563928399275,1052.714645132853,335.07793316800576,218.13803253522315,399.8267406445955,358.39456344677967,-834.3183603047044,908.038429500502,1.0,265.7,-16.683369721226075,-12.456392839927503,20.82057991117731,23.316630278773925,-1052.4563928399275,1052.714645132853,1052.714645132853,2656.0,1.0,0.1,0.6142054120960125,3.2201970450148565,3.2782491206390105,0.6142054120960125,3.2201970450148565,3.2782491206390105,3.2782491206390105,0.0,1.0,28.6,15.692138580101755,-18.641770419761997,24.367166794689762,335.69213858010175,221.358229580238,402.10530673864474,3.2782491206390105,285.0,1.0,0.1,0.362744969909226,3.4844067715976053,3.503237711482007,0.362744969909226,3.4844067715976053,3.503237711482007,3.503237711482007,0.0,1.0,22.400000000000002,-4.877454655048496,5.1559052867758055,7.097388480156412,275.1225453449515,245.1559052867758,368.5021476926064,65.76179724606021,223.0,1.0,0.1,0.23609864850894624,4.265693927976372,4.272222753907179,0.23609864850894624,4.265693927976372,4.272222753907179,4.272222753907179,0.0,1.0,22.400000000000002,-8.268124513689258,11.910471636406555,14.499007468634337,271.73187548631074,251.91047163640656,370.53623017916163,71.78649362279631,223.0
16_LTAN06_800km_1213COLD_PY_STTLCT_HEAT_PY_0p5,8591.0,22.565520075446454,-1071.5741121895178,1071.8116815052115,420.8723878428205,281.9319605593948,506.5759540615619,443.43790791826694,-789.642151630123,905.6334279442093,1.0,286.5,22.565520075446454,8.425887810482209,24.08730540492667,22.565520075446454,-1071.5741121895178,1071.8116815052115,1071.8116815052115,2864.0,1.0,0.1,-0.1369047912314585,4.0011057117867495,4.003447244407584,-0.1369047912314585,4.0011057117867495,4.003447244407584,4.003447244407584,0.0,1.0,43.6,20.73548305158903,5.933066271181588,21.567603778838492,420.73548305158903,285.9330662711816,508.7003686708846,4.003447244407584,435.0,1.0,0.1,-0.388365233418245,4.265315438369498,4.282959647641008,-0.388365233418245,4.265315438369498,4.282959647641008,4.282959647641008,0.0,1.0,36.0,0.16588981643877787,-10.26925802228061,10.270597828723153,360.1658898164388,309.7307419777194,475.0290524939877,66.76863897797283,359.0,1.0,0.1,-0.5150115548185248,5.046602594748265,5.072813287606445,-0.5150115548185248,5.046602594748265,5.072813287606445,5.072813287606445,0.0,1.0,36.0,-3.224780042202042,-3.5146916726498603,4.769933319699436,356.77521995779796,316.48530832735014,476.9187645322765,72.81744827205922,359.0
16_LTAN06_800km_1213COLD_PY_STTLCT_HEAT_PY_0p5,8651.5,21.865602337625624,-1089.652182887141,1089.8715448328296,381.8867431979387,187.60998114683701,425.48206737328536,403.7523455355643,-902.0422017403039,988.2793584032628,1.0,286.5,21.865602337625624,-9.652182887140953,23.9012384631842,21.865602337625624,-1089.652182887141,1089.8715448328296,1089.8715448328296,2864.0,1.0,0.1,-0.8368225290522879,4.65989369548879,4.734435678978609,-0.8368225290522879,4.65989369548879,4.734435678978609,4.734435678978609,0.0,1.0,35.4,21.049920668886386,-7.730125157674138,22.424406237840877,381.0499206688864,192.26987484232586,426.80996569158066,4.734435678978609,353.0,1.0,0.1,-1.0882829712390745,4.924103422071539,5.042931125520711,-1.0882829712390745,4.924103422071539,5.042931125520711,5.042931125520711,0.0,1.0,28.400000000000002,0.48032743373613584,16.067550548863665,16.074728460658008,320.48032743373614,216.06755054886366,386.5136823868212,67.67999078957726,283.0,1.0,0.1,-1.2149292926393542,5.705390578450306,5.833312509953729,-1.2149292926393542,5.705390578450306,5.833312509953729,5.833312509953729,0.0,1.0,28.400000000000002,-2.910342424904684,22.822116898494414,23.006936188000875,317.0896575750953,222.82211689849441,387.5507021284022,73.74657150950975,283.0
16_LTAN06_800km_1213COLD_PY_STTLCT_HEAT_PY_0p5,8712.0,21.213047721860583,-1106.7159071214796,1106.9191896743725,450.8124203445937,21.526922659218215,451.3260980002448,472.02546806645427,-1085.1889844622615,1183.4032172094132,1.0,308.5,-18.786952278139417,13.284092878520369,23.009056901712494,21.213047721860583,-1106.7159071214796,1106.9191896743725,1106.9191896743725,3084.0,1.0,0.1,-1.489377144817329,5.1935372293746696,5.402876385075356,-1.489377144817329,5.1935372293746696,5.402876385075356,5.402876385075356,0.0,1.0,51.0,9.32304319977635,-13.279540111407186,16.225452846542325,449.32304319977635,26.720459888592814,450.1168516362901,5.402876385075356,509.0,1.0,0.1,-1.7408375870041155,5.457746955957418,5.728657551258303,-1.7408375870041155,5.457746955957418,5.728657551258303,5.728657551258303,0.0,1.0,42.400000000000006,-11.2465500353739,10.518135595130616,15.398573443527889,388.7534499646261,50.518135595130616,392.02209999361907,68.49676074178335,423.0,1.0,0.1,-1.8674839084043953,6.239034112336185,6.512529677709264,-1.8674839084043953,6.239034112336185,6.512529677709264,6.512529677709264,0.0,1.0,42.400000000000006,-14.63721989401472,17.272701944761366,22.64054855117922,385.3627801059853,57.272701944761366,389.59547569121924,74.5749029103896,423.0
16_LTAN06_800km_1213COLD_PY_STTLCT_HEAT_PY_0p5,8772.5,20.60492191910017,-1122.7949762931553,1122.9840255303898,386.1468215842455,129.28211152540638,407.21398819304176,406.75174350334566,-993.5128647677489,1073.5524175847356,1.0,308.3,20.60492191910017,-2.794976293155287,20.793621612684856,20.60492191910017,-1122.7949762931553,1122.9840255303898,1122.9840255303898,3082.0,1.0,0.1,-2.097502947577741,5.6049208288748105,5.984534744911421,-2.097502947577741,5.6049208288748105,5.984534744911421,5.984534744911421,0.0,1.0,42.800000000000004,-15.95068136333225,14.887032354281246,21.81852351264795,384.04931863666775,134.88703235428125,407.04838857638737,5.984534744911421,427.0,1.0,0.1,-2.3489633897645277,5.869130555457559,6.3217341357779055,-2.3489633897645277,5.869130555457559,6.3217341357779055,6.3217341357779055,0.0,1.0,28.200000000000003,3.4797254015174985,-1.3152919391809519,3.720010988591365,323.4797254015175,158.68470806081905,360.3053834154973,69.2219446924134,281.0,1.0,0.1,-2.4756097111648074,6.650417711836326,7.096245428669996,-2.4756097111648074,6.650417711836326,7.096245428669996,7.096245428669996,0.0,1.0,28.200000000000003,0.08905554287673567,5.439274410449798,5.440003400908042,320.08905554287674,165.4392744104498,360.31535770181506,75.30583564553129,281.0
16_LTAN06_800km_1213COLD_PY_STTLCT_HEAT_PY_0p5,8833.0,20.042123299966107,-1137.902897798087,1138.0793871798464,331.7988039861636,103.78213191753514,347.6509416526831,351.8409272861297,-1034.120765880552,1092.3359357537145,0.0,nan,nan,nan,nan,20.042123299966107,-1137.902897798087,1138.0793871798464,1138.0793871798464,nan,1.0,0.1,-2.660301566711805,5.89827042689808,6.470455815062007,-2.660301566711805,5.89827042689808,6.470455815062007,6.470455815062007,0.0,1.0,28.0,9.138502419451811,-10.319597655566895,13.784278082043627,329.1385024194518,109.6804023444331,346.9321899642007,6.470455815062007,279.0,1.0,0.1,-2.9117620088985916,6.1624801534808284,6.8157552507781745,-2.9117620088985916,6.1624801534808284,6.8157552507781745,6.8157552507781745,0.0,1.0,21.8,-11.43109081569844,13.478078050970907,17.67281599476464,268.56890918430156,133.4780780509709,299.9094134911852,69.85605781472691,217.0,1.0,0.1,-3.0384083302988714,6.943767309859595,7.5794346514172375,-3.0384083302988714,6.943767309859595,7.5794346514172375,7.5794346514172375,0.0,1.0,22.0,-14.821760674339203,-19.767355599398343,24.706941066843,265.1782393256608,140.23264440060166,299.97448752759465,75.94036802625095,219.0
16_LTAN06_800km_1213COLD_PY_STTLCT_HEAT_PY_0p5,8893.5,19.521526716693845,-1152.0746552605576,1152.2400363201598,299.5272773631705,70.55240631464557,307.7242790573739,319.0488040798644,-1081.522248945912,1127.6003344934832,1.0,330.90000000000003,19.521526716693845,7.92534473944238,21.068960453463255,19.521526716693845,-1152.0746552605576,1152.2400363201598,1152.2400363201598,3308.0,1.0,0.1,-3.180898149984067,6.0848527971070325,6.866115830877989,-3.180898149984067,6.0848527971070325,6.866115830877989,6.866115830877989,0.0,1.0,21.6,16.34637921318648,-3.3627408882473446,16.688682981673107,296.3463792131865,76.63725911175266,306.09548503192207,6.866115830877989,215.0,1.0,0.1,-3.4323585921708535,6.349062523689781,7.217456645867098,-3.4323585921708535,6.349062523689781,7.217456645867098,7.217456645867098,0.0,1.0,16.2,-4.22321402196377,20.434934818290458,20.866770178997303,235.77678597803623,100.43493481829046,256.27693797547795,70.40660950235589,161.0,1.0,0.1,-3.5590049135711332,7.130349680068548,7.969215929743473,-3.5590049135711332,7.130349680068548,7.969215929743473,7.969215929743473,0.0,1.0,16.400000000000002,-7.613883880604561,-12.810498832078792,14.902352434230714,232.38611611939544,107.18950116792121,255.91579889816285,76.48668022898184,163.0
16_LTAN06_800km_1213COLD_PY_STTLCT_HEAT_PY_0p5,8954.0,19.04388506886629,-1165.3494849192975,1165.5050800233298,364.59997732642404,76.16015461927712,372.4694787738468,383.64386239529034,-1089.1893303000204,1154.7796371572297,1.0,330.90000000000003,19.04388506886629,-5.349484919297538,19.780964269164947,19.04388506886629,-1165.3494849192975,1165.5050800233298,1165.5050800233298,3308.0,1.0,0.1,-3.6585397978116205,6.177139822166737,7.17927362863191,-3.6585397978116205,6.177139822166737,7.17927362863191,7.17927362863191,0.0,1.0,34.800000000000004,0.9414375286124255,2.3372944414438734,2.519771800438345,360.9414375286124,82.33729444144387,370.2136563947341,7.17927362863191,347.0,1.0,0.1,-3.910000239998407,6.441349548749486,7.535189837420342,-3.910000239998407,6.441349548749486,7.535189837420342,7.535189837420342,0.0,1.0,21.8,20.371844293462175,-13.865029852018324,24.642465232083147,300.3718442934622,106.13497014798168,318.5716194713032,70.87836509739566,217.0,1.0,0.1,-4.036646561398687,7.222636705128252,8.274116051634623,-4.036646561398687,7.222636705128252,8.274116051634623,8.274116051634623,0.0,1.0,21.8,16.981174434821355,-7.110463502387574,18.409752209212815,296.98117443482136,112.88953649761243,317.71349580924567,76.95030862613872,217.0
16_LTAN06_800km_1213COLD_PY_STTLCT_HEAT_PY_0p5,9014.5,18.61548814405505,-1177.7721190741197,1177.919225102971,269.7509027609131,135.73178550327484,301.97461339694536,288.36639090496817,-1042.040333570845,1081.2045283811915,0.0,nan,nan,nan,nan,18.61548814405505,-1177.7721190741197,1177.919225102971,1177.919225102971,nan,1.0,0.1,-4.086936722622863,6.173384451536094,7.403629337101561,-4.086936722622863,6.173384451536094,7.403629337101561,7.403629337101561,0.0,1.0,22.0,-14.336033961709745,-18.094830045189155,23.08559603119606,265.66396603829025,141.90516995481084,301.18834657253524,7.403629337101561,219.0,1.0,0.1,-4.338397164809649,6.437594178118843,7.76300900178391,-4.338397164809649,6.437594178118843,7.76300900178391,7.76300900178391,0.0,1.0,12.0,5.094372803140004,5.702845661348647,7.646900214762557,205.09437280314,165.70284566134865,263.6686079452427,71.26521811640863,119.0,1.0,0.1,-4.465043486209929,7.21888133449761,8.488160051230402,-4.465043486209929,7.21888133449761,8.488160051230402,8.488160051230402,0.0,1.0,12.0,1.703702944499213,12.457412010979397,12.573373363357545,201.7037029444992,172.4574120109794,265.378866413751,77.3252419668919,119.0
16_LTAN06_800km_1213COLD_PY_STTLCT_HEAT_PY_0p5,9075.0,18.23340011332956,-1189.3751970569974,1189.5149499918293,201.86620885868078,-37.48132459931345,205.31638018603297,220.09960897201034,-1226.8565216563109,1246.4432448371863,1.0,354.3,18.23340011332956,10.624802943002578,21.103158940556803,18.23340011332956,-1189.3751970569974,1189.5149499918293,1189.5149499918293,3542.0,1.0,0.1,-4.469024753348354,6.093592493825781,7.556722287265175,-4.469024753348354,6.093592493825781,7.556722287265175,7.556722287265175,0.0,1.0,11.0,-2.6028158946675717,8.612267894512343,8.996988877862538,197.39718410533243,-31.387732105487657,199.8770572613084,7.556722287265175,109.0,1.0,0.1,-4.72048519553514,6.35780222040853,7.918625483952254,-4.72048519553514,6.35780222040853,7.918625483952254,7.918625483952254,0.0,1.0,4.4,16.827590870182178,-7.590056398949855,18.460140049129592,136.82759087018218,-7.590056398949855,137.03794576494937,71.57869616359271,43.0,1.0,0.1,-4.84713151693542,7.139089376787297,8.629095032054398,-4.84713151693542,7.139089376787297,8.629095032054398,8.629095032054398,0.0,1.0,4.4,13.436921011541386,-0.8354900493191053,13.46287078943097,133.4369210115414,-0.8354900493191053,133.43953661738655,77.6239951634301,43.0
16_LTAN06_800km_1213COLD_PY_STTLCT_HEAT_PY_0p5,9135.5,17.908584011401743,-1200.1776417524304,1200.3112467788171,138.13919613463372,-1.4772340803827428,138.147094537855,156.04778014603545,-1201.654875832813,1211.7447546002743,1.0,354.3,17.908584011401743,-0.1776417524304179,17.909465036277343,17.908584011401743,-1200.1776417524304,1200.3112467788171,1200.3112467788171,3542.0,1.0,0.1,-4.793840855276169,5.950665739421311,7.641422177058242,-4.793840855276169,5.950665739421311,7.641422177058242,7.641422177058242,0.0,1.0,4.4,13.345355279357534,4.473431659038624,14.075158909950718,133.34535527935753,4.473431659038624,133.42037087861124,7.641422177058242,43.0,1.0,0.1,-5.045301297462956,6.2148754660040595,8.00498233852646,-5.045301297462956,6.2148754660040595,8.00498233852646,8.00498233852646,0.0,1.0,2.4000000000000004,-7.2242379557927165,-11.728892634423573,13.77521457080621,72.77576204420728,28.271107365576427,78.07411256486384,71.8146387227485,23.0,1.0,0.1,-5.171947618863236,6.996162622382826,8.700306523973257,-5.171947618863236,6.996162622382826,8.700306523973257,8.700306523973257,0.0,1.0,2.4000000000000004,-10.614907814433508,-4.974326284792824,11.722635791344127,69.38509218556649,35.025673715207176,77.72444169502741,77.84336251327069,23.0
16_LTAN06_800km_1213COLD_PY_STTLCT_HEAT_PY_0p5,9196.0,17.65212292962736,-1210.1985905119218,1210.3273218104946,221.02603953487645,-30.787413167828046,223.15997616517015,238.6781624645038,-1240.9860036797497,1263.7300054071945,1.0,354.3,17.65212292962736,-10.198590511921793,20.386483079544085,17.65212292962736,-1210.1985905119218,1210.3273218104946,1210.3273218104946,3542.0,1.0,0.1,-5.050301937050552,5.7451931802165745,7.649365616401376,-5.050301937050552,5.7451931802165745,7.649365616401376,7.649365616401376,0.0,1.0,11.0,15.975737597825884,14.957780012388639,21.885140499745496,215.97573759782588,-25.04221998761136,217.4227035358379,7.649365616401376,109.0,1.0,0.1,-5.3017623792373385,6.009402906799323,8.013838507366149,-5.3017623792373385,6.009402906799323,8.013838507366149,8.013838507366149,0.0,1.0,7.4,-4.593855637324367,-1.2445442810735585,4.75945375900741,155.40614436267563,-1.2445442810735585,155.41112764580384,71.96354455188116,73.0,1.0,0.1,-5.428408700637618,6.79069006317809,8.693738698356643,-5.428408700637618,6.79069006317809,8.693738698356643,8.693738698356643,0.0,1.0,7.4,-7.984525495965158,5.510022068557191,9.701185009662733,152.01547450403484,5.510022068557191,152.11530111031846,77.97411038681744,73.0
16_LTAN06_800km_1213COLD_PY_STTLCT_HEAT_PY_0p5,9256.5,17.461617626289552,-1219.4696662422898,1219.5946765115075,126.53266753011732,-56.69355403909661,138.65307433256277,143.99428515640687,-1276.1632202813864,1284.2612347013605,0.0,nan,nan,nan,nan,17.461617626289552,-1219.4696662422898,1219.5946765115075,1219.5946765115075,nan,1.0,0.1,-5.24080724038836,5.49028612080906,7.590079197166236,-5.24080724038836,5.49028612080906,7.590079197166236,7.590079197166236,0.0,1.0,4.2,1.2918602897289588,-11.203267918287565,11.27750482407833,121.29186028972896,-51.203267918287565,131.65671277247912,7.590079197166236,41.0,1.0,0.1,-5.492267682575147,5.754495847391809,7.954824118401924,-5.492267682575147,5.754495847391809,7.954824118401924,7.954824118401924,0.0,1.0,0.7000000000000001,20.722267054578708,12.594407788250237,24.249359979554434,60.72226705457871,-27.405592211749763,66.62026869297581,72.03328063298866,6.0,1.0,0.1,-5.618914003975426,6.535783003770575,8.61908661381515,-5.618914003975426,6.535783003770575,8.61908661381515,8.61908661381515,0.0,0.0,nan,nan,nan,nan,57.33159719593792,-20.651025862119013,60.93748358929162,78.02468822612667,nan
16_LTAN06_800km_1213COLD_PY_STTLCT_HEAT_PY_0p5,9317.0,17.342729673808346,-1227.9548825355992,1228.077344394707,130.83606663952986,-121.00814083613088,178.21629129324958,148.1787963133382,-1348.96302337173,1357.0770774355701,1.0,378.5,17.342729673808346,12.045117464400846,21.115281842068953,17.342729673808346,-1227.9548825355992,1228.077344394707,1228.077344394707,3784.0,1.0,0.1,-5.359695192869566,5.1859868201891,7.457934825381903,-5.359695192869566,5.1859868201891,7.457934825381903,7.457934825381903,0.0,1.0,3.9000000000000004,5.476371446660295,4.1778459840581945,6.888036098069416,125.4763714466603,-115.8221540159418,170.76033249063673,7.457934825381903,38.0,1.0,0.1,-5.6111556350563525,5.450196546771849,7.822385183514581,-5.6111556350563525,5.450196546771849,7.822385183514581,7.822385183514581,0.0,1.0,1.9000000000000001,-15.093221788489956,-12.024478309404003,19.29749783184015,64.90677821151004,-92.024478309404,112.61169773125758,72.01891255835665,18.0,1.0,0.1,-5.737801956456632,6.231483703150616,8.470759141549786,-5.737801956456632,6.231483703150616,8.470759141549786,8.470759141549786,0.0,1.0,1.7000000000000002,21.516108352869253,-5.269911959773253,22.152085471037964,61.51610835286925,-85.26991195977325,105.14366111425564,77.99024054382248,16.0
16_LTAN06_800km_1213COLD_PY_STTLCT_HEAT_PY_0p5,9377.5,17.296439687305064,-1235.6586013409792,1235.7796510275614,220.09222800523233,-53.22826790262313,226.43727019247646,237.38866769253738,-1288.8868692436024,1310.5658095866124,1.0,378.5,17.296439687305064,4.341398659020797,17.83296296674025,17.296439687305064,-1235.6586013409792,1235.7796510275614,1235.7796510275614,3784.0,1.0,0.1,-5.405985179372848,4.8437076196894395,7.2585245928243864,-5.405985179372848,4.8437076196894395,7.2585245928243864,7.2585245928243864,0.0,1.0,11.0,14.686242825859466,-8.384560282933762,16.91113773458956,214.68624282585947,-48.38456028293376,220.07100793256876,7.2585245928243864,109.0,1.0,0.1,-5.657445621559635,5.107917346272188,7.622172300417552,-5.657445621559635,5.107917346272188,7.622172300417552,7.622172300417552,0.0,1.0,7.2,-5.8833504092907845,15.41311542360404,16.497816191843174,154.11664959070922,-24.58688457639596,156.06555217035714,71.92430594709117,71.0,1.0,0.1,-5.784091942959915,5.889204502650955,8.25460170321125,-5.784091942959915,5.889204502650955,8.25460170321125,8.25460170321125,0.0,1.0,7.2,-9.274020267931576,22.16768177323479,24.029431269370725,150.72597973206842,-17.83231822676521,151.77718056260147,77.8752184777037,71.0
16_LTAN06_800km_1213COLD_PY_STTLCT_HEAT_PY_0p5,9438.0,17.320490102248822,-1242.610179331553,1242.7308868599735,102.17602001513015,-115.4887365341414,154.1998292229424,119.49651011737897,-1358.0989158656944,1363.3459139946133,1.0,378.5,17.320490102248822,-2.6101793315528994,17.516061587153814,17.320490102248822,-1242.610179331553,1242.7308868599735,1242.7308868599735,3784.0,1.0,0.1,-5.38193476442909,4.472699504312459,6.997875582235463,-5.38193476442909,4.472699504312459,6.997875582235463,6.997875582235463,0.0,1.0,3.7,16.79408525070106,8.983962970170978,19.046072825052892,96.79408525070106,-111.01603702982902,147.28766213545637,6.997875582235463,36.0,1.0,0.1,-5.633395206615877,4.736909230895208,7.36026158608938,-5.633395206615877,4.736909230895208,7.36026158608938,7.36026158608938,0.0,1.0,1.7000000000000002,-3.7755079844491917,-7.218361323291219,8.146115683822945,36.22449201555081,-87.21836132329122,94.44181475228484,71.75526573040862,16.0,1.0,0.1,-5.760041528016156,5.518196387273974,7.976751830976958,-5.760041528016156,5.518196387273974,7.976751830976958,7.976751830976958,0.0,1.0,1.7000000000000002,-7.166177843089983,-0.4637949736604696,7.181170563103659,32.83382215691002,-80.46379497366047,86.9050181462202,77.68582196980127,16.0
16_LTAN06_800km_1213COLD_PY_STTLCT_HEAT_PY_0p5,9498.5,17.408627585074886,-1248.7557672332955,1248.8771062489745,103.77163207414264,-109.1053377892691,150.57398964443274,121.18025965921753,-1357.8611050225645,1363.257655714493,1.0,378.5,17.408627585074886,-8.7557672332955,19.486502360338587,17.408627585074886,-1248.7557672332955,1248.8771062489745,1248.8771062489745,3784.0,1.0,0.1,-5.293797281603027,4.087585678987125,6.688246881042014,-5.293797281603027,4.087585678987125,6.688246881042014,6.688246881042014,0.0,1.0,3.7,18.47783479253961,14.98224788971811,23.788613462103044,98.47783479253961,-105.01775211028189,143.9673997949652,6.688246881042014,36.0,1.0,0.1,-5.545257723789813,4.351795405569874,7.04897201549202,-5.545257723789813,4.351795405569874,7.04897201549202,7.04897201549202,0.0,1.0,1.7000000000000002,-2.09175844261064,-1.2200764037440877,2.421577959349233,37.90824155738936,-81.22007640374409,89.63110837763533,71.52324106821078,16.0,1.0,0.1,-5.671904045190093,5.13308256194864,7.649773335571777,-5.671904045190093,5.13308256194864,7.649773335571777,7.649773335571777,0.0,1.0,1.7000000000000002,-5.482428301251431,5.534489945886662,7.790224582095385,34.51757169874857,-74.46551005411334,82.07664066954436,77.43411744186143,16.0
16_LTAN06_800km_1213COLD_PY_STTLCT_HEAT_PY_0p5,9559.0,17.558349201406674,-1254.1260459374146,1254.2489524513435,195.88578931142976,-227.40259068294029,300.1386024880417,213.44413851283645,-1481.528636620355,1496.8251405530489,1.0,378.5,17.558349201406674,-14.126045937414574,22.53532339471713,17.558349201406674,-1254.1260459374146,1254.2489524513435,1254.2489524513435,3784.0,1.0,0.1,-5.144075665271238,3.6855035607597983,6.328068500451688,-5.144075665271238,3.6855035607597983,6.328068500451688,6.328068500451688,0.0,1.0,14.5,-9.25828635384147,16.2829128778194,18.73096681958473,190.74171364615853,-223.7170871221806,293.99274888184993,6.328068500451688,144.0,1.0,0.1,-5.395536107458025,3.949713287342547,6.686706583894164,-5.395536107458025,3.949713287342547,6.686706583894164,6.686706583894164,0.0,1.0,9.9,10.17212041100828,0.0805885843572014,10.172439637372145,130.17212041100828,-199.9194114156428,238.5635177328568,71.2292876771391,98.0,1.0,0.1,-5.522182428858304,4.731000443721314,7.271647954630551,-5.522182428858304,4.731000443721314,7.271647954630551,7.271647954630551,0.0,1.0,9.9,6.781450552367488,6.835154933987951,9.62846896270768,126.78145055236749,-193.16484506601205,231.05452510941836,77.12089768834862,98.0
16_LTAN06_800km_1213COLD_PY_STTLCT_HEAT_PY_0p5,9619.5,17.765772276448896,-1258.750417587436,1258.8757827685477,98.42891008780529,-166.9238497969174,193.7829248723868,116.19468236425419,-1425.6742673843535,1430.401454449639,0.0,nan,nan,nan,nan,17.765772276448896,-1258.750417587436,1258.8757827685477,1258.8757827685477,nan,1.0,0.1,-4.936652590229016,3.2599615092401564,5.915901270165199,-4.936652590229016,3.2599615092401564,5.915901270165199,5.915901270165199,0.0,1.0,6.300000000000001,13.492257497576276,-3.6638882876773096,13.980883010936118,93.49225749757628,-163.6638882876773,188.4851997941335,5.915901270165199,62.0,1.0,0.1,-5.188113032415803,3.524171235822905,6.271865730109681,-5.188113032415803,3.524171235822905,6.271865730109681,6.271865730109681,0.0,1.0,3.5,-7.077335737573975,-19.866212581139507,21.08921723206832,32.922664262426025,-139.8662125811395,143.6887582378278,70.87442397533592,34.0,1.0,0.1,-5.314759353816083,4.305458392201672,6.839856647324954,-5.314759353816083,4.305458392201672,6.839856647324954,6.839856647324954,0.0,1.0,3.5,-10.468005596214766,-13.111646231508757,16.777795089421655,29.531994403785234,-133.11164623150876,136.34826385373427,76.74666182134312,34.0
16_LTAN06_800km_1213COLD_PY_STTLCT_HEAT_PY_0p5,9680.0,18.02009419489552,-1262.6384182675615,1262.7670011051139,164.31433918471288,-219.3381469340139,274.0591628866949,182.3344333796084,-1481.9765652015753,1493.1511595958802,0.0,nan,nan,nan,nan,18.02009419489552,-1262.6384182675615,1262.7670011051139,1262.7670011051139,nan,1.0,0.1,-4.682330671782392,2.8034273696432592,5.45741931106444,-4.682330671782392,2.8034273696432592,5.45741931106444,5.45741931106444,0.0,1.0,10.100000000000001,-0.3679914870695029,-16.534719564370562,16.53881400847516,159.6320085129305,-216.53471956437056,269.01610159745627,5.45741931106444,100.0,1.0,0.1,-4.933791113969178,3.067637096226008,5.809706714664963,-4.933791113969178,3.067637096226008,5.809706714664963,5.809706714664963,0.0,1.0,9.700000000000001,19.062415277780246,7.262956142167241,20.39917175146076,99.06241527778025,-192.73704385783276,216.70470736862995,70.46582333603814,96.0,1.0,0.1,-5.060437435369458,3.8489242526047747,6.357849081220617,-5.060437435369458,3.8489242526047747,6.357849081220617,6.357849081220617,0.0,1.0,9.700000000000001,15.671745419139455,14.01752249179799,21.02604435671106,95.67174541913946,-185.982477508202,209.1472323786129,76.3177984595309,96.0
16_LTAN06_800km_1213COLD_PY_STTLCT_HEAT_PY_0p5,9740.5,18.319829163057825,-1265.8194637510594,1265.9520255331888,113.74333027668386,-309.69954181609984,329.92628174113827,132.0631594397417,-1575.5190055671592,1581.044216644347,1.0,403.5,18.319829163057825,14.180536248940598,23.166867480761017,18.319829163057825,-1265.8194637510594,1265.9520255331888,1265.9520255331888,4034.0,1.0,0.1,-4.382595703620087,2.328846599492863,4.962929738104169,-4.382595703620087,2.328846599492863,4.962929738104169,4.962929738104169,0.0,1.0,24.900000000000002,-10.63926542693622,12.629304783393081,16.513428115828514,109.36073457306378,-307.3706952166069,326.24609506368097,4.962929738104169,248.0,1.0,0.1,-4.634056145806873,2.5930563260756117,5.31021821328382,-4.634056145806873,2.5930563260756117,5.31021821328382,5.31021821328382,0.0,1.0,18.7,8.79114133791353,-3.5730195100691162,9.489501274698615,48.79114133791353,-283.5730195100691,287.7398701381411,70.00987084508326,186.0,1.0,0.1,-4.760702467207153,3.3743434824543783,5.835279078060844,-4.760702467207153,3.3743434824543783,5.835279078060844,5.835279078060844,0.0,1.0,18.7,5.400471479272738,3.1815468395616335,6.267960792056927,45.40047147927274,-276.81845316043837,280.5167710149931,75.84136298738534,186.0
16_LTAN06_800km_1213COLD_PY_STTLCT_HEAT_PY_0p5,9801.0,18.658861791795854,-1268.3276709828783,1268.464912445046,43.16149904167049,-310.61185748049706,313.5963026041741,61.82036083346634,-1578.9395284633754,1580.1492940724702,1.0,403.5,18.658861791795854,11.672329017121683,22.009006975537993,18.658861791795854,-1268.3276709828783,1268.464912445046,1268.464912445046,4034.0,1.0,0.1,-4.043563074882059,1.8641804965361644,4.452591522272784,-4.043563074882059,1.8641804965361644,4.452591522272784,4.452591522272784,0.0,1.0,24.5,-0.8820640332115772,11.2523230160391,11.286842349212145,39.11793596678842,-308.7476769839609,311.2159073011758,4.452591522272784,244.0,1.0,0.1,-4.295023517068845,2.128390223118913,4.793461375044406,-4.295023517068845,2.128390223118913,4.793461375044406,4.793461375044406,0.0,1.0,18.3,18.548342731638172,-4.950001277423098,19.19748761522728,-21.451657268361828,-284.9500012774231,285.7563242127157,69.52259224260783,182.0,1.0,0.1,-4.421669838469125,2.90967737949768,5.293145247694235,-4.421669838469125,2.90967737949768,5.293145247694235,5.293145247694235,0.0,1.0,18.3,15.15767287299738,1.8045650722076516,15.264714279167903,-24.84232712700262,-278.19543492779235,279.30241895076483,75.33488451371392,182.0
16_LTAN06_800km_1213COLD_PY_STTLCT_HEAT_PY_0p5,9861.5,19.028575735549577,-1270.1992632958609,1270.3417867534197,31.302885387751026,-334.7963913331492,336.25658994776273,50.3314611233006,-1604.99565462901,1605.7846391583184,1.0,403.5,19.028575735549577,9.800736704139126,21.404231695330854,19.028575735549577,-1270.1992632958609,1270.3417867534197,1270.3417867534197,4034.0,1.0,0.1,-3.6738491311283354,1.4349541664892058,3.9441426062221887,-3.6738491311283354,1.4349541664892058,3.9441426062221887,3.9441426062221887,0.0,1.0,24.5,-12.370963743377313,-13.361437166659925,18.209029273922244,27.629036256622687,-333.3614371666599,334.50442662884257,3.9441426062221887,244.0,1.0,0.1,-3.925309573315122,1.6991638930719546,4.277290401864104,-3.925309573315122,1.6991638930719546,4.277290401864104,4.277290401864104,0.0,1.0,24.1,7.059443021472433,10.436238539877877,12.59963533736783,-32.94055697852757,-309.5637614601221,311.31142398472144,69.02105111760132,240.0,1.0,0.1,-4.051955894715402,2.4804510494507213,4.750892966742155,-4.051955894715402,2.4804510494507213,4.750892966742155,4.750892966742155,0.0,1.0,18.3,3.6687731628316413,-22.809195110491373,23.10236520594325,-36.33122683716836,-302.8091951104914,304.98092839874005,74.81680198083717,182.0
16_LTAN06_800km_1213COLD_PY_STTLCT_HEAT_PY_0p5,9922.0,19.427696588259057,-1271.460517800198,1271.6089350580519,-73.1570600830016,-445.0921264533264,451.064248717111,-53.72936349474254,-1716.5526442535242,1717.3933227409836,1.0,403.5,19.427696588259057,8.539482199802023,21.221643455825664,19.427696588259057,-1271.460517800198,1271.6089350580519,1271.6089350580519,4034.0,1.0,0.1,-3.2747282784188556,1.0321612905895563,3.433540771167225,-3.2747282784188556,1.0321612905895563,3.433540771167225,3.433540771167225,0.0,1.0,46.1,3.568211638579541,-4.059965162736717,5.4051319521664105,-76.43178836142046,-444.0599651627367,450.5896924392034,3.433540771167225,460.0,1.0,0.1,-3.526188720605642,1.296371017172305,3.7569382091659174,-3.526188720605642,1.296371017172305,3.7569382091659174,3.7569382091659174,0.0,0.0,nan,nan,nan,nan,-137.0013815965707,-420.2622894561989,442.0291511861351,68.50268750079736,nan,1.0,0.1,-3.652835042005922,2.0776581735510717,4.202364492786172,-3.652835042005922,2.0776581735510717,4.202364492786172,4.202364492786172,0.0,1.0,37.5,19.607948544788485,-13.507723106568164,23.81029671505142,-140.39205145521152,-413.50772310656816,436.6904683875995,74.28404000585756,374.0
16_LTAN06_800km_1213COLD_PY_STTLCT_HEAT_PY_0p5,9982.5,19.84906275664961,-1272.161385759112,1272.3162251220651,37.40410823452236,-419.2461513808758,420.9113953797118,57.25317099117197,-1691.4075371399877,1692.3762531666837,1.0,403.5,19.84906275664961,7.8386142408880914,21.34078643196797,19.84906275664961,-1272.161385759112,1272.3162251220651,1272.3162251220651,4034.0,1.0,0.1,-2.8533621100283035,0.6331269449026422,2.922759836063669,-2.8533621100283035,0.6331269449026422,2.922759836063669,2.922759836063669,0.0,1.0,38.5,-5.449253875505946,-18.613024435973102,19.39430448492156,34.550746124494054,-418.6130244359731,420.03644875795226,2.922759836063669,384.0,1.0,0.1,-3.10482255221509,0.897336671485391,3.2318935908745368,-3.10482255221509,0.897336671485391,3.2318935908745368,3.2318935908745368,0.0,1.0,38.1,13.981152889343804,5.1846512705647,14.911513837051379,-26.018847110656196,-394.8153487294353,395.67175789701406,67.96569269057841,380.0,1.0,0.1,-3.23146887361537,1.6786238278641576,3.6414515013409563,-3.23146887361537,1.6786238278641576,3.6414515013409563,3.6414515013409563,0.0,1.0,38.1,10.590483030703012,11.93921762019545,15.959425058754277,-29.409516969296988,-388.06078237980455,389.1735994509306,73.73322014268342,380.0
16_LTAN06_800km_1213COLD_PY_STTLCT_HEAT_PY_0p5,10043.0,20.28715681537468,-1272.3416921157027,1272.503418552383,57.0264498464433,-384.89217239891843,389.09381947808896,77.31360666181797,-1657.233864514621,1659.0363092678604,1.0,403.5,20.28715681537468,7.658307884297301,21.68452008466624,20.28715681537468,-1272.3416921157027,1272.503418552383,1272.503418552383,4034.0,1.0,0.1,-2.415268051303233,0.23524401485406088,2.4266972423791917,-2.415268051303233,0.23524401485406088,2.4266972423791917,2.4266972423791917,0.0,1.0,38.5,14.611181795140055,15.343071615935742,21.187177255650766,54.611181795140055,-384.65692838406426,388.5142645140909,2.4266972423791917,384.0,1.0,0.1,-2.6667284934900195,0.49945374143680965,2.713096920094595,-2.6667284934900195,0.49945374143680965,2.713096920094595,2.713096920094595,0.0,1.0,30.900000000000002,-5.958411440010195,-0.859252677526456,6.02004834301858,-5.958411440010195,-360.85925267752646,360.9084411729259,67.41419718137013,308.0,1.0,0.1,-2.7933748148902993,1.2807408978155763,3.0729855358919056,-2.7933748148902993,1.2807408978155763,3.0729855358919056,3.0729855358919056,0.0,1.0,30.900000000000002,-9.349081298650987,5.895313672104294,11.052603513258106,-9.349081298650987,-354.1046863278957,354.22808217376866,73.16816543666235,308.0
16_LTAN06_800km_1213COLD_PY_STTLCT_HEAT_PY_0p5,10103.5,20.740288384008984,-1272.0242451600693,1272.193318579097,98.17126464910919,-441.92219782502934,452.6950697028959,118.91155303311817,-1713.9464429850987,1718.066461713871,1.0,403.5,20.740288384008984,7.975754839930687,22.220986195903542,20.740288384008984,-1272.0242451600693,1272.193318579097,1272.193318579097,4034.0,1.0,0.1,-1.962136482668928,-0.1595323659519181,1.9686112242915332,-1.962136482668928,-0.1595323659519181,1.9686112242915332,1.9686112242915332,0.0,1.0,46.900000000000006,16.20912816644025,-2.0817301909812613,16.342259222767506,96.20912816644025,-442.08173019098126,452.4295000452535,1.9686112242915332,468.0,1.0,0.1,-2.2135969248557146,0.10467736063083066,2.2160705529290605,-2.2135969248557146,0.10467736063083066,2.2160705529290605,2.2160705529290605,0.0,1.0,38.5,-4.360465068709999,-18.28405448444346,18.796816326323377,35.63953493129,-418.28405448444346,419.79962682935235,66.85042290137345,384.0,1.0,0.1,-2.3402432462559943,0.8859645170095973,2.5023332266200766,-2.3402432462559943,0.8859645170095973,2.5023332266200766,2.5023332266200766,0.0,1.0,38.5,-7.75113492735079,-11.52948813481271,13.892774716117165,32.24886507264921,-411.5294881348127,412.79112018425843,72.59118106376448,384.0
16_LTAN06_800km_1213COLD_PY_STTLCT_HEAT_PY_0p5,10164.0,21.200876044882666,-1271.319812149021,1271.4965756570846,143.13788007650075,-373.73766705635103,400.2103153212303,164.33875612138343,-1645.057479205372,1653.2456976060928,1.0,403.5,21.200876044882666,8.68018785097911,22.909011462714076,21.200876044882666,-1271.319812149021,1271.4965756570846,1271.4965756570846,4034.0,1.0,0.1,-1.5015488217952466,-0.5560327795283229,1.6011937159958771,-1.5015488217952466,-0.5560327795283229,1.6011937159958771,1.6011937159958771,0.0,1.0,31.700000000000003,-18.36366874529449,-14.293699835879352,23.27088706485258,141.6363312547055,-374.29369983587935,400.1957321962892,1.6011937159958771,316.0,1.0,0.1,-1.7530092639820332,-0.2918230529455741,1.7771331334025893,-1.7530092639820332,-0.2918230529455741,1.7771331334025893,1.7771331334025893,0.0,1.0,31.3,1.0667380195552596,9.50397587065845,9.56365449775465,81.06673801955526,-350.49602412934155,359.74891096931367,66.2797151638427,312.0,1.0,0.1,-1.879655585382313,0.4894641034331926,1.942338855145668,-1.879655585382313,0.4894641034331926,1.942338855145668,1.942338855145668,0.0,1.0,24.700000000000003,-2.3239318390855317,-23.7414577797108,23.854925627603745,77.67606816091447,-343.7414577797108,352.4085148821744,72.00709263843106,246.0
16_LTAN06_800km_1213COLD_PY_STTLCT_HEAT_PY_0p5,10224.5,21.66732749738356,-1270.2636032314606,1270.4483833574084,136.8777654218595,-372.449337639422,396.80477791342906,158.54509291924305,-1642.7129408708827,1650.346131147474,1.0,403.5,21.66732749738356,9.736396768539407,23.754378605076127,21.66732749738356,-1270.2636032314606,1270.4483833574084,1270.4483833574084,4034.0,1.0,0.1,-1.035097369294352,-0.950129155832883,1.40505230389612,-1.035097369294352,-0.950129155832883,1.40505230389612,1.40505230389612,0.0,1.0,31.5,15.84266805256513,-13.399466795254966,20.74935761465661,135.84266805256513,-373.39946679525497,397.3416568478821,1.40505230389612,314.0,1.0,0.1,-1.2865578114811385,-0.6859194292501343,1.457983698710643,-1.2865578114811385,-0.6859194292501343,1.457983698710643,1.457983698710643,0.0,1.0,31.3,-4.72692518258512,10.398208911282836,11.422196384427961,75.27307481741488,-349.60179108871716,357.613545779389,65.70500961004399,312.0,1.0,0.1,-1.4132041328814182,0.0953677271286324,1.4164183437709363,-1.4132041328814182,0.0953677271286324,1.4164183437709363,1.4164183437709363,0.0,1.0,24.700000000000003,-8.117595041225911,-22.847224739086414,24.246464227422067,71.88240495877409,-342.8472247390864,350.3017265928771,71.41905887009871,246.0
16_LTAN06_800km_1213COLD_PY_STTLCT_HEAT_PY_0p5,10285.0,22.13910779422016,-1268.876902388435,1269.0700270311304,194.63510468278818,-425.8572125972204,468.22771115767387,216.77421247700835,-1694.7341149856552,1708.541711428562,1.0,403.5,22.13910779422016,11.123097611565072,24.77626675672718,22.13910779422016,-1268.876902388435,1269.0700270311304,1269.0700270311304,4034.0,1.0,0.1,-0.5633170724577532,-1.330023507846363,1.444399063813847,-0.5633170724577532,-1.330023507846363,1.444399063813847,1.444399063813847,0.0,1.0,47.5,-5.928212389669568,12.812763894933369,14.117741347833933,194.07178761033043,-427.18723610506663,469.204426063262,1.444399063813847,474.0,1.0,0.1,-0.8147775146445397,-1.0658137812636141,1.341574230037897,-0.8147775146445397,-1.0658137812636141,1.341574230037897,1.341574230037897,0.0,1.0,38.900000000000006,13.502194375180181,-3.389560398528829,13.921148395172802,133.50219437518018,-403.38956039852883,424.90701728908493,65.13085380984506,388.0,1.0,0.1,-0.9414238360448195,-0.2845266248848475,0.9834806756320664,-0.9414238360448195,-0.2845266248848475,0.9834806756320664,0.9834806756320664,0.0,1.0,38.900000000000006,10.11152451653939,3.365005951101921,10.656744019611642,130.1115245165394,-396.6349940488981,417.4306257525763,70.83241104435342,388.0
16_LTAN06_800km_1213COLD_PY_STTLCT_HEAT_PY_0p5,10345.5,22.6104797206254,-1267.2757901859682,1267.4774799516822,143.3761947976452,-409.75325090769013,434.11341820320735,165.9866745182706,-1677.0290410936582,1685.2234216237173,1.0,403.70000000000005,-17.3895202793746,12.724209814031838,21.547643280374878,22.6104797206254,-1267.2757901859682,1267.4774799516822,1267.4774799516822,4036.0,1.0,0.1,-0.09194514605251314,-1.6564593343302931,1.6590091730224328,-0.09194514605251314,-1.6564593343302931,1.6590091730224328,1.6590091730224328,0.0,1.0,39.1,-16.71575034840731,-11.40971024202031,20.23852261201747,143.2842496515927,-411.4097102420203,435.6470198218313,1.6590091730224328,390.0,1.0,0.1,-0.3434055882392997,-1.3922496077475444,1.4339757209615407,-0.3434055882392997,-1.3922496077475444,1.4339757209615407,1.4339757209615407,0.0,1.0,38.7,2.7146564164424376,12.387965464517492,12.68191814393273,82.71465641644244,-387.6120345354825,396.3392532954895,64.5759684496876,386.0,1.0,0.1,-0.47005190963957943,-0.6109624513687777,0.7708592055222285,-0.47005190963957943,-0.6109624513687777,0.7708592055222285,0.7708592055222285,0.0,1.0,31.3,-0.6760134421983537,-20.857468185851758,20.868420479227723,79.32398655780165,-380.85746818585176,389.03046913623535,70.26842562280709,312.0
16_LTAN06_800km_1213COLD_PY_STTLCT_HEAT_PY_0p5,10406.0,23.081657730928768,-1265.4733396860124,1265.6838216472856,192.42397396748524,-504.22210726891694,539.691503746489,215.505631698414,-1769.6954469549294,1782.7688162705615,1.0,403.70000000000005,-16.918342269071232,14.526660313987577,22.299196510444585,23.081657730928768,-1265.4733396860124,1265.6838216472856,1265.6838216472856,4036.0,1.0,0.1,0.3792328642508558,-1.9230967690252783,1.9601323292990636,0.3792328642508558,-1.9230967690252783,1.9601323292990636,1.9601323292990636,0.0,1.0,66.3,-7.196793168263923,13.854795962057779,15.612469473373608,192.80320683173608,-506.1452040379422,541.6235262017441,1.9601323292990636,662.0,1.0,0.1,0.12777242206406925,-1.6588870424425295,1.6638004722393371,0.12777242206406925,-1.6588870424425295,1.6638004722393371,1.6638004722393371,0.0,1.0,56.1,12.233613596585826,-2.347528331404419,12.456813031322097,132.23361359658583,-482.3475283314044,500.14484567195746,64.0419915779655,560.0,1.0,0.1,0.0011261006637894866,-0.8775998860637628,0.8776006085468688,0.0011261006637894866,-0.8775998860637628,0.8776006085468688,0.8776006085468688,0.0,1.0,56.1,8.842943737945035,4.407038018226331,9.880265079771574,128.84294373794503,-475.59296198177367,492.7364098964639,69.7293006197686,560.0
16_LTAN06_800km_1213COLD_PY_STTLCT_HEAT_PY_0p5,10466.5,23.55096101280724,-1263.521815867142,1263.7412816462183,200.2333955905554,-396.06994004689216,443.8071767315989,223.78435660336265,-1659.5917559140344,1674.6116667926951,1.0,403.70000000000005,-16.44903898719276,16.478184132857905,23.28307187461649,23.55096101280724,-1263.521815867142,1263.7412816462183,1263.7412816462183,4036.0,1.0,0.1,0.8485361461293266,-2.1567764759568036,2.3176924641825667,0.8485361461293266,-2.1567764759568036,2.3176924641825667,2.3176924641825667,0.0,1.0,39.300000000000004,1.0819317366847372,1.773283477150926,2.0772844227938863,201.08193173668474,-398.2267165228491,446.1148518302505,2.3176924641825667,392.0,1.0,0.1,0.5970757039425401,-1.8925667493740548,1.9845171445655883,0.5970757039425401,-1.8925667493740548,1.9845171445655883,1.9845171445655883,0.0,1.0,31.700000000000003,-19.487661498465513,-14.429040816311272,24.24801372396411,140.5123385015345,-374.42904081631127,399.92602300649645,63.52112388283333,316.0,1.0,0.1,0.4704293825422603,-1.1112795929952881,1.2067502383537636,0.4704293825422603,-1.1112795929952881,1.2067502383537636,1.2067502383537636,0.0,1.0,31.5,17.121668642893695,-7.674474466680522,18.762971391993876,137.1216686428937,-367.6744744666805,392.4116093921805,69.20543724183239,314.0
16_LTAN06_800km_1213COLD_PY_STTLCT_HEAT_PY_0p5,10527.0,24.01377086753141,-1261.5355330281163,1261.7640675989358,225.6985618448992,-480.25407043683015,530.6447144653375,249.7123327124306,-1741.7896034649466,1759.5986110040153,1.0,403.70000000000005,-15.98622913246859,18.464466971883667,24.42326887276906,24.01377086753141,-1261.5355330281163,1261.7640675989358,1261.7640675989358,4036.0,1.0,0.1,1.3113460008534972,-2.39489745902506,2.730414286001146,1.3113460008534972,-2.39489745902506,2.730414286001146,2.730414286001146,0.0,1.0,56.7,-12.990092154247321,-2.6489678958553213,13.25743282423524,227.00990784575268,-482.6489678958553,533.3699695999686,2.730414286001146,566.0,1.0,0.1,1.0598855586667106,-2.1306877324423112,2.379745282724688,1.0598855586667106,-2.1306877324423112,2.379745282724688,2.379745282724688,0.0,1.0,47.300000000000004,6.440314610602428,-18.85129218931752,19.921065972747613,166.44031461060243,-458.8512921893175,488.10540528812294,63.00491077680568,472.0,1.0,0.1,0.9332392372664309,-1.3494005760635446,1.640675893848098,0.9332392372664309,-1.3494005760635446,1.640675893848098,1.640675893848098,0.0,1.0,47.300000000000004,3.0496447519616368,-12.09672583968677,12.475219803823608,163.04964475196164,-452.09672583968677,480.60028731650357,68.68568167878986,472.0
16_LTAN06_800km_1213COLD_PY_STTLCT_HEAT_PY_0p5,10587.5,24.47005958280781,-1259.5165830049475,1259.7542644025639,246.68457329132798,-431.3538899523759,496.9099084109422,271.1546328741358,-1690.8704729573233,1712.4741724323987,1.0,378.70000000000005,-15.52994041719219,-19.516583004947506,24.94145267522614,24.47005958280781,-1259.5165830049475,1259.7542644025639,1259.7542644025639,3786.0,1.0,0.1,1.7676347161298978,-2.6277898396419914,3.1669878324668863,1.7676347161298978,-2.6277898396419914,3.1669878324668863,3.1669878324668863,0.0,1.0,47.7,8.452208007457898,6.018320207982242,10.375933612313776,248.4522080074579,-433.98167979201776,500.0685933538344,3.1669878324668863,476.0,1.0,0.1,1.5161742739431112,-2.3635801130592426,2.8080768115947365,1.5161742739431112,-2.3635801130592426,2.8080768115947365,2.8080768115947365,0.0,1.0,39.300000000000004,-12.117385227692353,-10.184004085479955,15.828612193410049,187.88261477230765,-410.18400408547996,451.16603832876916,62.496675057877965,392.0,1.0,0.1,1.3895279525428315,-1.582292956680476,2.1058107539991613,1.3895279525428315,-1.582292956680476,2.1058107539991613,2.1058107539991613,0.0,1.0,39.1,24.491944913666856,-3.4294377358492056,24.73087966163271,184.49194491366686,-403.4294377358492,443.613107301724,68.17402772401627,390.0
16_LTAN06_800km_1213COLD_PY_STTLCT_HEAT_PY_0p5,10648.0,24.91747553100632,-1257.530016436703,1257.7768573265023,154.33525131551295,-547.9764545000319,569.2956740438558,179.25272684651927,-1805.5064709367348,1814.3828583505563,1.0,378.70000000000005,-15.082524468993679,-17.53001643670291,23.125397739906383,24.91747553100632,-1257.530016436703,1257.7768573265023,1257.7768573265023,3786.0,1.0,0.1,2.215050664328409,-2.810680501099341,3.5785994920920907,2.215050664328409,-2.810680501099341,3.5785994920920907,3.5785994920920907,0.0,1.0,76.7,-3.4496980201586496,9.212864998868781,9.837545319726257,156.55030197984135,-550.7871350011312,572.6032353495166,3.5785994920920907,766.0,1.0,0.1,1.9635902221416224,-2.5464707745165924,3.2156181312396717,1.9635902221416224,-2.5464707745165924,3.2156181312396717,3.2156181312396717,0.0,1.0,65.7,15.9807087446911,-6.989459294593416,17.44235056445733,95.9807087446911,-526.9894592945934,535.6586475160661,62.01376142762956,656.0,1.0,0.1,1.8369439007413426,-1.7651836181378258,2.5475941788701286,1.8369439007413426,-1.7651836181378258,2.5475941788701286,2.5475941788701286,0.0,1.0,65.7,12.590038886050309,-0.23489294496266666,12.592229899737859,92.59003888605031,-520.2348929449627,528.4101239930752,67.69095578785368,656.0
16_LTAN06_800km_1213COLD_PY_STTLCT_HEAT_PY_0p5,10708.5,25.353582861861568,-1255.639701621832,1255.89564234171,174.2132861440608,-512.663965205439,541.4560095605884,199.56686900592234,-1768.3036668272712,1779.5293741097953,1.0,378.70000000000005,-14.646417138138432,-15.639701621832046,21.427034367926215,25.353582861861568,-1255.639701621832,1255.89564234171,1255.89564234171,3786.0,1.0,0.1,2.651157995183656,-2.9186186575518605,3.9429650751225336,2.651157995183656,-2.9186186575518605,3.9429650751225336,3.9429650751225336,0.0,1.0,66.10000000000001,16.864444139244426,4.417416137009013,17.433388696785354,176.86444413924443,-515.582583862991,545.074703488909,3.9429650751225336,660.0,1.0,0.1,2.3996975529968694,-2.6544089309691117,3.5783285369942965,2.3996975529968694,-2.6544089309691117,3.5783285369942965,3.5783285369942965,0.0,1.0,56.1,-3.705149095905824,-11.784908156453184,12.353630643617631,116.29485090409418,-491.7849081564532,505.3482840945011,61.56687554116267,560.0,1.0,0.1,2.2730512315965896,-1.873121774590345,2.9453942153652806,2.2730512315965896,-1.873121774590345,2.9453942153652806,2.9453942153652806,0.0,1.0,56.1,-7.0958189545466155,-5.030341806822435,8.697987429812061,112.90418104545338,-485.03034180682243,497.997777676555,67.24896661011724,560.0
16_LTAN06_800km_1213COLD_PY_STTLCT_HEAT_PY_0p5,10769.0,25.778093608552336,-1253.8456931324747,1254.110653928491,179.58855543972467,-556.3742200138769,584.6403355405586,205.366649048277,-1810.2199131463517,1821.8319336571371,1.0,378.70000000000005,-14.221906391447664,-13.845693132474707,19.848572737750118,25.778093608552336,-1253.8456931324747,1254.110653928491,1254.110653928491,3786.0,1.0,0.1,3.0756687418744235,-2.958268964959643,4.267445779243926,3.0756687418744235,-2.958268964959643,4.267445779243926,4.267445779243926,0.0,1.0,76.7,22.66422418159908,0.6675110211633637,22.674051881328026,182.66422418159908,-559.3324889788366,588.4038171384733,4.267445779243926,766.0,1.0,0.1,2.824208299687637,-2.6940592383768944,3.903089507032657,2.824208299687637,-2.6940592383768944,3.903089507032657,3.903089507032657,0.0,1.0,65.9,2.094630946448831,-15.534813272298834,15.675391612556705,122.09463094644883,-535.5348132722988,549.2764651180182,61.15416769918004,658.0,1.0,0.1,2.697561978287357,-1.9127720819981278,3.306892448262122,2.697561978287357,-1.9127720819981278,3.306892448262122,3.306892448262122,0.0,1.0,65.9,-1.2960389121919604,-8.780246922668084,8.875384661237963,118.70396108780804,-528.7802469226681,541.9401995732866,66.84580151629419,658.0
16_LTAN06_800km_1213COLD_PY_STTLCT_HEAT_PY_0p5,10829.5,26.1898261089882,-1252.2526064253427,1252.5264457450323,137.8479173295457,-595.2484539304063,611.0014486223681,164.0377434385339,-1847.501060355749,1854.7691363854485,1.0,378.70000000000005,-13.8101738910118,-12.25260642534272,18.462049374712812,26.1898261089882,-1252.2526064253427,1252.5264457450323,1252.5264457450323,3786.0,1.0,0.1,3.4874012423102876,-3.0016424975808604,4.601285158317272,3.4874012423102876,-3.0016424975808604,4.601285158317272,4.601285158317272,0.0,1.0,87.9,21.335318571855993,1.749903572012954,21.406961042472304,141.335318571856,-598.250096427987,614.7185129406009,4.601285158317272,878.0,1.0,0.1,3.235940800123501,-2.7374327709981117,4.238496317992777,3.235940800123501,-2.7374327709981117,4.238496317992777,4.238496317992777,0.0,1.0,76.3,0.7657253367057422,-14.452420721449244,14.472691525802952,80.76572533670574,-574.4524207214492,580.1023065476444,60.75237970594636,762.0,1.0,0.1,3.1092944787232213,-1.956145614619345,3.6734476750068463,3.1092944787232213,-1.956145614619345,3.6734476750068463,3.6734476750068463,0.0,1.0,76.3,-2.624944521935049,-7.697854371818494,8.133098774327157,77.37505547806495,-567.6978543718185,572.9465534136671,66.45301013908949,762.0
16_LTAN06_800km_1213COLD_PY_STTLCT_HEAT_PY_0p5,10890.0,26.588092428199403,-1250.894472947353,1251.1770095031345,134.53144748376394,-509.1233409346152,526.5978414753531,161.11953991196333,-1760.0178138819683,1767.3772125167013,1.0,378.70000000000005,-13.411907571800597,-10.894472947353051,17.279143656880965,26.588092428199403,-1250.894472947353,1251.1770095031345,1251.1770095031345,3786.0,1.0,0.1,3.8856675615214904,-3.0599192466556815,4.945858691341094,3.8856675615214904,-3.0599192466556815,4.945858691341094,4.945858691341094,0.0,1.0,65.9,18.417115045285414,7.816739818729047,20.007287371979803,138.4171150452854,-512.183260181271,530.5572445527205,4.945858691341094,658.0,1.0,0.1,3.634207119334704,-2.7957095200729327,4.585133924636168,3.634207119334704,-2.7957095200729327,4.585133924636168,4.585133924636168,0.0,1.0,55.900000000000006,-2.152478189864837,-8.38558447473315,8.657435494459628,77.84752181013516,-488.38558447473315,494.5510244400533,60.3582800679646,558.0,1.0,0.1,3.507560797934424,-2.014422363694166,4.044858490795144,3.507560797934424,-2.014422363694166,4.044858490795144,4.044858490795144,0.0,1.0,55.900000000000006,-5.543148048505628,-1.6310181251024005,5.7781234334396405,74.45685195149437,-481.6310181251024,487.3522960064408,66.06651831168526,558.0
16_LTAN06_800km_1213COLD_PY_STTLCT_HEAT_PY_0p5,10950.5,26.97273342066236,-1249.7624287699762,1250.0534615420302,276.1371051626121,-486.9746414573101,559.8178295392736,303.10983858327444,-1736.7370702272863,1762.9892867932115,1.0,378.70000000000005,-13.027266579337638,-9.762428769976168,16.27927179016266,26.97273342066236,-1249.7624287699762,1250.0534615420302,1250.0534615420302,3786.0,1.0,0.1,4.270308553984449,-3.1326663458578423,5.296143274185762,4.270308553984449,-3.1326663458578423,5.296143274185762,5.296143274185762,0.0,1.0,56.900000000000006,0.4074137165965226,-10.107307803167942,10.115515654896223,280.4074137165965,-490.10730780316794,564.6534254118181,5.296143274185762,568.0,1.0,0.1,4.018848111797663,-2.8684566192750935,4.937528078134112,4.018848111797663,-2.8684566192750935,4.937528078134112,4.937528078134112,0.0,1.0,56.5,19.837820481446272,13.69036790336986,24.103221668144464,219.83782048144627,-466.30963209663014,515.5320943453736,59.97209407289311,564.0,1.0,0.1,3.892201790397383,-2.087169462896327,4.416504403260517,3.892201790397383,-2.087169462896327,4.416504403260517,4.416504403260517,0.0,0.0,nan,nan,nan,nan,216.44715062280548,-459.5550657469994,507.9766012981901,65.68655726324556,nan
16_LTAN06_800km_1213COLD_PY_STTLCT_HEAT_PY_0p5,11011.0,27.333652099943063,-1248.9544537184236,1249.253519506832,190.4051006444764,-492.99185092562146,528.4837437712757,217.73875274441946,-1741.946304644045,1755.5019489336205,1.0,378.70000000000005,-12.666347900056937,-8.954453718423565,15.511886104554353,27.333652099943063,-1248.9544537184236,1249.253519506832,1249.253519506832,3786.0,1.0,0.1,4.63122723326515,-3.2210893011815642,5.64124826366675,4.63122723326515,-3.2210893011815642,5.64124826366675,5.64124826366675,0.0,1.0,56.5,-4.963672122258458,-16.212940226803084,16.95575040318698,195.03632787774154,-496.2129402268031,533.1664385917054,5.64124826366675,564.0,1.0,0.1,4.379766791078364,-2.9568795745988155,5.284457773784605,4.379766791078364,-2.9568795745988155,5.284457773784605,5.284457773784605,0.0,1.0,56.1,14.466734642591291,7.584735479734718,16.334461225173534,134.4667346425913,-472.4152645202653,491.17968695498115,59.60282458959429,560.0,1.0,0.1,4.253120469678084,-2.175592418220049,4.777262406421829,4.253120469678084,-2.175592418220049,4.777262406421829,4.777262406421829,0.0,1.0,56.1,11.0760647839505,14.339301829365468,18.118906922105214,131.0760647839505,-465.66069817063453,483.7569850451869,65.32171466714571,560.0
16_LTAN06_800km_1213COLD_PY_STTLCT_HEAT_PY_0p5,11071.5,27.671336455172284,-1248.4653545807707,1248.7719745612908,330.1210175837689,-431.2447457742056,543.0947587745644,357.7923540389412,-1679.7101003549765,1717.3937783290273,1.0,378.70000000000005,-12.328663544827716,-8.465354580770736,14.955205547893348,27.671336455172284,-1248.4653545807707,1248.7719745612908,1248.7719745612908,3786.0,1.0,0.1,4.968911588494372,-3.306519032958704,5.968513256213127,4.968911588494372,-3.306519032958704,5.968513256213127,5.968513256213127,0.0,1.0,48.1,15.089929172263282,5.4487351928355565,16.04352447642248,335.0899291722633,-434.55126480716444,548.7440773057863,5.968513256213127,480.0,1.0,0.1,4.717451146307585,-3.042309306375955,5.613376099412946,4.717451146307585,-3.042309306375955,5.613376099412946,5.613376099412946,0.0,1.0,39.7,-5.479664062886968,-10.753589100626641,12.069233479687556,274.52033593711303,-410.75358910062664,494.04445731337967,59.25641991711904,396.0,1.0,0.1,4.5908048249073055,-2.2610221499971885,5.117392900996571,4.5908048249073055,-2.2610221499971885,5.117392900996571,5.117392900996571,0.0,1.0,39.7,-8.870333921527731,-3.9990227509958913,9.730108264679703,271.12966607847227,-403.9990227509959,486.545482161312,64.97929651418931,396.0
16_LTAN06_800km_1213COLD_PY_STTLCT_HEAT_PY_0p5,11132.0,27.985949571032368,-1248.3009175517684,1248.6145899091437,390.8240650299923,-415.2497738056749,570.2418999444287,418.8100146010247,-1663.5506913574434,1715.459918227744,1.0,378.70000000000005,-12.014050428967632,-8.300917551768407,14.602829859689326,27.985949571032368,-1248.3009175517684,1248.6145899091437,1248.6145899091437,3786.0,1.0,0.1,5.2835247043544555,-3.3670956821940763,6.26521880181162,5.2835247043544555,-3.3670956821940763,6.26521880181162,6.26521880181162,0.0,1.0,40.300000000000004,-3.8924102656532114,-18.616869487869053,19.01942920291017,396.1075897343468,-418.61686948786905,576.3170187188447,6.26521880181162,402.0,1.0,0.1,5.032064262167669,-3.1028859556113275,5.911816302297887,5.032064262167669,-3.1028859556113275,5.911816302297887,5.911816302297887,0.0,1.0,39.900000000000006,15.537996499196538,5.180806218668749,16.37895260034782,335.53799649919654,-394.81919378133125,518.1389223681572,58.94029159855729,398.0,1.0,0.1,4.905417940767389,-2.321598799232561,5.427056859680082,4.905417940767389,-2.321598799232561,5.427056859680082,5.427056859680082,0.0,1.0,39.900000000000006,12.147326640555775,11.935372568299499,17.02969943529457,332.1473266405558,-388.0646274317005,510.7993751544461,64.6683215446079,398.0
16_LTAN06_800km_1213COLD_PY_STTLCT_HEAT_PY_0p5,11192.5,28.27464746388592,-1248.5383186410847,1248.8584342527834,325.0052293258834,-397.15475072948675,513.1864136122183,353.27987678976933,-1645.6930693705715,1683.1851799249323,1.0,378.70000000000005,-11.72535253611408,-8.538318641084743,14.504715692244785,28.27464746388592,-1248.5383186410847,1248.8584342527834,1248.8584342527834,3786.0,1.0,0.1,5.5722225972080075,-3.3448883533699245,6.499072454538826,5.5722225972080075,-3.3448883533699245,6.499072454538826,6.499072454538826,0.0,1.0,39.900000000000006,10.577451923091417,-0.4996390828566746,10.58924588431245,330.5774519230914,-400.4996390828567,519.3085909413229,6.499072454538826,398.0,1.0,0.1,5.320762155021221,-3.0806786267871757,6.148259161083679,5.320762155021221,-3.0806786267871757,6.148259161083679,6.148259161083679,0.0,1.0,32.300000000000004,-9.992141312058834,-16.701963376318872,19.462745659953782,270.00785868794117,-376.7019633763189,463.4745008787654,58.67731493176129,322.0,1.0,0.1,5.194115833620941,-2.299391470408409,5.680320451106496,5.194115833620941,-2.299391470408409,5.680320451106496,5.680320451106496,0.0,1.0,32.300000000000004,-13.382811170699597,-9.947397026688122,16.674841601561486,266.6171888293004,-369.9473970266881,456.0107476212165,64.41586270896177,322.0
16_LTAN06_800km_1213COLD_PY_STTLCT_HEAT_PY_0p5,11253.0,28.53702855454009,-1249.1648885973002,1249.4908086508792,292.7877729062877,-370.62178356163685,472.31894564354786,321.3248014608278,-1619.786672158937,1651.3505052948526,1.0,378.70000000000005,-11.46297144545991,-9.164888597300205,14.676338009202178,28.53702855454009,-1249.1648885973002,1249.4908086508792,1249.4908086508792,3786.0,1.0,0.1,5.834603687862177,-3.2546635537216844,6.680975605578813,5.834603687862177,-3.2546635537216844,6.680975605578813,6.680975605578813,0.0,1.0,32.300000000000004,18.622376594149898,-13.876447115358587,23.223881987292426,298.6223765941499,-373.8764471153586,478.49652194173973,6.680975605578813,322.0,1.0,0.1,5.583143245675391,-2.9904538271389356,6.333585287495594,5.583143245675391,-2.9904538271389356,6.333585287495594,6.333585287495594,0.0,1.0,32.1,-1.9472166410003524,9.921228591179215,10.110510838005201,238.05278335899965,-350.0787714088208,423.34887959704844,58.46310314251619,320.0,1.0,0.1,5.456496924275111,-2.209166670760169,5.886745795753484,5.456496924275111,-2.209166670760169,5.886745795753484,5.886745795753484,0.0,1.0,25.5,-5.337886499641144,-23.324205059190035,23.927214086186407,234.66211350035886,-343.32420505919004,415.8579292161929,64.21643149125694,254.0
16_LTAN06_800km_1213COLD_PY_STTLCT_HEAT_PY_0p5,11313.5,28.769569399605547,-1250.198930084514,1250.5299088418085,401.4113720301048,-427.50707400861245,586.4242388599711,430.18094142971034,-1677.7060040931265,1731.9795260162512,1.0,378.70000000000005,-11.230430600394453,-10.198930084513904,15.170390447812439,28.769569399605547,-1250.198930084514,1250.5299088418085,1250.5299088418085,3786.0,1.0,0.1,6.067144532927635,-3.1337782465725468,6.828675485196598,6.067144532927635,-3.1337782465725468,6.828675485196598,6.828675485196598,0.0,1.0,48.5,7.478516563032429,9.35914774481489,11.980060788360968,407.47851656303243,-430.6408522551851,592.8661611961688,6.828675485196598,484.0,1.0,0.1,5.815684090740849,-2.869568519989798,6.485106393438172,5.815684090740849,-2.869568519989798,6.485106393438172,6.485106393438172,0.0,1.0,40.1,-13.091076672117822,-6.843176548647307,14.771775577472868,346.9089233278822,-406.8431765486473,534.6654761518685,58.288194111452505,400.0,1.0,0.1,5.689037769340569,-2.0882813636110313,6.060203775005315,5.689037769340569,-2.0882813636110313,6.060203775005315,6.060203775005315,0.0,1.0,39.900000000000006,23.51825346924136,-0.08861019901655709,23.518420397867985,343.51825346924136,-400.08861019901656,527.3288219674121,64.05767194005972,398.0
16_LTAN06_800km_1213COLD_PY_STTLCT_HEAT_PY_0p5,11374.0,28.96694761129908,-1251.6739725178068,1252.009112399915,295.53376154591194,-355.61065212411523,462.38419103340294,324.500709157211,-1607.284624641922,1639.7147846054986,1.0,378.70000000000005,-11.03305238870092,-11.67397251780676,16.062685932256986,28.96694761129908,-1251.6739725178068,1252.009112399915,1252.009112399915,3786.0,1.0,0.1,6.264522744621168,-3.0074784657813325,6.9490410806106455,6.264522744621168,-3.0074784657813325,6.9490410806106455,6.9490410806106455,0.0,1.0,32.300000000000004,21.798284290533104,1.3818694101034907,21.84204113807778,301.7982842905331,-358.6181305898965,468.71011082384547,6.9490410806106455,322.0,1.0,0.1,6.013062302434381,-2.7432687391985837,6.609269371755221,6.013062302434381,-2.7432687391985837,6.609269371755221,6.609269371755221,0.0,1.0,25.5,1.2286910553828534,-14.820454883358707,14.871300032587897,241.22869105538285,-334.8204548833587,412.66938146243973,58.14871436490141,254.0,1.0,0.1,5.8864159810341015,-1.961981582819817,6.204777581275401,5.8864159810341015,-1.961981582819817,6.204777581275401,6.204777581275401,0.0,1.0,25.5,-2.161978803257938,-8.065888533727957,8.350611365897755,237.83802119674206,-328.06588853372796,405.2087752581456,63.93365667384551,254.0
16_LTAN06_800km_1213COLD_PY_STTLCT_HEAT_PY_0p5,11434.5,29.129551988869256,-1253.5722189149856,1253.9106183594238,265.4907117914544,-387.0224361378022,469.33110287042797,294.6202637803236,-1640.5946550527879,1666.8389010392586,1.0,378.70000000000005,-10.870448011130744,-13.57221891498557,17.38884027872441,29.129551988869256,-1253.5722189149856,1253.9106183594238,1253.9106183594238,3786.0,1.0,0.1,6.427127122191344,-2.8760274296280386,7.041270966294398,6.427127122191344,-2.8760274296280386,7.041270966294398,7.041270966294398,0.0,1.0,39.7,-8.08216108635429,10.101536432569674,12.936860752296594,271.9178389136457,-389.8984635674303,475.35263017228607,7.041270966294398,396.0,1.0,0.1,6.175666680004557,-2.61181770304529,6.7052554504999495,6.175666680004557,-2.61181770304529,6.7052554504999495,6.7052554504999495,0.0,1.0,31.900000000000002,11.34824567849546,-6.100787860892524,12.884187692792452,211.34824567849546,-366.1007878608925,422.72670583220065,58.04413840704009,318.0,1.0,0.1,6.0490203586042774,-1.8305305466665232,6.319927956953961,6.0490203586042774,-1.8305305466665232,6.319927956953961,6.319927956953961,0.0,1.0,31.900000000000002,7.957575819854668,0.6537784887382259,7.984387217631203,207.95757581985467,-359.3462215112618,415.1819604165039,63.84382970014342,318.0
16_LTAN06_800km_1213COLD_PY_STTLCT_HEAT_PY_0p5,11495.0,29.249724793817084,-1255.8900367630563,1256.2306041651846,281.43549275994803,-325.68623833834965,430.4386860262668,310.68521755376514,-1581.5762751014058,1611.8029713243702,1.0,378.70000000000005,-10.750275206182916,-15.890036763056287,19.184933811195478,29.249724793817084,-1255.8900367630563,1256.2306041651846,1256.2306041651846,3786.0,1.0,0.1,6.547299927139171,-2.756643517043358,7.103958038725579,6.547299927139171,-2.756643517043358,7.103958038725579,7.103958038725579,0.0,1.0,25.700000000000003,7.982792687087226,-8.442881855392898,11.61926129791115,287.9827926870872,-328.4428818553929,436.81668411969963,7.103958038725579,256.0,1.0,0.1,6.295839484952385,-2.492433790460609,6.771249590741384,6.295839484952385,-2.492433790460609,6.771249590741384,6.771249590741384,0.0,1.0,25.5,-12.586800548063025,15.354793851144905,19.85440108005973,227.41319945193698,-304.6452061488551,380.1650495698479,57.97528102438246,254.0,1.0,0.1,6.169193163552105,-1.7111466340818424,6.402106457451926,6.169193163552105,-1.7111466340818424,6.402106457451926,6.402106457451926,0.0,1.0,19.700000000000003,-15.977470406703816,-17.890639799224346,23.986549418844852,224.02252959329618,-297.89063979922435,372.7263433745601,63.787488096989236,196.0
16_LTAN06_800km_1213COLD_PY_STTLCT_HEAT_PY_0p5,11555.5,29.324004964208907,-1258.6192006005265,1258.9607576836736,266.3592746412997,-429.1129703723465,505.05960492719834,295.6832796055086,-1687.732170972873,1713.437621501021,1.0,378.70000000000005,-10.675995035791093,-18.619200600526483,21.462793411084256,29.324004964208907,-1258.6192006005265,1258.9607576836736,1258.9607576836736,3786.0,1.0,0.1,6.621580097530995,-2.6543593079613856,7.133789057981727,6.621580097530995,-2.6543593079613856,7.133789057981727,7.133789057981727,0.0,1.0,47.900000000000006,-7.019145261169342,8.232670319692033,10.818745804858073,272.98085473883066,-431.76732968030797,510.82440626227555,7.133789057981727,478.0,1.0,0.1,6.370119655344208,-2.390149581378637,6.803766563071302,6.370119655344208,-2.390149581378637,6.803766563071302,6.803766563071302,0.0,1.0,39.300000000000004,12.411261503680407,-7.969653973770164,14.749738864616207,212.4112615036804,-407.96965397377016,459.9541092077151,57.94331669681198,392.0,1.0,0.1,6.243473333943928,-1.6088624249998702,6.447433409834131,6.243473333943928,-1.6088624249998702,6.447433409834131,6.447433409834131,0.0,1.0,39.300000000000004,9.020591645039616,-1.2150876241394144,9.102060841419117,209.02059164503962,-401.2150876241394,452.3971200934951,63.76532309632184,392.0
16_LTAN06_800km_1213COLD_PY_STTLCT_HEAT_PY_0p5,11616.0,29.354357782190803,-1261.743401376531,1262.084818559364,185.18214662713336,-322.06146626039657,371.50506790517636,214.53650440932415,-1583.8048676369276,1598.268991901738,1.0,378.70000000000005,-10.645642217809197,-21.743401376530983,24.209609696369146,29.354357782190803,-1261.743401376531,1262.084818559364,1262.084818559364,3786.0,1.0,0.1,6.651932915512891,-2.5721875111466943,7.131925413588034,6.651932915512891,-2.5721875111466943,7.131925413588034,7.131925413588034,0.0,1.0,25.3,-8.165920457353764,-4.633653771543322,9.38898312866555,191.83407954264624,-324.6336537715433,377.0773438368269,7.131925413588034,252.0,1.0,0.1,6.400472473326104,-2.3079777845639455,6.8038819313569725,6.400472473326104,-2.3079777845639455,6.8038819313569725,6.8038819313569725,0.0,1.0,19.1,11.264486307495986,-20.83597806500552,23.686000795768706,131.26448630749599,-300.8359780650055,328.2265240103232,57.9451071573475,190.0,1.0,0.1,6.2738261519258245,-1.5266906281851789,6.456909389079024,6.2738261519258245,-1.5266906281851789,6.456909389079024,6.456909389079024,0.0,1.0,19.1,7.8738164488551945,-14.08141171537477,16.133292948687085,127.8738164488552,-294.08141171537477,320.6798865686828,63.77403986078462,190.0
16_LTAN06_800km_1213COLD_PY_STTLCT_HEAT_PY_0p5,11676.5,29.33580628372213,-1265.2387176107095,1265.5787617021347,262.9883745026832,-338.6990662610695,428.81224633828253,292.32418078640535,-1603.937783871779,1630.3588075034147,1.0,403.70000000000005,-10.664193716277872,14.7612823892905,18.210449895449543,29.33580628372213,-1265.2387176107095,1265.5787617021347,1265.5787617021347,4036.0,1.0,0.1,6.633381417044216,-2.4818290199136754,7.082458916793884,6.633381417044216,-2.4818290199136754,7.082458916793884,7.082458916793884,0.0,1.0,25.700000000000003,-10.378244080272566,-21.180895280983123,23.586824184143268,269.62175591972743,-341.1808952809831,434.8566368011074,7.082458916793884,256.0,1.0,0.1,6.3819209748574295,-2.2176192933309267,6.756237907258652,6.3819209748574295,-2.2176192933309267,6.756237907258652,6.756237907258652,0.0,1.0,25.3,9.052162684577183,2.61678042555468,9.422801550686385,209.05216268457718,-317.3832195744453,380.0459377371892,57.995519354992126,252.0,1.0,0.1,6.25527465345715,-1.43633213695216,6.418061311472883,6.25527465345715,-1.43633213695216,6.418061311472883,6.418061311472883,0.0,1.0,25.3,5.661492825936392,9.37134677518543,10.94872784385965,205.6614928259364,-310.62865322481457,372.54101765531107,63.830395978762965,252.0
16_LTAN06_800km_1213COLD_PY_STTLCT_HEAT_PY_0p5,11737.0,29.267488686802903,-1269.0871795185758,1269.424615765917,144.48662687400818,-242.75165933149765,282.49735123293516,173.75411556081107,-1511.8388388500734,1521.7907764636564,1.0,403.70000000000005,-10.732511313197097,10.912820481424205,15.306091922750735,29.267488686802903,-1269.0871795185758,1269.424615765917,1269.424615765917,4036.0,1.0,0.1,6.5650638201249905,-2.37826237919262,6.982563634267652,6.5650638201249905,-2.37826237919262,6.982563634267652,6.982563634267652,0.0,1.0,14.3,-8.948309305866843,-5.129921710690269,10.314472172209031,151.05169069413316,-245.12992171069027,287.93279038596006,6.982563634267652,142.0,1.0,0.1,6.313603377938204,-2.114052652609871,6.658138345808048,6.313603377938204,-2.114052652609871,6.658138345808048,6.658138345808048,0.0,1.0,9.700000000000001,10.482097458982906,-21.332246004152466,23.76844729302473,90.4820974589829,-221.33224600415247,239.11288773677498,58.09716399813317,96.0,1.0,0.1,6.186957056537924,-1.3327654962311044,6.328878375145833,6.186957056537924,-1.3327654962311044,6.328878375145833,6.328878375145833,0.0,1.0,9.700000000000001,7.091427600342115,-14.577679654521717,16.21101753502075,87.09142760034212,-214.57767965452172,231.57827481735885,63.93732892843185,96.0
16_LTAN06_800km_1213COLD_PY_STTLCT_HEAT_PY_0p5,11797.5,29.14958484076981,-1273.2702716111678,1273.6038955912338,174.03374984065138,-228.31048260442014,287.0773807715642,203.1833346814212,-1501.580754215588,1515.265068865153,1.0,403.70000000000005,-10.850415159230192,6.7297283888322,12.767958071481376,29.14958484076981,-1273.2702716111678,1273.6038955912338,1273.6038955912338,4036.0,1.0,0.1,6.447159974091896,-2.2674640844231817,6.834271366113704,6.447159974091896,-2.2674640844231817,6.834271366113704,6.834271366113704,0.0,1.0,14.3,20.480909814743285,9.42205331115656,22.544239961416398,180.48090981474328,-230.57794668884344,292.8131627963481,6.834271366113704,142.0,1.0,0.1,6.19569953190511,-2.003254357840433,6.511506792736676,6.19569953190511,-2.003254357840433,6.511506792736676,6.511506792736676,0.0,1.0,9.9,-0.08868342040696575,-6.7802709823056375,6.780850930565495,119.91131657959303,-206.78027098230564,239.03306112621144,58.24764196592645,98.0,1.0,0.1,6.06905321050483,-1.2219672014616663,6.190848949327308,6.06905321050483,-1.2219672014616663,6.190848949327308,6.190848949327308,0.0,1.0,9.9,-3.479353279047757,-0.025704632674887762,3.4794482276018033,116.52064672095224,-200.0257046326749,231.48940283751017,64.09200960625343,98.0
16_LTAN06_800km_1213COLD_PY_STTLCT_HEAT_PY_0p5,11858.0,28.97441413552185,-1277.716956937641,1278.0454368763585,79.42414093055294,-159.27286000916553,177.9776337016974,108.39855506607479,-1436.9898169468065,1441.0725105799602,1.0,403.70000000000005,-11.025585864478149,2.2830430623589564,11.25947730934104,28.97441413552185,-1277.716956937641,1278.0454368763585,1278.0454368763585,4036.0,1.0,0.1,6.271989268843939,-2.136544202697678,6.625909033376068,6.271989268843939,-2.136544202697678,6.625909033376068,6.625909033376068,0.0,1.0,6.300000000000001,5.696130199396876,-1.4094042118631478,5.8679058854840775,85.69613019939688,-161.40940421186315,182.74797536273994,6.625909033376068,62.0,1.0,0.1,6.020528826657152,-1.8723344761149292,6.304950732801828,6.020528826657152,-1.8723344761149292,6.304950732801828,6.304950732801828,0.0,1.0,3.5,-14.873463035753375,-17.611728505325345,23.051960515782845,25.126536964246625,-137.61172850532535,139.8868495679241,58.45882666038122,34.0,1.0,0.1,5.893882505256872,-1.0910473197361625,5.99401661990326,5.893882505256872,-1.0910473197361625,5.99401661990326,5.99401661990326,0.0,1.0,3.3000000000000003,21.735867105605834,-10.857162155694596,24.296622993897827,21.735867105605834,-130.8571621556946,132.6500840794091,64.30698890013298,32.0
16_LTAN06_800km_1213COLD_PY_STTLCT_HEAT_PY_0p5,11918.5,28.74309237311821,-1282.4175894031118,1282.7396614160093,111.99215518157443,-185.43850871581023,216.63259989428525,140.73524755469265,-1467.856098118922,1474.5873777735883,1.0,403.70000000000005,-11.256907626881791,-2.4175894031118332,11.513587965625142,28.74309237311821,-1282.4175894031118,1282.7396614160093,1282.7396614160093,4036.0,1.0,0.1,6.040667506440297,-2.004922886962504,6.364697927319858,6.040667506440297,-2.004922886962504,6.364697927319858,6.364697927319858,0.0,1.0,9.9,-1.9671773119852674,12.556568397227238,12.709728419247808,118.03282268801473,-187.44343160277276,221.51024193640274,6.364697927319858,98.0,1.0,0.1,5.78920706425351,-1.7407131603797552,6.045246127290602,5.78920706425351,-1.7407131603797552,6.045246127290602,6.045246127290602,0.0,1.0,6.1000000000000005,17.463229452864482,-3.6457558962349594,17.839728668853837,57.46322945286448,-163.64575589623496,173.4415064567956,58.72246432654435,60.0,1.0,0.1,5.6625607428532305,-0.9594260040009885,5.743264961992946,5.6625607428532305,-0.9594260040009885,5.743264961992946,5.743264961992946,0.0,1.0,6.1000000000000005,14.07255959422369,3.1088104533957903,14.411857478067155,54.07255959422369,-156.8911895466042,165.94784439220464,64.57266437704719,60.0
16_LTAN06_800km_1213COLD_PY_STTLCT_HEAT_PY_0p5,11979.0,28.45739040351272,-1287.3314909821718,1287.6459881283208,87.73710311574283,-231.73217900245675,247.78539514743224,116.19449351925554,-1519.0636699846286,1523.5010974040567,1.0,403.70000000000005,-11.542609596487281,-7.331490982171772,13.674157974756115,28.45739040351272,-1287.3314909821718,1287.6459881283208,1287.6459881283208,4036.0,1.0,0.1,5.754965536834806,-1.8661313592542683,6.049964841232428,5.754965536834806,-1.8661313592542683,6.049964841232428,6.049964841232428,0.0,1.0,13.9,13.492068652577629,6.401689638288872,14.933772020184419,93.49206865257763,-233.59831036171113,251.6126735774345,6.049964841232428,138.0,1.0,0.1,5.50350509464802,-1.6019216326715195,5.731903806244283,5.50350509464802,-1.6019216326715195,5.731903806244283,5.731903806244283,0.0,1.0,9.5,-7.077524582572622,-9.800634655173326,12.088994741545061,32.92247541742738,-209.80063465517333,212.3680665479738,59.03927546271038,94.0,1.0,0.1,5.37685877324774,-0.8206344762927529,5.439122283156674,5.37685877324774,-0.8206344762927529,5.439122283156674,5.439122283156674,0.0,1.0,9.5,-10.468194441213413,-3.046068305542576,10.902367952930337,29.531805558786587,-203.04606830554258,205.182439292209,64.89028903163737,94.0
16_LTAN06_800km_1213COLD_PY_STTLCT_HEAT_PY_0p5,12039.5,28.120171850164287,-1292.368818231998,1292.6747102048735,162.1810571380919,-105.05886512873744,193.23576386519983,190.30122898825618,-1397.4276833607353,1410.3257382524762,1.0,403.70000000000005,-11.879828149835713,-12.36881823199792,17.149868259722382,28.120171850164287,-1292.368818231998,1292.6747102048735,1292.6747102048735,4036.0,1.0,0.1,5.417746983486374,-1.7346296754844843,5.6886661431434975,5.417746983486374,-1.7346296754844843,5.6886661431434975,5.6886661431434975,0.0,1.0,6.800000000000001,7.598804121578269,13.206505195778163,15.236587661423096,167.59880412157827,-106.79349480422184,198.7315014673882,5.6886661431434975,67.0,1.0,0.1,5.166286541299588,-1.4704199489017356,5.371466415509031,5.166286541299588,-1.4704199489017356,5.371466415509031,5.371466415509031,0.0,1.0,4.0,-12.970789113571982,-2.995819097684034,13.312261351656442,107.02921088642802,-82.99581909768403,135.43839179002006,59.401213330499814,39.0,1.0,0.1,5.039640219899308,-0.6891327925229689,5.086538857785051,5.039640219899308,-0.6891327925229689,5.086538857785051,5.086538857785051,0.0,1.0,1.9000000000000001,23.638541027787227,3.7587472519467156,23.93551342307904,103.63854102778723,-76.24125274805328,128.6610889389674,65.2509078545934,18.0
16_LTAN06_800km_1213COLD_PY_STTLCT_HEAT_PY_0p5,12100.0,27.733421725161264,-1297.522682639238,1297.8190377105393,66.81983245954288,-115.28740363813864,133.25192474236343,94.55325418470414,-1412.8100862773765,1415.9705709385366,1.0,403.70000000000005,-12.266578274838736,-17.522682639237928,21.38956169369059,27.733421725161264,-1297.522682639238,1297.8190377105393,1297.8190377105393,4036.0,1.0,0.1,5.030996858483352,-1.617338823493128,5.284573233483239,5.030996858483352,-1.617338823493128,5.284573233483239,5.284573233483239,0.0,1.0,3.7,-8.149170681973771,3.095257538368287,8.717201502361098,71.85082931802623,-116.90474246163171,137.21975252750084,5.284573233483239,36.0,1.0,0.1,4.7795364162965654,-1.3531290969103793,4.967386305453856,4.7795364162965654,-1.3531290969103793,4.967386305453856,4.967386305453856,0.0,1.0,1.5,11.281236082875978,-13.10706675509391,17.293394301873505,11.281236082875978,-93.10706675509391,93.78801718394038,59.80387137749253,14.0,1.0,0.1,4.652890094896286,-0.5718419405316126,4.68789819003516,4.652890094896286,-0.5718419405316126,4.68789819003516,4.68789819003516,0.0,1.0,1.5,7.890566224235187,-6.352500405463161,10.129920865458464,7.890566224235187,-86.35250040546316,86.7122561211191,65.64972996224787,14.0
16_LTAN06_800km_1213COLD_PY_STTLCT_HEAT_PY_0p5,12160.5,27.31375914594071,-1302.7632800461731,1303.0495789782315,155.96826356310916,28.959501634861894,158.63401896765728,183.28202270904987,-1273.8037784113112,1286.9220511527703,1.0,429.5,-12.686240854059289,17.236719953826878,21.40199107031532,27.31375914594071,-1302.7632800461731,1303.0495789782315,1303.0495789782315,4294.0,1.0,0.1,4.611334279262799,-1.5239290527565572,4.856620593884152,4.611334279262799,-1.5239290527565572,4.856620593884152,4.856620593884152,0.0,1.0,7.6000000000000005,0.5795978423719532,-12.564427417894649,12.577788756312653,160.57959784237195,27.43557258210535,162.90646974913514,4.856620593884152,75.0,1.0,0.1,2.584889189961171,-1.3829504000557336,2.9315872720068272,2.584889189961171,-1.3829504000557336,2.9315872720068272,2.9315872720068272,0.0,1.0,1.6,12.554234165868792,-6.898765693144696,14.324865220321534,52.55423416586879,73.1012343068553,90.03187205621535,112.44089131387666,15.0,1.0,0.1,4.615873784791354,4.178556893357381,6.226285289652936,4.615873784791354,4.178556893357381,6.226285289652936,6.226285289652936,0.0,1.0,1.6,10.344508709599552,-4.316801134319348,11.209087049186557,50.34450870959955,75.68319886568065,90.89838363663631,115.49667299221876,15.0
16_LTAN06_800km_1213COLD_PY_STTLCT_HEAT_PY_0p5,12221.0,26.877211924950032,-1308.062430656211,1308.3385292098883,67.73918366754923,2.826133055732294,67.79811230406546,94.61639559249926,-1305.2362976004788,1308.66116886256,1.0,429.5,-13.122788075049968,11.937569343788937,17.74015582514548,26.877211924950032,-1308.062430656211,1308.3385292098883,1308.3385292098883,4294.0,1.0,0.1,4.17478705827212,-1.4456449537917706,4.418001393655279,4.17478705827212,-1.4456449537917706,4.418001393655279,4.418001393655279,0.0,1.0,2.2,-8.086029274178657,1.3804881019405002,8.203024858091892,71.91397072582134,1.3804881019405002,71.92721969431244,4.418001393655279,21.0,1.0,0.1,2.1483419689704917,-1.304666301090947,2.513469190748584,2.1483419689704917,-1.304666301090947,2.513469190748584,2.513469190748584,0.0,1.0,0.2,3.888607049318182,7.046149826690453,8.04794956272571,-36.11139295068182,47.04614982669045,59.307444004559486,112.87316841111044,1.0,1.0,0.1,4.179326563800675,4.256840992322168,5.965523091968074,4.179326563800675,4.256840992322168,5.965523091968074,5.965523091968074,0.0,1.0,0.2,1.678881593048942,9.6281143855158,9.773393986945111,-38.32111840695106,49.6281143855158,62.701338529742756,115.92762023145156,1.0
16_LTAN06_800km_1213COLD_PY_STTLCT_HEAT_PY_0p5,12281.5,26.42448423194188,-1313.4166129122366,1313.6824016636501,25.644702003569677,-4.656866490234079,26.064096883639678,52.06918623551155,-1318.0734794024706,1319.1015492597087,1.0,429.5,-13.575515768058121,6.583387087763413,15.087598016785996,26.42448423194188,-1313.4166129122366,1313.6824016636501,1313.6824016636501,4294.0,1.0,0.1,3.7220593652639664,-1.380469640942465,3.969813893385056,3.7220593652639664,-1.380469640942465,3.969813893385056,3.969813893385056,0.0,1.0,0.8,-10.63323863116636,-6.037336131176517,12.227640465279395,29.36676136883364,-6.037336131176517,29.980928952499607,3.969813893385056,7.0,1.0,0.1,1.6956142759623383,-1.2394909882416414,2.100344181980545,1.6956142759623383,-1.2394909882416414,2.100344181980545,2.100344181980545,0.0,1.0,2.5,1.3413976923304745,-0.371674406426564,1.3919373669034325,-78.65860230766953,39.628325593573436,88.07712476203103,113.31530138574708,24.0,1.0,0.1,3.7265988707925217,4.3220163051714735,5.706782288291728,3.7265988707925217,4.3220163051714735,5.706782288291728,5.706782288291728,0.0,1.0,2.5,-0.8683277639387654,2.210290152398784,2.3747369672066703,-80.86832776393877,42.210290152398784,91.2216807019336,116.36819102323119,24.0
16_LTAN06_800km_1213COLD_PY_STTLCT_HEAT_PY_0p5,12342.0,25.96783332685026,-1318.8182980088586,1319.0739295167173,57.78078530749305,-39.87324721335484,70.20324062383384,83.7486186343433,-1358.6915452222136,1361.2701958764421,1.0,429.5,-14.032166673149739,1.1817019911413809,14.081836568392694,25.96783332685026,-1318.8182980088586,1319.0739295167173,1319.0739295167173,4294.0,1.0,0.1,3.265408460172349,-1.3375096093604952,3.5287142654084103,3.265408460172349,-1.3375096093604952,3.5287142654084103,3.5287142654084103,0.0,1.0,0.7000000000000001,21.046193767665386,-1.2107568227154388,21.08099153716137,61.046193767665386,-41.21075682271544,73.65435663570985,3.5287142654084103,6.0,1.0,0.1,1.2389633708707208,-1.1965309566596716,1.7224159092984042,1.2389633708707208,-1.1965309566596716,1.7224159092984042,1.7224159092984042,0.0,1.0,0.9,-6.979169908837775,4.454904902034514,8.279794097838293,-46.979169908837775,4.454904902034514,47.189920353923256,113.75250892570565,8.0,1.0,0.1,3.2699479657009043,4.364976336753443,5.4539506890701706,3.2699479657009043,4.364976336753443,5.4539506890701706,5.4539506890701706,0.0,1.0,0.9,-9.188895365107015,7.036869460859862,11.573820883358588,-49.188895365107015,7.036869460859862,49.68968664671401,116.80356000390772,8.0
16_LTAN06_800km_1213COLD_PY_STTLCT_HEAT_PY_0p5,12402.5,25.51228769865445,-1324.2645737380972,1324.510301236409,-7.261500988859439,46.885294874010924,47.44428597875788,18.250786709795012,-1277.3792788640862,1277.509652913378,1.0,429.5,-14.48771230134555,-4.2645737380971696,15.10233084309264,25.51228769865445,-1324.2645737380972,1324.510301236409,1324.510301236409,4294.0,1.0,0.1,2.809862831976538,-1.3246664986399992,3.1064562554689816,2.809862831976538,-1.3246664986399992,3.1064562554689816,3.1064562554689816,0.0,1.0,0.4,-4.4516381568829,5.560628375370925,7.123037990127251,-4.4516381568829,45.560628375370925,45.77759211927239,3.1064562554689816,3.0,1.0,0.1,0.78341774267491,-1.1836878459391755,1.419457740181784,0.78341774267491,-1.1836878459391755,1.419457740181784,1.419457740181784,0.0,1.0,4.9,7.522998166613931,11.226290100120877,13.513885112244687,-112.47700183338607,91.22629010012088,144.82165565570276,114.17716705018779,48.0,1.0,0.1,2.8144023375050935,4.377819447473939,5.204436917864906,2.8144023375050935,4.377819447473939,5.204436917864906,5.204436917864906,0.0,1.0,4.9,5.313272710344691,13.808254658946225,14.795227731292403,-114.68672728965531,93.80825465894623,148.16556299818618,117.22603550728762,48.0
16_LTAN06_800km_1213COLD_PY_STTLCT_HEAT_PY_0p5,12463.0,25.058244834700773,-1329.754186814788,1329.9902680041137,36.54733792851066,79.78403696914341,87.75648389010578,61.60558276321143,-1249.9701498456445,1251.4873644319139,1.0,429.5,-14.941755165299227,-9.754186814788,17.84377224236877,25.058244834700773,-1329.754186814788,1329.9902680041137,1329.9902680041137,4294.0,1.0,0.1,2.3558199680228604,-1.3323474634958075,2.706480645639082,2.3558199680228604,-1.3323474634958075,2.706480645639082,2.706480645639082,0.0,1.0,1.6,-1.0968421034664857,-1.5483104943523358,1.897453026258716,38.903157896533514,78.45168950564766,87.56782103383163,2.706480645639082,15.0,1.0,0.1,0.3293748787212323,-1.1913688107949838,1.2360612663083008,0.3293748787212323,-1.1913688107949838,1.2360612663083008,1.2360612663083008,0.0,1.0,2.8000000000000003,10.877794220030353,4.117351230397617,11.63094958495576,-69.12220577996965,124.11735123039762,142.06687231138142,114.59273633588452,27.0,1.0,0.1,2.3603594735514157,4.370138482618131,4.966830699917586,2.3603594735514157,4.370138482618131,4.966830699917586,4.966830699917586,0.0,1.0,2.8000000000000003,8.668068763761113,6.699315789222965,10.955192747597973,-71.33193123623889,126.69931578922296,145.39931580082748,117.63919458363476,27.0
16_LTAN06_800km_1213COLD_PY_STTLCT_HEAT_PY_0p5,12523.5,24.6107142102575,-1335.2931999151574,1335.5199800053908,58.81761168754198,142.77292047170388,154.4137891013816,83.42832589779948,-1192.5202794434535,1195.4350264426762,1.0,429.5,-15.389285789742502,-15.293199915157402,21.695900091108015,24.6107142102575,-1335.2931999151574,1335.5199800053908,1335.5199800053908,4294.0,1.0,0.1,1.908289343579586,-1.321383656415037,2.321125370646786,1.908289343579586,-1.321383656415037,2.321125370646786,2.321125370646786,0.0,0.0,nan,nan,nan,nan,60.725901031121566,141.45153681528882,153.9356109659119,2.321125370646786,nan,1.0,0.1,-0.11815574572204213,-1.1804050037142133,1.1863038198710665,-0.11815574572204213,-1.1804050037142133,1.1863038198710665,1.1863038198710665,0.0,1.0,9.0,-7.299462645381595,-12.882801459961229,14.807049954940398,-47.299462645381595,187.11719854003877,193.0028112645361,115.00977550791514,89.0,1.0,0.1,1.9128288491081413,4.381102289698902,4.7804781642410346,1.9128288491081413,4.381102289698902,4.7804781642410346,4.7804781642410346,0.0,1.0,9.0,-9.509188101650835,-10.300836901135881,14.018983530070233,-49.509188101650835,189.69916309886412,196.0533911639737,118.05408844962118,89.0
16_LTAN06_800km_1213COLD_PY_STTLCT_HEAT_PY_0p5,12584.0,24.169964148955405,-1340.87965398707,1341.0974735802936,83.77979921049544,63.01331715597007,104.83192688656355,107.94976335945084,-1277.8663368311,1282.41784384634,1.0,456.1,-15.830035851044595,19.120346012929986,24.822926231601397,24.169964148955405,-1340.87965398707,1341.0974735802936,1341.0974735802936,4560.0,1.0,0.1,1.4675392822774924,-1.3045122402136258,1.9635232949712387,1.4675392822774924,-1.3045122402136258,1.9635232949712387,1.9635232949712387,0.0,1.0,1.8,5.247338492772926,-18.291195084243554,19.028987857150785,85.24733849277293,61.708804915756446,105.23823128612668,1.9635232949712387,17.0,1.0,0.1,-0.5589058070241357,-1.1635335875128021,1.2908083166743667,-0.5589058070241357,-1.1635335875128021,1.2908083166743667,1.2908083166743667,0.0,1.0,3.0,17.221974816269764,-12.625533359493602,21.35416842642007,-22.778025183730236,107.3744666405064,109.76390352754348,115.42305455679127,29.0,1.0,0.1,1.4720787878060477,4.397973705900313,4.637799982243634,1.4720787878060477,4.397973705900313,4.637799982243634,4.637799982243634,0.0,1.0,3.0,15.012249360000524,-10.043568800668254,18.062140103005316,-24.987750639999476,109.95643119933175,112.75994166431698,118.46533609696955,29.0
16_LTAN06_800km_1213COLD_PY_STTLCT_HEAT_PY_0p5,12644.5,23.73590371742235,-1346.5066350564623,1346.715824283787,-61.72279162377484,150.06081480110623,162.25890158818353,-37.98688790635249,-1196.445820255356,1197.0487059678574,1.0,456.1,-16.26409628257765,13.4933649435377,21.132716942893268,23.73590371742235,-1346.5066350564623,1346.715824283787,1346.715824283787,4560.0,1.0,0.1,1.0334788507444372,-1.293482154915182,1.6556493046596752,1.0334788507444372,-1.293482154915182,1.6556493046596752,1.6556493046596752,0.0,1.0,5.4,19.31068722696959,-11.232667353808893,22.33999680078694,-60.68931277303041,148.7673326461911,160.67019620180088,1.6556493046596752,53.0,1.0,0.1,-0.9929662385571909,-1.1525035022143584,1.5212646954198266,-0.9929662385571909,-1.1525035022143584,1.5212646954198266,1.5212646954198266,0.0,1.0,8.4,-8.714676449533556,-5.56700562905894,10.341041402780897,-168.71467644953356,194.43299437094106,257.427332172637,115.82812153508354,83.0,1.0,0.1,1.0380183562729925,4.4090037911987565,4.52954705668952,1.0380183562729925,4.4090037911987565,4.52954705668952,4.52954705668952,0.0,1.0,8.4,-10.924401905802824,-2.985041070233592,11.324885305842603,-170.92440190580282,197.0149589297664,260.8256989043717,118.86834456255754,83.0
16_LTAN06_800km_1213COLD_PY_STTLCT_HEAT_PY_0p5,12705.0,23.30805086916152,-1352.1499996983416,1352.3508741889232,-83.51976129482163,145.88980491658393,168.10528161049226,-60.211710425660115,-1206.2601947817577,1207.762024401872,1.0,455.90000000000003,23.30805086916152,7.850000301658383,24.594465638746,23.30805086916152,-1352.1499996983416,1352.3508741889232,1352.3508741889232,4558.0,1.0,0.1,0.6056260024836071,-1.3059558946704328,1.439549809387895,0.6056260024836071,-1.3059558946704328,1.439549809387895,1.439549809387895,0.0,1.0,2.8000000000000003,-2.914135292338031,24.583849021913466,24.755965285851524,-82.91413529233803,144.58384902191347,166.67106296315387,1.439549809387895,27.0,1.0,0.1,-1.420819086818021,-1.1649772419696092,1.837361927267873,-1.420819086818021,-1.1649772419696092,1.837361927267873,1.837361927267873,0.0,1.0,8.200000000000001,9.060501031158822,-9.750489253336582,13.310323798280125,-190.93949896884118,190.24951074666342,269.54177525166097,116.21868844246336,81.0,1.0,0.1,0.6101655080121624,4.396530051443506,4.43866854365288,0.6101655080121624,4.396530051443506,4.43866854365288,4.43866854365288,0.0,1.0,8.200000000000001,6.850775574889553,-7.168524694511234,9.915688189597365,-193.14922442511045,192.83147530548877,272.9296626688148,119.25661241682131,81.0
16_LTAN06_800km_1213COLD_PY_STTLCT_HEAT_PY_0p5,12765.5,22.88654558091653,-1357.8078070533809,1358.0006755755826,-23.293238047176622,81.07391543106982,84.3537474096243,-0.40669246626009325,-1276.7338916223111,1276.7339563964817,1.0,455.90000000000003,22.88654558091653,2.192192946619116,22.991295712564277,22.88654558091653,-1357.8078070533809,1358.0006755755826,1358.0006755755826,4558.0,1.0,0.1,0.18412071423861676,-1.3364083653248144,1.349032155406935,0.18412071423861676,-1.3364083653248144,1.349032155406935,1.349032155406935,0.0,1.0,1.2000000000000002,16.890882667061994,-0.2624929342550786,16.892922180990155,-23.109117332938006,79.73750706574492,83.01868065060548,1.349032155406935,11.0,1.0,0.1,-1.8423243750630114,-1.1954297126239908,2.1961810719463895,-1.8423243750630114,-1.1954297126239908,2.1961810719463895,2.1961810719463895,0.0,1.0,2.6,-11.134481009441174,5.403168790494874,12.3762231851314,-131.13448100944117,125.40316879049487,181.44477631586102,116.5968112216208,25.0,1.0,0.1,0.18866021976717207,4.366077580789124,4.3701517273422,0.18866021976717207,4.366077580789124,4.3701517273422,4.3701517273422,0.0,1.0,2.6,-13.344206465710414,7.985133349320222,15.550890675647283,-133.3442064657104,127.98513334932022,184.826599158274,119.632261603761,25.0
16_LTAN06_800km_1213COLD_PY_STTLCT_HEAT_PY_0p5,12826.0,22.470980345166755,-1363.4682246072302,1363.6533813514582,-67.21648164972999,176.2841781703908,188.6641642670345,-44.745501304563234,-1187.1840464368395,1188.026986225963,1.0,455.90000000000003,22.470980345166755,-3.4682246072302405,22.737052130807722,22.470980345166755,-1363.4682246072302,1363.6533813514582,1363.6533813514582,4558.0,1.0,0.1,-0.23144452151115757,-1.3786491729977115,1.3979413824423406,-0.23144452151115757,-1.3786491729977115,1.3979413824423406,1.3979413824423406,0.0,1.0,5.4,12.55207382875885,14.905528997393048,19.486645480809102,-67.44792617124115,174.90552899739305,187.45977386804643,1.3979413824423406,53.0,1.0,0.1,-2.2578896108127857,-1.2376705202968878,2.574858017722197,-2.2578896108127857,-1.2376705202968878,2.574858017722197,2.574858017722197,0.0,1.0,12.600000000000001,-15.473289847744297,-19.428809277857,24.837498438201237,-175.4732898477443,220.571190722143,281.855504871866,116.96527690721176,125.0,1.0,0.1,-0.22690501598260227,4.323836773116227,4.329786406606013,-0.22690501598260227,4.323836773116227,4.329786406606013,4.329786406606013,0.0,1.0,12.600000000000001,-17.683015304013566,-16.84684471903165,24.42345608690839,-177.68301530401357,223.15315528096835,285.2517916497253,119.99815028984743,125.0
16_LTAN06_800km_1213COLD_PY_STTLCT_HEAT_PY_0p5,12886.5,22.060743912944627,-1369.114932403711,1369.2926548232158,55.04793589410551,319.45776530308103,324.16591285735143,77.10867980705014,-1049.65716710063,1052.4855899000738,1.0,455.90000000000003,22.060743912944627,-9.114932403711009,23.86961278941794,22.060743912944627,-1369.114932403711,1369.2926548232158,1369.2926548232158,4558.0,1.0,0.1,-0.6416809537332853,-1.4314475563073756,1.568692625354762,-0.6416809537332853,-1.4314475563073756,1.568692625354762,1.568692625354762,0.0,1.0,24.400000000000002,14.406254940372222,-1.9736822532263432,14.540825390730047,54.40625494037222,318.02631774677366,322.6465238557648,1.568692625354762,243.0,1.0,0.1,-2.6681260430349134,-1.290468903606552,2.9638162177666554,-2.6681260430349134,-1.290468903606552,2.9638162177666554,2.9638162177666554,0.0,1.0,30.6,-13.61910873613094,3.6919794715236094,14.110663881784932,-53.61910873613094,363.6919794715236,367.6232647066453,117.32515626143204,305.0,1.0,0.1,-0.63714144820473,4.271038389806563,4.318300377720598,-0.63714144820473,4.271038389806563,4.318300377720598,4.318300377720598,0.0,1.0,30.400000000000002,24.17116580759982,6.273944030348957,24.97213707703916,-55.82883419240018,366.27394403034896,370.50433304190886,120.35536022728417,303.0
16_LTAN06_800km_1213COLD_PY_STTLCT_HEAT_PY_0p5,12947.0,21.6558853840064,-1374.7491637166147,1374.919721478784,58.61603026644893,304.06360496578196,309.66193642258384,80.27191565045533,-1070.6855587508328,1073.6904331136498,1.0,456.1,-18.3441146159936,-14.749163716614703,23.538147152743644,21.6558853840064,-1374.7491637166147,1374.919721478784,1374.919721478784,4560.0,1.0,0.1,-1.0465394826715126,-1.4793843490856489,1.8121321533237928,-1.0465394826715126,-1.4793843490856489,1.8121321533237928,1.8121321533237928,0.0,1.0,24.400000000000002,17.56949078377741,-17.415779383303743,24.73856054682946,57.56949078377741,302.58422061669626,308.0121050142623,1.8121321533237928,243.0,1.0,0.1,-3.072984571973141,-1.3384056963848252,3.351800111537127,-3.072984571973141,-1.3384056963848252,3.351800111537127,3.351800111537127,0.0,1.0,30.6,-10.45587289272575,-11.75011765855379,15.728653564075177,-50.45587289272575,348.2498823414462,351.88602652023286,117.68222961468534,305.0,1.0,0.1,-1.0419999771429573,4.22310159702829,4.349752987376273,-1.0419999771429573,4.22310159702829,4.349752987376273,4.349752987376273,0.0,1.0,30.6,-12.66559834899499,-9.168153099728443,15.635613604784588,-52.66559834899499,350.83184690027156,354.76280815343824,120.70985593955675,305.0
16_LTAN06_800km_1213COLD_PY_STTLCT_HEAT_PY_0p5,13007.5,21.25679680227314,-1380.3427096826638,1380.5063736123682,81.41026033611683,223.33932523866423,237.714292136708,102.66705713838998,-1157.0033844439995,1161.5495496259841,0.0,nan,nan,nan,nan,21.25679680227314,-1380.3427096826638,1380.5063736123682,1380.5063736123682,nan,1.0,0.1,-1.4456280644047723,-1.5246655911228117,2.101058225120989,-1.4456280644047723,-1.5246655911228117,2.101058225120989,2.101058225120989,0.0,1.0,9.600000000000001,-0.03536772828793744,21.814659647541475,21.814688318064015,79.96463227171206,221.81465964754148,235.78822203177324,2.101058225120989,95.0,1.0,0.1,-3.4720731537064005,-1.383686938421988,3.7376304697292273,-3.4720731537064005,-1.383686938421988,3.7376304697292273,3.7376304697292273,0.0,1.0,18.2,11.939268595208901,-12.519678627708572,17.299956286928715,-28.0607314047911,267.4803213722914,268.94818640101687,118.03527257733943,181.0,1.0,0.1,-1.441088558876217,4.177820354991127,4.419379951203801,-1.441088558876217,4.177820354991127,4.419379951203801,4.419379951203801,0.0,1.0,18.2,9.729543138939661,-9.937714068883224,13.907629942134907,-30.27045686106034,270.0622859311168,271.7534523072662,121.0603884412417,181.0
16_LTAN06_800km_1213COLD_PY_STTLCT_HEAT_PY_0p5,13068.0,20.86370370084963,-1385.8783262989325,1386.0353637036999,161.1257620834479,270.93401776760095,315.2249247611403,181.98946578429755,-1114.9443085313314,1129.6995072951315,1.0,483.5,-19.13629629915037,14.121673701067493,23.782756445969365,20.86370370084963,-1385.8783262989325,1386.0353637036999,1386.0353637036999,4834.0,1.0,0.1,-1.8387211658282823,-1.5701150128427344,2.417882685164658,-1.8387211658282823,-1.5701150128427344,2.417882685164658,2.417882685164658,0.0,1.0,19.200000000000003,-0.7129590823803653,-10.636097245241672,10.659966006671228,159.28704091761963,269.3639027547583,312.93653272119946,2.417882685164658,191.0,1.0,0.1,-3.8651662551299104,-1.4291363601419107,4.120915058051384,-3.8651662551299104,-1.4291363601419107,4.120915058051384,4.120915058051384,0.0,1.0,24.400000000000002,11.261677241116473,-4.970435520491719,12.3097767464096,51.26167724111647,315.0295644795083,319.1729719912403,118.3829986867413,243.0,1.0,0.1,-1.834181660299727,4.132370933271204,4.5211405522417225,-1.834181660299727,4.132370933271204,4.5211405522417225,4.5211405522417225,0.0,1.0,24.400000000000002,9.051951784847233,-2.3884709616663713,9.36176397106456,49.05195178484723,317.61152903833363,321.37700190270493,121.40563830924863,243.0
16_LTAN06_800km_1213COLD_PY_STTLCT_HEAT_PY_0p5,13128.5,20.47652690797329,-1391.3573341524118,1391.5080019367188,79.47059210683324,276.7397104381812,287.92436913748554,99.94711901480653,-1114.6176237142306,1119.0897522959085,1.0,483.3,20.47652690797329,8.642665847588205,22.225746942814357,20.47652690797329,-1391.3573341524118,1391.5080019367188,1391.5080019367188,4832.0,1.0,0.1,-2.2258979587046213,-1.6320783837179533,2.7601270936615956,-2.2258979587046213,-1.6320783837179533,2.7601270936615956,2.7601270936615956,0.0,1.0,18.8,-2.755305851871384,-4.892367945536762,5.614888641092741,77.24469414812862,275.10763205446324,285.74630704289405,2.7601270936615956,187.0,1.0,0.1,-4.252343048006249,-1.4910997310171297,4.506195713211581,-4.252343048006249,-1.4910997310171297,4.506195713211581,4.506195713211581,0.0,1.0,24.0,9.219330471625454,0.7732937792131906,9.251704578833646,-30.780669528374546,320.7732937792132,322.2467309664761,118.71940512825462,239.0,1.0,0.1,-2.221358453176066,4.070407562395985,4.63709511456334,-2.221358453176066,4.070407562395985,4.63709511456334,4.63709511456334,0.0,1.0,24.0,7.009605015356215,3.3552583380385386,7.771249641227859,-32.990394984643785,323.35525833803854,325.0338278642739,121.73940579612362,239.0
16_LTAN06_800km_1213COLD_PY_STTLCT_HEAT_PY_0p5,13189.0,21.615070381282777,-1350.804189677762,1350.9771168004968,215.82024993206085,311.99655686907954,379.36820080088154,237.43532031334362,-1038.8076328086825,1065.596935672151,1.0,455.90000000000003,21.615070381282777,9.195810322238003,23.489874309378223,21.615070381282777,-1350.804189677762,1350.9771168004968,1350.9771168004968,4558.0,1.0,0.1,-1.0873544853951351,1.7662920011582628,2.0741569878542414,-1.0873544853951351,1.7662920011582628,2.0741569878542414,2.0741569878542414,0.0,1.0,25.200000000000003,14.732895446665708,-6.237151129762196,15.998758153615455,214.7328954466657,313.7628488702378,380.2069722112896,2.0741569878542414,251.0,1.0,0.1,-3.1137995746967633,1.9072706538590865,3.6514968353339445,-3.1137995746967633,1.9072706538590865,3.6514968353339445,3.6514968353339445,0.0,1.0,31.400000000000002,-13.292468229837453,-0.5714894050122439,13.30474771580729,106.70753177016255,359.42851059498776,374.93379624276537,118.97636529552645,313.0,1.0,0.1,-1.0828149798665798,7.468777947272201,7.546862414691486,-1.0828149798665798,7.468777947272201,7.546862414691486,7.546862414691486,0.0,1.0,31.200000000000003,24.497806313893307,2.010475153813104,24.580165266676513,104.4978063138933,362.0104751538131,376.79089113924385,122.04129823675302,311.0
16_LTAN06_800km_1213COLD_PY_STTLCT_HEAT_PY_0p5,13249.5,22.640084502291185,-1311.7865710981966,1311.9819288160318,213.68204755231048,288.9685868514131,359.39235054888206,236.32213205460167,-1022.8179842467836,1049.764153987688,1.0,429.3,22.640084502291185,8.213428901803354,24.08389172446729,22.640084502291185,-1311.7865710981966,1311.9819288160318,1311.9819288160318,4292.0,1.0,0.1,-0.06234036438672774,0.9723659756705274,0.9743623102694228,-0.06234036438672774,0.9723659756705274,0.9743623102694228,0.9743623102694228,0.0,1.0,19.400000000000002,13.619707187923751,9.940952827083606,16.861760495128717,213.61970718792375,289.9409528270836,360.1376617702339,0.9743623102694228,193.0,1.0,0.1,-2.088785453688356,1.113344628371351,2.366972947260575,-2.088785453688356,1.113344628371351,2.366972947260575,2.366972947260575,0.0,1.0,24.8,-14.40565648857941,15.606614551833559,21.238864297237107,105.59434351142059,335.60661455183356,351.8266122858685,117.72025056300293,247.0,1.0,0.1,-0.05780085885817243,6.674851921784466,6.675102180269191,-0.05780085885817243,6.674851921784466,6.675102180269191,6.675102180269191,0.0,1.0,24.8,-16.61538194484865,18.188579110658907,24.635245629745608,103.38461805515135,338.1885791106589,353.6380837682728,120.78133378830111,247.0
16_LTAN06_800km_1213COLD_PY_STTLCT_HEAT_PY_0p5,13310.0,23.568235897325177,-1274.3561970036842,1274.574116552272,218.26971930186318,340.4149540611058,404.38102244360937,241.83795519918834,-933.9412429425784,964.7444438005605,1.0,403.5,23.568235897325177,5.643802996315799,24.234567369218503,23.568235897325177,-1274.3561970036842,1274.574116552272,1274.574116552272,4034.0,1.0,0.1,0.8658110306472651,0.1926800053511215,0.8869917278377446,0.8658110306472651,0.1926800053511215,0.8869917278377446,0.8869917278377446,0.0,0.0,nan,nan,nan,nan,219.13553033251043,340.60763406645697,405.0110381686653,0.8869917278377446,nan,1.0,0.1,-1.160634058654363,0.33365865805194517,1.2076421316770645,-1.160634058654363,0.33365865805194517,1.2076421316770645,1.2076421316770645,0.0,1.0,38.800000000000004,-8.889833343992734,-13.72670420879308,16.35394586390889,111.11016665600727,386.2732957912069,401.9359752195951,116.55967239785247,387.0,1.0,0.1,0.8703505361758204,5.89516595146506,5.959068018669907,0.8703505361758204,5.89516595146506,5.959068018669907,5.959068018669907,0.0,1.0,38.800000000000004,-11.099558800261974,-11.144739649967732,15.729126721659913,108.90044119973803,388.85526035003227,403.8164429482645,119.61647990952164,387.0
16_LTAN06_800km_1213COLD_PY_STTLCT_HEAT_PY_0p5,13370.5,24.412029356593383,-1238.4820897965028,1238.7226622307433,144.3888417944447,312.0066991832442,343.7969138458992,168.80087115103808,-926.4753906132586,941.7273403238006,1.0,378.5,24.412029356593383,1.5179102034971947,24.45917473450521,24.412029356593383,-1238.4820897965028,1238.7226622307433,1238.7226622307433,3784.0,1.0,0.1,1.7096044899154705,-0.5314487925845697,1.7903031394372109,1.7096044899154705,-0.5314487925845697,1.7903031394372109,1.7903031394372109,0.0,1.0,25.0,-13.901553715639835,-8.524749609340347,16.307193247483397,146.09844628436016,311.47525039065965,344.0371892871877,1.7903031394372109,249.0,1.0,0.1,-0.3168405993861576,-0.390470139883746,0.5028467913392823,-0.3168405993861576,-0.390470139883746,0.5028467913392823,0.5028467913392823,0.0,1.0,31.0,-1.9269173921429967,-2.8590878845903944,3.447810053926223,38.073082607857,357.1409121154096,359.164573316873,115.49951440775217,309.0,1.0,0.1,1.7141439954440258,5.171037153529369,5.447744017508342,1.7141439954440258,5.171037153529369,5.447744017508342,5.447744017508342,0.0,1.0,31.0,-4.136642848412237,-0.2771233257650465,4.14591502481698,35.86335715158776,359.72287667423495,361.50619412254775,118.55215903271736,309.0
16_LTAN06_800km_1213COLD_PY_STTLCT_HEAT_PY_0p5,13431.0,25.17882587791601,-1204.148906522077,1204.412123133483,197.57538553738164,289.407712641155,350.4181175487796,222.75421141529765,-914.7411938809219,941.4727242389688,1.0,354.5,-14.821174122083988,-4.1489065220769135,15.390926797501976,25.17882587791601,-1204.148906522077,1204.412123133483,1204.412123133483,3544.0,1.0,0.1,2.4764010112380994,-1.125523249422713,2.7201773018412134,2.4764010112380994,-1.125523249422713,2.7201773018412134,2.7201773018412134,0.0,1.0,19.400000000000002,0.051786548619730866,8.282189391732345,8.28235129459876,200.05178654861973,288.28218939173235,350.8950527177395,2.7201773018412134,193.0,1.0,0.1,0.44995592193647127,-0.9845445967218893,1.082491752679884,0.44995592193647127,-0.9845445967218893,1.082491752679884,1.082491752679884,0.0,1.0,24.6,12.02642287211657,13.947851116482298,18.416769474219006,92.02642287211657,333.9478511164823,346.3957704302318,114.56180626681322,245.0,1.0,0.1,2.4809405167666547,4.576962696691226,5.206116919032592,2.4809405167666547,4.576962696691226,5.206116919032592,5.206116919032592,0.0,1.0,24.6,9.81669741584733,16.529815675307646,19.22504497820356,89.81669741584733,336.52981567530765,348.3092820657331,117.61134069483006,245.0
16_LTAN06_800km_1213COLD_PY_STTLCT_HEAT_PY_0p5,13491.5,25.875785806620044,-1171.3107292908358,1171.5965094019953,228.15572395810514,346.59097409034115,414.9461865058391,254.03150976472517,-824.7197552004945,862.9569413193855,1.0,331.1,-14.124214193379956,-11.310729290835752,18.094917067260784,25.875785806620044,-1171.3107292908358,1171.5965094019953,1171.5965094019953,3310.0,1.0,0.1,3.173360939942132,-1.6583052120863613,3.580530104828502,3.173360939942132,-1.6583052120863613,3.580530104828502,3.580530104828502,0.0,1.0,32.0,-8.670915101952744,-15.067331121745156,17.3841662393565,231.32908489804726,344.93266887825484,415.32119086225754,3.580530104828502,319.0,1.0,0.1,1.1469158506405037,-1.5173265593855376,1.9020241471304153,1.1469158506405037,-1.5173265593855376,1.9020241471304153,1.9020241471304153,0.0,1.0,38.800000000000004,3.3037212215440945,-9.401669396995203,9.965237646944349,123.3037212215441,390.5983306030048,409.5984174004271,113.71275172600686,387.0,1.0,0.1,3.177900445470687,4.044180734027577,5.143388868324329,3.177900445470687,4.044180734027577,5.143388868324329,5.143388868324329,0.0,1.0,38.800000000000004,1.0939957652748546,-6.819704838169855,6.906895164558142,121.09399576527485,393.18029516183014,411.4055180888369,116.75948989927008,387.0
16_LTAN06_800km_1213COLD_PY_STTLCT_HEAT_PY_0p5,13552.0,26.51060924769515,-1139.88578247776,1140.1940227424536,290.7242323559421,268.4679681264389,395.7216562040678,317.2348416036372,-871.417814351321,927.3655977531829,1.0,308.5,-13.48939075230485,-19.885782477759903,24.02931558786372,26.51060924769515,-1139.88578247776,1140.1940227424536,1140.1940227424536,3084.0,1.0,0.1,3.808184381017238,-2.0420508696620345,4.321138742751859,3.808184381017238,-2.0420508696620345,4.321138742751859,4.321138742751859,0.0,1.0,19.8,14.532416736959306,-13.57408274322313,19.88584568321204,294.5324167369593,266.42591725677687,397.1550250154576,4.321138742751859,197.0,1.0,0.1,1.7817392917156099,-1.9010722169612109,2.60550771976309,1.7817392917156099,-1.9010722169612109,2.60550771976309,2.60550771976309,0.0,1.0,25.200000000000003,-13.492946939543856,-7.908421018473177,15.63978069279663,186.50705306045614,312.0915789815268,363.57397392068424,112.97893557802536,251.0,1.0,0.1,3.8127238865457933,3.660435076451904,5.285418468196848,3.8127238865457933,3.660435076451904,5.285418468196848,5.285418468196848,0.0,1.0,25.0,24.297327604186904,-5.326456459647829,24.874309379793985,184.2973276041869,314.67354354035217,364.67100784993437,116.02431320361259,249.0
16_LTAN06_800km_1213COLD_PY_STTLCT_HEAT_PY_0p5,13612.5,27.089080699979988,-1109.8292309070048,1110.1597813237534,292.3016077934322,341.22008676923986,449.3009876835717,319.3906884934122,-768.6091441377649,832.3283176418327,1.0,308.5,-12.910919300020012,10.170769092995215,16.43582614639909,27.089080699979988,-1109.8292309070048,1110.1597813237534,1110.1597813237534,3084.0,1.0,0.1,4.3866558333020755,-2.284332527089191,4.9457986710096495,4.3866558333020755,-2.284332527089191,4.9457986710096495,4.9457986710096495,0.0,0.0,nan,nan,nan,nan,296.6882636267343,338.93575424215067,450.4457473187444,4.9457986710096495,nan,1.0,0.1,2.3602107440004474,-2.1433538743883673,3.1881908015284735,2.3602107440004474,-2.1433538743883673,3.1881908015284735,3.1881908015284735,0.0,1.0,39.2,-11.337100049768878,-15.398584033099382,19.12187824882516,188.66289995023112,384.6014159669006,428.38293497917937,112.35177562621877,391.0,1.0,0.1,4.391195338830631,3.4181534190247476,5.56474341724382,4.391195338830631,3.4181534190247476,5.56474341724382,5.56474341724382,0.0,1.0,39.2,-13.546825506038118,-12.816619474274034,18.648919969783382,186.45317449396188,387.18338052572597,429.73917256192146,115.3972062265697,391.0
16_LTAN06_800km_1213COLD_PY_STTLCT_HEAT_PY_0p5,13673.0,27.61612026935654,-1081.0563785353484,1081.4090547386284,240.41833747649878,342.24670414559495,418.25086191601093,268.0344577458553,-738.8096743897534,785.9276083145369,1.0,286.7,-12.38387973064346,-1.0563785353483581,12.428854041824883,27.61612026935654,-1081.0563785353484,1081.4090547386284,1081.4090547386284,2866.0,1.0,0.1,4.913695402678627,-2.390014649890645,5.464116812166169,4.913695402678627,-2.390014649890645,5.464116812166169,5.464116812166169,0.0,1.0,25.400000000000002,5.3320328791774045,19.85668949570436,20.5601238409073,245.3320328791774,339.85668949570436,419.15435790602174,5.464116812166169,253.0,1.0,0.1,2.887250313376999,-2.2490359971898215,3.659832959132314,2.887250313376999,-2.2490359971898215,3.659832959132314,3.659832959132314,0.0,1.0,38.800000000000004,17.306669202674243,-14.477648779545689,22.563756625940503,137.30666920267424,385.5223512204543,409.2439427750641,111.82485306924848,387.0,1.0,0.1,4.918234908207182,3.3124712962232934,5.929713374237488,4.918234908207182,3.3124712962232934,5.929713374237488,5.929713374237488,0.0,1.0,38.800000000000004,15.096943746405003,-11.89568422072034,19.22043218976129,135.096943746405,388.10431577927966,410.9454271994301,114.87173944010462,387.0
16_LTAN06_800km_1213COLD_PY_STTLCT_HEAT_PY_0p5,13733.5,28.09622784774624,-1053.4842514261018,1053.858845397279,258.20100634827656,377.94272041381976,457.7209407412572,286.2972341960228,-675.541531012282,733.7046179701408,1.0,265.7,-11.903772152253762,-13.484251426101764,17.986795934103984,28.09622784774624,-1053.4842514261018,1053.858845397279,1053.858845397279,2656.0,1.0,0.1,5.393802981068326,-2.4840217965163447,5.93830572504901,5.393802981068326,-2.4840217965163447,5.93830572504901,5.93830572504901,0.0,1.0,32.2,-16.405190670655088,15.458698617303412,22.54111008537883,263.5948093293449,375.4586986173034,458.74988596486077,5.93830572504901,321.0,1.0,0.1,3.367357891766698,-2.343043143815521,4.102310366735357,3.367357891766698,-2.343043143815521,4.102310366735357,4.102310366735357,0.0,1.0,39.0,-4.43055434715825,21.124360342053365,21.583985074217406,155.56944565284175,421.12436034205336,448.9405075221394,111.34581841125578,389.0,1.0,0.1,5.398342486596881,3.218464149597594,6.284951319210195,5.398342486596881,3.218464149597594,6.284951319210195,6.284951319210195,0.0,1.0,39.0,-6.6402798034274895,23.706324900878712,24.618756186571026,153.3597201965725,423.7063249008787,450.6065396105343,114.3940679300787,389.0
16_LTAN06_800km_1213COLD_PY_STTLCT_HEAT_PY_0p5,13794.0,28.5337798717962,-1027.0657224236695,1027.4620064856053,212.3822141193937,266.5393952350582,340.8070628471871,240.9159939911899,-760.5263271886113,797.7724052057464,1.0,265.7,-11.466220128203801,12.934277576330487,17.284957056642973,28.5337798717962,-1027.0657224236695,1027.4620064856053,1027.4620064856053,2656.0,1.0,0.1,5.8313550051182865,-2.521599529004334,6.353201191556345,5.8313550051182865,-2.521599529004334,6.353201191556345,6.353201191556345,0.0,1.0,19.400000000000002,18.21356912451199,-15.982204293946097,24.231486837311607,218.213569124512,264.0177957060539,342.5238067631822,6.353201191556345,193.0,1.0,0.1,3.8049099158166584,-2.38062087630351,4.488284218292334,3.8049099158166584,-2.38062087630351,4.488284218292334,4.488284218292334,0.0,1.0,24.8,-9.81179455199117,-10.316542569196145,14.23735800324343,110.18820544800883,309.68345743080386,328.7024253426632,110.9280195039894,247.0,1.0,0.1,5.835894510646842,3.1808864171096047,6.646480507603277,5.835894510646842,3.1808864171096047,6.646480507603277,6.646480507603277,0.0,1.0,24.8,-12.02152000826041,-7.734578010370797,14.294776679176099,107.97847999173959,312.2654219896292,330.4073938514205,113.97810852333718,247.0
16_LTAN06_800km_1213COLD_PY_STTLCT_HEAT_PY_0p5,13854.5,28.93501166511634,-1001.733943794112,1002.1517495117022,299.4061361368904,378.9914202997303,482.98916242212823,328.34114780200673,-622.7425234943817,704.0001135710773,1.0,245.5,-11.064988334883662,-1.7339437941119513,11.200023568379258,28.93501166511634,-1001.733943794112,1002.1517495117022,1002.1517495117022,2454.0,1.0,0.1,6.232586798438426,-2.4602299290053224,6.70058725065516,6.232586798438426,-2.4602299290053224,6.70058725065516,6.70058725065516,0.0,1.0,32.4,-14.361277064671185,16.53119037072497,21.898094300678327,305.6387229353288,376.53119037072497,484.9647062204979,6.70058725065516,323.0,1.0,0.1,4.206141709136798,-2.319251276304499,4.803181712155004,4.206141709136798,-2.319251276304499,4.803181712155004,4.803181712155004,0.0,1.0,39.2,-2.3866407411743467,22.196852095474924,22.324791084707215,197.61335925882565,422.1968520954749,466.15579120813896,110.58245232044825,391.0,1.0,0.1,6.237126303966981,3.24225601710873,7.029506996377099,6.237126303966981,3.24225601710873,7.029506996377099,7.029506996377099,0.0,1.0,47.400000000000006,-4.5963661974435865,-15.221183345699501,15.900031593188798,195.4036338025564,424.7788166543005,467.5677738910921,113.63540890379923,473.0
16_LTAN06_800km_1213COLD_PY_STTLCT_HEAT_PY_0p5,13915.0,29.30371009914629,-977.4331072377752,977.8722751720017,358.06516408238014,293.9893058733444,463.29296745928775,387.36887418152645,-683.4438013644308,785.5889983369973,1.0,226.10000000000002,-10.69628990085371,-17.433107237775175,20.452966670067067,29.30371009914629,-977.4331072377752,977.8722751720017,977.8722751720017,2260.0,1.0,0.1,6.601285232468378,-2.2596888374604305,6.9773318942521545,6.601285232468378,-2.2596888374604305,6.9773318942521545,6.9773318942521545,0.0,1.0,35.800000000000004,4.666449314848535,11.729617035883962,12.623773802494625,364.66644931484853,291.72961703588396,466.9987031157608,6.9773318942521545,357.0,1.0,0.1,4.57484014316675,-2.118710184759607,5.041636161260951,4.57484014316675,-2.118710184759607,5.041636161260951,5.041636161260951,0.0,1.0,25.400000000000002,16.641085638345373,17.395278760633914,24.073251844794587,256.6410856383454,337.3952787606339,423.91062851454245,110.32190249680177,253.0,1.0,0.1,6.605824737996933,3.4427971086536218,7.4491457497142575,6.605824737996933,3.4427971086536218,7.4491457497142575,7.4491457497142575,0.0,1.0,25.400000000000002,14.431360182076133,19.97724331945949,24.64456141524335,254.43136018207613,339.9772433194595,424.64084002742874,113.37925604533866,253.0
16_LTAN06_800km_1213COLD_PY_STTLCT_HEAT_PY_0p5,13975.5,29.64243604044999,-954.1160009859595,954.5763549092612,310.41187713260854,268.21637618579,410.2384159476376,340.0543131730585,-685.8996248001695,765.5685672809548,1.0,226.10000000000002,-10.35756395955001,5.883999014040455,11.912202801052302,29.64243604044999,-954.1160009859595,954.5763549092612,954.5763549092612,2260.0,1.0,0.1,6.940011173772078,-2.0091810590682826,7.22499575226173,6.940011173772078,-2.0091810590682826,7.22499575226173,7.22499575226173,0.0,1.0,28.8,-2.6481116936193985,-13.792804873278214,14.044712948800736,317.3518883063806,266.2071951267218,414.2203420268758,7.22499575226173,287.0,1.0,0.1,4.91356608447045,-1.868202406367459,5.256739664242032,4.91356608447045,-1.868202406367459,5.256739664242032,5.256739664242032,0.0,1.0,25.200000000000003,9.32652462987744,-8.127143148528262,12.37071208251087,209.32652462987744,311.87285685147174,375.60920216938416,110.10965804467126,251.0,1.0,0.1,6.944550679300633,3.6933048870457696,7.865575956409743,6.944550679300633,3.6933048870457696,7.865575956409743,7.865575956409743,0.0,1.0,25.200000000000003,7.1167991736082,-5.545178589702687,9.022074931475988,207.1167991736082,314.4548214102973,376.53579273171727,113.17184697324556,251.0
16_LTAN06_800km_1213COLD_PY_STTLCT_HEAT_PY_0p5,14036.0,29.95568982939148,-931.684055916936,932.1655021523737,328.83390666330143,187.89409749000478,378.7293625308609,358.7895964926929,-743.7899584269312,825.8047449658578,1.0,207.5,-10.044310170608519,-11.684055916936018,15.407963183804577,29.95568982939148,-931.684055916936,932.1655021523737,932.1655021523737,2074.0,1.0,0.1,7.253264962713569,-1.6967568683562604,7.449082929437853,7.253264962713569,-1.6967568683562604,7.449082929437853,7.449082929437853,0.0,1.0,28.400000000000002,16.087171626014992,-13.80265937835145,21.19694546012833,336.087171626015,186.19734062164855,384.2187353398434,7.449082929437853,283.0,1.0,0.1,5.226819873411941,-1.5557782156554367,5.453447702637482,5.226819873411941,-1.5557782156554367,5.453447702637482,5.453447702637482,0.0,1.0,14.600000000000001,-11.93819205048817,-8.136997653601497,14.447531285622993,228.06180794951183,231.8630023463985,325.2270593020913,109.94671651965035,145.0,1.0,0.1,7.257804468242124,4.005729077757792,8.289848680381906,7.257804468242124,4.005729077757792,8.289848680381906,8.289848680381906,0.0,1.0,14.600000000000001,-14.147917506757409,-5.555033094775922,15.19940664835534,225.8520824932426,234.44496690522408,325.53587463400413,113.01433339495355,145.0
16_LTAN06_800km_1213COLD_PY_STTLCT_HEAT_PY_0p5,14096.5,30.24579935809956,-910.0937746197216,910.5962260960579,339.4024364671945,159.51728893840135,375.01970528243635,369.648235825294,-750.5764856813203,836.662942352817,1.0,207.5,-9.75420064190044,9.906225380278443,13.902436169510858,30.24579935809956,-910.0937746197216,910.5962260960579,910.5962260960579,2074.0,1.0,0.1,7.543374491421648,-1.3410011383198253,7.661643607660557,7.543374491421648,-1.3410011383198253,7.661643607660557,7.661643607660557,0.0,1.0,35.2,-13.054189041383893,-1.823712199918532,13.180962700664887,346.9458109586161,158.17628780008147,381.30189320792255,7.661643607660557,351.0,1.0,0.1,5.51692940212002,-1.2000224856190016,5.645933403252962,5.51692940212002,-1.2000224856190016,5.645933403252962,5.645933403252962,0.0,1.0,16.8,-1.0795527178870543,3.8419495248314206,3.990740560603972,238.92044728211295,203.84194952483142,314.0613324106755,109.8239759191638,167.0,1.0,0.1,7.547913996950204,4.361484807794227,8.717428258034397,7.547913996950204,4.361484807794227,8.717428258034397,8.717428258034397,0.0,1.0,16.8,-3.289278174156294,6.423914083656996,7.217064712276568,236.7107218258437,206.423914083657,314.0745104794863,112.89738587982518,167.0
16_LTAN06_800km_1213COLD_PY_STTLCT_HEAT_PY_0p5,14157.0,30.51787130347409,-889.2930868007944,889.8165736265989,349.51491902716606,152.63761167237533,381.39076957841195,380.0327903306401,-736.6554751284191,828.9066357335844,1.0,189.70000000000002,-9.482128696525908,-9.293086800794413,13.276755134617021,30.51787130347409,-889.2930868007944,889.8165736265989,889.8165736265989,1896.0,1.0,0.1,7.815446436796179,-0.8978013351228356,7.86684499934875,7.815446436796179,-0.8978013351228356,7.86684499934875,7.86684499934875,0.0,1.0,35.2,-2.6696345360377904,-8.260189662747507,8.680880244570044,357.3303654639622,151.7398103372525,388.2138072297199,7.86684499934875,351.0,1.0,0.1,5.789001347494551,-0.7568226824220119,5.838263198411167,5.789001347494551,-0.7568226824220119,5.838263198411167,5.838263198411167,0.0,1.0,16.8,9.305001787459048,-2.5945279379975545,9.659949973248615,249.30500178745905,197.40547206200245,317.99670488271886,109.75513125614705,167.0,1.0,0.1,7.819985942324735,4.804684610991217,9.17808119103619,7.819985942324735,4.804684610991217,9.17808119103619,9.17808119103619,0.0,1.0,16.8,7.095276331189808,-0.01256337917197925,7.095287453968199,247.0952763311898,199.98743662082802,317.8852786641067,112.835230015366,167.0
16_LTAN06_800km_1213COLD_PY_STTLCT_HEAT_PY_0p5,14217.5,29.25179164605133,-915.2755259949464,915.7428437065887,339.4101433706896,178.23282131227592,383.3616882473335,368.6619350167409,-737.0427046826705,824.101675071853,1.0,207.5,-10.74820835394867,4.724474005053594,11.740725592752737,29.25179164605133,-915.2755259949464,915.7428437065887,915.7428437065887,2074.0,1.0,0.1,6.549366779373418,-4.207935537972617,7.784659703705297,6.549366779373418,-4.207935537972617,7.784659703705297,7.784659703705297,0.0,1.0,35.2,-14.04048984993699,14.024885774303243,19.84522048777582,345.959510150063,174.02488577430324,387.26301596206014,7.784659703705297,351.0,1.0,0.1,4.52292169007179,-4.066956885271793,6.082512550022524,4.52292169007179,-4.066956885271793,6.082512550022524,6.082512550022524,0.0,1.0,14.600000000000001,-2.0658535264401507,-20.309452500946804,20.414250211088323,237.93414647355985,219.6905474990532,323.84656045500185,109.61806879727489,145.0,1.0,0.1,6.553906284901974,1.4945504081414356,6.722155049815002,6.553906284901974,1.4945504081414356,6.722155049815002,6.722155049815002,0.0,1.0,14.600000000000001,-4.275578982709391,-17.72748794212123,18.235800075001915,235.7244210172906,222.27251205787877,323.9923954052884,112.65089161171555,145.0
16_LTAN06_800km_1213COLD_PY_STTLCT_HEAT_PY_0p5,14278.0,28.081655643195536,-940.4861437362024,940.9052906342146,244.16809598891348,269.03201321858467,363.31292742661384,272.249751632109,-671.4541305176177,724.5485329865178,1.0,207.5,-11.918344356804464,-20.486143736202393,23.700823137345196,28.081655643195536,-940.4861437362024,940.9052906342146,940.9052906342146,2074.0,1.0,0.1,5.379230776517623,-2.9983345543830637,6.158419752423659,5.379230776517623,-2.9983345543830637,6.158419752423659,6.158419752423659,0.0,1.0,19.6,9.54732676543108,-13.966321335798398,16.917729753743387,249.54732676543108,266.0336786642016,364.75716097066623,6.158419752423659,195.0,1.0,0.1,3.352785687215995,-2.85735590168224,4.4051849692468945,3.352785687215995,-2.85735590168224,4.4051849692468945,4.4051849692468945,0.0,1.0,24.8,21.52196308892792,-8.300659611048445,23.0672028035405,141.52196308892792,311.69934038895155,342.3228663636879,111.16082676547806,247.0,1.0,0.1,5.383770282046179,2.7041513917309885,6.024733786587108,5.383770282046179,2.7041513917309885,6.024733786587108,6.024733786587108,0.0,1.0,24.8,19.31223763265868,-5.71869505222287,20.141151791310158,139.31223763265868,314.28130494777713,343.7741092547489,114.20266824212354,247.0
16_LTAN06_800km_1213COLD_PY_STTLCT_HEAT_PY_0p5,14338.5,26.995932384923524,-964.7922813359568,965.1698951432185,271.225535280033,233.00633356188152,357.5685143687727,298.22146766495655,-731.7859477740752,790.2194107561786,1.0,226.10000000000002,-13.004067615076476,-4.792281335956773,13.858994730514924,26.995932384923524,-964.7922813359568,965.1698951432185,965.1698951432185,2260.0,1.0,0.1,4.293507518245612,-1.7738634282347903,4.645513779041074,4.293507518245612,-1.7738634282347903,4.645513779041074,4.645513779041074,0.0,1.0,22.400000000000002,-4.480957201721367,-8.767529866353243,9.846245853169354,275.51904279827863,231.23247013364676,359.6932000866677,4.645513779041074,223.0,1.0,0.1,2.2670624289439836,-1.6328847755339666,2.7939013488131623,2.2670624289439836,-1.6328847755339666,2.7939013488131623,2.7939013488131623,0.0,1.0,19.200000000000003,7.493679121775472,-3.1018681416032905,8.110290546461764,167.49367912177547,276.8981318583967,323.6150614115764,112.63564240390076,191.0,1.0,0.1,4.298047023774167,3.928622517879262,5.822996059294732,4.298047023774167,3.928622517879262,5.822996059294732,5.822996059294732,0.0,1.0,19.200000000000003,5.283953665506232,-0.5199035827777152,5.3094694720472635,165.28395366550623,279.4800964172223,324.6966424721406,115.68677257544135,191.0
16_LTAN06_800km_1213COLD_PY_STTLCT_HEAT_PY_0p5,14399.0,25.98754807098298,-988.1013396614788,988.4430231912969,168.28228713996015,147.503071845338,223.77686289888626,194.26983521094314,-840.5982678161408,862.7550154756467,1.0,245.5,-14.012451929017018,11.898660338521154,18.38278887749378,25.98754807098298,-988.1013396614788,988.4430231912969,988.4430231912969,2454.0,1.0,0.1,3.2851232043050693,-0.5962513556004296,3.338794714641641,3.2851232043050693,-0.5962513556004296,3.338794714641641,3.338794714641641,0.0,1.0,6.6000000000000005,11.567410344265227,-13.093179510262416,17.4710140449995,171.56741034426523,146.90682048973758,225.86940961237195,3.338794714641641,65.0,1.0,0.1,1.2586781150034412,-0.455272702899606,1.3384856484826906,1.2586781150034412,-0.455272702899606,1.3384856484826906,1.3384856484826906,0.0,1.0,9.4,23.542046667762065,-7.427517785512464,24.685947050117218,63.542046667762065,192.57248221448754,202.78499106437135,114.02530300418714,93.0,1.0,0.1,3.2896627098336246,5.106234590513623,6.074167633332795,3.2896627098336246,5.106234590513623,6.074167633332795,6.074167633332795,0.0,1.0,9.4,21.332321211492825,-4.845553226686889,21.87572431584752,61.332321211492825,195.1544467733131,204.56517719442778,117.08522000930253,93.0
16_LTAN06_800km_1213COLD_PY_STTLCT_HEAT_PY_0p5,14459.5,25.05031879548692,-1010.3841677037134,1010.6946545906342,265.3925395455871,140.02341377345,300.0662534361817,290.44285834107404,-870.3607539302634,917.5428578237584,1.0,245.5,-14.94968120451308,-10.384167703713388,18.20230499182496,25.05031879548692,-1010.3841677037134,1010.6946545906342,1010.6946545906342,2454.0,1.0,0.1,2.3478939288090075,0.553723958923797,2.412305147286396,2.3478939288090075,0.553723958923797,2.412305147286396,2.412305147286396,0.0,1.0,21.8,-12.259566525603873,20.577137732373785,23.95236039835715,267.7404334743961,140.57713773237379,302.4018375772282,2.412305147286396,217.0,1.0,0.1,0.32144883950737935,0.6947026116246207,0.7654678798086236,0.32144883950737935,0.6947026116246207,0.7654678798086236,0.7654678798086236,0.0,1.0,10.0,-0.28493020210703435,-13.757200542876262,13.760150871156453,159.71506979789297,186.24279945712374,245.3472719843696,115.34279008785508,99.0,1.0,0.1,2.352433434337563,6.256209905037849,6.6838690471075894,2.352433434337563,6.256209905037849,6.6838690471075894,6.6838690471075894,0.0,1.0,10.0,-2.4946556583762742,-11.175235984050687,11.450292841368297,157.50534434162373,188.8247640159493,245.89169364143314,118.41122697814254,99.0
16_LTAN06_800km_1213COLD_PY_STTLCT_HEAT_PY_0p5,14520.0,24.178990347074468,-1031.6103720731132,1031.893688004259,190.6947367121143,131.50227404758564,231.6405203961278,214.87372705918875,-900.1080980255276,925.400079269199,1.0,265.7,-15.821009652925532,8.38962792688676,17.907825194298752,24.178990347074468,-1031.6103720731132,1031.893688004259,1031.893688004259,2656.0,1.0,0.1,1.4765654803965553,1.6195682121160644,2.1916310847392944,1.4765654803965553,1.6195682121160644,2.1916310847392944,2.1916310847392944,0.0,1.0,11.8,-7.8286978074891636,13.12184225970168,15.279766151662091,192.17130219251084,133.12184225970168,233.77603442821552,2.1916310847392944,117.0,1.0,0.1,-0.5498796089050728,1.760546864816888,1.8444220903866255,-0.5498796089050728,1.760546864816888,1.8444220903866255,1.8444220903866255,0.0,1.0,6.2,4.145938516007675,18.787503984451632,19.23951954037059,84.14593851600767,178.78750398445163,197.5993687989161,116.56989048299283,61.0,1.0,0.1,1.4811049859251106,7.322054158230003,7.470351335471813,1.4811049859251106,7.322054158230003,7.470351335471813,7.470351335471813,0.0,1.0,6.2,1.936213059738435,21.36946854327698,21.45700600817379,81.93621305973844,181.36946854327698,199.01866025637293,119.64595084630115,61.0
16_LTAN06_800km_1213COLD_PY_STTLCT_HEAT_PY_0p5,14580.5,23.368936323512564,-1051.7724640730564,1052.0320448385596,151.61182315515626,99.95488221175115,181.59604455602943,174.98075947866883,-951.8175818613053,967.7680379760608,1.0,265.7,-16.631063676487436,-11.772464073056426,20.37604449746771,23.368936323512564,-1051.7724640730564,1052.0320448385596,1052.0320448385596,2656.0,1.0,0.1,0.6665114568346517,2.5753114254646334,2.6601628634766956,0.6665114568346517,2.5753114254646334,2.6601628634766956,2.6601628634766956,0.0,1.0,7.800000000000001,-7.721665388009086,22.530193637215802,23.816669408101898,152.2783346119909,102.5301936372158,183.57868013330534,2.6601628634766956,77.0,1.0,0.1,-1.3599336324669764,2.716290078165457,3.0377049352191747,-1.3599336324669764,2.716290078165457,3.0377049352191747,3.0377049352191747,0.0,1.0,6.0,4.2529709354877525,-11.804144638034245,12.546935578607878,44.25297093548775,148.19585536196576,154.66200885505722,117.6992550545854,59.0,1.0,0.1,0.671050962363207,8.277797371578572,8.304952662056643,0.671050962363207,8.277797371578572,8.304952662056643,8.304952662056643,0.0,1.0,6.0,2.0432454792185126,-9.222180079208897,9.445816931409603,42.04324547921851,150.7778199207911,156.52982294276174,120.78180413996537,59.0
16_LTAN06_800km_1213COLD_PY_STTLCT_HEAT_PY_0p5,14641.0,22.615868847846425,-1070.8877241644736,1071.1265076030509,210.47656127123605,213.67471973963762,299.92877271175075,233.09243011908248,-857.2130044248361,888.3390208326286,1.0,286.5,22.615868847846425,9.112275835526361,24.38259819309066,22.615868847846425,-1070.8877241644736,1071.1265076030509,1071.1265076030509,2864.0,1.0,0.1,-0.08655601883148734,3.3813485740374745,3.3824562264043,-0.08655601883148734,3.3813485740374745,3.3824562264043,3.3824562264043,0.0,1.0,10.200000000000001,10.390005252404563,17.05606831367504,19.971521611177856,210.39000525240456,217.05606831367504,302.2867696441536,3.3824562264043,101.0,1.0,0.1,-2.1130011081331155,3.522327226738298,4.107500794302259,-2.1130011081331155,3.522327226738298,4.107500794302259,4.107500794302259,0.0,1.0,19.0,-17.635358424098598,-17.278269961575006,24.688954607505973,102.3646415759014,262.721730038425,281.95961994467547,118.7172961259641,189.0,1.0,0.1,-0.08201651330293203,9.083834520151413,9.084204769705977,-0.08201651330293203,9.083834520151413,9.084204769705977,9.084204769705977,0.0,1.0,18.8,20.154916119632162,-14.696305402749658,24.943977956218156,100.15491611963216,265.30369459725034,283.57901472055653,121.80482927127487,187.0
16_LTAN06_800km_1213COLD_PY_STTLCT_HEAT_PY_0p5,14701.5,21.914081145133025,-1088.963115506116,1089.1835905324788,248.14657306676403,86.07117603853796,262.6498982855997,270.06065421189703,-1002.8919394675781,1038.6168683409674,1.0,286.5,21.914081145133025,-8.963115506116083,23.676241087036036,21.914081145133025,-1088.963115506116,1089.1835905324788,1089.1835905324788,2864.0,1.0,0.1,-0.7883437215448872,4.08969525750399,4.164984168343245,-0.7883437215448872,4.08969525750399,4.164984168343245,4.164984168343245,0.0,1.0,16.2,7.358229345219115,10.160871296041933,12.545391368609135,247.35822934521912,90.16087129604193,263.2775652000441,4.164984168343245,161.0,1.0,0.1,-2.8147888108465153,4.230673910204814,5.081499560578003,-2.8147888108465153,4.230673910204814,5.081499560578003,5.081499560578003,0.0,1.0,3.8000000000000003,19.332865668715954,15.826533020791885,24.984772210745327,139.33286566871595,135.82653302079189,194.58287316180915,119.6495652567929,37.0,1.0,0.1,-0.7838042160163319,9.792181203617929,9.823500484732174,-0.7838042160163319,9.792181203617929,9.823500484732174,9.823500484732174,0.0,0.0,nan,nan,nan,nan,137.1231402124467,138.40849757961723,194.83240948047947,122.7411824484815,nan
16_LTAN06_800km_1213COLD_PY_STTLCT_HEAT_PY_0p5,14762.0,21.25972932515129,-1106.0234873584586,1106.2277933045912,158.97158148546325,102.84047862673316,189.33601813750295,180.23131081061453,-1003.1830087317255,1019.244560645064,1.0,308.5,-18.74027067484871,13.976512641541376,23.37820888318351,21.25972932515129,-1106.0234873584586,1106.2277933045912,1106.2277933045912,3084.0,1.0,0.1,-1.4426955415266214,4.672119841770154,4.88979286283204,-1.4426955415266214,4.672119841770154,4.88979286283204,4.88979286283204,0.0,1.0,8.0,-2.471114056063385,-12.487401531496744,12.729556225057543,157.52888594393661,107.51259846850326,190.7204989931271,4.88979286283204,79.0,1.0,0.1,-3.4691406308282495,4.813098494470978,5.933030746080979,-3.4691406308282495,4.813098494470978,5.933030746080979,5.933030746080979,0.0,1.0,6.0,9.503522267433453,-6.821739806746791,11.698421666129036,49.50352226743345,153.1782601932532,160.9788126205255,120.4871289474555,59.0,1.0,0.1,-1.438156035998066,10.374605787884093,10.4738120108142,-1.438156035998066,10.374605787884093,10.4738120108142,10.4738120108142,0.0,1.0,6.0,7.2937968111642135,-4.239775247921443,8.436537564394328,47.29379681116421,155.76022475207856,162.78191186871382,123.58166174530149,59.0
16_LTAN06_800km_1213COLD_PY_STTLCT_HEAT_PY_0p5,14822.5,20.64988818478737,-1122.0990099705923,1122.2890029128093,217.9132175822254,58.523808709926,225.63511823950262,238.56310576701276,-1063.5752012606663,1090.0020936538926,1.0,308.3,20.64988818478737,-2.0990099705923058,20.756293621474594,20.64988818478737,-1122.0990099705923,1122.2890029128093,1122.2890029128093,3082.0,1.0,0.1,-2.052536681890544,5.132321189205868,5.5275335928131435,-2.052536681890544,5.132321189205868,5.5275335928131435,5.5275335928131435,0.0,1.0,11.600000000000001,15.860680900334842,-16.343870100868116,22.77461939300627,215.86068090033484,63.656129899131884,225.05096407812016,5.5275335928131435,115.0,1.0,0.1,-4.078981771192172,5.273299841906692,6.666767096004717,-4.078981771192172,5.273299841906692,6.666767096004717,6.666767096004717,0.0,1.0,3.8000000000000003,-12.16468277616832,-10.678208376118164,16.186526531921736,107.83531722383168,109.32179162388184,153.556861665703,121.23357297151232,37.0,1.0,0.1,-2.0479971763619886,10.834807135319807,11.026664867219084,-2.0479971763619886,10.834807135319807,11.026664867219084,11.026664867219084,0.0,1.0,3.8000000000000003,-14.37440823243756,-8.096243817292816,16.497659712268913,105.62559176756244,111.90375618270718,153.88052600653057,124.3299227993432,37.0
16_LTAN06_800km_1213COLD_PY_STTLCT_HEAT_PY_0p5,14883.0,20.08543969279864,-1137.2029608643606,1137.3803229730686,126.37308622369993,76.96555963292481,147.96571998713756,146.45852591649856,-1060.2374012314358,1070.3053054075842,0.0,nan,nan,nan,nan,20.08543969279864,-1137.2029608643606,1137.3803229730686,1137.3803229730686,nan,1.0,0.1,-2.6169851738792715,5.4485530862350515,6.044447214909352,-2.6169851738792715,5.4485530862350515,6.044447214909352,6.044447214909352,0.0,1.0,4.800000000000001,3.756101049820643,2.4141127191599026,4.4650011553496105,123.75610104982064,82.4141127191599,148.68644364009725,6.044447214909352,47.0,1.0,0.1,-4.6434302631809,5.589531738935875,7.266657393161986,-4.6434302631809,5.589531738935875,7.266657393161986,7.266657393161986,0.0,1.0,3.2,15.730737373317481,8.079774443909855,17.684424032824655,15.730737373317481,128.07977444390986,129.0421819402908,121.87859662333351,31.0,1.0,0.1,-2.6124456683507162,11.15103903234899,11.452970962639132,-2.6124456683507162,11.15103903234899,11.452970962639132,11.452970962639132,0.0,1.0,3.2,13.521011917048241,10.661739002735203,17.21889781093452,13.521011917048241,130.6617390027352,131.3594602702061,124.97547901180006,31.0
16_LTAN06_800km_1213COLD_PY_STTLCT_HEAT_PY_0p5,14943.5,19.56327329897653,-1151.3705763888777,1151.5367670362189,163.5066126995016,36.15100401341141,167.4553895449248,183.06988599847813,-1115.2195723754662,1130.1456887361087,1.0,330.90000000000003,19.56327329897653,8.62942361112232,21.381969367451713,19.56327329897653,-1151.3705763888777,1151.5367670362189,1151.5367670362189,3308.0,1.0,0.1,-3.139151567701383,5.679275711974924,6.48910203168592,-3.139151567701383,5.679275711974924,6.48910203168592,6.48910203168592,0.0,1.0,7.6000000000000005,0.3674611318002121,1.83027972538639,1.8668024953230518,160.3674611318002,41.83027972538639,165.7332039506976,6.48910203168592,75.0,1.0,0.1,-5.165596657003011,5.820254364675748,7.7819502499288555,-5.165596657003011,5.820254364675748,7.7819502499288555,7.7819502499288555,0.0,1.0,1.6,12.34209745529705,7.495941450136343,14.440100685934363,52.34209745529705,87.49594145013634,101.95702494809026,122.44938566550744,15.0,1.0,0.1,-3.1346120621728275,11.381761658088863,11.80551952358985,-3.1346120621728275,11.381761658088863,11.80551952358985,11.80551952358985,0.0,1.0,1.6,10.13237199902781,10.07790600896169,14.29087652497736,50.13237199902781,90.07790600896169,103.08871845749293,125.54612384795736,15.0
16_LTAN06_800km_1213COLD_PY_STTLCT_HEAT_PY_0p5,15004.0,19.08412731143393,-1164.6409739809235,1164.7973223657723,167.82012861930136,-8.138388560834036,168.01734713465143,186.9042559307353,-1172.7793625417576,1187.5793169674491,1.0,330.90000000000003,19.08412731143393,-4.640973980923491,19.640329801982126,19.08412731143393,-1164.6409739809235,1164.7973223657723,1164.7973223657723,3308.0,1.0,0.1,-3.6182975552439807,5.813905737426012,6.847888515590749,-3.6182975552439807,5.813905737426012,6.847888515590749,6.847888515590749,0.0,1.0,7.4,4.201831064057387,-2.3244828234080614,4.801937597178534,164.2018310640574,-2.3244828234080614,164.21828322444964,6.847888515590749,73.0,1.0,0.1,-5.644742644545609,5.954884390126836,8.20510619205675,-5.644742644545609,5.954884390126836,8.20510619205675,8.20510619205675,0.0,1.0,0.6000000000000001,16.176467387554226,3.341178901341891,16.517916744897875,56.176467387554226,43.34117890134189,70.9524719562544,122.94085146655625,5.0,1.0,0.1,-3.6137580497154254,11.51639168353995,12.070067300996758,-3.6137580497154254,11.51639168353995,12.070067300996758,12.070067300996758,0.0,1.0,0.6000000000000001,13.966741931284986,5.923143460167239,15.170811073401323,53.966741931284986,45.92314346016724,70.86144466450719,126.03667285670761,5.0
16_LTAN06_800km_1213COLD_PY_STTLCT_HEAT_PY_0p5,15064.5,18.6542697093162,-1177.0592487144888,1177.2070577271888,40.25621017024021,22.870908009373863,46.299469656182815,58.910479879556405,-1154.188340705115,1155.6907763148697,0.0,nan,nan,nan,nan,18.6542697093162,-1177.0592487144888,1177.2070577271888,1177.2070577271888,nan,1.0,0.1,-4.0481551573617125,5.85145002661784,7.115267218599745,-4.0481551573617125,5.85145002661784,7.115267218599745,7.115267218599745,0.0,1.0,0.6000000000000001,-3.7919449871215107,-11.277641964008353,11.898069383463778,36.20805501287849,28.722358035991647,46.21684864812106,7.115267218599745,5.0,1.0,0.1,-6.074600246663341,5.992428679318664,8.53287581261342,-6.074600246663341,5.992428679318664,8.53287581261342,8.53287581261342,0.0,1.0,1.0,8.182691336375328,-5.611980239258401,9.922235620676352,-71.81730866362467,74.3880197607416,103.39875873341431,123.34701628741404,9.0,1.0,0.1,-4.043615651833157,11.553935972731779,12.2410891672978,-4.043615651833157,11.553935972731779,12.2410891672978,12.2410891672978,0.0,1.0,1.0,5.972965880106088,-3.0300156804330527,6.697560483383608,-74.02703411989391,76.96998431956695,106.79129302870304,126.44117202515395,9.0
16_LTAN06_800km_1213COLD_PY_STTLCT_HEAT_PY_0p5,15125.0,18.27079192399413,-1188.6575750566974,1188.7979864456356,106.29732886306937,-23.535559798429887,108.87168915034336,124.56812078706349,-1212.1931348551273,1218.576798115868,1.0,354.3,18.27079192399413,11.342424943302603,21.505172427217182,18.27079192399413,-1188.6575750566974,1188.7979864456356,1188.7979864456356,3542.0,1.0,0.1,-4.431632942683784,5.809076212311311,7.306485952844996,-4.431632942683784,5.809076212311311,7.306485952844996,7.306485952844996,0.0,0.0,nan,nan,nan,nan,101.86569592038558,-17.726483586118547,103.39655809393942,7.306485952844996,nan,1.0,0.1,-6.458078031985412,5.9500548650121345,8.781225698264858,-6.458078031985412,5.9500548650121345,8.781225698264858,8.781225698264858,0.0,1.0,0.4,-6.159667756117585,-12.060821861368595,13.54270766270251,-6.159667756117585,27.939178138631405,28.610123766386153,123.67790721991119,3.0,1.0,0.1,-4.427093437155229,11.51156215842525,12.333499893728101,-4.427093437155229,11.51156215842525,12.333499893728101,12.333499893728101,0.0,1.0,0.4,-8.369393212386825,-9.478857302543247,12.644978390868214,-8.369393212386825,30.521142697456753,31.6478576573844,126.76980806271936,3.0
16_LTAN06_800km_1213COLD_PY_STTLCT_HEAT_PY_0p5,15185.5,17.944629742649916,-1199.4553533759038,1199.589577513374,31.49247074086506,-48.8652785912908,58.13425122222445,49.437100483514975,-1248.3206319671945,1249.2991743770556,1.0,354.3,17.944629742649916,0.5446466240962309,17.95289326392644,17.944629742649916,-1199.4553533759038,1199.589577513374,1199.589577513374,3542.0,1.0,0.1,-4.7577951240279965,5.685761592980953,7.413804646363558,-4.7577951240279965,5.685761592980953,7.413804646363558,7.413804646363558,0.0,1.0,0.7000000000000001,-13.265324383162937,-3.1795169983097367,13.641046856201239,26.734675616837063,-43.17951699830974,50.78595837970198,7.413804646363558,6.0,1.0,0.1,-6.784240213329625,5.826740245681776,8.942975856101063,-6.784240213329625,5.826740245681776,8.942975856101063,8.942975856101063,0.0,1.0,2.3000000000000003,-1.2906880596661097,2.486144726440216,2.8012124639468468,-81.29068805966611,2.486144726440216,81.32869653950412,123.92340209089899,22.0,1.0,0.1,-4.753255618499441,11.388247539094891,12.340406030050119,-4.753255618499441,11.388247539094891,12.340406030050119,12.340406030050119,0.0,1.0,2.3000000000000003,-3.5004135159353496,5.068109285265564,6.1594339439544195,-83.50041351593535,5.068109285265564,83.65407813764726,127.01249449381332,22.0
16_LTAN06_800km_1213COLD_PY_STTLCT_HEAT_PY_0p5,15246.0,17.686880791172012,-1209.4716036991133,1209.600920099942,-36.359373671087404,-79.67507444605928,87.57923008190271,-18.672492879915392,-1289.1466781451727,1289.2819008126517,1.0,354.3,17.686880791172012,-9.471603699113302,20.06332546598859,17.686880791172012,-1209.4716036991133,1209.600920099942,1209.600920099942,3542.0,1.0,0.1,-5.0155440755059,5.51521595353006,7.4547494516861414,-5.0155440755059,5.51521595353006,7.4547494516861414,7.4547494516861414,0.0,1.0,1.3,-1.3749177465933045,5.840141507470662,5.999804299906699,-41.374917746593304,-74.15985849252934,84.92095401118229,7.4547494516861414,12.0,1.0,0.1,-7.041989164807529,5.656194606230883,9.032283699088618,-7.041989164807529,5.656194606230883,9.032283699088618,9.032283699088618,0.0,1.0,7.300000000000001,10.599718576903541,11.505803232220615,15.644089680391518,-149.40028142309646,-28.494196767779385,152.0932718391624,124.08758626598103,72.0,1.0,0.1,-5.011004569977345,11.217701899643998,12.286049109034622,-5.011004569977345,11.217701899643998,12.286049109034622,12.286049109034622,0.0,1.0,7.300000000000001,8.389993120634301,14.087767791045962,16.396865124124275,-151.6100068793657,-25.912232208954038,153.80844568492353,127.17370663907293,72.0
16_LTAN06_800km_1213COLD_PY_STTLCT_HEAT_PY_0p5,15306.5,17.495131275880045,-1218.737955072242,1218.8635209702645,-107.2134447715106,-32.99388502280949,112.1753947560343,-89.71831349563055,-1251.7318400950514,1254.9430167478697,0.0,nan,nan,nan,nan,17.495131275880045,-1218.737955072242,1218.8635209702645,1218.8635209702645,nan,1.0,0.1,-5.2072935907978675,5.293174944619977,7.425200841399326,-5.2072935907978675,5.293174944619977,7.425200841399326,7.425200841399326,0.0,1.0,4.3,7.5792616376915305,12.299289921810441,14.447066814870428,-112.42073836230847,-27.70071007818956,115.78321015053317,7.425200841399326,42.0,1.0,0.1,-7.233738680099496,5.434153597320801,9.047485872398044,-7.233738680099496,5.434153597320801,9.047485872398044,9.047485872398044,0.0,0.0,nan,nan,nan,nan,-220.44610203881163,17.964951646560394,221.17690519529702,124.17100187446981,nan,1.0,0.1,-5.202754085269312,10.995660890733916,12.16442388671991,-5.202754085269312,10.995660890733916,12.16442388671991,12.16442388671991,0.0,0.0,nan,nan,nan,nan,-222.65582749508087,20.54691620538574,223.6018633264722,127.25392381004364,nan
16_LTAN06_800km_1213COLD_PY_STTLCT_HEAT_PY_0p5,15367.0,17.375030029030164,-1227.218426089605,1227.3414182705467,-19.91121090567835,-205.09500345885334,206.05925546676488,-2.536180876648185,-1432.3134295484583,1432.3156749398177,1.0,378.5,17.375030029030164,12.781573910395082,21.569893373324593,17.375030029030164,-1227.218426089605,1227.3414182705467,1227.3414182705467,3784.0,1.0,0.1,-5.3273948376477485,5.0241582632550035,7.322793320204347,-5.3273948376477485,5.0241582632550035,7.322793320204347,7.322793320204347,0.0,1.0,9.1,14.761394256673903,-0.07084519559839464,14.761564261375034,-25.238605743326097,-200.0708451955984,201.6564660930766,7.322793320204347,90.0,1.0,0.1,-7.353839926949377,5.165136915955827,8.986523300574282,-7.353839926949377,5.165136915955827,8.986523300574282,8.986523300574282,0.0,1.0,5.300000000000001,-13.263969419829266,5.594816529151558,14.395654092990474,-133.26396941982927,-154.40518347084844,203.96138415934414,124.17047037514095,52.0,1.0,0.1,-5.322855332119193,10.726644209368942,11.974710221172703,-5.322855332119193,10.726644209368942,11.974710221172703,11.974710221172703,0.0,1.0,5.300000000000001,-15.473694876098506,8.176781087976906,17.501285155076296,-135.4736948760985,-151.8232189120231,203.47828337242854,127.25003233876808,52.0
16_LTAN06_800km_1213COLD_PY_STTLCT_HEAT_PY_0p5,15427.5,17.327574038830655,-1234.9174992081946,1235.0390579543193,-2.798385826164342,-97.3493494565205,97.38956208362283,14.529188212666313,-1332.266848664715,1332.346071169623,1.0,378.5,17.327574038830655,5.082500791805387,18.057592208538228,17.327574038830655,-1234.9174992081946,1235.0390579543193,1235.0390579543193,3784.0,1.0,0.1,-5.374850827847258,4.706051490068148,7.143944432089529,-5.374850827847258,4.706051490068148,7.143944432089529,7.143944432089529,0.0,1.0,1.5,-8.1732366540116,-12.643297966452337,15.055058315097174,-8.1732366540116,-92.64329796645234,93.00313142848121,7.143944432089529,14.0,1.0,0.1,-7.401295917148886,4.847030142768972,8.847196304938405,-7.401295917148886,4.847030142768972,8.847196304938405,8.847196304938405,0.0,1.0,4.3,3.8013996694852352,-6.977636241702385,7.945945316240293,-116.19860033051476,-46.977636241702385,125.33560158880802,124.08431867818177,42.0,1.0,0.1,-5.3703113223187025,10.408537436182087,11.712296754224955,-5.3703113223187025,10.408537436182087,11.712296754224955,11.712296754224955,0.0,1.0,4.3,1.5916742132159953,-4.395671682877037,4.674971266720663,-118.408325786784,-44.39567168287704,126.45753152660772,127.16033268064749,42.0
16_LTAN06_800km_1213COLD_PY_STTLCT_HEAT_PY_0p5,15488.0,17.350491197885177,-1241.864529736788,1241.9857284861132,-87.43090455130144,-153.31861941133081,176.4957850172499,-70.08041335341626,-1395.183149148119,1396.9421190595722,1.0,378.5,17.350491197885177,-1.864529736787972,17.450387272128307,17.350491197885177,-1241.864529736788,1241.9857284861132,1241.9857284861132,3784.0,1.0,0.1,-5.351933668792736,4.363871555381138,6.9055462453756595,-5.351933668792736,4.363871555381138,6.9055462453756595,6.9055462453756595,0.0,1.0,5.5,-12.782838220094177,11.04525214405021,16.893742861981362,-92.78283822009418,-148.9547478559498,175.48838131627332,6.9055462453756595,54.0,1.0,0.1,-7.378378758094364,4.504850208081962,8.644891468095722,-7.378378758094364,4.504850208081962,8.644891468095722,8.644891468095722,0.0,1.0,10.700000000000001,-0.8082018965973248,16.710913868800162,16.73044627725516,-200.80820189659732,-103.28908613119984,225.8153432846471,123.92483913062541,106.0,1.0,0.1,-5.34739416326418,10.066357501495077,11.398516468611959,-5.34739416326418,10.066357501495077,11.398516468611959,11.398516468611959,0.0,1.0,10.700000000000001,-3.017927352866593,19.29287842762551,19.527494553329625,-203.0179273528666,-100.70712157237449,226.62348325371497,126.99736038590747,106.0
16_LTAN06_800km_1213COLD_PY_STTLCT_HEAT_PY_0p5,15548.5,17.43754364635512,-1248.0056756770691,1248.127491264653,-52.39596482664155,-172.86249015393133,180.62883942585876,-34.958421180286436,-1420.8681658310004,1421.2981516498814,1.0,378.5,17.43754364635512,-8.00567567706912,19.187463914362315,17.43754364635512,-1248.0056756770691,1248.127491264653,1248.127491264653,3784.0,1.0,0.1,-5.264881220322792,4.013807269822564,6.620394479439128,-5.264881220322792,4.013807269822564,6.620394479439128,6.620394479439128,0.0,1.0,5.5,22.339153953035648,-8.848682884108712,24.027837774567786,-57.66084604696435,-168.8486828841087,178.42267478812786,6.620394479439128,54.0,1.0,0.1,-7.29132630962442,4.154785922523388,8.392001275942455,-7.29132630962442,4.154785922523388,8.392001275942455,8.392001275942455,0.0,1.0,6.9,-5.6862097234675275,-3.183021159358759,6.516487145708356,-165.68620972346753,-123.18302115935876,206.46059380539398,123.70420052837936,68.0,1.0,0.1,-5.260341714794237,9.716293215936503,11.048870929396275,-5.260341714794237,9.716293215936503,11.048870929396275,11.048870929396275,0.0,1.0,6.9,-7.895935179736739,-0.6010566005334113,7.918779034652314,-167.89593517973674,-120.60105660053341,206.72121299722343,126.77342224860102,68.0
16_LTAN06_800km_1213COLD_PY_STTLCT_HEAT_PY_0p5,15609.0,17.58618931442773,-1253.3716197396775,1253.4949905059316,-96.94951522528595,-193.53797993791036,216.46283325519175,-79.36332591085822,-1446.909599677588,1449.0845134562687,1.0,378.5,17.58618931442773,-13.371619739677499,22.092402971732728,17.58618931442773,-1253.3716197396775,1253.4949905059316,1253.4949905059316,3784.0,1.0,0.1,-5.116235552250181,3.6401873298179908,6.279078755858709,-5.116235552250181,3.6401873298179908,6.279078755858709,6.279078755858709,0.0,1.0,8.700000000000001,17.934249222463862,10.102207391907541,20.583777334652574,-102.06575077753614,-189.89779260809246,215.58893552130223,6.279078755858709,86.0,1.0,0.1,-7.142680641551809,3.7811659825188144,8.081775976513853,-7.142680641551809,3.7811659825188144,8.081775976513853,8.081775976513853,0.0,1.0,10.5,-10.091114454039314,15.767869116657494,18.72047775577756,-210.0911144540393,-144.2321308833425,254.83560181358078,123.41834639562985,104.0,1.0,0.1,-5.111696046721626,9.34267327593193,10.649646961983395,-5.111696046721626,9.34267327593193,10.649646961983395,10.649646961983395,0.0,1.0,10.5,-12.300839910308525,18.34983367548284,22.091334464375915,-212.30083991030853,-141.65016632451716,255.21836972754494,126.4842808738214,104.0
16_LTAN06_800km_1213COLD_PY_STTLCT_HEAT_PY_0p5,15669.5,17.792575549621766,-1257.9917604299742,1258.117579979866,-6.473494718465108,-200.10007978931935,200.20476534179193,11.319080831156658,-1458.0918402192935,1458.1357742353582,0.0,nan,nan,nan,nan,17.792575549621766,-1257.9917604299742,1258.117579979866,1258.117579979866,nan,1.0,0.1,-4.909849317056146,3.2409041471564706,5.883033231867105,-4.909849317056146,3.2409041471564706,5.883033231867105,5.883033231867105,0.0,1.0,9.3,-11.383344035521255,3.1408243578371184,11.808695909278901,-11.383344035521255,-196.85917564216288,197.18802082262243,5.883033231867105,92.0,1.0,0.1,-6.936294406357774,3.3818827998572942,7.716820029237481,-6.936294406357774,3.3818827998572942,7.716820029237481,7.716820029237481,0.0,1.0,5.300000000000001,0.5912922879755769,8.806486082587071,8.826314275654315,-119.40870771202442,-151.19351391741293,192.66011037096033,123.06995782596063,52.0,1.0,0.1,-4.905309811527591,8.94339009327041,10.200308363352363,-4.905309811527591,8.94339009327041,10.200308363352363,10.200308363352363,0.0,1.0,5.300000000000001,-1.618433168293663,11.388450641412419,11.5028750289708,-121.61843316829366,-148.61154935858758,192.03238239700778,126.13257159247645,52.0
16_LTAN06_800km_1213COLD_PY_STTLCT_HEAT_PY_0p5,15730.0,18.04587608340116,-1261.875755704472,1262.0047846495472,-33.26644777887792,-245.00041652537797,247.24858067425484,-15.220571695476757,-1506.87617222985,1506.953039824673,0.0,nan,nan,nan,nan,18.04587608340116,-1261.875755704472,1262.0047846495472,1262.0047846495472,nan,1.0,0.1,-4.656548783276751,2.816266275254293,5.441948392273752,-4.656548783276751,2.816266275254293,5.441948392273752,5.441948392273752,0.0,1.0,13.3,2.0770034378453346,-2.1841502501235937,3.014043064711633,-37.922996562154665,-242.1841502501236,245.13530202854838,5.441948392273752,132.0,1.0,0.1,-6.682993872578379,2.9572449279551165,7.308057516524923,-6.682993872578379,2.9572449279551165,7.308057516524923,7.308057516524923,0.0,1.0,8.5,14.051639761342159,3.481511474626359,14.476515538294667,-145.94836023865784,-196.51848852537364,244.78651962199726,122.669110774437,84.0,1.0,0.1,-4.652009277748196,8.518752221368231,9.706200581552055,-4.652009277748196,8.518752221368231,9.706200581552055,9.706200581552055,0.0,1.0,8.5,11.841914305072919,6.063476033451707,13.304009772130126,-148.15808569492708,-193.9365239665483,244.0536696815127,125.72831656509298,84.0
16_LTAN06_800km_1213COLD_PY_STTLCT_HEAT_PY_0p5,15790.5,18.344610613076306,-1265.0529076491844,1265.1859088253398,-27.33667478731109,-270.1992766316537,271.57861270854175,-8.992064174234784,-1535.252184280838,1535.2785175847403,1.0,403.5,18.344610613076306,14.947092350815637,23.66305788120384,18.344610613076306,-1265.0529076491844,1265.1859088253398,1265.1859088253398,4034.0,1.0,0.1,-4.357814253601607,2.369331013878991,4.960269601767849,-4.357814253601607,2.369331013878991,4.960269601767849,4.960269601767849,0.0,1.0,18.3,8.305510959087304,12.170054382225317,14.734033254945537,-31.694489040912696,-267.8299456177747,269.6987586274447,4.960269601767849,182.0,1.0,0.1,-6.384259342903235,2.510309666579815,6.86005991078586,-6.384259342903235,2.510309666579815,6.86005991078586,6.86005991078586,0.0,0.0,nan,nan,nan,nan,-139.71985271741585,-222.16428389302473,262.4473400152436,122.21840781596578,nan,1.0,0.1,-4.353274748073051,8.07181695999293,9.170890363963577,-4.353274748073051,8.07181695999293,9.170890363963577,9.170890363963577,0.0,0.0,nan,nan,nan,nan,-141.92957817368512,-219.58231933419938,261.45821869802927,125.27413888177864,nan
16_LTAN06_800km_1213COLD_PY_STTLCT_HEAT_PY_0p5,15851.0,18.68267189575245,-1267.5575642210551,1267.69523973358,52.9024147195511,-186.60221781219678,193.95631769960448,71.58508661530355,-1454.159782033252,1455.9207039906794,1.0,403.5,18.68267189575245,12.442435778944855,22.446746696960464,18.68267189575245,-1267.5575642210551,1267.69523973358,1267.69523973358,4034.0,1.0,0.1,-4.019752970925463,1.9289789125978132,4.458629115828219,-4.019752970925463,1.9289789125978132,4.458629115828219,4.458629115828219,0.0,1.0,9.5,8.882661748625637,15.326761100400972,17.71471946064237,48.88266174862564,-184.67323889959903,191.03329496529898,4.458629115828219,94.0,1.0,0.1,-6.046198060227091,2.069957565298637,6.390714772670652,-6.046198060227091,2.069957565298637,6.390714772670652,6.390714772670652,0.0,0.0,nan,nan,nan,nan,-59.142701927877525,-139.00757717484908,151.066097134173,121.73478542279591,nan,1.0,0.1,-4.015213465396908,7.631464858711752,8.623293747893378,-4.015213465396908,7.631464858711752,8.623293747893378,8.623293747893378,0.0,1.0,2.9000000000000004,18.647572615853235,-16.425612616023727,24.85020551776579,-61.352427384146765,-136.42561261602373,149.5863233172885,124.78726158207638,28.0
16_LTAN06_800km_1213COLD_PY_STTLCT_HEAT_PY_0p5,15911.5,19.05142812809583,-1269.4258368851242,1269.5687898909684,13.465331102820372,-316.433824653798,316.72019279916327,32.5167592309162,-1585.8596615389222,1586.1929913245822,1.0,403.5,19.05142812809583,10.574163114875773,21.78921382932391,19.05142812809583,-1269.4258368851242,1269.5687898909684,1269.5687898909684,4034.0,1.0,0.1,-3.6509967385820836,1.5187062695983968,3.954269328011749,-3.6509967385820836,1.5187062695983968,3.954269328011749,3.954269328011749,0.0,1.0,24.3,9.814334364238288,5.084881615800441,11.053378671690112,9.814334364238288,-314.91511838419956,315.0680132065892,3.954269328011749,242.0,1.0,0.1,-5.677441827883712,1.6596849222992205,5.9150570369448605,-5.677441827883712,1.6596849222992205,5.9150570369448605,5.9150570369448605,0.0,1.0,17.900000000000002,21.788970687735116,10.750543340550394,24.296778093978478,-98.21102931226488,-269.2494566594496,286.6019472892384,121.23520140036103,178.0,1.0,0.1,-3.6464572330535283,7.221192215712335,8.08963950796034,-3.6464572330535283,7.221192215712335,8.08963950796034,8.08963950796034,0.0,1.0,17.900000000000002,19.579245231465876,13.332507899375742,23.687604579627628,-100.42075476853412,-266.66749210062426,284.9489065280275,124.28486798838627,178.0
16_LTAN06_800km_1213COLD_PY_STTLCT_HEAT_PY_0p5,15972.0,19.449620381480944,-1270.683879060149,1270.8327223660597,-42.70667225188235,-356.3819365095948,358.9316711090825,-23.25705187040141,-1627.0658155697438,1627.2320236085995,1.0,403.5,19.449620381480944,9.31612093985109,21.565663503580197,19.449620381480944,-1270.683879060149,1270.8327223660597,1270.8327223660597,4034.0,1.0,0.1,-3.252804485196968,1.1390026587980628,3.4464567421725416,-3.252804485196968,1.1390026587980628,3.4464567421725416,3.4464567421725416,0.0,1.0,30.700000000000003,-5.959476737079321,4.757066149203183,7.62528958975883,-45.95947673707932,-355.2429338507968,358.20359511438147,3.4464567421725416,306.0,1.0,0.1,-5.279249574498596,1.2799813114988865,5.4322028890340635,-5.279249574498596,1.2799813114988865,5.4322028890340635,5.4322028890340635,0.0,1.0,23.5,6.015159586417525,10.422727873953136,12.033927089049122,-153.98484041358248,-309.57727212604686,345.7591914818765,120.72078245886324,234.0,1.0,0.1,-3.248264979668413,6.841488604912001,7.5734530901881865,-3.248264979668413,6.841488604912001,7.5734530901881865,7.5734530901881865,0.0,1.0,23.5,3.805434130148285,13.004692432778484,13.550031519891878,-156.19456586985171,-306.9953075672215,344.44573052305986,123.76809409591473,234.0
16_LTAN06_800km_1213COLD_PY_STTLCT_HEAT_PY_0p5,16032.5,19.870062512277432,-1271.382003987967,1271.5372662445645,-52.51367920868518,-460.30337445914074,463.2892002221772,-32.64361669640775,-1731.6853784471077,1731.9930299047178,1.0,403.5,19.870062512277432,8.617996012033018,21.658468078449822,19.870062512277432,-1271.382003987967,1271.5372662445645,1271.5372662445645,4034.0,1.0,0.1,-2.8323623544004803,0.7642194695333728,2.9336509513299127,-2.8323623544004803,0.7642194695333728,2.9336509513299127,2.9336509513299127,0.0,1.0,46.300000000000004,-15.346041563085663,-19.53915498960737,24.845111578816688,-55.34604156308566,-459.53915498960737,462.8600428696186,2.9336509513299127,462.0,1.0,0.1,-4.8588074437021085,0.9051981222341965,4.942407653712038,-4.8588074437021085,0.9051981222341965,4.942407653712038,4.942407653712038,0.0,1.0,37.5,-3.3714052395888245,-13.873493264857416,14.277261245055758,-163.37140523958882,-413.8734932648574,444.9511034678012,120.18805801101105,374.0,1.0,0.1,-2.827822848871925,6.466705415647311,7.0579643663994505,-2.827822848871925,6.466705415647311,7.0579643663994505,7.0579643663994505,0.0,1.0,37.5,-5.581130695858064,-11.291528706032068,12.595540495087748,-165.58113069585806,-411.29152870603207,443.3709873546798,123.2331514241631,374.0
16_LTAN06_800km_1213COLD_PY_STTLCT_HEAT_PY_0p5,16093.0,20.307255263593976,-1271.5595618561404,1271.7217085369425,-49.97412191591923,-379.29114063047547,382.5691861899417,-29.66686665232525,-1650.8507024866158,1651.1172474653397,1.0,403.5,20.307255263593976,8.440438143859637,21.991489544846342,20.307255263593976,-1271.5595618561404,1271.7217085369425,1271.7217085369425,4034.0,1.0,0.1,-2.395169603083936,0.38420456797484803,2.4257886506433324,-2.395169603083936,0.38420456797484803,2.4257886506433324,2.4257886506433324,0.0,1.0,30.700000000000003,-12.369291519003163,-18.906936062500563,22.59361865557547,-52.36929151900316,-378.90693606250056,382.50883504891,2.4257886506433324,306.0,1.0,0.1,-4.421614692385564,0.5251832206756717,4.452695128031916,-4.421614692385564,0.5251832206756717,4.452695128031916,4.452695128031916,0.0,1.0,23.5,-0.3946551955063171,-13.24127433775061,13.247154366538988,-160.39465519550632,-333.2412743377506,369.83265450407885,119.63813921708342,234.0,1.0,0.1,-2.3906300975553805,6.086690514088787,6.539335874355749,-2.3906300975553805,6.086690514088787,6.539335874355749,6.539335874355749,0.0,1.0,23.5,-2.604380651775557,-10.659309778925262,10.97286122861465,-162.60438065177556,-330.65930977892526,368.4776299188633,122.68100975652152,234.0
16_LTAN06_800km_1213COLD_PY_STTLCT_HEAT_PY_0p5,16153.5,20.75948279882897,-1271.239713838341,1271.4092048454982,-148.96471766375836,-459.6684711106996,483.20346691832765,-128.2052348649294,-1730.9081849490406,1735.649655595954,1.0,403.5,20.75948279882897,8.760286161658996,22.532171216041963,20.75948279882897,-1271.239713838341,1271.4092048454982,1271.4092048454982,4034.0,1.0,0.1,-1.9429420678489429,0.009030635088493,1.942963054560541,-1.9429420678489429,0.009030635088493,1.942963054560541,1.942963054560541,0.0,1.0,45.7,9.09234026839269,-19.659440475611063,21.660199707535703,-150.9076597316073,-459.65944047561106,483.79739869497274,1.942963054560541,456.0,1.0,0.1,-3.969387157150571,0.15000928778931666,3.9722206874461228,-3.969387157150571,0.15000928778931666,3.9722206874461228,3.9722206874461228,0.0,1.0,37.1,-18.933023408110444,-13.993778750861111,23.54326271144486,-258.93302340811044,-413.9937787508611,488.3002759119454,119.07647034762657,370.0,1.0,0.1,-1.9384025623203875,5.7115165812024316,6.031486230686476,-1.9384025623203875,5.7115165812024316,6.031486230686476,6.031486230686476,0.0,1.0,36.9,18.857251135620288,-11.411814192035763,22.041447855016273,-261.1427488643797,-411.41181419203576,487.2937678046238,122.1172208208703,368.0
16_LTAN06_800km_1213COLD_PY_STTLCT_HEAT_PY_0p5,16214.0,21.219201893438857,-1270.533341787687,1270.7105205841267,-32.59633695325964,-454.34529901508785,455.51308644195944,-11.37713505982078,-1724.878640802775,1724.916161643747,1.0,403.5,21.219201893438857,9.46665821231295,23.235148949453098,21.219201893438857,-1270.533341787687,1270.7105205841267,1270.7105205841267,4034.0,1.0,0.1,-1.4832229732390552,-0.3744599417432255,1.5297616272852586,-1.4832229732390552,-0.3744599417432255,1.5297616272852586,1.5297616272852586,0.0,1.0,46.300000000000004,5.920440073501311,-14.719758956831129,15.865778090315345,-34.07955992649869,-454.71975895683113,455.9950389977312,1.5297616272852586,462.0,1.0,0.1,-3.5096680625406833,-0.23348128904240184,3.5174256810273867,-3.5096680625406833,-0.23348128904240184,3.5174256810273867,3.5174256810273867,0.0,1.0,37.5,17.89507639699815,-9.054097232081176,20.0551847646034,-142.10492360300185,-409.0540972320812,433.03471428347166,118.50495141120953,374.0,1.0,0.1,-1.4786834677104999,5.328026004370713,5.5294091819046,-1.4786834677104999,5.328026004370713,5.5294091819046,5.5294091819046,0.0,1.0,37.5,15.68535094072891,-6.472132673255828,16.968168300498757,-144.3146490592711,-406.4721326732558,431.3308620688363,121.5434955701411,374.0
16_LTAN06_800km_1213COLD_PY_STTLCT_HEAT_PY_0p5,16274.5,21.68479934591771,-1269.475193829909,1269.6603869823448,25.970634401403526,-382.5201865991631,383.4007916098634,47.65543374732124,-1651.995380429072,1652.6826002970563,1.0,403.5,21.68479934591771,10.524806170091097,24.103984475407813,21.68479934591771,-1269.475193829909,1269.6603869823448,1269.6603869823448,4034.0,1.0,0.1,-1.0176255207602019,-0.7561804504732663,1.267821191722407,-1.0176255207602019,-0.7561804504732663,1.267821191722407,1.267821191722407,0.0,1.0,38.5,-15.046991119356672,16.723632950363708,22.496485076662292,24.953008880643328,-383.2763670496363,384.0877844854806,1.267821191722407,384.0,1.0,0.1,-3.04407061006183,-0.6152017977724427,3.105614131057599,-3.04407061006183,-0.6152017977724427,3.105614131057599,3.105614131057599,0.0,1.0,23.900000000000002,-3.0723547958598374,-17.61070532488634,17.87669729093221,-83.07235479585984,-337.61070532488634,347.68089461645206,117.92894047433438,238.0,1.0,0.1,-1.0130860152316465,4.946305495640672,5.048988149170391,-1.0130860152316465,4.946305495640672,5.048988149170391,5.048988149170391,0.0,1.0,23.900000000000002,-5.282080252129077,-15.028740766060992,15.92995357191588,-85.28208025212908,-335.028740766061,345.71272807263415,120.96530058284819,238.0
16_LTAN06_800km_1213COLD_PY_STTLCT_HEAT_PY_0p5,16335.0,22.15573382475349,-1268.086903192074,1268.2804384632673,-40.600227638160376,-472.48917239553583,474.2303201138544,-18.444493813406886,-1740.57607558761,1740.673798923853,1.0,403.70000000000005,-17.84426617524651,11.913096807925967,21.455528678829207,22.15573382475349,-1268.086903192074,1268.2804384632673,1268.2804384632673,4036.0,1.0,0.1,-0.5466910419244222,-1.12492970520384,1.2507349587224341,-0.5466910419244222,-1.12492970520384,1.2507349587224341,1.2507349587224341,0.0,1.0,55.300000000000004,-1.146918680084795,6.3858978992602715,6.488074786753325,-41.146918680084795,-473.61410210073973,475.3981348570432,1.2507349587224341,552.0,1.0,0.1,-2.5731361312260503,-0.9839510525030164,2.7548483122565495,-2.5731361312260503,-0.9839510525030164,2.7548483122565495,2.7548483122565495,0.0,1.0,45.7,10.82771764341203,12.051559624010224,16.201220902652047,-149.17228235658797,-427.9484403759898,453.2022037057142,117.3531758182038,456.0,1.0,0.1,-0.5421515363958669,4.5775562409100985,4.6095498074227805,-0.5421515363958669,4.5775562409100985,4.6095498074227805,4.6095498074227805,0.0,1.0,45.7,8.61799218714279,14.633524182835572,16.982632874418726,-151.3820078128572,-425.3664758171644,451.50099782676705,120.38750496414531,456.0
16_LTAN06_800km_1213COLD_PY_STTLCT_HEAT_PY_0p5,16395.5,22.6262735725622,-1266.484435844088,1266.6865336345445,63.18005999001933,-495.1302426135903,499.1449460136156,85.80633356258153,-1761.6146784576783,1763.70320695887,1.0,403.70000000000005,-17.3737264274378,13.515564155911989,22.011743330050518,22.6262735725622,-1266.484435844088,1266.6865336345445,1266.6865336345445,4036.0,1.0,0.1,-0.07615129411571075,-1.4443346358643794,1.446340748217026,-0.07615129411571075,-1.4443346358643794,1.446340748217026,1.446340748217026,0.0,1.0,55.900000000000006,-16.896091304096387,-16.574577249454705,23.66842859918045,63.10390869590361,-496.5745772494547,500.56809133541026,1.446340748217026,558.0,1.0,0.1,-2.102596383417339,-1.3033559831635557,2.4737923054306545,-2.102596383417339,-1.3033559831635557,2.4737923054306545,2.4737923054306545,0.0,1.0,46.300000000000004,-4.921454980599549,-10.908915524704753,11.96767132951154,-44.92145498059955,-450.90891552470475,453.1410235426046,116.79667507444354,462.0,1.0,0.1,-0.07161178858715544,4.258151310249559,4.258753436070782,-0.07161178858715544,4.258151310249559,4.258753436070782,4.258753436070782,0.0,1.0,46.300000000000004,-7.131180436868789,-8.326950965879405,10.963204221911589,-47.13118043686879,-448.3269509658794,450.7975189946532,119.82953673272463,462.0
16_LTAN06_800km_1213COLD_PY_STTLCT_HEAT_PY_0p5,16456.0,23.096637595806907,-1264.6809794440642,1264.8918666968452,90.26426899998395,-393.56083731534096,403.77935921299115,113.36090659579087,-1658.241816759405,1662.112095495894,1.0,403.70000000000005,-16.903362404193093,15.319020555935822,22.812190849646,23.096637595806907,-1264.6809794440642,1264.8918666968452,1264.8918666968452,4036.0,1.0,0.1,0.39421272912899497,-1.70719830288931,1.7521214915625773,0.39421272912899497,-1.70719830288931,1.7521214915625773,1.7521214915625773,0.0,1.0,38.7,10.65848172911295,4.731964381769785,11.661677395648214,90.65848172911295,-395.2680356182302,405.53147879162526,1.7521214915625773,386.0,1.0,0.1,-1.6322323601726332,-1.5662196501884864,2.2621287474923415,-1.6322323601726332,-1.5662196501884864,2.2621287474923415,2.2621287474923415,0.0,1.0,30.700000000000003,22.633118052609788,10.397626106519738,24.90720099558262,-17.366881947390212,-349.60237389348026,350.03346757207566,116.26182159534359,306.0,1.0,0.1,0.3987522346575503,3.9952876432246285,4.015137195258438,0.3987522346575503,3.9952876432246285,4.015137195258438,4.015137195258438,0.0,1.0,30.700000000000003,20.42339259634055,12.979590665345086,24.198858216539293,-19.57660740365945,-347.0204093346549,347.57216236664937,119.29387899530253,306.0
16_LTAN06_800km_1213COLD_PY_STTLCT_HEAT_PY_0p5,16516.5,23.56511598246596,-1262.728680736377,1262.9485483761791,113.1984130691018,-293.909273997389,314.9548254322122,136.76352905156776,-1556.637954733766,1562.6343094263486,1.0,403.70000000000005,-16.43488401753404,17.2713192636229,23.841222321344752,23.56511598246596,-1262.728680736377,1262.9485483761791,1262.9485483761791,4036.0,1.0,0.1,0.8626911157880492,-1.9382366334855305,2.1215553748712175,0.8626911157880492,-1.9382366334855305,2.1215553748712175,2.1215553748712175,0.0,1.0,19.1,-5.938895815110158,-15.847510630874467,16.92377253151354,114.06110418488984,-295.84751063087447,317.0736271504801,2.1215553748712175,190.0,1.0,0.1,-1.163753973513579,-1.7972579807847069,2.14113511025413,-1.163753973513579,-1.7972579807847069,2.14113511025413,2.14113511025413,0.0,1.0,13.5,6.035740508386681,-10.181848906124515,11.836393480774829,6.035740508386681,-250.18184890612451,250.25464568229597,115.74077110278463,134.0,1.0,0.1,0.8672306213166046,3.764249312628408,3.8628566939730793,0.8672306213166046,3.764249312628408,3.8628566939730793,3.8628566939730793,0.0,1.0,13.5,3.826015052117441,-7.599884347299167,8.508621114572684,3.826015052117441,-247.59988434729917,247.62944316049123,118.77239164784672,134.0
16_LTAN06_800km_1213COLD_PY_STTLCT_HEAT_PY_0p5,16577.0,24.027130037383465,-1260.741861296024,1260.9707941907284,137.46729628386217,-456.3859584093492,476.63969681596535,161.49442632124564,-1717.127819705373,1724.7053078537667,0.0,nan,nan,nan,nan,24.027130037383465,-1260.741861296024,1260.9707941907284,1260.9707941907284,nan,1.0,0.1,1.3247051707055526,-2.1747706483290585,2.5464624800156828,1.3247051707055526,-2.1747706483290585,2.5464624800156828,2.5464624800156828,0.0,0.0,nan,nan,nan,nan,138.79200145456772,-458.56072905767815,479.10454172515836,2.5464624800156828,nan,1.0,0.1,-0.7017399185960755,-2.033791995628235,2.151452717312817,-0.7017399185960755,-2.033791995628235,2.151452717312817,2.151452717312817,0.0,1.0,38.5,-9.233362221935437,-12.895067332928193,15.859941344223701,30.766637778064563,-412.8950673329282,414.0397597188342,115.22364398070366,384.0,1.0,0.1,1.329244676234108,3.52771529778488,3.769836419729931,1.329244676234108,3.52771529778488,3.769836419729931,3.769836419729931,0.0,1.0,38.5,-11.443087678204677,-10.313102774102845,15.404685794922514,28.556912321795323,-410.31310277410284,411.305652221637,118.254724054268,384.0
16_LTAN06_800km_1213COLD_PY_STTLCT_HEAT_PY_0p5,16637.5,24.48264660963468,-1258.7226093207078,1258.9606853274424,94.62576981992608,-424.002734812545,434.4333728462064,119.10841642956076,-1682.7253441332527,1686.935505184692,1.0,378.70000000000005,-15.517353390365319,-18.72260932070776,24.31716175908149,24.48264660963468,-1258.7226093207078,1258.9606853274424,1258.9606853274424,3786.0,1.0,0.1,1.780221742956769,-2.405785688507649,2.9928237891871046,1.780221742956769,-2.405785688507649,2.9928237891871046,2.9928237891871046,0.0,1.0,46.900000000000006,16.405991562882846,13.591479498947365,21.304574019015018,96.40599156288285,-426.40852050105264,437.1708379628258,2.9928237891871046,468.0,1.0,0.1,-0.2462233463448591,-2.2648070358068253,2.278152068173975,-0.2462233463448591,-2.2648070358068253,2.278152068173975,2.278152068173975,0.0,1.0,30.900000000000002,-11.619372113620315,-20.742858776302683,23.775533611854325,-11.619372113620315,-380.7428587763027,380.9201154014662,114.7146331517931,308.0,1.0,0.1,1.7847612484853244,3.2967002576062896,3.748813852753464,1.7847612484853244,3.2967002576062896,3.748813852753464,3.748813852753464,0.0,1.0,30.900000000000002,-13.829097569889555,-18.160894217477335,22.826782917790382,-13.829097569889555,-378.16089421747733,378.4136702802366,117.74520206652197,308.0
16_LTAN06_800km_1213COLD_PY_STTLCT_HEAT_PY_0p5,16698.0,24.92929904838489,-1256.7359790878634,1256.9832103433102,126.73218560129524,-423.36002494266774,441.92166453653005,151.66148464968012,-1680.096004030531,1686.9273216963152,1.0,378.70000000000005,-15.070700951615109,-16.73597908786337,22.521523554200602,24.92929904838489,-1256.7359790878634,1256.9832103433102,1256.9832103433102,3786.0,1.0,0.1,2.226874181706979,-2.5977680529572353,3.4216030567730025,2.226874181706979,-2.5977680529572353,3.4216030567730025,3.4216030567730025,0.0,1.0,47.1,8.959059783002203,14.042207004375086,16.656780293596004,128.9590597830022,-425.9577929956249,445.0510987671186,3.4216030567730025,470.0,1.0,0.1,0.20042909240535067,-2.4567894002564117,2.464951516418668,0.20042909240535067,-2.4567894002564117,2.464951516418668,2.464951516418668,0.0,0.0,nan,nan,nan,nan,20.933696106499042,-380.29213127087496,380.8678573196006,114.22855967184975,nan,1.0,0.1,2.231413687235534,3.104717893156703,3.8234121200400932,2.231413687235534,3.104717893156703,3.8234121200400932,3.8234121200400932,0.0,0.0,nan,nan,nan,nan,18.723970650229802,-377.7101667120496,378.17397731011977,117.25904678697965,nan
16_LTAN06_800km_1213COLD_PY_STTLCT_HEAT_PY_0p5,16758.5,25.364645618419097,-1254.8457224802348,1255.1020486296286,263.3276040798872,-449.5383321562436,520.9857379509261,288.6922496983063,-1704.3840546364784,1728.6608171457324,1.0,378.70000000000005,-14.635354381580903,-14.845722480234826,20.846800086214888,25.364645618419097,-1254.8457224802348,1255.1020486296286,1255.1020486296286,3786.0,1.0,0.1,2.6622207517411844,-2.7134892413725993,3.8013738561270505,2.6622207517411844,-2.7134892413725993,3.8013738561270505,3.8013738561270505,0.0,1.0,47.900000000000006,-14.010175168371632,-12.25182139761614,18.611612928694324,265.98982483162837,-452.25182139761614,524.6735145511175,3.8013738561270505,478.0,1.0,0.1,0.6357756624395563,-2.5725105886717756,2.6499097006839425,0.6357756624395563,-2.5725105886717756,2.6499097006839425,2.6499097006839425,0.0,1.0,39.1,-2.035538844874793,-6.586159672866188,6.893541733063133,157.9644611551252,-406.5861596728662,436.19385165950985,113.78172528145993,390.0,1.0,0.1,2.6667602572697398,2.9889967047413393,4.005709871010125,2.6667602572697398,2.9889967047413393,4.005709871010125,4.005709871010125,0.0,1.0,39.1,-4.245264301144033,-4.00419511404084,5.835738813370289,155.75473569885597,-404.00419511404084,432.988368622489,116.81301146662028,390.0
16_LTAN06_800km_1213COLD_PY_STTLCT_HEAT_PY_0p5,16819.0,25.788410132999854,-1253.051884975872,1253.3172258206516,187.34904784274983,-312.5702035374293,364.4170658284474,213.13745797574967,-1565.6220885133014,1580.0633215264243,1.0,378.70000000000005,-14.211589867000146,-13.051884975872099,19.295620953242658,25.788410132999854,-1253.051884975872,1253.3172258206516,1253.3172258206516,3786.0,1.0,0.1,3.0859852663219414,-2.7595453674532564,4.139854550462954,3.0859852663219414,-2.7595453674532564,4.139854550462954,4.139854550462954,0.0,1.0,25.3,-9.564966890928247,4.6702510951174645,10.644239611921533,190.43503310907175,-315.32974890488254,368.3725727842255,4.139854550462954,252.0,1.0,0.1,1.0595401770203132,-2.6185667147524327,2.8248038916586022,1.0595401770203132,-2.6185667147524327,2.8248038916586022,2.8248038916586022,0.0,1.0,18.900000000000002,2.4096694325685917,10.335912819867417,10.613086289772408,82.40966943256859,-269.6640871801326,281.9753065973674,113.37198931826632,188.0,1.0,0.1,3.0905247718504967,2.942940578660682,4.267580416928219,3.0905247718504967,2.942940578660682,4.267580416928219,4.267580416928219,0.0,1.0,18.900000000000002,0.1999439762993518,12.917877378692765,12.91942466074247,80.19994397629935,-267.08212262130724,278.86357101225065,116.40487947167445,188.0
16_LTAN06_800km_1213COLD_PY_STTLCT_HEAT_PY_0p5,16879.5,26.19941459343929,-1251.459331232434,1251.733544750547,115.81351950191478,-407.53855316697246,423.6749268210825,142.01293409535407,-1658.9978843994063,1665.0650599577414,1.0,378.70000000000005,-13.80058540656071,-11.459331232433897,17.93801633008543,26.19941459343929,-1251.459331232434,1251.733544750547,1251.733544750547,3786.0,1.0,0.1,3.4969897267613774,-2.8089642584257035,4.485445056422793,3.4969897267613774,-2.8089642584257035,4.485445056422793,4.485445056422793,0.0,1.0,38.900000000000006,-0.6894907713238467,-10.34751742539811,10.370463557269668,119.31050922867615,-410.3475174253981,427.34071028816504,4.485445056422793,388.0,1.0,0.1,1.4705446374597493,-2.66798560572488,3.0464157173827706,1.4705446374597493,-2.66798560572488,3.0464157173827706,3.0464157173827706,0.0,1.0,30.900000000000002,11.285145552172992,-4.681855700648157,12.217785516836571,11.285145552172992,-364.68185570064816,364.8564243471699,112.97290594782937,308.0,1.0,0.1,3.5015292322899327,2.893521687688235,4.542375449222917,3.5015292322899327,2.893521687688235,4.542375449222917,4.542375449222917,0.0,1.0,30.900000000000002,9.075420095903752,-2.099891141822809,9.315191502306304,9.075420095903752,-362.0998911418228,362.2136032989886,116.00730094025663,308.0
16_LTAN06_800km_1213COLD_PY_STTLCT_HEAT_PY_0p5,16940.0,26.596958344977363,-1250.1018525901934,1250.3847568019366,151.48705665574016,-360.4839396617528,391.02045865693225,178.08401500071753,-1610.5857922519463,1620.4013424465572,1.0,378.70000000000005,-13.403041655022637,-10.101852590193403,16.783591730028146,26.596958344977363,-1250.1018525901934,1250.3847568019366,1250.3847568019366,3786.0,1.0,0.1,3.8945334782994507,-2.881354619330523,4.844542853142344,3.8945334782994507,-2.881354619330523,4.844542853142344,4.844542853142344,0.0,1.0,31.700000000000003,-4.618409865960388,-3.3652942810833792,5.714447942565646,155.3815901340396,-363.3652942810834,395.19333957009064,4.844542853142344,316.0,1.0,0.1,1.8680883889978226,-2.740375966629699,3.3165365470005206,1.8680883889978226,-2.740375966629699,3.3165365470005206,3.3165365470005206,0.0,1.0,24.5,7.356226457536451,2.3003674436665733,7.707513092459874,47.35622645753645,-317.6996325563334,321.2096958541674,112.57764756939086,244.0,1.0,0.1,3.899072983828006,2.8211313267834157,4.812645020794302,3.899072983828006,2.8211313267834157,4.812645020794302,4.812645020794302,0.0,1.0,24.5,5.146501001267211,4.882332002491921,7.093915585810222,45.14650100126721,-315.1176679975081,318.33528116884116,115.61320158881563,244.0
16_LTAN06_800km_1213COLD_PY_STTLCT_HEAT_PY_0p5,17000.5,26.980883112704955,-1248.9704705251845,1249.2618637809458,107.35236264214277,-303.0432914280086,321.4961372153188,134.33324575484772,-1552.0137619531931,1557.8164648658503,1.0,378.70000000000005,-13.019116887295045,-8.97047052518451,15.810336681053162,26.980883112704955,-1248.9704705251845,1249.2618637809458,1249.2618637809458,3786.0,1.0,0.1,4.278458246027043,-2.960923660740036,5.2031023330054715,4.278458246027043,-2.960923660740036,5.2031023330054715,5.2031023330054715,0.0,1.0,24.900000000000002,-8.369179111830192,13.995784911251349,16.307211726346896,111.63082088816981,-306.00421508874865,325.7299799285411,5.2031023330054715,248.0,1.0,0.1,2.2520131567254147,-2.8199450080392126,3.6088298805055414,2.2520131567254147,-2.8199450080392126,3.6088298805055414,3.6088298805055414,0.0,1.0,13.5,3.6054572116666463,-20.3385533639987,20.655654786168892,3.6054572116666463,-260.3385533639987,260.3635183534067,112.19231274697859,134.0,1.0,0.1,4.282997751555598,2.7415622853739023,5.085295812872137,4.282997751555598,2.7415622853739023,5.085295812872137,5.085295812872137,0.0,1.0,13.5,1.3957317553974065,-17.75658880517335,17.81135910392669,1.3957317553974065,-257.75658880517335,257.76036766658336,115.2288725247241,134.0
16_LTAN06_800km_1213COLD_PY_STTLCT_HEAT_PY_0p5,17061.0,27.34111013977986,-1248.163514107544,1248.4629326707975,65.50667499189365,-278.6026548548909,286.2002162135575,92.8477851316735,-1526.766168962435,1529.586756575804,1.0,378.70000000000005,-12.658889860220139,-8.16351410754396,15.062883358681812,27.34111013977986,-1248.163514107544,1248.4629326707975,1248.4629326707975,3786.0,1.0,0.1,4.638685273101949,-3.0628012334791492,5.558610659031112,4.638685273101949,-3.0628012334791492,5.558610659031112,5.558610659031112,0.0,1.0,18.900000000000002,-9.854639735004412,-1.6654560883700924,9.994381836262653,70.14536026499559,-281.6654560883701,290.26849763654263,5.558610659031112,188.0,1.0,0.1,2.6122401838003206,-2.9218225807783256,3.9192915139610687,2.6122401838003206,-2.9218225807783256,3.9192915139610687,3.9192915139610687,0.0,1.0,13.3,2.119996588492427,4.00020563637986,4.527254208518087,-37.88000341150757,-235.99979436362014,239.02049618835375,111.8204319135237,132.0,1.0,0.1,4.643224778630504,2.6396847126347893,5.341111469254887,4.643224778630504,2.6396847126347893,5.341111469254887,5.341111469254887,0.0,1.0,13.3,-0.0897288677768131,6.582170195205208,6.582781763689289,-40.08972886777681,-233.4178298047948,236.83553287349432,114.85760280844461,132.0
16_LTAN06_800km_1213COLD_PY_STTLCT_HEAT_PY_0p5,17121.5,27.67811648256413,-1247.675440880058,1247.9824052875383,74.26243638414792,-330.4856185246497,338.72651728102113,101.94055286671204,-1578.1610594047077,1581.4500326409811,1.0,378.70000000000005,-12.321883517435872,-7.675440880057977,14.516928260500668,27.67811648256413,-1247.675440880058,1247.9824052875383,1247.9824052875383,3786.0,1.0,0.1,4.975691615886216,-3.161820952450398,5.89530480906244,4.975691615886216,-3.161820952450398,5.89530480906244,5.89530480906244,0.0,1.0,24.700000000000003,-0.7618719999658765,-13.647439477100079,13.668688789545312,79.23812800003412,-333.6474394771001,342.9275357835456,5.89530480906244,246.0,1.0,0.1,2.949246526584588,-3.0208422997495745,4.221793845574124,2.949246526584588,-3.0208422997495745,4.221793845574124,4.221793845574124,0.0,1.0,18.3,11.212764323530962,-7.981777752350126,13.76353369825352,-28.787235676469038,-287.9817777523501,289.41701618131674,111.47112358004513,182.0,1.0,0.1,4.980231121414771,2.5406649936635404,5.590856878219616,4.980231121414771,2.5406649936635404,5.590856878219616,5.590856878219616,0.0,1.0,18.3,9.003038867261722,-5.399813193524778,10.498223248263942,-30.996961132738278,-285.3998131935248,287.07815132880336,114.50882327564963,182.0
16_LTAN06_800km_1213COLD_PY_STTLCT_HEAT_PY_0p5,17182.0,27.992061135322512,-1247.512153452671,1247.8261611693852,92.82295533996212,-229.0842298338484,247.17541422360776,120.81501647528464,-1476.5963832865195,1481.5306771514229,1.0,378.70000000000005,-12.007938864677488,-7.5121534526711,14.164146471789623,27.992061135322512,-1247.512153452671,1247.8261611693852,1247.8261611693852,3786.0,1.0,0.1,5.2896362686446,-3.2379732819902074,6.201993456094806,5.2896362686446,-3.2379732819902074,6.201993456094806,6.201993456094806,0.0,1.0,13.9,18.11259160860672,7.677796884161353,19.672685118575156,98.11259160860672,-232.32220311583865,252.18978308558465,6.201993456094806,138.0,1.0,0.1,3.2631911793429715,-3.0969946292893837,4.498865680011914,3.2631911793429715,-3.0969946292893837,4.498865680011914,4.498865680011914,0.0,1.0,9.3,-9.91277206789644,13.343458608911305,16.622603217239984,-9.91277206789644,-186.6565413910887,186.91957493572812,111.1518710261672,92.0,1.0,0.1,5.294175774173155,2.464512664123731,5.83970203002415,5.294175774173155,2.464512664123731,5.83970203002415,5.83970203002415,0.0,1.0,9.3,-12.12249752416568,15.925423167736653,20.01434608711677,-12.12249752416568,-184.07457683226335,184.4733172635008,114.19026639858569,92.0
16_LTAN06_800km_1213COLD_PY_STTLCT_HEAT_PY_0p5,17242.5,28.28009875372983,-1247.7506004615188,1248.0710416228724,115.99202154274401,-299.73622675246554,321.39688033547844,144.27212029647384,-1547.4868272139843,1554.1975180444872,1.0,378.70000000000005,-11.719901246270169,-7.750600461518843,14.050903627041968,28.28009875372983,-1247.7506004615188,1248.0710416228724,1248.0710416228724,3786.0,1.0,0.1,5.577673887051919,-3.236550708974846,6.448698045502398,5.577673887051919,-3.236550708974846,6.448698045502398,6.448698045502398,0.0,1.0,19.1,1.569695429795928,-22.972777461440273,23.02634248062815,121.56969542979593,-302.9727774614403,326.4532045019512,6.448698045502398,190.0,1.0,0.1,3.5512287977502908,-3.0955720562740225,4.711028797360037,3.5512287977502908,-3.0955720562740225,4.711028797360037,4.711028797360037,0.0,1.0,13.5,13.544331753292767,-17.30711573669032,21.976923755759096,13.544331753292767,-257.3071157366903,257.66334766780045,110.88624172901073,134.0,1.0,0.1,5.582213392580474,2.4659352371390924,6.102617713249703,5.582213392580474,2.4659352371390924,6.102617713249703,6.102617713249703,0.0,1.0,13.5,11.334606297023527,-14.725151177864973,18.582340463986327,11.334606297023527,-254.72515117786497,254.97720671168764,113.92616683755125,134.0
16_LTAN06_800km_1213COLD_PY_STTLCT_HEAT_PY_0p5,17303.0,28.54184593118844,-1248.3785746785013,1248.7048100674099,113.53327003923145,-210.81532294064618,239.44290299019096,142.0751159704199,-1459.1938976191475,1466.094188456856,1.0,378.70000000000005,-11.45815406881156,-8.378574678501309,14.194710574993989,28.54184593118844,-1248.3785746785013,1248.7048100674099,1248.7048100674099,3786.0,1.0,0.1,5.839421064510528,-3.165997255463708,6.6424676883107985,5.839421064510528,-3.165997255463708,6.6424676883107985,6.6424676883107985,0.0,1.0,9.9,-0.6273088962580289,-13.981320196109891,13.995386056750089,119.37269110374197,-213.9813201961099,245.026212422711,6.6424676883107985,98.0,1.0,0.1,3.8129759752089,-3.0250186027628843,4.867188442477009,3.8129759752089,-3.0250186027628843,4.867188442477009,4.867188442477009,0.0,1.0,5.9,11.34732742723881,-8.315658471359939,14.068120540899073,11.34732742723881,-168.31565847135994,168.69772590757842,110.67153359153998,58.0,1.0,0.1,5.8439605700390835,2.5364886906502306,6.370686777888868,5.8439605700390835,2.5364886906502306,6.370686777888868,6.370686777888868,0.0,1.0,5.9,9.13760197096957,-5.733693912534591,10.787539833646186,9.13760197096957,-165.7336939125346,165.98540016421194,113.71371415641556,58.0
16_LTAN06_800km_1213COLD_PY_STTLCT_HEAT_PY_0p5,17363.5,28.773749685171808,-1249.4137966911649,1249.7450796195103,155.02489369661578,-219.9742598022504,269.1122305678339,183.7986433817876,-1469.3880564934152,1480.838681921323,1.0,378.70000000000005,-11.226250314828192,-9.413796691164862,14.650879300361687,28.773749685171808,-1249.4137966911649,1249.7450796195103,1249.7450796195103,3786.0,1.0,0.1,6.0713248184938955,-3.061366235022433,6.799481471156118,6.0713248184938955,-3.061366235022433,6.799481471156118,6.799481471156118,0.0,1.0,10.100000000000001,1.0962185151096833,-23.035626037272777,23.061694689721932,161.09621851510968,-223.03562603727278,275.13066368855755,6.799481471156118,100.0,1.0,0.1,4.044879729192267,-2.9203875823216094,4.988959375922875,4.044879729192267,-2.9203875823216094,4.988959375922875,4.988959375922875,0.0,1.0,6.1000000000000005,13.070854838606522,-17.369964312522825,21.738512056491818,53.07085483860652,-177.36996431252282,185.13946060612273,110.49774673556234,60.0,1.0,0.1,6.075864324022451,2.6411197110915055,6.625076649537338,6.075864324022451,2.6411197110915055,6.625076649537338,6.625076649537338,0.0,1.0,6.1000000000000005,10.861129382337282,-14.787999753697477,18.347999023741714,50.86112938233728,-174.78799975369748,182.03763165880125,113.54244974147778,60.0
16_LTAN06_800km_1213COLD_PY_STTLCT_HEAT_PY_0p5,17424.0,28.970511732449665,-1250.890148798188,1251.2255811445004,112.49153169055337,-169.0139882678048,203.02727140036245,141.46204342300302,-1419.9041370659927,1426.9335191895007,1.0,378.70000000000005,-11.029488267550335,-10.890148798187965,15.499837169812633,28.970511732449665,-1250.890148798188,1251.2255811445004,1251.2255811445004,3786.0,1.0,0.1,6.268086865771753,-2.9569723844922464,6.930555435137224,6.268086865771753,-2.9569723844922464,6.930555435137224,6.930555435137224,0.0,1.0,6.5,-1.2403814436748917,-11.97096065229698,12.035050688080029,118.75961855632511,-171.97096065229698,208.99248385364893,6.930555435137224,64.0,1.0,0.1,4.241641776470125,-2.8159937317914228,5.091300978864363,4.241641776470125,-2.8159937317914228,5.091300978864363,5.091300978864363,0.0,1.0,3.3000000000000003,10.734254879821947,-6.305298927547028,12.449137415528314,10.734254879821947,-126.30529892754703,126.7606120409727,110.35658353310173,32.0,1.0,0.1,6.2726263713003085,2.745513561621692,6.847166297891465,6.2726263713003085,2.745513561621692,6.847166297891465,6.847166297891465,0.0,1.0,3.3000000000000003,8.524529423552707,-3.72333436872168,9.302194403167455,8.524529423552707,-123.72333436872168,124.01665641843245,113.40361939106285,32.0
16_LTAN06_800km_1213COLD_PY_STTLCT_HEAT_PY_0p5,17484.5,29.13250585656134,-1252.7898340175948,1253.1285134076693,13.177231973182492,-221.13166407978116,221.52393166691547,42.30973782974383,-1473.921498097376,1474.528635350577,1.0,378.70000000000005,-10.867494143438659,-12.789834017594785,16.78339307635075,29.13250585656134,-1252.7898340175948,1253.1285134076693,1253.1285134076693,3786.0,1.0,0.1,6.430080989883429,-2.842504353373215,7.0303465444745985,6.430080989883429,-2.842504353373215,7.0303465444745985,7.0303465444745985,0.0,0.0,nan,nan,nan,nan,19.60731296306592,-223.97416843315432,224.83076935098228,7.0303465444745985,nan,1.0,0.1,4.403635900581801,-2.7015257006723914,5.16626076154566,4.403635900581801,-2.7015257006723914,5.16626076154566,5.16626076154566,0.0,1.0,5.5,-8.418050713437253,-18.308506708404366,20.151054456422102,-88.41805071343725,-178.30850670840437,199.02682044524815,110.25164067453997,54.0,1.0,0.1,6.434620495411984,2.8599815927407235,7.041579058051662,6.434620495411984,2.8599815927407235,7.041579058051662,7.041579058051662,0.0,1.0,5.5,-10.627776169706493,-15.726542149579018,18.980878649205536,-90.6277761697065,-175.72654214957902,197.72003294890024,113.30094797944881,54.0
16_LTAN06_800km_1213COLD_PY_STTLCT_HEAT_PY_0p5,17545.0,29.25210295841645,-1255.1089797301315,1255.4498144197964,133.5557693168812,-52.14469081957227,143.37437811022153,162.80787227529765,-1307.2536705497039,1317.3528617802003,1.0,378.70000000000005,-10.747897041583549,-15.108979730131523,18.541805718483992,29.25210295841645,-1255.1089797301315,1255.4498144197964,1255.4498144197964,3786.0,1.0,0.1,6.549678091738539,-2.7384764062419436,7.09912220862154,6.549678091738539,-2.7384764062419436,7.09912220862154,7.09912220862154,0.0,1.0,7.2,-19.89455259138026,-14.883167225814304,24.84556076007841,140.10544740861974,-54.883167225814304,150.47158681394376,7.09912220862154,71.0,1.0,0.1,4.5232330024369105,-2.59749775354112,5.215997639376919,4.5232330024369105,-2.59749775354112,5.215997639376919,5.215997639376919,0.0,1.0,0.8,-7.919916267883423,-9.217505501064352,12.152673835516037,32.08008373211658,-9.217505501064352,33.37804937263054,110.18193138744454,7.0,1.0,0.1,6.554217597267094,2.964009539871995,7.193269136128429,6.554217597267094,2.964009539871995,7.193269136128429,7.193269136128429,0.0,1.0,0.8,-10.129641724152663,-6.635540942239004,12.109502262926606,29.870358275847337,-6.635540942239004,30.598508249972117,113.23315409060076,7.0
16_LTAN06_800km_1213COLD_PY_STTLCT_HEAT_PY_0p5,17605.5,29.32581606253628,-1257.839487803341,1258.1812987662408,111.77143599676559,-99.00158932566639,149.31231896192278,141.09725205930187,-1356.8410771290073,1364.1576679853729,1.0,378.70000000000005,-10.67418393746372,-17.839487803340944,20.789072317358436,29.32581606253628,-1257.839487803341,1258.1812987662408,1258.1812987662408,3786.0,1.0,0.1,6.6233911958583676,-2.6536643564179485,7.135211661184076,6.6233911958583676,-2.6536643564179485,7.135211661184076,7.135211661184076,0.0,1.0,3.9000000000000004,-1.60517280737605,18.34474631791568,18.414839049261882,118.39482719262395,-101.65525368208432,156.04847229992419,7.135211661184076,38.0,1.0,0.1,4.596946106556739,-2.512685703717125,5.238845574384836,4.596946106556739,-2.512685703717125,5.238845574384836,5.238845574384836,0.0,1.0,0.5,10.369463516120788,-15.989591957334369,19.05761854414691,10.369463516120788,-55.98959195733437,56.94172618704988,110.14713768672723,4.0,1.0,0.1,6.627930701386923,3.04882158969599,7.295531404098246,6.627930701386923,3.04882158969599,7.295531404098246,7.295531404098246,0.0,1.0,0.5,8.159738059851549,-13.407627398509021,15.695406897007791,8.159738059851549,-53.40762739850902,54.02736334065694,113.19979378773353,4.0
16_LTAN06_800km_1213COLD_PY_STTLCT_HEAT_PY_0p5,17666.0,29.35560682922249,-1260.9650437290172,1261.3067006715037,30.495499905050256,-76.76692966974556,82.60228208335761,59.85110673427275,-1337.7319733987629,1339.0701951842052,1.0,378.70000000000005,-10.644393170777509,-20.965043729017225,23.512468278207187,29.35560682922249,-1260.9650437290172,1261.3067006715037,1261.3067006715037,3786.0,1.0,0.1,6.653181962544579,-2.5909605531951456,7.13988142863324,6.653181962544579,-2.5909605531951456,7.13988142863324,7.13988142863324,0.0,1.0,1.7000000000000002,-2.8513181324051686,0.6421097770592041,2.9227247660321214,37.14868186759483,-79.3578902229408,87.62248173349172,7.13988142863324,16.0,1.0,0.1,4.626736873242951,-2.449981900494322,5.235370608369165,4.626736873242951,-2.449981900494322,5.235370608369165,5.235370608369165,0.0,1.0,2.1,9.12331819109167,6.307771501809157,11.091569597443813,-70.87668180890833,-33.69222849819084,78.47719595790576,110.14421957809036,20.0,1.0,0.1,6.6577214680731345,3.111525392918793,7.348934985235639,6.6577214680731345,3.111525392918793,7.348934985235639,7.348934985235639,0.0,1.0,2.1,6.91359273482243,8.889736060634505,11.261668248120923,-73.08640726517757,-31.110263939365495,79.43218144623995,113.1978030645355,20.0
16_LTAN06_800km_1213COLD_PY_STTLCT_HEAT_PY_0p5,17726.5,29.33652737105811,-1264.4614950158928,1264.8017647900479,69.67292361173922,-28.423604904156694,75.24770827310856,99.00945098279733,-1292.8850999200495,1296.6706416739723,1.0,403.70000000000005,-10.66347262894189,15.538504984107249,18.845550818411187,29.33652737105811,-1264.4614950158928,1264.8017647900479,1264.8017647900479,4036.0,1.0,0.1,6.634102504380198,-2.5113153928618885,7.093519651135724,6.634102504380198,-2.5113153928618885,7.093519651135724,7.093519651135724,0.0,1.0,2.0,-3.6929738838805832,9.065079702981393,9.788448606823723,76.30702611611942,-30.934920297018607,82.3391251378652,7.093519651135724,19.0,1.0,0.1,4.60765741507857,-2.370336740161065,5.181602369584713,4.60765741507857,-2.370336740161065,5.181602369584713,5.181602369584713,0.0,1.0,0.9,8.281662439616255,14.730741427731346,16.89913239709161,-31.718337560383745,14.730741427731346,34.97209860167288,110.19294645940906,8.0,1.0,0.1,6.638642009908754,3.19117055325205,7.365808661353371,6.638642009908754,3.19117055325205,7.365808661353371,7.365808661353371,0.0,1.0,0.2,6.071936983347015,-22.687294013443307,23.48577715090897,-33.928063016652985,17.312705986556693,38.08993631707635,113.24740422750665,1.0
16_LTAN06_800km_1213COLD_PY_STTLCT_HEAT_PY_0p5,17787.0,29.267688628881423,-1268.3113339022934,1268.6489811223166,82.1399298957181,-91.70579460124746,123.1134470588801,111.40761852459951,-1360.0171285035408,1364.5725511266667,1.0,403.70000000000005,-10.732311371118577,11.688666097706573,15.868441086329687,29.267688628881423,-1268.3113339022934,1268.6489811223166,1268.6489811223166,4036.0,1.0,0.1,6.565263762203511,-2.4215046349770546,6.997597656661746,6.565263762203511,-2.4215046349770546,6.997597656661746,6.997597656661746,0.0,1.0,1.9000000000000001,8.705193657921598,-14.127299236224417,16.594004348913057,88.7051936579216,-94.12729923622442,129.33893398120733,6.997597656661746,18.0,1.0,0.1,4.538818672901883,-2.280525982276231,5.079534791820977,4.538818672901883,-2.280525982276231,5.079534791820977,5.079534791820977,0.0,1.0,0.30000000000000004,20.679829981418436,-8.461637511474464,22.34400764043829,-19.320170018581564,-48.461637511474464,52.1708661979121,110.29147291166542,2.0,1.0,0.1,6.569803267732066,3.280981311136884,7.3435109682448525,6.569803267732066,3.280981311136884,7.3435109682448525,7.3435109682448525,0.0,1.0,0.30000000000000004,18.470104525149196,-5.879672952649116,19.38337729086576,-21.529895474850804,-45.879672952649116,50.68018142627396,113.34666346089053,2.0
16_LTAN06_800km_1213COLD_PY_STTLCT_HEAT_PY_0p5,17847.5,29.14927684501777,-1272.4954646414365,1272.829284654314,65.40465271178115,-110.09222790406477,128.0549383711118,94.55392955679892,-1382.5876925455013,1385.8171499779203,1.0,403.70000000000005,-10.85072315498223,7.504535358563544,13.193037706836055,29.14927684501777,-1272.4954646414365,1272.829284654314,1272.829284654314,4036.0,1.0,0.1,6.446851978339858,-2.3265777424232965,6.853821154813133,6.446851978339858,-2.3265777424232965,6.853821154813133,6.853821154813133,0.0,1.0,3.7,-8.148495309878996,7.581194353511819,11.129801599347559,71.851504690121,-112.41880564648818,133.4189888629702,6.853821154813133,36.0,1.0,0.1,4.4204068890382295,-2.185599089722473,4.9312108498473615,4.4204068890382295,-2.185599089722473,4.9312108498473615,4.9312108498473615,0.0,1.0,1.3,3.8261410136178426,13.246856078261771,13.788348378767829,-36.17385898638216,-66.75314392173823,75.92450393254445,110.43763053978053,12.0,1.0,0.1,6.451391483868413,3.375908203690642,7.2812916627392195,6.451391483868413,3.375908203690642,7.2812916627392195,7.2812916627392195,0.0,1.0,0.30000000000000004,1.6164155573486028,-24.17117936291288,24.225166894123642,-38.3835844426514,-64.17117936291288,74.77459338233332,113.49335165878031,2.0
16_LTAN06_800km_1213COLD_PY_STTLCT_HEAT_PY_0p5,17908.0,28.97363728861949,-1276.9433141252362,1277.2719754018226,53.12888698794938,-98.22476100877887,111.6726569389751,82.10252427656887,-1375.168075134015,1377.6168042530464,1.0,403.70000000000005,-11.02636271138051,3.0566858747638435,11.442202724121932,28.97363728861949,-1276.9433141252362,1277.2719754018226,1277.2719754018226,4036.0,1.0,0.1,6.271212421941577,-2.2137786037744718,6.65048276049521,6.271212421941577,-2.2137786037744718,6.65048276049521,6.65048276049521,0.0,0.0,nan,nan,nan,nan,59.400099409890956,-100.43853961255331,116.68878287739301,6.65048276049521,nan,1.0,0.1,4.244767332639949,-2.072799951073648,4.7238278276645715,4.244767332639949,-2.072799951073648,4.7238278276645715,4.7238278276645715,0.0,1.0,0.30000000000000004,-8.625264266612206,-14.77287788780336,17.106522287035634,-48.625264266612206,-54.77287788780336,73.24264111233354,110.64345188168666,2.0,1.0,0.1,6.275751927470132,3.4887073423394668,7.180260522824947,6.275751927470132,3.4887073423394668,7.180260522824947,7.180260522824947,0.0,1.0,0.30000000000000004,-10.834989722881446,-12.190913328978013,16.309977623822796,-50.834989722881446,-52.19091332897801,72.85662368129857,113.69961650309968,2.0
16_LTAN06_800km_1213COLD_PY_STTLCT_HEAT_PY_0p5,17968.5,28.74184759741505,-1281.6450070656028,1281.9672452677962,-69.01928917009961,-4.763226411512907,69.18345613940636,-40.277441572684566,-1286.4082334771158,1287.0386223642843,1.0,403.70000000000005,-11.258152402584951,-1.6450070656028402,11.377699405666885,28.74184759741505,-1281.6450070656028,1281.9672452677962,1281.9672452677962,4036.0,1.0,0.1,6.039422730737137,-2.0891273649481263,6.390546147828017,6.039422730737137,-2.0891273649481263,6.390546147828017,6.390546147828017,0.0,1.0,0.9,-22.979866439362482,-6.8523537764610865,23.97976258949864,-62.97986643936248,-6.8523537764610865,63.351545592808684,6.390546147828017,8.0,1.0,0.1,4.0129776414355085,-1.9481487122473027,4.46086011388971,4.0129776414355085,-1.9481487122473027,4.46086011388971,4.46086011388971,0.0,1.0,7.7,-11.00523011586563,-1.186692051711134,11.069025608821681,-171.00523011586563,38.813307948288866,175.35467373545782,110.90557469038365,76.0,1.0,0.1,6.043962236265692,3.613358581165812,7.041721362670522,6.043962236265692,3.613358581165812,7.041721362670522,7.041721362670522,0.0,1.0,7.7,-13.214955572134897,1.395272507114214,13.288409842513436,-173.2149555721349,41.395272507114214,178.09264280086057,113.9620284102785,76.0
16_LTAN06_800km_1213COLD_PY_STTLCT_HEAT_PY_0p5,18029.0,28.45570725914068,-1286.5598654373073,1286.8745139405319,-39.43790939034553,-12.606147172402416,41.40366703099345,-10.98220213120485,-1299.1660126097097,1299.212429544862,1.0,403.70000000000005,-11.54429274085932,-6.5598654373072804,13.27789627321421,28.45570725914068,-1286.5598654373073,1286.8745139405319,1286.8745139405319,4036.0,1.0,0.1,5.7532823924627685,-1.9584714898180664,6.077488697139001,5.7532823924627685,-1.9584714898180664,6.077488697139001,6.077488697139001,0.0,1.0,0.9,6.315373002117241,-14.564618662220482,15.874887493515427,-33.68462699788276,-14.564618662220482,36.69853147964361,6.077488697139001,8.0,1.0,0.1,3.7268373031611404,-1.8174928371172427,4.146395603075747,3.7268373031611404,-1.8174928371172427,4.146395603075747,4.146395603075747,0.0,1.0,4.7,-21.70999067438592,-8.89895693747053,23.463058829932606,-141.70999067438592,31.10104306252947,145.08272239144074,111.22003905952332,46.0,1.0,0.1,5.757821897991324,3.744014456295872,6.868053381995577,5.757821897991324,3.744014456295872,6.868053381995577,6.868053381995577,0.0,1.0,4.7,-23.91971613065516,-6.316992378645182,24.739790065459044,-143.91971613065516,33.68300762135482,147.80876054398334,114.27656711347183,46.0
16_LTAN06_800km_1213COLD_PY_STTLCT_HEAT_PY_0p5,18089.5,28.118066236774897,-1291.5981512991775,1291.9041799175156,-13.60179914315939,15.971310532215758,20.978362663642688,14.516267093615507,-1275.6268407669618,1275.7094335684098,1.0,403.70000000000005,-11.881933763225103,-11.598151299177516,16.60413995099661,28.118066236774897,-1291.5981512991775,1291.9041799175156,1291.9041799175156,4036.0,1.0,0.1,5.415641370096985,-1.8315786091072823,5.71697924177142,5.415641370096985,-1.8315786091072823,5.71697924177142,5.71697924177142,0.0,1.0,0.1,-8.186157773062405,14.139731923108457,16.338457636596008,-8.186157773062405,14.139731923108457,16.338457636596008,5.71697924177142,0.0,1.0,0.1,3.389196280795357,-1.6905999564064587,3.7874502824933027,3.389196280795357,-1.6905999564064587,3.7874502824933027,3.7874502824933027,0.0,1.0,4.7,3.7884785504344336,19.80539364785841,20.164478353623036,-116.21152144956557,59.80539364785841,130.69737115565155,111.58038337623178,46.0,1.0,0.1,5.42018087562554,3.8709073370066562,6.660501808136441,5.42018087562554,3.8709073370066562,6.660501808136441,6.660501808136441,0.0,1.0,4.7,1.5787530941651937,22.387358206683757,22.44295588390056,-118.4212469058348,62.38735820668376,133.8498195095599,114.63667001003967,46.0
16_LTAN06_800km_1213COLD_PY_STTLCT_HEAT_PY_0p5,18150.0,27.730926845976786,-1296.7528688170269,1297.049346435565,-108.84158176652733,134.92682004854345,173.35436738037978,-81.11065492055054,-1161.8260487684834,1164.6538996365516,1.0,403.70000000000005,-12.269073154023214,-16.752868817026865,20.765085351601236,27.730926845976786,-1296.7528688170269,1297.049346435565,1297.049346435565,4036.0,1.0,0.1,5.028501979298873,-1.7265370264863122,5.316649533271954,5.028501979298873,-1.7265370264863122,5.316649533271954,5.316649533271954,0.0,1.0,2.6,16.18692021277154,13.200283022057192,20.886930311490083,-103.81307978722846,133.2002830220572,168.8770882389485,5.316649533271954,25.0,1.0,0.1,3.0020568899972453,-1.5855583737854886,3.3950465280259734,3.0020568899972453,-1.5855583737854886,3.3950465280259734,3.3950465280259734,0.0,1.0,8.200000000000001,-11.838443463731608,-21.134055253192855,24.223893887832695,-211.8384434637316,178.86594474680714,277.25178506062764,111.97767723400317,81.0,1.0,0.1,5.033041484827429,3.9759489196276263,6.414021858357047,5.033041484827429,3.9759489196276263,6.414021858357047,6.414021858357047,0.0,1.0,8.200000000000001,-14.048168920000876,-18.552090694367507,23.270821196015323,-214.04816892000088,181.4479093056325,280.60641904523544,115.03320271185821,81.0
