case_name,time_s,thermal_los_x_urad,thermal_los_y_urad,thermal_los_norm_urad,nonthermal_error_x_urad,nonthermal_error_y_urad,nonthermal_error_norm_urad,thermal_plus_nonthermal_error_x_urad,thermal_plus_nonthermal_error_y_urad,thermal_plus_nonthermal_error_norm_urad,thermal_plus_nonthermal_no_correction_success,thermal_plus_nonthermal_no_correction_acquisition_time_s,thermal_plus_nonthermal_no_correction_residual_x_urad,thermal_plus_nonthermal_no_correction_residual_y_urad,thermal_plus_nonthermal_no_correction_residual_norm_urad,thermal_plus_nonthermal_no_correction_pointing_error_x_urad,thermal_plus_nonthermal_no_correction_pointing_error_y_urad,thermal_plus_nonthermal_no_correction_pointing_error_norm_urad,thermal_plus_nonthermal_no_correction_thermal_residual_norm_urad,thermal_plus_nonthermal_no_correction_scan_index,sunface_correction_success,sunface_correction_acquisition_time_s,sunface_correction_residual_x_urad,sunface_correction_residual_y_urad,sunface_correction_residual_norm_urad,sunface_correction_pointing_error_x_urad,sunface_correction_pointing_error_y_urad,sunface_correction_pointing_error_norm_urad,sunface_correction_thermal_residual_norm_urad,sunface_correction_scan_index,sunface_correction_with_nonthermal_success,sunface_correction_with_nonthermal_acquisition_time_s,sunface_correction_with_nonthermal_residual_x_urad,sunface_correction_with_nonthermal_residual_y_urad,sunface_correction_with_nonthermal_residual_norm_urad,sunface_correction_with_nonthermal_pointing_error_x_urad,sunface_correction_with_nonthermal_pointing_error_y_urad,sunface_correction_with_nonthermal_pointing_error_norm_urad,sunface_correction_with_nonthermal_thermal_residual_norm_urad,sunface_correction_with_nonthermal_scan_index
11_LTAN06_800km_1213COLD_MY_ALL_HEAT_MY_Black,0.0,18.48091511781468,124.65831260792864,126.02078846701417,-89.86784578757027,-51.2434666752918,103.45106371323716,-71.3869306697556,73.41484593263684,102.40035875797163,1.0,1.0,8.6130693302444,-6.585154067363163,10.842011685038267,-71.3869306697556,73.41484593263684,102.40035875797163,126.02078846701417,9.0,1.0,0.1,0.8399737936929625,-8.341803045317974,8.383986761736159,0.8399737936929625,-8.341803045317974,8.383986761736159,8.383986761736159,0.0,1.0,1.1,-9.027871993877312,20.414730279390227,22.321820828912827,-89.02787199387731,-59.58526972060977,107.1278038579902,8.383986761736159,10.0
11_LTAN06_800km_1213COLD_MY_ALL_HEAT_MY_Black,60.5,17.89309051876549,138.1609161748895,139.31475674384814,-36.980728257805396,-3.7955090365407713,37.1749936291065,-19.087637739039906,134.36540713834873,135.71440804097048,1.0,3.2,-19.087637739039906,14.36540713834873,23.889387533114803,-19.087637739039906,134.36540713834873,135.71440804097048,139.31475674384814,31.0,1.0,0.1,0.25214919464377417,-9.116641376737789,9.120127696935333,0.25214919464377417,-9.116641376737789,9.120127696935333,9.120127696935333,0.0,1.0,0.9,3.271420936838382,-12.912150413278567,13.320128499422008,-36.72857906316162,-12.912150413278567,38.93214800513894,9.120127696935333,8.0
11_LTAN06_800km_1213COLD_MY_ALL_HEAT_MY_Black,121.0,17.312163067345978,150.9347561748824,151.9243614817636,-27.921265833430784,-61.4051172522503,67.45506289748543,-10.609102766084806,89.5296389226321,90.15602756953209,1.0,1.4000000000000001,-10.609102766084806,9.529638922632103,14.260682995463192,-10.609102766084806,89.5296389226321,90.15602756953209,151.9243614817636,13.0,1.0,0.1,-0.32877825677573824,-9.773045451390601,9.778574156648556,-0.32877825677573824,-9.773045451390601,9.778574156648556,9.778574156648556,0.0,1.0,1.3,11.749955909793478,8.821837296359092,14.693069017925525,-28.250044090206522,-71.17816270364091,76.57934340907207,9.778574156648556,12.0
11_LTAN06_800km_1213COLD_MY_ALL_HEAT_MY_Black,181.5,16.738417172328745,162.9957596884584,163.85295934420162,-73.04967697062503,-166.58591870259428,181.8986630393418,-56.311259798296284,-3.590159014135878,56.42559013265169,1.0,0.9,-16.311259798296284,-3.590159014135878,16.70168967363176,-56.311259798296284,-3.590159014135878,56.42559013265169,163.85295934420162,8.0,1.0,0.1,-0.9025241517929707,-10.296708045040702,10.336186260385189,-0.9025241517929707,-10.296708045040702,10.336186260385189,10.336186260385189,0.0,1.0,5.5,6.047798877581997,-16.882626747634987,17.933180341580307,-73.952201122418,-176.882626747635,191.7195652404671,10.336186260385189,54.0
11_LTAN06_800km_1213COLD_MY_ALL_HEAT_MY_Black,242.0,16.181278024544735,174.3961026113748,175.14518082021206,-65.01867558587188,-150.61111337748298,164.04613877731435,-48.83739756132714,23.78498923389182,54.32142407392751,1.0,0.2,-8.837397561327137,-16.21501076610818,18.466893886140003,-48.83739756132714,23.78498923389182,54.32142407392751,175.14518082021206,1.0,1.0,0.1,-1.459663299576981,-10.703234408227587,10.802307334342922,-1.459663299576981,-10.703234408227587,10.802307334342922,10.802307334342922,0.0,1.0,5.5,13.52166111455115,-1.3143477857105665,13.5853902924637,-66.47833888544885,-161.31434778571057,174.4754663054315,10.802307334342922,54.0
11_LTAN06_800km_1213COLD_MY_ALL_HEAT_MY_Black,302.5,15.644726960755293,185.17612831392023,185.83583071897095,-50.089568541348214,-123.86935564401006,133.61355524167698,-34.44484158059292,61.306772669910174,70.32046278795518,1.0,0.2,5.555158419407078,21.306772669910174,22.019045089920237,-34.44484158059292,61.306772669910174,70.32046278795518,185.83583071897095,1.0,1.0,0.1,-1.9962143633664233,-10.98083460401483,11.160806439735435,-1.9962143633664233,-10.98083460401483,11.160806439735435,11.160806439735435,0.0,1.0,3.1,-12.085782904714634,-14.850190248024887,19.146652418175506,-52.085782904714634,-134.8501902480249,144.5596852193777,11.160806439735435,30.0
11_LTAN06_800km_1213COLD_MY_ALL_HEAT_MY_Black,363.0,15.12860611660282,195.3682002573936,195.9530770231597,-45.04029857023848,-162.94044547246898,169.05093098253812,-29.91169245363566,32.427754784924616,44.11653460814988,1.0,0.2,10.08830754636434,-7.572245215075384,12.613994083844489,-29.91169245363566,32.427754784924616,44.11653460814988,195.9530770231597,1.0,1.0,0.1,-2.5123352075188965,-11.135721587186822,11.4156087644189,-2.5123352075188965,-11.135721587186822,11.4156087644189,11.4156087644189,0.0,1.0,5.7,-7.552633777757379,-14.076167059655802,15.974378112222734,-47.55263377775738,-174.0761670596558,180.45432917329168,11.4156087644189,56.0
11_LTAN06_800km_1213COLD_MY_ALL_HEAT_MY_Black,423.5,14.638404175958376,205.04445047240503,205.56631423058906,-20.46695734128024,-167.19520965301126,168.44326781953671,-5.828553165321862,37.84924081939377,38.29539218503248,1.0,0.4,-5.828553165321862,-2.1507591806062294,6.212712535917422,-5.828553165321862,37.84924081939377,38.29539218503248,205.56631423058906,3.0,1.0,0.1,-3.0025371481633396,-11.243243146297658,11.63725679758207,-3.0025371481633396,-11.243243146297658,11.63725679758207,11.63725679758207,0.0,1.0,5.7,16.530505510556424,-18.43845279930892,24.76356505164148,-23.469494489443576,-178.43845279930892,179.97527221538303,11.63725679758207,56.0
11_LTAN06_800km_1213COLD_MY_ALL_HEAT_MY_Black,484.0,14.172435346690431,214.2378517801688,214.7061132316397,-60.58769451278256,-269.30302491328376,276.03439632375347,-46.41525916609213,-55.06517313311497,72.01770320994294,1.0,0.30000000000000004,-6.415259166092127,-15.065173133114968,16.374217285075282,-46.41525916609213,-55.06517313311497,72.01770320994294,214.7061132316397,2.0,1.0,0.1,-3.4685059774312847,-11.303185585099072,11.823389450012547,-3.4685059774312847,-11.303185585099072,11.823389450012547,11.823389450012547,0.0,1.0,18.1,15.94379950978616,-0.6062104983828362,15.955319927115438,-64.05620049021384,-280.60621049838284,287.8246726594251,11.823389450012547,180.0
11_LTAN06_800km_1213COLD_MY_ALL_HEAT_MY_Black,544.5,13.72886381928034,222.9785484704936,223.4007940446421,-44.73552335886882,-188.17457615750865,193.41907393597438,-31.006659539588476,34.80397231298494,46.612545785088535,1.0,0.2,8.993340460411524,-5.196027687015061,10.386475646777498,-31.006659539588476,34.80397231298494,46.612545785088535,223.4007940446421,1.0,1.0,0.1,-3.912077504841376,-11.3144700807851,11.97169927841771,-3.912077504841376,-11.3144700807851,11.97169927841771,11.97169927841771,0.0,1.0,9.1,-8.647600863710196,0.5109537617062472,8.6626828664475,-48.647600863710196,-199.48904623829375,205.3350156180357,11.97169927841771,90.0
11_LTAN06_800km_1213COLD_MY_ALL_HEAT_MY_Black,605.0,13.306395835104455,231.29724144511843,231.67967988203432,-23.651481673477427,-248.950546498717,250.07152414331523,-10.345085838372972,-17.653305053598558,20.461182280570043,1.0,0.1,-10.345085838372972,-17.653305053598558,20.461182280570043,-10.345085838372972,-17.653305053598558,20.461182280570043,231.67967988203432,0.0,1.0,0.1,-4.334545489017261,-11.276942361771177,12.081296024312506,-4.334545489017261,-11.276942361771177,12.081296024312506,12.081296024312506,0.0,1.0,13.3,12.013972837505314,-20.227488860488165,23.52630121675501,-27.986027162494686,-260.22748886048817,261.72803379648764,12.081296024312506,132.0
11_LTAN06_800km_1213COLD_MY_ALL_HEAT_MY_Black,665.5,12.903391113372972,239.2206534767831,239.56840057086788,-81.82001974837462,-266.25875339073133,278.54665567694525,-68.91662863500164,-27.03809991394823,74.03080810967401,1.0,2.1,11.083371364998357,12.96190008605177,17.054382857648484,-68.91662863500164,-27.03809991394823,74.03080810967401,239.56840057086788,20.0,1.0,0.1,-4.7375502107487435,-11.198516999988982,12.15940644104011,-4.7375502107487435,-11.198516999988982,12.15940644104011,12.15940644104011,0.0,1.0,18.1,-6.557569959123356,2.542729609279718,7.033292090813866,-86.55756995912336,-277.4572703907203,290.64540218262147,12.15940644104011,180.0
11_LTAN06_800km_1213COLD_MY_ALL_HEAT_MY_Black,726.0,12.518888283675269,246.77538001045383,247.0927168962352,-113.91829373381366,-238.81025237495405,264.589709336196,-101.39940545013839,7.965127635499783,101.71176276071198,1.0,2.3000000000000003,-21.39940545013839,7.965127635499783,22.833699040436155,-101.39940545013839,7.965127635499783,101.71176276071198,247.0927168962352,22.0,1.0,0.1,-5.122053040446447,-11.108040955098318,12.232088996131782,-5.122053040446447,-11.108040955098318,12.232088996131782,12.232088996131782,0.0,1.0,12.9,0.9596532257398991,-9.918293330052364,9.964611226467103,-119.0403467742601,-249.91829333005236,276.8208039529222,12.232088996131782,128.0
11_LTAN06_800km_1213COLD_MY_ALL_HEAT_MY_Black,786.5,12.152197015758915,253.9867413787792,254.2772909414458,-163.25798983875234,-232.63910284032278,284.20788767474494,-151.1057928229934,21.34763853845641,152.6062983491638,1.0,7.5,8.894207177006592,21.34763853845641,23.12636141886797,-151.1057928229934,21.34763853845641,152.6062983491638,254.2772909414458,74.0,1.0,0.1,-5.488744308362801,-10.984221947539822,12.279228228003605,-5.488744308362801,-10.984221947539822,12.279228228003605,12.279228228003605,0.0,1.0,12.700000000000001,-8.74673414711512,-3.6233247878626003,9.46751502553068,-168.74673414711512,-243.6233247878626,296.3575284449672,12.279228228003605,126.0
11_LTAN06_800km_1213COLD_MY_ALL_HEAT_MY_Black,847.0,11.80184663728576,260.8765981965917,261.143414756482,-1.1030601648786789,-276.6872689300501,276.6894676884128,10.69878647240708,-15.81067073345838,19.090346802088174,1.0,0.1,10.69878647240708,-15.81067073345838,19.090346802088174,10.69878647240708,-15.81067073345838,19.090346802088174,261.143414756482,0.0,1.0,0.1,-5.839094686835956,-10.83407172882022,12.307401715514832,-5.839094686835956,-10.83407172882022,12.307401715514832,12.307401715514832,0.0,1.0,18.5,-6.942154851714635,-7.521340658870315,10.235432540540765,-6.942154851714635,-287.5213406588703,287.6051370338495,12.307401715514832,184.0
11_LTAN06_800km_1213COLD_MY_ALL_HEAT_MY_Black,907.5,11.467215936876016,267.4412961150348,267.6870260379323,40.801563431346075,-207.07200677867772,211.0535087834147,52.26877936822209,60.36928933635707,79.85284210108414,1.0,0.6000000000000001,12.268779368222091,20.36928933635707,23.778790870318492,52.26877936822209,60.36928933635707,79.85284210108414,267.6870260379323,5.0,1.0,0.1,-6.1737253872457,-10.691826039443072,12.346255675905752,-6.1737253872457,-10.691826039443072,12.346255675905752,12.346255675905752,0.0,1.0,9.5,-5.372161955899628,-17.76383281812079,18.55839110673553,34.62783804410037,-217.7638328181208,220.49982778053797,12.346255675905752,94.0
11_LTAN06_800km_1213COLD_MY_ALL_HEAT_MY_Black,968.0,11.147203438797424,273.68704516685096,273.9139624711889,17.75161472966633,-287.04827339069334,287.59664650702854,28.898818168463755,-13.361228223842375,31.838092141074235,1.0,0.8,-11.101181831536245,-13.361228223842375,17.371201964931284,28.898818168463755,-13.361228223842375,31.838092141074235,273.9139624711889,7.0,1.0,0.1,-6.4937378853242915,-10.580027845612676,12.413928505402133,-6.4937378853242915,-10.580027845612676,12.413928505402133,12.413928505402133,0.0,1.0,18.5,11.25787684434204,-17.628301236306015,20.916424061495807,11.25787684434204,-297.628301236306,297.8411413620551,12.413928505402133,184.0
11_LTAN06_800km_1213COLD_MY_ALL_HEAT_MY_Black,1028.5,10.840564971848831,279.63569868920763,279.84574649315323,-43.48443021734937,-202.0152332248901,206.64232414061323,-32.643865245500535,77.62046546431753,84.20545467523887,1.0,1.2000000000000002,7.356134754499465,-2.379534535682467,7.731423098813082,-32.643865245500535,77.62046546431753,84.20545467523887,279.84574649315323,11.0,1.0,0.1,-6.800376352272885,-10.450456329647693,12.468245908323505,-6.800376352272885,-10.450456329647693,12.468245908323505,12.468245908323505,0.0,1.0,9.1,-10.284806569622248,-12.46568955453779,16.16077542213422,-50.28480656962225,-212.4656895545378,218.33513462021992,12.468245908323505,90.0
11_LTAN06_800km_1213COLD_MY_ALL_HEAT_MY_Black,1089.0,12.842078955460488,202.01233133599416,202.42011017609335,11.116166877425755,-313.7598278032965,313.95668285481844,23.95824583288624,-111.74749646730234,114.28692186815935,1.0,3.5,-16.04175416711376,8.25250353269766,18.040002530911657,23.95824583288624,-111.74749646730234,114.28692186815935,202.42011017609335,34.0,1.0,0.1,-4.7988623686612275,-5.56304488960032,7.346873381041835,-4.7988623686612275,-5.56304488960032,7.346873381041835,7.346873381041835,0.0,1.0,24.3,6.317304508764526,0.6771273071032056,6.353490194096583,6.317304508764526,-319.3228726928968,319.3853555833461,7.346873381041835,242.0
11_LTAN06_800km_1213COLD_MY_ALL_HEAT_MY_Black,1149.5,14.656590864880132,129.441648203936,130.26878346531075,124.40256327917963,-312.3214245274581,336.18546959868894,139.05915414405976,-182.87977632352207,229.74433820967784,0.0,nan,nan,nan,nan,139.05915414405976,-182.87977632352207,229.74433820967784,130.26878346531075,nan,1.0,0.1,-2.9843504592415844,-1.0717610955565817,3.1709650754185392,-2.9843504592415844,-1.0717610955565817,3.1709650754185392,3.1709650754185392,0.0,1.0,24.900000000000002,1.4182128199380486,6.606814376985312,6.757316317487028,121.41821281993805,-313.3931856230147,336.0917600884156,3.1709650754185392,248.0
11_LTAN06_800km_1213COLD_MY_ALL_HEAT_MY_Black,1210.0,16.291484510822247,61.68230673743539,63.79748766226949,109.14255291581232,-271.7841847481137,292.8800777386159,125.43403742663456,-210.10187801067832,244.69674474491956,1.0,9.9,5.434037426634561,-10.10187801067832,11.470688823984867,125.43403742663456,-210.10187801067832,244.69674474491956,63.79748766226949,98.0,1.0,0.1,-1.3494568132994686,2.559117244431711,2.893115061954521,-1.3494568132994686,2.559117244431711,2.893115061954521,2.893115061954521,0.0,1.0,19.1,-12.206903897487152,10.774932496318002,16.28212741206433,107.79309610251285,-269.225067503682,290.0025664364502,2.893115061954521,190.0
11_LTAN06_800km_1213COLD_MY_ALL_HEAT_MY_Black,1270.5,17.763554006852274,-1.5753320030482283,17.83327008358774,87.90622357562562,-361.56634093024616,372.09907690965167,105.66977758247789,-363.1416729332944,378.2036177975061,1.0,31.5,-14.330222417522108,-3.1416729332943873,14.670561794132075,105.66977758247789,-363.1416729332944,378.2036177975061,17.83327008358774,314.0,1.0,0.1,0.12261268273055848,5.432105919567281,5.433489540927108,0.12261268273055848,5.432105919567281,5.433489540927108,5.433489540927108,0.0,1.0,31.3,8.02883625835618,3.8657649893211214,8.911024105912619,88.02883625835618,-356.1342350106789,366.8523808831584,5.433489540927108,312.0
11_LTAN06_800km_1213COLD_MY_ALL_HEAT_MY_Black,1331.0,19.08297046023484,-60.6068233164656,63.540119563150604,194.6521185476591,-299.60999714912475,357.2892352797527,213.73508900789392,-360.21682046559033,418.8542061619433,1.0,31.900000000000002,13.735089007893919,-0.21682046559033097,13.736800252208196,213.73508900789392,-360.21682046559033,418.8542061619433,63.540119563150604,318.0,1.0,0.1,1.442029136113124,7.624657998107786,7.759823298085349,1.442029136113124,7.624657998107786,7.759823298085349,7.759823298085349,0.0,1.0,19.5,-3.9058523162277936,-11.985339151016944,12.605714453416816,196.0941476837722,-291.98533915101694,351.72198258704196,7.759823298085349,194.0
11_LTAN06_800km_1213COLD_MY_ALL_HEAT_MY_Black,1391.5,20.2615727000809,-115.6953332461722,117.45612569476103,142.98286391892978,-329.6339160481798,359.30852756888146,163.24443661901068,-445.329249294352,474.30674290392426,1.0,47.300000000000004,3.244436619010685,-5.329249294351996,6.2391719816117215,163.24443661901068,-445.329249294352,474.30674290392426,117.45612569476103,472.0,1.0,0.1,2.620631375959185,9.238503425705346,9.603002361523773,2.620631375959185,9.238503425705346,9.603002361523773,9.603002361523773,0.0,1.0,25.1,-14.396504705111028,-0.39541262247445275,14.40193385855858,145.60349529488897,-320.39541262247445,351.928399353639,9.603002361523773,250.0
11_LTAN06_800km_1213COLD_MY_ALL_HEAT_MY_Black,1452.0,21.3120185306807,-167.1326540071473,168.48598211520414,145.73734475339432,-239.52929267250204,280.38126846128444,167.049363284075,-406.6619466796493,439.63556345102114,1.0,39.1,7.049363284075014,-6.661946679649304,9.699229674224405,167.049363284075,-406.6619466796493,439.63556345102114,168.48598211520414,390.0,1.0,0.1,3.6710772065589836,10.379619323469655,11.009691419683913,3.6710772065589836,10.379619323469655,11.009691419683913,11.009691419683913,0.0,1.0,14.3,-10.591578040046699,10.850326650967645,15.162820114051945,149.4084219599533,-229.14967334903235,273.5552034755173,11.009691419683913,142.0
11_LTAN06_800km_1213COLD_MY_ALL_HEAT_MY_Black,1512.5,22.24586363234979,-215.16448875568847,216.3114321302642,136.79611683542953,-323.32882878316826,351.0765003578961,159.04198046777933,-538.4933175388567,561.4885614018485,1.0,66.10000000000001,-0.9580195322206748,-18.493317538856672,18.518115320331606,159.04198046777933,-538.4933175388567,561.4885614018485,216.3114321302642,660.0,1.0,0.1,4.604922308228073,11.094408711314827,12.012127793131194,4.604922308228073,11.094408711314827,12.012127793131194,12.012127793131194,0.0,1.0,24.900000000000002,21.401039143657613,7.765579928146622,22.76639426981794,141.4010391436576,-312.2344200718534,342.76024703648585,12.012127793131194,248.0
11_LTAN06_800km_1213COLD_MY_ALL_HEAT_MY_Black,1573.0,23.075687991271096,-260.05266191613845,261.0744613054672,-402.65699723232865,-56.284466689566464,406.5717631743312,-379.58130924105757,-316.3371286057049,494.1165340885262,1.0,32.9,-19.581309241057568,3.6628713942951094,19.92095124347911,-379.58130924105757,-316.3371286057049,494.1165340885262,261.0744613054672,328.0,1.0,0.1,5.43474666714938,11.463645365817172,12.686671604850218,5.43474666714938,11.463645365817172,12.686671604850218,12.686671604850218,0.0,1.0,42.1,2.7777494348206915,-4.820821323749271,5.563830529245328,-397.2222505651793,-44.82082132374927,399.7429453638945,12.686671604850218,420.0
11_LTAN06_800km_1213COLD_MY_ALL_HEAT_MY_Black,1633.5,23.81307590946176,-302.04370113648474,302.980956465082,-316.9372362721384,-50.26884595444447,320.89900063635747,-293.12416036267666,-352.31254709092923,458.30765237558757,1.0,29.5,-13.124160362676662,7.687452909070771,15.209882230130313,-293.12416036267666,-352.31254709092923,458.30765237558757,302.980956465082,294.0,1.0,0.1,6.172134585340043,11.547377053221282,13.093401473597766,6.172134585340043,11.547377053221282,13.093401473597766,13.093401473597766,0.0,1.0,27.3,9.234898313201597,1.2785310987767957,9.322981745434939,-310.7651016867984,-38.721468901223204,313.1681666138411,13.093401473597766,272.0
11_LTAN06_800km_1213COLD_MY_ALL_HEAT_MY_Black,1694.0,24.46679396183408,-341.3319400155947,342.20771072782736,-318.391991461635,106.07084430746868,335.59571546580435,-293.9251974998009,-235.261095708126,376.48347225221585,1.0,20.1,-13.925197499800902,4.738904291874007,14.709464276308745,-293.9251974998009,-235.261095708126,376.48347225221585,342.20771072782736,200.0,1.0,0.1,6.825852637712366,11.396934151193989,13.284666810967323,6.825852637712366,11.396934151193989,13.284666810967323,13.284666810967323,0.0,1.0,28.1,8.433861176077357,-2.5322215413373215,8.805802647786157,-311.56613882392264,117.46777845866268,332.9746804753498,13.284666810967323,280.0
11_LTAN06_800km_1213COLD_MY_ALL_HEAT_MY_Black,1754.5,25.04646727259316,-378.1319757044384,378.960573903116,-385.18466624066355,-11.576333516811196,385.35858444392255,-360.1381989680704,-389.7083092212496,530.63366707367,1.0,36.5,-0.13819896807041232,10.291690778750421,10.29261861919464,-360.1381989680704,-389.7083092212496,530.63366707367,378.960573903116,364.0,1.0,0.1,7.405525948471443,11.084231554677558,13.330491503736594,7.405525948471443,11.084231554677558,13.330491503736594,13.330491503736594,0.0,1.0,34.5,-17.779140292192153,-0.49210196213363133,17.78594933846901,-377.77914029219215,-0.49210196213363133,377.77946080252815,13.330491503736594,344.0
11_LTAN06_800km_1213COLD_MY_ALL_HEAT_MY_Black,1815.0,25.559747556198968,-412.624346590169,413.4152296349284,-380.3628032575861,61.73469653507925,385.34015474415264,-354.80305570138717,-350.88965005508976,499.00777033110916,1.0,29.1,5.196944298612834,9.11034994491024,10.488408180539622,-354.80305570138717,-350.88965005508976,499.00777033110916,413.4152296349284,290.0,1.0,0.1,7.918806232077252,10.646171998984869,13.268325831586855,7.918806232077252,10.646171998984869,13.268325831586855,13.268325831586855,0.0,1.0,34.9,-12.443997025508907,-7.6191314659358795,14.591237996348655,-372.4439970255089,72.38086853406412,379.4120728839328,13.268325831586855,348.0
11_LTAN06_800km_1213COLD_MY_ALL_HEAT_MY_Black,1875.5,26.013017017519264,-444.964579953039,445.72430320450127,-354.08527419087096,25.301648672238386,354.98810518714237,-328.0722571733517,-419.6629312808006,532.6803749135233,1.0,36.7,-8.072257173351716,-19.662931280800592,21.25540407581598,-328.0722571733517,-419.6629312808006,532.6803749135233,445.72430320450127,366.0,1.0,0.1,8.372075693397548,10.132967100390317,13.144149788920187,8.372075693397548,10.132967100390317,13.144149788920187,13.144149788920187,0.0,1.0,34.7,14.286801502526544,-4.565384227371283,14.99851427029108,-345.71319849747346,35.43461577262872,347.5244273577144,13.144149788920187,346.0
11_LTAN06_800km_1213COLD_MY_ALL_HEAT_MY_Black,1936.0,26.413500195211952,-475.3295943811316,476.0629121104621,-400.7035363191533,65.39770787563101,406.0051529402815,-374.2900361239413,-409.9318865055006,555.1010563092273,1.0,36.5,-14.29003612394132,-9.931886505500586,17.402514243111323,-374.2900361239413,-409.9318865055006,555.1010563092273,476.0629121104621,364.0,1.0,0.1,8.772558871090236,9.578291230935918,12.988512310937226,8.772558871090236,9.578291230935918,12.988512310937226,12.988512310937226,0.0,1.0,42.7,8.06902255193694,-5.024000893433083,9.505246441880574,-391.93097744806306,74.97599910656692,399.03795749956174,12.988512310937226,426.0
11_LTAN06_800km_1213COLD_MY_ALL_HEAT_MY_Black,1996.5,26.76767587884,-503.8558577770576,504.5663820432443,-370.16702024676465,11.68821529152069,370.35150499906115,-343.39934436792464,-492.16764248553693,600.1267349669499,1.0,53.7,16.60065563207536,-12.16764248553693,20.582353875847115,-343.39934436792464,-492.16764248553693,600.1267349669499,504.5663820432443,536.0,1.0,0.1,9.126734554718283,9.015286311054865,12.828588032304333,9.126734554718283,9.015286311054865,12.828588032304333,12.828588032304333,0.0,1.0,34.5,-1.0402856920463819,20.703501602575557,20.729620665340818,-361.0402856920464,20.703501602575557,361.6334095063706,12.828588032304333,344.0
11_LTAN06_800km_1213COLD_MY_ALL_HEAT_MY_Black,2057.0,27.082754411516056,-530.6918724577833,531.3824790856984,-347.28622141017695,22.71453292924617,348.028259754222,-320.2034669986609,-507.9773395285372,600.4758427717582,1.0,63.7,-0.20346699866087192,12.022660471462814,12.024382047806801,-320.2034669986609,-507.9773395285372,600.4758427717582,531.3824790856984,636.0,1.0,0.1,9.44181308739434,8.525705468721412,12.721457782686592,9.44181308739434,8.525705468721412,12.721457782686592,12.721457782686592,0.0,1.0,27.700000000000003,-17.844408322782613,-8.759761602032427,19.87853947639602,-337.8444083227826,31.240238397967573,339.2857154820004,12.721457782686592,276.0
11_LTAN06_800km_1213COLD_MY_ALL_HEAT_MY_Black,2117.5,25.06365168449231,-472.2552984642458,472.91992299258806,-403.4954953095937,-2.9333180282685483,403.50615743726803,-378.4318436251014,-475.18861649251437,607.4659509088251,1.0,53.5,21.568156374898592,4.81138350748563,22.098298139634725,-378.4318436251014,-475.18861649251437,607.4659509088251,472.91992299258806,534.0,1.0,0.1,7.422710360370594,3.9657804227121005,8.415702196199645,7.422710360370594,3.9657804227121005,8.415702196199645,8.415702196199645,0.0,1.0,42.300000000000004,3.9272150507768515,1.0324623944435416,4.060664557801878,-396.07278494922315,1.0324623944435416,396.0741306321703,8.415702196199645,422.0
11_LTAN06_800km_1213COLD_MY_ALL_HEAT_MY_Black,2178.0,23.1872685184974,-416.9015529401115,417.54587085160534,-391.1747630458978,-67.66356973406556,396.9836947699125,-367.98749452740043,-484.5651226741771,608.4555482866384,1.0,53.7,-7.987494527400429,-4.565122674177076,9.20002249212128,-367.98749452740043,-484.5651226741771,608.4555482866384,417.54587085160534,536.0,1.0,0.1,5.546327194375685,-1.0041314624092479,5.636490516347153,5.546327194375685,-1.0041314624092479,5.636490516347153,5.636490516347153,0.0,1.0,41.900000000000006,14.37156414847783,11.332298803525191,18.301990390287934,-385.62843585152217,-68.66770119647481,391.69445199657844,5.636490516347153,418.0
11_LTAN06_800km_1213COLD_MY_ALL_HEAT_MY_Black,2238.5,21.45805543954813,-364.70325937482033,365.3339780828827,-422.7945716216206,-65.8332411030671,427.88931445742395,-401.3365161820725,-430.53650047788744,588.5853187643309,1.0,44.5,-1.3365161820725007,9.463499522112556,9.557410669735095,-401.3365161820725,-430.53650047788744,588.5853187643309,365.3339780828827,444.0,1.0,0.1,3.8171141154264134,-5.24892720675183,6.490115329635302,3.8171141154264134,-5.24892720675183,6.490115329635302,6.490115329635302,0.0,1.0,41.900000000000006,-18.97745750619424,8.91783169018106,20.968347942883,-418.97745750619424,-71.08216830981894,424.9644509249923,6.490115329635302,418.0
11_LTAN06_800km_1213COLD_MY_ALL_HEAT_MY_Black,2299.0,19.8748170261682,-315.6590447438663,316.2841141765325,-461.4124283110565,-54.19807762747142,464.58461082823146,-441.53761128488827,-369.8571223713377,575.9772158236573,1.0,49.1,-1.5376112848882713,-9.85712237133771,9.976327475927308,-441.53761128488827,-369.8571223713377,575.9772158236573,316.2841141765325,490.0,1.0,0.1,2.2338757020464826,-8.841911890142399,9.119737196061912,2.2338757020464826,-8.841911890142399,9.119737196061912,9.119737196061912,0.0,0.0,nan,nan,nan,nan,-459.17855260901,-63.03998951761383,463.4856885109682,9.119737196061912,nan
11_LTAN06_800km_1213COLD_MY_ALL_HEAT_MY_Black,2359.5,18.432897681904333,-269.69714746064204,270.32632699269016,-388.1739627003312,-88.71325612442303,398.1822034328952,-369.74106501842687,-358.41040358506507,514.9431741065899,1.0,29.1,-9.741065018426866,1.589596414934931,9.869912079425712,-369.74106501842687,-358.41040358506507,514.9431741065899,270.32632699269016,290.0,1.0,0.1,0.7919563577826167,-11.789249657590972,11.815820003776343,0.7919563577826167,-11.789249657590972,11.815820003776343,11.815820003776343,0.0,1.0,41.7,12.617993657451393,19.497494217986002,23.224255525632703,-387.3820063425486,-100.502505782014,400.20691211727234,11.815820003776343,416.0
11_LTAN06_800km_1213COLD_MY_ALL_HEAT_MY_Black,2420.0,17.12761602354627,-226.7233213683792,227.36934640131108,-395.91593466833257,-11.646213195693676,396.08718939912575,-378.7883186447863,-238.36953456407286,447.54957865027296,1.0,33.300000000000004,-18.788318644786273,1.6304654359271353,18.85893249989979,-378.7883186447863,-238.36953456407286,447.54957865027296,227.36934640131108,332.0,1.0,0.1,-0.5133253005754455,-14.054338188765968,14.063709496019047,-0.5133253005754455,-14.054338188765968,14.063709496019047,14.063709496019047,0.0,1.0,42.1,3.5707400310919866,14.29944861554037,14.738535038399244,-396.429259968908,-25.70055138445963,397.2614712012245,14.063709496019047,420.0
11_LTAN06_800km_1213COLD_MY_ALL_HEAT_MY_Black,2480.5,15.95200808852212,-186.61906268449525,187.29960256043213,-394.1358030677278,-42.69148638621585,396.4411611698603,-378.1837949792057,-229.3105490707111,442.2740221853245,1.0,33.300000000000004,-18.183794979205686,10.68945092928891,21.09300265527555,-378.1837949792057,-229.3105490707111,442.2740221853245,187.29960256043213,332.0,1.0,0.1,-1.6889332355995954,-15.682664294250458,15.773346342500412,-1.6889332355995954,-15.682664294250458,15.773346342500412,15.773346342500412,0.0,1.0,41.900000000000006,4.175263696672573,21.6258493195337,22.02521704156234,-395.8247363033274,-58.3741506804663,400.1059401424384,15.773346342500412,418.0
11_LTAN06_800km_1213COLD_MY_ALL_HEAT_MY_Black,2541.0,14.897227611622936,-149.24795446718628,149.98959731645328,-371.62381322536237,-88.15308730842193,381.93615351019764,-356.7265856137394,-237.4010417756082,428.5010052727772,1.0,33.300000000000004,3.2734143862605833,2.5989582243917937,4.179692045631053,-356.7265856137394,-237.4010417756082,428.5010052727772,149.98959731645328,332.0,1.0,0.1,-2.7437137124987796,-16.72670718062011,16.950241828433075,-2.7437137124987796,-16.72670718062011,16.950241828433075,16.950241828433075,0.0,1.0,33.9,-14.367526937861157,15.120205510957959,20.857767018637674,-374.36752693786116,-104.87979448904204,388.78119362648437,16.950241828433075,338.0
11_LTAN06_800km_1213COLD_MY_ALL_HEAT_MY_Black,2601.5,13.95508086361694,-114.47264841689704,115.3201262464129,-324.8073833925501,-114.94408396757211,344.54604735137985,-310.85230252893314,-229.41673238446916,386.34335905448995,1.0,26.3,9.147697471066863,10.583267615530843,13.98877844717354,-310.85230252893314,-229.41673238446916,386.34335905448995,115.3201262464129,262.0,1.0,0.1,-3.6858604605047756,-17.3012844338638,17.689545228630674,-3.6858604605047756,-17.3012844338638,17.689545228630674,17.689545228630674,0.0,1.0,26.900000000000002,-8.493243853054878,-12.245368401435911,14.90249101440224,-328.4932438530549,-132.2453684014359,354.1138923012398,17.689545228630674,268.0
11_LTAN06_800km_1213COLD_MY_ALL_HEAT_MY_Black,2662.0,13.11712938802803,-82.15145598978862,83.19207176542993,-275.5968473056376,10.231451806428836,275.7867017295689,-262.47971791760955,-71.92000418335978,272.15453205824514,1.0,15.5,-22.47971791760955,8.07999581664022,23.887738487605294,-262.47971791760955,-71.92000418335978,272.15453205824514,83.19207176542993,154.0,1.0,0.1,-4.523811936093686,-17.458554545318208,18.03513241551042,-4.523811936093686,-17.458554545318208,18.03513241551042,18.03513241551042,0.0,1.0,21.3,-0.12065924173128906,-7.227102738889371,7.228109894784211,-280.1206592417313,-7.227102738889371,280.21387322547145,18.03513241551042,212.0
11_LTAN06_800km_1213COLD_MY_ALL_HEAT_MY_Black,2722.5,12.375031368002542,-52.14281208537374,53.59117701198253,-301.36268035517213,-95.06567410625026,316.0014992118383,-288.98764898716956,-147.208486191624,324.3211366438535,1.0,20.5,-8.987648987169564,12.79151380837601,15.63331889991515,-288.98764898716956,-147.208486191624,324.3211366438535,53.59117701198253,204.0,1.0,0.1,-5.265909956119174,-17.24982863894632,18.035697816801203,-5.265909956119174,-17.24982863894632,18.035697816801203,18.035697816801203,0.0,1.0,26.900000000000002,13.371409688708695,7.684497254803432,15.422259728145363,-306.6285903112913,-112.31550274519657,326.55147305317115,18.035697816801203,268.0
11_LTAN06_800km_1213COLD_MY_ALL_HEAT_MY_Black,2783.0,11.718908584062572,-24.29180413402897,26.97080952599759,-337.27257754339723,-175.65110043221404,380.2710883643597,-325.5536689593347,-199.94290456624302,382.0502014909426,1.0,26.5,-5.553668959334686,0.05709543375698445,5.553962441215598,-325.5536689593347,-199.94290456624302,382.0502014909426,26.97080952599759,264.0,1.0,0.1,-5.922032740059144,-16.72423980426824,17.741777498463975,-5.922032740059144,-16.72423980426824,17.741777498463975,17.741777498463975,0.0,1.0,26.5,-23.194610283456427,7.6246597635177125,24.415679034399773,-343.1946102834564,-192.3753402364823,393.4346350522738,17.741777498463975,264.0
11_LTAN06_800km_1213COLD_MY_ALL_HEAT_MY_Black,2843.5,11.142742615803702,1.531027116907372,11.247433353203458,-302.3752426052942,-48.6633146560998,306.26606983786024,-291.2324999894905,-47.132287539192426,295.02173068912344,1.0,21.1,-11.23249998949052,-7.132287539192426,13.305584600295624,-291.2324999894905,-47.132287539192426,295.02173068912344,11.247433353203458,210.0,1.0,0.1,-6.498198708318014,-15.932266355048776,17.20650161017646,-6.498198708318014,-15.932266355048776,17.20650161017646,17.20650161017646,0.0,1.0,27.1,11.126558686387739,15.404418988851432,19.0025375301752,-308.87344131361226,-64.59558101114857,315.5556873755904,17.20650161017646,270.0
11_LTAN06_800km_1213COLD_MY_ALL_HEAT_MY_Black,2904.0,10.644970321184076,25.465835681711155,27.601162658605578,-171.02915802247398,-90.6270951058155,193.55682178935183,-160.3841877012899,-65.16125942410434,173.11579186873166,1.0,7.1000000000000005,-0.3841877012899033,14.838740575895656,14.843713217000474,-160.3841877012899,-65.16125942410434,173.11579186873166,27.601162658605578,70.0,1.0,0.1,-6.99597100293764,-14.949907290381134,16.505857695525407,-6.99597100293764,-14.949907290381134,16.505857695525407,16.505857695525407,0.0,1.0,6.9,-18.025129025411616,14.422997603803367,23.08523632675338,-178.02512902541162,-105.57700239619663,206.97693108044905,16.505857695525407,68.0
11_LTAN06_800km_1213COLD_MY_ALL_HEAT_MY_Black,2964.5,10.23069832195998,47.67167033861965,48.75710554400233,-196.51790851197316,-140.0742288651275,241.32981158174465,-186.28721019001318,-92.40255852650786,207.94508290080546,1.0,10.9,13.712789809986816,-12.40255852650786,18.48956631120187,-186.28721019001318,-92.40255852650786,207.94508290080546,48.75710554400233,108.0,1.0,0.1,-7.410243002161735,-13.810180421454461,15.672676370812074,-7.410243002161735,-13.810180421454461,15.672676370812074,15.672676370812074,0.0,1.0,10.5,-3.928151514134896,6.115590713418044,7.26848155339513,-203.9281515141349,-153.88440928658196,255.47426954872037,15.672676370812074,104.0
11_LTAN06_800km_1213COLD_MY_ALL_HEAT_MY_Black,3025.0,9.8919913117017,68.25778047685222,68.97083505175887,-103.70890037497637,-231.91334013564403,254.0459276387986,-93.81690906327466,-163.65555965879182,188.6392181743211,1.0,5.5,-13.816909063274665,-3.655559658791816,14.292308857626457,-93.81690906327466,-163.65555965879182,188.6392181743211,68.97083505175887,54.0,1.0,0.1,-7.748950012420016,-12.540602564431566,14.741537876829938,-7.748950012420016,-12.540602564431566,14.741537876829938,14.741537876829938,0.0,1.0,12.9,8.542149612603623,-4.453942700075601,9.633583216003325,-111.45785038739638,-244.4539427000756,268.664442222247,14.741537876829938,128.0
11_LTAN06_800km_1213COLD_MY_ALL_HEAT_MY_Black,3085.5,9.634311385791854,87.33073884681103,87.86055943031724,-133.72411351975643,-199.35543785964802,240.0515135150301,-124.08980213396458,-112.02469901283699,167.17599164522161,1.0,2.7,-4.089802133964582,7.97530098716301,8.962806889073564,-124.08980213396458,-112.02469901283699,167.17599164522161,87.86055943031724,26.0,1.0,0.1,-8.006629938329862,-11.214248887980588,13.779169100164708,-8.006629938329862,-11.214248887980588,13.779169100164708,13.779169100164708,0.0,1.0,8.5,18.269256541913705,-10.569686747628623,21.10649218930642,-141.7307434580863,-210.56968674762862,253.82512999735926,13.779169100164708,84.0
11_LTAN06_800km_1213COLD_MY_ALL_HEAT_MY_Black,3146.0,9.46431896799602,104.9909209063766,105.41663439086355,-120.53094319422406,-312.2295764154588,334.68644528254515,-111.06662422622804,-207.23865550908218,235.1247655059377,1.0,8.700000000000001,8.933375773771957,-7.238655509082179,11.497970964243278,-111.06662422622804,-207.23865550908218,235.1247655059377,105.41663439086355,86.0,1.0,0.1,-8.176622356125696,-9.7861164196228,12.752459673847454,-8.176622356125696,-9.7861164196228,12.752459673847454,12.752459673847454,0.0,1.0,23.700000000000003,-8.707565550349756,-2.015692835081609,8.937824982569147,-128.70756555034976,-322.0156928350816,346.78486682950165,12.752459673847454,236.0
11_LTAN06_800km_1213COLD_MY_ALL_HEAT_MY_Black,3206.5,9.377042507666047,121.32964355229254,121.69145956359033,-14.338092848554307,-256.4779836601796,256.87844792610593,-4.96105034088826,-135.14834010788704,135.23936503253015,1.0,3.3000000000000003,-4.96105034088826,-15.148340107887037,15.940019714826157,-4.96105034088826,-135.14834010788704,135.23936503253015,121.69145956359033,32.0,1.0,0.1,-8.263898816455669,-8.348171175295278,11.746658487444348,-8.263898816455669,-8.348171175295278,11.746658487444348,11.746658487444348,0.0,1.0,18.3,17.398008334990024,15.173845164525119,23.085412517461425,-22.601991665009976,-264.8261548354749,265.78890554755685,11.746658487444348,182.0
11_LTAN06_800km_1213COLD_MY_ALL_HEAT_MY_Black,3267.0,9.379905938468044,136.3978202947004,136.7199620266181,-153.12997836715144,-226.32718983359416,273.26321950217897,-143.75007242868338,-89.92936953889375,169.5623036789564,1.0,7.1000000000000005,16.24992757131662,-9.929369538893752,19.043437859613142,-143.75007242868338,-89.92936953889375,169.5623036789564,136.7199620266181,70.0,1.0,0.1,-8.261035385653672,-6.900700239434627,10.764031281892265,-8.261035385653672,-6.900700239434627,10.764031281892265,10.764031281892265,0.0,1.0,12.700000000000001,-1.3910137528050939,6.772109926971211,6.913493481842226,-161.3910137528051,-233.2278900730288,283.6235322184584,10.764031281892265,126.0
11_LTAN06_800km_1213COLD_MY_ALL_HEAT_MY_Black,3327.5,9.471782172409254,150.2656513867778,150.56387562830005,-12.60377918176231,-169.9052285857431,170.37206916169163,-3.1319970093530554,-19.6395771989653,19.887744915417485,1.0,0.1,-3.1319970093530554,-19.6395771989653,19.887744915417485,-3.1319970093530554,-19.6395771989653,19.887744915417485,150.56387562830005,0.0,1.0,0.1,-8.169159151712462,-5.493632210717863,9.844549563725316,-8.169159151712462,-5.493632210717863,9.844549563725316,9.844549563725316,0.0,1.0,5.7,19.22706166652523,-15.398860796460951,24.63340849653466,-20.77293833347477,-175.39886079646095,176.62467363226077,9.844549563725316,56.0
11_LTAN06_800km_1213COLD_MY_ALL_HEAT_MY_Black,3388.0,9.646953042346256,163.0123319846062,163.2975323820317,-50.66842153675701,-212.0760758966798,218.0448369229613,-41.021468494410755,-49.06374391207362,63.95320042114761,1.0,0.30000000000000004,-1.0214684944107546,-9.063743912073619,9.121121180464899,-41.021468494410755,-49.06374391207362,63.95320042114761,163.2975323820317,2.0,1.0,0.1,-7.99398828177546,-4.104322353923237,8.986062020377856,-7.99398828177546,-4.104322353923237,8.986062020377856,8.986062020377856,0.0,1.0,9.1,-18.662409818532467,-16.180398250603048,24.700016756734705,-58.66240981853247,-216.18039825060305,223.99831006841723,8.986062020377856,90.0
11_LTAN06_800km_1213COLD_MY_ALL_HEAT_MY_Black,3448.5,9.895671390430683,174.7031237852821,174.98315853990917,-36.64975874412738,-187.04735193692235,190.60408359376152,-26.754087353696697,-12.344228151640266,29.464574641236236,1.0,0.9,13.245912646303303,-12.344228151640266,18.106191496094528,-26.754087353696697,-12.344228151640266,29.464574641236236,174.98315853990917,8.0,1.0,0.1,-7.7452699336910324,-2.781184258672255,8.229470956654787,-7.7452699336910324,-2.781184258672255,8.229470956654787,8.229470956654787,0.0,1.0,9.1,-4.395028677818416,10.171463804405391,11.080385959125039,-44.395028677818416,-189.8285361955946,194.95074179255255,8.229470956654787,90.0
11_LTAN06_800km_1213COLD_MY_ALL_HEAT_MY_Black,3509.0,10.2132550184014,185.40584780764632,185.68693809566415,43.00553323598175,-185.46078423029138,190.3816650211512,53.21878825438315,-0.05493642264505638,53.218816609122406,1.0,0.8,13.21878825438315,-0.05493642264505638,13.218902409986653,53.21878825438315,-0.05493642264505638,53.218816609122406,185.68693809566415,7.0,1.0,0.1,-7.427686305720316,-1.4869667740653938,7.575063962988007,-7.427686305720316,-1.4869667740653938,7.575063962988007,7.575063962988007,0.0,1.0,9.5,-4.42215306973857,13.052248995643225,13.781024693993835,35.57784693026143,-186.94775100435677,190.30303412657426,7.575063962988007,94.0
11_LTAN06_800km_1213COLD_MY_ALL_HEAT_MY_Black,3569.5,10.593590193470082,195.1834519995109,195.4707243748602,110.13934148992757,-150.35358273712058,186.37830985853222,120.73293168339765,44.82986926239033,128.78725857378507,1.0,4.6000000000000005,0.732931683397652,4.829869262390332,4.885163860538461,120.73293168339765,44.82986926239033,128.78725857378507,195.4707243748602,45.0,1.0,0.1,-7.047351130651634,-0.21420617086312177,7.050605806761055,-7.047351130651634,-0.21420617086312177,7.050605806761055,7.050605806761055,0.0,1.0,6.300000000000001,23.09199035927594,9.432211092016303,24.94406993329774,103.09199035927594,-150.5677889079837,182.47908793304558,7.050605806761055,62.0
11_LTAN06_800km_1213COLD_MY_ALL_HEAT_MY_Black,3630.0,11.02369468180712,204.08939282468697,204.38689319030976,65.00207842708389,-54.02487967498024,84.52193693791487,76.025773108891,150.06451314970673,168.22388737531622,1.0,6.2,-3.974226891108998,-9.935486850293273,10.700858766209581,76.025773108891,150.06451314970673,168.22388737531622,204.38689319030976,61.0,1.0,0.1,-6.617246642314596,0.9701862678192583,6.687990319930858,-6.617246642314596,0.9701862678192583,6.687990319930858,6.687990319930858,0.0,1.0,0.7000000000000001,18.38483178476929,-13.054693407160983,22.54832720423481,58.38483178476929,-53.05469340716098,78.8897273101109,6.687990319930858,6.0
11_LTAN06_800km_1213COLD_MY_ALL_HEAT_MY_Black,3690.5,11.500020467650714,212.1806483090845,212.49206570509824,125.58981391978008,-203.29168258517961,238.95671065847557,137.0898343874308,8.888965723904874,137.37771436449933,1.0,4.4,17.089834387430813,8.888965723904874,19.263336965089106,137.0898343874308,8.888965723904874,137.37771436449933,212.49206570509824,43.0,1.0,0.1,-6.140920856471002,2.1249061185044695,6.498163969760864,-6.140920856471002,2.1249061185044695,6.498163969760864,6.498163969760864,0.0,1.0,9.9,-0.5511069366908998,-1.1667764666751452,1.2903821832526068,119.4488930633091,-201.16677646667515,233.95749615697954,6.498163969760864,98.0
11_LTAN06_800km_1213COLD_MY_ALL_HEAT_MY_Black,3751.0,12.015146937978066,219.51201187238848,219.84059477768164,237.78548808969265,-145.4525408469271,278.7442913942461,249.80063502767072,74.05947102546139,260.5478123277927,1.0,16.2,9.800635027670722,-5.9405289745386085,11.460468203478383,249.80063502767072,74.05947102546139,260.5478123277927,219.84059477768164,161.0,1.0,0.1,-5.6257943861436495,3.1863912031853943,6.465496993650424,-5.6257943861436495,3.1863912031853943,6.465496993650424,6.465496993650424,0.0,1.0,15.0,-7.84030629645099,17.7338503562583,19.389684145966164,232.159693703549,-142.2661496437417,272.2825383952875,6.465496993650424,149.0
11_LTAN06_800km_1213COLD_MY_ALL_HEAT_MY_Black,3811.5,12.5595844013328,226.1360795953264,226.48459032587184,312.56840955678297,-147.9855047244745,345.83047908102935,325.1279939581158,78.1505748708519,334.3885835489501,1.0,27.8,5.1279939581157805,-1.849425129148102,5.451302169463405,325.1279939581158,78.1505748708519,334.3885835489501,226.48459032587184,277.0,1.0,0.1,-5.081356922788915,4.1513671322377945,6.561557531821166,-5.081356922788915,4.1513671322377945,6.561557531821166,6.561557531821166,0.0,1.0,26.6,-12.51294736600596,16.165862407763285,20.44282170276818,307.48705263399404,-143.83413759223671,339.46508903632946,6.561557531821166,265.0
11_LTAN06_800km_1213COLD_MY_ALL_HEAT_MY_Black,3872.0,13.13069891888398,232.10044533818373,232.4715724132342,286.60882750608397,-86.06554805143996,299.2522323489115,299.73952642496795,146.03489728674379,333.4216173660818,1.0,22.0,19.73952642496795,-13.965102713256215,24.180012350571786,299.73952642496795,146.03489728674379,333.4216173660818,232.4715724132342,219.0,1.0,0.1,-4.510242405237737,5.036945676689555,6.761146966597183,-4.510242405237737,5.036945676689555,6.761146966597183,6.761146966597183,0.0,1.0,20.8,2.0985851008462078,-1.0286023747503918,2.337109811462832,282.0985851008462,-81.02860237475039,293.50510407607015,6.761146966597183,207.0
11_LTAN06_800km_1213COLD_MY_ALL_HEAT_MY_Black,3932.5,13.721048970930768,237.46590882520763,237.86198737722785,311.7023178152628,-166.6586148895062,353.4592322295399,325.4233667861936,70.80729393570144,333.0375962634824,1.0,27.8,5.423366786193583,-9.192706064298562,10.673272791518976,325.4233667861936,70.80729393570144,333.0375962634824,237.86198737722785,277.0,1.0,0.1,-3.9198923531909475,5.809684569763363,7.0084228511664,-3.9198923531909475,5.809684569763363,7.0084228511664,7.0084228511664,0.0,1.0,26.6,-12.217574537928158,-0.8489303197428342,12.247032713176246,307.78242546207184,-160.84893031974283,347.2785622642453,7.0084228511664,265.0
11_LTAN06_800km_1213COLD_MY_ALL_HEAT_MY_Black,3993.0,14.325581378709026,242.28249226809305,242.70564134662504,264.19507428346105,-69.84724994516603,273.27216396945005,278.5206556621701,172.43524232292702,327.5784920068039,1.0,22.0,-1.4793443378299003,12.435242322927024,12.522927425318127,278.5206556621701,172.43524232292702,327.5784920068039,242.70564134662504,219.0,1.0,0.1,-3.3153599454126894,6.542930084002194,7.334953691182228,-3.3153599454126894,6.542930084002194,7.334953691182228,7.334953691182228,0.0,0.0,nan,nan,nan,nan,260.87971433804836,-63.30431986116383,268.4504838255768,7.334953691182228,nan
11_LTAN06_800km_1213COLD_MY_ALL_HEAT_MY_Black,4053.5,14.9428327592734,246.58581329986524,247.0381581287142,260.35851077913543,-183.7468773779835,318.66827435640477,275.30134353840884,62.83893592188173,282.381942804152,1.0,21.400000000000002,-4.698656461591156,22.838935921881728,23.31725469663768,275.30134353840884,62.83893592188173,282.381942804152,247.0381581287142,213.0,1.0,0.1,-2.698108564848315,7.185640359787698,7.675494590442867,-2.698108564848315,7.185640359787698,7.675494590442867,7.675494590442867,0.0,1.0,15.0,17.660402214287103,-16.56123701819581,24.210831830882146,257.6604022142871,-176.5612370181958,312.3503694357087,7.675494590442867,149.0
11_LTAN06_800km_1213COLD_MY_ALL_HEAT_MY_Black,4114.0,15.561801003148354,250.4367916951012,250.91982043074455,204.26784854248783,-245.48208877789367,319.3537378189496,219.8296495456362,4.954702917207527,219.88547905751986,1.0,11.200000000000001,19.829649545636187,4.954702917207527,20.439277925125786,219.8296495456362,4.954702917207527,219.88547905751986,250.91982043074455,111.0,1.0,0.1,-2.0791403209733623,7.7677417970292595,8.04118381207721,-2.0791403209733623,7.7677417970292595,8.04118381207721,8.04118381207721,0.0,1.0,14.5,2.1887082215144744,2.2856530191355944,3.1645937184429713,202.18870822151447,-237.7143469808644,312.07112088885043,8.04118381207721,144.0
11_LTAN06_800km_1213COLD_MY_ALL_HEAT_MY_Black,4174.5,16.1794711456943,253.8711869675465,254.38623166135642,176.64086610339865,-257.83647911021853,312.5406302190372,192.82033724909294,-3.965292142672041,192.86110545838596,1.0,11.200000000000001,-7.179662750907056,-3.965292142672041,8.201896060881221,192.82033724909294,-3.965292142672041,192.86110545838596,254.38623166135642,111.0,1.0,0.1,-1.4614701784274153,8.265216964722043,8.393432346564886,-1.4614701784274153,8.265216964722043,8.393432346564886,8.393432346564886,0.0,1.0,14.3,15.179395924971232,-9.57126214549649,17.945002638752864,175.17939592497123,-249.5712621454965,304.9157845135833,8.393432346564886,142.0
11_LTAN06_800km_1213COLD_MY_ALL_HEAT_MY_Black,4235.0,16.794616269986115,256.9196363575344,257.4679760314742,239.0760333799287,-244.43629482565606,341.9158550941676,255.8706496499148,12.483341531878324,256.1749854456344,1.0,15.8,15.87064964991481,12.483341531878324,20.191863116410513,255.8706496499148,12.483341531878324,256.1749854456344,257.4679760314742,157.0,1.0,0.1,-0.8463250541356011,8.675852378797174,8.717033933393756,-0.8463250541356011,8.675852378797174,8.717033933393756,8.717033933393756,0.0,1.0,14.700000000000001,-1.7702916742069021,4.239557553141111,4.594320500156919,238.2297083257931,-235.7604424468589,335.1661978060006,8.717033933393756,146.0
11_LTAN06_800km_1213COLD_MY_ALL_HEAT_MY_Black,4295.5,17.398424691109796,259.65012278106104,260.23237969544124,334.01300598500086,-363.0794556430234,493.34711844417455,351.4114306761106,-103.42933286196234,366.3162847951228,1.0,33.800000000000004,-8.588569323889374,16.570667138037663,18.664150996787797,351.4114306761106,-103.42933286196234,366.3162847951228,260.23237969544124,337.0,1.0,0.1,-0.2425166330119204,9.031506619900256,9.034762096623773,-0.2425166330119204,9.031506619900256,9.034762096623773,9.034762096623773,0.0,1.0,32.5,13.770489351988886,5.952050976876876,15.00177615566171,333.7704893519889,-354.0479490231231,486.57238903347786,9.034762096623773,324.0
11_LTAN06_800km_1213COLD_MY_ALL_HEAT_MY_Black,4356.0,17.991126085642374,262.0836082713497,262.70039654016466,333.52716424781556,-219.24510243446633,399.1350451071529,351.5182903334579,42.83850583688337,354.1189715636454,1.0,34.6,-8.481709666542088,2.838505836883371,8.944077048725289,351.5182903334579,42.83850583688337,354.1189715636454,262.70039654016466,345.0,1.0,0.1,0.3501847615206586,9.325301871272472,9.331874643262154,0.3501847615206586,9.325301871272472,9.331874643262154,9.331874643262154,0.0,1.0,26.400000000000002,13.877349009336172,-9.91980056319386,17.05823140716718,333.87734900933617,-209.91980056319386,394.38611391629036,9.331874643262154,263.0
11_LTAN06_800km_1213COLD_MY_ALL_HEAT_MY_Black,4416.5,18.570732770081943,264.2521270512288,264.9038670286196,347.2486120272131,-306.14307233880646,462.9310740227638,365.819344797295,-41.890945287577665,368.2100546223705,1.0,34.2,5.8193447972950025,-1.8909452875776651,6.11886002049537,365.819344797295,-41.890945287577665,368.2100546223705,264.9038670286196,341.0,1.0,0.1,0.9297914459602268,9.55363418079753,9.598772744131601,0.9297914459602268,9.55363418079753,9.598772744131601,9.598772744131601,0.0,1.0,33.0,-11.821596526826738,-16.58943815800893,20.370557254073457,348.17840347317326,-296.58943815800893,457.37675440714213,9.598772744131601,329.0
11_LTAN06_800km_1213COLD_MY_ALL_HEAT_MY_Black,4477.0,19.13198469658679,266.20563038999325,266.8922450910931,46.82254941553225,115.79399046526797,124.9023593117461,65.95453411211903,381.99962085526124,387.65153282749964,1.0,38.6,-14.045465887880965,-18.00037914473876,22.831748977289802,65.95453411211903,381.99962085526124,387.65153282749964,266.8922450910931,385.0,1.0,0.1,1.4910433724650751,9.733027061986377,9.846574334657266,1.4910433724650751,9.733027061986377,9.846574334657266,9.846574334657266,0.0,1.0,3.4000000000000004,8.313592787997322,5.5270175272543725,9.983173232555774,48.31359278799732,125.52701752725437,134.5036630630261,9.846574334657266,33.0
11_LTAN06_800km_1213COLD_MY_ALL_HEAT_MY_Black,4537.5,19.67514153443329,267.9585847107961,268.67994773449857,-207.3761099238692,376.99940583832097,430.2713132078453,-187.7009683894359,644.9579905491171,671.716058396319,1.0,98.4,12.2990316105641,4.957990549117085,13.260763509043862,-187.7009683894359,644.9579905491171,671.716058396319,268.67994773449857,983.0,1.0,0.1,2.0342002103115746,9.847495960261938,10.055403879656293,2.0342002103115746,9.847495960261938,10.055403879656293,10.055403879656293,0.0,1.0,37.2,-5.341909713557612,-13.153098201417095,14.196478143677846,-205.3419097135576,386.8469017985829,437.9678359377242,10.055403879656293,371.0
11_LTAN06_800km_1213COLD_MY_ALL_HEAT_MY_Black,4598.0,20.19647672344664,269.54568541241065,270.3012656213192,-219.49898283706432,298.22297618520963,370.2927854971927,-199.30250611361768,567.7686615976203,601.733115289097,1.0,74.8,0.6974938863823184,7.76866159762028,7.7999103033227755,-199.30250611361768,567.7686615976203,601.733115289097,270.3012656213192,747.0,1.0,0.1,2.555535399324924,9.925352296770313,10.249067244984127,2.555535399324924,9.925352296770313,10.249067244984127,10.249067244984127,0.0,1.0,23.200000000000003,-16.943447437739394,-11.851671518020055,20.67710155816055,-216.9434474377394,308.14832848197995,376.85521322174833,10.249067244984127,231.0
11_LTAN06_800km_1213COLD_MY_ALL_HEAT_MY_Black,4658.5,20.69251334505977,270.99983618957015,271.7886887331946,-273.73593567546783,310.1428138736261,413.66644470826316,-253.04342233040805,581.1426500631962,633.843634745321,1.0,74.60000000000001,-13.043422330408049,21.142650063196243,24.842353306081115,-253.04342233040805,581.1426500631962,633.843634745321,271.7886887331946,745.0,1.0,0.1,3.0515720209380532,9.963292171151068,10.420138323779204,3.0515720209380532,9.963292171151068,10.420138323779204,10.420138323779204,0.0,1.0,22.8,9.315636345470239,0.10610604477716379,9.316240605189646,-270.68436365452976,320.10610604477716,419.21109700747166,10.420138323779204,227.0
11_LTAN06_800km_1213COLD_MY_ALL_HEAT_MY_Black,4719.0,21.16442214299139,272.3303320783421,273.15150106588624,-299.0258952678727,300.87208971306075,424.1939419759043,-277.86147312488134,573.2024217914029,636.99922652595,1.0,74.4,2.1385268751186572,13.202421791402912,13.374499555262442,-277.86147312488134,573.2024217914029,636.99922652595,273.15150106588624,743.0,1.0,0.1,3.5234808188696753,9.942088065082203,10.547987114838191,3.5234808188696753,9.942088065082203,10.547987114838191,10.547987114838191,0.0,1.0,22.8,-15.502414449003084,-9.185822221856995,18.019550039893375,-295.5024144490031,310.814177778143,428.86726390935166,10.547987114838191,227.0
11_LTAN06_800km_1213COLD_MY_ALL_HEAT_MY_Black,4779.5,21.60805375627768,273.58325717800926,274.4352502782085,-371.0927022572848,296.81736723445533,475.19505801366176,-349.48464850100714,570.4006244124646,668.9517111630719,1.0,74.0,10.515351498992857,10.400624412464595,14.790050889585398,-349.48464850100714,570.4006244124646,668.9517111630719,274.4352502782085,739.0,1.0,0.1,3.9671124321559645,9.900793347552053,10.666006279779578,3.9671124321559645,9.900793347552053,10.666006279779578,10.666006279779578,0.0,1.0,36.1,-7.125589825128884,-13.281839417992614,15.072534248802445,-367.1255898251289,306.7181605820074,478.3902473245654,10.666006279779578,360.0
11_LTAN06_800km_1213COLD_MY_ALL_HEAT_MY_Black,4840.0,22.022088053223666,274.7783402484143,275.65940693525636,-317.1407015257044,110.69729893434271,335.9049218984074,-295.1186134724807,385.475639182757,485.47550342038323,1.0,36.800000000000004,-15.118613472480718,-14.524360817243007,20.964959586885435,-295.1186134724807,385.475639182757,485.47550342038323,275.65940693525636,367.0,1.0,0.1,4.38114672910195,9.827692669615658,10.760018116636145,4.38114672910195,9.827692669615658,10.760018116636145,10.760018116636145,0.0,1.0,28.1,7.240445203397542,0.5249916039583695,7.259453349091049,-312.75955479660246,120.52499160395837,335.17877724835625,10.760018116636145,280.0
11_LTAN06_800km_1213COLD_MY_ALL_HEAT_MY_Black,4900.5,22.407301755009325,275.9196631009674,276.82801097015346,-441.6265616207277,269.8282966723732,517.5338922370792,-419.2192598657184,545.7479597733407,688.1755760262962,1.0,73.8,-19.219259865718413,-14.252040226659346,23.926984774691746,-419.2192598657184,545.7479597733407,688.1755760262962,276.82801097015346,737.0,1.0,0.1,4.766360430887609,9.699511923725538,10.8073458034628,4.766360430887609,9.699511923725538,10.8073458034628,10.8073458034628,0.0,1.0,52.300000000000004,3.1397988101598457,-0.4721914039012063,3.175106500607401,-436.86020118984015,279.5278085960988,518.635354716746,10.8073458034628,522.0
11_LTAN06_800km_1213COLD_MY_ALL_HEAT_MY_Black,4961.0,22.75603799256405,277.0458246890553,277.97882337105784,-374.61109194967713,212.90501483833535,430.88515355607376,-351.85505395711306,489.9508395273906,603.2029543601041,1.0,53.6,8.144946042886943,9.950839527390599,12.859212780781677,-351.85505395711306,489.9508395273906,603.2029543601041,277.97882337105784,535.0,1.0,0.1,5.115096668442334,9.548472444842446,10.83224537930273,5.115096668442334,9.548472444842446,10.83224537930273,10.83224537930273,0.0,1.0,35.5,-9.495995281234798,22.453487283177765,24.378946194556054,-369.4959952812348,222.45348728317776,431.2920640741227,10.83224537930273,354.0
11_LTAN06_800km_1213COLD_MY_ALL_HEAT_MY_Black,5021.5,23.06966994083384,278.16055939705166,279.1155790622582,-424.50133662893495,187.20634367560024,463.9478418013595,-401.43166668810113,465.3669030726519,614.584198865719,1.0,53.400000000000006,-1.4316666881011315,-14.633096927348106,14.702965523695655,-401.43166668810113,465.3669030726519,614.584198865719,279.1155790622582,533.0,1.0,0.1,5.4287286167121245,9.350509174377635,10.812174444302563,5.4287286167121245,9.350509174377635,10.812174444302563,10.812174444302563,0.0,1.0,43.300000000000004,-19.072608012222872,-3.443147150022128,19.380909129465874,-419.0726080122229,196.55685284997787,462.8784367287529,10.812174444302563,432.0
11_LTAN06_800km_1213COLD_MY_ALL_HEAT_MY_Black,5082.0,23.348585318109794,279.27204904026263,280.2463805502292,-462.2515951075785,192.94765709956084,500.9045174079691,-438.90300978946874,472.2197061398235,644.691633937525,1.0,53.2,1.09699021053126,-7.780293860176528,7.857248887027953,-438.90300978946874,472.2197061398235,644.691633937525,280.2463805502292,531.0,1.0,0.1,5.7076439939880785,9.112465217772353,10.752405419589568,5.7076439939880785,9.112465217772353,10.752405419589568,10.752405419589568,0.0,1.0,51.900000000000006,-16.54395111359048,2.060122317333196,16.671725237996398,-456.5439511135905,202.0601223173332,499.2601249141615,10.752405419589568,518.0
11_LTAN06_800km_1213COLD_MY_ALL_HEAT_MY_Black,5142.5,23.58744035354057,280.4145724787068,281.40486811860194,-432.2784242674025,213.31507939145897,482.0455986552443,-408.69098391386194,493.72965187016575,640.9346998472744,1.0,53.400000000000006,-8.690983913861942,13.729651870165753,16.249201268584034,-408.69098391386194,493.72965187016575,640.9346998472744,281.40486811860194,533.0,1.0,0.1,5.9464990294188524,8.891115784194596,10.696391475391765,5.9464990294188524,8.891115784194596,10.696391475391765,10.696391475391765,0.0,1.0,52.1,13.668074762016317,-17.793804824346466,22.437374129496593,-426.3319252379837,222.20619517565353,480.7644991589607,10.696391475391765,520.0
11_LTAN06_800km_1213COLD_MY_ALL_HEAT_MY_Black,5203.0,23.787838492500168,281.58699648006933,282.58998185854335,-412.8507996431132,175.00136908918844,448.4097032280282,-389.06296115061303,456.5883655692578,599.869088478886,1.0,44.400000000000006,10.937038849386965,16.588365569257803,19.86939080727785,-389.06296115061303,456.5883655692578,599.869088478886,282.58998185854335,443.0,1.0,0.1,6.146897168378452,8.657879882302893,10.618061445245276,6.146897168378452,8.657879882302893,10.618061445245276,10.618061445245276,0.0,1.0,43.1,-6.703902474734775,23.659248971491365,24.59069682391636,-406.7039024747348,183.65924897149137,446.24968797854734,10.618061445245276,430.0
11_LTAN06_800km_1213COLD_MY_ALL_HEAT_MY_Black,5263.5,23.94679716015699,282.8011681199612,283.8132304601817,-545.2240215354745,138.78685846981514,562.6109008393244,-521.2772243753176,421.5880265897763,670.4225598950986,1.0,72.5,-1.2772243753175871,21.58802658977629,21.625776151292087,-521.2772243753176,421.5880265897763,670.4225598950986,283.8132304601817,724.0,1.0,0.1,6.305855836035274,8.396291626717527,10.500549076393433,6.305855836035274,8.396291626717527,10.500549076393433,10.500549076393433,0.0,1.0,71.3,-18.918165699439328,-12.816849903467357,22.851009493662502,-538.9181656994393,147.18315009653264,558.6552326732354,10.500549076393433,712.0
11_LTAN06_800km_1213COLD_MY_ALL_HEAT_MY_Black,5324.0,24.05904716476306,284.0750608290275,285.09205168768204,-424.31267831248056,37.34604178454484,425.9530206650536,-400.2536311477175,321.4211026135723,513.3366287849111,1.0,43.900000000000006,-0.25363114771749906,1.421102613572316,1.4435585881406279,-400.2536311477175,321.4211026135723,513.3366287849111,285.09205168768204,438.0,1.0,0.1,6.418105840641346,8.120999181871753,10.3509762966416,6.418105840641346,8.120999181871753,10.3509762966416,10.3509762966416,0.0,1.0,42.5,-17.89457247183924,5.467040966416562,18.711073215568998,-417.89457247183924,45.46704096641656,420.36070881525444,10.3509762966416,424.0
11_LTAN06_800km_1213COLD_MY_ALL_HEAT_MY_Black,5384.5,24.12663993388484,285.40451639780866,286.4224724681469,-471.9831067148482,204.32104528272433,514.3103562729656,-447.85646678096333,489.725561680533,663.6313288271144,1.0,53.2,-7.856466780963331,9.72556168053302,12.502424576146522,-447.85646678096333,489.725561680533,663.6313288271144,286.4224724681469,531.0,1.0,0.1,6.485698609763123,7.800228038206171,10.14435034414235,6.485698609763123,7.800228038206171,10.14435034414235,10.14435034414235,0.0,1.0,61.300000000000004,14.502591894914929,12.121273320930527,18.901069773723243,-465.49740810508507,212.12127332093053,511.54987200452416,10.14435034414235,612.0
11_LTAN06_800km_1213COLD_MY_ALL_HEAT_MY_Black,5445.0,24.14404152216834,286.7913974770175,287.80590752770314,-416.32083125563486,146.3978798657508,441.3109717269327,-392.17678973346653,433.18927734276826,584.342009794262,1.0,44.400000000000006,7.823210266533465,-6.810722657231736,10.372490635721217,-392.17678973346653,433.18927734276826,584.342009794262,287.80590752770314,443.0,1.0,0.1,6.503100198046624,7.518349282059887,9.940618095112821,6.503100198046624,7.518349282059887,9.940618095112821,9.940618095112821,0.0,1.0,43.1,-9.817731057588276,-6.083770852189332,11.549896575341354,-409.8177310575883,153.91622914781067,437.7679502707697,9.940618095112821,430.0
11_LTAN06_800km_1213COLD_MY_ALL_HEAT_MY_Black,5505.5,24.10886422363859,288.23596418431526,289.24247333926553,-446.37088395255336,171.2412308315831,478.0904989406288,-422.26201972891477,459.47719501589836,624.038865813036,0.0,nan,nan,nan,nan,-422.26201972891477,459.47719501589836,624.038865813036,289.24247333926553,nan,1.0,0.1,6.467922899516875,7.224578785652341,9.696832743952667,6.467922899516875,7.224578785652341,9.696832743952667,9.696832743952667,0.0,1.0,51.7,0.0970389469634938,18.465809617235436,18.466064588244365,-439.9029610530365,178.46580961723544,474.72587916140054,9.696832743952667,516.0
11_LTAN06_800km_1213COLD_MY_ALL_HEAT_MY_Black,5566.0,24.023713061712865,289.7351060469211,290.72937668094727,-272.95779260006793,113.8789755197122,295.7606762342163,-248.93407953835506,403.6140815666333,474.2072361262373,1.0,37.0,-8.934079538355064,3.614081566633274,9.637393982189016,-248.93407953835506,403.6140815666333,474.2072361262373,290.72937668094727,369.0,1.0,0.1,6.382771737591149,6.914354304899405,9.409998432936812,6.382771737591149,6.914354304899405,9.409998432936812,9.409998432936812,0.0,1.0,21.900000000000002,13.424979137523223,0.7933298246115896,13.448399051692064,-266.5750208624768,120.79332982461159,292.6657996383372,9.409998432936812,218.0
11_LTAN06_800km_1213COLD_MY_ALL_HEAT_MY_Black,5626.5,23.88380366033696,291.2859708880099,292.2634991124552,-368.4442181139714,32.29342968170074,369.8567391061337,-344.5604144536344,323.57940056971063,472.67907472355233,1.0,22.6,-24.560414453634394,3.5794005697106286,24.81987241249918,-344.5604144536344,323.57940056971063,472.67907472355233,292.2634991124552,225.0,1.0,0.1,6.242862336215243,6.643490989194731,9.116430368979211,6.242862336215243,6.643490989194731,9.116430368979211,9.116430368979211,0.0,1.0,34.7,-2.2013557777561346,-1.0630793291045393,2.444607314116047,-362.20135577775613,38.93692067089546,364.28821819896433,9.116430368979211,346.0
11_LTAN06_800km_1213COLD_MY_ALL_HEAT_MY_Black,5687.0,23.68991605883156,292.8854682448709,293.84198071734363,-277.8085628995591,36.86806619524906,280.2442718866802,-254.11864684072754,329.75353444011995,416.30959651191534,1.0,23.0,-14.118646840727536,9.75353444011995,17.16005893602326,-254.11864684072754,329.75353444011995,416.30959651191534,293.84198071734363,229.0,1.0,0.1,6.048974734709844,6.413296178528924,8.815921007738881,6.048974734709844,6.413296178528924,8.815921007738881,8.815921007738881,0.0,1.0,21.5,8.240411835150724,3.281362373777995,8.869708351515177,-271.7595881648493,43.281362373777995,275.1845745830583,8.815921007738881,214.0
11_LTAN06_800km_1213COLD_MY_ALL_HEAT_MY_Black,5747.5,23.44381811998069,294.5295181243487,295.461079762807,-348.37329313812324,-22.878437757301082,349.1237234650711,-324.92947501814257,271.65108036704765,423.52505616568885,1.0,28.900000000000002,-4.929475018142568,-8.348919632952345,9.695575433773325,-324.92947501814257,271.65108036704765,423.52505616568885,295.461079762807,288.0,1.0,0.1,5.802876795858975,6.19048521322776,8.485015396751503,5.802876795858975,6.19048521322776,8.485015396751503,8.485015396751503,0.0,1.0,34.5,17.42958365773569,-16.687952544073312,24.130440248682785,-342.5704163422643,-16.687952544073312,342.9766433928491,8.485015396751503,344.0
11_LTAN06_800km_1213COLD_MY_ALL_HEAT_MY_Black,5808.0,23.1404982870574,296.1998887965044,297.1024348335686,-204.18205169043733,-35.109650395139056,207.17866150592178,-181.04155340337994,261.09023840136535,317.7171015969878,0.0,nan,nan,nan,nan,-181.04155340337994,261.09023840136535,317.7171015969878,297.1024348335686,nan,1.0,0.1,5.499556962935685,5.933120088870908,8.089934534811631,5.499556962935685,5.933120088870908,8.089934534811631,8.089934534811631,0.0,1.0,11.100000000000001,1.3175052724983516,10.823469693731852,10.903362616834901,-198.68249472750165,-29.17653030626815,200.81335521288494,8.089934534811631,110.0
11_LTAN06_800km_1213COLD_MY_ALL_HEAT_MY_Black,5868.5,22.78271167899453,297.8954397543436,298.7653677685584,-343.1474435271447,33.90969961627121,344.81884479720753,-320.36473184815014,331.8051393706148,461.22468702888216,1.0,22.6,-0.3647318481501429,11.805139370614825,11.810772408301466,-320.36473184815014,331.8051393706148,461.22468702888216,298.7653677685584,225.0,1.0,0.1,5.141770354872815,5.639782626052693,7.631837947137945,5.141770354872815,5.639782626052693,7.631837947137945,7.631837947137945,0.0,1.0,27.700000000000003,-18.005673172271884,-0.4505177576760957,18.011308465423966,-338.0056731722719,39.549482242323904,340.3116169663865,7.631837947137945,276.0
11_LTAN06_800km_1213COLD_MY_ALL_HEAT_MY_Black,5929.0,22.374478948513605,299.607210659361,300.4415051009101,-254.94332191864558,-49.58757400419462,259.7210520665116,-232.56884297013198,250.01963665516638,341.4646181285073,1.0,12.200000000000001,7.431157029868018,10.01963665516638,12.474582698595997,-232.56884297013198,250.01963665516638,341.4646181285073,300.4415051009101,121.0,1.0,0.1,4.733537624391889,5.334247549279667,7.131660070315308,4.733537624391889,5.334247549279667,7.131660070315308,7.131660070315308,0.0,1.0,15.700000000000001,-10.209784294253694,-4.253326454914941,11.060311083657128,-250.2097842942537,-44.25332645491494,254.09307951792437,7.131660070315308,156.0
11_LTAN06_800km_1213COLD_MY_ALL_HEAT_MY_Black,5989.5,21.921999857959857,301.31334454424706,302.10975766799146,-311.7698076287692,-46.06940259598261,315.15520431119404,-289.8478077708093,255.24394194826445,386.2139582806828,1.0,22.5,-9.847807770809311,15.24394194826445,18.1481978172178,-289.8478077708093,255.24394194826445,386.2139582806828,302.10975766799146,224.0,1.0,0.1,4.2810585338381415,5.026128612724108,6.602229244868156,4.2810585338381415,5.026128612724108,6.602229244868156,6.602229244868156,0.0,1.0,27.3,12.511250905068948,-1.0432739832585014,12.554673226083292,-307.48874909493105,-41.0432739832585,310.2158621979706,6.602229244868156,272.0
11_LTAN06_800km_1213COLD_MY_ALL_HEAT_MY_Black,6050.0,21.42802659723238,303.0132993445069,303.7700115276283,-294.1937264259742,80.15734305829501,304.9182649736912,-272.76569982874184,383.1706424028019,470.34122528483425,1.0,29.400000000000002,7.234300171258155,23.17064240280189,24.273725884717134,-272.76569982874184,383.1706424028019,470.34122528483425,303.7700115276283,293.0,1.0,0.1,3.7870852731106623,4.744982966285647,6.070986593310234,3.7870852731106623,4.744982966285647,6.070986593310234,6.070986593310234,0.0,1.0,21.700000000000003,-10.406641152863585,4.9023260245806455,11.50352035403748,-290.4066411528636,84.90232602458065,302.5630879503848,6.070986593310234,216.0
11_LTAN06_800km_1213COLD_MY_ALL_HEAT_MY_Black,6110.5,20.90989013964723,304.6971924774615,305.41382190283946,-248.39553173072264,35.68950554531258,250.9463707445424,-227.48564159107542,340.38669802277406,409.4054485726227,1.0,23.0,12.51435840892458,20.386698022774056,23.92125880171863,-227.48564159107542,340.38669802277406,409.4054485726227,305.41382190283946,229.0,1.0,0.1,3.2689488155255155,4.456705820349555,5.52704741500046,3.2689488155255155,4.456705820349555,5.52704741500046,5.52704741500046,0.0,1.0,16.1,-5.126582915197133,0.14621136566211135,5.128667482869202,-245.12658291519713,40.14621136566211,248.3923508055299,5.52704741500046,160.0
11_LTAN06_800km_1213COLD_MY_ALL_HEAT_MY_Black,6171.0,20.38369768442692,306.3554524120412,307.03282943990945,-130.0618697011681,16.950153342971443,131.16172325992775,-109.67817201674117,323.3056057550126,341.40271839800795,1.0,23.6,10.321827983258828,3.305605755012607,10.838226899431358,-109.67817201674117,323.3056057550126,341.40271839800795,307.03282943990945,235.0,1.0,0.1,2.7427563603052043,4.125274851173401,4.953847499642917,2.7427563603052043,4.125274851173401,4.953847499642917,4.953847499642917,0.0,1.0,4.5,-7.319113340862884,21.07542819414482,22.310156737749544,-127.31911334086288,21.07542819414482,129.05165746889904,4.953847499642917,44.0
11_LTAN06_800km_1213COLD_MY_ALL_HEAT_MY_Black,6231.5,19.84925319065823,307.9888158424838,308.62777505642987,-183.80600817590323,-135.2623208282871,228.21162125845976,-163.956754985245,172.7264950141967,238.1517574681761,1.0,5.0,-3.9567549852449986,12.7264950141967,13.327399797396138,-163.956754985245,172.7264950141967,238.1517574681761,308.62777505642987,49.0,1.0,0.1,2.2083118665365156,3.803037033769556,4.397696212803782,2.2083118665365156,3.803037033769556,4.397696212803782,4.397696212803782,0.0,1.0,6.9,-21.59769630936671,-11.459283794517546,24.44945134261554,-181.5976963093667,-131.45928379451755,224.18578590231024,4.397696212803782,68.0
11_LTAN06_800km_1213COLD_MY_ALL_HEAT_MY_Black,6292.0,19.31633626333165,309.62400371674204,310.225957205749,-42.50721415573817,-161.095564313703,166.60925573578498,-23.19087789240652,148.52843940303904,150.32802176880645,1.0,5.6000000000000005,16.80912210759348,-11.471560596960956,20.350510768964376,-23.19087789240652,148.52843940303904,150.32802176880645,310.225957205749,55.0,1.0,0.1,1.6753949392099337,3.491973364787043,3.8730900044683185,1.6753949392099337,3.491973364787043,3.8730900044683185,3.8730900044683185,0.0,1.0,5.7,-0.8318192165282312,2.3964090510840492,2.5366709579886773,-40.83181921652823,-157.60359094891595,162.80703099228995,3.8730900044683185,56.0
11_LTAN06_800km_1213COLD_MY_ALL_HEAT_MY_Black,6352.5,18.78990727539904,311.27082220552256,311.83743420558113,-45.710924437390986,-136.7690772803085,144.2056486862698,-26.921017161991944,174.50174492521407,176.56613533455598,1.0,5.6000000000000005,13.078982838008056,14.50174492521407,19.528450987031235,-26.921017161991944,174.50174492521407,176.56613533455598,311.83743420558113,55.0,1.0,0.1,1.1489659512773258,3.178220582029553,3.3795278997562486,1.1489659512773258,3.178220582029553,3.3795278997562486,3.3795278997562486,0.0,1.0,3.1,-4.56195848611366,-13.590856698278941,14.336068185600192,-44.56195848611366,-133.59085669827894,140.82714630886412,3.3795278997562486,30.0
11_LTAN06_800km_1213COLD_MY_ALL_HEAT_MY_Black,6413.0,18.270793863761213,312.9282854166576,313.4612156586859,3.9451038282089534,-43.21189575963413,43.39160955019801,22.215897691970167,269.71638965702346,270.62977840562814,1.0,18.400000000000002,22.215897691970167,-10.283610342976544,24.480579077020614,22.215897691970167,269.71638965702346,270.62977840562814,313.4612156586859,183.0,1.0,0.1,0.6298525396394972,2.908004656844412,2.9754336332573628,0.6298525396394972,2.908004656844412,2.9754336332573628,2.9754336332573628,0.0,1.0,0.5,4.574956367848451,-0.3038911027897484,4.5850382299466,4.574956367848451,-40.30389110278975,40.56271519256634,2.9754336332573628,4.0
11_LTAN06_800km_1213COLD_MY_ALL_HEAT_MY_Black,6473.5,17.765917188494527,314.6342556162944,315.13543536195374,66.52193740641312,-172.55481947816827,184.93332279891038,84.28785459490764,142.07943613812614,165.1999049804211,1.0,3.6,4.2878545949076425,22.07943613812614,22.49193627068735,84.28785459490764,142.07943613812614,165.1999049804211,315.13543536195374,35.0,1.0,0.1,0.12497586437281072,2.5867113282530454,2.589728646477921,0.12497586437281072,2.5867113282530454,2.589728646477921,2.589728646477921,0.0,1.0,6.300000000000001,-13.35308672921407,-9.968108149915224,16.663376167101287,66.64691327078593,-169.96810814991522,182.5677102791864,2.589728646477921,62.0
11_LTAN06_800km_1213COLD_MY_ALL_HEAT_MY_Black,6534.0,17.27476247457651,316.3878851550893,316.859134776738,-30.46867150017187,-64.43900966847474,71.27921092463893,-13.19390902559536,251.94887548661455,252.29410435906996,1.0,13.4,-13.19390902559536,11.948875486614554,17.800417432473456,-13.19390902559536,251.94887548661455,252.29410435906996,316.859134776738,133.0,1.0,0.1,-0.3661788495452072,2.261066647112955,2.290525994731531,-0.3661788495452072,2.261066647112955,2.290525994731531,2.290525994731531,0.0,1.0,0.30000000000000004,9.165149650282924,-22.177943021361784,23.997106591646652,-30.834850349717076,-62.177943021361784,69.40377939606142,2.290525994731531,2.0
11_LTAN06_800km_1213COLD_MY_ALL_HEAT_MY_Black,6594.5,16.796701769513444,318.18613449871225,318.62916592422386,193.89043464400936,-115.39225291281798,225.62994632525758,210.6871364135228,202.79388158589427,292.428500421563,1.0,10.200000000000001,10.687136413522808,2.793881585894269,11.046296168274877,210.6871364135228,202.79388158589427,292.428500421563,318.62916592422386,101.0,1.0,0.1,-0.8442395546082722,1.905104807826831,2.0837861585033335,-0.8442395546082722,1.905104807826831,2.0837861585033335,2.0837861585033335,0.0,1.0,10.600000000000001,-6.953804910598905,6.5128518950088505,9.527467792702835,193.0461950894011,-113.48714810499115,223.93339684714138,2.0837861585033335,105.0
11_LTAN06_800km_1213COLD_MY_ALL_HEAT_MY_Black,6655.0,16.33167784896246,320.0277121607469,320.4441608957856,50.49774134282323,-220.2397389934684,225.9547842216176,66.82941919178569,99.7879731672785,120.09917093113052,1.0,1.8,-13.17058080821431,19.787973167278494,23.77031932672838,66.82941919178569,99.7879731672785,120.09917093113052,320.4441608957856,17.0,1.0,0.1,-1.3092634751592556,1.5432458360759824,2.0238029938588262,-1.3092634751592556,1.5432458360759824,2.0238029938588262,2.0238029938588262,0.0,1.0,9.5,9.188477867663977,-18.69649315739241,20.83235420947359,49.18847786766398,-218.6964931573924,224.15990380591944,2.0238029938588262,94.0
11_LTAN06_800km_1213COLD_MY_ALL_HEAT_MY_Black,6715.5,15.87920139455472,321.909183890158,322.3005921647622,-13.362346105597531,-195.40240987741373,195.85876053765523,2.5168552889571885,126.50677401274424,126.53180798383106,1.0,3.2,2.5168552889571885,6.506774012744245,6.976580007315591,2.5168552889571885,126.50677401274424,126.53180798383106,322.3005921647622,31.0,1.0,0.1,-1.7617399295669962,1.172070774076019,2.1160050753421844,-1.7617399295669962,1.172070774076019,2.1160050753421844,2.1160050753421844,0.0,1.0,9.3,-15.124086035164527,5.7696608966622875,16.187246994518016,-15.124086035164527,-194.2303391033377,194.8182809866585,2.1160050753421844,92.0
11_LTAN06_800km_1213COLD_MY_ALL_HEAT_MY_Black,6776.0,15.439265138327116,323.82832688167593,324.19616931573563,132.96975013079566,-178.0889416694624,222.25351649590476,148.4090152691228,145.73938521221353,208.0028947278972,1.0,6.6000000000000005,-11.59098473087721,-14.260614787786466,18.377052569905292,148.4090152691228,145.73938521221353,208.0028947278972,324.19616931573563,65.0,1.0,0.1,-2.2016761857946,0.7942480972064345,2.34055721293266,-2.2016761857946,0.7942480972064345,2.34055721293266,2.34055721293266,0.0,1.0,6.5,10.768073945001078,-17.294693572255966,20.372968420022715,130.76807394500108,-177.29469357225597,220.30364847674542,2.34055721293266,64.0
11_LTAN06_800km_1213COLD_MY_ALL_HEAT_MY_Black,6836.5,15.012122792354678,325.7834167351138,326.1291131597079,164.31205704451872,-193.97356352736034,254.21289392496217,179.3241798368734,131.80985320775346,222.55560850451923,1.0,8.0,19.324179836873412,11.809853207753463,22.64721967828523,179.3241798368734,131.80985320775346,222.55560850451923,326.1291131597079,79.0,1.0,0.1,-2.6288185317670383,0.4304612531016119,2.663828778916471,-2.6288185317670383,0.4304612531016119,2.663828778916471,2.663828778916471,0.0,1.0,10.100000000000001,1.6832385127517,6.456897725741271,6.672692120238529,161.6832385127517,-193.54310227425873,252.1912013808482,2.663828778916471,100.0
11_LTAN06_800km_1213COLD_MY_ALL_HEAT_MY_Black,6897.0,14.597224146756464,327.7708263843473,328.09570795953516,120.64824668558983,-261.3672358743068,287.869469407373,135.24547083234629,66.40359051004049,150.66776102832407,1.0,4.800000000000001,15.245470832346285,-13.596409489959512,20.42759731144567,135.24547083234629,66.40359051004049,150.66776102832407,328.09570795953516,47.0,1.0,0.1,-3.0437171773652523,0.054782817521470406,3.044210145979395,-3.0437171773652523,0.054782817521470406,3.044210145979395,3.044210145979395,0.0,1.0,14.100000000000001,-2.395470491775427,-21.31245305678533,21.44665321616977,117.60452950822457,-261.31245305678533,286.5571905979773,3.044210145979395,140.0
11_LTAN06_800km_1213COLD_MY_ALL_HEAT_MY_Black,6957.5,14.194541855535777,329.76298359172745,330.06834196239794,162.69930958636,-227.2568006784656,279.4936829241227,176.89385144189578,102.50618291326185,204.4479205406467,1.0,8.0,16.893851441895777,-17.493817086738147,24.319454204506638,176.89385144189578,102.50618291326185,204.4479205406467,330.06834196239794,79.0,1.0,0.1,-3.4463994685859394,-0.3347367879513854,3.462617220294131,-3.4463994685859394,-0.3347367879513854,3.462617220294131,3.462617220294131,0.0,1.0,14.3,-0.7470898822259358,12.40846253358302,12.430932617444995,159.25291011777406,-227.59153746641698,277.77580403502986,3.462617220294131,142.0
11_LTAN06_800km_1213COLD_MY_ALL_HEAT_MY_Black,7018.0,13.803840314707104,331.7439867543416,332.0310508899713,208.10396650627382,-47.82563999483091,213.5288100387381,221.90780682098094,283.9183467595107,360.35080457070103,1.0,19.400000000000002,21.907806820980937,3.9183467595107118,22.255458679460798,221.90780682098094,283.9183467595107,360.35080457070103,332.0310508899713,193.0,1.0,0.1,-3.837101009414612,-0.7519881409656932,3.9100933902662316,-3.837101009414612,-0.7519881409656932,3.9100933902662316,3.9100933902662316,0.0,1.0,11.0,4.266865496859225,-8.577628135796601,9.580284213127353,204.26686549685923,-48.5776281357966,209.96365946327884,3.9100933902662316,109.0
11_LTAN06_800km_1213COLD_MY_ALL_HEAT_MY_Black,7078.5,13.424461966260768,333.7146762450318,333.9845824591458,272.4699835382222,-28.067064238727962,273.9117595582562,285.894445504483,305.64761200630386,418.51654291732825,1.0,25.6,5.894445504482974,-14.35238799369614,15.515654318362234,285.894445504483,305.64761200630386,418.51654291732825,333.9845824591458,255.0,1.0,0.1,-4.216479357860948,-1.1712954990942421,4.376143430175238,-4.216479357860948,-1.1712954990942421,4.376143430175238,4.376143430175238,0.0,1.0,21.0,-11.746495819638767,10.76164026217782,15.93088400476627,268.25350418036123,-29.23835973782218,269.84222090918496,4.376143430175238,209.0
11_LTAN06_800km_1213COLD_MY_ALL_HEAT_MY_Black,7139.0,15.351023032216633,252.4047717238182,252.87115829427526,277.16614757415124,75.76647495942663,287.3353999925411,292.51717060636787,328.1712466832448,439.61649451446885,1.0,25.6,12.51717060636787,8.171246683244817,14.948204987467866,292.51717060636787,328.1712466832448,439.61649451446885,252.87115829427526,255.0,1.0,0.1,-2.2899182919050833,-0.3640631955380229,2.318678027227336,-2.2899182919050833,-0.3640631955380229,2.318678027227336,2.318678027227336,0.0,1.0,21.6,-5.123770717753871,-4.597588236111392,6.884100809614998,274.87622928224613,75.40241176388861,285.03063892191824,2.318678027227336,215.0
11_LTAN06_800km_1213COLD_MY_ALL_HEAT_MY_Black,7199.5,17.088500777743622,176.43902855490035,177.26462607138484,282.8988221895669,0.1769731599843709,282.8988775441563,299.9873229673105,176.6160017148847,348.11723025849443,0.0,nan,nan,nan,nan,299.9873229673105,176.6160017148847,348.11723025849443,177.26462607138484,nan,1.0,0.1,-0.5524405463780937,3.8361366642576513,3.875710910806474,-0.5524405463780937,3.8361366642576513,3.875710910806474,3.875710910806474,0.0,1.0,21.200000000000003,2.3463816431887494,4.013109824242008,4.648715658858999,282.34638164318875,4.013109824242008,282.3749002256798,3.875710910806474,211.0
11_LTAN06_800km_1213COLD_MY_ALL_HEAT_MY_Black,7260.0,18.64483402834462,105.5473238020814,107.18146946989454,310.5910825621732,31.7623300568622,312.2109321881342,329.23591659051783,137.3096538589436,356.7215017574092,1.0,28.0,9.235916590517832,17.30965385894359,19.6195380165651,329.23591659051783,137.3096538589436,356.7215017574092,107.18146946989454,279.0,1.0,0.1,1.0038927042229027,7.171121849494455,7.241048897907591,1.0038927042229027,7.171121849494455,7.241048897907591,7.241048897907591,0.0,1.0,27.6,-8.40502473360391,-1.0665480936433482,8.472423833151156,311.5949752663961,38.93345190635665,314.0179012231796,7.241048897907591,275.0
11_LTAN06_800km_1213COLD_MY_ALL_HEAT_MY_Black,7320.5,20.03787630597775,39.39457263587936,44.197837503855766,428.2392895939964,23.357620787423464,428.8758183913145,448.27716589997414,62.75219342330283,452.64804787687814,1.0,51.0,8.277165899974136,22.752193423302828,24.211026019297055,448.27716589997414,62.75219342330283,452.64804787687814,44.197837503855766,509.0,1.0,0.1,2.3969349818560346,9.722681991349496,10.0137826225736,2.3969349818560346,9.722681991349496,10.0137826225736,10.0137826225736,0.0,1.0,51.0,-9.363775424147605,-6.91969722122704,11.643131014779824,430.6362245758524,33.08030277877296,431.90492512690713,10.0137826225736,509.0
11_LTAN06_800km_1213COLD_MY_ALL_HEAT_MY_Black,7381.0,21.27815830295193,-22.316563505263883,30.834867073654753,350.9373556158455,46.56117467851348,354.0126700473946,372.2155139187974,24.2446111732496,373.00427607840703,1.0,34.6,12.215513918797399,-15.755388826750401,19.936174592494528,372.2155139187974,24.2446111732496,373.00427607840703,30.834867073654753,345.0,1.0,0.1,3.6372169788302138,11.627268629089617,12.182886485726701,3.6372169788302138,11.627268629089617,12.182886485726701,12.182886485726701,0.0,1.0,34.6,-5.425427405324342,18.188443307603094,18.980377564325117,354.57457259467566,58.188443307603094,359.3174396898362,12.182886485726701,345.0
11_LTAN06_800km_1213COLD_MY_ALL_HEAT_MY_Black,7441.5,22.377962819654385,-79.88893568719668,82.96393954719653,377.42854774354004,-38.50319297590805,379.3874069090034,399.8065105631944,-118.39212866310473,416.96755511442234,1.0,41.6,-0.19348943680557795,1.607871336895272,1.619471641667346,399.8065105631944,-118.39212866310473,416.96755511442234,82.96393954719653,415.0,1.0,0.1,4.7370214955326695,12.932500754010803,13.772761103047877,4.7370214955326695,12.932500754010803,13.772761103047877,13.772761103047877,0.0,1.0,42.0,-17.83443076092732,14.429307778102753,22.94061558724018,382.1655692390727,-25.570692221897247,383.02008121315447,13.772761103047877,419.0
11_LTAN06_800km_1213COLD_MY_ALL_HEAT_MY_Black,7502.0,23.350423935994147,-133.63128528767183,135.65604559187838,-310.86673213306227,-291.38061253804403,426.07603371949335,-287.5163081970681,-425.0118978257159,513.1283862472318,1.0,45.1,-7.516308197068099,14.988102174284109,16.767173157693968,-287.5163081970681,-425.0118978257159,513.1283862472318,135.65604559187838,450.0,1.0,0.1,5.709482611872431,13.768484937954355,14.905346999716228,5.709482611872431,13.768484937954355,14.905346999716228,14.905346999716228,0.0,1.0,26.1,14.84275047881016,2.387872399910293,15.033601576949968,-305.15724952118984,-277.6121276000897,412.54022873652724,14.905346999716228,260.0
11_LTAN06_800km_1213COLD_MY_ALL_HEAT_MY_Black,7562.5,24.207425939858968,-183.80461631814188,185.39184569579405,-366.5765681609171,-345.83670238069493,503.9656784327568,-342.3691422210581,-529.6413186988368,630.6635838687897,1.0,63.5,17.630857778941902,-9.641318698836812,20.09482949103616,-342.3691422210581,-529.6413186988368,630.6635838687897,185.39184569579405,634.0,1.0,0.1,6.566484615737252,14.192021630083332,15.637525320761824,6.566484615737252,14.192021630083332,15.637525320761824,15.637525320761824,0.0,1.0,32.9,-0.010083545179838893,-11.644680750611599,11.644685116461831,-360.01008354517984,-331.6446807506116,489.48488692132514,15.637525320761824,328.0
11_LTAN06_800km_1213COLD_MY_ALL_HEAT_MY_Black,7623.0,24.961735103876286,-230.6843792302492,232.0309700023717,-469.71067609309046,-323.9015756943008,570.5614340043314,-444.7489409892142,-554.5859549245499,710.891835591465,1.0,73.7,-4.748940989214191,5.414045075450076,7.2016890100895,-444.7489409892142,-554.5859549245499,710.891835591465,232.0309700023717,736.0,1.0,0.1,7.32079377975457,14.260548703964105,16.029886802589267,7.32079377975457,14.260548703964105,16.029886802589267,16.029886802589267,0.0,1.0,49.300000000000004,-22.38988231333593,10.358973009663373,24.670126708632193,-462.38988231333593,-309.6410269903366,556.490762602014,16.029886802589267,492.0
11_LTAN06_800km_1213COLD_MY_ALL_HEAT_MY_Black,7683.5,25.62515109979534,-274.5269314786611,275.7203011676449,-380.5439483223994,-359.0974296059084,523.2252483915233,-354.91879722260404,-633.6243610845695,726.2555910846876,1.0,97.7,5.0812027773959585,6.3756389154305,8.152753721594207,-354.91879722260404,-633.6243610845695,726.2555910846876,275.7203011676449,976.0,1.0,0.1,7.984209775673623,14.054246298647229,16.163831376409544,7.984209775673623,14.054246298647229,16.163831376409544,16.163831376409544,0.0,1.0,29.1,-12.559738546725782,14.956816692738812,19.530831982849573,-372.5597385467258,-345.0431833072612,507.7947982530078,16.163831376409544,290.0
11_LTAN06_800km_1213COLD_MY_ALL_HEAT_MY_Black,7744.0,26.206593236847432,-315.54220812022584,316.6286004682292,-389.44179070859076,-234.3179854975241,454.4995342989162,-363.23519747174333,-549.8601936177499,659.0038248809227,1.0,74.10000000000001,-3.2351974717433336,10.139806382250072,10.643409986968168,-363.23519747174333,-549.8601936177499,659.0038248809227,316.6286004682292,740.0,1.0,0.1,8.565651912725716,13.630226446547113,16.098244179851854,8.565651912725716,13.630226446547113,16.098244179851854,16.098244179851854,0.0,0.0,nan,nan,nan,nan,-380.8761387958651,-220.68775905097698,440.19282149870315,16.098244179851854,nan
11_LTAN06_800km_1213COLD_MY_ALL_HEAT_MY_Black,7804.5,26.71587387082293,-353.9522823498693,354.9590907377402,-459.1634636893353,-244.8420147519302,520.3640058410765,-432.44758981851237,-598.7942971017994,738.6240777157744,1.0,85.10000000000001,7.55241018148763,1.2057028982005704,7.648046745945482,-432.44758981851237,-598.7942971017994,738.6240777157744,354.9590907377402,850.0,1.0,0.1,9.074932546701213,13.051649856757308,15.896539394175388,9.074932546701213,13.051649856757308,15.896539394175388,15.896539394175388,0.0,1.0,49.7,-10.08853114263411,8.209635104827157,13.00678934904032,-450.0885311426341,-231.79036489517284,506.26718155966944,15.896539394175388,496.0
11_LTAN06_800km_1213COLD_MY_ALL_HEAT_MY_Black,7865.0,27.16068282838773,-389.9467456603711,390.8915030322588,-537.5890369052942,-252.8868214857522,594.0990801894314,-510.42835407690643,-642.8335671461233,820.836219775583,1.0,96.9,9.57164592309357,-2.8335671461233005,9.982259686496997,-510.42835407690643,-642.8335671461233,820.836219775583,390.8915030322588,968.0,1.0,0.1,9.519741504266015,12.357900717668826,15.599461159149206,9.519741504266015,12.357900717668826,15.599461159149206,15.599461159149206,0.0,1.0,69.3,-8.069295401028171,-0.528920768083367,8.0866114935716,-528.0692954010282,-240.52892076808337,580.2683366091909,15.599461159149206,692.0
11_LTAN06_800km_1213COLD_MY_ALL_HEAT_MY_Black,7925.5,27.54746773144848,-423.68933624629983,424.58393354817997,-329.7664973052259,-219.26530266572476,396.00911062505804,-302.21902957377745,-642.9546389120246,710.4414187918718,1.0,97.9,17.780970426222552,-2.9546389120246204,18.024782950112076,-302.21902957377745,-642.9546389120246,710.4414187918718,424.58393354817997,978.0,1.0,0.1,9.906526407326766,11.599478206601077,15.254086669626467,9.906526407326766,11.599478206601077,15.254086669626467,15.254086669626467,0.0,1.0,26.5,0.14002910210081154,-7.665824459123712,7.667103285304986,-319.8599708978992,-207.6658244591237,381.3600603512283,15.254086669626467,264.0
11_LTAN06_800km_1213COLD_MY_ALL_HEAT_MY_Black,7986.0,27.88350033220092,-455.364241376797,456.21714338179106,-428.12438240128387,-160.55110911424038,457.23860887319375,-400.24088206908294,-615.9153504910373,734.5369171457177,1.0,85.30000000000001,-0.24088206908294296,-15.915350491037316,15.917173286226655,-400.24088206908294,-615.9153504910373,734.5369171457177,456.21714338179106,852.0,1.0,0.1,10.242559008079205,10.81382649423,14.894591584910785,10.242559008079205,10.81382649423,14.894591584910785,14.894591584910785,0.0,1.0,41.5,-17.881823393204684,10.262717379989681,20.617540490740026,-417.8818233932047,-149.73728262001032,443.8991688760572,14.894591584910785,414.0
11_LTAN06_800km_1213COLD_MY_ALL_HEAT_MY_Black,8046.5,28.175306648385536,-485.1146701290843,485.9321877373229,-272.9091285317916,-333.0965889382258,430.61900793887787,-244.73382188340608,-818.21125906731,854.0282829263745,1.0,155.10000000000002,-4.73382188340608,-18.21125906731004,18.816456266802643,-244.73382188340608,-818.21125906731,854.0282829263745,485.9321877373229,1550.0,1.0,0.1,10.53436532426382,10.030336705602679,14.545807203892549,10.53436532426382,10.030336705602679,14.545807203892549,14.545807203892549,0.0,1.0,22.900000000000002,17.625236792472208,-3.0662522326230714,17.88996575583033,-262.3747632075278,-323.06625223262307,416.1878418452888,14.545807203892549,228.0
11_LTAN06_800km_1213COLD_MY_ALL_HEAT_MY_Black,8107.0,28.43008969222403,-513.0954767306831,513.8825140451802,-446.721074556564,-276.6784495077902,525.4623515295897,-418.29098486434,-789.7739262384733,893.7058814760665,1.0,154.10000000000002,21.709015135660024,10.226073761526663,23.996956530704058,-418.29098486434,-789.7739262384733,893.7058814760665,513.8825140451802,1540.0,1.0,0.1,10.789148368102314,9.3285882335407,14.262828644412679,10.789148368102314,9.3285882335407,14.262828644412679,14.262828644412679,0.0,1.0,49.5,4.068073811538284,12.65013872575048,13.288161434783053,-435.9319261884617,-267.3498612742495,511.383019461678,14.262828644412679,494.0
11_LTAN06_800km_1213COLD_MY_ALL_HEAT_MY_Black,8167.5,26.352995046138705,-455.7391307843897,456.50042242698186,-324.73094997025805,-272.09173546250383,423.65564126491154,-298.37795492411936,-727.8308662468935,786.6175524652391,1.0,124.7,21.622045075880635,-7.830866246893493,22.996419274316377,-298.37795492411936,-727.8308662468935,786.6175524652391,456.50042242698186,1246.0,1.0,0.1,8.71205372201699,8.131311873578966,11.917135261492854,8.71205372201699,8.131311873578966,11.917135261492854,11.917135261492854,0.0,1.0,26.1,3.9811037517588943,16.03957641107519,16.52625785013015,-316.0188962482411,-263.9604235889248,411.7560540018825,11.917135261492854,260.0
11_LTAN06_800km_1213COLD_MY_ALL_HEAT_MY_Black,8228.0,24.421131532019967,-401.4136631236626,402.15584119550164,-364.496542914403,-170.5359369371281,402.417986158143,-340.07541138238304,-571.9496000607908,665.4153818755586,1.0,74.10000000000001,19.924588617616962,-11.949600060790772,23.233212717877013,-340.07541138238304,-571.9496000607908,665.4153818755586,402.15584119550164,740.0,1.0,0.1,6.780190207898251,2.7579370248515147,7.319644519259535,6.780190207898251,2.7579370248515147,7.319644519259535,7.319644519259535,0.0,1.0,33.7,2.283647293495221,-7.777999912276641,8.10631405735452,-357.7163527065048,-167.77799991227664,395.10814500362864,7.319644519259535,336.0
11_LTAN06_800km_1213COLD_MY_ALL_HEAT_MY_Black,8288.5,22.638813245100728,-350.1933943262956,350.92439256187214,-358.72173255057135,-331.1265158879585,488.1864919558734,-336.0829193054706,-681.3199102142542,759.7029345100931,1.0,110.7,23.917080694529375,-1.3199102142541506,23.953473900925562,-336.0829193054706,-681.3199102142542,759.7029345100931,350.92439256187214,1106.0,1.0,0.1,4.997871920979012,-1.8657099902519576,5.334753743729546,4.997871920979012,-1.8657099902519576,5.334753743729546,5.334753743729546,0.0,1.0,32.9,6.276139370407634,-12.99222587821049,14.428716459450683,-353.72386062959237,-332.9922258782105,485.80283250926857,5.334753743729546,328.0
11_LTAN06_800km_1213COLD_MY_ALL_HEAT_MY_Black,8349.0,21.004682900850494,-302.0786902958939,302.8080775584559,-389.40798175891086,-144.93097932125596,415.5039891800879,-368.4032988580604,-447.0096696171499,579.2569683143525,1.0,44.7,-8.403298858060396,-7.009669617149882,10.943075428757371,-368.4032988580604,-447.0096696171499,579.2569683143525,302.8080775584559,446.0,1.0,0.1,3.3637415767287777,-5.820258431527577,6.722363096767509,3.3637415767287777,-5.820258431527577,6.722363096767509,6.722363096767509,0.0,1.0,41.5,13.955759817817864,9.248762247216462,16.742247017594625,-386.04424018218214,-150.75123775278354,414.43466440662826,6.722363096767509,414.0
11_LTAN06_800km_1213COLD_MY_ALL_HEAT_MY_Black,8409.5,19.514009439023763,-256.9992164216366,257.73900326827044,-438.7060112322053,-253.80141195166436,506.8314522599503,-419.19200179318153,-510.800628373301,660.7868160866512,1.0,63.1,20.807998206818468,9.199371626699019,22.750851142343564,-419.19200179318153,-510.800628373301,660.7868160866512,257.73900326827044,630.0,1.0,0.1,1.873068114902047,-9.109007381449032,9.299591369428857,1.873068114902047,-9.109007381449032,9.299591369428857,9.299591369428857,0.0,1.0,49.5,3.167056882696727,17.089580666886604,17.38056433687529,-436.8329431173033,-262.9104193331134,509.8479271179188,9.299591369428857,494.0
11_LTAN06_800km_1213COLD_MY_ALL_HEAT_MY_Black,8470.0,18.161975532496044,-214.8624700309285,215.62870491433796,-255.24972739552925,-208.27640550290863,329.44116989942836,-237.0877518630332,-423.1388755338371,485.0331020368685,1.0,37.1,2.9122481369668094,-23.13887553383711,23.32142255913374,-237.0877518630332,-423.1388755338371,485.0331020368685,215.62870491433796,370.0,1.0,0.1,0.5210342083743278,-11.701516406079207,11.71311072465539,0.5210342083743278,-11.701516406079207,11.71311072465539,11.71311072465539,0.0,1.0,12.3,-14.728693187154903,20.02207809101219,24.855945246237038,-254.7286931871549,-219.9779219089878,336.56647673265445,11.71311072465539,122.0
11_LTAN06_800km_1213COLD_MY_ALL_HEAT_MY_Black,8530.5,16.941519486459757,-175.5515694102459,176.36714151142348,-410.0165047720681,-225.67046964738367,468.0178362588055,-393.07498528560836,-401.22203905762956,561.6823556805423,1.0,36.300000000000004,6.9250147143916365,-1.2220390576295586,7.032013101019708,-393.07498528560836,-401.22203905762956,561.6823556805423,176.36714151142348,362.0,1.0,0.1,-0.6994218376619585,-13.638736038085057,13.656658142589588,-0.6994218376619585,-13.638736038085057,13.656658142589588,13.656658142589588,0.0,1.0,41.1,-10.715926609730104,0.6907943145312743,10.738169298819537,-410.7159266097301,-239.30920568546873,475.34878594217446,13.656658142589588,410.0
11_LTAN06_800km_1213COLD_MY_ALL_HEAT_MY_Black,8591.0,15.843704007139698,-138.93193188621782,139.83241632147576,-378.50416438288613,-199.71287670156485,427.96102109374556,-362.6604603757464,-338.6448085877827,496.18838751365826,1.0,29.1,-2.6604603757464247,21.355191412217323,21.520275315696065,-362.6604603757464,-338.6448085877827,496.18838751365826,139.83241632147576,290.0,1.0,0.1,-1.7972373169820184,-14.97134916256951,15.078838075963395,-1.7972373169820184,-14.97134916256951,15.078838075963395,15.078838075963395,0.0,1.0,41.300000000000004,19.698598300131835,-14.684225864134362,24.569519006664933,-380.30140169986817,-214.68422586413436,436.71326172875393,15.078838075963395,412.0
11_LTAN06_800km_1213COLD_MY_ALL_HEAT_MY_Black,8651.5,14.860227957233258,-104.86779991323768,105.91544662410573,-337.78663480873064,-284.8426190665472,441.8541934757402,-322.9264068514974,-389.71041897978483,506.11824201802716,1.0,36.7,-2.926406851497404,10.289581020215167,10.697632197456741,-322.9264068514974,-389.71041897978483,506.11824201802716,105.91544662410573,366.0,1.0,0.1,-2.780713366888458,-15.815625213665797,16.058218074491748,-2.780713366888458,-15.815625213665797,16.058218074491748,16.058218074491748,0.0,0.0,nan,nan,nan,nan,-340.56734817561914,-300.65824428021295,454.29230512637304,16.058218074491748,nan
11_LTAN06_800km_1213COLD_MY_ALL_HEAT_MY_Black,8712.0,13.982605277448693,-73.21930068944215,74.54246604316147,-359.0513662158609,-184.24993755129015,403.5665038988377,-345.06876093841225,-257.4692382407323,430.5378710587886,1.0,33.300000000000004,14.931239061587746,-17.469238240732295,22.980778590503572,-345.06876093841225,-257.4692382407323,430.5378710587886,74.54246604316147,332.0,1.0,0.1,-3.658336046673023,-16.228158906627073,16.635400930819998,-3.658336046673023,-16.228158906627073,16.635400930819998,16.635400930819998,0.0,1.0,33.5,-2.7097022625339946,-0.4780964579172178,2.7515563913274317,-362.709702262534,-200.47809645791722,414.42706870421245,16.635400930819998,334.0
11_LTAN06_800km_1213COLD_MY_ALL_HEAT_MY_Black,8772.5,13.202431312476454,-43.846585950433685,45.7911267831381,-291.50125141745946,-178.6373215671531,341.8834190694708,-278.298820104983,-222.48390751758677,356.2994841086916,1.0,20.1,1.7011798950169918,17.516092482413228,17.598508712037596,-278.298820104983,-222.48390751758677,356.2994841086916,45.7911267831381,200.0,1.0,0.1,-4.438510011645262,-16.2566615807744,16.85168884341571,-4.438510011645262,-16.2566615807744,16.85168884341571,16.85168884341571,0.0,1.0,20.3,-15.939761429104749,5.106016852072514,16.737604443600166,-295.93976142910475,-194.89398314792749,354.35011931983325,16.85168884341571,202.0
11_LTAN06_800km_1213COLD_MY_ALL_HEAT_MY_Black,8833.0,12.509727659895251,-16.596361568940747,20.78298591280285,-327.5459050643686,-237.9425833845795,404.849345945086,-315.03617740447334,-254.53894495352026,405.01588557941034,1.0,26.3,4.963822595526665,-14.538944953520257,15.362957238805073,-315.03617740447334,-254.53894495352026,405.01588557941034,20.78298591280285,262.0,1.0,0.1,-5.131213664226465,-15.950960562407342,16.75596898216927,-5.131213664226465,-15.950960562407342,16.75596898216927,16.75596898216927,0.0,1.0,26.3,-12.677118728595076,-13.893543946986853,18.807974443457518,-332.6771187285951,-253.89354394698685,418.49252918483535,16.75596898216927,262.0
11_LTAN06_800km_1213COLD_MY_ALL_HEAT_MY_Black,8893.5,11.898422090174174,8.659162788431312,14.715758506869372,-181.97707289606777,-191.99991141203668,264.5366156925175,-170.0786508058936,-183.34074862360538,250.0811419635978,1.0,8.5,-10.078650805893602,16.65925137639462,19.470743655265093,-170.0786508058936,-183.34074862360538,250.0811419635978,14.715758506869372,84.0,1.0,0.1,-5.742519233947542,-15.362446511957236,16.40064907206433,-5.742519233947542,-15.362446511957236,16.40064907206433,16.40064907206433,0.0,1.0,8.3,12.280407869984685,-7.362357923993926,14.318265665023048,-187.71959213001531,-207.36235792399393,279.71019422476877,16.40064907206433,82.0
11_LTAN06_800km_1213COLD_MY_ALL_HEAT_MY_Black,8954.0,11.366905721018547,32.05848995097339,34.01401657562932,-239.4823374986991,-49.74798138012024,244.59487244265284,-228.11543177768056,-17.689491429146848,228.80028042408404,1.0,15.9,11.884568222319444,-17.689491429146848,21.31105508539699,-228.11543177768056,-17.689491429146848,228.80028042408404,34.01401657562932,158.0,1.0,0.1,-6.274035603103169,-14.55993726958146,15.854188596177144,-6.274035603103169,-14.55993726958146,15.854188596177144,15.854188596177144,0.0,1.0,15.5,-5.756373101802268,15.69208135029831,16.714581908965975,-245.75637310180227,-64.30791864970169,254.03091016883928,15.854188596177144,154.0
11_LTAN06_800km_1213COLD_MY_ALL_HEAT_MY_Black,9014.5,10.920217602355317,53.75910573260355,54.857019620573986,-226.65029162784913,-146.43050280122196,269.83744522509795,-215.73007402549382,-92.6713970686184,234.79236076519734,1.0,10.9,-15.73007402549382,-12.671397068618404,20.198998304819632,-215.73007402549382,-92.6713970686184,234.79236076519734,54.857019620573986,108.0,1.0,0.1,-6.720723721766399,-13.597475607124672,15.167711436820786,-6.720723721766399,-13.597475607124672,15.167711436820786,15.167711436820786,0.0,1.0,15.100000000000001,6.628984650384467,-0.027978408346626793,6.62904369320089,-233.37101534961553,-160.02797840834663,282.96816902042667,15.167711436820786,150.0
11_LTAN06_800km_1213COLD_MY_ALL_HEAT_MY_Black,9075.0,10.55035719139218,73.86872793441982,74.618355674159,-69.82997669859148,-148.04749728394572,163.68960595519113,-59.2796195071993,-74.1787693495259,94.95558493910974,1.0,1.1,20.7203804928007,5.8212306504741065,21.522567087883708,-59.2796195071993,-74.1787693495259,94.95558493910974,74.618355674159,10.0,1.0,0.1,-7.090584132729536,-12.507577068736978,14.377616891324896,-7.090584132729536,-12.507577068736978,14.377616891324896,14.377616891324896,0.0,1.0,5.5,3.079439168678988,-0.5550743526827091,3.129065855906594,-76.92056083132101,-160.5550743526827,178.03006650282538,14.377616891324896,54.0
11_LTAN06_800km_1213COLD_MY_ALL_HEAT_MY_Black,9135.5,10.2628016090206,92.49247957274224,93.06010893170208,-79.41984040053048,-125.0015811361279,148.09762434211325,-69.15703879150988,-32.509101563385656,76.41686789491523,1.0,2.1,10.842961208490124,7.490898436614344,13.178898556271417,-69.15703879150988,-32.509101563385656,76.41686789491523,93.06010893170208,20.0,1.0,0.1,-7.378139715101115,-11.303376680642486,13.49826914978527,-7.378139715101115,-11.303376680642486,13.49826914978527,13.49826914978527,0.0,1.0,2.9000000000000004,-6.797980115631589,-16.304957816770383,17.66533846432567,-86.79798011563159,-136.30495781677038,161.59495931985356,13.49826914978527,28.0
11_LTAN06_800km_1213COLD_MY_ALL_HEAT_MY_Black,9196.0,10.06407759836114,109.7293318459488,110.18989030425699,-8.095981364279815,-124.18719744228696,124.45081326701055,1.9680962340813242,-14.457865596338152,14.591205583788593,1.0,0.1,1.9680962340813242,-14.457865596338152,14.591205583788593,1.9680962340813242,-14.457865596338152,14.591205583788593,110.18989030425699,0.0,1.0,0.1,-7.576863725760576,-10.054496567150139,12.58974841438781,-7.576863725760576,-10.054496567150139,12.58974841438781,12.58974841438781,0.0,1.0,3.3000000000000003,-15.672845090040392,-14.241694009437083,21.176966767571773,-15.672845090040392,-134.24169400943708,135.1535071085458,12.58974841438781,32.0
11_LTAN06_800km_1213COLD_MY_ALL_HEAT_MY_Black,9256.5,9.94919725018904,125.6691391836618,126.0623618257477,-14.102654545679869,-204.89214309000897,205.37691000998993,-4.153457295490828,-79.22300390634717,79.3318067073388,1.0,1.5,-4.153457295490828,0.7769960936528264,4.225509488217691,-4.153457295490828,-79.22300390634717,79.3318067073388,126.0623618257477,14.0,1.0,0.1,-7.691744073932675,-8.746158936127756,11.647241005271841,-7.691744073932675,-8.746158936127756,11.647241005271841,11.647241005271841,0.0,1.0,9.1,18.205601380387456,-13.638302026136728,22.74746587595398,-21.794398619612544,-213.63830202613673,214.747106857814,11.647241005271841,90.0
11_LTAN06_800km_1213COLD_MY_ALL_HEAT_MY_Black,9317.0,9.925553583306236,140.36165276224136,140.71215363316384,67.13730756761012,-159.33568157267376,172.90250862742383,77.06286115091636,-18.9740288104324,79.3643392088949,1.0,2.0,-2.937138849083638,21.0259711895676,21.230125978979096,77.06286115091636,-18.9740288104324,79.3643392088949,140.71215363316384,19.0,1.0,0.1,-7.71538774081548,-7.434187690016813,10.714212738298755,-7.71538774081548,-7.434187690016813,10.714212738298755,10.714212738298755,0.0,1.0,6.1000000000000005,19.42191982679465,-6.769869262690577,20.567987251852372,59.42191982679465,-166.76986926269058,177.0399781117161,10.714212738298755,60.0
11_LTAN06_800km_1213COLD_MY_ALL_HEAT_MY_Black,9377.5,9.991984957278072,153.87565584228992,154.19973159600934,17.19651546423428,-176.29651965360875,177.13323512567285,27.18850042151235,-22.42086381131884,35.240739056045406,1.0,0.7000000000000001,-12.811499578487648,17.57913618868116,21.752253919761714,27.18850042151235,-22.42086381131884,35.240739056045406,154.19973159600934,6.0,1.0,0.1,-7.6489563668436436,-6.139851043376154,9.808379292050505,-7.6489563668436436,-6.139851043376154,9.808379292050505,9.808379292050505,0.0,1.0,5.9,9.547559097390636,-22.43637069698491,24.383326573105027,9.547559097390636,-182.4363706969849,182.68602912594565,9.808379292050505,58.0
11_LTAN06_800km_1213COLD_MY_ALL_HEAT_MY_Black,9438.0,10.142698639051943,166.28921762514895,166.5982539946526,47.09357499235952,-174.48917724786716,180.732614052358,57.236273631411464,-8.199959622718211,57.8206741315251,1.0,0.8,17.236273631411464,-8.199959622718211,19.087390248829177,57.236273631411464,-8.199959622718211,57.8206741315251,166.5982539946526,7.0,1.0,0.1,-7.498242685069773,-4.8711879464645165,8.941594677348306,-7.498242685069773,-4.8711879464645165,8.941594677348306,8.941594677348306,0.0,1.0,6.1000000000000005,-0.40466769271024816,-19.360365194331678,19.364593886766976,39.59533230728975,-179.36036519433168,183.67887995947908,8.941594677348306,60.0
11_LTAN06_800km_1213COLD_MY_ALL_HEAT_MY_Black,9498.5,10.367948383905444,177.66660118281234,177.96886112335446,123.03055074580067,-99.84626028717324,158.4480738606468,133.39849912970612,77.8203408956391,154.43822398348047,1.0,4.800000000000001,13.398499129706124,-2.179659104360894,13.574634165971439,133.39849912970612,77.8203408956391,154.43822398348047,177.96886112335446,47.0,1.0,0.1,-7.272992940216271,-3.623106170307068,8.1254738095543,-7.272992940216271,-3.623106170307068,8.1254738095543,8.1254738095543,0.0,1.0,3.9000000000000004,-4.242442194415588,16.530633542519695,17.066345862252852,115.75755780558441,-103.4693664574803,155.26017513910503,8.1254738095543,38.0
11_LTAN06_800km_1213COLD_MY_ALL_HEAT_MY_Black,9559.0,10.66298651922567,188.074447009672,188.3764765025164,120.0100125305781,-158.951919221384,199.1685611027777,130.67299904980376,29.12252778828801,133.87887923585865,1.0,4.6000000000000005,10.672999049803764,-10.87747221171199,15.239170267231696,130.67299904980376,29.12252778828801,133.87887923585865,188.3764765025164,45.0,1.0,0.1,-6.977954804896045,-2.4133615915247617,7.383506445491785,-6.977954804896045,-2.4133615915247617,7.383506445491785,7.383506445491785,0.0,1.0,6.5,-6.967942274317949,-1.3652808129087646,7.100437397535733,113.03205772568205,-161.36528081290876,197.01522764885667,7.383506445491785,64.0
11_LTAN06_800km_1213COLD_MY_ALL_HEAT_MY_Black,9619.5,11.021681126326856,197.5745716420547,197.88175462733253,113.52706440434432,-30.771175570505875,117.62338032151193,124.54874553067117,166.80339607154883,208.17243562553105,1.0,6.4,4.5487455306711695,6.803396071548832,8.183965054248889,124.54874553067117,166.80339607154883,208.17243562553105,197.88175462733253,63.0,1.0,0.1,-6.61926019779486,-1.265108926204789,6.739073093628996,-6.61926019779486,-1.265108926204789,6.739073093628996,6.739073093628996,0.0,1.0,4.2,-13.092195793450543,7.963715503289336,15.32404500487306,106.90780420654946,-32.036284496710664,111.60466891945022,6.739073093628996,41.0
11_LTAN06_800km_1213COLD_MY_ALL_HEAT_MY_Black,9680.0,11.43098994958932,206.21963664524307,206.53621006817107,161.40689641801293,-43.05493424872033,167.05063176910403,172.83788636760227,163.16470239652273,237.68814667998492,1.0,6.6000000000000005,12.837886367602266,3.1647023965227277,13.222203585107318,172.83788636760227,163.16470239652273,237.68814667998492,206.53621006817107,65.0,1.0,0.1,-6.209951374532396,-0.1355735670632896,6.211431096465859,-6.209951374532396,-0.1355735670632896,6.211431096465859,6.211431096465859,0.0,1.0,7.2,-4.803054956519446,-3.190507815783633,5.766166580833619,155.19694504348055,-43.19050781578363,161.09472901437337,6.211431096465859,71.0
11_LTAN06_800km_1213COLD_MY_ALL_HEAT_MY_Black,9740.5,11.887353154493734,214.06558140193965,214.39538779080604,216.51236128607957,-13.222568900633245,216.9157415173132,228.3997144405733,200.84301250130642,304.1452699404272,1.0,16.8,-11.600285559426709,0.8430125013064185,11.630876800035445,228.3997144405733,200.84301250130642,304.1452699404272,214.39538779080604,167.0,1.0,0.1,-5.753588169627982,0.9237944238325326,5.827278349554546,-5.753588169627982,0.9237944238325326,5.827278349554546,5.827278349554546,0.0,1.0,11.200000000000001,10.758773116451579,-12.298774476800702,16.3404728390119,210.75877311645158,-12.298774476800702,211.11731406775505,5.827278349554546,111.0
11_LTAN06_800km_1213COLD_MY_ALL_HEAT_MY_Black,9801.0,12.3833210264757,221.1663098458367,221.51271577602355,159.70630010335395,3.6883915361967574,159.7488858328184,172.08962112982965,224.85470138203345,283.1509746305171,1.0,14.200000000000001,12.089621129829652,-15.145298617966546,19.378828893671646,172.08962112982965,224.85470138203345,283.1509746305171,221.51271577602355,141.0,1.0,0.1,-5.257620297646016,1.905422189675079,5.592245069301375,-5.257620297646016,1.905422189675079,5.592245069301375,5.592245069301375,0.0,1.0,7.4,-5.55132019429206,5.593813725871826,7.880857053601903,154.44867980570794,5.593813725871826,154.54994482602007,5.592245069301375,73.0
11_LTAN06_800km_1213COLD_MY_ALL_HEAT_MY_Black,9861.5,12.90933657470266,227.5736358919648,227.93948917177016,224.41570530918307,99.09720352281622,245.3215533447083,237.32504188388572,326.670839414781,403.7784204599668,1.0,25.400000000000002,-2.674958116114283,6.670839414781028,7.187176039360784,237.32504188388572,326.670839414781,403.7784204599668,227.93948917177016,253.0,1.0,0.1,-4.731604749419056,2.8316740725746,5.514205433062518,-4.731604749419056,2.8316740725746,5.514205433062518,5.514205433062518,0.0,0.0,nan,nan,nan,nan,219.684100559764,101.92887759539082,242.178859784682,5.514205433062518,nan
11_LTAN06_800km_1213COLD_MY_ALL_HEAT_MY_Black,9922.0,13.46278951271567,233.33440215759083,233.7224634726068,233.2194265905702,114.71528344504954,259.9055543752623,246.68221610328587,348.04968560264035,426.60367953139485,1.0,32.0,6.682216103285867,-11.950314397359648,13.691677261999505,246.68221610328587,348.04968560264035,426.60367953139485,233.7224634726068,319.0,1.0,0.1,-4.178151811406046,3.6352650700484332,5.538240215869105,-4.178151811406046,3.6352650700484332,5.538240215869105,5.538240215869105,0.0,1.0,16.400000000000002,-10.958725220835845,-1.6494514849020447,11.082163537271464,229.04127477916416,118.35054851509796,257.8114774138055,5.538240215869105,163.0
11_LTAN06_800km_1213COLD_MY_ALL_HEAT_MY_Black,9982.5,14.036187386458002,238.5085716319172,238.9212282285631,314.5390348669293,-38.61815263566309,316.9008775122132,328.57522225338727,199.8904189962541,384.60090520611215,1.0,28.400000000000002,8.575222253387267,-0.10958100374588753,8.575922381375088,328.57522225338727,199.8904189962541,384.60090520611215,238.9212282285631,283.0,1.0,0.1,-3.6047539376637143,4.38996372242255,5.680319747627602,-3.6047539376637143,4.38996372242255,5.680319747627602,5.680319747627602,0.0,1.0,27.200000000000003,-9.065719070734474,5.77181108675947,10.7471422011025,310.9342809292655,-34.22818891324053,312.8125572499926,5.680319747627602,271.0
11_LTAN06_800km_1213COLD_MY_ALL_HEAT_MY_Black,10043.0,14.624471563010122,243.14548986233063,243.58490184921152,342.153645876761,-166.35015105416147,380.44906379501356,356.7781174397711,76.79533880816916,364.9495158875109,1.0,34.800000000000004,-3.2218825602288916,-3.204661191830837,4.544268982612464,356.7781174397711,76.79533880816916,364.9495158875109,243.58490184921152,347.0,1.0,0.1,-3.016469761111594,5.062574267123637,5.893110217011308,-3.016469761111594,5.062574267123637,5.893110217011308,5.893110217011308,0.0,1.0,26.6,19.137176115649368,-1.2875767870378354,19.180442217631462,339.13717611564937,-161.28757678703784,375.5365583395731,5.893110217011308,265.0
11_LTAN06_800km_1213COLD_MY_ALL_HEAT_MY_Black,10103.5,15.226069521833978,247.2801141885204,247.7484370610063,370.68004163570424,-217.7133892418847,429.8869771489197,385.90611115753825,29.566724946635702,387.0371013905569,1.0,42.400000000000006,-14.093888842461752,-10.433275053364298,17.5354193289702,385.90611115753825,29.566724946635702,387.0371013905569,247.7484370610063,423.0,1.0,0.1,-2.4148718022877382,5.655480947455686,6.149477259777346,-2.4148718022877382,5.655480947455686,6.149477259777346,6.149477259777346,0.0,1.0,33.4,8.265169833416508,-12.057908294429012,14.618692992606357,368.2651698334165,-212.057908294429,424.95622337205936,6.149477259777346,333.0
11_LTAN06_800km_1213COLD_MY_ALL_HEAT_MY_Black,10164.0,15.830091937846657,250.97272591916385,251.47147147550638,386.19152525544996,-325.96188333838757,505.3662469621803,402.0216171932966,-74.98915741922372,408.95568760094125,1.0,41.800000000000004,2.0216171932966063,5.010842580776284,5.403284135186042,402.0216171932966,-74.98915741922372,408.95568760094125,251.47147147550638,417.0,1.0,0.1,-1.8108493862750592,6.173344390674401,6.433456028111474,-1.8108493862750592,6.173344390674401,6.433456028111474,6.433456028111474,0.0,1.0,32.800000000000004,24.380675869174866,0.2114610522868361,24.381592885092637,384.38067586917487,-319.78853894771316,500.0132134493615,6.433456028111474,327.0
11_LTAN06_800km_1213COLD_MY_ALL_HEAT_MY_Black,10224.5,16.433405601250296,254.2585570616829,254.78907091699256,405.5391289361656,-230.54563563545653,466.490380617715,421.97253453741587,23.71292142622636,422.63828807444435,1.0,51.0,-18.027465462584132,-16.28707857377364,24.29523491289887,421.97253453741587,23.71292142622636,422.63828807444435,254.78907091699256,509.0,1.0,0.1,-1.2075357228714196,6.635439742894619,6.744420145838782,-1.2075357228714196,6.635439742894619,6.744420145838782,6.744420145838782,0.0,1.0,41.0,4.331593213294127,16.089804107438084,16.662667733024843,404.3315932132941,-223.91019589256192,462.1902347465232,6.744420145838782,409.0
11_LTAN06_800km_1213COLD_MY_ALL_HEAT_MY_Black,10285.0,17.03478224018952,257.1675427258411,257.7311173250486,412.8117258550058,-334.4078617556594,531.2646600399661,429.84650809519536,-77.2403190298183,436.73113858008907,1.0,50.400000000000006,-10.153491904804639,2.759680970181705,10.521845699216291,429.84650809519536,-77.2403190298183,436.73113858008907,257.7311173250486,503.0,1.0,0.1,-0.6061590839321944,6.995835731219813,7.022047166834282,-0.6061590839321944,6.995835731219813,7.022047166834282,7.022047166834282,0.0,1.0,40.6,12.20556677107362,-7.4120260244395695,14.279845587054012,412.2055667710736,-327.41202602443957,526.4143463684195,7.022047166834282,405.0
11_LTAN06_800km_1213COLD_MY_ALL_HEAT_MY_Black,10345.5,17.62539880142452,259.76722563212286,260.3644872011532,383.72914493977805,-335.03361452196646,509.4070862638905,401.3545437412026,-75.2663888898436,408.3509508721953,1.0,41.800000000000004,1.3545437412025763,4.733611110156403,4.923602633136351,401.3545437412026,-75.2663888898436,408.3509508721953,260.3644872011532,417.0,1.0,0.1,-0.015542522697195693,7.336053566402484,7.336070030959246,-0.015542522697195693,7.336053566402484,7.336070030959246,7.336070030959246,0.0,1.0,32.800000000000004,23.713602417080835,-7.697560955563972,24.931654262403146,383.71360241708084,-327.697560955564,504.60065411780744,7.336070030959246,327.0
11_LTAN06_800km_1213COLD_MY_ALL_HEAT_MY_Black,10406.0,18.205453582108312,262.0779766422256,262.7095437570041,28.441072771529434,-36.30338385267868,46.11757039947317,46.646526353637746,225.77459278954694,230.5429790085709,1.0,13.600000000000001,6.646526353637746,-14.225407210453056,15.701545238377365,46.646526353637746,225.77459278954694,230.5429790085709,262.7095437570041,135.0,1.0,0.1,0.5645122579865962,7.5968597105246545,7.6178049036983,0.5645122579865962,7.5968597105246545,7.6178049036983,7.6178049036983,0.0,1.0,0.7000000000000001,-10.99441497048397,11.293475857845976,15.761337427228437,29.00558502951603,-28.706524142154024,40.809171655751065,7.6178049036983,6.0
11_LTAN06_800km_1213COLD_MY_ALL_HEAT_MY_Black,10466.5,18.77293116043485,264.1314388960927,264.79773404935844,-427.584572661386,221.04010130508323,481.3390625774949,-408.81164150095117,485.1715402011759,634.4433636250626,1.0,53.400000000000006,-8.811641500951168,5.171540201175901,10.217135312486736,-408.81164150095117,485.1715402011759,634.4433636250626,264.79773404935844,533.0,1.0,0.1,1.131989836313135,7.795572648041571,7.87733164849685,1.131989836313135,7.795572648041571,7.87733164849685,7.87733164849685,0.0,1.0,52.1,13.54741717492709,-11.164326046875203,17.554904961076993,-426.4525828250729,228.8356739531248,483.9706303813864,7.87733164849685,520.0
11_LTAN06_800km_1213COLD_MY_ALL_HEAT_MY_Black,10527.0,19.322526918662383,265.9771489337098,266.6780902163267,-511.6878695174655,184.23893803694187,543.8459911595404,-492.3653425988031,450.2160869706517,667.1717586645902,1.0,62.5,-12.365342598803124,10.216086970651702,16.039642470382393,-492.3653425988031,450.2160869706517,667.1717586645902,266.6780902163267,624.0,1.0,0.1,1.6815855945406675,7.952309860513083,8.128158600161559,1.6815855945406675,7.952309860513083,8.128158600161559,8.128158600161559,0.0,1.0,71.5,9.993716077075135,-7.808752102545043,12.682703593011691,-510.00628392292487,192.19124789745496,545.0173257881368,8.128158600161559,714.0
11_LTAN06_800km_1213COLD_MY_ALL_HEAT_MY_Black,10587.5,19.85459921231684,267.6290111099847,268.3644773392895,-416.5652640352321,154.55761454635427,444.31371283700213,-396.71066482291525,422.18662565633895,579.327971418026,1.0,36.2,3.2893351770847516,22.186625656338947,22.429134711836852,-396.71066482291525,422.18662565633895,579.327971418026,268.3644773392895,361.0,1.0,0.1,2.213657888195126,8.052021190653079,8.350768018613302,2.213657888195126,8.052021190653079,8.350768018613302,8.350768018613302,0.0,1.0,43.1,-14.35160614703699,2.609635737007352,14.586939284151963,-414.351606147037,162.60963573700735,445.1170038890353,8.350768018613302,430.0
11_LTAN06_800km_1213COLD_MY_ALL_HEAT_MY_Black,10648.0,20.3652827815108,269.1214370613889,269.8908902292888,-540.9780704981533,139.1733774439073,558.5933241178677,-520.6127877166425,408.29481450529624,661.6209868844912,1.0,72.5,-0.6127877166425151,8.294814505296245,8.317418858212019,-520.6127877166425,408.29481450529624,661.6209868844912,269.8908902292888,724.0,1.0,0.1,2.724341457389084,8.120125063857472,8.56495577508344,2.724341457389084,8.120125063857472,8.56495577508344,8.56495577508344,0.0,1.0,71.3,-18.253729040764256,-12.7064974922352,22.24081164017671,-538.2537290407643,147.2935025077648,558.0434147154623,8.56495577508344,712.0
11_LTAN06_800km_1213COLD_MY_ALL_HEAT_MY_Black,10708.5,20.851131175436645,270.4868229845269,271.2893125052258,-605.8016330948722,135.7229085123493,620.8190771516817,-584.9505019194355,406.2097314968762,712.1611023206503,1.0,95.30000000000001,15.04949808056449,6.209731496876202,16.28029968213763,-584.9505019194355,406.2097314968762,712.1611023206503,271.2893125052258,952.0,1.0,0.1,3.2101898513149294,8.126811670911763,8.737870839967425,3.2101898513149294,8.126811670911763,8.737870839967425,8.737870839967425,0.0,1.0,93.9,-2.5914432435572508,23.84972018326107,23.990096517197028,-602.5914432435573,143.84972018326107,619.5233566760464,8.737870839967425,938.0
11_LTAN06_800km_1213COLD_MY_ALL_HEAT_MY_Black,10769.0,21.313269888608623,271.7343183964428,272.5688816936446,-484.1233981129884,72.36410519949678,489.5018164642404,-462.8101282243798,344.0984235959396,576.7121811686291,1.0,62.1,17.18987177562019,-15.901576404060393,23.416913199575085,-462.8101282243798,344.0984235959396,576.7121811686291,272.5688816936446,620.0,1.0,0.1,3.6723285644869073,8.10381176495855,8.89706480854372,3.6723285644869073,8.10381176495855,8.89706480854372,8.89706480854372,0.0,1.0,60.7,-0.45106954850155034,0.46791696445535536,0.6499307833996685,-480.45106954850155,80.46791696445536,487.14301379666483,8.89706480854372,606.0
11_LTAN06_800km_1213COLD_MY_ALL_HEAT_MY_Black,10829.5,21.74755069959531,272.9094398715047,273.7745757597113,-532.0249796897261,159.50602335963393,555.4212369921208,-510.27742899013083,432.4154632311386,668.8543842856816,1.0,72.7,9.72257100986917,-7.584536768861426,12.331000974785434,-510.27742899013083,432.4154632311386,668.8543842856816,273.7745757597113,726.0,1.0,0.1,4.106609375473592,8.041586432438237,9.029471352914431,4.106609375473592,8.041586432438237,9.029471352914431,9.029471352914431,0.0,1.0,71.3,-7.91837031425257,7.547609792072137,10.939241381696428,-527.9183703142526,167.54760979207214,553.8682219285494,9.029471352914431,712.0
11_LTAN06_800km_1213COLD_MY_ALL_HEAT_MY_Black,10890.0,22.152692469642183,274.0317742884677,274.9257265214375,-484.448132863151,43.220064518257466,486.37225189309015,-462.2954403935088,317.2518388067252,560.6833361487361,1.0,52.5,-22.295440393508784,-2.748161193274825,22.464172637440374,-462.2954403935088,317.2518388067252,560.6833361487361,274.9257265214375,524.0,1.0,0.1,4.511751145520467,7.951716332225999,9.142521043306104,4.511751145520467,7.951716332225999,9.142521043306104,9.142521043306104,0.0,1.0,60.5,0.06361828236947531,11.171780850483458,11.171961987810402,-479.9363817176305,51.17178085048346,482.65669129477635,9.142521043306104,604.0
11_LTAN06_800km_1213COLD_MY_ALL_HEAT_MY_Black,10950.5,22.5293799447214,275.1049414356449,276.02590777498267,-411.3933390695779,31.552029989079756,412.6015148145344,-388.8639591248565,306.65697142472465,495.23093282795094,1.0,43.900000000000006,11.136040875143522,-13.343028575275355,17.379522948961572,-388.8639591248565,306.65697142472465,495.23093282795094,276.02590777498267,438.0,1.0,0.1,4.888438620599683,7.835619591407635,9.235462442597106,4.888438620599683,7.835619591407635,9.235462442597106,9.235462442597106,0.0,1.0,42.5,-6.504900448978219,-0.6123504195126088,6.533659226451461,-406.5049004489782,39.38764958048739,408.40864465447953,9.235462442597106,424.0
11_LTAN06_800km_1213COLD_MY_ALL_HEAT_MY_Black,11011.0,22.869975816475897,276.1673583668682,277.11269480336045,-483.2441549540768,56.59492169754273,486.5469129068961,-460.3741791376009,332.7622800644109,568.0449980857901,1.0,52.5,-20.37417913760089,12.762280064410902,24.041276338279367,-460.3741791376009,332.7622800644109,568.0449980857901,277.11269480336045,524.0,1.0,0.1,5.229034492354181,7.6782645888305865,9.289701223307427,5.229034492354181,7.6782645888305865,9.289701223307427,9.289701223307427,0.0,1.0,60.5,1.9848795382773687,24.27318628637329,24.354205371443605,-478.01512046172263,64.27318628637329,482.3168023876403,9.289701223307427,604.0
11_LTAN06_800km_1213COLD_MY_ALL_HEAT_MY_Black,11071.5,23.17580459057614,277.2225957583954,278.1896574595168,-448.9739787654356,-10.884670447953594,449.10590027211447,-425.79817417485947,266.33792531044185,502.23498045169504,1.0,52.300000000000004,14.201825825140531,-13.662074689558153,19.706449238528336,-425.79817417485947,266.33792531044185,502.23498045169504,278.1896574595168,522.0,1.0,0.1,5.534863266454423,7.4735542648522255,9.299931436738522,5.534863266454423,7.4735542648522255,9.299931436738522,9.299931436738522,0.0,1.0,50.900000000000006,-3.4391154989812094,-3.411116183101342,4.843885736673466,-443.4391154989812,-3.411116183101342,443.45223515969946,9.299931436738522,508.0
11_LTAN06_800km_1213COLD_MY_ALL_HEAT_MY_Black,11132.0,23.447315872370943,278.2783151934585,279.2643860726401,-532.8102462035972,83.68323200016842,539.3418598417259,-509.36293033122627,361.9615471936269,624.8733923303326,1.0,72.3,10.637069668773734,1.9615471936269273,10.81641893286183,-509.36293033122627,361.9615471936269,624.8733923303326,279.2643860726401,722.0,1.0,0.1,5.806374548249227,7.234364639930334,9.276314846857602,5.806374548249227,7.234364639930334,9.276314846857602,9.276314846857602,0.0,1.0,70.9,-7.003871655348007,10.917596640098736,12.9710498634645,-527.003871655348,90.91759664009874,534.7888275932269,9.276314846857602,708.0
11_LTAN06_800km_1213COLD_MY_ALL_HEAT_MY_Black,11192.5,23.679124269652583,279.3688155416752,280.37053344339915,-392.50901103413145,-83.0778302443541,401.2047477549358,-368.8298867644789,196.29098529732107,417.8105267698403,1.0,35.5,-8.829886764478886,-3.709014702678928,9.577248578699827,-368.8298867644789,196.29098529732107,417.8105267698403,280.37053344339915,354.0,1.0,0.1,6.038182945530867,7.0126872127056,9.254049666332273,6.038182945530867,7.0126872127056,9.254049666332273,9.254049666332273,0.0,1.0,41.900000000000006,13.529171911399374,3.9348569683514825,14.08976905309601,-386.4708280886006,-76.06514303164852,393.88527130106536,9.254049666332273,418.0
11_LTAN06_800km_1213COLD_MY_ALL_HEAT_MY_Black,11253.0,23.872738905922887,280.4927016363456,281.506773158527,-512.5368918368954,-41.96577614612701,514.2520703520524,-488.6641529309725,238.5269254902186,543.7717798337471,1.0,61.5,-8.664152930972477,-1.4730745097814122,8.788486475079013,-488.6641529309725,238.5269254902186,543.7717798337471,281.506773158527,614.0,1.0,0.1,6.231797581801171,6.781974461684001,9.210346285535463,6.231797581801171,6.781974461684001,9.210346285535463,9.210346285535463,0.0,1.0,70.3,13.694905744905782,4.8161983155569885,14.517100591255382,-506.3050942550942,-35.18380168444301,507.52610609665203,9.210346285535463,702.0
11_LTAN06_800km_1213COLD_MY_ALL_HEAT_MY_Black,11313.5,24.02525223663982,281.66139854682285,282.6841986676764,-452.7737975229751,-82.96438947534642,460.3120698443535,-428.7485452863353,198.69700907147643,472.5524484108606,1.0,51.900000000000006,11.251454713664714,-1.3029909285235703,11.326650808313225,-428.7485452863353,198.69700907147643,472.5524484108606,282.6841986676764,518.0,1.0,0.1,6.384310912518103,6.524886749601023,9.128722414599796,6.384310912518103,6.524886749601023,9.128722414599796,9.128722414599796,0.0,1.0,50.5,-6.389486610457027,3.560497274254601,7.314552616885333,-446.389486610457,-76.4395027257454,452.8869299652029,9.128722414599796,504.0
11_LTAN06_800km_1213COLD_MY_ALL_HEAT_MY_Black,11374.0,24.131376192953127,282.89300885267994,283.92037224314896,-352.4193755277443,-13.002254870408283,352.65914829914783,-328.28799933479115,269.89075398227163,424.98709344209374,1.0,28.900000000000002,-8.287999334791152,-10.109246017728367,13.072405594245284,-328.28799933479115,269.89075398227163,424.98709344209374,283.92037224314896,288.0,1.0,0.1,6.490434868831411,6.2307490735846045,8.997109469408384,6.490434868831411,6.2307490735846045,8.997109469408384,8.997109469408384,0.0,1.0,34.5,14.071059341087107,-6.771505796823703,15.615633248024613,-345.9289406589129,-6.771505796823703,345.99520990348134,8.997109469408384,344.0
11_LTAN06_800km_1213COLD_MY_ALL_HEAT_MY_Black,11434.5,24.19312846544946,284.18286684647046,285.2108154927237,-378.42606756797477,-58.912658484173356,382.98432075560777,-354.23293910252534,225.2702083622971,419.7947616643235,1.0,35.7,5.767060897474664,-14.729791637702903,15.81852562931589,-354.23293910252534,225.2702083622971,419.7947616643235,285.2108154927237,356.0,1.0,0.1,6.552187141327742,5.948439558205905,8.849581318492389,6.552187141327742,5.948439558205905,8.849581318492389,8.849581318492389,0.0,1.0,34.300000000000004,-11.873880426647077,-12.964218925967458,17.580102637548094,-371.8738804266471,-52.96421892596746,375.62666496138155,8.849581318492389,342.0
11_LTAN06_800km_1213COLD_MY_ALL_HEAT_MY_Black,11495.0,24.2049759391546,285.5329279468422,286.55703411731434,-416.0855858692976,-59.149047958276086,420.26875287435666,-391.88060993014295,226.38387998856615,452.57051777363756,1.0,43.5,8.119390069857047,-13.61612001143385,15.853176945718564,-391.88060993014295,226.38387998856615,452.57051777363756,286.55703411731434,434.0,1.0,0.1,6.5640346150328845,5.624645404276521,8.644257420461221,6.5640346150328845,5.624645404276521,8.644257420461221,8.644257420461221,0.0,1.0,42.1,-9.521551254264693,-13.52440255399955,16.5399335769591,-409.5215512542647,-53.52440255399955,413.0045551933561,8.644257420461221,420.0
11_LTAN06_800km_1213COLD_MY_ALL_HEAT_MY_Black,11555.5,24.164534156658007,286.943132129803,287.95882654898753,-421.6459025995021,-51.189549576101854,424.7418476730931,-397.4813684428441,235.75358255370116,462.13763095651575,1.0,43.5,2.5186315571559135,-4.246417446298835,4.9371617402038535,-397.4813684428441,235.75358255370116,462.13763095651575,287.95882654898753,434.0,1.0,0.1,6.523592832536291,5.341954225093275,8.43171028841188,6.523592832536291,5.341954225093275,8.43171028841188,8.43171028841188,0.0,1.0,42.1,-15.122309766965827,-5.847595351008579,16.213532128355226,-415.1223097669658,-45.84759535100858,417.6464223068726,8.43171028841188,420.0
11_LTAN06_800km_1213COLD_MY_ALL_HEAT_MY_Black,11616.0,24.07432381831521,288.41027251581386,289.41330024716405,-304.2863543619906,-134.95020805049438,332.86895935755655,-280.2120305436754,153.46006446531948,319.48203931850327,1.0,22.1,-0.21203054367538243,-6.539935534680524,6.543371741635065,-280.2120305436754,153.46006446531948,319.48203931850327,289.41330024716405,220.0,1.0,0.1,6.433382494193495,5.047548867047851,8.177173098438809,6.433382494193495,5.047548867047851,8.177173098438809,8.177173098438809,0.0,1.0,20.700000000000003,-17.852971867797123,-9.90265918344653,20.415466279658013,-297.8529718677971,-129.90265918344653,324.9478322952923,8.177173098438809,206.0
11_LTAN06_800km_1213COLD_MY_ALL_HEAT_MY_Black,11676.5,23.92968497232362,289.93129865803166,290.91714931300874,-229.30816460041345,0.8020026555790416,229.30956709363406,-205.37847962808982,290.7333013136107,355.95810482001457,1.0,17.400000000000002,-5.378479628089821,10.733301313610696,12.00549041890977,-205.37847962808982,290.7333013136107,355.95810482001457,290.91714931300874,173.0,1.0,0.1,6.288743648201905,4.795055919548133,7.9082778115335195,6.288743648201905,4.795055919548133,7.9082778115335195,7.9082778115335195,0.0,1.0,11.3,-23.019420952211533,5.597058575127164,23.690099317405146,-223.01942095221153,5.597058575127164,223.08964383528235,7.9082778115335195,112.0
11_LTAN06_800km_1213COLD_MY_ALL_HEAT_MY_Black,11737.0,23.731290232096747,291.50299458402105,292.4673827754675,-254.34567907061177,-21.17806534224281,255.22585079401918,-230.61438883851503,270.32492924177825,355.32881069360843,1.0,17.2,9.385611161484974,-9.67507075822175,13.47949149824239,-230.61438883851503,270.32492924177825,355.32881069360843,292.4673827754675,171.0,1.0,0.1,6.090348907975031,4.554368590875072,7.604907828660518,6.090348907975031,4.554368590875072,7.604907828660518,7.604907828660518,0.0,1.0,15.700000000000001,-8.255330162636739,23.37630324863227,24.79116838041635,-248.25533016263674,-16.62369675136773,248.81128641571146,7.604907828660518,156.0
11_LTAN06_800km_1213COLD_MY_ALL_HEAT_MY_Black,11797.5,23.48092591474115,293.1213457846805,294.06032924628886,-263.1997687407996,2.8208849929475157,263.21488494641375,-239.71884282605845,295.942230777628,380.8502692181054,1.0,17.2,0.28115717394155126,15.942230777628026,15.944709828767945,-239.71884282605845,295.942230777628,380.8502692181054,294.06032924628886,171.0,1.0,0.1,5.839984590619434,4.3480161906695685,7.280842314801024,5.839984590619434,4.3480161906695685,7.280842314801024,7.280842314801024,0.0,1.0,15.9,-17.35978415018019,7.168901183617095,18.781779732531046,-257.3597841501802,7.168901183617095,257.45961167143827,7.280842314801024,158.0
11_LTAN06_800km_1213COLD_MY_ALL_HEAT_MY_Black,11858.0,23.17357993522214,294.7676712375861,295.6771800694869,-203.40173399125462,-2.2650738296855675,203.41434548748776,-180.22815405603248,292.50259740790057,343.56943549275934,1.0,17.400000000000002,19.77184594396752,12.502597407900566,23.39317921908065,-180.22815405603248,292.50259740790057,343.56943549275934,295.6771800694869,173.0,1.0,0.1,5.532638611100424,4.085609916432077,6.877666638496471,5.532638611100424,4.085609916432077,6.877666638496471,6.877666638496471,0.0,1.0,11.3,2.1309046198458077,1.8205360867465288,2.8026962272116775,-197.8690953801542,1.8205360867465288,197.87747031484838,6.877666638496471,112.0
11_LTAN06_800km_1213COLD_MY_ALL_HEAT_MY_Black,11918.5,22.811983599709293,296.4410305270536,297.3174585786966,-166.85844707463318,-90.81497430072919,189.97131603850164,-144.04646347492388,205.6260562263244,251.06066724762783,1.0,8.4,15.953536525076117,5.626056226324408,16.91649598228609,-144.04646347492388,205.6260562263244,251.06066724762783,297.3174585786966,83.0,1.0,0.1,5.171042275587578,3.7895132316727995,6.4109350916178505,5.171042275587578,3.7895132316727995,6.4109350916178505,6.4109350916178505,0.0,1.0,7.1000000000000005,-1.687404799045595,-7.025461069056405,7.2252638836702205,-161.6874047990456,-87.0254610690564,183.6198457273404,6.4109350916178505,70.0
11_LTAN06_800km_1213COLD_MY_ALL_HEAT_MY_Black,11979.0,22.40011012884397,298.1321522670994,298.9724822608216,-139.0096217238332,-5.825218338965589,139.13162149741453,-116.60951159498921,292.3069339281338,314.70799452331727,1.0,17.8,3.3904884050107853,12.306933928133788,12.76542339039184,-116.60951159498921,292.3069339281338,314.70799452331727,298.9724822608216,177.0,1.0,0.1,4.759168804722254,3.5036510316758154,5.909759577478973,4.759168804722254,3.5036510316758154,5.909759577478973,5.909759577478973,0.0,1.0,4.5,-14.250452919110927,-2.321567307289797,14.438319956354823,-134.25045291911093,-2.321567307289797,134.27052462751718,5.909759577478973,44.0
11_LTAN06_800km_1213COLD_MY_ALL_HEAT_MY_Black,12039.5,21.94427430874958,299.8191776692421,300.6211743593558,-105.56107550784078,-107.05047050292825,150.3427547215707,-83.6168011990912,192.76870716631385,210.1226877453751,1.0,8.8,-3.6168011990911992,-7.231292833686155,8.085347670958143,-83.6168011990912,192.76870716631385,210.1226877453751,300.6211743593558,87.0,1.0,0.1,4.303332984627865,3.2188785662138457,5.373997953164578,4.303332984627865,3.2188785662138457,5.373997953164578,5.373997953164578,0.0,1.0,2.7,18.74225747678709,16.168408063285597,24.75256824305511,-101.25774252321291,-103.8315919367144,145.03147901407354,5.373997953164578,26.0
11_LTAN06_800km_1213COLD_MY_ALL_HEAT_MY_Black,12100.0,21.447089386794342,301.50153010956,302.26337902824264,-72.28519189965732,-102.96555433558187,125.80562128777851,-50.838102512862974,198.53597577397812,204.94156812036448,1.0,9.0,-10.838102512862974,-1.464024226021877,10.936536609626728,-50.838102512862974,198.53597577397812,204.94156812036448,302.26337902824264,89.0,1.0,0.1,3.8061480626726265,2.933532319791709,4.805452626574225,3.8061480626726265,2.933532319791709,4.805452626574225,4.805452626574225,0.0,1.0,1.1,11.520956163015313,-20.032022015790176,23.108750224778987,-68.47904383698469,-100.03202201579018,121.22617239439346,4.805452626574225,10.0
11_LTAN06_800km_1213COLD_MY_ALL_HEAT_MY_Black,12160.5,20.92597454106378,303.16907598596106,303.8904161777312,-26.648895571589343,-140.11782558424503,142.6294804086532,-5.722921030525562,163.05125040171603,163.15165363147483,1.0,5.800000000000001,-5.722921030525562,3.0512504017160325,6.485518802347582,-5.722921030525562,163.05125040171603,163.15165363147483,303.8904161777312,57.0,1.0,0.1,3.2850332169420646,2.617478515645246,4.200313918777639,3.2850332169420646,2.617478515645246,4.200313918777639,4.200313918777639,0.0,1.0,3.1,16.636137645352722,-17.50034706859978,24.145873835431406,-23.363862354647278,-137.50034706859978,139.4711995650439,4.200313918777639,30.0
11_LTAN06_800km_1213COLD_MY_ALL_HEAT_MY_Black,12221.0,20.39696694594238,304.81232016448723,305.4940044987,-165.14397230276717,-130.90855474990644,210.735809236699,-144.7470053568248,173.9037654145808,226.26138686293385,1.0,5.0,15.252994643175214,13.90376541458079,20.639005264024345,-144.7470053568248,173.9037654145808,226.26138686293385,305.4940044987,49.0,1.0,0.1,2.7560256218206654,2.3082159588029754,3.5949322859554287,2.7560256218206654,2.3082159588029754,3.5949322859554287,3.5949322859554287,0.0,1.0,6.9,-2.3879466809464986,-8.600338791103468,8.925699786168167,-162.3879466809465,-128.60033879110347,207.14220324318393,3.5949322859554287,68.0
11_LTAN06_800km_1213COLD_MY_ALL_HEAT_MY_Black,12281.5,19.859874001008624,306.4318228954464,307.0747086270085,35.523754620889974,-7.146241499672822,36.235423413240916,55.383628621898595,299.28558139577353,304.36689299385796,1.0,18.6,15.383628621898595,19.285581395773534,24.66961044178655,55.383628621898595,299.28558139577353,304.36689299385796,307.0747086270085,185.0,1.0,0.1,2.218932676886908,1.9835104599849842,2.9762352006228174,2.218932676886908,1.9835104599849842,2.9762352006228174,2.9762352006228174,0.0,1.0,0.8,-2.2573127022231176,-5.162731039687856,5.634647497738814,37.74268729777688,-5.162731039687856,38.09414963279696,2.9762352006228174,7.0
11_LTAN06_800km_1213COLD_MY_ALL_HEAT_MY_Black,12342.0,19.324533256428467,308.0543778887227,308.6599055951174,52.95065761069419,-87.32107922331576,102.12121727696726,72.27519086712266,220.73329866540692,232.26470320431977,1.0,9.600000000000001,-7.72480913287734,20.73329866540692,22.125603939516534,72.27519086712266,220.73329866540692,232.26470320431977,308.6599055951174,95.0,1.0,0.1,1.6835919323067507,1.6732065453862788,2.373626326541704,1.6835919323067507,1.6732065453862788,2.373626326541704,2.373626326541704,0.0,1.0,1.7000000000000002,14.634249543000948,-5.6478726779294846,15.686291004342799,54.63424954300095,-85.64787267792948,101.58966146897882,2.373626326541704,16.0
11_LTAN06_800km_1213COLD_MY_ALL_HEAT_MY_Black,12402.5,18.7957368388444,309.68957667367704,310.25942954829975,-83.13022053071874,-28.999984011123786,88.04335658146711,-64.33448369187434,280.68959266255325,287.96800728721604,1.0,18.0,15.66551630812566,0.6895926625532525,15.680686822980627,-64.33448369187434,280.68959266255325,287.96800728721604,310.25942954829975,179.0,1.0,0.1,1.1547955147226858,1.3884778308919863,1.8059411307410185,1.1547955147226858,1.3884778308919863,1.8059411307410185,1.8059411307410185,0.0,1.0,2.1,-1.975425015996052,12.3884938197682,12.54500231631138,-81.97542501599605,-27.6115061802318,86.50066809044986,1.8059411307410185,20.0
11_LTAN06_800km_1213COLD_MY_ALL_HEAT_MY_Black,12463.0,18.274533852763565,311.3363769690498,311.8722466199102,95.27253265445556,8.01879627800717,95.60939583609178,113.54706650721913,319.355173247057,338.94050066649254,1.0,24.8,-6.452933492780872,-0.6448267529430041,6.485071487930118,113.54706650721913,319.355173247057,338.94050066649254,311.8722466199102,247.0,1.0,0.1,0.6335925286418487,1.1207301195804575,1.2874298013039773,0.6335925286418487,1.1207301195804575,1.2874298013039773,1.2874298013039773,0.0,1.0,2.2,15.906125183097416,9.139526397587645,18.34491104128246,95.90612518309742,9.139526397587645,96.3406237804601,1.2874298013039773,21.0
11_LTAN06_800km_1213COLD_MY_ALL_HEAT_MY_Black,12523.5,17.7675939695703,313.0327101635353,313.5365449637337,9.736577411493565,-133.8425214298571,134.1962051713526,27.504171381063863,179.19018873367818,181.28872877752255,1.0,6.0,-12.495828618936137,19.190188733678184,22.89997983641061,27.504171381063863,179.19018873367818,181.28872877752255,313.5365449637337,59.0,1.0,0.1,0.12665264544858346,0.8309409213770209,0.8405377489548087,0.12665264544858346,0.8309409213770209,0.8405377489548087,0.8405377489548087,0.0,1.0,3.3000000000000003,9.863230056942147,-13.01158050848008,16.327416650677648,9.863230056942147,-133.01158050848008,133.37677405200668,0.8405377489548087,32.0
11_LTAN06_800km_1213COLD_MY_ALL_HEAT_MY_Black,12584.0,17.274545222428262,314.7774921380989,315.25113714210875,189.98202581925673,-40.69655169746039,194.29199534322765,207.256571041685,274.0809404406385,343.6213732479135,1.0,19.400000000000002,7.2565710416849925,-5.919059559361472,9.36445883915828,207.256571041685,274.0809404406385,343.6213732479135,315.25113714210875,193.0,1.0,0.1,-0.3663961016934536,0.4847540327215256,0.6076451066008361,-0.3663961016934536,0.4847540327215256,0.6076451066008361,0.6076451066008361,0.0,1.0,11.0,-10.38437028243672,-0.2117976647388673,10.386529950543816,189.61562971756328,-40.21179766473887,193.8325971157018,0.6076451066008361,109.0
11_LTAN06_800km_1213COLD_MY_ALL_HEAT_MY_Black,12644.5,16.794764652336212,316.56776157544,317.0129520833683,205.55142510049288,-109.03279182110218,232.67904515264658,222.3461897528291,207.5349697543378,304.1522509673979,1.0,10.200000000000001,22.346189752829105,7.534969754337794,23.58236556557102,222.3461897528291,207.5349697543378,304.1522509673979,317.0129520833683,101.0,1.0,0.1,-0.8461766717855035,0.1610434347939531,0.8613651651676111,-0.8461766717855035,0.1610434347939531,0.8613651651676111,0.8613651651676111,0.0,1.0,10.600000000000001,4.705248428707392,11.12825161369176,12.082108539219744,204.7052484287074,-108.87174838630824,231.8561975254283,0.8613651651676111,105.0
11_LTAN06_800km_1213COLD_MY_ALL_HEAT_MY_Black,12705.0,16.328110905172085,318.4022415411457,318.82063080070225,169.61550218007505,-115.89289384147122,205.4278009976974,185.94361308524714,202.5093476996745,274.92737796178784,1.0,10.200000000000001,-14.056386914752864,2.5093476996744926,14.27861474286274,185.94361308524714,202.5093476996745,274.92737796178784,318.82063080070225,101.0,1.0,0.1,-1.3128304189496305,-0.19296202819066366,1.3269355874506181,-1.3128304189496305,-0.19296202819066366,1.3269355874506181,1.3269355874506181,0.0,1.0,6.800000000000001,8.302671761125424,3.9141441303381157,9.179045846167774,168.30267176112542,-116.08585586966188,204.45467775261352,1.3269355874506181,67.0
11_LTAN06_800km_1213COLD_MY_ALL_HEAT_MY_Black,12765.5,15.874118325378031,320.2772122020448,320.6703607889599,231.24891773299242,-108.24257112669363,255.32825177954285,247.12303605837045,212.03464107535115,325.6201528877776,1.0,16.8,7.123036058370445,12.034641075351146,13.984642594695604,247.12303605837045,212.03464107535115,325.6201528877776,320.6703607889599,167.0,1.0,0.1,-1.7668229987436845,-0.5568956348891447,1.8525107980922026,-1.7668229987436845,-0.5568956348891447,1.8525107980922026,1.8525107980922026,0.0,1.0,15.200000000000001,-10.517905265751267,11.200533238417222,15.364838951456901,229.48209473424873,-108.79946676158278,253.96723365667364,1.8525107980922026,151.0
11_LTAN06_800km_1213COLD_MY_ALL_HEAT_MY_Black,12826.0,15.432807799172824,322.1905817220818,322.55998280471755,269.52567336788684,-168.23036198027003,317.71928379691644,284.9584811670597,153.96021974181176,323.89054517226106,1.0,22.0,4.958481167059688,-6.0397802581882445,7.814440546276237,284.9584811670597,153.96021974181176,323.89054517226106,322.55998280471755,219.0,1.0,0.1,-2.2081335249488916,-0.9301286140226352,2.3960369159566146,-2.2081335249488916,-0.9301286140226352,2.3960369159566146,2.3960369159566146,0.0,1.0,20.400000000000002,-12.682460157062053,-9.160490594292668,15.64478774428055,267.31753984293795,-169.16049059429267,316.34465174202404,2.3960369159566146,203.0
11_LTAN06_800km_1213COLD_MY_ALL_HEAT_MY_Black,12886.5,15.00432667554453,324.1406293367604,324.48771533883615,279.95658164513964,-259.75996983385926,381.90434605345774,294.96090832068415,64.38065950290115,301.9052943480646,1.0,21.6,14.960908320684155,-15.619340497098847,21.628513017408952,294.96090832068415,64.38065950290115,301.9052943480646,324.48771533883615,215.0,1.0,0.1,-2.6366146485771864,-1.2845401664918654,2.932879173171433,-2.6366146485771864,-1.2845401664918654,2.932879173171433,2.932879173171433,0.0,1.0,19.900000000000002,-2.680033003437586,18.955489999648876,19.14401154477042,277.3199669965624,-261.0445100003511,380.85509094181464,2.932879173171433,198.0
11_LTAN06_800km_1213COLD_MY_ALL_HEAT_MY_Black,12947.0,14.588182914507025,326.1236224803338,326.44973919493697,242.0740518702283,121.90907634122829,271.03813289506223,256.6622347847353,448.03269882156206,516.3417492107598,1.0,47.6,16.66223478473529,8.032698821562064,18.497413829494306,256.6622347847353,448.03269882156206,516.3417492107598,326.44973919493697,475.0,1.0,0.1,-3.0527584096146914,-1.6525600494813375,3.4713525641477245,-3.0527584096146914,-1.6525600494813375,3.4713525641477245,3.4713525641477245,0.0,1.0,16.400000000000002,-0.9787065393864225,0.2565162917469479,1.0117643491294563,239.02129346061358,120.25651629174695,267.5683248036134,3.4713525641477245,163.0
11_LTAN06_800km_1213COLD_MY_ALL_HEAT_MY_Black,13007.5,14.184422865081348,328.1117997390342,328.4182561612608,156.63083592104124,7.301460282462067,156.800925008689,170.8152587861226,335.4132600214963,376.4039155381064,1.0,25.0,10.815258786122598,15.413260021496285,18.82919029329349,170.8152587861226,335.4132600214963,376.4039155381064,328.4182561612608,249.0,1.0,0.1,-3.4565184590403675,-2.0369480381601193,4.012066446091235,-3.4565184590403675,-2.0369480381601193,4.012066446091235,4.012066446091235,0.0,1.0,7.4,-6.825682537999114,5.2645122443019545,8.620036617088772,153.1743174620009,5.2645122443019545,153.264759873626,4.012066446091235,73.0
11_LTAN06_800km_1213COLD_MY_ALL_HEAT_MY_Black,13068.0,13.792673578342368,330.089343184028,330.37737865674416,258.5359904418269,93.76810324473115,275.01511874777174,272.3286640201693,423.85744642875915,503.8035690029584,1.0,47.800000000000004,-7.671335979830701,-16.142553571240853,17.872644782343375,272.3286640201693,423.85744642875915,503.8035690029584,330.37737865674416,477.0,1.0,0.1,-3.8482677457793475,-2.447286599338497,4.560523691694567,-3.8482677457793475,-2.447286599338497,4.560523691694567,4.560523691694567,0.0,1.0,16.2,14.687722696047587,11.320816645392654,18.544273712243108,254.6877226960476,91.32081664539265,270.56483076128035,4.560523691694567,161.0
11_LTAN06_800km_1213COLD_MY_ALL_HEAT_MY_Black,13128.5,13.412383009741973,332.0572277928238,332.32799242232863,169.9101669427059,212.44436649248172,272.033221656639,183.32254995244787,544.5015942853056,574.5338488725511,1.0,76.80000000000001,-16.677450047552128,-15.4984057146944,22.767035814656868,183.32254995244787,544.5015942853056,574.5338488725511,332.32799242232863,767.0,1.0,0.1,-4.228558314379743,-2.855972830878841,5.102674419246064,-4.228558314379743,-2.855972830878841,5.102674419246064,5.102674419246064,0.0,1.0,10.0,5.68160862832616,9.588393661602936,11.145311553085344,165.68160862832616,209.58839366160294,267.1660348834052,5.102674419246064,99.0
11_LTAN06_800km_1213COLD_MY_ALL_HEAT_MY_Black,13189.0,15.33794721631075,250.74766884653812,251.21633318075374,249.6013095986968,139.54604053607508,285.9613805790572,264.9392568150075,390.2937093826132,471.72236472879706,1.0,39.6,-15.060743184992475,-9.706290617386799,17.917535065780346,264.9392568150075,390.2937093826132,471.72236472879706,251.21633318075374,395.0,1.0,0.1,-2.3029941078109655,-5.619268274935365,6.072887106336417,-2.3029941078109655,-5.619268274935365,6.072887106336417,6.072887106336417,0.0,1.0,16.400000000000002,7.2983154908858126,13.926772261139718,15.723243768960478,247.2983154908858,133.92677226113972,281.23448787962843,6.072887106336417,163.0
11_LTAN06_800km_1213COLD_MY_ALL_HEAT_MY_Black,13249.5,17.074356720693235,174.78766911360475,175.61965417228353,189.90283596634308,261.24959085974194,322.97745406211,206.9771926870363,436.0372599733467,482.66763966281235,1.0,47.400000000000006,6.9771926870363075,-3.9627400266533073,8.023996903717821,206.9771926870363,436.0372599733467,482.66763966281235,175.61965417228353,473.0,1.0,0.1,-0.5665846034284812,-1.116482613355572,1.252018984986848,-0.5665846034284812,-1.116482613355572,1.252018984986848,1.252018984986848,0.0,1.0,14.4,-10.663748637085405,20.13310824638637,22.78283526376056,189.3362513629146,260.13310824638637,321.74127818184434,1.252018984986848,143.0
11_LTAN06_800km_1213COLD_MY_ALL_HEAT_MY_Black,13310.0,18.62968354737564,103.90617660927828,105.5630553111925,144.519145388861,269.9893709766451,306.2352752775082,163.14882893623664,373.8955475859234,407.940462430295,1.0,31.6,3.14882893623664,13.895547585923396,14.24785479931427,163.14882893623664,373.8955475859234,407.940462430295,105.5630553111925,315.0,1.0,0.1,0.9887422232539258,2.4975049534337757,2.6861016690496586,0.9887422232539258,2.4975049534337757,2.6861016690496586,2.6861016690496586,0.0,1.0,19.200000000000003,-14.492112387885072,-7.513124069921105,16.323858451760717,145.50788761211493,272.4868759300789,308.9039379992979,2.6861016690496586,191.0
11_LTAN06_800km_1213COLD_MY_ALL_HEAT_MY_Black,13370.5,20.02165196608144,37.76745114638285,42.746308770995746,-116.67048346586961,-150.39708148595335,190.3451702346352,-96.64883149978817,-112.6296303395705,148.4130393890737,1.0,2.7,23.351168500211827,7.370369660429503,24.486719242411073,-96.64883149978817,-112.6296303395705,148.4130393890737,42.746308770995746,26.0,1.0,0.1,2.3807106419597233,5.2971911749317755,5.807582759161971,2.3807106419597233,5.2971911749317755,5.807582759161971,5.807582759161971,0.0,1.0,5.300000000000001,5.710227176090115,14.900109688978432,15.956815570349463,-114.28977282390989,-145.09989031102157,184.7055233078086,5.807582759161971,52.0
11_LTAN06_800km_1213COLD_MY_ALL_HEAT_MY_Black,13431.0,21.26079755326446,-23.92650048183129,32.00779495541624,-266.5221756060461,-201.1939058182672,333.9357091240616,-245.26137805278165,-225.1204063000985,332.91491540192504,1.0,12.3,-5.261378052781652,14.879593699901505,15.782408171392635,-245.26137805278165,-225.1204063000985,332.91491540192504,32.00779495541624,122.0,1.0,0.1,3.6198562291427443,7.3350293682065555,8.179609706588462,3.6198562291427443,7.3350293682065555,8.179609706588462,8.179609706588462,0.0,1.0,14.9,-22.902319376903392,6.141123549939351,23.711381893455812,-262.9023193769034,-193.85887645006065,326.64796572493026,8.179609706588462,148.0
11_LTAN06_800km_1213COLD_MY_ALL_HEAT_MY_Black,13491.5,22.359557834914867,-81.47910797433354,84.49138928237603,-334.95555585523925,-169.0050080624192,375.17718100714853,-312.5959980203244,-250.48411603675274,400.57277786319435,1.0,26.3,7.404001979675627,-10.484116036752738,12.834949722812961,-312.5959980203244,-250.48411603675274,400.57277786319435,84.49138928237603,262.0,1.0,0.1,4.718616510793151,8.857683000824807,10.036129229888905,4.718616510793151,8.857683000824807,10.036129229888905,10.036129229888905,0.0,1.0,26.700000000000003,-10.236939344446114,-0.14732506159438685,10.237999404944436,-330.2369393444461,-160.1473250615944,367.0198929649064,10.036129229888905,266.0
11_LTAN06_800km_1213COLD_MY_ALL_HEAT_MY_Black,13552.0,23.33094604752645,-135.19950872901788,137.19781413725354,-269.40718805292624,-190.2404277139682,329.80547798873556,-246.0762420053998,-325.4399364429861,408.0008199887776,1.0,23.1,-6.076242005399791,-5.439936442986095,8.155588599967086,-246.0762420053998,-325.4399364429861,408.0008199887776,137.19781413725354,230.0,1.0,0.1,5.6900047234047335,9.889273474931741,11.409377003778808,5.6900047234047335,9.889273474931741,11.409377003778808,11.409377003778808,0.0,0.0,nan,nan,nan,nan,-263.7171833295215,-180.35115423903648,319.4891103286764,11.409377003778808,nan
11_LTAN06_800km_1213COLD_MY_ALL_HEAT_MY_Black,13612.5,24.18694332458768,-185.3492001622512,186.92066292460308,-307.7899548944377,-320.54085417323,444.3884511640957,-283.60301156985,-505.8900543354812,579.961563594558,1.0,63.900000000000006,-3.6030115698500254,14.109945664518818,14.562700952369603,-283.60301156985,-505.8900543354812,579.961563594558,186.92066292460308,638.0,1.0,0.1,6.546002000465965,10.494601460245377,12.368783367796883,6.546002000465965,10.494601460245377,12.368783367796883,12.368783367796883,0.0,1.0,22.700000000000003,18.756047106028234,9.953747287015403,21.23361457918356,-301.24395289397177,-310.0462527129846,432.2922599082123,12.368783367796883,226.0
11_LTAN06_800km_1213COLD_MY_ALL_HEAT_MY_Black,13673.0,24.940266848715392,-232.2038519114508,233.5393880119585,-231.44432148978905,-206.48056503843506,310.16237310231594,-206.50405464107365,-438.6844169498859,484.85868277041806,1.0,45.5,-6.504054641073651,1.3155830501141281,6.635773167899826,-206.50405464107365,-438.6844169498859,484.85868277041806,233.5393880119585,454.0,1.0,0.1,7.299325524593677,10.664931152288517,12.92365697459658,7.299325524593677,10.664931152288517,12.92365697459658,12.92365697459658,0.0,1.0,8.3,-24.144995965195363,4.184366113853457,24.5048923673226,-224.14499596519536,-195.81563388614654,297.6318895724563,12.92365697459658,82.0
11_LTAN06_800km_1213COLD_MY_ALL_HEAT_MY_Black,13733.5,25.602693535990053,-276.02038532120235,277.2052507243736,-285.63055302591994,-202.66230756653255,350.22396224428263,-260.0278594899299,-478.6826928877349,544.7491240756319,1.0,54.1,19.97214051007012,1.3173071122650981,20.01553633011137,-260.0278594899299,-478.6826928877349,544.7491240756319,277.2052507243736,540.0,1.0,0.1,7.961752211868337,10.611914369544081,13.266583014089443,7.961752211868337,10.611914369544081,13.266583014089443,13.266583014089443,0.0,1.0,20.3,2.3311991859483783,7.949606803011534,8.284367083069993,-277.6688008140516,-192.05039319698847,337.61415324691495,13.266583014089443,202.0
11_LTAN06_800km_1213COLD_MY_ALL_HEAT_MY_Black,13794.0,26.183235484832714,-317.0086263075028,318.08808681530996,-347.2126230400192,-338.0042154453908,484.56522291347386,-321.0293875551865,-655.0128417528936,729.4530077635292,1.0,97.9,-1.0293875551864744,-15.012841752893564,15.04809144829327,-321.0293875551865,-655.0128417528936,729.4530077635292,318.08808681530996,978.0,1.0,0.1,8.542294160710998,10.335290771744212,13.408542980675353,8.542294160710998,10.335290771744212,13.408542980675353,13.408542980675353,0.0,1.0,22.700000000000003,-18.670328879308215,-7.668924673646529,20.183993314297222,-338.6703288793082,-327.66892467364653,471.23721824576063,13.408542980675353,226.0
11_LTAN06_800km_1213COLD_MY_ALL_HEAT_MY_Black,13854.5,26.691648647236168,-355.39108826258604,356.39201691953303,-244.58653727839766,-347.3532100433323,424.82564275858437,-217.89488863116148,-702.7442983059184,735.7497749187993,1.0,125.30000000000001,-17.89488863116148,17.25570169408161,24.85932983965584,-217.89488863116148,-702.7442983059184,735.7497749187993,356.39201691953303,1252.0,1.0,0.1,9.050707323114452,9.889155661571579,13.405622057460473,9.050707323114452,9.889155661571579,13.405622057460473,13.405622057460473,0.0,1.0,23.1,4.464170044716809,-17.464054381760775,18.025593184060394,-235.5358299552832,-337.4640543817608,411.532641709622,13.405622057460473,230.0
11_LTAN06_800km_1213COLD_MY_ALL_HEAT_MY_Black,13915.0,27.13562283947329,-391.35756458807685,392.2971901342105,-262.91459917901136,-178.54330054961451,317.80779825644646,-235.77897633953808,-569.9008651376914,616.7485077147812,1.0,74.7,4.221023660461924,-9.900865137691426,10.763093013485149,-235.77897633953808,-569.9008651376914,616.7485077147812,392.2971901342105,746.0,1.0,0.1,9.494681515351573,9.265515440945649,13.266452180758844,9.494681515351573,9.265515440945649,13.266452180758844,13.266452180758844,0.0,1.0,15.100000000000001,-13.419917663659788,-9.277785108668922,16.31476284296057,-253.4199176636598,-169.27778510866892,304.7566622732845,13.266452180758844,150.0
11_LTAN06_800km_1213COLD_MY_ALL_HEAT_MY_Black,13975.5,27.521629364014185,-425.07182258031065,425.9618462193501,-361.04034937123225,-277.0842357861193,455.1107640951587,-333.51872000721806,-702.15605836643,777.3402516890108,1.0,124.7,-13.518720007218064,17.84394163357001,22.386648781267176,-333.51872000721806,-702.15605836643,777.3402516890108,425.9618462193501,1246.0,1.0,0.1,9.880688039892469,8.617653355881998,13.11075686235613,9.880688039892469,8.617653355881998,13.11075686235613,13.11075686235613,0.0,1.0,33.1,8.840338668660195,11.533417569762662,14.53173453566775,-351.1596613313398,-268.46658243023734,442.0264852111383,13.11075686235613,330.0
11_LTAN06_800km_1213COLD_MY_ALL_HEAT_MY_Black,14036.0,27.85695631749736,-456.7183441867887,457.56710538673667,-325.99801720293306,-173.5521812841777,369.31702756404275,-298.1410608854357,-630.2705254709664,697.2295371420671,1.0,97.9,21.858939114564294,9.72947452903361,23.926468477929262,-298.1410608854357,-630.2705254709664,697.2295371420671,457.56710538673667,978.0,1.0,0.1,10.216014993375644,7.933092600496195,12.9344857088685,10.216014993375644,7.933092600496195,12.9344857088685,12.9344857088685,0.0,1.0,26.700000000000003,4.217997790442553,-5.619088683681468,7.02607023842314,-315.78200220955745,-165.61908868368147,356.57811970995937,12.9344857088685,266.0
11_LTAN06_800km_1213COLD_MY_ALL_HEAT_MY_Black,14096.5,28.148089714493054,-486.440323932101,487.2540443154295,-358.94705477006227,-206.5412499245787,414.12833282511514,-330.7989650555692,-692.9815738566797,767.8876330471253,1.0,110.9,-10.798965055569226,-12.981573856679688,16.886056557640533,-330.7989650555692,-692.9815738566797,767.8876330471253,487.2540443154295,1108.0,1.0,0.1,10.507148390371338,7.249153898876273,12.765202683344908,10.507148390371338,7.249153898876273,12.765202683344908,12.765202683344908,0.0,1.0,33.5,11.560093620309033,0.7079039742976079,11.581748250896146,-348.43990637969097,-199.2920960257024,401.4071597470648,12.765202683344908,334.0
11_LTAN06_800km_1213COLD_MY_ALL_HEAT_MY_Black,14157.0,28.40226531151842,-514.3928270465814,515.1763476633997,-264.30088158771395,-163.1542069543845,310.60304450368307,-235.89861627619553,-677.5470340009658,717.4385969855049,1.0,111.30000000000001,4.101383723804474,2.452965999034177,4.778952881364912,-235.89861627619553,-677.5470340009658,717.4385969855049,515.1763476633997,1112.0,1.0,0.1,10.761323987396704,6.590800194587814,12.619221099842036,10.761323987396704,6.590800194587814,12.619221099842036,12.619221099842036,0.0,1.0,15.100000000000001,-13.539557600317238,3.436593240203365,13.968886609566267,-253.53955760031724,-156.56340675979664,297.98390494185776,12.619221099842036,150.0
11_LTAN06_800km_1213COLD_MY_ALL_HEAT_MY_Black,14217.5,26.32465746667845,-457.0106078395708,457.7681544937699,-293.1759390669952,-231.78197731245083,373.73120856396775,-266.8512816003168,-688.7925851520216,738.6777591427377,1.0,111.10000000000001,13.148718399683219,-8.792585152021616,15.817659409967044,-266.8512816003168,-688.7925851520216,738.6777591427377,457.7681544937699,1110.0,1.0,0.1,8.683716142556733,9.052351786817553,12.54400250784411,8.683716142556733,9.052351786817553,12.54400250784411,12.54400250784411,0.0,1.0,20.1,-4.492222924438522,17.270374474366747,17.845052571727255,-284.4922229244385,-222.72962552563325,361.3091626173868,12.54400250784411,200.0
11_LTAN06_800km_1213COLD_MY_ALL_HEAT_MY_Black,14278.0,24.39242991523393,-402.6637670900024,403.4019087266213,-203.46461632371086,-225.15555004565388,303.46807379379436,-179.07218640847694,-627.8193171356563,652.8582870070611,1.0,98.5,20.927813591523062,12.18068286434368,24.214508394003236,-179.07218640847694,-627.8193171356563,652.8582870070611,403.4019087266213,984.0,1.0,0.1,6.7514885911122136,3.5129950815042434,7.61076426113642,6.7514885911122136,3.5129950815042434,7.61076426113642,7.61076426113642,0.0,1.0,8.3,3.2868722674013497,-21.642554964149667,21.89072211413894,-196.71312773259865,-221.64255496414967,296.3468859181378,7.61076426113642,82.0
11_LTAN06_800km_1213COLD_MY_ALL_HEAT_MY_Black,14338.5,22.609896763184803,-351.4262524836097,352.15283381838015,-270.3808408732074,-144.88645099252824,306.7537820345708,-247.77094411002258,-496.3127034761379,554.7222191123813,1.0,54.300000000000004,-7.770944110022583,-16.312703476137926,18.069085949806567,-247.77094411002258,-496.3127034761379,554.7222191123813,352.15283381838015,542.0,1.0,0.1,4.9689554390630875,-1.2793126015520784,5.130999794180914,4.9689554390630875,-1.2793126015520784,5.130999794180914,5.130999794180914,0.0,1.0,20.5,14.588114565855676,13.834236405919683,20.10470550695543,-265.4118854341443,-146.16576359408032,302.9981837845698,5.130999794180914,204.0
11_LTAN06_800km_1213COLD_MY_ALL_HEAT_MY_Black,14399.0,20.975693452599383,-303.2978169255604,304.0222779133598,-242.6143987547671,-180.7939304925394,302.5693173242758,-221.63870530216772,-484.0917474180998,532.417632696674,1.0,54.300000000000004,18.361294697832278,-4.091747418099828,18.81168625918927,-221.63870530216772,-484.0917474180998,532.417632696674,304.0222779133598,542.0,1.0,0.1,3.3347521284776676,-5.314423437967491,6.274047197495771,3.3347521284776676,-5.314423437967491,6.274047197495771,6.274047197495771,0.0,1.0,14.9,0.7203533737105658,13.891646069493106,13.910310546608205,-239.27964662628943,-186.1083539305069,303.1353966337893,6.274047197495771,148.0
11_LTAN06_800km_1213COLD_MY_ALL_HEAT_MY_Black,14459.5,19.48503616478268,-258.2078411347343,258.94199322976385,-196.2628870851176,-193.26859077936007,275.4484870694072,-176.7778509203349,-451.47643191409435,484.85191259795397,1.0,45.7,-16.777850920334913,-11.476431914094348,20.327438869267972,-176.7778509203349,-451.47643191409435,484.85191259795397,258.94199322976385,456.0,1.0,0.1,1.844094840660965,-8.74921339179167,8.941443997278018,1.844094840660965,-8.74921339179167,8.941443997278018,8.941443997278018,0.0,1.0,8.3,5.581207755543375,-2.017804171151738,5.934763153122024,-194.41879224445663,-202.01780417115174,280.37449951792513,8.941443997278018,82.0
11_LTAN06_800km_1213COLD_MY_ALL_HEAT_MY_Black,14520.0,18.13311485603533,-216.06331675972177,216.82289248046212,-217.94730793587073,-174.18995166535424,279.00388581106125,-199.8141930798354,-390.25326842507604,438.43280588090147,1.0,37.300000000000004,0.18580692016459466,9.746731574923956,9.748502480135125,-199.8141930798354,-390.25326842507604,438.43280588090147,216.82289248046212,372.0,1.0,0.1,0.4921735319136147,-11.49888585609142,11.509414004063615,0.4921735319136147,-11.49888585609142,11.509414004063615,11.509414004063615,0.0,1.0,8.3,-17.455134403957118,14.311162478554309,22.571909280071726,-217.45513440395712,-185.6888375214457,285.94943584261347,11.509414004063615,82.0
11_LTAN06_800km_1213COLD_MY_ALL_HEAT_MY_Black,14580.5,16.912837358839468,-176.74704922179774,177.55439582319315,-226.6579269369645,-107.16572840663137,250.71559422637876,-209.74508957812503,-283.9127776284291,352.98649818771474,1.0,17.5,-9.745089578125032,-3.912777628429126,10.501266573857489,-209.74508957812503,-283.9127776284291,352.98649818771474,177.55439582319315,174.0,1.0,0.1,-0.7281039652822479,-13.575811249879962,13.595322227760072,-0.7281039652822479,-13.575811249879962,13.595322227760072,13.595322227760072,0.0,1.0,15.3,12.613969097753255,-0.7415396565113497,12.635746810586742,-227.38603090224674,-120.74153965651135,257.4547075664036,13.595322227760072,152.0
11_LTAN06_800km_1213COLD_MY_ALL_HEAT_MY_Black,14641.0,15.815262057381355,-140.12410250959945,141.01378166003627,-147.48538737561825,-163.0753769512499,219.87614253740313,-131.6701253182369,-303.1994794608494,330.5555115962374,1.0,23.700000000000003,-11.670125318236899,16.800520539150625,20.456033714524814,-131.6701253182369,-303.1994794608494,330.5555115962374,141.01378166003627,236.0,1.0,0.1,-1.8256792667403605,-14.991254330129578,15.102013480845342,-1.8256792667403605,-14.991254330129578,15.102013480845342,15.102013480845342,0.0,1.0,5.1000000000000005,10.688933357641389,-18.0666312813795,20.991818934561604,-149.3110666423586,-178.0666312813795,232.38227083359354,15.102013480845342,50.0
11_LTAN06_800km_1213COLD_MY_ALL_HEAT_MY_Black,14701.5,14.832094864283183,-106.05839325132466,107.09049358890697,-213.4554008967247,-215.251147504437,303.1439669100448,-198.62330603244152,-321.30954075576165,377.74467392662916,1.0,23.3,1.3766939675584808,-1.3095407557616454,1.9000482286807072,-198.62330603244152,-321.30954075576165,377.74467392662916,107.09049358890697,232.0,1.0,0.1,-2.8088464598385325,-15.952830612735326,16.19822283442146,-2.8088464598385325,-15.952830612735326,16.19822283442146,16.19822283442146,0.0,1.0,12.5,-16.26424735656323,8.796021882827688,18.490423008645788,-216.26424735656323,-231.2039781171723,316.5841186508045,16.19822283442146,124.0
11_LTAN06_800km_1213COLD_MY_ALL_HEAT_MY_Black,14762.0,13.954799013127191,-74.40979103141362,75.70702356344104,-13.746631986666639,-109.99199636134864,110.84768447979317,0.2081670264605524,-184.40178739276226,184.40190489025974,1.0,5.9,0.2081670264605524,-24.40178739276226,24.402675293345943,0.2081670264605524,-184.40178739276226,184.40190489025974,75.70702356344104,58.0,1.0,0.1,-3.6861423109945246,-16.47929278391993,16.88652527298199,-3.6861423109945246,-16.47929278391993,16.88652527298199,16.88652527298199,0.0,1.0,3.1,22.56722570233884,-6.471289145268571,23.47673868112804,-17.43277429766116,-126.47128914526857,127.66710068682269,16.88652527298199,30.0
11_LTAN06_800km_1213COLD_MY_ALL_HEAT_MY_Black,14822.5,13.17498462825698,-45.03820861589913,46.92569078110687,-45.71447559701802,-164.29949827113126,170.54072361537527,-32.539490968761044,-209.33770688703038,211.8515848352953,1.0,9.1,7.460509031238956,-9.337706887030379,11.952069482449163,-32.539490968761044,-209.33770688703038,211.8515848352953,46.92569078110687,90.0,1.0,0.1,-4.465956695864737,-16.615412196919188,17.205135619426834,-4.465956695864737,-16.615412196919188,17.205135619426834,17.205135619426834,0.0,1.0,5.7,-10.180432292882756,-20.914910468050437,23.261012049275408,-50.180432292882756,-180.91491046805044,187.74525457322028,17.205135619426834,56.0
11_LTAN06_800km_1213COLD_MY_ALL_HEAT_MY_Black,14883.0,12.48265181847036,-17.7901138175142,21.732573387918677,-90.15028592907873,-122.19358020264238,151.8497451293029,-77.66763411060838,-139.98369402015658,160.086526540706,1.0,2.9000000000000004,2.3323658893916246,-19.983694020156577,20.119342865343274,-77.66763411060838,-139.98369402015658,160.086526540706,21.732573387918677,28.0,1.0,0.1,-5.158289505651355,-16.364881644849707,17.15859265423746,-5.158289505651355,-16.364881644849707,17.15859265423746,17.15859265423746,0.0,1.0,2.9000000000000004,-15.308575434730088,-18.558461847492083,24.057618086286944,-95.30857543473009,-138.55846184749208,168.17304154037458,17.15859265423746,28.0
11_LTAN06_800km_1213COLD_MY_ALL_HEAT_MY_Black,14943.5,11.871739494888333,7.462456955369297,14.02235580939348,-81.90075652109711,-134.39752947955506,157.38624415410612,-70.02901702620878,-126.93507252418577,144.9709483392357,1.0,2.9000000000000004,9.970982973791223,-6.93507252418577,12.145605476029214,-70.02901702620878,-126.93507252418577,144.9709483392357,14.02235580939348,28.0,1.0,0.1,-5.769201829233383,-15.865541831863545,16.881916578547646,-5.769201829233383,-15.865541831863545,16.881916578547646,16.881916578547646,0.0,1.0,5.5,-7.669958350330489,9.736928688581372,12.395000660844007,-87.66995835033049,-150.26307131141863,173.9684229884526,16.881916578547646,54.0
11_LTAN06_800km_1213COLD_MY_ALL_HEAT_MY_Black,15004.0,11.340615355548572,30.858240727203505,32.876139941005015,-111.13578066529207,-66.1007572554696,129.30766355413905,-99.79516530974351,-35.242516528266094,105.83529652457229,1.0,2.1,-19.79516530974351,4.757483471733906,20.35883637696158,-99.79516530974351,-35.242516528266094,105.83529652457229,32.876139941005015,20.0,1.0,0.1,-6.300325968573144,-15.157382728270026,16.414638542518553,-6.300325968573144,-15.157382728270026,16.414638542518553,16.414638542518553,0.0,1.0,4.1000000000000005,2.563893366134778,-1.2581399837396248,2.8559526276873477,-117.43610663386522,-81.25813998373962,142.80799856778887,16.414638542518553,40.0
11_LTAN06_800km_1213COLD_MY_ALL_HEAT_MY_Black,15064.5,10.89432390824408,52.55479288762176,53.67208351534862,-5.103285559002952,-134.2098279425879,134.30681829257878,5.791038349241129,-81.65503505496615,81.86012994730788,1.0,1.5,5.791038349241129,-1.6550350549661488,6.022895167238778,5.791038349241129,-81.65503505496615,81.86012994730788,53.67208351534862,14.0,1.0,0.1,-6.746617415877635,-14.24708046014048,15.763760598091437,-6.746617415877635,-14.24708046014048,15.763760598091437,15.763760598091437,0.0,1.0,5.9,-11.849902974880587,11.543091597271598,16.542767729043586,-11.849902974880587,-148.4569084027284,148.92909001605486,15.763760598091437,58.0
11_LTAN06_800km_1213COLD_MY_ALL_HEAT_MY_Black,15125.0,10.524884503734146,72.65998039504602,73.41829434701827,-46.53084475116481,-58.621661661952615,74.8439625438515,-36.005960247430664,14.038318733093405,38.645873857262934,1.0,0.9,3.9940397525693356,14.038318733093405,14.595435807026297,-36.005960247430664,14.038318733093405,38.645873857262934,73.41829434701827,8.0,1.0,0.1,-7.11605682038757,-13.220201495960353,15.013726794662837,-7.11605682038757,-13.220201495960353,15.013726794662837,15.013726794662837,0.0,1.0,1.3,-13.646901571552377,8.158136842087032,15.899469149561456,-53.64690157155238,-71.84186315791297,89.66182772076488,15.013726794662837,12.0
11_LTAN06_800km_1213COLD_MY_ALL_HEAT_MY_Black,15185.5,10.23770582340132,91.27902630993276,91.85135417954328,-39.41807248730453,25.223832670327695,46.797715469829136,-29.180366663903207,116.50285898026046,120.10166505596119,1.0,3.0,10.819633336096793,-3.4971410197395443,11.370772218258615,-29.180366663903207,116.50285898026046,120.10166505596119,91.85135417954328,29.0,1.0,0.1,-7.403235500720395,-12.07604917346913,14.164704709917931,-7.403235500720395,-12.07604917346913,14.164704709917931,14.164704709917931,0.0,1.0,0.9,-6.821307988024927,13.147783496858565,14.811969941495262,-46.82130798802493,13.147783496858565,48.632284468136525,14.164704709917931,8.0
11_LTAN06_800km_1213COLD_MY_ALL_HEAT_MY_Black,15246.0,10.039387369345116,108.51104007381753,108.97447002235616,52.40314390430658,-16.53890009319506,54.951111975538325,62.442531273651696,91.97213998062247,111.1662909540306,1.0,1.8,-17.557468726348304,11.972139980622472,21.250808073866693,62.442531273651696,91.97213998062247,111.1662909540306,108.97447002235616,17.0,1.0,0.1,-7.6015539547766,-10.860155289626789,13.25619083455683,-7.6015539547766,-10.860155289626789,13.25619083455683,13.25619083455683,0.0,1.0,0.7000000000000001,4.801589949529983,12.600944617178158,13.484771829312447,44.80158994952998,-27.399055382821842,52.515623369400885,13.25619083455683,6.0
11_LTAN06_800km_1213COLD_MY_ALL_HEAT_MY_Black,15306.5,9.924884387261264,124.44591067716853,124.84105099834072,-0.6294517388903842,75.27698068350304,75.27961231512873,9.295432648370879,199.72289136067155,199.93908672790073,1.0,9.200000000000001,9.295432648370879,-0.2771086393284463,9.299562211114548,9.295432648370879,199.72289136067155,199.93908672790073,124.84105099834072,91.0,1.0,0.1,-7.716056936860452,-9.600286027765819,12.316778250329422,-7.716056936860452,-9.600286027765819,12.316778250329422,12.316778250329422,0.0,1.0,1.4000000000000001,-8.345508675750837,-14.323305344262792,16.577231102992428,-8.345508675750837,65.67669465573721,66.20480145699383,12.316778250329422,13.0
11_LTAN06_800km_1213COLD_MY_ALL_HEAT_MY_Black,15367.0,9.90160353990686,139.1335038925036,139.48538869023812,84.56408673226531,18.232607075750018,86.50729868421958,94.46569027217217,157.36611096825362,183.54252782358282,1.0,6.2,14.465690272172168,-2.633889031746378,14.703522247474256,94.46569027217217,157.36611096825362,183.54252782358282,139.48538869023812,61.0,1.0,0.1,-7.739337784214856,-8.336024276249987,11.374825276566002,-7.739337784214856,-8.336024276249987,11.374825276566002,11.374825276566002,0.0,1.0,2.2,-3.1752510519495445,9.896582799500038,10.393486919714032,76.82474894805046,9.896582799500038,77.45956623967332,11.374825276566002,21.0
11_LTAN06_800km_1213COLD_MY_ALL_HEAT_MY_Black,15427.5,9.96836499783458,152.64272667159548,152.96787344560119,121.11294615548275,20.591963104091377,122.85102633246953,131.08131115331733,173.23468977568686,217.2385045873573,1.0,6.4,11.08131115331733,13.23468977568686,17.261299786960002,131.08131115331733,173.23468977568686,217.2385045873573,152.96787344560119,63.0,1.0,0.1,-7.672576326287135,-7.065010949750729,10.429899673668942,-7.672576326287135,-7.065010949750729,10.429899673668942,10.429899673668942,0.0,1.0,4.4,-6.5596301708043825,13.526952154340648,15.033535264985021,113.44036982919562,13.526952154340648,114.244019281407,10.429899673668942,43.0
11_LTAN06_800km_1213COLD_MY_ALL_HEAT_MY_Black,15488.0,10.11939421350401,165.0515736374348,165.36149521409712,198.49414203829582,63.552967890854354,208.42001859527582,208.61353625179984,228.60454152828916,309.48286530087626,1.0,14.4,8.613536251799843,-11.395458471710839,14.28458891748574,208.61353625179984,228.60454152828916,309.48286530087626,165.36149521409712,143.0,1.0,0.1,-7.521547110617705,-5.836437490662632,9.52038200492259,-7.521547110617705,-5.836437490662632,9.52038200492259,9.52038200492259,0.0,1.0,11.4,-9.02740507232187,17.716530400191715,19.883900315599547,190.97259492767813,57.716530400191715,199.5037089751649,9.52038200492259,113.0
11_LTAN06_800km_1213COLD_MY_ALL_HEAT_MY_Black,15548.5,10.344924938466688,176.4243460603857,176.7273814518204,143.29690319563767,7.407169760703852,143.48821773694118,153.64182813410434,183.83151582108954,239.58263201131493,1.0,6.6000000000000005,-6.358171865895656,23.83151582108954,24.665106847672646,153.64182813410434,183.83151582108954,239.58263201131493,176.7273814518204,65.0,1.0,0.1,-7.296016385655028,-4.62244460535868,8.63706253476008,-7.296016385655028,-4.62244460535868,8.63706253476008,8.63706253476008,0.0,1.0,4.4,16.00088680998263,2.7847251553451713,16.241399967265394,136.00088680998263,2.7847251553451713,136.0293935415891,8.63706253476008,43.0
11_LTAN06_800km_1213COLD_MY_ALL_HEAT_MY_Black,15609.0,10.640206765860947,186.8278499631745,187.13059483121063,232.33750349303025,127.46669286945458,265.00655335377974,242.9777102588912,314.2945428326291,397.2646817136215,1.0,25.400000000000002,2.977710258891193,-5.705457167370923,6.435759463700465,242.9777102588912,314.2945428326291,397.2646817136215,187.13059483121063,253.0,1.0,0.1,-7.000734558260769,-3.4436243517552327,7.801848052303265,-7.000734558260769,-3.4436243517552327,7.801848052303265,7.801848052303265,0.0,1.0,16.400000000000002,-14.66323106523052,4.0230685176993575,15.205111823674466,225.33676893476948,124.02306851769936,257.2127153904092,7.801848052303265,163.0
11_LTAN06_800km_1213COLD_MY_ALL_HEAT_MY_Black,15669.5,10.999125062266415,196.32394735653585,196.63182107122753,118.63645661471469,100.9765127326227,155.79109397438802,129.6355816769811,297.30046008915855,324.3346228911656,1.0,19.0,9.635581676981104,17.30046008915855,19.802786509740034,129.6355816769811,297.30046008915855,324.3346228911656,196.63182107122753,189.0,1.0,0.1,-6.6418162618553005,-2.311208442399135,7.032453890390078,-6.6418162618553005,-2.311208442399135,7.032453890390078,7.032453890390078,0.0,1.0,3.8000000000000003,-8.005359647140608,-21.33469570977644,22.787167970347266,111.99464035285939,98.66530429022356,149.25696546040567,7.032453890390078,37.0
11_LTAN06_800km_1213COLD_MY_ALL_HEAT_MY_Black,15730.0,11.408630291539746,204.9652106754828,205.28247473268166,153.36590666072829,104.89666637251155,185.8074593280184,164.77453695226802,309.86187704799437,350.9487581906235,1.0,25.0,4.774536952268022,-10.13812295200563,11.206147424452178,164.77453695226802,309.86187704799437,350.9487581906235,205.28247473268166,249.0,1.0,0.1,-6.23231103258197,-1.207555447236473,6.34821951140581,-6.23231103258197,-1.207555447236473,6.34821951140581,6.34821951140581,0.0,1.0,8.0,-12.86640437185369,-16.310889074724912,20.774731378962187,147.1335956281463,103.68911092527509,179.9992407954569,6.34821951140581,79.0
11_LTAN06_800km_1213COLD_MY_ALL_HEAT_MY_Black,15790.5,11.865167170752745,212.8076102252784,213.13812695476125,245.48938504980396,105.14668760070306,267.05966390589714,257.3545522205567,317.9542978259815,409.0553765135671,1.0,25.400000000000002,17.354552220556684,-2.0457021740185155,17.47470686909549,257.3545522205567,317.9542978259815,409.0553765135671,213.13812695476125,253.0,1.0,0.1,-5.775774153368971,-0.1692066354506494,5.778252154086527,-5.775774153368971,-0.1692066354506494,5.778252154086527,5.778252154086527,0.0,1.0,16.2,-0.28638910356502834,24.977480965252425,24.979122764584588,239.71361089643497,104.97748096525243,261.6923513571181,5.778252154086527,161.0
11_LTAN06_800km_1213COLD_MY_ALL_HEAT_MY_Black,15851.0,12.36128052617269,219.9051226992772,220.25227409865917,146.92995771686432,22.654713151713235,148.66623188426465,159.29123824303701,242.55983585099042,290.18782288211094,1.0,14.200000000000001,-0.7087617569629856,2.5598358509904244,2.656144350774093,159.29123824303701,242.55983585099042,290.18782288211094,220.25227409865917,141.0,1.0,0.1,-5.279660797949026,0.7939245644816708,5.339019980809882,-5.279660797949026,0.7939245644816708,5.339019980809882,5.339019980809882,0.0,1.0,7.6000000000000005,-18.349703081084698,-16.551362283805105,24.71151951244066,141.6502969189153,23.448637716194895,143.57801094862063,5.339019980809882,75.0
11_LTAN06_800km_1213COLD_MY_ALL_HEAT_MY_Black,15911.5,12.887408815910533,226.3096002114524,226.67624589677635,263.4678749399503,-298.1927770297294,397.9123689935703,276.35528375586085,-71.88317681827704,285.5511057048634,1.0,20.8,-3.644716244139147,8.116823181722964,8.897571301408439,276.35528375586085,-71.88317681827704,285.5511057048634,226.67624589677635,207.0,1.0,0.1,-4.753532508211183,1.6840005755121297,5.04300795606607,-4.753532508211183,1.6840005755121297,5.04300795606607,5.04300795606607,0.0,1.0,19.700000000000003,18.714342431739112,-16.508776454217298,24.955286266995827,258.7143424317391,-296.5087764542173,393.5105659245558,5.04300795606607,196.0
11_LTAN06_800km_1213COLD_MY_ALL_HEAT_MY_Black,15972.0,13.44093721363301,232.06772894553808,232.45664028183955,304.3410792467467,-220.4073661289833,375.7697427428002,317.7820164603797,11.660362816554766,317.9958711157092,1.0,27.400000000000002,-2.2179835396203202,11.660362816554766,11.869436043709898,317.7820164603797,11.660362816554766,317.9958711157092,232.45664028183955,273.0,1.0,0.1,-4.200004110488706,2.4740575226865644,4.874525120838337,-4.200004110488706,2.4740575226865644,4.874525120838337,4.874525120838337,0.0,0.0,nan,nan,nan,nan,300.14107513625794,-217.93330860629675,370.9172306378287,4.874525120838337,nan
11_LTAN06_800km_1213COLD_MY_ALL_HEAT_MY_Black,16032.5,14.014418732738774,237.2396647039975,237.65323991328563,308.39752330276156,-319.3965404926749,443.98556559641247,322.4119420355003,-82.15687578867738,332.7149119087676,1.0,27.0,2.411942035500317,-2.1568757886773824,3.2356726581031174,322.4119420355003,-82.15687578867738,332.7149119087676,237.65323991328563,269.0,1.0,0.1,-3.626522591382942,3.216514774618588,4.847435755237043,-3.626522591382942,3.216514774618588,4.847435755237043,4.847435755237043,0.0,1.0,25.900000000000002,-15.228999288621424,3.8199742819437006,15.700784147536808,304.7710007113786,-316.1800257180563,439.1527883751689,4.847435755237043,258.0
11_LTAN06_800km_1213COLD_MY_ALL_HEAT_MY_Black,16093.0,14.60272380272122,241.87473848213256,242.3151432706148,252.09620926901562,-265.316669232602,365.9855648799407,266.69893307173686,-23.441930750469453,267.7271839371426,1.0,21.0,-13.30106692826314,16.558069249530547,21.23883327074217,266.69893307173686,-23.441930750469453,267.7271839371426,242.3151432706148,209.0,1.0,0.1,-3.0382175214004956,3.883413587462826,4.9306862401328955,-3.0382175214004956,3.883413587462826,4.9306862401328955,4.9306862401328955,0.0,1.0,14.700000000000001,9.057991747615148,-21.433255645139184,23.268684149512083,249.05799174761515,-261.4332556451392,361.0778730558989,4.9306862401328955,146.0
11_LTAN06_800km_1213COLD_MY_ALL_HEAT_MY_Black,16153.5,15.204364487217548,246.0078021181428,246.47720260190286,225.084427613918,-245.9782462305064,333.41910139180794,240.28879210113556,0.029555887636405487,240.28879391884516,1.0,15.8,0.28879210113555587,0.029555887636405487,0.2903005824525073,240.28879210113556,0.029555887636405487,240.28879391884516,246.47720260190286,157.0,1.0,0.1,-2.436576836904168,4.476379973102809,5.096556126026067,-2.436576836904168,4.476379973102809,5.096556126026067,5.096556126026067,0.0,1.0,14.5,22.647850777013844,-1.5018662574035773,22.697593420294893,222.64785077701384,-241.50186625740358,328.4740733473987,5.096556126026067,144.0
11_LTAN06_800km_1213COLD_MY_ALL_HEAT_MY_Black,16214.0,15.808346863892652,249.69920058565555,250.1991099178504,254.7458533411722,-203.83602512116596,326.2584480618373,270.55420020506483,45.863175464489586,274.4139320666661,1.0,21.400000000000002,-9.44579979493517,5.863175464489586,11.117551901987683,270.55420020506483,45.863175464489586,274.4139320666661,250.1991099178504,213.0,1.0,0.1,-1.832594460229064,4.987002378766761,5.313058928855164,-1.832594460229064,4.987002378766761,5.313058928855164,5.313058928855164,0.0,1.0,14.8,12.913258880943118,1.1509772576008004,12.964451533858677,252.91325888094312,-198.8490227423992,321.7235620270703,5.313058928855164,147.0
11_LTAN06_800km_1213COLD_MY_ALL_HEAT_MY_Black,16274.5,16.41163504436537,252.9841295119295,253.51589999394153,290.8203181705425,-281.94059678149824,405.05179616232164,307.2319532149079,-28.956467269568748,308.59350296625,1.0,27.200000000000003,-12.76804678509211,11.043532730431252,16.88142866804843,307.2319532149079,-28.956467269568748,308.59350296625,253.51589999394153,271.0,1.0,0.1,-1.2293062797563472,5.422801319323412,5.560392798922044,-1.2293062797563472,5.422801319323412,5.560392798922044,5.560392798922044,0.0,1.0,19.900000000000002,9.591011890786149,3.4822045378251687,10.203590423593623,289.59101189078615,-276.51779546217483,400.40610057189514,5.560392798922044,198.0
11_LTAN06_800km_1213COLD_MY_ALL_HEAT_MY_Black,16335.0,17.012961645921738,255.89248035114863,256.4574084799045,148.8563386645883,-79.36967425171491,168.69426413322398,165.86930031051003,176.52280609943372,242.22494887751847,1.0,6.6000000000000005,5.869300310510027,16.522806099433723,17.53430373680225,165.86930031051003,176.52280609943372,242.22494887751847,256.4574084799045,65.0,1.0,0.1,-0.6279796781999778,5.807677947655833,5.841530759990913,-0.6279796781999778,5.807677947655833,5.841530759990913,5.841530759990913,0.0,1.0,7.0,-11.771641013611685,6.438003695940921,13.417131725607144,148.22835898638832,-73.56199630405908,165.47813664661567,5.841530759990913,69.0
11_LTAN06_800km_1213COLD_MY_ALL_HEAT_MY_Black,16395.5,17.60352316841637,258.4919158771632,259.0906300926133,-342.29550347504585,126.74414077853936,365.0072450252533,-324.6919803066295,385.23605665570255,503.8171309345052,1.0,36.6,-4.691980306629489,-14.763943344297445,15.491568747916519,-324.6919803066295,385.23605665570255,503.8171309345052,259.0906300926133,365.0,1.0,0.1,-0.03741815570534612,6.129857488567325,6.129971692309948,-0.03741815570534612,6.129857488567325,6.129971692309948,6.129971692309948,0.0,1.0,35.1,17.66707836924877,12.873998267106685,21.86013470879454,-342.33292163075123,132.87399826710669,367.2156432503021,6.129971692309948,350.0
11_LTAN06_800km_1213COLD_MY_ALL_HEAT_MY_Black,16456.0,18.18345970369001,260.8027396489148,261.4358567893382,-306.46474455998816,28.82848842362157,307.8176755857429,-288.28128485629816,289.6312280725364,408.64697169219755,1.0,17.0,-8.281284856298157,9.631228072536373,12.701977525423587,-288.28128485629816,289.6312280725364,408.64697169219755,261.4358567893382,169.0,1.0,0.1,0.5425183795682926,6.3913530147826805,6.414337031349465,0.5425183795682926,6.3913530147826805,6.414337031349465,6.414337031349465,0.0,1.0,27.700000000000003,14.077773819580102,-4.7801585615957265,14.867199857042747,-305.9222261804199,35.21984143840427,307.9429260465814,6.414337031349465,276.0
11_LTAN06_800km_1213COLD_MY_ALL_HEAT_MY_Black,16516.5,18.750867696208083,262.85653841774206,263.5244862025512,-473.9898377374485,-13.439593251221442,474.1803337814961,-455.2389700412404,249.4169451665206,519.0870181197065,1.0,52.1,-15.238970041240407,9.416945166520605,17.913823271068587,-455.2389700412404,249.4169451665206,519.0870181197065,263.5244862025512,520.0,1.0,0.1,1.1099263720863668,6.597280513743613,6.689996018569367,1.1099263720863668,6.597280513743613,6.689996018569367,6.689996018569367,0.0,1.0,60.300000000000004,7.1200886346378525,-6.84231273747784,9.87486231613133,-472.87991136536215,-6.84231273747784,472.929411029289,6.689996018569367,602.0
11_LTAN06_800km_1213COLD_MY_ALL_HEAT_MY_Black,16577.0,19.30038068150602,264.7028596376586,265.4055549433829,-385.0585223062614,41.21421554123383,387.2578949012672,-365.7581416247554,305.91707517889245,476.8273010753503,1.0,36.1,-5.75814162475541,-14.082924821107554,15.214630014814954,-365.7581416247554,305.91707517889245,476.8273010753503,265.4055549433829,360.0,1.0,0.1,1.6594393573843043,6.735722260272155,6.9371242852036215,1.6594393573843043,6.735722260272155,6.9371242852036215,6.9371242852036215,0.0,1.0,34.7,-23.39908294887715,7.949937801505996,24.712721296859385,-383.39908294887715,47.949937801505996,386.38588657093607,6.9371242852036215,346.0
11_LTAN06_800km_1213COLD_MY_ALL_HEAT_MY_Black,16637.5,19.832302446748848,266.35559856854513,267.09291474905746,-466.77413507598214,-134.31898799893918,485.7156407950957,-446.9418326292333,132.03661056960595,466.0371962458441,1.0,51.5,-6.941832629233318,12.036610569605955,13.894928364573822,-446.9418326292333,132.03661056960595,466.0371962458441,267.09291474905746,514.0,1.0,0.1,2.191361122627132,6.843078072002811,7.185386633249971,2.191361122627132,6.843078072002811,7.185386633249971,7.185386633249971,0.0,1.0,59.7,15.417226046644942,-7.475909926936367,17.134178947618498,-464.58277395335506,-127.47590992693637,481.754358014429,7.185386633249971,596.0
11_LTAN06_800km_1213COLD_MY_ALL_HEAT_MY_Black,16698.0,20.342842994206045,267.8491668467092,268.62056407051784,-315.8073799881314,-46.551887382859114,319.2199546924885,-295.4645369939254,221.29727946385006,369.15007587583676,1.0,22.5,-15.464536993925378,-18.70272053614994,24.268161444365976,-295.4645369939254,221.29727946385006,369.15007587583676,268.62056407051784,224.0,1.0,0.1,2.701901670084329,6.896184656146488,7.406594051686291,2.701901670084329,6.896184656146488,7.406594051686291,7.406594051686291,0.0,1.0,27.3,6.894521681952881,0.34429727328736703,6.903113053928025,-313.1054783180471,-39.65570272671263,315.6067415495469,7.406594051686291,272.0
11_LTAN06_800km_1213COLD_MY_ALL_HEAT_MY_Black,16758.5,20.828565642906312,269.2159461173629,270.0204710584138,-393.0445744062673,-50.566051364847766,396.2839424211334,-372.216008763361,218.6498947525151,431.68568849918154,1.0,35.5,-12.216008763361003,18.64989475251511,22.294605723950436,-372.216008763361,218.6498947525151,431.68568849918154,270.0204710584138,354.0,1.0,0.1,3.1876243187845965,6.911836718571578,7.611467376393417,3.1876243187845965,6.911836718571578,7.611467376393417,7.611467376393417,0.0,1.0,42.1,10.143049912517256,-3.6542146462761878,10.781221925592465,-389.85695008748274,-43.65421464627619,392.29342587901874,7.611467376393417,420.0
11_LTAN06_800km_1213COLD_MY_ALL_HEAT_MY_Black,16819.0,21.290575886046263,270.4650640691124,271.3017499086,-290.94093067153466,-58.25852705552952,296.71649956599754,-269.6503547854884,212.20653701358285,343.1368942379074,1.0,22.3,10.349645214511611,12.206537013582846,16.003584033904126,-269.6503547854884,212.20653701358285,343.1368942379074,271.3017499086,222.0,1.0,0.1,3.6496345619245467,6.901637731715141,7.807204097205881,3.6496345619245467,6.901637731715141,7.807204097205881,7.807204097205881,0.0,1.0,21.1,-7.29129610961013,-11.356889323814386,13.495996964707164,-287.29129610961013,-51.356889323814386,291.8455394577039,7.807204097205881,210.0
11_LTAN06_800km_1213COLD_MY_ALL_HEAT_MY_Black,16879.5,21.724707534591907,271.6421027603505,272.50944003745695,-415.41128443093214,10.103492330392148,415.53413312245135,-393.6865768963402,281.74559509074265,484.11744564867183,1.0,43.7,6.3134231036597726,1.745595090742654,6.550298734153263,-393.6865768963402,281.74559509074265,484.11744564867183,272.50944003745695,436.0,1.0,0.1,4.083766210470191,6.855206452746131,7.979411129372283,4.083766210470191,6.855206452746131,7.979411129372283,7.979411129372283,0.0,1.0,42.300000000000004,-11.327518220461968,16.95869878313829,20.39387490037423,-411.32751822046197,16.95869878313829,411.67696645527997,7.979411129372283,422.0
11_LTAN06_800km_1213COLD_MY_ALL_HEAT_MY_Black,16940.0,22.129704464749874,272.76641260090133,273.66263841244813,-449.4801659561722,-81.93968682053985,456.8878766877452,-427.3504614914223,190.82672578036147,468.02057242068423,1.0,51.900000000000006,12.649538508577677,-9.173274219638529,15.625613088409505,-427.3504614914223,190.82672578036147,468.02057242068423,273.66263841244813,518.0,1.0,0.1,4.4887631406281585,6.779491485182746,8.130836324162928,4.4887631406281585,6.779491485182746,8.130836324162928,8.130836324162928,0.0,1.0,50.5,-4.991402815544063,4.839804664642884,6.952539914227046,-444.99140281554406,-75.16019533535712,451.2941430404286,8.130836324162928,504.0
11_LTAN06_800km_1213COLD_MY_ALL_HEAT_MY_Black,17000.5,22.50627870589675,273.841886227587,274.7651929081815,-312.8055461527641,-153.1513249851852,348.2852825610736,-290.29926744686736,120.6905612424018,314.38809814176136,1.0,21.900000000000002,-10.299267446867361,0.6905612424017988,10.322392395738948,-290.29926744686736,120.6905612424018,314.38809814176136,274.7651929081815,218.0,1.0,0.1,4.865337381775035,6.654005332731288,8.24301491000192,4.865337381775035,6.654005332731288,8.24301491000192,8.24301491000192,0.0,1.0,26.700000000000003,12.059791229010898,13.50268034754609,18.10416916224922,-307.9402087709891,-146.4973196524539,341.01119753356136,8.24301491000192,266.0
11_LTAN06_800km_1213COLD_MY_ALL_HEAT_MY_Black,17061.0,22.84670182532354,274.9067660716254,275.8544939207165,-384.1216561682634,-119.59967266151119,402.3102390421976,-361.2749543429399,155.3070934101142,393.242782386392,1.0,35.300000000000004,-1.2749543429399068,-4.692906589885808,4.863011498852843,-361.2749543429399,155.3070934101142,393.242782386392,275.8544939207165,352.0,1.0,0.1,5.205760501201823,6.484939928353867,8.315911752191177,5.205760501201823,6.484939928353867,8.315911752191177,8.315911752191177,0.0,1.0,33.9,-18.915895667061648,6.885267266842675,20.13002767566445,-378.91589566706165,-113.11473273315733,395.43924786301267,8.315911752191177,338.0
11_LTAN06_800km_1213COLD_MY_ALL_HEAT_MY_Black,17121.5,23.15240975227,275.9644936601268,276.9339918435929,-270.5893971308842,-86.00692544440493,283.9292395369924,-247.43698737861422,189.95756821572184,311.94380975655713,1.0,16.900000000000002,-7.436987378614219,-10.042431784278165,12.496368168854003,-247.43698737861422,189.95756821572184,311.94380975655713,276.9339918435929,168.0,1.0,0.1,5.511468428148284,6.297602216646567,8.36875605532788,5.511468428148284,6.297602216646567,8.36875605532788,8.36875605532788,0.0,1.0,20.900000000000002,14.92207129726404,0.2906767722416248,14.92490217008313,-265.07792870273596,-79.70932322775838,276.8029705309537,8.36875605532788,208.0
11_LTAN06_800km_1213COLD_MY_ALL_HEAT_MY_Black,17182.0,23.42376162658544,277.0231216601933,278.0116590056923,-253.34672095690385,27.284749514007682,254.8117316287801,-229.9229593303184,304.30787117420095,381.4024746718161,1.0,23.0,10.077040669681594,-15.692128825799045,18.64911943615275,-229.9229593303184,304.30787117420095,381.4024746718161,278.0116590056923,229.0,1.0,0.1,5.782820302463723,6.076121084292254,8.388102174006198,5.782820302463723,6.076121084292254,8.388102174006198,8.388102174006198,0.0,1.0,16.1,-7.563900654440118,-6.639129401700075,10.064324732576848,-247.56390065444012,33.360870598299925,249.80158645276455,8.388102174006198,160.0
11_LTAN06_800km_1213COLD_MY_ALL_HEAT_MY_Black,17242.5,23.6554268202968,278.11649237427685,279.12069530692565,-144.1766620621485,-97.7274252235103,174.17680535651056,-120.5212352418517,180.38906715076655,216.94603866340938,1.0,5.2,-0.5212352418516986,20.38906715076655,20.395728608113412,-120.5212352418517,180.38906715076655,216.94603866340938,279.12069530692565,51.0,1.0,0.1,6.014485496175084,5.847201601265283,8.388313438918441,6.014485496175084,5.847201601265283,8.388313438918441,8.388313438918441,0.0,1.0,4.1000000000000005,-18.162176565973425,-11.880223622245012,21.702635114845908,-138.16217656597343,-91.88022362224501,165.9239660999006,8.388313438918441,40.0
11_LTAN06_800km_1213COLD_MY_ALL_HEAT_MY_Black,17303.0,23.84888438091138,279.2434089060212,280.25996985597044,-223.92485876225464,-114.33098871389014,251.42378040271242,-200.07597438134326,164.9124201921311,259.28073946645156,1.0,12.100000000000001,-0.07597438134325785,4.912420192131094,4.913007658316623,-200.07597438134326,164.9124201921311,259.28073946645156,280.25996985597044,120.0,1.0,0.1,6.207943056789663,5.632982311923513,8.38266346233619,6.207943056789663,5.632982311923513,8.38266346233619,8.38266346233619,0.0,1.0,10.700000000000001,-17.71691570546497,11.301993598033391,21.014855731233062,-217.71691570546497,-108.69800640196661,243.34319793259584,8.38266346233619,106.0
11_LTAN06_800km_1213COLD_MY_ALL_HEAT_MY_Black,17363.5,24.00131066909702,280.4152744964937,281.4405604826327,-164.60829059062416,-168.82339226002927,235.7906425313589,-140.60697992152714,111.59188223646441,179.50785772140918,1.0,2.6,-20.60697992152714,-8.408117763535586,22.256326422204214,-140.60697992152714,111.59188223646441,179.50785772140918,281.4405604826327,25.0,1.0,0.1,6.360369344975304,5.371454454816217,8.325071841411734,6.360369344975304,5.371454454816217,8.325071841411734,8.325071841411734,0.0,1.0,5.1000000000000005,1.752078754351146,-3.451937805213049,3.8711309164774765,-158.24792124564885,-163.45193780521305,227.50591322171897,8.325071841411734,50.0
11_LTAN06_800km_1213COLD_MY_ALL_HEAT_MY_Black,17424.0,24.10731422896728,281.6501280609145,282.6799554904162,-143.05913703383527,-95.95635792652163,172.26009205671633,-118.95182280486799,185.69377013439285,220.5259903397453,1.0,8.6,1.0481771951320127,-14.30622986560715,14.344576968317497,-118.95182280486799,185.69377013439285,220.5259903397453,282.6799554904162,85.0,1.0,0.1,6.466372904845564,5.09852603703149,8.234618770459802,6.466372904845564,5.09852603703149,8.234618770459802,8.234618770459802,0.0,1.0,4.1000000000000005,-16.5927641289897,-10.857831889490143,19.829582314832464,-136.5927641289897,-90.85783188949014,164.05099459636526,8.234618770459802,40.0
11_LTAN06_800km_1213COLD_MY_ALL_HEAT_MY_Black,17484.5,24.168965487908803,282.9433693754161,283.9737473187775,-137.74574744199333,-159.39167264092796,210.66465352694115,-113.57678195408452,123.55169673448816,167.8234404516145,1.0,2.6,6.423218045915476,3.5516967344881607,7.339773822070274,-113.57678195408452,123.55169673448816,167.8234404516145,283.9737473187775,25.0,1.0,0.1,6.528024163787087,4.808850415175868,8.108029464581714,6.528024163787087,4.808850415175868,8.108029464581714,8.108029464581714,0.0,1.0,5.300000000000001,-11.21772327820625,5.417177774247904,12.457252128146715,-131.21772327820625,-154.5828222257521,202.76572646676357,8.108029464581714,52.0
11_LTAN06_800km_1213COLD_MY_ALL_HEAT_MY_Black,17545.0,24.18068358647173,284.2968756417798,285.3233585922938,-222.51004230073838,-168.0838099138424,278.8599757581376,-198.32935871426665,116.21306572793742,229.86955251598278,1.0,11.9,1.6706412857333532,-3.786934272062581,4.139071573012351,-198.32935871426665,116.21306572793742,229.86955251598278,285.3233585922938,118.0,1.0,0.1,6.539742262350014,4.5295282408491175,7.955177869954674,6.539742262350014,4.5295282408491175,7.955177869954674,7.955177869954674,0.0,1.0,10.5,-15.970300038388359,-3.554281672993284,16.361033021393336,-215.97030003838836,-163.55428167299328,270.9117449507133,7.955177869954674,104.0
11_LTAN06_800km_1213COLD_MY_ALL_HEAT_MY_Black,17605.5,24.14018293715573,285.71061230261535,286.7286215475789,-212.29008845376316,-153.72224613447867,262.1022903607212,-188.14990551660742,131.98836616813668,229.8288836278905,1.0,11.9,11.850094483392581,11.988366168136679,16.85662073627616,-188.14990551660742,131.98836616813668,229.8288836278905,286.7286215475789,118.0,1.0,0.1,6.4992416130340125,4.243698330779296,7.76203047322361,6.4992416130340125,4.243698330779296,7.76203047322361,7.76203047322361,0.0,1.0,10.5,-5.790846840729131,10.521452196300629,12.009781990187077,-205.79084684072913,-149.47854780369937,254.34958009976597,7.76203047322361,104.0
11_LTAN06_800km_1213COLD_MY_ALL_HEAT_MY_Black,17666.0,24.04992413950048,287.1813324597003,288.18660025137297,-54.95385062014476,-96.53379830666822,111.07970072652196,-30.903926480644284,190.64753415303207,193.13605295374708,1.0,9.0,9.096073519355716,-9.352465846967931,13.0463470323392,-30.903926480644284,190.64753415303207,193.13605295374708,288.18660025137297,89.0,1.0,0.1,6.408982815378764,3.96998658393926,7.538955776795485,6.408982815378764,3.96998658393926,7.538955776795485,7.538955776795485,0.0,1.0,1.3,-8.544867804766,-12.563811722728957,15.194213727768478,-48.544867804766,-92.56381172272896,104.52111476071723,7.538955776795485,12.0
11_LTAN06_800km_1213COLD_MY_ALL_HEAT_MY_Black,17726.5,23.905206959937058,288.70608207331446,289.6940813097859,-128.3948672132782,-79.2069955139061,150.8608301218553,-104.48966025334113,209.49908655940837,234.11099155974102,1.0,8.6,15.510339746658872,9.499086559408369,18.18799836485364,-104.48966025334113,209.49908655940837,234.11099155974102,289.6940813097859,85.0,1.0,0.1,6.264265635815342,3.7088318744077355,7.279866607890544,6.264265635815342,3.7088318744077355,7.279866607890544,7.279866607890544,0.0,1.0,4.1000000000000005,-2.1306015774628406,4.501836360501642,4.980561584663101,-122.13060157746284,-75.49816363949836,143.58222924376622,7.279866607890544,40.0
11_LTAN06_800km_1213COLD_MY_ALL_HEAT_MY_Black,17787.0,23.70676971496904,290.2815833248407,291.248018959606,-116.60278084311409,-85.09142829316019,144.34943598544928,-92.89601112814505,205.19015503168052,225.23913648708017,1.0,8.8,-12.896011128145048,5.1901550316805185,13.901252183530788,-92.89601112814505,205.19015503168052,225.23913648708017,291.248018959606,87.0,1.0,0.1,6.065828390847326,3.484855353030582,6.995605113123193,6.065828390847326,3.484855353030582,6.995605113123193,6.995605113123193,0.0,1.0,4.1000000000000005,9.46304754773324,-1.6065729401296096,9.598455370663386,-110.53695245226676,-81.60657294012961,137.3974184781773,6.995605113123193,40.0
11_LTAN06_800km_1213COLD_MY_ALL_HEAT_MY_Black,17847.5,23.45634425099593,291.90362161642406,292.84453964246234,-105.71135781162236,-152.29595269145148,185.3886414443282,-82.25501356062644,139.6076689249726,162.03761439407702,1.0,2.8000000000000003,-2.2550135606264377,19.607668924972586,19.73691381219325,-82.25501356062644,139.6076689249726,162.03761439407702,292.84453964246234,27.0,1.0,0.1,5.815402926874214,3.2721585598322918,6.672775497690666,5.815402926874214,3.2721585598322918,6.672775497690666,6.672775497690666,0.0,1.0,5.300000000000001,20.10404511525185,10.976205868380816,22.90523357796552,-99.89595488474815,-149.02379413161918,179.4081743391835,6.672775497690666,52.0
11_LTAN06_800km_1213COLD_MY_ALL_HEAT_MY_Black,17908.0,23.149036154003483,293.5539251989124,294.4652524060318,-120.75861975913249,-115.7818581693467,167.29639245147357,-97.609583605129,177.77206702956568,202.8066533117961,0.0,nan,nan,nan,nan,-97.609583605129,177.77206702956568,202.8066533117961,294.4652524060318,nan,1.0,0.1,5.508094829881767,3.0316807495383387,6.287304416209827,5.508094829881767,3.0316807495383387,6.287304416209827,6.287304416209827,0.0,1.0,2.7,4.749475070749284,7.249822580191619,8.667031838635715,-115.25052492925072,-112.75017741980838,161.2305368243439,6.287304416209827,26.0
11_LTAN06_800km_1213COLD_MY_ALL_HEAT_MY_Black,17968.5,22.78741804654672,295.2311334694241,296.10925110652823,89.39522401745371,14.82015715446229,90.61535816413073,112.18264206400043,310.05129062388636,329.7222285469957,1.0,24.8,-7.817357935999567,-9.94870937611364,12.652584848555922,112.18264206400043,310.05129062388636,329.7222285469957,296.10925110652823,247.0,1.0,0.1,5.146476722425003,2.756052907960566,5.837983409186797,5.146476722425003,2.756052907960566,5.837983409186797,5.837983409186797,0.0,1.0,2.2,14.54170073987872,17.57621006242283,22.811931539582588,94.54170073987872,17.57621006242283,96.16161572554404,5.837983409186797,21.0
11_LTAN06_800km_1213COLD_MY_ALL_HEAT_MY_Black,18029.0,22.37564166527258,296.92617513083104,297.7680688350543,50.81661139187613,-61.425535077413095,79.7209154042994,73.1922530571487,235.50064005341795,246.61236257161,1.0,13.8,-6.807746942851296,-4.499359946582047,8.160248670647725,73.1922530571487,235.50064005341795,246.61236257161,297.7680688350543,137.0,1.0,0.1,4.734700341150862,2.463711439178155,5.337345911221362,4.734700341150862,2.463711439178155,5.337345911221362,5.337345911221362,0.0,1.0,0.7000000000000001,15.551311733026992,-18.961823638234932,24.52333689173046,55.55131173302699,-58.96182363823493,81.00891853374085,5.337345911221362,6.0
11_LTAN06_800km_1213COLD_MY_ALL_HEAT_MY_Black,18089.5,21.919830849198085,298.6171986714621,299.42062441797316,163.5270462016555,-19.8762621093541,164.73056982502706,185.4468770508536,278.740936562108,334.79404702508606,1.0,19.400000000000002,-14.553122949146399,-1.2590634378919958,14.607485352161335,185.4468770508536,278.740936562108,334.79404702508606,299.42062441797316,193.0,1.0,0.1,4.278889525076369,2.1689027942495045,4.797190312955239,4.278889525076369,2.1689027942495045,4.797190312955239,4.797190312955239,0.0,1.0,7.2,7.805935726731889,22.29264068489539,23.61978961116552,167.8059357267319,-17.70735931510461,168.73761477227978,4.797190312955239,71.0
11_LTAN06_800km_1213COLD_MY_ALL_HEAT_MY_Black,18150.0,21.422705048768137,300.3035146885646,301.0666591071011,158.43264433804302,22.668025256773255,160.04606262256672,179.85534938681116,322.97153994533784,369.6735888831049,1.0,25.0,19.855349386811156,2.971539945337838,20.07647750276628,179.85534938681116,322.97153994533784,369.6735888831049,301.0666591071011,249.0,1.0,0.1,3.781763724646421,1.878178131238542,4.22247438852082,3.781763724646421,1.878178131238542,4.22247438852082,4.22247438852082,0.0,1.0,7.4,2.2144080626894436,24.546203388011804,24.645886144217783,162.21440806268944,24.546203388011804,164.06105657313793,4.22247438852082,73.0
