unix_time_s,elapsed_time_s,utc,tle_age_days,pos_err_x_m,pos_err_y_m,pos_err_z_m,pos_err_norm_m,pos_err_radial_m,pos_err_along_track_m,pos_err_cross_track_m,isl_angle_x_urad,isl_angle_y_urad,isl_angle_norm_urad
1781391582.0,0.0,2026-06-13T22:59:42+00:00,0.01919993,56.45880633662455,-532.8403117767302,86.11482501402497,542.6989568393104,-4.805504765336378,-538.5786511991031,66.57402910280223,-81.4250261725438,18.199068452412742,83.43405167996485
1781391642.0,60.0,2026-06-13T23:00:42+00:00,0.019894374444444442,45.50303978426382,-523.9176191575825,132.68330270517617,542.3698526928939,9.162540770761355,-538.5512061542169,63.59011956722384,-80.30549241858787,0.6996739094022679,80.30854036882612
1781391702.0,120.0,2026-06-13T23:01:42+00:00,0.020588818888888888,34.523251072037965,-512.5380991371349,178.71532150451094,543.8991855777605,23.106686842729083,-540.0649077385992,60.18555079586406,-78.82320525196884,-16.76291397164547,80.5859353176148
1781391762.0,180.0,2026-06-13T23:02:42+00:00,0.021283263333333333,23.632915816502646,-498.68603599024937,224.09846358466893,547.235231488861,36.91944614193365,-543.0794808207096,56.285260865956765,-76.9319979501996,-34.077471862513555,84.14158542094343
1781391822.0,240.0,2026-06-13T23:03:42+00:00,0.021977707777777775,12.94862587377429,-482.36246828828007,268.70972833782434,552.3098186965069,50.48587773024866,-547.5510932023851,51.818069350832594,-74.59234593310386,-51.12736234589303,90.43243473584064
1781391882.0,300.0,2026-06-13T23:04:42+00:00,0.02267215222222222,2.5994798538740724,-463.599707740359,312.4399843849242,559.0618840118764,63.69503468029122,-553.4542465998809,46.706847812108215,-71.76249370843883,-67.80808802910857,98.73090856169135
1781391942.0,360.0,2026-06-13T23:05:42+00:00,0.023366596666666666,-7.292561497073621,-442.4298841217533,355.21835400909185,567.4305797558898,76.47227776302587,-560.7660803664487,40.87611388438612,-68.41738110501151,-84.06717560140969,108.38924324335251
1781392002.0,420.0,2026-06-13T23:06:42+00:00,0.02406104111111111,-16.63462325115688,-418.8618398201652,396.9721066886559,577.329026671162,88.7619138068785,-569.4342412864912,34.274955067650936,-64.57767130017183,-99.87862543478734,118.93702303864674
1781392062.0,480.0,2026-06-13T23:07:42+00:00,0.024755485555555554,-25.34768549562432,-392.91046117339283,437.5949946651235,588.6514376228455,100.48997892683923,-579.3876461212436,26.874424139144484,-60.30239433369636,-115.19811826809365,130.0268634355467
1781392122.0,540.0,2026-06-13T23:08:42+00:00,0.02544993,-33.35810810094699,-364.614374300465,476.96738944761455,601.2938515560145,111.57114117549527,-590.5573532399734,18.659820740333522,-55.68632046490857,-129.97409615498034,141.4009616594759
1781392182.0,600.0,2026-06-13T23:09:42+00:00,0.026144374444444445,-40.600757566746324,-334.0310934148729,514.9710069000721,615.1587850552111,121.9215425301879,-602.8787045655928,9.629946987173113,-50.871038855237664,-144.16443710016702,152.87657609529037
1781392242.0,660.0,2026-06-13T23:10:42+00:00,0.026838818888888887,-47.03336177859455,-301.23747714050114,551.4963315958157,630.1621684279469,131.4642224829138,-616.2965847417377,-0.19068414982850554,-46.075142922234775,-157.73895625213038,164.3304509663862
1781392302.0,720.0,2026-06-13T23:11:42+00:00,0.027533263333333332,-52.655504474183545,-266.3231550930068,586.4426288967952,646.2318330734789,140.1347947931363,-630.7634875459883,-10.735182560919569,-41.63726257166725,-170.6763265762263,175.68172952249932
1781392362.0,780.0,2026-06-13T23:12:42+00:00,0.028227707777777777,-57.500962164252996,-229.37211021687835,619.7158860433847,663.2991067457396,147.8900076309319,-646.2309388398164,-21.904893033935444,-38.039490538473636,-182.966855255058,186.8793005186823
1781392422.0,840.0,2026-06-13T23:13:42+00:00,0.028922152222222223,-61.59544388996437,-190.4394704857841,651.218380888924,681.2830323987963,154.71196113796665,-662.6318650924622,-33.61235902801915,-35.912439466293684,-194.61569294218648,197.90141800347874
1781392482.0,900.0,2026-06-13T23:14:42+00:00,0.029616596666666665,-64.93203567457385,-149.55232097767293,680.8489444558509,700.0981010781984,160.60782283981453,-679.8855787428472,-45.80478352157075,-36.097122518817464,-205.62036282063974,208.76478596887466
1781392542.0,960.0,2026-06-13T23:15:42+00:00,0.03031104111111111,-67.46885640872642,-106.72771491017193,708.4892826648429,719.6526352108995,165.59372787012168,-697.897559298993,-58.46049418689949,-39.78062764032262,-215.8779789741159,219.51264232705788
1781392602.0,1020.0,2026-06-13T23:16:42+00:00,0.031005485555555556,-69.140750490129,-61.99782321881503,734.0210423436947,739.8723295714834,169.68552197775276,-716.5853925076506,-71.576972144174,-48.70149528141731,-224.99466833577662,230.20520502840947
1781392662.0,1080.0,2026-06-13T23:17:42+00:00,0.03169993,-69.878244594438,-15.392424770630896,757.3281215026509,760.7008475259204,172.91847522045921,-735.8758978007628,-85.15658160122544,66.8219095571824,-231.48547200829833,240.93711077327404
1781392722.0,1140.0,2026-06-13T23:18:42+00:00,0.03239437444444444,-69.62060204078443,33.07279423996806,778.2801561567467,782.0874883379292,175.35740160129745,-755.692631063123,-99.19308683202841,84.29474524239245,-237.30880515729794,251.83540871105524
1781392782.0,1200.0,2026-06-13T23:19:42+00:00,0.033088818888888885,-68.3197642439045,83.39216189086437,796.7067734947195,803.9673661185143,177.09419012564558,-775.9394768371591,-113.6622272039339,102.25032478272978,-242.35231186225118,263.039487497888
1781392842.0,1260.0,2026-06-13T23:20:42+00:00,0.033783263333333334,-65.92935492191464,135.54511951562017,812.3665803903714,826.2315778279533,178.22989706508943,-796.4764901576301,-128.5220783306102,120.62353676772022,-246.76594663499455,274.66974722567926
1781392902.0,1320.0,2026-06-13T23:21:42+00:00,0.034477707777777776,-62.39295560028404,189.42213901970536,824.9359216641751,848.7007143341294,178.81880430774524,-817.107166321411,-143.7101822537425,139.33553842838847,-250.6353495531816,286.7620454571603
1781392962.0,1380.0,2026-06-13T23:22:42+00:00,0.03517215222222222,-57.66603563330136,244.75471440702677,834.0679945702432,871.1484726822137,178.82155821931133,-837.6168864829519,-159.1240498830296,158.2783512797327,-253.9202310320239,299.21149745821407
1781393022.0,1440.0,2026-06-13T23:23:42+00:00,0.03586659666666667,-51.75152390974108,301.12676310911775,839.4902652623132,893.3641212617306,178.11654803634983,-857.8374915360423,-174.6103851107066,177.2989506778903,-256.4662008967588,311.78491001634063
1781393082.0,1500.0,2026-06-13T23:24:42+00:00,0.03656104111111111,-44.708103789482266,358.05785136669874,841.0551940971054,915.1929189998727,176.55533214067526,-877.6747214202788,-189.9825704111816,196.20979415115235,-258.07660273286507,324.19410265915485
1781393142.0,1560.0,2026-06-13T23:25:42+00:00,0.03725548555555556,-36.649308453081176,415.07499159593135,838.7297327814158,936.5350955036532,174.00469575419623,-897.0966223823498,-205.03170748863678,-335.5577194389624,19.854393884238256,336.1445820351533
1781393202.0,1620.0,2026-06-13T23:26:42+00:00,0.03794993,-27.733055744785815,471.76165203377604,832.5623967167921,957.3339663552057,170.3745259815324,-916.1135206386747,-219.53783577545613,-345.1258886083415,39.38467913328952,347.3658473974226
1781393262.0,1680.0,2026-06-13T23:27:42+00:00,0.03864437444444444,-18.137209663516842,527.7868617968634,822.6368643962778,977.5578451035518,165.63872656228844,-934.751132688439,-233.28838960394754,-353.81266654646026,52.175822579784345,357.6390910828874
1781393322.0,1740.0,2026-06-13T23:28:42+00:00,0.03933881888888889,-8.03615009249188,582.8940574899316,809.026629306376,997.1730787041039,159.83184114761556,-953.0204117774466,-246.08946784275554,-361.873771476462,59.90308160510512,366.79831742851076
1781393382.0,1800.0,2026-06-13T23:29:42+00:00,0.04003326333333333,2.4089800620567985,636.8703777929768,791.7801855290309,1016.1326406978052,153.02944614606432,-970.9086330521031,-257.7672561995035,-369.24668678976843,63.76685690184732,374.7123266512085
1781393442.0,1860.0,2026-06-13T23:30:42+00:00,0.040727707777777775,13.053107944666408,689.5234111743048,770.9226397657767,1034.3764472801467,145.33331526678612,-988.3820245706116,-268.1675514807146,-375.75375873916266,64.6316532040289,381.2717374819365
1781393502.0,1920.0,2026-06-13T23:31:42+00:00,0.041422152222222224,23.776858812721912,740.6654120087624,746.4681265112013,1051.8389874207232,136.85769584872892,-1005.3927699933043,-277.1653019236352,-381.1987392772248,63.12991384901205,386.39081879507603
1781393562.0,1980.0,2026-06-13T23:32:42+00:00,0.042116596666666666,34.49184647162019,790.1107897944748,718.42186131794,1068.454359550376,127.73152797614127,-1021.8817192560468,-284.6702075268685,-385.41330221513994,59.74798162003453,390.0169673643017
1781393622.0,2040.0,2026-06-13T23:33:42+00:00,0.04281104111111111,45.13612814733642,837.6563583109528,686.7752728611231,1084.1428504105768,118.09275137878878,-1037.767041393834,-290.61897729647035,-388.261098627779,54.87787919785943,392.1202141345238
1781393682.0,2100.0,2026-06-13T23:34:42+00:00,0.043505485555555556,55.66274722592789,883.055996151641,651.5239111101255,1098.8037315719032,108.06711720934143,-1052.9421128290014,-294.9644821425118,-389.6243348520261,48.82989078570725,392.6722304200131
1781393742.0,2160.0,2026-06-13T23:35:42+00:00,0.04419993,66.02648399269674,926.01968787238,612.6947716549039,1112.3249714579606,97.75633805659997,-1067.2881696578645,-297.6684454339792,-389.39525550690627,41.84158050935066,391.63679968921366
1781393802.0,2220.0,2026-06-13T23:36:42+00:00,0.04489437444444444,76.17702269001165,966.2260540178977,570.3642367012799,1124.593743872313,87.23640622494197,-1080.68455029061,-298.70018571953415,-387.4762894249083,34.08976214923097,388.97298974335797
1781393862.0,2280.0,2026-06-13T23:37:42+00:00,0.04558881888888889,86.06027089519193,1003.3476645154878,524.6702113337815,1135.5138646341015,76.56231256959107,-1093.0233575999678,-298.04343443726776,-383.79036129392694,25.7041462793179,384.6501586611808
1781393922.0,2340.0,2026-06-13T23:38:42+00:00,0.04628326333333333,95.62276245781686,1037.077532843221,475.80311512574553,1145.0162121959713,65.78450803892702,-1104.2168338810175,-295.70206030304763,-378.2914211871081,16.793524858145137,378.6639959395706
1781393982.0,2400.0,2026-06-13T23:39:42+00:00,0.04697770777777778,104.8161456809612,1067.1359361312352,424.00113385822624,1153.057887571635,54.94874363972329,-1114.1957552546596,-291.7035252376577,-370.96745468989354,7.450409241902182,371.0422631412357
1781394042.0,2460.0,2026-06-13T23:40:42+00:00,0.04767215222222222,113.58939788432326,1093.280480421614,369.5286452835426,1159.6189804706235,44.11140800919721,-1122.9087423565697,-286.0879583106591,-361.8290581915257,-2.223841617285894,361.8358921158945
1781394102.0,2520.0,2026-06-13T23:41:42+00:00,0.048366596666666664,121.87950217036996,1115.277160134865,312.65775767620653,1164.6684637281546,33.3402251588126,-1130.2921405064085,-278.89198069987765,-350.88818106197425,-12.112591756197814,351.09718097420426
1781394162.0,2580.0,2026-06-13T23:42:42+00:00,0.04906104111111111,129.61010127980262,1132.8921840467956,253.70144154503942,1168.1643293946747,22.6827090109582,-1136.2709692929814,-270.1512160328416,-338.15440424532375,-22.12210791029144,338.877247346151
1781394222.0,2640.0,2026-06-13T23:43:42+00:00,0.049755485555555555,136.70481064380147,1145.9281482861843,193.02013958524913,1170.0838861266614,12.170201043406706,-1140.7853273010985,-259.91734031102544,-323.65693526583937,-32.17865340956538,325.25263639350976
1781394282.0,2700.0,2026-06-13T23:44:42+00:00,0.05044993,143.08479137718678,1154.2163383314619,131.00945736654103,1170.4068058218973,1.8226016494182182,-1143.7743303960353,-248.25198964871328,-307.43783370263674,-42.22037464646844,310.32335011574344
1781394342.0,2760.0,2026-06-13T23:45:42+00:00,0.051144374444444446,148.65301578049548,1157.6318154631008,68.12738417182118,1169.1238085622608,-8.382185815850617,-1145.187336018509,-235.2151868628057,-289.5319244601048,-52.232272557149976,294.2056178560434
1781394402.0,2820.0,2026-06-13T23:46:42+00:00,0.05183881888888889,153.30344907473773,1156.1420960839605,4.877579303458333,1166.2719599713807,-18.497512844958123,-1145.016617198422,-220.87343202277447,-269.9782553877647,-62.23375277867449,277.0582941677406
1781394462.0,2880.0,2026-06-13T23:47:42+00:00,0.05253326333333333,156.94314179033972,1149.8196716688108,-58.25401112809777,1161.9423208249655,-28.561487859748883,-1143.3031129338824,-205.30998585319276,-248.8400488781015,-72.22222787364521,259.1088962669724
1781394522.0,2940.0,2026-06-13T23:48:42+00:00,0.05322770777777778,159.49753713887185,1138.809729514178,-120.8368554841727,1156.2562908078917,-38.575964258293965,-1140.1153966214301,-188.6196898553418,-226.20107650335248,-82.14563222912189,240.65500598491127
1781394582.0,3000.0,2026-06-13T23:49:42+00:00,0.05392215222222222,160.9137822012417,1123.3012453978881,-182.52240267582238,1149.3534533350958,-48.48855977278797,-1135.5411889298537,-170.90473518379923,-202.16348300229035,-91.87901068566181,222.06266337273652
1781394642.0,3060.0,2026-06-13T23:50:42+00:00,0.05461659666666666,161.1598910202738,1103.468557909131,-243.04146521072835,1141.352058998231,-58.189012274889755,-1129.6513543901538,-152.27074227987916,-176.84459581052604,-101.21892286079853,203.76280674472613
1781394702.0,3120.0,2026-06-13T23:51:42+00:00,0.05531104111111111,160.19814153411426,1079.434057239443,-302.1452600546181,1132.3131575023149,-67.55126253365249,-1122.466832526168,-132.808597092371,-150.34838114396325,-109.93129726293414,186.25124383617424
1781394762.0,3180.0,2026-06-13T23:52:42+00:00,0.056005485555555554,157.96918004669715,1051.3003797056153,-359.54109739046544,1122.2551184675153,-76.48937361693584,-1113.9700606380243,-112.5905442403671,-122.75090277607124,-117.81787510255033,170.14357415436132
1781394822.0,3240.0,2026-06-13T23:53:42+00:00,0.056699929999999996,154.41960918996483,1019.2150355256163,-414.87650613766164,1111.2008007956338,-84.98199209692118,-1104.1449742246625,-91.70145365541255,-94.1330974584958,-124.74993712118464,156.28047494447344
1781394882.0,3300.0,2026-06-13T23:54:42+00:00,0.057394374444444445,149.52885425521526,983.4078295645304,-467.79058026336133,1099.216932405442,-93.04341424934057,-1093.0163734729526,-70.2566357840351,-64.60648001695387,-130.63375305810342,145.7366621623626
1781394942.0,3360.0,2026-06-13T23:55:42+00:00,0.058088818888888887,143.303602191736,944.1694774162024,-517.9659100286663,1086.4072019447112,-100.68430271030837,-1080.648921168912,-48.38583265318053,-34.30051265379774,-135.35567444053868,139.6341067632347
1781395002.0,3420.0,2026-06-13T23:56:42+00:00,0.058783263333333335,135.75849754735827,901.8130951328203,-565.144134586677,1072.886350489686,-107.89393233896998,-1067.1256067492777,-26.20991895250854,-3.3385696760000765,-138.74958905724688,138.78974930100705
1781395062.0,3480.0,2026-06-13T23:57:42+00:00,0.05947770777777778,126.90505867439788,856.6510713947937,-609.1054751109332,1058.7565498494523,-114.64993957168198,-1052.523697508618,-3.8326737550908034,28.172510261549473,-140.59769856015424,143.39247949194933
1781395122.0,3540.0,2026-06-13T23:58:42+00:00,0.06017215222222222,116.7574672352057,808.9990791482851,-649.6489659463987,1044.1051648053362,-120.93452727761772,-1036.9101216396052,18.650333151359575,60.1333174893753,-140.63885851856674,152.95523658143725
1781395182.0,3600.0,2026-06-13T23:59:42+00:00,0.06086659666666667,105.33838819107041,759.1876603607088,-686.5880014412105,1029.0117411350054,-126.74373241118815,-1020.3471180746553,41.14545327156078,92.4437368126623,-138.56170537589153,166.56887666237094
1781395242.0,3660.0,2026-06-14T00:00:42+00:00,0.06156104111111111,92.68040681490675,707.5739562688395,-719.7652415046468,1013.5642871942346,-132.08784712600732,-1002.9083425125319,63.56273622130486,124.99941809449605,-133.97477548839726,183.23235246846852
1781395302.0,3720.0,2026-06-14T00:01:42+00:00,0.06225548555555555,78.83089327591006,654.5262264730409,-749.0755028640851,997.8642191534869,-136.9713629969773,-984.6865256207848,85.8154522589976,157.6702871223643,-126.33720803163716,202.04209852027859
1781395362.0,3780.0,2026-06-14T00:02:42+00:00,0.06294993,63.85610659956001,600.395397993736,-774.4630699325353,982.0108364837112,-141.37818776175152,-965.781236273487,107.81509476272736,190.2560224706467,-114.87479609767163,222.2466487145146
1781395422.0,3840.0,2026-06-14T00:03:42+00:00,0.06364437444444444,47.83781614806503,545.5009084260091,-795.8992304811254,966.0824410100128,-145.273733724309,-946.2813474000266,129.46982922848775,222.41560707207304,-98.48004983832875,243.2427233966075
1781395482.0,3900.0,2026-06-14T00:04:42+00:00,0.06433881888888889,30.863109316211194,490.14446199312806,-813.3564158277586,950.1277726218591,-148.62614228929718,-926.2536075069696,150.6894446067848,253.54135056837194,-75.57881193824376,264.5663872490806
1781395542.0,3960.0,2026-06-14T00:05:42+00:00,0.06503326333333333,13.021651787916198,434.639444491826,-826.8100943872705,934.1819642361631,-151.42728627359165,-905.7546806305967,171.38896636515923,282.4811702313819,-43.93193309889259,285.8769425488816
1781395602.0,4020.0,2026-06-14T00:06:42+00:00,0.06572770777777778,-5.591713378584245,379.31665264908224,-836.2641134439036,918.286479084567,-153.6890936859876,-884.8507554086312,191.49115072056202,306.92297720169836,-0.39805055961910435,306.9232353188697
1781395662.0,4080.0,2026-06-14T00:07:42+00:00,0.06642215222222222,-24.874698969001656,324.5060453414917,-841.7668507683557,902.4934100393464,-155.42711708290028,-863.6241536422863,210.92673534995757,255.30414112818653,-205.13846522183255,327.50876994482144
1781395722.0,4140.0,2026-06-14T00:08:42+00:00,0.06711659666666667,-44.72145339565759,270.520285224542,-843.410232149181,886.860785470709,-156.65211100353648,-842.1691819241044,229.6371876267936,278.64980069238703,-207.58983940102277,347.47554280618004
1781395782.0,4200.0,2026-06-14T00:09:42+00:00,0.06781104111111111,-65.02252701864927,217.63978266902268,-841.3299233606667,871.4534089451803,-157.36191177385138,-820.594614839883,247.57372796974732,301.04931576280336,-209.3586938589139,366.6902687767464
1781395842.0,4260.0,2026-06-14T00:10:42+00:00,0.06850548555555555,-85.6655248873285,166.08848304022104,-835.6891249250693,856.3295392959719,-157.52482934993222,-799.0142643294998,264.69305507911275,322.4355894723867,-210.42765710370946,385.0253345334068
1781395902.0,4320.0,2026-06-14T00:11:42+00:00,0.06919992999999999,-106.53712971095229,116.03646284714341,-826.6426985635189,841.518135161389,-157.08417269589353,-777.524101160849,280.9512530813169,342.7416979314463,-210.75402635136592,402.35448440926194
1781395962.0,4380.0,2026-06-14T00:12:42+00:00,0.06989437444444445,-127.52177926554577,67.6319353831932,-814.3215169847244,827.0159707617681,-155.98351896972548,-756.1950423982177,296.2998743793341,361.89489765406364,-210.30114902740934,418.5624090028796
1781396022.0,4440.0,2026-06-14T00:13:42+00:00,0.07058881888888889,-148.4961777604185,21.024719745852053,-798.8414005376399,812.7980910796871,-154.18330879782118,-735.0812090220066,310.6828934680567,379.8122290104237,-209.05913580915617,433.5470580815164
1781396082.0,4500.0,2026-06-14T00:14:42+00:00,0.07128326333333333,-169.32342593790963,-23.622351120226085,-780.3168156244792,798.8258701307348,-151.6695771743022,-714.227658324051,324.03389056522553,-188.55415692467759,405.52418626848623,447.2164305370431
1781396142.0,4560.0,2026-06-14T00:15:42+00:00,0.07197770777777777,-189.84399843332358,-66.13171189557761,-758.8768318830989,785.0529874016917,-148.45821660856132,-693.6791043558987,336.27020553377054,-247.45763242877294,387.15087923281834,459.47914331120404
1781396202.0,4620.0,2026-06-14T00:16:42+00:00,0.07267215222222222,-209.87162566860206,-106.31048444565386,-734.6777398912236,771.4268596928214,-144.60122531417431,-673.4826115486097,347.2910270001682,-293.6995814477786,367.24167695199367,470.2402507581766
1781396262.0,4680.0,2026-06-14T00:17:42+00:00,0.07336659666666667,-229.20816499122884,-143.95632675196975,-707.9437577910721,757.9209530722254,-140.19948256779566,-653.7124005050784,356.99912271533765,-330.492001198018,347.31175725141253,479.4271786006033
1781396322.0,4740.0,2026-06-14T00:18:42+00:00,0.07406104111111111,-247.68099685374182,-178.92850476689637,-678.9751534978859,744.5592958845241,-135.35204873865183,-634.4911210527843,365.33462099216507,-360.0472539619375,327.9285991704664,487.00224972728444
1781396382.0,4800.0,2026-06-14T00:19:42+00:00,0.07475548555555556,-265.152189601562,-211.1698260018602,-648.0859917490743,731.3780361519888,-130.12515079085742,-615.9520449736696,372.2691972080834,-383.87329377847453,309.2514612572585,492.94540465054007
1781396442.0,4860.0,2026-06-14T00:20:42+00:00,0.07544993,-281.4913354497403,-240.68790178745985,-615.5702673643827,718.3973775447582,-124.56128638433347,-598.2199753741951,377.7726023162125,-402.9809819036816,291.26798010436204,497.2229962603604
1781396502.0,4920.0,2026-06-14T00:21:42+00:00,0.07614437444444444,-296.56479051103815,-267.5529014291242,-581.6883507762104,705.6178622049943,-118.67592207646439,-581.414057065275,381.79875226216285,-418.04141024894477,273.88622316281464,499.77223204307546
1781396562.0,4980.0,2026-06-14T00:22:42+00:00,0.07683881888888888,-310.2535838424228,-291.87659117858857,-546.6383592300117,693.0099036426388,-112.45144811135685,-565.6253066212753,384.29859598237766,-429.5139038755731,256.97195596628785,500.51651298990606
1781396622.0,5040.0,2026-06-14T00:23:42+00:00,0.07753326333333334,-322.4623280283995,-313.7542802048847,-510.56125256977975,680.5119352149549,-105.8709566248609,-550.8929225440414,385.2334648031301,-437.7225296657392,240.40601579549323,499.39570022942416
1781396682.0,5100.0,2026-06-14T00:24:42+00:00,0.07822770777777778,-333.10888839513063,-333.2341894954443,-473.5917083127424,668.0536376363106,-98.96112384149228,-537.2178746280015,384.57679845163415,-442.8955188012277,224.13896349344606,496.3816228771216
1781396742.0,5160.0,2026-06-14T00:25:42+00:00,0.07892215222222222,-342.10792163712904,-350.34337866306305,-435.9070168947801,655.5861807558427,-91.8064533977111,-524.6022424873164,382.305248054281,-445.1862926594895,208.20510119716846,491.4673939707738
1781396802.0,5220.0,2026-06-14T00:26:42+00:00,0.07961659666666666,-349.3673763626721,-365.1447915546596,-397.72868452686816,643.0990506613315,-84.52265567799982,-513.0816169844867,378.39075563658855,-444.6939974320358,192.6861210977133,484.644913948105
1781396862.0,5280.0,2026-06-14T00:27:42+00:00,0.0803110411111111,-354.80658747279085,-377.7722091921605,-359.2786957100034,630.619328710351,-77.21294654576462,-502.72654733477515,372.8068095323243,-441.4946152195549,177.65644239882982,475.8984206673432
1781396922.0,5340.0,2026-06-14T00:28:42+00:00,0.08100548555555555,-358.3818796838168,-388.42209360189736,-320.7241570921615,618.2016494852342,-69.93275577776336,-493.6196745941813,365.54384955724066,-435.67396662432503,163.13980275521988,465.21650920532204
1781396982.0,5400.0,2026-06-14T00:29:42+00:00,0.08169993,-360.102469765814,-397.30181006668136,-282.1370253302157,605.907433586916,-62.675470825500504,-485.8145106618835,356.6228605446369,-427.3503426623866,149.09077282762036,452.6106206398568
1781397042.0,5460.0,2026-06-14T00:30:42+00:00,0.08239437444444445,-360.0299769190606,-404.56345586432144,-243.519018182531,593.7968392622228,-55.407231424421056,-479.3067952194586,346.1065169570468,-416.6835383276279,135.43663683267624,438.1418191747713
1781397102.0,5520.0,2026-06-14T00:31:42+00:00,0.08308881888888889,-358.2704959544353,-410.289604783291,-204.8547458583489,581.9456804250332,-48.10247911231026,-474.04837480936396,334.10337443552623,-403.87658226314096,122.11985235824744,421.9354832679468
1781397162.0,5580.0,2026-06-14T00:32:42+00:00,0.08378326333333333,-354.9511884842068,-414.5190680550877,-166.1361486548558,570.4538753286523,-40.74993288101153,-469.97659542937936,320.74766810731495,-389.15321991907473,109.10056527065939,404.1573479670525
1781397222.0,5640.0,2026-06-14T00:33:42+00:00,0.08447770777777777,-350.18855069903657,-417.26921322080307,-127.35297653265297,559.4322103475328,-33.33758258346662,-467.028771399637,306.16520090755324,-372.721038120158,96.33196521790632,384.9685958362217
1781397282.0,5700.0,2026-06-14T00:34:42+00:00,0.08517215222222223,-344.06785448791925,-418.5226127296919,-88.48052647989243,548.9741974120155,-25.840436120363727,-465.1251635656792,290.4539955023448,-354.75137084781875,83.74243591202122,364.5014824261838
1781397342.0,5760.0,2026-06-14T00:35:42+00:00,0.08586659666666667,-336.6389148515882,-418.2122320798808,-49.51598138734698,539.1466057265343,-18.24759039786944,-464.15564151651995,273.68892626392903,-335.38163200453187,71.27045649075043,342.87070019822806
1781397402.0,5820.0,2026-06-14T00:36:42+00:00,0.08656104111111111,-327.9184984921012,-416.25237516884226,-10.510769076645374,530.0066582162901,-10.583044962831359,-464.0011104828445,255.9258220336533,-314.71813231728316,58.89112606045677,320.18067952009153
1781397462.0,5880.0,2026-06-14T00:37:42+00:00,0.08725548555555555,-317.9035454792902,-412.5648430455476,28.438561227172613,521.6140006845791,-2.8929453080437693,-464.547487557568,237.20967177071006,-292.8494596723504,46.60139574551496,296.53413988243864
1781397522.0,5940.0,2026-06-14T00:38:42+00:00,0.08794993,-306.58362632384524,-407.08551452332176,67.19296371750534,514.0301843644387,4.757018826866478,-465.6834085137174,217.5853033747129,-269.860643280553,34.4179896192773,272.04662247715294
1781397582.0,6000.0,2026-06-14T00:39:42+00:00,0.08864437444444444,-293.9494150306564,-399.7854327003006,105.57586450502276,507.32722572538387,12.280808891217369,-467.3128533291323,197.1009711000351,-245.83757329483277,22.378111227980863,246.8539898515399
1781397642.0,6060.0,2026-06-14T00:40:42+00:00,0.0893388188888889,-280.00632270716596,-390.67629594774917,143.40098683163524,501.59281493630834,19.591835697933472,-469.3616860869879,175.8155840740367,-220.87961192864523,10.515296241531622,221.12976828278025
1781397702.0,6120.0,2026-06-14T00:41:42+00:00,0.09003326333333334,-264.7823036168702,-379.7839706274681,180.4743783818558,496.9069670537325,26.6072810118421,-471.753199879996,153.80996361315715,-195.11460493360542,-1.144628863046271,195.1179623551636
1781397762.0,6180.0,2026-06-14T00:42:42+00:00,0.09072770777777778,-248.3217453698162,-367.1647152970545,216.58086499758065,493.33648604758514,33.227165153890034,-474.4141617737758,131.17944606568852,-168.6857715994393,-12.559997798189297,169.15272118647314
1781397822.0,6240.0,2026-06-14T00:43:42+00:00,0.09142215222222222,-230.67867478876724,-352.9228270300664,251.51833201106638,490.9466816048613,39.35160708711243,-477.2968555428715,108.0176230407509,-141.73527579426425,-23.699528240541422,143.70301334105827
1781397882.0,6300.0,2026-06-14T00:44:42+00:00,0.09211659666666666,-211.9124113147409,-337.1863611806184,285.12129785772413,489.7914522809962,44.90312633474778,-480.3685781245823,84.41211479082938,-114.40532141017458,-34.57343261172148,119.515270193907
1781397942.0,6360.0,2026-06-14T00:45:42+00:00,0.0928110411111111,-192.09027841686475,-320.0803779922426,317.2646358786151,489.9050649024928,49.83813240189567,-483.5997885067527,60.451449379074944,-86.85295981975007,-45.249615510987745,97.93346891305006
1781398002.0,6420.0,2026-06-14T00:46:42+00:00,0.09350548555555556,-171.28819483643747,-301.715312208049,347.81546620093286,491.2711815684878,54.11521861710695,-486.935180581268,36.23598854742033,-59.260882863409364,-55.81664066143256,81.40853525569793
1781398062.0,6480.0,2026-06-14T00:47:42+00:00,0.09419993,-149.60585006489418,-282.24348034337163,376.6246775528416,493.8516379559358,57.655756285362465,-490.33058745025875,11.881459910620858,-31.83556661222543,-66.34089530446913,73.58408585638593
1781398122.0,6540.0,2026-06-14T00:48:42+00:00,0.09489437444444444,-127.17864470696077,-261.88862447440624,403.60998405795544,497.65558223520304,60.37146961208854,-493.82214701273523,-12.492049730453603,-4.806505841261476,-76.9128976770776,77.06293744392754
1781398182.0,6600.0,2026-06-14T00:49:42+00:00,0.09558881888888889,-104.13482993189245,-240.8224286576733,428.8397251488641,502.73553168169605,62.28809066849339,-497.5035108973687,-36.78947160456267,21.553841511282656,-87.82037674973235,90.42669216751446
1781398242.0,6660.0,2026-06-14T00:50:42+00:00,0.09628326333333333,-80.54946356092114,-219.02755152713507,452.4619393479079,509.10027594413447,63.60031131584138,-501.42238716769356,-60.93997878218832,46.864729464857014,-99.63250268207842,110.10421635209345
1781398302.0,6720.0,2026-06-14T00:51:42+00:00,0.09697770777777778,-56.4294877712382,-196.3093429170549,474.42357246857136,516.5262542412456,64.53619048500305,-505.40422549108587,-84.85882566905504,70.56981065614406,-113.04505008775476,133.26395433644842
1781398362.0,6780.0,2026-06-14T00:52:42+00:00,0.09767215222222222,-31.77748304477427,-172.63881492614746,494.4035567850806,524.6416356042512,65.09510805552931,-509.16553084829917,-108.4524546181992,91.97472936105554,-128.606251471354,158.11046378577402
1781398422.0,6840.0,2026-06-14T00:53:42+00:00,0.09836659666666667,-6.695104115176946,-148.26881193369627,512.1161380656995,533.1898384990748,65.0932121018526,-512.5756812072674,-131.60717553324486,110.12493790228548,-146.82032847831005,183.53122568778613
1781398482.0,6900.0,2026-06-14T00:54:42+00:00,0.09906104111111111,18.68376740277745,-123.43712064344436,527.4337383601815,542.0075223442029,64.44457677256281,-515.5958926902161,-154.20741306203786,123.4773068630675,-168.519178805507,208.9147168952886
1781398542.0,6960.0,2026-06-14T00:55:42+00:00,0.09975548555555555,44.23845995916054,-98.38013264816254,540.2215178238694,550.8856325584771,63.07310107569875,-518.1385969859223,-176.15095342775817,129.54356848571777,-194.72412916163557,233.87822176032375
1781398602.0,7020.0,2026-06-14T00:56:42+00:00,0.10044992999999999,69.82142679742537,-73.4054797757417,550.40151460981,559.6474098804603,60.8592943405208,-520.1513597171775,-197.34217152614153,257.88630851675737,-11.48120564928239,258.1417560247882
1781398662.0,7080.0,2026-06-14T00:57:42+00:00,0.10114437444444445,95.26892446936108,-48.81524477619678,557.9975856633391,568.172862514767,57.707950980226265,-521.6319247748795,-217.69319958956598,281.5095627407638,-1.7901853087306305,281.5152547872595
1781398722.0,7140.0,2026-06-14T00:58:42+00:00,0.10183881888888889,120.40576316951774,-24.869493011385202,563.1015852232231,576.367447699802,53.55833787433554,-522.597709921152,-237.1129958422566,303.72472124867306,9.004887795805088,303.8581812322966
1781398782.0,7200.0,2026-06-14T00:59:42+00:00,0.10253326333333333,145.0386248808354,-1.7674817899242043,565.8648931562493,584.1595706704932,48.38750800067659,-523.0903959634715,-255.49460018990212,324.36769898404674,20.977033737153356,325.0452892884541
1781398842.0,7260.0,2026-06-14T01:00:42+00:00,0.10322770777777777,168.98050036863424,20.378769021481276,566.4799263941823,591.4974308813378,42.229625875970456,-523.1687621101426,-272.7275486446861,343.2795053273998,34.130564417130664,344.97204844053124
1781398902.0,7320.0,2026-06-14T01:01:42+00:00,0.10392215222222222,192.06949134310707,41.54485895484686,565.1472153827781,598.3377306047865,35.17507889408916,-522.8941760095872,-288.7082166917587,360.3170332256547,48.405309040514375,363.5539002346767
1781398962.0,7380.0,2026-06-14T01:02:42+00:00,0.10461659666666667,214.1742401206866,61.78457490634173,562.0437885078136,604.6330780133078,27.36553486508146,-522.3189076026629,-303.34014783763075,375.3511037069631,63.682674179592205,380.71502996952916
1781399022.0,7440.0,2026-06-14T01:03:42+00:00,0.10531104111111111,235.19592357426882,81.20115583576262,557.2972044874914,610.320345642016,18.97712783629128,-521.4738327351571,-316.5372564109639,388.26476397352064,79.80708021252025,396.38200892000805
1781399082.0,7500.0,2026-06-14T01:04:42+00:00,0.10600548555555556,255.06410334352404,99.91460116021335,550.9779880587012,615.3189154126945,10.201450202350378,-520.3660108051466,-328.2263135051204,-342.061059795502,-226.9116380237671,410.48101064367285
1781399142.0,7560.0,2026-06-14T01:05:42+00:00,0.10669993,273.73139184806496,118.03275032434613,543.1008818834089,619.5314140015378,1.2302115163901657,-518.9771436755416,-338.3494995662708,-366.71152274824226,-210.71455473974032,422.93967004231416
1781399202.0,7620.0,2026-06-14T01:06:42+00:00,0.10739437444444444,291.1664856602438,135.62100962735713,533.6381961242296,622.8488620739404,-7.764564289292709,-517.2645888914581,-346.8685076612615,-385.29840982447655,-199.08751496382004,433.6942508585277
1781399262.0,7680.0,2026-06-14T01:07:42+00:00,0.10808881888888888,307.34229605831206,152.6830919282511,522.5515669942833,625.1652211018675,-16.65112771143706,-515.1743111749392,-353.76506713737473,-399.4048670826359,-190.93300590956292,442.69590081110897
1781399322.0,7740.0,2026-06-14T01:08:42+00:00,0.10878326333333334,322.2218218515627,169.17403466627002,509.8226630934514,626.391175134439,-25.33891491612018,-512.6605003671715,-359.0307160125139,-409.949378636995,-185.35304194325417,449.90470457917644
1781399382.0,7800.0,2026-06-14T01:09:42+00:00,0.10947770777777778,335.75467813247815,185.0269451579079,495.46190763358027,626.4572421468347,-33.76321779945962,-509.6936438371065,-362.65839407643244,-417.470010648096,-181.6637149220402,455.2833349792167
1781399442.0,7860.0,2026-06-14T01:10:42+00:00,0.11017215222222222,347.88519414514303,200.17008713632822,479.50180426519364,625.3112444080509,-41.86963324672079,-506.2565427101761,-364.6442090011437,-422.2933199650837,-179.3486939356886,458.8001766603516
1781399502.0,7920.0,2026-06-14T01:11:42+00:00,0.11086659666666666,358.560564563144,214.52984974905849,461.992170763202,622.9169292447347,-49.60980253021982,-502.3388527362816,-364.99321262757593,-424.6310534431937,-178.01772023975076,460.43657572746605
1781399562.0,7980.0,2026-06-14T01:12:42+00:00,0.1115610411111111,367.7341155014001,228.04072788357735,442.9926711535081,619.2523394973886,-56.93105851925484,-497.9371194999449,-363.71821451910245,-424.63164094291653,-177.36079701578308,460.1835316566074
1781399622.0,8040.0,2026-06-14T01:13:42+00:00,0.11225548555555555,375.36323751695454,240.63691091397777,422.5511059872806,614.2907456119661,-63.76820096376612,-493.0355692323229,-360.83606272393206,-422.4057007214014,-177.11242446106152,458.0342638934486
1781399682.0,8100.0,2026-06-14T01:14:42+00:00,0.11294993,381.39626670395955,252.22439595963806,400.71462421584874,607.9905165653253,-70.06741239632977,-487.59297488736763,-356.36514531297865,-418.03260660425246,-177.06263261500737,453.98506148650176
1781399742.0,8160.0,2026-06-14T01:15:42+00:00,0.11364437444444445,385.7706614919007,262.69272067025304,377.569755715318,600.3210717540766,-75.80551458834424,-481.5698068357216,-350.32760995126444,-411.57030441518356,-177.06917976840845,448.04420529704856
1781399802.0,8220.0,2026-06-14T01:16:42+00:00,0.11433881888888889,388.4322779029608,271.94263488054276,353.2449947055429,591.2820456154357,-80.97510251548921,-474.9454999036995,-342.7597735455623,-403.08030482483997,-177.0330169606439,440.24359306169754
1781399862.0,8280.0,2026-06-14T01:17:42+00:00,0.11503326333333333,389.34704760531895,279.9024524502456,327.89889365807176,580.9080743360588,-85.57177475529272,-467.72391651930343,-333.71544781430356,-392.6393579825194,-176.8761168915257,430.6400192313177
1781399922.0,8340.0,2026-06-14T01:18:42+00:00,0.11572770777777777,388.5062422535848,286.53514373116195,301.69070824980736,569.259846034576,-89.57318351079421,-459.9288150053758,-323.2628995582412,-380.3424722989253,-176.50957766597918,419.3042180115544
1781399982.0,8400.0,2026-06-14T01:19:42+00:00,0.11642215222222223,385.91190238762647,291.81122733210213,274.7592197051272,556.394120758366,-92.93776983634197,-451.5752256533164,-311.4752062821029,-366.292021156075,-175.82631941139908,406.30621378507345
1781400042.0,8460.0,2026-06-14T01:20:42+00:00,0.11711659666666667,381.54452013457194,295.6917375999037,247.25509246625006,542.351274802655,-95.64427574341293,-442.6606740410609,-298.41012961207707,-350.5660392334816,-174.74375125055462,391.70387598920524
1781400102.0,8520.0,2026-06-14T01:21:42+00:00,0.11781104111111111,375.3619285200257,298.15459272940643,219.3593083024025,527.172879316472,-97.70020097027113,-433.1871396427338,-284.1035330039646,-333.2102554477221,-173.21202307532982,375.54158128412996
1781400162.0,8580.0,2026-06-14T01:22:42+00:00,0.11850548555555555,367.3149282615632,299.1888518919004,191.27937710192055,510.90314710783446,-99.13728696144126,-423.15011510136486,-268.5848174195929,-314.25929220579303,-171.21034240752002,357.8713233621636
1781400222.0,8640.0,2026-06-14T01:23:42+00:00,0.11919993,357.3594528394751,298.8079483668116,163.2676197933033,493.6074191236218,-100.02675201948149,-412.54859382240323,-251.8860671602814,-293.7459058119768,-168.76611660542906,338.77523418245323
1781400282.0,8700.0,2026-06-14T01:24:42+00:00,0.11989437444444444,345.47600466327276,297.0896359986509,135.60437075514346,475.39927112250285,-100.46506546704151,-401.41648893678735,-234.0428166258732,-271.70469247026926,-165.93611275708432,318.36807853064573
1781400342.0,8760.0,2026-06-14T01:25:42+00:00,0.1205888188888889,331.6892704864731,294.18465594178997,108.54513647034764,456.4476208710091,-100.53544065642122,-389.83253635276793,-215.09916171754722,-248.1847598716039,-162.75841077900094,296.79281546532036
1781400402.0,8820.0,2026-06-14T01:26:42+00:00,0.12128326333333334,316.0627621078165,290.28804161679,82.28580073546618,436.95968887256663,-100.28906597169649,-377.9017107548305,-195.10553542815592,-223.2497090565256,-159.22757813178,274.2149781312747
1781400462.0,8880.0,2026-06-14T01:27:42+00:00,0.12197770777777778,298.6828131285729,285.6024401180912,56.93684115726501,417.1594186168802,-99.72615072383837,-365.734375607532,-174.11215322759176,-196.97295054597822,-155.2689569837083,250.81226495049447
1781400522.0,8940.0,2026-06-14T01:28:42+00:00,0.12267215222222222,279.635363192152,280.2749604547862,32.5406175898388,397.25166028434273,-98.80101299396974,-353.39832623378015,-152.17379684162117,-169.44375963432884,-150.74473715553893,226.79321740102532
1781400582.0,9000.0,2026-06-14T01:29:42+00:00,0.12336659666666666,259.00217226195673,274.389261898119,9.165414617396891,377.4329041121291,-97.49548346270713,-340.90308870182594,-129.36503362363285,-140.7739206693205,-145.5464450467556,202.4871956602698
1781400642.0,9060.0,2026-06-14T01:30:42+00:00,0.1240610411111111,236.8939395024936,268.0370607743971,-13.069041123613715,357.9572661051591,-95.8499066745409,-328.26063929896645,-105.78824336851102,-111.10178807071972,-139.63371931428753,178.44097870739319
1781400702.0,9120.0,2026-06-14T01:31:42+00:00,0.12475548555555556,213.4658522409154,261.3495168001391,-34.05424213223159,339.162101968671,-93.92039842768926,-315.52651684978343,-81.56535622207888,-80.5896402928485,-132.978774728049,155.4929086830133
1781400762.0,9180.0,2026-06-14T01:32:42+00:00,0.12544993,188.90164711646503,254.46012720791623,-53.736408868804574,321.43644824459113,-91.73645660733428,-302.7807024012519,-56.83008923653851,-49.42326440680737,-125.51104727362471,134.891371304273
1781400822.0,9240.0,2026-06-14T01:33:42+00:00,0.12614437444444446,163.39023723686114,247.47412948030978,-72.10405032429844,305.1865142163458,-89.30223974157413,-290.0994904073991,-31.72072038951192,-17.80522135173053,-117.11504456199602,118.46079338811822
1781400882.0,9300.0,2026-06-14T01:34:42+00:00,0.1268388188888889,137.1130002507707,240.46220251452178,-89.16293754708022,290.81278360472265,-86.61077741053896,-277.5427849646709,-6.3758025631115895,14.050148409900874,-107.64334449470714,108.55641982096884
1781400942.0,9360.0,2026-06-14T01:35:42+00:00,0.12753326333333334,110.23781037982553,233.4737242879346,-104.91579435765743,278.69280341608237,-83.66086890051204,-265.1542555005897,19.072453451363746,45.92475587430912,-96.93011509982304,107.25917403830701
1781401002.0,9420.0,2026-06-14T01:36:42+00:00,0.12822770777777778,82.91970635508187,226.55415518395603,-119.36165098194033,269.16475745955967,-80.46253891889903,-252.9720112854086,44.50402223623573,77.60009197073276,-84.78735007730695,114.93767444575337
1781401062.0,9480.0,2026-06-14T01:37:42+00:00,0.12892215222222222,55.305866033770144,219.75101842358708,-132.50234301853925,262.4997520405527,-77.0346800159604,-241.0360058005713,69.80989760698152,108.84716813338306,-70.98890628821607,129.95049375302153
1781401122.0,9540.0,2026-06-14T01:38:42+00:00,0.12961659666666667,27.541232446441427,213.11780373938382,-144.34952060412616,258.87159337016584,-73.40454480490911,-229.3952608886105,94.88987795249247,139.41051935848984,-55.25125387237215,149.95997453411755
1781401182.0,9600.0,2026-06-14T01:39:42+00:00,0.1303110411111111,-0.22886941977776587,206.70753843244165,-154.93770946376026,258.32876850998855,-69.59837086827942,-218.11403579666072,119.6498508183845,168.97939018433553,-37.195389328169725,173.0246551631993
1781401242.0,9660.0,2026-06-14T01:40:42+00:00,0.13100548555555555,-27.863461568718776,200.55591897387058,-164.32712505105883,260.7727998729767,-65.63005827831611,-207.2664855810982,143.99914082673124,197.1401803914638,-16.294968768835687,197.81247870636525
1781401302.0,9720.0,2026-06-14T01:41:42+00:00,0.13169993,-55.23185917874798,194.66815926507115,-172.59489817125723,265.960992205133,-61.496107623864845,-196.92765660361056,167.84807471777344,223.29872343298558,8.183702535045226,223.44863587407082
1781401362.0,9780.0,2026-06-14T01:42:42+00:00,0.13239437444444443,-82.21835626382381,189.01216380670667,-179.81861605215818,273.5327966671124,-57.1753223307317,-187.16276920984163,191.10539288730797,246.54495613209235,37.254672986316756,249.34379088618337
1781401422.0,9840.0,2026-06-14T01:43:42+00:00,0.13308881888888888,-108.72121475823224,183.52527375426143,-186.0555422916077,283.05210379452484,-52.6384585427083,-178.0181018679242,213.6755520692422,265.4120157271811,72.28615542945819,275.0796727479826
1781401482.0,9900.0,2026-06-14T01:44:42+00:00,0.13378326333333332,-134.65098256990314,178.1329850461334,-191.33139403816313,294.0577321089741,-47.86082397102968,-169.51894713558593,235.46256157599603,277.4409043658059,115.04255265249408,300.34687335831904
1781401542.0,9960.0,2026-06-14T01:45:42+00:00,0.1344777077777778,-159.9239216176793,172.77107898145914,-195.63562462874688,306.1026038142688,-42.836652866339605,-161.66927830502905,256.37252131500935,278.396662049623,167.51324384380862,324.9082767542977
1781401602.0,10020.0,2026-06-14T01:46:42+00:00,0.13517215222222223,-184.44960940349847,167.4069937253371,-198.93228084989823,318.7801943681586,-37.592359864498384,-154.46071277107475,276.314159990889,288.0173181892633,-196.34216053556048,348.5745538341936
1781401662.0,10080.0,2026-06-14T01:47:42+00:00,0.13586659666666667,-208.1230193004012,162.04289393126965,-201.18436320777982,331.7351935439708,-32.18446203414684,-147.8864707215614,295.1982229227491,312.37872322197654,-200.49287593028356,371.1844016396544
1781401722.0,10140.0,2026-06-14T01:48:42+00:00,0.13656104111111111,-230.82789362687618,156.69949854537845,-202.37174509098986,344.6600825911903,-26.683264071285464,-141.94721356901778,312.936997669275,335.1901220121613,-204.38938649387805,392.5906764123053
1781401782.0,10200.0,2026-06-14T01:49:42+00:00,0.13725548555555556,-252.44648138433695,151.40277603827417,-202.48868244663754,357.28656996086966,-21.16067396551814,-136.6417820964596,329.4464180063764,356.2872561885425,-208.19434561544793,412.6566302249422
1781401842.0,10260.0,2026-06-14T01:50:42+00:00,0.13794993,-272.8635110151954,146.1855050912127,-201.54108804173302,369.38260342273594,-15.691615239124115,-131.9617082463098,344.64966049491665,375.5092666120664,-212.07678926472317,431.25836091183874
1781401902.0,10320.0,2026-06-14T01:51:42+00:00,0.13864437444444444,-291.96633967058733,141.0889997202903,-199.54936646437272,380.7497852908723,-10.35642226426343,-127.89139339245047,358.4786395492305,392.69667072239446,-216.21516471392664,448.2852581211244
1781401962.0,10380.0,2026-06-14T01:52:42+00:00,0.13933881888888888,-309.6438137376681,136.1633525127545,-196.55815082765184,391.2222598604357,-5.24443558726388,-124.41454680596809,370.8751448247009,407.68761030540844,-220.80108798556444,463.6402787206301
1781402022.0,10440.0,2026-06-14T01:53:42+00:00,0.14003326333333332,-325.7896269764751,131.45142385642976,-192.6504194040317,400.66512448165844,-0.4460088522456248,-121.52844548302751,381.7894445770933,-374.85493687752694,295.36258370393955,477.237131365238
1781402082.0,10500.0,2026-06-14T01:54:42+00:00,0.14072770777777777,-340.31292492570356,126.9636261370033,-187.93777186749503,408.96608090141524,3.9677025315276118,-119.2428871432698,391.17597897905443,-416.2821527486028,256.5646164575105,488.995125860167
1781402142.0,10560.0,2026-06-14T01:55:42+00:00,0.1414221522222222,-353.143090239726,122.67526451870799,-182.53883546730503,416.02847157683584,7.9487247267838645,-117.56797619709678,398.9915762402695,-446.23011975530164,222.97637023875862,498.8384322219799
1781402202.0,10620.0,2026-06-14T01:56:42+00:00,0.14211659666666668,-364.2340087876655,118.53428696654737,-176.5696237157099,421.7743737631631,11.468656833198173,-116.51063914995609,405.20039886285826,-468.0249649267575,194.1672037976141,506.70333611026956
1781402262.0,10680.0,2026-06-14T01:57:42+00:00,0.14281104111111112,-373.568651012145,114.46984977088869,-170.1349762743339,426.1487928851515,14.516974589328147,-116.07113251825542,409.7798717874929,-483.72793383391723,169.44278593660704,512.5461654106773
1781402322.0,10740.0,2026-06-14T01:58:42+00:00,0.14350548555555556,-381.15824056090787,110.40381275676191,-163.32282318500802,429.12113766608894,17.095919083611715,-116.2395022316389,412.7239494667905,-494.63710086969286,148.1509867312508,516.3473408726126
1781402382.0,10800.0,2026-06-14T01:59:42+00:00,0.14419993,-387.03698994778097,106.25984294060618,-156.20756904873997,430.6850246267193,19.212190399872714,-116.99820050132624,414.04335915119856,-501.5993077412285,129.75829441348853,518.1110696516503
1781402442.0,10860.0,2026-06-14T02:00:42+00:00,0.14489437444444445,-391.25656742369756,101.95356000866741,-148.85140743572265,430.851449395509,20.88160884164296,-118.33184070135988,413.7565773913733,-505.1871712823923,113.83607309638428,517.8539654828478
1781402502.0,10920.0,2026-06-14T02:01:42+00:00,0.1455888188888889,-393.86844191420823,97.38243773626164,-141.2863407889381,429.62485822972445,22.138628538841814,-120.22209551759599,411.8665411085101,-505.78151602467943,100.02033940690166,515.5763864329851
1781402562.0,10980.0,2026-06-14T02:02:42+00:00,0.14628326333333333,-394.9063185970299,92.43263605469838,-133.5159237831831,426.99097716410347,23.02517558276137,-122.64670043137161,408.34902074357467,-503.6160980651129,88.0022189478987,511.24706822639416
1781402622.0,11040.0,2026-06-14T02:03:42+00:00,0.14697770777777777,-394.3990026060492,86.97417770605534,-125.52172138914466,422.93118043575953,23.59576501721468,-125.59377792663422,403.1627787930734,-498.83006395320723,77.50876362367656,504.8158487429171
1781402682.0,11100.0,2026-06-14T02:04:42+00:00,0.1476721522222222,-392.3803670979105,80.87115916144103,-117.23908557463437,417.42963485404647,23.934955684189774,-129.04836852702826,396.25892612191177,-491.5077199380317,68.27016448157069,496.22641416698417
1781402742.0,11160.0,2026-06-14T02:05:42+00:00,0.14836659666666666,-388.8810185287148,74.01422347640619,-108.55187993776053,410.4754103314448,24.14931614278681,-132.9723619403415,387.5889884615023,-481.70090029036805,60.0199022827789,485.4257368646469
1781402802.0,11220.0,2026-06-14T02:06:42+00:00,0.1490610411111111,-383.9197853822261,66.35728226369247,-99.314517990686,402.0709688613196,24.343836156095986,-137.29043779352259,377.1203751227826,-469.4531223217243,52.51800129879585,472.3815984117461
1781402862.0,11280.0,2026-06-14T02:07:42+00:00,0.14975548555555557,-377.4942874996923,57.9411845151335,-89.40297476388514,392.2397351806023,24.582756324594826,-141.8878511530494,364.8500180090507,-454.81688009861944,45.59459807689894,457.0965563165357
1781402922.0,11340.0,2026-06-14T02:08:42+00:00,0.15044993,-369.5901434926782,48.88217970170081,-78.78439351450652,381.0424153828238,24.847969261600902,-146.63473398514236,350.81926334432876,-437.8716549432398,39.198252913370204,439.6226668794413
1781402982.0,11400.0,2026-06-14T02:09:42+00:00,0.15114437444444445,-360.2217426644638,39.29802779620513,-67.53585547674447,368.5988750008201,25.053338878783894,-151.4447074605887,335.1148481417554,-418.73469437308773,33.37371018444396,420.06255344079227
1781403042.0,11460.0,2026-06-14T02:10:42+00:00,0.1518388188888889,-349.46443587588146,29.254855317180045,-55.775606472976506,355.0945744151909,25.111384082882385,-156.29610774240362,317.8570462851539,-397.56224864777494,28.17381574042774,398.55928723748343
1781403102.0,11520.0,2026-06-14T02:11:42+00:00,0.15253326333333334,-337.4430670007132,18.78784636792261,-43.56046045664698,340.7613833068348,25.006468540458975,-161.19065771398303,299.18316922924686,-374.5424920422554,23.563812230648256,375.28300200257434
1781403162.0,11580.0,2026-06-14T02:12:42+00:00,0.15322770777777778,-324.27605561050586,7.975673846616701,-30.886364560574293,325.84127904761266,24.77343312167304,-166.08528729133388,279.23913316028126,-349.879942722578,19.445151718376938,350.4198742150695
1781403222.0,11640.0,2026-06-14T02:13:42+00:00,0.15392215222222222,-310.04999491223134,-3.0508312775637023,-17.75421861000359,310.57288869927237,24.443672916575792,-170.89195272111715,258.1742948949829,-323.7796412755873,15.720994286272004,324.16107996781017
1781403282.0,11700.0,2026-06-14T02:14:42+00:00,0.15461659666666666,-294.8216077868128,-14.137600044719875,-4.199163804762065,295.1902524299964,24.03058870554818,-175.50122515443715,236.13372462535142,-296.43605977486584,12.31291729457182,296.6916673369018
1781403342.0,11760.0,2026-06-14T02:15:42+00:00,0.1553110411111111,-278.628976470849,-25.126653988612816,9.70443033427,279.9279036430079,23.532265255402244,-179.79595341982147,213.25871345334497,-268.03501617159037,9.157786952872685,268.1914147693377
1781403402.0,11820.0,2026-06-14T02:16:42+00:00,0.15600548555555555,-261.49769739538897,-35.871875390876085,23.83464444987476,265.02061705309063,22.924914469892784,-183.6575603906604,189.68467589950416,-238.75033944782862,6.2154343198096855,238.83122955392005
1781403462.0,11880.0,2026-06-14T02:17:42+00:00,0.15669993,-243.45637591903505,-46.26996116805822,38.018904698081315,250.71368809174723,22.153593340812982,-186.98711751866108,165.53667140763176,-208.7366204433048,3.4789953671294684,208.76561048902857
1781403522.0,11940.0,2026-06-14T02:18:42+00:00,0.15739437444444446,-224.56516429543262,-56.27427858253941,52.0786863733083,237.2941150121286,21.16309002478174,-189.72989665060118,140.9368190252089,-178.14364355600677,0.9374025943997822,178.14610987342266
1781403582.0,12000.0,2026-06-14T02:19:42+00:00,0.1580888188888889,-204.91248460463248,-65.85848069237545,65.85929312650114,225.08645520571454,19.923199319491843,-191.85220502937372,116.01598972261148,-147.1356198129945,-1.4543829655389573,147.14280766508605
1781403642.0,12060.0,2026-06-14T02:20:42+00:00,0.15878326333333334,-184.60934725531843,-74.99972904659808,79.21623270120472,214.43129896185698,18.41492257682456,-193.32683020610673,90.91979610303815,-115.89651576712681,-3.757738281315081,115.95741875339729
1781403702.0,12120.0,2026-06-14T02:21:42+00:00,0.15947770777777778,-163.78589213849045,-83.68239335762337,92.01187898591161,205.65686785560865,16.623155284899145,-194.13477945576017,65.80353645676487,-84.62290357317002,-6.04304662195385,84.83840063101813
1781403762.0,12180.0,2026-06-14T02:22:42+00:00,0.16017215222222222,-142.57801066315733,-91.90450079832226,104.12203836813569,199.03850196780456,14.538409932593126,-194.26529219802345,40.81612609540734,-53.50524453593932,-8.396646408303527,54.16008552205896
1781403822.0,12240.0,2026-06-14T02:23:42+00:00,0.16086659666666667,-121.1137002571486,-99.67666032584384,115.4400988239795,194.75723714455964,12.16071646263277,-193.71022165847353,16.088766898763023,-22.716229562207936,-10.93118463907015,25.209480025109066
1781403882.0,12300.0,2026-06-14T02:24:42+00:00,0.1615610411111111,-99.50927830953151,-107.02465540729463,125.86131151672453,192.86638657745402,9.485542406895107,-192.4554993734508,-8.267304131735239,7.593214012259865,-13.77403677307125,15.72834982005101
1781403942.0,12360.0,2026-06-14T02:25:42+00:00,0.16225548555555555,-77.89335641311482,-114.01160513423383,135.27997446246445,193.30466256443486,6.482542387805825,-190.50120529589256,-32.155248314272356,37.29072129171135,-17.047759086163193,41.00273142506428
1781404002.0,12420.0,2026-06-14T02:26:42+00:00,0.16294993,-56.42734322557226,-120.73249701503664,143.6373725309968,195.93895908315608,3.1200689164809874,-187.89364581284067,-55.48259835034697,66.24145078630663,-20.908224917695552,69.46282222515602
1781404062.0,12480.0,2026-06-14T02:27:42+00:00,0.16364437444444443,-35.2820127052255,-127.26238515134901,150.9561221068725,200.56990276830416,-0.5863518860580011,-184.7151327356745,-78.1553697860541,94.27897751637076,-25.615829150047645,97.69696159337184
1781404122.0,12540.0,2026-06-14T02:28:42+00:00,0.16433881888888888,-14.591335385572165,-133.60312115959823,157.31749549508095,206.90938944563476,-4.546261305539583,-181.0394975064203,-100.07760634392665,121.17680006884429,-31.587007402085597,125.22601930726725
1781404182.0,12600.0,2026-06-14T02:29:42+00:00,0.16503326333333332,5.5819489299319685,-139.66657544858754,162.80205150181428,214.57497157075835,-8.597978645830063,-176.8891675163764,-121.15574936073371,146.61979312802114,-39.41620955300074,151.82556211794437
1781404242.0,12660.0,2026-06-14T02:30:42+00:00,0.1657277077777778,25.23589016124606,-145.33293681405485,167.36898618470877,223.09390447012615,-12.596925633076184,-172.18001011261072,-141.3019879334392,170.18879433598846,-49.80947873715783,177.32797266535462
1781404302.0,12720.0,2026-06-14T02:31:42+00:00,0.16642215222222223,44.32801140099764,-150.58621800038964,170.86830534646288,232.0283590822465,-16.522229903398944,-166.8018405951691,-160.44102128658668,191.34312210693423,-63.52292340640023,201.6118850061289
1781404362.0,12780.0,2026-06-14T02:32:42+00:00,0.16711659666666667,62.70566832832992,-155.534860256128,173.1884061228484,241.07533596527136,-20.458442085698394,-160.7385271206726,-178.49900744057763,209.28639494530265,-81.47022692328783,224.5844896339309
1781404422.0,12840.0,2026-06-14T02:33:42+00:00,0.16781104111111111,80.16552779218182,-160.26294186338782,174.35028745885938,250.0174896240133,-24.447282254466092,-154.07402239929473,-195.37725335863868,222.61891373478912,-104.97071807489993,246.1260498314179
1781404482.0,12900.0,2026-06-14T02:34:42+00:00,0.16850548555555556,96.5357012534514,-164.7654184764251,174.42132813902572,258.63020792627606,-28.450421934883966,-146.89036733396287,-210.9582374030683,228.8279980217795,-135.79029513683201,266.08505582238826
1781404542.0,12960.0,2026-06-14T02:35:42+00:00,0.16919993,111.68454961385578,-169.0151530187577,173.42184983124025,266.67339306967455,-32.41929824580343,-139.20548758398178,-225.13444849477986,195.26680322260177,206.66205488861928,284.32082120653945
1781404602.0,13020.0,2026-06-14T02:36:42+00:00,0.16989437444444444,125.47251151874661,-173.06929075717926,171.35192077874672,273.9668069394191,-36.38414982059891,-131.0145982113741,-237.84276319014916,204.6403365929175,220.40899216407428,300.7620175282203
1781404662.0,13080.0,2026-06-14T02:37:42+00:00,0.17058881888888888,137.75838067103177,-177.04333286173642,168.29525096458383,280.4371670323475,-40.41435178075818,-122.36662126323377,-249.0744764601347,212.04762582462797,233.50029931163138,315.4149416189456
1781404722.0,13140.0,2026-06-14T02:38:42+00:00,0.17128326333333332,148.44876337051392,-181.029542921111,164.42509306484135,286.08450147787266,-44.544179352432096,-113.35755039937153,-258.86333042575814,217.40897467504223,246.0428821268218,328.3348323198839
1781404782.0,13200.0,2026-06-14T02:39:42+00:00,0.17197770777777777,157.50773285422474,-185.067976847291,159.94852333160816,290.9336214314001,-48.76229468345428,-104.09221947632231,-267.26283045138615,220.70030847429808,258.09900347561086,339.59346541968927
1781404842.0,13260.0,2026-06-14T02:40:42+00:00,0.1726721522222222,164.9407731499523,-189.15033742971718,155.06984948948957,295.0084185540691,-53.028088546681175,-94.66799997192109,-274.3281950951716,221.92181706291342,269.6884468420397,349.25800098004464
1781404902.0,13320.0,2026-06-14T02:41:42+00:00,0.17336659666666668,170.7808014554903,-193.2262306837365,149.97332319431007,298.31938596070006,-57.282095651696565,-85.17152908578254,-280.10538765062824,221.0793833726894,280.79008694104925,357.3781843884858
1781404962.0,13380.0,2026-06-14T02:42:42+00:00,0.17406104111111112,175.08534621819854,-197.2096137329936,144.8147448853124,300.86179642031834,-61.44751540545367,-75.67970870432774,-284.63064677962166,-221.58463385639618,-288.7650490138845,363.9848945949052
1781405022.0,13440.0,2026-06-14T02:43:42+00:00,0.17475548555555556,177.93227625079453,-200.99471916630864,139.7039014515467,302.61518822642694,-65.43503878994157,-66.24749793025312,-287.9331117844139,-253.30992378729667,-268.44760304112475,369.09352888888657
1781405082.0,13500.0,2026-06-14T02:44:42+00:00,0.17544993,179.39736026711762,-204.47253544069827,134.7103225667961,303.54456283453317,-69.16181580181863,-56.91274738650687,-290.0291089637776,-275.35328432725373,-251.17164465340002,372.7017926810915
1781405142.0,13560.0,2026-06-14T02:45:42+00:00,0.17614437444444445,179.54313715174794,-207.54849506169558,129.87805100902915,303.61229229820395,-72.5679739907471,-47.70101663294667,-290.9276992615719,-290.59911549560786,-236.70398065668957,374.80210829923584
1781405202.0,13620.0,2026-06-14T02:46:42+00:00,0.1768388188888889,178.431696950458,-210.14203486405313,125.25131927104667,302.79603410970014,-75.61371913326144,-38.644990589744985,-290.64509019372315,-300.8641657844447,-224.51226780530698,375.39979308498783
1781405262.0,13680.0,2026-06-14T02:47:42+00:00,0.17753326333333333,176.15226853545755,-212.1696020248346,120.86656185099855,301.08850444220866,-78.24848638611734,-29.78797554516727,-289.21296374548643,-307.31698336600135,-214.04941722959902,374.51419369832985
1781405322.0,13740.0,2026-06-14T02:48:42+00:00,0.17822770777777777,172.81906581204385,-213.5510883834213,116.71477317111567,298.48422928904694,-80.39636768681012,-21.155481017054818,-286.6735160770535,-310.7390999185216,-204.8156804665427,372.166966808106
1781405382.0,13800.0,2026-06-14T02:49:42+00:00,0.1789221522222222,168.53615705063567,-214.2336907638237,112.75021922122687,294.9798678318927,-81.98722788544377,-12.748084487125094,-283.0701383609552,-311.65879991987356,-196.39976739434016,368.38034176655884
1781405442.0,13860.0,2026-06-14T02:50:42+00:00,0.17961659666666666,163.38891310570762,-214.18320359429345,108.91096941195428,290.57181708835884,-82.96031225576247,-4.558505073736033,-278.4399172316171,-310.43760882477346,-188.47013678773382,363.17007232649297
1781405502.0,13920.0,2026-06-14T02:51:42+00:00,0.1803110411111111,157.4357647956349,-213.38758908910677,105.12881952896714,285.2583949853222,-83.27183832636673,3.429829788796496,-272.81200325309993,-307.32421835129804,-180.76986430728167,356.5472185095676
1781405562.0,13980.0,2026-06-14T02:52:42+00:00,0.18100548555555557,150.70881897723302,-211.8624867904,101.3535093870014,279.05446653222697,-82.9095212952097,11.236654609127356,-266.21634841493136,-302.4975582415792,-173.12422531336463,348.53517775465684
1781405622.0,14040.0,2026-06-14T02:53:42+00:00,0.18169993,143.2306032977067,-209.64019484631717,97.56341473665088,271.9974943107061,-81.88584889585954,18.874160190933303,-258.6911493248156,-296.101843578687,-165.4235560573568,339.17732039356446
1781405682.0,14100.0,2026-06-14T02:54:42+00:00,0.18239437444444445,135.00976823735982,-206.76070196786895,93.75947365071625,264.13720733174057,-80.23363123989822,26.354741704181826,-250.27276380936217,-288.2502261363647,-157.6063552187205,328.5239048729862
1781405742.0,14160.0,2026-06-14T02:55:42+00:00,0.1830888188888889,126.04824929125607,-203.25515426136553,89.97888635098934,255.5328136896833,-78.01055127903209,33.67631095956956,-240.99227963041113,-279.0287740431301,-149.65798840686418,316.6300210624401
1781405802.0,14220.0,2026-06-14T02:56:42+00:00,0.18378326333333334,116.37038656929508,-199.1325133254286,86.27863062452525,246.25155194644444,-75.27569317060419,40.81210918500397,-230.8847517650068,-268.51904034645673,-141.57934260518934,303.55754854903483
1781405862.0,14280.0,2026-06-14T02:57:42+00:00,0.18447770777777778,106.02835864154622,-194.38433105894364,82.70744467433542,236.36370787837038,-72.07258595494099,47.721505185515085,-219.99091503652625,-256.80655951627836,-133.36223332797545,289.3701682772659
1781405922.0,14340.0,2026-06-14T02:58:42+00:00,0.18517215222222222,95.09759912779555,-188.99133514415007,79.2785006519407,225.93441257378018,-68.41236998149306,54.35956172564809,-208.35341242122692,-243.98077136890043,-124.96475805380734,274.1218844842751
1781405982.0,14400.0,2026-06-14T02:59:42+00:00,0.18586659666666666,83.63873278792016,-182.94536637340207,75.95131265744567,215.0187121956052,-64.2713560303143,60.70954097851786,-196.00150770455502,-230.1170898402434,-116.30320156980082,257.8377585458118
1781406042.0,14460.0,2026-06-14T03:00:42+00:00,0.1865610411111111,71.65015098429285,-176.27275048304,72.68337594158947,203.68775082757054,-59.64385861335204,66.80920642514613,-182.9421763939282,-215.25686552635938,-107.31450678123232,240.52426389437787
1781406102.0,14520.0,2026-06-14T03:01:42+00:00,0.18725548555555555,59.093334888573736,-169.00516788368986,69.51471006777138,192.0600528882923,-54.60168931056749,72.70780361696204,-169.17238170896331,-199.4138091008407,-98.03127818921138,222.20710781502262
1781406162.0,14580.0,2026-06-14T03:02:42+00:00,0.18794993,45.96369561320171,-161.1326312929741,66.54322169534862,180.28972942299546,-49.25724584257476,78.41072501942483,-154.69281970844415,-182.5995527661155,-88.53744677658312,202.9321959475669
1781406222.0,14640.0,2026-06-14T03:03:42+00:00,0.18864437444444446,32.30458122433629,-152.6020280488301,63.85883347596973,168.549445402847,-43.71281356908816,83.88331476868387,-139.50517903970214,-164.82948058112405,-78.90362140268819,182.74172796354395
1781406282.0,14700.0,2026-06-14T03:04:42+00:00,0.1893388188888889,18.191918147495016,-143.33826829562895,61.50806016288698,157.03517602396028,-38.03988320105086,89.07139919435232,-123.60946420273383,-146.1226694727548,-69.15966866579903,161.66290330130488
1781406342.0,14760.0,2026-06-14T03:05:42+00:00,0.19003326333333334,3.713340191529255,-133.27508298493922,59.480924299918115,145.9932087310675,-32.27038977464654,93.92415944015714,-107.00883707827768,-126.50945427450543,-59.28346069572958,139.71102581004584
1781406402.0,14820.0,2026-06-14T03:06:42+00:00,0.1907277077777778,-11.054897164693102,-122.38959316071123,57.74023756105453,135.77686952855174,-26.417351445300266,98.42361544412813,-89.72331784154684,-106.04535412975211,-49.22771159806815,116.91443333347303
1781406462.0,14880.0,2026-06-14T03:07:42+00:00,0.19142215222222225,-26.025748578016646,-110.69052517111413,56.27504927199334,126.87242853460504,-20.521388791153846,102.56457573668376,-71.80524721985736,-84.82247825774502,-38.97946420151343,93.35015504659161
1781406522.0,14940.0,2026-06-14T03:08:42+00:00,0.1921165966666667,-41.07776661624666,-98.18904967233539,55.09028902743012,119.84745441961194,-14.648489820370497,106.3224280722473,-53.33268571584653,-62.96185374229131,-28.555559950535468,69.1347599312698
1781406582.0,15000.0,2026-06-14T03:09:42+00:00,0.19281104111111114,-56.05346876895055,-84.88417802518234,54.1683787079528,115.24551310958165,-8.866372272970688,109.63585919426191,-34.393227725001736,-40.59793866577956,-17.96973981291516,44.397118970201966
1781406642.0,15060.0,2026-06-14T03:10:42+00:00,0.19350548555555558,-70.78585371980444,-70.79132135678083,53.43348741810769,113.47768874955833,-3.207957987974723,112.42532256684835,-15.081170220812513,-17.883443928518155,-7.186081051814947,19.273228261702986
1781406702.0,15120.0,2026-06-14T03:11:42+00:00,0.19419993000000002,-85.1310136988759,-55.96851774305105,52.76472076494247,114.73395412498765,2.330395597865223,114.62189520048918,4.502291212293742,5.007109308505236,3.8842305144813887,6.337064802962657
1781406762.0,15180.0,2026-06-14T03:12:42+00:00,0.19489437444444446,-98.99178721010685,-40.52498343959451,52.02498130034655,118.94640346446752,7.780226949282024,116.18753864081496,24.25223351237341,27.87877065262808,15.374401194428996,31.837054907593078
1781406822.0,15240.0,2026-06-14T03:13:42+00:00,0.1955888188888889,-112.3233954734169,-24.60742972837761,51.11142829153687,125.83500653838568,13.168406946461662,117.12994014796487,44.063806575716,50.52306069793354,27.425324963491775,57.486764664922674
1781406882.0,15300.0,2026-06-14T03:14:42+00:00,0.19628326333333335,-125.0985625013709,-8.360599536448717,49.97913119010627,134.97208422127935,18.48311780988814,117.47794358325676,63.833930213571094,72.72358524048855,40.14846639228734,83.06996571495158
1781406942.0,15360.0,2026-06-14T03:15:42+00:00,0.1969777077777778,-137.2763410769403,8.089578077662736,48.60905934777111,145.85292504307955,23.684235988130297,117.24646846471884,83.45896202225636,94.24541114617607,53.64429958681452,108.44311135462537
1781407002.0,15420.0,2026-06-14T03:16:42+00:00,0.19767215222222223,-148.806123056449,24.625031464267522,46.97925179172307,157.97691139092865,28.72851692131044,116.43247544043042,102.83411647373092,114.81795781395893,68.04133160287726,133.46455051009147
1781407062.0,15480.0,2026-06-14T03:17:42+00:00,0.1983665966666667,-159.64365099323913,41.12592802941799,45.05857095681131,170.90263917038266,33.58252138722194,115.02466866121026,121.85750667093752,134.11855801117377,83.52445009605502,158.0003840718274
1781407122.0,15540.0,2026-06-14T03:18:42+00:00,0.19906104111111114,-169.7631378644146,57.46700145211071,42.816586115863174,184.2694746291047,38.22370895294807,113.01663396956693,140.43300110784327,151.7461250228601,100.35306728173038,181.92752560375519
1781407182.0,15600.0,2026-06-14T03:19:42+00:00,0.19975548555555558,-179.15361347608268,73.5225518681109,40.23723368206993,197.78932688373808,42.630208111793635,110.41234555240321,158.46891535908256,167.1755743229376,118.8698164130638,205.1285107055563
1781407242.0,15660.0,2026-06-14T03:20:42+00:00,0.20044993000000003,-187.8080667583272,89.17396440543234,37.315166742075235,211.22567915921226,46.77516405088645,107.21700746634596,175.8774711958432,179.68121917774985,139.52028811981057,227.4890136297521
1781407302.0,15720.0,2026-06-14T03:21:42+00:00,0.20114437444444447,-195.7272387323901,104.30834613367915,34.04397277999669,224.3844360413498,50.63612079057838,103.43099606728639,192.57826321110477,188.2020185149261,162.891856070141,248.90511555021948
1781407362.0,15780.0,2026-06-14T03:22:42+00:00,0.2018388188888889,-202.926489636302,118.81029789149761,30.414906804449856,237.10781015627035,54.204274166051746,99.05182551716884,208.49639364015334,191.097459693202,189.72503324735155,269.2839158618717
1781407422.0,15840.0,2026-06-14T03:23:42+00:00,0.20253326333333335,-209.4339819746092,132.55417540762573,26.425490773515776,249.26192807237473,57.48502429322838,94.07834718093052,223.55367444993817,185.7315089093032,220.80537810817756,288.5328549805409
1781407482.0,15900.0,2026-06-14T03:24:42+00:00,0.2032277077777778,-215.2909352313727,145.40511663351208,22.084052408579737,260.7307808962902,60.49757595328545,88.51119213629875,237.66857654552683,248.09738248218278,-180.0730312301863,306.5593054711244
1781407542.0,15960.0,2026-06-14T03:25:42+00:00,0.20392215222222224,-220.55882925819606,157.22140091657639,17.416419591754675,271.41867611001453,63.27947470190529,82.3574052999662,250.76096908215408,260.89576372775224,-190.89727208662816,323.27754023625465
1781407602.0,16020.0,2026-06-14T03:26:42+00:00,0.20461659666666668,-225.31413525622338,167.8566580209881,12.48444118653424,281.2439838644993,65.88290079973676,75.64239335560981,262.74674150143505,272.18381070283067,-201.4115408724477,338.6009976437282
1781407662.0,16080.0,2026-06-14T03:27:42+00:00,0.20531104111111112,-229.62348009459674,177.17537484597415,7.39965058825328,290.1255088602058,68.35320683345512,68.41761145078215,273.53186368382404,281.86849230113046,-211.5565057696286,352.4287191554731
1781407722.0,16140.0,2026-06-14T03:28:42+00:00,0.20600548555555556,-233.52752988785505,185.07332361489534,2.311700516816927,297.98084886224865,70.7146684033853,60.754936407563264,283.0209526932211,289.84245485516163,-221.274323745721,364.65185449356017
1781407782.0,16200.0,2026-06-14T03:29:42+00:00,0.20669993000000003,-237.03056706860662,191.49370914883912,-2.6135450580623,304.729652292349,72.9597963534634,52.73791572628199,291.128393234196,295.98385738325493,-230.52504330780584,375.1642832460691
1781407842.0,16260.0,2026-06-14T03:30:42+00:00,0.20739437444444447,-240.09902553725988,196.42711534444243,-7.229698261246085,310.295701297052,75.04823998483964,44.44135276189442,297.78540945335135,300.161404983824,-239.29059289037616,383.870885699464
1781407902.0,16320.0,2026-06-14T03:31:42+00:00,0.20808881888888892,-242.68003642372787,199.89226496918127,-11.43175147054717,314.6127820270747,76.92505985707777,35.918970614073466,302.9415213053931,302.2536268171969,-247.55803301128137,390.69455413732607
1781407962.0,16380.0,2026-06-14T03:32:42+00:00,0.20878326333333336,-244.71717235911638,201.91849219286814,-15.152074380079284,317.6273875075987,78.53527647253577,27.208686354693295,306.5600349542265,-366.4756868821404,148.91277896642833,395.5748283387619
1781408022.0,16440.0,2026-06-14T03:33:42+00:00,0.2094777077777778,-246.15609277132899,202.53277093311772,-18.3533207164146,319.29483192124087,79.82949140317054,18.336557525533067,308.6101305077936,-382.15488095575,112.81798397482497,398.4598480982084
1781408082.0,16500.0,2026-06-14T03:34:42+00:00,0.21017215222222224,-246.9569788146764,201.75740525498986,-21.01250000996515,319.58617791945807,80.77388625990939,9.32781146931768,309.0694037733784,-390.50363618339463,83.41106352717964,399.3125284676005
1781408142.0,16560.0,2026-06-14T03:35:42+00:00,0.21086659666666668,-247.09202413726598,199.6252484228462,-23.10576046910137,318.49424542209516,81.3444632822468,0.22308203367795265,307.9311820759944,-393.6685901318485,59.352771277202905,398.1177091196538
1781408202.0,16620.0,2026-06-14T03:36:42+00:00,0.21156104111111113,-246.53130791708827,196.19074821239337,-24.618733423762023,316.02939341592764,81.50884497231614,-8.923959952075435,305.2068947990721,-392.8918659381137,39.567361798423384,394.87921500127106
1781408262.0,16680.0,2026-06-14T03:37:42+00:00,0.21225548555555557,-245.2417657840997,191.51853242050856,-25.576480992138386,312.213113634501,81.2158437504342,-18.072617748379223,300.92257399034696,-388.9158896958255,23.279701727635747,389.61200414055935
1781408322.0,16740.0,2026-06-14T03:38:42+00:00,0.21294993,-243.21964065823704,185.6559513323009,-26.053125456906855,307.0874325222329,80.41636672076186,-27.222085369966816,295.118378357972,-382.21896668608144,9.936725180383506,382.34810971402266
1781408382.0,16800.0,2026-06-14T03:39:42+00:00,0.21364437444444445,-240.52227434329689,178.6157706566155,-26.13321029767394,300.72828710148184,79.1001028392265,-36.406480254587706,287.8458695018697,-373.1444825371666,-0.897701743055446,373.1455623699005
1781408442.0,16860.0,2026-06-14T03:40:42+00:00,0.21433881888888892,-237.2656007660553,170.3845574236475,-25.85939185973257,293.2483092239145,77.3133284893815,-45.66703096912988,279.1625733923552,-361.9606599174294,-9.614505262070463,362.08832905700694
1781408502.0,16920.0,2026-06-14T03:41:42+00:00,0.21503326333333336,-233.5969552109018,160.9471079860814,-25.20154917612672,284.7922525873275,75.15440265378541,-55.02585764564111,269.12933300901716,-348.8880801522549,-16.58929162503041,349.28225988295844
1781408562.0,16980.0,2026-06-14T03:42:42+00:00,0.2157277077777778,-229.65288040041924,150.32167546567507,-24.048955329693854,275.5275010656225,72.75413785084402,-64.45814287172306,257.8126976829798,-334.11651101372297,-22.181502165582703,334.85200009900643
1781408622.0,17040.0,2026-06-14T03:43:42+00:00,0.21642215222222225,-225.5089396322146,138.58673697221093,-22.248150964267552,265.6229390319658,70.23106094487324,-73.88072877814682,245.2851029592846,-317.80761045110114,-26.695921047877242,318.92687165121936
1781408682.0,17100.0,2026-06-14T03:44:42+00:00,0.2171165966666667,-221.16576032806188,125.86811979790218,-19.669299276545644,255.23314529460916,67.65458712424144,-83.18078925388957,231.61988601397664,-300.09221564924985,-30.349487855608526,301.6229920055393
1781408742.0,17160.0,2026-06-14T03:45:42+00:00,0.21781104111111113,-216.56403760565445,112.31833458738402,-16.240273895673454,244.49772425270822,65.03980113263322,-92.23574278904886,216.89059266259864,-281.07827897395214,-33.27221095308155,283.0407019010962
1781408802.0,17220.0,2026-06-14T03:46:42+00:00,0.21850548555555557,-211.61341184284538,98.08171714283526,-11.971302835270762,233.54565164230868,62.347164835634466,-100.94271358493256,201.16404005711132,-260.8488693097239,-35.51353391308957,263.25528239934255
1781408862.0,17280.0,2026-06-14T03:47:42+00:00,0.21919993000000002,-206.23684190958738,83.25659391953377,-6.930633099749684,222.5159074472781,59.5185877189236,-109.2435124959781,184.4904381277564,-239.46109903108237,-37.09254804614272,242.31688977396774
1781408922.0,17340.0,2026-06-14T03:48:42+00:00,0.21989437444444446,-200.40117968712002,67.90445115687908,-1.1942341234534979,211.5964874520557,56.51867520704318,-117.11911011019848,166.9186235921083,-216.9736733741367,-38.0488910208092,220.28457287195573
1781408982.0,17400.0,2026-06-14T03:49:42+00:00,0.2205888188888889,-194.11352308373898,52.09752042719629,5.188271092250943,201.05006748461957,53.351776830884354,-124.55779081633821,148.5263420794807,-193.48674993575165,-38.4611826650293,197.27236241474083
1781409042.0,17460.0,2026-06-14T03:50:42+00:00,0.22128326333333334,-187.39537347340956,35.94571721513057,12.182157308794558,191.20022369768554,50.0423257136652,-131.53433140129854,129.42955938280025,-169.14930174161893,-38.42390991184992,173.4585919826147
1781409102.0,17520.0,2026-06-14T03:51:42+00:00,0.2219777077777778,-180.26690130250063,19.589550305739976,19.7497892761603,182.40054923941256,46.61867038984872,-138.0107109676782,109.77114189129122,-144.14252382997972,-38.03125828567147,149.07529568264397
1781409162.0,17580.0,2026-06-14T03:52:42+00:00,0.22267215222222225,-172.74354570091236,3.1902903279988095,27.83879059460014,175.0014536953054,43.105274881527066,-143.94096854133375,89.71310744947407,-118.66944539234903,-37.36949203200291,124.41429260522135
1781409222.0,17640.0,2026-06-14T03:53:42+00:00,0.2233665966666667,-164.8355107094394,-13.081353492219932,36.38094542454928,169.30871386320953,39.52420210573668,-149.2752863945171,69.42742188612458,-92.94433444252817,-36.52041181551221,99.86185349841617
1781409282.0,17700.0,2026-06-14T03:54:42+00:00,0.22406104111111114,-156.5385188209766,-29.056725705973804,45.27948199957609,165.52592749647224,35.883644178037365,-153.95453555600008,49.08357908514506,-67.17566620427237,-35.54901484463645,76.00199067400804
1781409342.0,17760.0,2026-06-14T03:55:42+00:00,0.22475548555555558,-147.85071691137273,-44.59615871589631,54.39428217895329,163.7296240671916,32.16122027432179,-157.92873724876623,28.836776148879707,-41.548606491086936,-34.484603886401224,53.99513502671505
1781409402.0,17820.0,2026-06-14T03:56:42+00:00,0.22544993000000002,-138.7960164444521,-59.60838362574577,63.57859125174582,163.88938600433912,28.329780305307175,-161.18130522295942,8.817099259704953,-16.216035670954295,-33.35470851455503,37.08768519296657
1781409462.0,17880.0,2026-06-14T03:57:42+00:00,0.22614437444444446,-129.41525038867258,-74.03365668212064,72.71080804709345,165.87992935177598,24.382358175946802,-163.71794290958425,-10.866772335158018,8.692289099583025,-32.21583368804873,33.367886208250376
1781409522.0,17940.0,2026-06-14T03:58:42+00:00,0.2268388188888889,-119.75824349583127,-87.82942760642618,81.7019298011437,169.50295151445087,20.33665395454571,-165.560761408167,-30.1215099221692,33.0607104033506,-31.158819170370332,45.42997451535773
1781409582.0,18000.0,2026-06-14T03:59:42+00:00,0.22753326333333335,-109.86208605626598,-100.9527034512721,90.49227358680218,174.49922024371207,16.238025845957022,-166.72895174796452,-48.864721746004875,56.78019920088302,-30.312957755863046,64.36510257275052
1781409642.0,18060.0,2026-06-14T04:00:42+00:00,0.2282277077777778,-99.7450737725012,-113.3607110818848,99.01682885736227,180.5659518177235,12.132040019467695,-167.22676935802983,-67.02301224865069,79.74971306570366,-29.81347891781252,85.14023877841144
1781409702.0,18120.0,2026-06-14T04:01:42+00:00,0.22892215222222223,-89.43409216962755,-125.02088619256392,107.18810753244907,187.3978901241082,8.041501790123634,-167.0595222315014,-84.52466801892359,101.87098054400957,-29.774133632208297,106.13291530221231
1781409762.0,18180.0,2026-06-14T04:02:42+00:00,0.2296165966666667,-78.99347631912678,-135.90587378339842,114.90847418829799,194.71603239099807,3.9664313487132423,-166.2531833632479,-101.28415332140774,123.02919116183443,-30.28654532647178,126.70223638810654
1781409822.0,18240.0,2026-06-14T04:03:42+00:00,0.23031104111111114,-68.52899174485356,-145.9910496310331,122.10572039149702,202.28548201555006,-0.09593997279929033,-164.8708416493815,-117.20500246836572,143.09116774000904,-31.448597583009423,146.50630216866944
1781409882.0,18300.0,2026-06-14T04:04:42+00:00,0.23100548555555558,-58.14693882223219,-155.25341445347294,128.7667869385332,209.91801878907836,-4.11678671726004,-163.00491142917411,-132.20448377200955,161.92329817734546,-33.41768307666733,165.33570707757627
1781409942.0,18360.0,2026-06-14T04:05:42+00:00,0.23169993000000003,-47.89272500947118,-163.6705601895228,134.93147481046617,217.4586587747485,-8.014144274074866,-160.7417853383671,-146.23994055626912,179.4083090450701,-36.45305747472324,183.07421105569966
1781410002.0,18420.0,2026-06-14T04:06:42+00:00,0.23239437444444447,-37.717547070235014,-171.20560172060505,140.63456107955426,224.7488624833254,-11.660199133721603,-158.1131634803529,-159.2994616373384,195.41916576958118,-40.91802967773885,199.65704471114304
1781410062.0,18480.0,2026-06-14T04:07:42+00:00,0.2330888188888889,-27.517106076702476,-177.8184700096026,145.79943324113265,231.59031529152494,-14.955035685324805,-155.05356990269203,-171.37331036339816,209.78655778996043,-47.199852794862345,215.03075578441585
1781410122.0,18540.0,2026-06-14T04:08:42+00:00,0.23378326333333335,-17.29381177853793,-183.5544952210039,150.25287263235077,237.8387150485439,-17.939139848666738,-151.5034641724354,-182.46134379967725,222.3283126590482,-55.60508645530939,229.1763605818059
1781410182.0,18600.0,2026-06-14T04:09:42+00:00,0.2344777077777778,-7.165721385739744,-188.4915900118649,153.91244436614215,243.45321439434687,-20.683109763276313,-147.5217402026898,-192.55911491547258,232.76258744164053,-66.52787966442595,242.08341720401194
1781410242.0,18660.0,2026-06-14T04:10:42+00:00,0.23517215222222224,2.762267790734768,-192.6472594938241,156.76238066377118,248.3848640823382,-23.19461537226771,-143.18692659852144,-201.62974625338344,240.55764442516596,-80.59386385204384,253.69933224584244
1781410302.0,18720.0,2026-06-14T04:11:42+00:00,0.23586659666666668,12.409310922026634,-196.01441296562552,158.78535027755424,252.56371186412332,-25.462930991567355,-138.5516587499831,-209.62706302748893,244.82621070182574,-98.66568712686663,263.95982888089526
1781410362.0,18780.0,2026-06-14T04:12:42+00:00,0.23656104111111112,21.706137074157596,-198.58509491896257,159.95742840925232,255.91712567539628,-27.47583482350823,-133.64970072278527,-216.50960997474868,244.07843261141767,-121.85924706139497,272.8075463773252
1781410422.0,18840.0,2026-06-14T04:13:42+00:00,0.23725548555555556,30.579495506361127,-200.36332021467388,160.24734692531638,258.3791358246138,-29.234019455588903,-128.5005628943253,-222.2448093247309,235.76031753722555,-151.42195636879222,280.1991009903598
1781410482.0,18900.0,2026-06-14T04:14:42+00:00,0.23794993000000003,38.93683482892811,-201.37174389418215,159.62683696881868,259.89879458387094,-30.761839461072096,-123.11868726646267,-226.81023236376114,98.04946795893004,268.78315331855276,286.1085138105713
1781410542.0,18960.0,2026-06-14T04:15:42+00:00,0.23864437444444447,46.65926725137979,-201.65263271704316,158.09565428248607,260.45173718974837,-32.11063117149273,-117.53098630227807,-230.19661602582218,96.70288124523701,273.96580657323824,290.5317717779854
1781410602.0,19020.0,2026-06-14T04:16:42+00:00,0.23933881888888892,53.626204615458846,-201.25441926531494,155.70293425873388,260.04329414937393,-33.335802926392354,-111.78702174672163,-232.41106007311384,94.25632686112355,277.9395541944305,293.487054125305
1781410662.0,19080.0,2026-06-14T04:17:42+00:00,0.24003326333333336,59.7334369122982,-200.22781461803243,152.5416777111168,258.70489881521553,-34.4898332624693,-105.95146063466608,-233.48011491752086,90.68037936034675,280.73518630712175,295.0172470074093
1781410722.0,19140.0,2026-06-14T04:18:42+00:00,0.2407277077777778,64.89472561888397,-198.59941182937473,148.75480610819068,256.4781552733278,-35.61902234604487,-100.11797911563201,-233.42818946588918,85.9645117620559,282.3669491144744,295.16265216775787
1781410782.0,19200.0,2026-06-14T04:19:42+00:00,0.24142215222222224,69.081119235605,-196.32290122518316,144.52380224550143,253.38115951233175,-36.71983796242458,-94.41565102601761,-232.24846681336828,80.15182187425454,282.7767878703623,293.91669960729024
1781410842.0,19260.0,2026-06-14T04:20:42+00:00,0.24211659666666668,72.35867622308433,-193.29364051716402,139.99506322317757,249.39291733326604,-37.71166837695003,-88.95732789770288,-229.91574782412093,73.3817385110905,281.8385456451403,291.23503456534536
1781410902.0,19320.0,2026-06-14T04:21:42+00:00,0.24281104111111113,74.84301689546555,-189.4240223262459,135.23250946984626,244.4806107440447,-38.49011753176848,-83.79652753469884,-226.4231036252666,-191.6314499189759,-213.7698782429228,287.08913849542097
1781410962.0,19380.0,2026-06-14T04:22:42+00:00,0.24350548555555557,76.64796276856214,-184.678167860955,130.25717826979235,238.6375250706779,-38.975919993878584,-78.95629986393202,-221.79866713820903,-207.7394285898544,-189.9594618000696,281.49647834069134
1781411022.0,19440.0,2026-06-14T04:23:42+00:00,0.24419993,77.89107491634786,-179.05800483608618,125.07547401729971,231.88933319184002,-39.10237153986974,-74.45650457252906,-216.10158795102626,-215.8787367119933,-169.57008708515448,274.5134666977797
1781411082.0,19500.0,2026-06-14T04:24:42+00:00,0.24489437444444445,78.6898484537378,-172.5958081241697,119.66314998362213,224.27811907475564,-38.80514333224591,-70.29919700690967,-209.41074100164448,-218.55519071429543,-152.00853135736253,266.21976822464615
1781411142.0,19560.0,2026-06-14T04:25:42+00:00,0.24558881888888892,79.1309165423736,-165.3632659118157,113.9698604340665,215.8606975649309,-38.04404310863491,-66.45879509714553,-201.82101003464064,-217.34813309925997,-136.61839126253662,256.7192937683048
1781411202.0,19620.0,2026-06-14T04:26:42+00:00,0.24628326333333336,79.24582201521844,-157.45830870093778,107.95106952264905,206.7037800740744,-36.824220225120655,-62.8962793962609,-193.42824907399284,-213.26210232673967,-122.87472781107653,246.127859096582
1781411262.0,19680.0,2026-06-14T04:27:42+00:00,0.2469777077777778,79.02040227130055,-148.97688097087666,101.6105045164004,196.8832894559778,-35.20056508986961,-59.593008941637045,-184.31663834185494,-206.94535840730435,-110.41695746860073,234.55977034212503
1781411322.0,19740.0,2026-06-14T04:28:42+00:00,0.24767215222222225,78.45215653628111,-139.98819665261544,95.00347031466663,186.4861802897851,-33.23806589267359,-56.57590397323808,-174.56085902744482,-198.84275247806863,-98.99227236515065,222.12138618573098
1781411382.0,19800.0,2026-06-14T04:29:42+00:00,0.2483665966666667,77.58064886089414,-130.53911911393516,88.17921559792012,175.59838484503206,-30.967915909265287,-53.888199655249885,-164.2310655215285,-189.2892100104645,-88.3830042451339,208.90658310781183
1781411442.0,19860.0,2026-06-14T04:30:42+00:00,0.24906104111111113,76.45642640069127,-120.67221646173857,81.15591239370406,164.29744696801464,-28.400487448195577,-51.55771594243513,-153.391216566372,-178.54235832087454,-78.40134953346464,194.99780850934724
1781411502.0,19920.0,2026-06-14T04:31:42+00:00,0.24975548555555557,75.12413781695068,-110.42732730205171,73.93175153061748,152.65560776532126,-25.540652471491708,-49.60037756597208,-142.09578529584581,-166.79892923725498,-68.89226347743009,180.4661374378541
1781411562.0,19980.0,2026-06-14T04:32:42+00:00,0.25044993000000004,73.61053428286687,-99.84104203770403,66.48141142446548,140.73564757222226,-22.387714624651235,-48.01301482394722,-130.38429023073812,-154.2046249383444,-59.721625579222135,165.3654707434423
1781411622.0,20040.0,2026-06-14T04:33:42+00:00,0.2511443744444445,71.90496338810772,-88.95077004353516,58.78063413966447,128.59909098062892,-18.960074146067416,-46.77197942787519,-118.28196705253983,-140.85972752393346,-50.79942059597843,149.73992109989874
1781411682.0,20100.0,2026-06-14T04:34:42+00:00,0.2518388188888889,69.99638047488406,-77.79929071886,50.83313141204417,116.3453057286652,-15.293607485312478,-45.86635960630052,-105.82349829620684,-126.85721629937535,-42.07777568342089,133.65362895817978
1781411742.0,20160.0,2026-06-14T04:35:42+00:00,0.25253326333333337,67.89614159241319,-66.43835004934226,42.64453487191349,104.12731032182576,-11.412144709736136,-45.298577379466764,-93.06072531083295,-112.30420358138305,-33.51086091065946,117.1973205368719
1781411802.0,20220.0,2026-06-14T04:36:42+00:00,0.2532277077777778,65.62353221187368,-54.92194560277949,34.209544654004276,92.15834760992519,-7.325797791324676,-45.074505658293724,-80.04862685001456,-97.30742017289701,-25.045589700372577,100.47893104598661
1781411862.0,20280.0,2026-06-14T04:37:42+00:00,0.25392215222222225,63.19239880470559,-43.309139749297174,25.5030395463109,80.74259023971058,-3.0278320876761744,-45.19294600446294,-66.84157196613752,-81.9708058752687,-16.614525831956353,83.63764394375137
1781411922.0,20340.0,2026-06-14T04:38:42+00:00,0.2546165966666667,60.569390148390085,-31.66729811328696,16.481569830328226,70.30726091105859,1.496023438614374,-45.6132162071567,-53.481841384959466,-66.38079046490736,-8.143581128088215,66.87845136017798
1781411982.0,20400.0,2026-06-14T04:39:42+00:00,0.25531104111111114,57.65713292360306,-20.04853905958589,7.151567696593702,61.46083155891023,6.2099420388491025,-46.26203893665693,-39.98367403341153,-50.57736790105649,0.3805368426812158,50.57879943303772
1781412042.0,20460.0,2026-06-14T04:40:42+00:00,0.2560054855555556,54.363467884017155,-8.470432625967078,-2.4101716512814164,55.072168984308696,11.028839977022923,-47.088167462086346,-26.344125919452825,-34.569700637945616,8.909895507644514,35.69944593623718
1781412102.0,20520.0,2026-06-14T04:41:42+00:00,0.25669993,50.64309224754106,3.0694759467151016,-12.105306815356016,52.16016610474243,15.865158599847689,-48.074447700457576,-12.562927563747603,-18.369902872558757,17.390742606523084,25.296072026177892
1781412162.0,20580.0,2026-06-14T04:42:42+00:00,0.25739437444444446,46.484400047163945,14.578996970318258,-21.857140538282692,53.39551659938843,20.65989314913864,-49.21799514458101,1.3560833048673093,-2.0001462793569815,25.803033142161706,25.88043864532286
1781412222.0,20640.0,2026-06-14T04:43:42+00:00,0.2580888188888889,41.88194486350403,26.062978357775137,-31.613146827556193,58.58982163113379,25.379673544082472,-50.50990071068694,15.407442998772348,14.511025470313006,34.1584638677904,37.112942675126355
1781412282.0,20700.0,2026-06-14T04:44:42+00:00,0.25878326333333335,36.825338528025895,37.52046063868329,-41.307284286245704,66.85942161989895,29.981349148531507,-51.926445905945876,29.579472242724982,31.12902301875729,42.45689335039572,52.646024228513184
1781412342.0,20760.0,2026-06-14T04:45:42+00:00,0.2594777077777778,31.3380858162418,48.954222249099985,-50.846945754252374,77.22696026114387,34.395430436697474,-53.46241261021293,43.848924663507375,47.809400967081075,50.66589372638468,69.66183752905488
1781412402.0,20820.0,2026-06-14T04:46:42+00:00,0.26017215222222223,25.487842908129096,60.37060043332167,-60.13217133283615,88.93884169467695,38.53542846420643,-55.13667516692746,58.181486459247154,64.49704384066443,58.733357595596225,87.23231029060717
1781412462.0,20880.0,2026-06-14T04:47:42+00:00,0.2608665966666667,19.40471233939752,71.78301249002106,-69.08475836087018,101.4990028566641,42.309344242042336,-57.01388223135525,72.53539965847452,81.12891119464805,66.60340486749304,104.96625063120187
1781412522.0,20940.0,2026-06-14T04:48:42+00:00,0.2615610411111111,13.250302131753415,83.18021659133956,-77.71485211979598,114.60417609653965,45.68086294336186,-59.194734811051504,86.85251470260226,97.61070479127567,74.29120014249908,122.66634464457813
1781412582.0,21000.0,2026-06-14T04:49:42+00:00,0.26225548555555556,7.141750323120505,94.50368392467499,-86.11000414099544,128.05031700927148,48.679965472554635,-61.76126032567465,101.05786149899498,113.81133070507818,81.89644996854571,140.21429140537415
1781412642.0,21060.0,2026-06-14T04:50:42+00:00,0.26294993,1.1225432180799544,105.66129871364683,-94.37581970822066,141.67697588080264,51.36614036525372,-64.75123867351732,115.0702490175101,129.57931855531098,89.56082704935355,157.51806734156872
1781412702.0,21120.0,2026-06-14T04:51:42+00:00,0.26364437444444444,-4.817871412727982,116.54624051810242,-102.58775544539094,155.33990353793934,53.7899452669583,-68.1644839208234,128.8050098061474,144.7505300328229,97.42265007368425,174.48177180485843
1781412762.0,21180.0,2026-06-14T04:52:42+00:00,0.2643388188888889,-10.700772196054459,127.04900275194086,-110.77952117659152,168.90251015887662,55.972619801483795,-71.99114064002526,142.17031842081545,159.14504318496864,105.5932715237488,190.98974779142904
1781412822.0,21240.0,2026-06-14T04:53:42+00:00,0.2650332633333334,-16.53754954226315,137.05872735613957,-118.96931195724756,182.2423728909616,57.919776019941736,-76.23541984759785,155.06689776799098,172.5596533684071,114.17687413880122,206.9134905189424
1781412882.0,21300.0,2026-06-14T04:54:42+00:00,0.2657277077777778,-22.34572651889175,146.4587877341546,-127.1778239319101,195.25293057537237,59.64381416944353,-80.91070280887125,167.39110042223447,184.7586785514954,123.30268091408858,222.12456059764384
1781412942.0,21360.0,2026-06-14T04:55:42+00:00,0.26642215222222226,-28.164939670823514,155.12805060809478,-135.41785175539553,207.83640317849765,61.16652865805434,-86.02295766826491,179.0381998683587,195.4648652254566,133.13440445720107,236.49795599070092
1781413002.0,21420.0,2026-06-14T04:56:42+00:00,0.2671165966666667,-34.05514073185623,162.95005924627185,-143.6777236359194,219.89943767056266,62.50913064840994,-91.56211436158308,189.90721546862315,204.3494847043171,143.8671603324428,249.9129282791123
1781413062.0,21480.0,2026-06-14T04:57:42+00:00,0.26781104111111115,-40.08023173362017,169.82277798699215,-151.91231344640255,231.3515763414591,63.678962232232166,-97.5035183076912,199.90399086142742,211.0125176845768,155.72308614154474,262.2517152985482
1781413122.0,21540.0,2026-06-14T04:58:42+00:00,0.2685054855555556,-46.29302387405187,175.66523154312745,-160.05731882015243,242.11497876091855,64.66932147503873,-103.82195260290457,208.94627050531042,214.94484048755072,168.96672679434366,273.40636279321114
1781413182.0,21600.0,2026-06-14T04:59:42+00:00,0.26919993000000003,-52.73775002267212,180.41419766657054,-168.04529726877809,252.13047204032725,65.47138079541811,-110.49779647505432,216.96430628602727,215.4497526610145,183.93320168080305,283.2843423174731
1781413242.0,21660.0,2026-06-14T05:00:42+00:00,0.2698943744444445,-59.46205894835293,184.02344096405432,-175.81139756180346,261.36183881979156,66.08586522269773,-117.51397743400275,223.90429722689746,211.5125765386773,201.04582452268622,291.8167123247683
1781413302.0,21720.0,2026-06-14T05:01:42+00:00,0.2705888188888889,-66.52249664440751,186.46355150965974,-183.28176633268595,269.788999908132,66.52347747210537,-124.84415011541256,229.72738103763044,201.57912261491526,220.7734675447287,298.9566300417544
1781413362.0,21780.0,2026-06-14T05:02:42+00:00,0.27128326333333336,-73.97054718714207,187.7224137200974,-190.36574892885983,277.3994679686865,66.79302262626572,-132.45111150511656,234.4053327439814,183.2084291264541,243.4304239936319,304.6698210008703
1781413422.0,21840.0,2026-06-14T05:03:42+00:00,0.2719777077777778,-81.849495543167,187.8058313135989,-196.96765820146538,284.19470187431745,66.90483297894146,-140.2962419251345,237.92296316071779,161.96394874339077,-263.07944330053147,308.9386900015426
1781413482.0,21900.0,2026-06-14T05:04:42+00:00,0.27267215222222224,-90.20472682453692,186.7423252905719,-202.98781326168682,290.19586683683235,66.88029372485359,-148.33584419609113,240.28554839417797,160.16799744968836,-267.487425274844,311.7744538720397
1781413542.0,21960.0,2026-06-14T05:05:42+00:00,0.2733665966666667,-99.07122484501451,184.58337595686316,-208.31457483104896,295.4337359865403,66.7408160169181,-156.51623309512698,241.51485381663915,157.47206056508838,-270.7437476977861,313.20859946057885
1781413602.0,22020.0,2026-06-14T05:06:42+00:00,0.2740610411111111,-108.4592289403081,181.3951202891767,-212.83007910047309,299.9403883723642,66.49974498971189,-164.77977276370098,241.63949797417445,153.94820595959573,-272.843335855469,313.27868749552425
1781413662.0,22080.0,2026-06-14T05:07:42+00:00,0.0004697655555555556,-117.71738944295794,161.0248175621964,-103.91688023303868,224.91130172930698,73.98635307421713,-66.59058190255264,201.6849216134614,147.97622751913013,-224.08400749127213,268.5341809232893
1781413722.0,22140.0,2026-06-14T05:08:42+00:00,0.00116421,-121.39286980964243,156.7527587756049,-107.42112560546957,225.49269267701303,73.64422493636039,-75.92783390597106,199.14428594011895,143.68693470634446,-223.1469525534188,265.40628786670266
1781413782.0,22200.0,2026-06-14T05:09:42+00:00,0.0018586544444444443,-125.56637500226498,151.6254324419424,-110.23594735027291,225.63056172120747,73.15850211346614,-85.18034297434878,195.70716165208134,138.84397012856357,-221.20326062498714,261.16762921960185
1781413842.0,22260.0,2026-06-14T05:10:42+00:00,0.002553098888888889,-130.17933825869113,145.69569436716847,-112.26913980348036,225.34030979568547,72.52383426733896,-94.29794702151452,191.38036960332872,133.51748769435645,-218.22051602610273,255.82633393556495
1781413902.0,22320.0,2026-06-14T05:11:42+00:00,0.003247543333333333,-135.15836537256837,139.01821738411672,-113.4435604205355,224.64035678330356,71.73329574638032,-103.23281958554487,186.1735994643456,-242.1539399559115,59.65545931899663,249.3938741483673
1781413962.0,22380.0,2026-06-14T05:12:42+00:00,0.003941987777777778,-140.42038939055055,131.6567693608813,-113.69565228698775,223.55780465933583,70.78075158417039,-111.93508427656771,180.10750716524672,-239.3624204278747,34.91581866883177,241.89560290837323
1781414022.0,22440.0,2026-06-14T05:13:42+00:00,0.004636432222222222,-145.86183935962617,123.68580905429553,-112.96762747270986,222.11605164778612,69.6534192009054,-120.33994026880617,173.21154802531234,-232.8339329154369,15.731604977384146,233.36478678677
1781414082.0,22500.0,2026-06-14T05:14:42+00:00,0.005330876666666666,-151.33821490220726,115.1764452017378,-111.22976727690548,220.32006251717098,68.30869902772359,-128.37841771339856,165.51082577920442,-223.81460467293414,0.7968330255418581,223.81602312562964
1781414142.0,22560.0,2026-06-14T05:15:42+00:00,0.006025321111111112,-156.67896336968988,106.17870046535973,-108.51507820701227,218.16905416072922,66.67053707874332,-136.00621264153813,157.01938033861873,-212.9606096462204,-10.798199308969776,213.234196059652
1781414202.0,22620.0,2026-06-14T05:16:42+00:00,0.006719765555555556,-161.74438830278814,96.72340969229117,-104.9290630677715,215.70065694435488,64.65965207671152,-143.22743029798283,147.75590008450206,-200.64373690950902,-19.66972425355205,201.6055733684539
1781414262.0,22680.0,2026-06-14T05:17:42+00:00,0.00741421,-166.4698645491153,86.83956701355055,-100.60817753430456,213.01486236616418,62.23281616629613,-150.08108188430256,137.76094163922207,-187.122354115894,-26.266191048146325,188.95684216786583
1781414322.0,22740.0,2026-06-14T05:18:42+00:00,0.008108654444444445,-170.8599792867899,76.56764832674526,-95.67515031155199,210.26048530170493,59.39146272907064,-156.6140851347495,127.09899359009624,-172.61136077341388,-30.946112971839298,175.3634619187118
1781414382.0,22800.0,2026-06-14T05:19:42+00:00,0.00880309888888889,-174.9669083300978,65.95659280469408,-90.20632437523454,207.6074952940936,56.18372043841101,-162.86286871863803,115.84449772311699,-157.2982088352581,-34.03153714854241,160.93747861661402
1781414442.0,22860.0,2026-06-14T05:20:42+00:00,0.009497543333333334,-178.8404968585819,55.05634312223992,-84.21743184514344,205.20160832997786,52.68439509147631,-168.82886140348637,104.06185724009187,-141.32965774332206,-35.81875899475349,145.79799605539435
1781414502.0,22920.0,2026-06-14T05:21:42+00:00,0.010191987777777778,-182.48459456674755,43.910250892615295,-77.69484967179596,203.13844307064485,48.95574748412995,-174.47676402613774,91.79553723576755,-124.80041740523036,-36.55034178278243,130.04257637004096
1781414562.0,22980.0,2026-06-14T05:22:42+00:00,0.010886432222222223,-185.87778891902417,32.554707827890525,-70.62385463155806,201.48967779567286,45.0499995144157,-179.76366942718218,79.07977589769703,-107.7751266204069,-36.42645726173389,113.76451426822717
1781414622.0,23040.0,2026-06-14T05:23:42+00:00,0.011580876666666667,-188.977434810251,21.019375008239876,-62.99230056069791,200.30555389985818,41.01297295459397,-184.64039494230468,65.94069705503937,-90.29762796411646,-35.61723697157797,97.06827074505617
1781414682.0,23100.0,2026-06-14T05:24:42+00:00,0.01227532111111111,-191.73966257739812,9.32956968608778,-54.785794369876385,199.6312158470224,36.90135575575501,-189.0633326954379,52.401989600031314,-72.40517625861997,-34.28903932171285,80.11396736304972
1781414742.0,23160.0,2026-06-14T05:25:42+00:00,0.012969765555555554,-194.1005088891834,-2.4691303622093983,-45.97875939682126,199.48721881728747,32.78503011894226,-192.97078255236596,38.504147214084206,-54.15416251393759,-32.608392069009554,63.21376868145269
1781414802.0,23220.0,2026-06-14T05:26:42+00:00,0.01366421,-195.96857871115208,-14.30360580177512,-36.59136314410716,199.86796851358025,28.69932880715511,-196.29596084878938,24.319726935450245,-35.630842726190544,-30.684486665542046,47.02227849973195
1781414862.0,23280.0,2026-06-14T05:27:42+00:00,0.014358654444444443,-197.27387442952022,-26.088292429689318,-26.70611572265625,200.77548941871117,24.645210277254556,-199.00859339799956,9.94939774371295,-16.9491417645171,-28.57342309948861,33.222190086989855
1781414922.0,23340.0,2026-06-14T05:28:42+00:00,0.015053098888888889,-197.99321372783743,-37.73368064011447,-16.42166563216597,202.22466328087165,20.628267815867947,-201.1196749590765,-4.490584631667856,1.756176620763513,-26.330736654455375,26.38923737226213
1781414982.0,23400.0,2026-06-14T05:29:42+00:00,0.015747543333333332,-198.12824478466064,-49.146432885550894,-5.824539174325764,204.21581354884742,16.669727252647828,-202.6569851336191,-18.87763420802613,20.339104905243452,-24.027659823756615,31.48027358446343
1781415042.0,23460.0,2026-06-14T05:30:42+00:00,0.016441987777777778,-197.69086721015628,-60.23091096919961,5.00279557518661,206.72317136221184,12.791440709964963,-203.65696172522624,-33.08610831547866,38.64931057634573,-21.733442899242288,44.340858677764174
1781415102.0,23520.0,2026-06-14T05:31:42+00:00,0.01713643222222222,-196.70150825481687,-70.88489881984424,15.991281172260642,209.69471453508228,9.023534153941108,-204.1637684669477,-46.98515489701922,56.52793198498915,-19.52436013854364,59.80474674571502
1781415162.0,23580.0,2026-06-14T05:32:42+00:00,0.017830876666666665,-195.16923957120162,-81.00050482107326,27.079288518056273,213.0384982173737,5.397461520735507,-204.21334708271536,-60.44152550292335,73.81207785804456,-17.4753388668081,75.85255635924082
1781415222.0,23640.0,2026-06-14T05:33:42+00:00,0.01852532111111111,-193.09685262897983,-90.47905640024692,38.19672499038279,216.6375866332709,1.9313343152296625,-203.8398176940577,-73.33104807995102,90.35134788833805,-15.643408305697221,91.69559579749861
1781415282.0,23700.0,2026-06-14T05:34:42+00:00,0.019219765555555556,-190.48813260579482,-99.24329721275717,49.274770172312856,220.37006076333685,-1.3617444467946693,-203.0815223548843,-85.55118123626941,106.02168599822922,-14.079922631559482,106.95252275293844
1781415342.0,23760.0,2026-06-14T05:35:42+00:00,0.019914209999999998,-187.34380625816993,-107.23634492442943,60.25139637198299,224.11507352434757,-4.46771215592058,-201.97638280618278,-97.02137144694402,120.72454022751177,-12.838030474787589,121.40522904560446
1781415402.0,23820.0,2026-06-14T05:36:42+00:00,0.020608654444444444,-183.65145270572975,-114.41868427023292,71.07569188717753,227.7525968420495,-7.36330085130667,-200.55347432139206,-107.68161916728872,134.38314084998166,-11.982998196925282,134.91634738049174
1781415462.0,23880.0,2026-06-14T05:37:42+00:00,0.02130309888888889,-179.37558560958132,-120.77067361981608,81.6865369817242,231.15762294034556,-10.029242838373895,-198.81863203028863,-117.4921805445987,146.94400723352226,-11.57663281238357,147.39932051783074
1781415522.0,23940.0,2026-06-14T05:38:42+00:00,0.02199754333333333,-174.4891419862397,-126.29142205719836,91.98270662873983,234.21529043824688,-12.481658928404515,-196.768399443527,-126.4247105826228,158.3721627037168,-11.63805899941839,158.7992013101026
1781415582.0,24000.0,2026-06-14T05:39:42+00:00,0.022691987777777776,-169.02191336778924,-130.99303700355813,101.85932939872146,236.86051998482407,-14.758825340631098,-194.43731153663353,-134.4589710077096,168.64528229905727,-12.161017071786356,169.08317946486872
1781415642.0,24060.0,2026-06-14T05:40:42+00:00,0.023386432222222222,-163.03463380085304,-134.89428122597747,111.267045061104,239.0755408708325,-16.870311182364937,-191.89834280792766,-141.58931058121001,177.75054891181605,-13.179967140213138,178.2385176449496
1781415702.0,24120.0,2026-06-14T05:41:42+00:00,0.024080876666666667,-156.56603532936424,-138.02147656865418,120.22317157033831,240.86606733904694,-18.772239408733768,-189.23481011628218,-147.83183710965002,185.68442010934334,-14.804906174418685,186.27369411212214
1781415762.0,24180.0,2026-06-14T05:42:42+00:00,0.02477532111111111,-149.5967586087063,-140.40407318528742,128.77209754753858,242.228708166567,-20.378715986356426,-186.5059819640712,-153.21544858926214,192.43803980856958,-17.208749856000324,193.2059529025206
1781415822.0,24240.0,2026-06-14T05:43:42+00:00,0.025469765555555555,-142.0529891429469,-142.06914171553217,136.9155807606876,243.12253907704755,-21.60497532559661,-183.7187581619568,-157.76315142605168,197.97842370263783,-20.573606634129526,199.04454160241895
1781415882.0,24300.0,2026-06-14T05:44:42+00:00,0.02616421,-133.87298624496907,-143.03730917163193,144.57448396272957,243.48188777462738,-22.42125489705145,-180.8478631868802,-161.47683234407708,202.24009755914744,-25.02509790709787,203.78251295435854
1781415942.0,24360.0,2026-06-14T05:45:42+00:00,0.026858654444444442,-125.04704362154007,-143.31880457152147,151.63942996691912,243.25204949391377,-22.837831621058534,-177.88283880917623,-164.3401615157606,205.1210016744443,-30.656744524670415,207.39927992348066
1781416002.0,24420.0,2026-06-14T05:46:42+00:00,0.027553098888888888,-115.61575431376696,-142.92541727621574,157.99373637419194,242.39780997896696,-22.89571043442468,-174.82873444391473,-166.33519873749358,206.49221463411968,-37.554745132447046,209.87947395223384
1781416062.0,24480.0,2026-06-14T05:47:42+00:00,0.028247543333333333,-105.67492108233273,-141.88729271560442,163.54070790251717,240.9247930811134,-22.66443308504805,-171.71691519006967,-167.4645647046476,206.2091907146922,-45.82285088131522,211.23911569143522
1781416122.0,24540.0,2026-06-14T05:48:42+00:00,0.02894198777777778,-95.34253786504269,-140.24549145041965,168.25493378611282,238.89060287521994,-22.19910600936758,-168.62358659372464,-167.75579238506052,204.06914743116994,-55.656695310579266,211.52277576227868
1781416182.0,24600.0,2026-06-14T05:49:42+00:00,0.02963643222222222,-84.67914390563965,-138.02671995281707,172.17325995769352,236.35897333925135,-21.487523829851074,-165.63629729894433,-167.23775774250933,199.69298307557924,-67.41565681605384,210.76564775494967
1781416242.0,24660.0,2026-06-14T05:50:42+00:00,0.030330876666666666,-73.68680878356099,-135.24096645787358,175.30908527737483,233.35196630402464,-20.486534801773917,-162.79909573811878,-165.92135636084095,192.39833432965426,-81.57280500989988,208.97665316969875
1781416302.0,24720.0,2026-06-14T05:51:42+00:00,0.03102532111111111,-62.39860547706485,-131.89487748674583,177.63619109638967,229.87923146721877,-19.200059430622577,-160.1351469375916,-163.8064513170823,181.06130682300204,-98.58332298290394,206.15981276379944
1781416362.0,24780.0,2026-06-14T05:52:42+00:00,0.03171976555555556,-50.875314462929964,-127.99665051640477,179.1564478056971,225.98334663305644,-17.65263533257712,-157.69590973821786,-160.90014752363354,-8.042505965664496,202.17209790600975,202.33200210032257
1781416422.0,24840.0,2026-06-14T05:53:42+00:00,0.03241421,-39.141090193763375,-123.55719167861389,179.90128167741932,221.7270297150084,-15.835491343054043,-155.5444004938612,-157.21975828492293,-8.646662057632863,197.32969608236172,197.51904647576688
1781416482.0,24900.0,2026-06-14T05:54:42+00:00,0.03310865444444444,-27.18370092473924,-118.59469920786796,179.86949782958254,217.1559175469012,-13.71901981892713,-153.70572414070435,-152.78426420029697,-8.863319998888832,191.54375107890047,191.74870799767723
1781416542.0,24960.0,2026-06-14T05:55:42+00:00,0.03380309888888889,-15.025363155640662,-113.13696705334587,179.02286547765834,212.30855191400207,-11.311982041567465,-152.17466918277952,-147.61378776125005,-8.640970850551364,184.85638341653598,185.05823101683816
1781416602.0,25020.0,2026-06-14T05:56:42+00:00,0.03449754333333333,-2.720670855604112,-107.21825114056992,177.35629004129441,207.26410457375056,-8.649995150757757,-150.97367716226233,-141.74108590227274,-7.963715274015778,177.32724234556787,177.5059763468525
1781416662.0,25080.0,2026-06-14T05:57:42+00:00,0.035191987777777774,9.695036930963397,-100.87496757060399,174.88436980359256,202.12445578173578,-5.752055170299648,-150.13543484439575,-135.20562373830796,-6.799299075699151,169.02320166953854,169.15990414558144
1781416722.0,25140.0,2026-06-14T05:58:42+00:00,0.03588643222222222,22.181892986409366,-94.15095766427112,171.61870395299047,197.00106281963068,-2.6457824731058612,-149.68214943420435,-128.0533979554061,-5.132330851986073,160.01862571293984,160.1009100381137
1781416782.0,25200.0,2026-06-14T05:59:42+00:00,0.036580876666666665,34.69381607696414,-87.10605026467238,167.58938657841645,192.0347035314809,0.6290959369711876,-149.64256869373145,-120.34962913722546,-2.9705124725254914,150.40976152031112,150.43909167814826
1781416842.0,25260.0,2026-06-14T06:00:42+00:00,0.037275321111111114,47.20598599780351,-79.81218490668107,162.83967779576778,187.39036965178477,4.045325985293815,-150.05240482637552,-112.17424740878258,-115.34992894396932,-79.88114740948377,140.30895844112894
1781416902.0,25320.0,2026-06-14T06:01:42+00:00,0.037969765555555555,59.71385947242379,-72.34488769585732,157.399505705107,183.2324539622569,7.591659172383527,-150.93672752091558,-103.60793010825886,-115.7156229437755,-58.93016283355596,129.85711179929825
1781416962.0,25380.0,2026-06-14T06:02:42+00:00,0.03866421,72.2126793647185,-64.77601409924682,151.2829382577911,179.71402413703862,11.25695922995184,-152.30809926343866,-94.72409534633634,-111.96596176133896,-41.00480822941657,119.23829456627115
1781417022.0,25440.0,2026-06-14T06:03:42+00:00,0.039358654444444446,84.69272407796234,-57.16559741878882,144.49422465730458,176.9727210597964,15.026703532282061,-154.17275531034016,-85.5821459200421,-105.58184177974805,-25.48557553487572,108.61417897285605
1781417082.0,25500.0,2026-06-14T06:04:42+00:00,0.04005309888888889,97.13720506709069,-49.557276400970295,137.0308251637034,175.12568999885096,18.88155959514262,-156.5325764123838,-76.22366119867212,-97.44302649867312,-11.836650894399181,98.15930785013204
1781417142.0,25560.0,2026-06-14T06:05:42+00:00,0.04074754333333333,109.52420791424811,-41.97633873834275,128.89625385869294,174.2750968782521,22.793323376971976,-159.3956659278926,-66.6730491635159,-88.07625840863022,0.3482239737898858,88.07694678631707
1781417202.0,25620.0,2026-06-14T06:06:42+00:00,0.04144198777777778,121.85072556696832,-34.43710266822018,120.1006474327296,174.52128487705727,26.742472070852354,-162.78754084458225,-56.94502268374427,-77.8121505274782,11.378964164843651,78.63975836163105
1781417262.0,25680.0,2026-06-14T06:07:42+00:00,0.04213643222222222,134.14084417000413,-26.960842165979557,110.63406631350517,175.9561016674365,30.737897350067673,-166.73742590796212,-47.05700991440914,-66.88287735306498,21.515117303451348,70.2582347885741
1781417322.0,25740.0,2026-06-14T06:08:42+00:00,0.04283087666666666,146.41562046855688,-19.59130306530278,100.45076633431017,178.6384883784545,34.80730462777308,-171.25445738507798,-37.04148890678032,-55.474815545601764,30.975016485010325,63.536657183591274
1781417382.0,25800.0,2026-06-14T06:09:42+00:00,0.04352532111111111,158.66749578062445,-12.392919530160725,89.48500083107501,182.58292375113564,38.97606391244841,-176.32699561168735,-26.947747697381605,-43.74954768307285,39.92845151185237,59.23093923455723
1781417442.0,25860.0,2026-06-14T06:10:42+00:00,0.044219765555555554,170.84969681315124,-5.438693740637973,77.66918233782053,187.75436126965405,43.2539348099068,-181.92693939466236,-16.834073236354982,-31.84767435855526,48.49538165117399,58.01789726921859
1781417502.0,25920.0,2026-06-14T06:11:42+00:00,0.044914209999999996,182.88084886968136,1.2138367517618462,64.95539264660329,194.07751368159464,47.62443929284924,-188.02247644571924,-6.748514658074381,-19.873912195949742,56.74569561079944,60.125255561417966
1781417562.0,25980.0,2026-06-14T06:12:42+00:00,0.045608654444444445,194.66672975802794,7.538786557270214,51.31680357363075,201.45814281496732,52.05554560886741,-194.58879995787288,3.2867018078650716,-7.887946585896014,64.72008996140443,65.19900111162923
1781417622.0,26040.0,2026-06-14T06:13:42+00:00,0.04630309888888889,206.10923009505495,13.537299877265468,36.73756188433617,209.79495149204317,56.512081243112,-201.60394662423337,13.272341566352404,4.085441853194573,72.447052245449,72.56215414519232
1781417682.0,26100.0,2026-06-14T06:14:42+00:00,0.046997543333333336,217.09890950191766,19.21640719519928,21.21251185052097,218.97757298733134,60.95558284787016,-209.03790385239466,23.210970339377667,16.028362220156982,79.94051354097125,81.53155279187784
1781417742.0,26160.0,2026-06-14T06:15:42+00:00,0.047691987777777785,227.5143751804717,24.563786345534027,4.750618467107415,228.885864328074,65.34718021051211,-216.85048252026448,33.08100903045127,27.89578904971257,87.20105262092304,91.55434793008496
1781417802.0,26220.0,2026-06-14T06:16:42+00:00,0.04838643222222223,237.22305299085565,29.549708753591403,-12.629759912379086,239.3897930012237,69.65480228331158,-224.99003224133494,42.83884807140069,39.61585223618656,94.22821620138019,102.21728071560806
1781417862.0,26280.0,2026-06-14T06:17:42+00:00,0.04908087666666667,246.07583040813915,34.15384322148748,-30.89908961672336,250.3488627036191,73.84945234647486,-233.38898857489173,52.4441746727919,51.12148853573478,101.0225288249068,113.22083695278174
1781417922.0,26340.0,2026-06-14T06:18:42+00:00,0.04977532111111112,253.9066828400828,38.3823295221664,-50.00167533475906,261.6141707681088,77.89292136320461,-241.96340973140826,61.873867661085406,62.36960890201584,107.5733986670411,124.34630760649299
1781417982.0,26400.0,2026-06-14T06:19:42+00:00,0.05046976555555556,260.56427476915997,42.252926430199295,-69.8275913214311,273.04751159394755,81.71996868210772,-250.64095027562792,71.10488275197754,73.32276785315041,113.83425128341125,135.40481915685942
1781418042.0,26460.0,2026-06-14T06:20:42+00:00,0.05116421,265.93583992804633,45.77737039711792,-90.25414744298905,284.54041844590586,85.27805780756805,-259.3724289215581,80.10521644232428,83.93064856506302,119.77065605270599,146.25103014969744
1781418102.0,26520.0,2026-06-14T06:21:42+00:00,0.05185865444444445,269.91438018518966,48.97052788420115,-111.15961045958102,295.9870676727925,88.53188972133599,-268.0994970031652,88.84316765265218,94.14100320064514,125.36811862140198,156.7791237706532
1781418162.0,26580.0,2026-06-14T06:22:42+00:00,0.05255309888888889,272.39848756440915,51.86667178745847,-132.37736488785595,307.2700024479091,91.41722671572325,-276.7509601647781,97.29671686042397,103.91958677204093,130.5769703726834,166.8820712556636
1781418222.0,26640.0,2026-06-14T06:23:42+00:00,0.053247543333333335,273.3417907611001,54.515239959349856,-153.69566895905882,318.2923257338812,93.835532663006,-285.2792865585421,105.4543791958509,113.25253822666893,135.30639614565084,176.44817441024122
1781418282.0,26700.0,2026-06-14T06:24:42+00:00,0.05394198777777778,272.76890037884004,56.95715263672173,-174.88966158404946,328.988425296921,95.67391120268596,-293.6716085156255,113.29992518255919,122.1248063399026,139.44706995462565,185.36438072749837
1781418342.0,26760.0,2026-06-14T06:25:42+00:00,0.054636432222222225,270.78723933920264,59.21846001013182,-195.76614683587104,339.3478145529775,96.82934987850521,-301.967568689732,120.81640494403096,130.52170029352467,142.90261972256403,193.53829846075536
1781418402.0,26820.0,2026-06-14T06:26:42+00:00,0.055330876666666674,267.5420811283402,61.31482643936761,-216.23064596764743,349.4194690788698,97.26479159243128,-310.24203853710856,127.99766877634697,138.43261802937943,145.6619881439931,200.95025385534814
1781418462.0,26880.0,2026-06-14T06:27:42+00:00,0.056025321111111116,263.1364000807516,63.250405883649364,-236.27232837770134,359.2575567039949,97.01261111094308,-318.5495460462519,134.835944940835,145.83300513011247,147.80227985847432,207.63617054030394
1781418522.0,26940.0,2026-06-14T06:28:42+00:00,0.05671976555555556,257.6095715309493,65.02095131069655,-255.89449343830347,368.87993605745646,96.12726266011497,-326.89958077671355,141.3103700626229,152.67690467523616,149.42870108028828,213.63326971179674
1781418582.0,27000.0,2026-06-14T06:29:42+00:00,0.05741421000000001,250.9833714668639,66.61733547749463,-275.07250377349555,378.27953218646996,94.64003509468225,-335.2837456453882,147.3888670642751,158.90713221657046,150.619913341832,218.94710540309865
1781418642.0,27060.0,2026-06-14T06:30:42+00:00,0.05810865444444445,243.29830298293382,68.01736064365832,-293.789692170918,387.4697521216175,92.57519743774672,-343.7210647094428,153.03094884224228,164.45437987935185,151.44967669180448,223.56709872330114
1781418702.0,27120.0,2026-06-14T06:31:42+00:00,0.05880309888888889,234.58079703245312,69.18171520225587,-312.0732849063352,396.4895902882416,89.99117219245599,-352.2541459796418,158.18533678732229,169.22182412394673,152.03800594339415,227.48973825445296
1781418762.0,27180.0,2026-06-14T06:32:42+00:00,0.05949754333333334,224.80354631785303,70.06823777525278,-329.98388396948576,405.38322123837276,86.99269445891207,-360.9228323097267,162.79599592711978,173.08277559425247,152.56848342620268,230.72665503227373
1781418822.0,27240.0,2026-06-14T06:33:42+00:00,0.06019198777777778,213.8751659123227,70.65840334036693,-347.5765371834859,414.1794849544056,83.71437545822374,-369.7405179463156,166.81875939931484,175.89516036279707,153.27450041149774,233.30705071953636
1781418882.0,27300.0,2026-06-14T06:34:42+00:00,0.060886432222222224,201.66682758461684,70.96549501101254,-364.8593440251425,422.88054075904097,80.28640057484658,-378.6890761737246,170.2252308621881,177.50349897917636,154.40278274009137,235.26094335383067
1781418942.0,27360.0,2026-06-14T06:35:42+00:00,0.06158087666666667,188.06157385464758,71.01005864038598,-381.78703384520486,431.4752868949944,76.80591916403304,-387.747105290515,172.98542227977495,177.71249566058893,156.17897199126296,236.58740965267475
1781419002.0,27420.0,2026-06-14T06:36:42+00:00,0.062275321111111115,172.94958733394742,70.81285163766006,-398.29872188856825,439.9635116394393,73.36791692853005,-396.90886056961205,175.06683506880333,176.25439673910228,158.8496540498561,237.27373424301274
1781419062.0,27480.0,2026-06-14T06:37:42+00:00,0.06296976555555556,156.21682807058096,70.41907067538705,-414.294085980393,448.33261376521324,70.06431924454927,-406.1502362015971,176.45143628696445,172.7718636340466,162.69240247243877,237.31610709312505
1781419122.0,27540.0,2026-06-14T06:38:42+00:00,0.06366421,137.7837205529213,69.87997742579319,-429.62194218160585,456.55512054770554,66.9525433586548,-415.4365613285994,177.1225523404804,166.75671717854476,167.97529518100404,236.69284424187947
1781419182.0,27600.0,2026-06-14T06:39:42+00:00,0.06435865444444445,117.59777317475528,69.23413810669445,-444.10992755927145,464.6033037890921,64.07888656219433,-424.73871375171814,177.05126723416825,157.4303652236739,174.96111264284153,235.36293427742703
1781419242.0,27660.0,2026-06-14T06:40:42+00:00,0.0650530988888889,95.6100058555603,68.5131820696406,-457.5634739184752,472.44011472497886,61.50161397370719,-434.017945031477,176.1977209575485,143.57681750075056,183.86022109571172,233.27855328985524
1781419302.0,27720.0,2026-06-14T06:41:42+00:00,0.06574754333333334,71.79332918766886,67.746554172365,-469.72113381745294,479.98106345233214,59.267242582615694,-443.1877395700778,174.5102940351943,123.32920651207479,194.58284359231604,230.37486017221957
1781419362.0,27780.0,2026-06-14T06:42:42+00:00,0.06644198777777778,46.225591010414064,66.94546902179718,-480.26674931962043,487.1084597795912,57.347387282021835,-452.1355474041234,171.92840234919043,37.65274794669808,-223.39969620244023,226.5505543830784
1781419422.0,27840.0,2026-06-14T06:43:42+00:00,0.06713643222222222,19.109216069802642,66.09469906287268,-488.9158847933868,493.73314025525406,55.64002894152321,-460.7809862377798,168.3968042673014,32.89908723108624,-219.2337242606501,221.68846563101425
1781419482.0,27900.0,2026-06-14T06:44:42+00:00,0.06783087666666666,-9.296111335977912,65.17052079620771,-495.4818792071892,499.83588015418366,54.03177019924589,-469.1036165728346,163.88493468568242,28.78037876205786,-213.7740683770868,215.70271790633257
1781419542.0,27960.0,2026-06-14T06:45:42+00:00,0.06852532111111112,-38.75079589523375,64.16458574822173,-499.85419257134345,505.4433025354126,52.45363286554063,-477.10969127489653,158.39157480334802,25.272924594156514,-207.0269204651094,208.56381880568034
1781419602.0,28020.0,2026-06-14T06:46:42+00:00,0.0006484355555555556,-49.09339971281588,65.48499260772951,-405.80719667015364,413.97817215583416,37.54013498101018,-388.4883948022745,138.0051897250427,9.735559677271695,-178.5096032396195,178.77488517964736
1781419662.0,28080.0,2026-06-14T06:47:42+00:00,0.00134288,-73.74579232744873,63.04123717290349,-405.3311192113906,416.78046459911246,35.84784360285152,-394.1697770943236,130.57976338578936,7.614318223088049,-169.0924149964935,169.2637665046741
1781419722.0,28140.0,2026-06-14T06:48:42+00:00,0.0020373244444444444,-98.77799670025706,60.45541201904416,-402.84318599058315,419.1593753854874,34.18566475947504,-399.4584415618069,122.30648291696238,6.164925355655027,-158.62303684558597,158.74279234899745
1781419782.0,28200.0,2026-06-14T06:49:42+00:00,0.002731768888888889,-123.99147922359407,57.736496010329574,-398.2973292269744,421.1272401079591,32.54367220589507,-404.3144486093886,113.22052996690962,-134.78931874273658,59.297400876703286,147.256042992685
1781419842.0,28260.0,2026-06-14T06:50:42+00:00,0.003426213333333333,-149.16801763419062,54.87728204135783,-391.6703751543537,422.69172731757254,30.898145027131676,-408.69508402809237,103.35341923645318,-129.08540431289777,38.97671592085766,134.84148467960267
1781419902.0,28320.0,2026-06-14T06:51:42+00:00,0.004120657777777778,-174.073905733414,51.85385323641822,-382.9733538823202,423.86216690879877,29.209920624119167,-412.5606576937594,92.73414040712152,-119.23910157593745,23.4967989624244,121.53214762406414
1781419962.0,28380.0,2026-06-14T06:52:42+00:00,0.004815102222222222,-198.4660071283579,48.626594574190676,-372.26522585749626,424.6583333317372,27.42049217942926,-415.8824485849571,81.39168038385255,-106.71492760829638,11.73406708485697,107.35811149976448
1781420022.0,28440.0,2026-06-14T06:53:42+00:00,0.005509546666666667,-222.11985250376165,45.15407968102954,-359.6657710946165,425.130082075144,25.466192921739317,-418.6592174128472,69.36511643869514,-92.32114594870353,2.8510434878658115,92.36515814013161
1781420082.0,28500.0,2026-06-14T06:54:42+00:00,0.006203991111111111,-244.85975444409996,41.40492289606482,-345.3386685377918,425.3580409183643,23.301380911644298,-420.91691364392415,56.705030023734,-76.54048169903719,-3.75203394859361,76.6323893498829
1781420142.0,28560.0,2026-06-14T06:55:42+00:00,0.006898435555555555,-266.56853556260467,37.36161167034879,-329.4648540550843,425.44302113930087,20.90890645210813,-422.69967406133804,43.46915476002638,-59.6904915793157,-8.52007942549292,60.29549351648982
1781420202.0,28620.0,2026-06-14T06:56:42+00:00,0.00759288,-287.1879270207137,33.02642657374963,-312.2215374670923,425.4996342383868,18.305321377495368,-424.0653167200124,29.723073552765396,-42.00653969564823,-11.807987944287872,43.63459586720746
1781420262.0,28680.0,2026-06-14T06:57:42+00:00,0.008287324444444443,-306.71357695478946,28.425623112125322,-293.7549231648445,425.64443990412684,15.54994477009192,-425.07636386537257,15.539411891648678,-23.684442434362655,-13.934237493612764,27.47937022486218
1781420322.0,28740.0,2026-06-14T06:58:42+00:00,0.008981768888888889,-325.1672258730978,23.610488019883633,-274.15385822672397,425.9712641800406,12.743839882877754,-425.7794188317927,0.9994755836785385,-4.90265256828481,-15.208003905807644,15.978716625698391
1781420382.0,28800.0,2026-06-14T06:59:42+00:00,0.009676213333333333,-342.55598590755835,18.65089838951826,-253.45103029161692,426.53239530863016,10.009310167584516,-426.19145296681927,-13.803744988885047,14.168120015178628,-15.922609018889563,21.313495788652986
1781420442.0,28860.0,2026-06-14T07:00:42+00:00,0.010370657777777776,-358.84041961841285,13.628332977183163,-231.6386876553297,427.32734505334315,7.47105447793772,-426.29287016918636,-28.761641438621943,33.35615411809211,-16.344128438459244,37.145168622080114
1781420502.0,28920.0,2026-06-14T07:01:42+00:00,0.011065102222222222,-373.902609358076,8.62637290218845,-208.72445822041482,428.30301779654934,5.207877079991002,-426.0317577860025,-43.741221150304916,52.482312648530595,-16.65855641628846,55.06269738046602
1781420562.0,28980.0,2026-06-14T07:02:42+00:00,0.011759546666666666,-387.58876472199336,3.702083455398679,-184.7774438355118,429.3966228453796,3.2392938495292203,-425.3650349124767,-58.613597059736165,71.39017803120564,-16.96733868694819,73.37879871900905
1781420622.0,29040.0,2026-06-14T07:03:42+00:00,0.012453991111111111,-399.7512495969422,-1.1058874046429992,-159.91813532542437,430.5532424070562,1.553076174561658,-424.27228392944363,-73.25784320411705,89.93957509976595,-17.324217527517284,91.59288008391906
1781420682.0,29100.0,2026-06-14T07:04:42+00:00,0.013148435555555556,-410.26760653126985,-5.7660368697252125,-134.31611622683704,431.7332222893451,0.10970355956999663,-422.76174716928193,-87.55608673214122,107.99766885436158,-17.74131005645643,109.44519432344055
1781420742.0,29160.0,2026-06-14T07:05:42+00:00,0.01384288,-419.0726943886839,-10.244699210161343,-108.17355523072183,432.93001177482716,-1.1416058530465338,-420.8869379226697,-101.39663365963882,125.4388213921098,-18.210827719899484,126.75382502506771
1781420802.0,29220.0,2026-06-14T07:06:42+00:00,0.014537324444444446,-426.166846239008,-14.502834112150595,-81.68103335797787,434.16621729588076,-2.234463924930111,-418.7402478647475,-114.68180426794781,142.14917578749575,-18.74252458742365,143.37946298188785
1781420862.0,29280.0,2026-06-14T07:07:42+00:00,0.01523176888888889,-431.5893185425084,-18.500333974603564,-54.981544685550034,435.47051851206623,-3.169359542313822,-416.426502155416,-127.33222669797567,158.03011577162812,-19.38465894983259,159.2145800276957
1781420922.0,29340.0,2026-06-14T07:08:42+00:00,0.015926213333333335,-435.38524988334393,-22.201120065059513,-28.173062097281218,436.86030602019946,-3.925160477109564,-414.0431521058299,-139.28312275921945,172.9965988328496,-20.209385094753944,174.17302447176473
1781420982.0,29400.0,2026-06-14T07:09:42+00:00,0.01662065777777778,-437.5960740771043,-25.564582409104332,-1.323653775267303,438.34418438113585,-4.470898589484874,-411.6843842684809,-150.47126900524063,186.96312791103034,-21.296147074797982,188.17209431397558
1781421042.0,29460.0,2026-06-14T07:10:42+00:00,0.017315102222222222,-438.25396778131835,-28.545482722693123,25.52374734170735,439.92368262950305,-4.768391667843935,-409.442324615586,-160.83249607150555,199.84064092430611,-22.72832147291706,201.12895953097782
1781421102.0,29520.0,2026-06-14T07:11:42+00:00,0.018009546666666668,-437.3778766558971,-31.105270594824106,52.350948623381555,441.59661079832387,-4.771395701575658,-407.4051947552733,-170.31091491164946,211.54711145038831,-24.59606557276352,212.97217378019764
1781421162.0,29580.0,2026-06-14T07:12:42+00:00,0.018703991111111113,-434.9667417795863,-33.21798756509088,79.1604384649545,443.35750379370785,-4.425780520311323,-405.6536548557898,-178.8614014792278,222.00980070200086,-26.996627201736008,223.64518659701054
1781421222.0,29640.0,2026-06-14T07:13:42+00:00,0.019398435555555555,-430.9952692394145,-34.87251039588591,105.9690129486844,445.19933265154947,-3.670088162223366,-404.2596025271102,-186.4487865631989,231.16324931692975,-30.033651536670373,233.1061304629013
1781421282.0,29700.0,2026-06-14T07:14:42+00:00,0.02009288,-425.4012890723534,-36.07892586966045,132.7961568525061,447.10487014918976,-2.437539868360071,-403.2736160842295,-193.0471804530267,238.94741164597184,-33.814788295840984,241.32821103178563
1781421342.0,29760.0,2026-06-14T07:15:42+00:00,0.020787324444444446,-418.0882154540159,-36.86913221265422,159.62138585653156,449.03905802769265,-0.6867594386527892,-402.7161281063317,-198.6336430691326,245.30417364231062,-38.412801605277636,248.29353784080507
1781421402.0,29820.0,2026-06-14T07:16:42+00:00,0.021481768888888888,-408.96542160445824,-37.28678429764841,186.36699701286852,450.97192587451184,1.5793325123975606,-402.6011463809176,-203.18833767850072,250.18057121299233,-43.84260206557173,253.99309433199005
1781421462.0,29880.0,2026-06-14T07:17:42+00:00,0.022176213333333333,-397.96953654801473,-37.38713985445793,212.93072452861816,452.8984916016178,4.337575308711094,-402.9525168534966,-206.70630928177914,253.53838008939874,-50.09394833561973,258.4397682985499
1781421522.0,29940.0,2026-06-14T07:18:42+00:00,0.02287065777777778,-385.0571065242402,-37.241867677657865,239.19897620752454,454.8319274321759,7.557610612604034,-403.7940022975807,-209.20174101091462,255.35573385907358,-57.14965822783961,261.6727617660365
1781421582.0,30000.0,2026-06-14T07:19:42+00:00,0.023565102222222224,-370.2113242279738,-36.93166597245727,265.05349750444293,456.8081972529268,11.202683773235508,-405.1564244439496,-210.70477138769297,255.62126605793983,-64.98764962213527,263.75296446575436
1781421642.0,30060.0,2026-06-14T07:20:42+00:00,0.024259546666666666,-353.4273511292413,-36.53814846742898,290.38261481560767,458.87688088071013,15.243528526591684,-407.0732828706008,-211.25096217016443,254.31502857986035,-73.59739054003025,264.7502779146359
1781421702.0,30120.0,2026-06-14T07:21:42+00:00,0.02495399111111111,-334.70339657831937,-36.13815633219201,315.0613573677838,461.08132572311365,19.646427859437672,-409.56561547728165,-210.869659794062,251.39266828994187,-82.96366298472866,264.7286215084806
1781421762.0,30180.0,2026-06-14T07:22:42+00:00,0.025648435555555557,-314.05651058163494,-35.80119405477308,338.9504114370793,463.46585499670357,24.36404239249589,-412.6502587985037,-209.58710861990068,246.7862447010474,-93.05705822085339,263.7481121418019
1781421822.0,30240.0,2026-06-14T07:23:42+00:00,0.02634288,-291.51755144726485,-35.602191753685474,361.92109052371234,466.08676727123253,29.357971104781555,-416.34523768747505,-207.4406594978881,240.4065431798628,-103.8668155465926,261.8847482681669
1781421882.0,30300.0,2026-06-14T07:24:42+00:00,0.027037324444444445,-267.12228163238615,-35.631197195034474,383.83367335703224,468.99060156979283,34.59211087893187,-420.64628801569677,-204.48048954448257,232.13218013362143,-115.3951184051676,259.2322942947709
1781421942.0,30360.0,2026-06-14T07:25:42+00:00,0.02773176888888889,-240.93212055414915,-35.97242520796135,404.5454396060668,472.22803262420507,40.021428574028846,-425.550378461923,-200.75974557150465,221.77966706783624,-127.64090818594161,255.8875185843426
1781422002.0,30420.0,2026-06-14T07:26:42+00:00,0.028426213333333335,-213.03653684351593,-36.70610137330368,423.92707714345306,475.86350001202777,45.59692077534049,-431.06539299090423,-196.34056744621526,209.07558868790494,-140.60490115685386,251.95702017312922
1781422062.0,30480.0,2026-06-14T07:27:42+00:00,0.029120657777777777,-183.54479669313878,-37.90509665082209,441.8703906163573,479.9738855903371,51.269831460594766,-437.2121992736392,-191.28990573732784,193.59581181820016,-154.28082708936833,247.55183691689209
1781422122.0,30540.0,2026-06-14T07:28:42+00:00,0.029815102222222223,-152.570260733366,-39.62838390027173,458.2892019767314,484.64119296574853,56.99748712019906,-444.0221770279877,-185.66819514546108,174.66279948878773,-168.61963654564934,242.77494795395867
1781422182.0,30600.0,2026-06-14T07:29:42+00:00,0.03050954666666667,-120.214784309268,-41.9266564687714,473.11475056642666,489.94592160023774,62.75179180303863,-451.5296310836267,-179.52774429513218,151.20450966824484,-183.43852831918375,237.7235735385162
1781422242.0,30660.0,2026-06-14T07:30:42+00:00,0.03120399111111111,-86.55683903302997,-44.84775365749374,486.2745464753825,495.94993894681755,68.52306083465916,-459.75371970423737,-172.90878894179792,121.56264620959199,-198.1763494547039,232.48944586082044
1781422302.0,30720.0,2026-06-14T07:31:42+00:00,0.031898435555555556,-51.67625280562788,-48.444323579315096,497.66285004350357,502.67842593900053,74.29742761399889,-468.6782933015798,-165.84978004921263,11.564955737729566,226.86951936786397,227.16409711796723
1781422362.0,30780.0,2026-06-14T07:32:42+00:00,0.03259288,-15.69002244155854,-52.757394596002996,507.16704641934484,510.1450112100449,80.03305801809054,-478.2830375504521,-158.39184978490098,18.041897405964544,221.09437328295542,221.82928562160177
1781422422.0,30840.0,2026-06-14T07:33:42+00:00,0.03328732444444445,21.288340801373124,-57.806481044739485,514.6926573336823,518.3660041110514,85.6974158331191,-488.56023718664136,-150.55949580719488,25.156997055720353,215.08417384843145,216.55040138712235
1781422482.0,30900.0,2026-06-14T07:34:42+00:00,0.03398176888888889,59.14997503627092,-63.59855441795662,520.128251780232,527.3299668810845,91.2655862783191,-499.48052230173056,-142.36114137386943,32.870927019047706,208.80831218644616,211.37977453210587
1781422542.0,30960.0,2026-06-14T07:35:42+00:00,0.03467621333333334,97.74938241858035,-70.1312476824969,523.3482732037664,536.9979038414226,96.68969031997217,-510.99220489964614,-133.80889001747116,41.110835645133434,202.22222748562035,206.35874126551354
1781422602.0,31020.0,2026-06-14T07:36:42+00:00,0.03537065777777778,136.8889855099842,-77.38882412016392,524.2431315254653,547.3193632645209,101.886996160996,-523.039792437367,-124.92758280158044,49.752861964634796,195.27080025332157,201.50938614676144
1781422662.0,31080.0,2026-06-14T07:37:42+00:00,0.03606510222222222,176.35401792824268,-85.335636198055,522.7548105653841,558.2611417732855,106.76236302865726,-535.5939031406464,-115.74312581366313,58.654035713721115,187.88661787538297,196.8290554825599
1781422722.0,31140.0,2026-06-14T07:38:42+00:00,0.03675954666666667,215.9562817439437,-93.92512446874753,518.8635797076859,569.8056326311748,111.24202880895955,-548.6439347115389,-106.27089398758548,67.69670903607364,179.99683789450177,192.30628192114358
1781422782.0,31200.0,2026-06-14T07:39:42+00:00,0.03745399111111111,255.54036961775273,-103.11025115288794,512.5597651686985,581.9365234000876,115.28162567007965,-562.1785828705764,-96.51686387090416,-181.6285755990834,48.290089646353195,187.93847991352058
1781422842.0,31260.0,2026-06-14T07:40:42+00:00,0.038148435555555554,294.9631428392604,-112.85094888601452,503.8308275057934,594.6293762027406,118.85396505265274,-576.1747540396091,-86.48978461020201,-167.86635452965405,74.70897224279717,183.7404242855952
1781422902.0,31320.0,2026-06-14T07:41:42+00:00,0.03884288,334.0813447898254,-123.12138629704714,492.6677648569457,607.8575056947341,121.94165941367308,-590.6034149984231,-76.21407429775576,-152.3569193165306,95.37974815265464,179.74962370277063
1781422962.0,31380.0,2026-06-14T07:42:42+00:00,0.039537324444444445,372.7547467369586,-133.91648896085098,479.06370963715017,621.5961431040605,124.54396848170734,-605.4333592862112,-65.73440879847175,-136.03409408129647,111.72536601839937,176.03361089423896
1781423022.0,31440.0,2026-06-14T07:43:42+00:00,0.04023176888888889,410.8436705954373,-145.2415660410188,462.991385424044,635.8055183397321,126.6821989137688,-620.6157445347461,-55.10331446664944,-119.38862381152848,124.76492238936297,172.6844791938014
1781423082.0,31500.0,2026-06-14T07:44:42+00:00,0.040926213333333336,448.17359031923115,-157.08885689405724,444.4046090096235,650.4090501591348,128.36974345914905,-636.069166421946,-44.37518473686637,-102.68736768371367,135.2043762457428,169.77902944065437
1781423142.0,31560.0,2026-06-14T07:45:42+00:00,0.04162065777777778,484.5282607236877,-169.4228889970109,423.28344276640564,665.3124256138587,129.5852539620862,-651.7046592382763,-33.60539776434956,-86.07963610003816,143.50223431734514,167.33975918826113
1781423202.0,31620.0,2026-06-14T07:46:42+00:00,0.04231510222222222,519.6889342153445,-182.18331603240222,399.65276771690696,680.4334528300521,130.28959140805242,-667.4523184990014,-22.84094199583665,-69.65115226968483,149.95970882070398,165.34569024345674
1781423262.0,31680.0,2026-06-14T07:47:42+00:00,0.04300954666666667,553.4662424707785,-195.296748441644,373.5707331560552,695.7160298407347,130.45083130667481,-683.269043139448,-12.115670681166183,-53.4525195091439,154.79633235045054,163.76530875318664
1781423322.0,31740.0,2026-06-14T07:48:42+00:00,0.04370399111111111,585.7198147289455,-208.69443620275706,345.1030291207135,711.1379400484753,130.07094631060633,-699.13990582854,-1.452852474440093,-37.5199186382534,158.21072530949218,162.5988250190534
1781423382.0,31800.0,2026-06-14T07:49:42+00:00,0.04439843555555555,616.3531030528247,-222.32057156413794,314.2769806459546,726.6963635160071,129.21226338057502,-715.0582974470382,9.13383772577577,-21.885372635651184,160.43249893293805,161.91836291560162
1781423442.0,31860.0,2026-06-14T07:50:42+00:00,0.04509288,645.2659791228361,-236.11619442747906,281.057661277242,742.3694835099975,127.98792366549587,-730.9896478602234,19.63863956292477,-6.575095230925074,161.72370519760145,161.85730969016024
1781423502.0,31920.0,2026-06-14T07:51:42+00:00,0.045787324444444444,672.302064510528,-249.98761679697782,245.371481702663,758.083793871041,126.5219050216349,-746.8463039234795,30.06400498012773,8.400217588543422,162.3387474263229,162.5559367463469
1781423562.0,31980.0,2026-06-14T07:52:42+00:00,0.04648176888888889,697.2270253491588,-263.7834610780701,207.17415483668447,773.7107790691925,124.89566022062228,-762.493150981785,40.418293033978266,23.051569728794142,162.4638634765737,164.09107776687992
1781423622.0,32040.0,2026-06-14T07:53:42+00:00,0.047176213333333335,719.7583131436259,-277.31038522417657,166.51065633352846,789.1000429382585,123.12657226660548,-777.7839630101878,50.70337120157444,37.396301999082745,162.19180038266032,166.44717935301676
1781423682.0,32100.0,2026-06-14T07:54:42+00:00,0.04787065777777778,739.6151831368916,-290.3748543651309,123.53098834119737,804.1194440223055,121.18266640427116,-792.5997696508261,60.897017721315294,51.429700458906616,161.53983829002686,169.52915219531093
1781423742.0,32160.0,2026-06-14T07:55:42+00:00,0.048565102222222226,756.5470732133836,-302.81060953601263,78.44983400963247,818.6648372145021,119.02456000841994,-806.8528706877753,70.94867771245109,65.11019561941,160.5040142957909,173.20761004835003
1781423802.0,32220.0,2026-06-14T07:56:42+00:00,0.04925954666666667,770.3196728470502,-314.4659862751141,31.52117466274649,832.6312745455134,116.61400632824945,-820.4566458127837,80.78926426820199,78.37050501889581,159.07394416834774,177.33148555795552
1781423862.0,32280.0,2026-06-14T07:57:42+00:00,0.04995399111111111,780.7352904485888,-325.196739934152,-16.93980802409351,845.9240335346525,113.8891151744156,-833.3394353090373,90.34448248310002,91.1394925125742,157.20585394467057,181.71430216117457
1781423922.0,32340.0,2026-06-14T07:58:42+00:00,0.05064843555555556,787.6533394432772,-334.88553282548673,-66.59442124236375,858.475928708873,110.79727928225591,-845.4571387927577,99.53446408443412,103.3363878127814,154.86367415892877,186.17509667030234
1781423982.0,32400.0,2026-06-14T07:59:42+00:00,0.05134288,790.9570219201269,-343.42491638078354,-117.1026689298451,870.2107324012943,107.30444821281054,-856.7546310054304,108.27731263237992,114.87462110117173,152.03138425141864,190.55109648212542
1781424042.0,32460.0,2026-06-14T08:00:42+00:00,0.05203732444444444,790.5570519152097,-350.6996803947259,-168.08591552078724,881.0355232102119,103.35575396403904,-867.1612586450883,116.50121366699577,125.68467847716802,148.66644756833202,194.67498821496488
1781424102.0,32520.0,2026-06-14T08:01:42+00:00,0.05273176888888889,786.4330396417063,-356.60641334351385,-219.12886223662645,890.8773867053407,98.8735158201295,-876.6262235456646,124.14914500056035,135.7211173499192,144.69817968354823,198.38796560891225
1781424162.0,32580.0,2026-06-14T08:02:42+00:00,0.05342621333333333,778.6478312863037,-361.0745453556883,-269.8206304926425,899.7057547388081,93.7842839458654,-885.1371396527269,131.17620669267222,144.95558383624518,140.06098836155016,201.56686668726334
1781424222.0,32640.0,2026-06-14T08:03:42+00:00,0.054120657777777775,767.3396402273793,-364.06336401921726,-319.79396454431117,907.5353636328675,88.04093393272063,-892.7190981392205,137.55668654773626,153.38256519873116,134.7235179525919,204.14856746121285
1781424282.0,32700.0,2026-06-14T08:04:42+00:00,0.054815102222222224,752.6944196089171,-365.5504016742343,-368.750272102654,914.4138825774573,81.6380583959981,-899.4204386501849,143.28590513382784,161.01916392812012,128.70893551038026,206.13869416566615
1781424342.0,32760.0,2026-06-14T08:05:42+00:00,0.055509546666666666,734.905809477903,-365.5227256100625,-416.4587942659855,920.3973810606261,74.61447310517232,-905.2905051399224,148.36819325583463,167.88917844761176,122.09693621567013,207.59199905841132
1781424402.0,32820.0,2026-06-14T08:06:42+00:00,0.056203991111111115,714.1504503851756,-363.9773357727099,-462.73923305328935,925.5365819611322,67.04413549530413,-910.3706612094771,152.8015302704876,174.0046090321276,115.01057845425167,208.57861136944308
1781424462.0,32880.0,2026-06-14T08:07:42+00:00,0.05689843555555556,690.5758172348142,-360.9152643355774,-507.43665315862745,929.8638310789275,59.02174389865903,-914.6848453050146,156.57206604398777,179.36027048332008,107.59813744538296,209.15894867197355
1781424522.0,32940.0,2026-06-14T08:08:42+00:00,0.05759288,664.3247839799151,-356.3271010185126,-550.3991270670667,933.4000324653986,50.639444407754326,-918.2456164111813,159.67546842934465,183.96377823894687,100.01014524732011,209.3912626074414
1781424582.0,33000.0,2026-06-14T08:09:42+00:00,0.05828732444444445,635.5501727531664,-350.1748441462405,-591.4814105601981,936.1606179484935,41.99043626888107,-921.0559472609219,162.1402105430365,187.86228130601611,92.41223117259979,209.36154663117762
1781424642.0,33060.0,2026-06-14T08:10:42+00:00,0.05898176888888889,604.4089001910761,-342.3952978870366,-630.5205891337246,938.1369153630391,33.15731701595658,-923.0925004893622,164.01737662661793,191.13133914859347,84.97377051317432,209.16914323092752
1781424702.0,33120.0,2026-06-14T08:11:42+00:00,0.05967621333333333,571.0863158050925,-332.9451384022832,-667.3233273420483,939.3148931537346,24.184369736396057,-924.3296712517312,165.35490196704677,193.85049099736165,77.83394898888243,208.89264342030367
1781424762.0,33180.0,2026-06-14T08:12:42+00:00,0.06037065777777778,535.8033095691353,-321.82795396866277,-701.7158274659887,939.7145955114094,15.099780029727077,-924.7793174582536,166.1888433730493,196.0879399156904,71.13398123408503,208.59176270071302
1781424822.0,33240.0,2026-06-14T08:13:42+00:00,0.06106510222222222,498.7843220708892,-309.07806278346106,-733.5786083200946,939.3894950565183,5.952548677626284,-924.4888013989387,166.54622984245023,197.89147175663746,65.07228397050778,208.31571408596724
1781424882.0,33300.0,2026-06-14T08:14:42+00:00,0.061759546666666665,460.22521055303514,-294.740834295284,-762.8407454467379,938.4057793638103,-3.173523481186376,-923.521568678012,166.44292618978614,199.27378067625014,59.93347280918286,208.09147226154008
1781424942.0,33360.0,2026-06-14T08:15:42+00:00,0.062453991111111114,420.2790223862976,-278.8537247022614,-789.4555940004066,936.8212163144265,-12.160714649974178,-921.9369443022495,165.88664529332763,200.20143369295658,56.10633144049258,207.91472886841302
1781425002.0,33420.0,2026-06-14T08:16:42+00:00,0.06314843555555556,379.0732117984444,-261.4353602514602,-813.3699185671285,934.6740458164527,-20.878805684430034,-919.7777690767273,164.88936566172598,200.59246087706342,54.09096511138918,207.75747367398782
1781425062.0,33480.0,2026-06-14T08:17:42+00:00,0.06384288,336.7362535810098,-242.50504066143185,-834.5143156228587,931.9947114664681,-29.211489772444267,-917.0824026766297,163.46466825463972,200.28239954269108,54.510084785339735,207.56779352751977
1781425122.0,33540.0,2026-06-14T08:18:42+00:00,0.06453732444444445,293.3842116156593,-222.09960928745568,-852.81147476146,928.8110375936533,-37.0463045336958,-913.8929663380403,161.60804730598278,198.91927541056242,58.16876887750279,207.24981013884553
1781425182.0,33600.0,2026-06-14T08:19:42+00:00,0.06523176888888889,249.11955300718546,-200.27155513036996,-868.1576074389741,925.1307360795017,-44.27687408268272,-910.237270661447,159.29390559361167,195.80824616812617,66.10637269110354,206.66620860172708
1781425242.0,33660.0,2026-06-14T08:20:42+00:00,0.06592621333333333,204.05605801846832,-177.09433834441006,-880.4261664357036,920.9514178458874,-50.81797074013756,-906.1352831920797,156.4860902336506,189.64189759581632,79.5826125360926,205.66341809328154
1781425302.0,33720.0,2026-06-14T08:21:42+00:00,0.06662065777777777,158.3199430461973,-152.6551061924547,-889.4883709547576,916.274166326067,-56.593662128236346,-901.6102493285624,153.14850175281418,-166.80609839703786,-117.59152370503215,204.0883164458794
1781425362.0,33780.0,2026-06-14T08:22:42+00:00,0.06731510222222223,112.0356227857992,-127.04353834269568,-895.2047137859045,911.0891948608199,-61.519658010430874,-896.6744292023747,149.24416465983612,-170.63244444753155,-107.70774333760792,201.78302473949577
1781425422.0,33840.0,2026-06-14T08:23:42+00:00,0.06800954666666667,65.35545649472624,-100.3720003743656,-897.3997578228591,905.3574981703703,-65.53578872940344,-891.3081260364546,144.73107596611862,-172.6285454548922,-98.18374470012674,198.5967331785985
1781425482.0,33900.0,2026-06-14T08:24:42+00:00,0.06870399111111111,18.498143183998764,-72.79698685975745,-895.8903215525643,899.0333980718806,-68.63788584130026,-885.4768262612464,139.5732124378433,-172.83228341112624,-89.04354764976792,194.42158205086275
1781425542.0,33960.0,2026-06-14T08:25:42+00:00,0.06939843555555555,-28.252570416778326,-44.5283102914691,-890.5523262883071,892.1123382232104,-70.88127381487993,-879.1769256583641,133.74678471787962,-171.34528991350675,-80.25802179185632,189.21035499540125
1781425602.0,34020.0,2026-06-14T08:26:42+00:00,0.07009288,-74.600265994668,-15.78438269160688,-881.3360054825898,884.628453636575,-72.32586519865663,-872.4357491229867,127.24910160357301,-168.2840856786041,-71.79466380254462,182.95903159779834
1781425662.0,34080.0,2026-06-14T08:27:42+00:00,0.07078732444444444,-120.24591808393598,13.216628254391253,-868.2461488423869,876.6328393677137,-73.0335470419257,-865.290857637768,120.0956608411418,-163.77656304141723,-63.61872121934054,175.6989023620907
1781425722.0,34140.0,2026-06-14T08:28:42+00:00,0.0714817688888889,-164.90466915164143,42.269775332883,-851.3683320300188,868.221354608536,-73.06275410319634,-857.818777054549,112.32586653916758,-54.5000798897838,158.38195899176114,167.49657800104671
1781425782.0,34200.0,2026-06-14T08:29:42+00:00,0.07217621333333334,-208.33880276139826,71.22960368357599,-830.8155079921708,859.4958531006772,-72.4168161022895,-850.1005818093295,104.00926425231297,-62.08919269412984,145.74634901665766,158.42053560411344
1781425842.0,34260.0,2026-06-14T08:30:42+00:00,0.07287065777777778,-250.31786353886127,99.95652203261852,-806.7017951877788,850.5399023342187,-71.10123430562508,-842.1970478112997,95.22012707852197,-64.3572004186244,133.88121252724923,148.54638438376568
1781425902.0,34320.0,2026-06-14T08:31:42+00:00,0.07356510222222222,-290.62670950684696,128.30198128987104,-779.174852124881,841.4503745709036,-69.1370954275919,-834.1811113758476,86.02713714349375,-62.95070408114931,122.75750967933062,137.9572300641883
1781425962.0,34380.0,2026-06-14T08:32:42+00:00,0.07425954666666666,-329.07838996872306,156.12315591517836,-748.4141935328953,832.3405743076664,-66.54920716426786,-826.1418278628802,76.49650266517264,-58.94583896903862,112.19932220346297,126.74107398424684
1781426022.0,34440.0,2026-06-14T08:33:42+00:00,0.07495399111111112,-365.5233448278159,183.29513345379382,-714.6204554163851,823.3388226371208,-63.355343124868654,-818.1839198125055,66.6932584243245,-53.06355132584516,102.00962205661092,114.98566637387115
1781426082.0,34500.0,2026-06-14T08:34:42+00:00,0.07564843555555556,-399.8409199458547,209.72577204322442,-677.9911737497896,814.5733192321557,-59.55589453575701,-810.4127096446824,56.69239699731017,-45.82230193415573,92.00148694744362,102.78111185955117
1781426142.0,34560.0,2026-06-14T08:35:42+00:00,0.07634288,-431.89870755793527,235.33960269857198,-638.7045542066917,806.1418794188188,-55.156184484164505,-802.9023784701063,46.58643271490399,-37.62129088985032,82.03152044614004,90.24706020100724
1781426202.0,34620.0,2026-06-14T08:36:42+00:00,0.07703732444444444,-461.5558531717397,260.05448932014406,-596.9552795607597,798.1339165880111,-50.1928234229747,-795.7186976586986,36.471680538370165,-28.76825524115138,72.02246826409879,77.5554539956614
1781426262.0,34680.0,2026-06-14T08:37:42+00:00,0.07773176888888889,-488.6890156297013,283.7965170224197,-552.9452300723642,790.6363541673016,-44.705303703789966,-788.9284285325965,26.44267393442578,-19.515295537951236,61.92280044656654,64.92518752440289
1781426322.0,34740.0,2026-06-14T08:38:42+00:00,0.07842621333333333,-513.177034010645,306.4922176268883,-506.88445350248367,783.7218874730513,-38.74864670291127,-782.5874695410604,16.5949329716902,-10.077241369910272,51.7182407636619,52.69086468559357
1781426382.0,34800.0,2026-06-14T08:39:42+00:00,0.07912065777777778,-534.9133355184458,328.0684286574833,-459.0016022445634,777.4597361023501,-32.39537852944914,-776.7528016100599,7.018967245437583,-0.6365956686120137,41.42891292378614,41.43380359189764
1781426442.0,34860.0,2026-06-14T08:40:42+00:00,0.07981510222222223,-553.8124178797007,348.44833261100575,-409.5416716579348,771.9124403204847,-25.735334290080075,-771.4801582518235,-2.2076037337168626,8.657862161687046,31.10484929668347,32.287307521380015
1781426502.0,34920.0,2026-06-14T08:41:42+00:00,0.08050954666666667,-569.8227439075708,367.54480389365926,-358.77875226549804,767.1436211171733,-18.887936903204686,-766.8317187715834,-11.03160668844501,17.702788233746215,20.837231229097192,27.34188941064108
1781426562.0,34980.0,2026-06-14T08:42:42+00:00,0.08120399111111111,-582.9709836761467,385.2924359436147,-307.01096178777516,763.2569420985002,-11.981224665852384,-762.9155467180527,-19.428805752138224,26.437603940690767,10.7312496424038,28.532553706466928
1781426622.0,35040.0,2026-06-14T08:43:42+00:00,0.08189843555555555,-593.3703166102059,401.67495759157464,-254.46978355944157,760.385412100389,-5.076156525315085,-759.8744700451082,-27.40433074670552,34.82865650736857,0.8121227153168675,34.8381236207262
1781426682.0,35100.0,2026-06-14T08:44:42+00:00,0.08259288000000001,-601.1435886005638,416.68214181018993,-201.2820904739201,758.6251388957807,1.8310570311455572,-757.8158212057937,-34.984707015775676,42.86187023513962,-8.97156497604874,43.790739867846625
1781426742.0,35160.0,2026-06-14T08:45:42+00:00,0.08328732444444445,-606.3802401196444,430.29058176255785,-147.53350286372006,758.0323969517117,8.748569456111996,-756.8065701494832,-42.1947003710726,50.52603987249538,-18.67010292247557,53.8651413098752
1781426802.0,35220.0,2026-06-14T08:46:42+00:00,0.08398176888888889,-609.151441975846,442.4806639235467,-93.29641789384186,758.6559423080382,15.679300318214521,-756.9063552319125,-49.04862638617732,57.802104524681624,-28.32056741715428,64.36721080108879
1781426862.0,35280.0,2026-06-14T08:47:42+00:00,0.08467621333333333,-609.5192734880839,453.2344350926578,-38.61686796788126,760.5435295884457,22.6372335333195,-758.1735825250197,-55.559291014070304,64.66971364981087,-37.96974880079612,74.99249087438083
1781426922.0,35340.0,2026-06-14T08:48:42+00:00,0.08537065777777778,-607.5366294880514,462.52603444934357,16.49252363666892,763.7428180016119,29.65503148634713,-760.6649314856056,-61.74571373452472,71.11436733384731,-47.685689392468284,85.62229974795312
1781426982.0,35400.0,2026-06-14T08:49:42+00:00,0.08606510222222222,-603.2370586993638,470.30527852778323,72.05215485580266,768.2925985708309,36.786073505231016,-764.4248924433791,-67.63790082280852,77.13182097463103,-57.561616921243335,96.24270127885282
1781427042.0,35460.0,2026-06-14T08:50:42+00:00,0.08675954666666667,-596.6283348624129,476.4831093084067,128.0978047149256,774.2161009625709,44.09437709135394,-769.4779823649659,-73.27954389972908,82.73174218643855,-67.70454309323371,106.90391162472436
1781427102.0,35520.0,2026-06-14T08:51:42+00:00,0.08745399111111112,-587.6948517386336,480.92463371939084,184.65367528051138,781.5182159571364,51.63814763544652,-775.8259648009355,-78.72925709228291,87.94040692220382,-78.21589217663399,117.6912951693099
1781427162.0,35580.0,2026-06-14T08:52:42+00:00,0.08814843555555556,-576.4029068662785,483.4641056579421,241.70538124721497,790.1894354060873,59.45353893146458,-783.4542595989913,-84.04786524422936,92.78613557568822,-89.17009809507458,128.68789123050863
1781427222.0,35640.0,2026-06-14T08:53:42+00:00,0.08884288,-562.7020171233453,483.93905981234275,299.2081541111693,800.222527284348,67.56859232461386,-792.3512902690228,-89.27491984669713,97.26606297587718,-100.62838734977626,139.95270396617536
1781427282.0,35700.0,2026-06-14T08:54:42+00:00,0.08953732444444444,-546.5144724412821,482.17278130934574,357.0886885104701,811.5916405961132,76.01355669293245,-802.4869018954334,-94.4335881487633,101.34829335241507,-112.65280157602659,151.53260463799467
1781427342.0,35760.0,2026-06-14T08:55:42+00:00,0.09023176888888888,-527.7613698723726,477.9652383935172,415.21020879782736,824.2465348013726,84.79009820966968,-813.8077443032192,-99.5487051134822,104.99799199379699,-125.27204969104696,163.4553907233579
1781427402.0,35820.0,2026-06-14T08:56:42+00:00,0.09092621333333334,-506.3903955044225,471.1195988447871,473.36358485464007,838.1276707884274,93.85682474450542,-826.2555545084304,-104.64534215186134,108.17696642913569,-138.4642739520421,175.71172763044737
1781427462.0,35880.0,2026-06-14T08:57:42+00:00,0.09162065777777778,-482.3907131482847,461.4719610628672,531.2973276944831,853.1904953726442,103.14388232358823,-839.7926808896276,-109.74340097540146,110.83249152759764,-152.1749412907128,188.25794521094426
1781427522.0,35940.0,2026-06-14T08:58:42+00:00,0.09231510222222222,-455.7828190661967,448.8803604147397,588.7504101609811,869.4012891563478,112.58188825883424,-854.3946005352843,-114.86420939068388,112.89605615758111,-166.35492781565284,201.0459686352521
1781427582.0,36000.0,2026-06-14T08:59:42+00:00,0.09300954666666666,-426.61228365590796,433.2074077902362,645.448501537554,886.7189334098593,122.10303413595702,-870.0299905611244,-120.03804166397393,114.28668307817127,-180.96510798511898,214.0322784933995
1781427642.0,36060.0,2026-06-14T09:00:42+00:00,0.0937039911111111,-394.95209427597,414.3245766465552,701.092727904208,905.0873022567965,131.63060679435387,-886.6543945348552,-125.30120794894748,114.9019499715033,-195.96490506064185,227.16668356667142
1781427702.0,36120.0,2026-06-14T09:01:42+00:00,0.09439843555555556,-360.89645694522187,392.1299703256227,755.3624973678961,924.4374877151256,141.07955867137593,-904.2145211807979,-130.6802452703669,114.58753694995477,-211.3105462764937,240.37980487538348
1781427762.0,36180.0,2026-06-14T09:02:42+00:00,0.09509287999999999,-324.5573689341545,366.5537545462139,807.9212160287425,944.6882194728315,150.36061643140252,-922.6486729148935,-136.18716314507506,113.1139961633215,-226.95884007758318,253.58448536414426
1781427822.0,36240.0,2026-06-14T09:03:42+00:00,0.09578732444444443,-286.0688497442752,337.56700885342434,858.4233896592632,965.7523430850996,159.37769591772295,-941.8937684332647,-141.81843041333238,110.15171678516025,-242.86165270222426,266.67430146899034
1781427882.0,36300.0,2026-06-14T09:04:42+00:00,0.09648176888888887,-245.57756529934704,305.1867227857001,906.5246407566592,987.5394678907882,168.03444456963976,-961.8879159395893,-147.5474948943111,105.22203664862744,-258.964176255808,279.5248138901702
1781427942.0,36360.0,2026-06-14T09:05:42+00:00,0.09717621333333332,-203.2455721059814,269.4806116372347,951.8740087966435,1009.9468754601196,176.22244058494547,-982.5631869742734,-153.3229476917998,97.64171239921633,-275.172037932795,291.982113254115
1781428002.0,36420.0,2026-06-14T09:06:42+00:00,0.09787065777777777,-159.268092405051,230.57428832910955,994.1299588433467,1032.8723070964259,183.81076725591606,-1003.8586452060504,-159.08056151698145,86.45424916431386,-291.30484302500025,303.86320732919495
1781428062.0,36480.0,2026-06-14T09:07:42+00:00,0.09856510222222221,-113.8692014599219,188.6378187695518,1032.9911083024926,1056.2296395875599,190.6631271160802,-1025.730988367557,-164.75607122075525,70.30193923682157,-307.03694541304844,314.9826162013279
1781428122.0,36540.0,2026-06-14T09:08:42+00:00,0.09925954666666666,-67.2825354654342,143.86433398909867,1068.205096670892,1079.9472277507148,196.65727712044915,-1048.1478471750838,-170.28805167792075,47.217183616087496,-321.7269058202856,325.17328358481456
1781428182.0,36600.0,2026-06-14T09:09:42+00:00,0.0999539911111111,-19.736964172683656,96.45670622959733,1099.5607243622653,1103.9597956861862,201.69272851054365,-1071.0772527960996,-175.6154671440376,14.37525822630772,-333.98281739774797,334.2920435278269
1781428242.0,36660.0,2026-06-14T09:10:42+00:00,0.10064843555555554,28.547205097042024,46.624437930993736,1126.8787552255671,1128.2041083553797,205.68821642745837,-1094.4830619130835,-180.6756622188205,9.484047621336904,342.0840793791074,342.21552349935155
1781428302.0,36720.0,2026-06-14T09:11:42+00:00,0.10134288,77.3653010930866,-5.408108087256551,1150.0093366157962,1152.6214086810166,208.57697986510908,-1118.3295072414226,-185.39381988976393,3.426605231663033,348.8098298679006,348.82666044310236
1781428362.0,36780.0,2026-06-14T09:12:42+00:00,0.10203732444444444,126.56028000917286,-59.41042456869036,1168.834081845067,1177.1661793927112,210.33091054987818,-1142.5882264583875,-189.66619817977343,-2.4567603925568595,354.01380586353184,354.0223303883653
1781428422.0,36840.0,2026-06-14T09:13:42+00:00,0.10273176888888888,176.02990055084229,-115.17645714711398,1183.224101527565,1201.778439066292,210.98179632695343,-1167.2050027828811,-193.36643892330375,-7.982826933899653,357.6466345838962,357.7357135582685
1781428482.0,36900.0,2026-06-14T09:14:42+00:00,0.10342621333333332,225.66885244008154,-172.50700284261256,1193.0063077745726,1226.3560442959795,210.57788111541555,-1192.0759609472757,-196.3695666284725,-12.970488894815482,359.67950408211306,359.91329405695103
1781428542.0,36960.0,2026-06-14T09:15:42+00:00,0.10412065777777776,275.3337933206931,-231.17430562060326,1198.0024595427094,1250.783814411552,209.14636412781502,-1217.082837780364,-198.56312534436765,-17.281508749404722,360.0746017013089,360.48906964707265
1781428602.0,37020.0,2026-06-14T09:16:42+00:00,0.1048151022222222,324.86561892554164,-290.9360434645787,1198.0647301389836,1274.9668816677922,206.71756195926991,-1242.1228158115332,-199.84821582325486,-20.801048224208817,358.805619123838,359.40806324019303
1781428662.0,37080.0,2026-06-14T09:17:42+00:00,0.10550954666666666,374.10658732708544,-351.54982821829617,1193.0546872296836,1298.8158095444287,203.3464470056236,-1267.0909984377874,-200.13278414760103,-355.0744907287768,33.37890103719859,356.6399374730084
1781428722.0,37140.0,2026-06-14T09:18:42+00:00,0.1062039911111111,422.88791689136997,-412.76147712394595,1182.8269573869184,1322.2276046019683,199.10174540648245,-1291.8636693360409,-199.33036195515004,-345.3620766247872,68.89894411273842,352.1676141703488
1781428782.0,37200.0,2026-06-14T09:19:42+00:00,0.10689843555555555,471.00779257621616,-474.2919667484239,1167.2437078957446,1345.08701726387,194.04506900422012,-1316.301678317417,-197.37144389630672,-333.0901890614757,93.55453188514844,345.9790809937198
1781428842.0,37260.0,2026-06-14T09:20:42+00:00,0.10759287999999999,518.232981541194,-535.8502786960453,1146.2032695761882,1367.2903420718105,188.23505170995108,-1340.2723901000404,-194.21731427997426,-319.5691409641042,110.34860181340987,338.0846784146096
1781428902.0,37320.0,2026-06-14T09:21:42+00:00,0.10828732444444443,564.3105288697407,-597.1504508806393,1119.6304322257638,1388.7430787392777,181.7484129536749,-1363.64494028369,-189.86134407445923,-305.2884996802825,121.39251959833028,328.53799148876044
1781428962.0,37380.0,2026-06-14T09:22:42+00:00,0.10898176888888889,608.9592870241031,-657.8862038152292,1087.4741356913,1409.342281428063,174.65854211888623,-1386.2779639535875,-184.3189261645656,-290.39829087269516,128.1303400034293,317.40912301188956
1781429022.0,37440.0,2026-06-14T09:23:42+00:00,0.10967621333333333,651.8738442729227,-717.715236064978,1049.7368643251248,1428.9864076505805,167.01333313186458,-1408.0339424545964,-177.62071022845916,-274.91362529622313,131.5352214405778,304.76058776182657
1781429082.0,37500.0,2026-06-14T09:24:42+00:00,0.11037065777777777,692.7402263022959,-776.2632327247411,1006.5004061125219,1447.5899609773112,158.82721668158024,-1428.7951645051023,-169.80868131610146,-258.8040753598713,132.2530799410319,290.6379647891289
1781429142.0,37560.0,2026-06-14T09:25:42+00:00,0.11106510222222221,731.2598672965541,-833.1553510287777,957.9349914873019,1465.1035050064677,150.0967077425336,-1448.4811299796575,-160.9399726604417,-242.04472280786558,130.71845854046015,275.08719207249635
1781429202.0,37620.0,2026-06-14T09:26:42+00:00,0.11175954666666665,767.1678698593751,-888.0534185674042,904.273478474468,1481.518119580769,140.8331365330418,-1467.0491949991253,-151.09144831135268,-224.64627395345383,127.25706710365635,258.1865789095063
1781429262.0,37680.0,2026-06-14T09:27:42+00:00,0.1124539911111111,800.2259523961693,-940.6751787108369,845.7621628278866,1496.8450162933789,131.0930218947151,-1484.4718338367286,-140.36736429190933,-206.67422854288154,122.1632222154359,240.0793402312102
1781429322.0,37740.0,2026-06-14T09:28:42+00:00,0.11314843555555555,830.1921503690537,-990.7668199385516,782.6331013273448,1511.0765928035553,120.96906670719389,-1500.7011468759033,-128.89927068894013,-188.24268781410916,115.71745623934319,220.96569687167388
1781429382.0,37800.0,2026-06-14T09:29:42+00:00,0.11384288,856.8146356462967,-1038.0683363350108,715.1219011237845,1524.1773270279048,110.5616649025421,-1515.6658349959039,-116.83201233428008,-169.48766491911115,108.17316105056909,201.0659129027227
1781429442.0,37860.0,2026-06-14T09:30:42+00:00,0.11453732444444444,879.8366130213253,-1082.2933563655242,643.4803624236956,1536.078888491968,99.96766692688233,-1529.269186282131,-104.30998575354627,-150.54714582593087,99.75645314539338,180.59843039318798
1781429502.0,37920.0,2026-06-14T09:31:42+00:00,0.11523176888888888,899.012103572255,-1123.1091391560622,568.0141695402563,1546.6858108949566,89.24992847505641,-1541.3976340749605,-91.45917974211848,-131.5324576355475,90.6385968114724,159.73773080772042
1781429562.0,37980.0,2026-06-14T09:32:42+00:00,0.11592621333333332,914.1373387213098,-1160.1589234848507,489.10813555587083,1555.9057073142146,78.43250756122873,-1551.9495332811066,-78.38085199306936,-112.52064644707961,80.93441442289895,138.60474492183246
1781429622.0,38040.0,2026-06-14T09:33:42+00:00,0.11662065777777776,925.0674419832067,-1193.0912643154152,407.21939898468554,1563.6637030105155,67.51379098338381,-1560.8462324635318,-65.15445298678387,-93.56127641461313,70.71994450585022,117.28181016356363
1781429682.0,38100.0,2026-06-14T09:34:42+00:00,0.11731510222222222,931.7199136831914,-1221.581384949619,322.86095409002155,1569.9051797115524,56.478720978946214,-1568.0321009915976,-51.8435880473184,-74.68573534964312,60.048284525074884,95.83191294720815
1781429742.0,38160.0,2026-06-14T09:35:42+00:00,0.11800954666666666,934.0687907054817,-1245.3472656917293,236.58359333593398,1574.5939522847184,45.30890842157445,-1573.4708596869416,-38.50546851152372,-55.919881740923906,48.96215145935443,74.32580608003978
1781429802.0,38220.0,2026-06-14T09:36:42+00:00,0.1187039911111111,932.1251782790059,-1264.162397612352,148.96353409811854,1577.7053115235683,33.98697736354998,-1577.1377229288807,-25.209884848508835,-37.30721936254627,37.49755429074271,52.895133938315574
1781429862.0,38280.0,2026-06-14T09:37:42+00:00,0.11939843555555554,925.9206892377697,-1277.859523177147,60.597643912769854,1579.2169446218752,22.49427329242807,-1579.010739450125,-12.051993655220185,-18.923306096256518,25.680254857447345,31.89932606115789
1781429922.0,38340.0,2026-06-14T09:38:42+00:00,0.12009287999999999,915.5148639306426,-1286.3290354411001,-27.895347458310425,1579.1098770847436,10.802519486161527,-1579.0726951614383,0.8560811505897877,-0.8629488263134761,13.517968744885502,13.545484844203147
1781429982.0,38400.0,2026-06-14T09:39:42+00:00,0.12078732444444444,901.0182734201662,-1289.5281777580676,-115.8949063597247,1577.3865980124306,-1.1164818809257497,-1577.329256094099,13.403392371894961,16.78153971821599,1.0159744894115124,16.81226574490172
1781430042.0,38460.0,2026-06-14T09:40:42+00:00,0.12148176888888888,882.6023663361557,-1287.4661420808989,-202.81420598737895,1574.0678531172491,-13.270369322413265,-1573.8052713468387,25.50434073049331,33.94769082513017,-11.793062191180075,35.937752130644846
1781430102.0,38520.0,2026-06-14T09:41:42+00:00,0.12217621333333333,860.4976584473625,-1280.1857028157683,-288.1041604457423,1569.1831190633686,-25.652364392136075,-1568.5344823351545,37.11057908635274,50.61954682999107,-24.854018331305774,56.39202734861146
1781430162.0,38580.0,2026-06-14T09:42:42+00:00,0.12287065777777777,834.9817327519413,-1267.7758289774647,-371.25470797810704,1562.7796085068558,-38.24666807477828,-1561.5679297308227,48.19645196704861,66.81127233777272,-38.09749191513706,76.91010987910477
1781430222.0,38640.0,2026-06-14T09:43:42+00:00,0.12356510222222221,806.347623164067,-1250.3765548204537,-451.82395291887224,1554.9221532469858,-51.003117055548955,-1552.9750764498951,58.7366719716232,82.53521256495748,-51.41126067179888,97.23774491937978
1781430282.0,38700.0,2026-06-14T09:44:42+00:00,0.12425954666666665,774.8797097825445,-1228.1359008895233,-529.4409609977156,1545.659757795546,-63.827096513359315,-1542.812006319093,68.71172954391406,97.80616323648277,-64.62549399394302,117.22840970090263
1781430342.0,38760.0,2026-06-14T09:45:42+00:00,0.1249539911111111,740.8668847032823,-1201.1865878545213,-603.7608510060236,1535.0114412925566,-76.61640506276223,-1531.10632042828,78.12481628064494,112.66869412144634,-77.55290812170266,136.77970680318512
1781430402.0,38820.0,2026-06-14T09:46:42+00:00,0.12564843555555555,704.613561627455,-1169.675302900374,-674.4560952074826,1522.994290799192,-89.27493081934949,-1517.884584859552,86.9941583089292,127.19045433467905,-90.00393551644623,155.81437700774177
1781430462.0,38880.0,2026-06-14T09:47:42+00:00,0.12634288,666.4127131802961,-1133.7666293336079,-741.2234035301954,1509.6174376376623,-101.69789556158706,-1503.1681627766134,95.33006069874222,141.43099401720315,-101.76979038586518,174.24068498452675
1781430522.0,38940.0,2026-06-14T09:48:42+00:00,0.12703732444444443,626.5464023044333,-1093.6419802373275,-803.7552067292854,1494.869762729345,-113.79347034886544,-1486.9601649601316,103.13157348837527,155.4432294312013,-112.64582837083783,191.96791457260076
1781430582.0,39000.0,2026-06-14T09:49:42+00:00,0.12773176888888887,585.3130378341302,-1049.5176098351367,-861.7305539129302,1478.7353086877183,-125.50497344650414,-1469.2578794056844,110.39881613615367,169.2966651421923,-122.4497730830673,208.93852626158312
1781430642.0,39060.0,2026-06-14T09:50:42+00:00,0.12842621333333332,543.0461491122842,-1001.6643926482648,-914.830525056459,1461.2137301367568,-136.8177689368772,-1450.0704098970018,117.14209142939025,183.09561501930673,-131.0177037665474,225.1436051491513
1781430702.0,39120.0,2026-06-14T09:51:42+00:00,0.12912065777777776,500.1181799992919,-950.4204782159068,-962.7717079846188,1442.3406813487504,-147.75180167100305,-1429.437641827387,123.38587562402901,196.98930963343534,-138.17790169191179,240.61986747946875
1781430762.0,39180.0,2026-06-14T09:52:42+00:00,0.1298151022222222,456.92822612123564,-896.1872483137995,-1005.3436624705791,1422.199306544732,-158.34369103074118,-1407.4421975475573,129.16889567376597,211.17471290815553,-143.70478691596492,255.43262351235558
1781430822.0,39240.0,2026-06-14T09:53:42+00:00,0.13050954666666667,413.8734770505689,-839.4072941634804,-1042.4501122329384,1400.927584493663,-168.6139873421989,-1384.2204887878356,134.54017499535098,225.88710391382338,-147.24419469608554,269.6401983871715
1781430882.0,39300.0,2026-06-14T09:54:42+00:00,0.1312039911111111,371.29976751003414,-780.5148214381188,-1074.1244461159222,1378.6987450423753,-178.52370950913277,-1359.950904226264,139.54588069407907,241.36655100263673,-148.21209481751805,283.2395399535619
1781430942.0,39360.0,2026-06-14T09:55:42+00:00,0.13189843555555555,329.47208093386143,-719.8834496373311,-1100.4738581003621,1355.664687722937,-187.9668607455494,-1334.8018259206797,144.2195906221207,257.8242710046825,-145.70884945203707,296.14932640094315
1781431002.0,39420.0,2026-06-14T09:56:42+00:00,0.13259288,288.60400692746043,-657.829949115403,-1121.6363733592443,1331.9537037037878,-196.8065164148758,-1308.925891004938,148.5963517849898,275.4261523184023,-138.4261921080286,308.25537471786043
1781431062.0,39480.0,2026-06-14T09:57:42+00:00,0.13328732444444444,248.87428805744275,-594.6142732584849,-1137.7578386585228,1307.6687059984758,-204.8865407534847,-1282.4567048266986,152.72115213959356,294.18977330343245,-124.44731788445695,319.42879902250525
1781431122.0,39540.0,2026-06-14T09:58:42+00:00,0.13398176888888888,210.43713362701237,-530.457101220265,-1148.9675382603891,1282.885391381591,-212.05016447696346,-1255.5049059594137,156.64318139464123,313.6938696931234,-100.9633167215941,329.5412496281326
1781431182.0,39600.0,2026-06-14T09:59:42+00:00,0.13467621333333332,173.4265258833766,-465.57939296402037,-1155.3686305349693,1257.663549387106,-218.16644567901267,-1228.1667965837635,160.39739775301015,-310.6658687846297,134.3701901954168,338.47988129409
1781431242.0,39660.0,2026-06-14T10:00:42+00:00,0.13537065777777776,137.94044366804883,-400.2363367937505,-1157.0692210253328,1232.0819264698225,-223.13728095123588,-1200.5607455795096,163.9802535577093,-316.3601955019181,140.45770491300257,346.13890299623927
1781431302.0,39720.0,2026-06-14T10:01:42+00:00,0.1360651022222222,104.0080422302708,-334.65770134702325,-1154.206132708583,1206.2359830072846,-226.8311943241661,-1172.8364100787833,167.35474650136206,-321.27633640588186,144.69888951422598,352.35813168002176
1781431362.0,39780.0,2026-06-14T10:02:42+00:00,0.13675954666666665,71.62766603846103,-269.0024463618174,-1146.8455480269913,1180.1472576420665,-229.07496225716747,-1145.0797610633724,170.4832900609832,-325.2996097471422,146.92257430620785,356.939881411991
1781431422.0,39840.0,2026-06-14T10:03:42+00:00,0.1374539911111111,40.85309043247253,-203.45403787028044,-1134.9610192420369,1153.7759902695707,-229.75473040289552,-1117.3010432176573,173.34987281436366,-328.36109173923376,147.01174668004415,359.7686204077545
1781431482.0,39900.0,2026-06-14T10:04:42+00:00,0.13814843555555553,11.815752092283219,-138.26662169210613,-1118.5156406257302,1127.0911715544762,-228.843930544045,-1089.494496428254,175.97359660397711,-330.4676574924272,144.9276368653859,360.85023566005515
1781431542.0,39960.0,2026-06-14T10:05:42+00:00,0.13884288,-15.29327172646299,-73.75894097052515,-1097.5058844480664,1100.0879200915376,-226.38693783624004,-1061.656195473923,178.40546213692934,-331.6881200344397,140.69397642297304,360.2940520931326
1781431602.0,40020.0,2026-06-14T10:06:42+00:00,0.13953732444444444,-40.25924426270649,-10.33019217569381,-1072.0081971208565,1072.813634473994,-222.50715000566595,-1033.8120137514313,180.69970318975783,-332.12752661782287,134.4215060026656,358.2985280646535
1781431662.0,40080.0,2026-06-14T10:07:42+00:00,0.14023176888888889,-62.891594264656305,51.574856464751065,-1042.2109376490116,1045.3798147103003,-217.37754921663526,-1006.0393031891425,182.89581334469023,-23.466174394681296,354.3291508796603,355.1053484584858
1781431722.0,40140.0,2026-06-14T10:08:42+00:00,0.14092621333333333,-83.05004377709702,111.52083876449615,-1008.411424768623,1017.9527537435117,-211.18510688636985,-978.4661033743461,185.02092862920907,-63.47471140925404,345.1750200278613,350.96272371823557
1781431782.0,40200.0,2026-06-14T10:09:42+00:00,0.14162065777777777,-100.65735518932343,169.12491592485458,-970.9870435809717,990.7325467261154,-204.10351893186333,-951.25666714925,187.09218558279304,-94.94290316847488,332.8209757953548,346.0981895234798
1781431842.0,40260.0,2026-06-14T10:10:42+00:00,0.1423151022222222,-115.6957934089005,224.07589428219944,-930.3489511939697,963.921518588833,-196.2792323959702,-924.5829231130718,189.11788708722946,-120.18347738928212,318.80369306196405,340.70494998946975
1781431902.0,40320.0,2026-06-14T10:11:42+00:00,0.14300954666666665,-128.19664508476853,276.12464174162596,-886.9135483177379,937.7072249788266,-187.83971644939493,-898.6066410854062,191.0947024354852,-140.82734214091303,303.902344990933,334.94622790152727
1781431962.0,40380.0,2026-06-14T10:12:42+00:00,0.1437039911111111,-138.2309819208458,325.085724638775,-841.0911356559955,912.2624793368468,-178.89306144610876,-873.4793313891729,193.012852961073,-158.00323439196242,288.5282555260189,328.9583200273388
1781432022.0,40440.0,2026-06-14T10:13:42+00:00,0.14439843555555554,-145.8948945524171,370.8409137930721,-793.2664707014337,887.7386986824728,-169.52081706878968,-849.3350706280744,194.86566531840262,-172.50762485448314,272.9018004892491,322.8533310083838
1781432082.0,40500.0,2026-06-14T10:14:42+00:00,0.14509287999999998,-151.28907744190656,413.3163848062977,-743.7883556960151,864.2568697855705,-159.79222070138013,-826.277009844126,196.653721495232,-184.91525177053018,257.15481644907646,316.73687811859986
1781432142.0,40560.0,2026-06-14T10:15:42+00:00,0.14578732444444442,-154.53139839950018,452.4609771762043,-692.9983941745013,841.930913606923,-149.79021751246637,-804.4006761649495,198.36861195745763,-195.6270885947275,241.3971134531521,310.7129288838225
1781432202.0,40620.0,2026-06-14T10:16:42+00:00,0.1464817688888889,-155.7934552305378,488.26403776556253,-641.230085959658,820.8833013331619,-139.59259063453558,-783.8213356346705,199.96853965424344,-204.8978270904722,225.7083007647038,304.8398867938496
1781432262.0,40680.0,2026-06-14T10:17:42+00:00,0.14717621333333333,-155.29097408987582,520.759816467762,-588.7654134286568,801.2183130278144,-129.2461450096946,-764.6517886194688,201.37989296927583,-212.8761722232631,210.1190803892144,299.1091650953503
1781432322.0,40740.0,2026-06-14T10:18:42+00:00,0.14787065777777778,-153.24867910088506,550.0024006841704,-535.8315974539146,783.009131003292,-118.78477612602586,-746.9812843590282,202.51527599802762,-219.64170837741608,194.64339514119882,293.47662825349954
1781432382.0,40800.0,2026-06-14T10:19:42+00:00,0.14856510222222222,-149.8840642241994,576.0657317279838,-482.6244483590126,766.3180267574961,-108.24507302980822,-730.8890486814536,203.29171359353015,-225.2385018073661,179.3033032902501,287.89244044820333
1781432442.0,40860.0,2026-06-14T10:20:42+00:00,0.14925954666666666,-145.4169306398835,599.0662039560266,-429.30449315719306,751.2181762204392,-97.64923398058784,-716.4687921102853,203.63164125203127,-229.69139878506058,164.10747937449153,282.2931162151973
1781432502.0,40920.0,2026-06-14T10:21:42+00:00,0.1499539911111111,-140.05563012871426,619.1517797801644,-375.9581024395302,737.7730008109734,-86.97978208629034,-703.8082829897751,203.46355700428168,-233.01903468968524,149.01900247366183,276.5945292769869
1781432562.0,40980.0,2026-06-14T10:22:42+00:00,0.15064843555555554,-133.97077229255228,636.4534910069779,-322.60112957749516,726.0115032479224,-76.19850919488985,-692.9567017735508,202.72518223424134,-235.23803324271879,133.97805122092532,270.71581130931264
1781432622.0,41040.0,2026-06-14T10:23:42+00:00,0.15134287999999999,-127.2991884782241,651.0567268533632,-269.22472615819424,715.9342833970056,-65.28428539010041,-683.9265362569273,201.35628430195473,-236.35099851042025,118.946171312825,264.59400251489564
1781432682.0,41100.0,2026-06-14T10:24:42+00:00,0.15203732444444443,-120.16293240658706,663.0286346988287,-215.82740033604205,707.5503992585666,-54.24273696832283,-676.7310375473791,199.29976366566544,-236.35035504201386,103.917910065873,258.1867974179642
1781432742.0,41160.0,2026-06-14T10:25:42+00:00,0.15273176888888887,-112.6715587793733,672.4434393828269,-162.3885141639039,700.888784943189,-43.07248013646166,-671.397745732273,196.50678700659665,-235.23408369900662,88.87938138977462,251.46494501210356
1781432802.0,41220.0,2026-06-14T10:26:42+00:00,0.1534262133333333,-104.91756113688461,679.3657618553843,-108.8377251625061,695.9821717794271,-31.7390322629078,-667.953522085925,192.92980484836912,-233.0035311936891,73.77396450295791,244.4038530531222
1781432862.0,41280.0,2026-06-14T10:27:42+00:00,0.15412065777777778,-96.97463289392181,683.8108322671615,-55.05876439623535,692.8439949134719,-20.1784819558202,-666.4005862213522,188.50965184163877,-229.64824966431317,58.50395398245902,236.98318760086
1781432922.0,41340.0,2026-06-14T10:28:42+00:00,0.15481510222222222,-88.9021125449799,685.7112877342952,-0.9298856230452657,691.4509530172459,-8.32657153349857,-666.6972184676251,183.16633839897253,-225.13135094374962,42.96436027075915,229.19437478095605
1781432982.0,41400.0,2026-06-14T10:29:42+00:00,0.15550954666666666,-80.74585220450535,684.9298292365856,53.61916851717979,691.7541317973922,3.8442780141879376,-668.7643567929853,176.81412689199402,-219.4037327920482,27.09056701760086,221.06989117566332
1781433042.0,41460.0,2026-06-14T10:30:42+00:00,0.1562039911111111,-72.54552095779218,681.3080153159099,108.58912064787,693.7110792454012,16.318733178769445,-672.5174989379522,169.37819823548918,-212.42529543553022,10.867897098669273,212.70312016568906
1781433102.0,41520.0,2026-06-14T10:31:42+00:00,0.15689843555555555,-64.3424086170271,674.6797795968596,163.95528157800436,697.2905311997505,29.083449802360214,-677.8759252643894,160.7870262035208,-204.1649438271074,-5.726487730485307,204.2452372753238
1781433162.0,41580.0,2026-06-14T10:32:42+00:00,0.15759288,-56.1756598406937,664.8455571783707,219.6378954006359,702.4358509888118,42.10717645863508,-684.726770725137,150.9713876778749,-194.59723873155988,-22.70048184563367,195.91681193295193
1781433222.0,41640.0,2026-06-14T10:33:42+00:00,0.15828732444444443,-48.08937489474192,651.6146906311624,275.4747204706073,709.0843494553181,55.314499655535805,-692.9465785140777,139.87837608423513,-183.71584440844703,-40.013408233432735,188.02282926592733
1781433282.0,41700.0,2026-06-14T10:34:42+00:00,0.15898176888888887,-40.138306996785104,634.8380141300149,331.23964434303343,717.1820479192214,68.59540216963502,-702.4207362250407,127.47497785787715,-171.54025526404104,-57.58853653840796,180.94888426483294
1781433342.0,41760.0,2026-06-14T10:35:42+00:00,0.15967621333333332,-32.384950794279575,614.4170380998403,386.65160556323826,726.6749932603698,81.807525455284,-713.0389687959181,113.75193882873045,-158.12143098068537,-75.31649024459658,175.14268651058217
1781433402.0,41820.0,2026-06-14T10:36:42+00:00,0.16037065777777776,-24.89881043182686,590.3356634168886,441.38911290466785,737.5232167556135,94.77133242169802,-724.7143576867019,98.73190754419048,-143.55101886913417,-93.04889679410492,171.07013828534338
1781433462.0,41880.0,2026-06-14T10:37:42+00:00,0.1610651022222222,-17.74232752993703,562.6559409727342,495.14044152665883,749.7069793814829,107.30659395867652,-737.3902009967136,82.47145748876441,-127.97291353593297,-110.64388104447085,169.1719096406327
1781433522.0,41940.0,2026-06-14T10:38:42+00:00,0.16175954666666667,-10.949660513084382,531.4909951142035,547.6253253445029,763.2143014327698,119.2562791175466,-751.0261780844364,65.06680900761233,-111.59981527190773,-127.99449287110359,169.81492565158965
1781433582.0,42000.0,2026-06-14T10:39:42+00:00,0.1624539911111111,-4.5083600981161,496.9709097510204,598.5887925047427,778.0160364425769,130.4982342960928,-765.5729864822498,46.660113331069525,-94.73147457854053,-145.04073713280977,173.23645027491614
1781433642.0,42060.0,2026-06-14T10:40:42+00:00,0.16314843555555555,1.6319202044978738,459.23275781515986,647.7759338384494,794.047258967844,140.92993412042136,-780.9591965624,27.43239777653975,-77.7534624622834,-161.75115043561846,179.46875937644353
1781433702.0,42120.0,2026-06-14T10:41:42+00:00,0.16384288,7.521210256498307,418.4344509318471,694.9214939093217,811.2088763244165,150.44332340852685,-797.1005462942192,7.574072007644757,-61.109274211982125,-178.1001313883996,188.29232643759124
1781433762.0,42180.0,2026-06-14T10:42:42+00:00,0.16453732444444444,13.1777327475138,374.76567463576794,739.7822656598873,829.3978322315795,158.92698414657696,-813.9290386001829,-12.747468136811273,-45.28429228319938,-194.08381433741962,199.29674888304677
1781433822.0,42240.0,2026-06-14T10:43:42+00:00,0.16523176888888888,18.607457275968045,328.4307206021622,782.1561288498342,848.517050859257,166.2889565189657,-831.3934033316732,-33.37929650699806,-30.86187994190348,-209.74919133484454,212.00749727113353
1781433882.0,42300.0,2026-06-14T10:44:42+00:00,0.16592621333333332,23.829687210265547,279.6483947392553,821.8690453809686,868.469807436163,172.45126244897276,-849.4511979779772,-54.15746265973904,-18.613654945471627,-225.17607369605932,225.94409112787662
1781433942.0,42360.0,2026-06-14T10:45:42+00:00,0.16662065777777776,28.885816694702953,228.65828029811382,858.7834605784155,889.1726669877172,177.34584581231496,-868.0821330584943,-74.89921865933664,-9.603978341805854,-240.4501334953329,240.64185649614922
1781434002.0,42420.0,2026-06-14T10:46:42+00:00,0.1673151022222222,33.844317531213164,175.69790605362505,892.8193005821668,910.5720704660403,180.9343379586926,-887.2999531032675,-95.40992654436172,-5.347991485586258,-255.63029972341093,255.68623574531892
1781434062.0,42480.0,2026-06-14T10:47:42+00:00,0.16800954666666665,38.80241402843967,120.94725045468658,923.9527555797249,932.642782243207,183.2445233423807,-907.1406744431766,-115.49805498861205,-8.065541747814125,-270.6379100395542,270.75806786550896
1781434122.0,42540.0,2026-06-14T10:48:42+00:00,0.1687039911111111,43.86708158720285,64.4728135149926,952.1793901289348,955.3672882801815,184.39731506360644,-927.6307389114501,-135.00184420872827,-21.017886462400536,-284.8934744710589,285.6677149198667
1781434182.0,42600.0,2026-06-14T10:49:42+00:00,0.16939843555555553,49.11726563517004,6.256137152202427,977.4378314120695,978.6911460267086,184.55808330699188,-948.7465892071742,-153.80046379928467,-115.11247407810619,277.3639996079746,300.3026306360223
1781434242.0,42660.0,2026-06-14T10:50:42+00:00,0.17009288,54.610698350239545,-53.77065686881542,999.6021725329338,1002.535842375207,183.9254912085428,-970.4307798900892,-171.79531533943344,-138.0216662569988,282.7052055056913,314.59849582662264
1781434302.0,42720.0,2026-06-14T10:51:42+00:00,0.17078732444444444,60.37133631343022,-115.67703981231898,1018.4346143543953,1026.75943604293,182.69749857247822,-992.5593621053669,-188.8980577336433,-159.72710050847718,287.04500505311285,328.4928942348476
1781434362.0,42780.0,2026-06-14T10:52:42+00:00,0.17148176888888889,66.34122990979813,-179.4601511573419,1033.6085313067597,1051.1677794859759,181.01635672376145,-1014.9568616341985,-205.05937737541328,-180.1248663235182,290.6122052871056,341.90703609300016
1781434422.0,42840.0,2026-06-14T10:53:42+00:00,0.17217621333333333,72.36531307199039,-244.99251293111593,1044.7851904670824,1075.5622548916672,178.934384880465,-1037.4444908234468,-220.2852208278535,-199.21229598026846,293.5354209117587,354.7514372057898
1781434482.0,42900.0,2026-06-14T10:54:42+00:00,0.17287065777777777,78.24445971776731,-312.0395367629826,1051.6974983648397,1099.7992980751735,176.44130012100166,-1059.8984127281428,-234.610993678085,-217.04475522300598,295.8685789605501,366.9422867236071
1781434542.0,42960.0,2026-06-14T10:55:42+00:00,0.1735651022222222,83.7866950458847,-380.3470620540902,1054.1371667422354,1123.7834596519197,173.54717347785362,-1082.2330394506982,-248.07718775894895,-233.67545030991118,297.68432897459684,378.4444157265315
1781434602.0,43020.0,2026-06-14T10:56:42+00:00,0.17425954666666665,88.80050984001718,-449.6261286633089,1051.877562310081,1147.3864180022351,170.27255343536905,-1104.3232992668352,-260.7161300322843,-387.69346284322086,-34.67846477678894,389.2413352287278
1781434662.0,43080.0,2026-06-14T10:57:42+00:00,0.1749539911111111,93.1143734594807,-519.4405723074451,1044.7126309033483,1170.4329437745819,166.54798133052418,-1126.016436428665,-272.51060654596836,-399.1718859295605,-6.100240098275461,399.21849587139457
1781434722.0,43140.0,2026-06-14T10:58:42+00:00,0.17564843555555554,96.638909912901,-589.2878572214395,1032.5564609132707,1192.8001100568058,162.27080311593275,-1147.2298247003548,-283.3796363990022,-407.93228974445043,14.482205632292722,408.1892787618586
1781434782.0,43200.0,2026-06-14T10:59:42+00:00,0.17634287999999998,99.32518749078736,-658.7070065932348,1015.3854039991274,1214.4002355317505,157.39125644894395,-1167.9076246794714,-293.23660185684355,-414.99082514893473,29.063129082937106,416.0072720877427
1781434842.0,43260.0,2026-06-14T11:00:42+00:00,0.17703732444444442,101.12980424193665,-727.2585824737325,993.1979967178777,1235.141507590171,151.8933698937843,-1187.9789133684096,-302.00835972939973,-420.7568357532723,39.079319797695824,422.56775559542723
1781434902.0,43320.0,2026-06-14T11:01:42+00:00,0.1777317688888889,102.01095453859307,-794.5017343685031,966.0287129795179,1254.9305618484627,145.76725479167123,-1207.3643000785353,-309.6353813563084,-425.3602809392224,45.51933059018541,427.788941018901
1781434962.0,43380.0,2026-06-14T11:02:42+00:00,0.17842621333333333,101.9331468148157,-860.00482747145,933.9624520661309,1273.6893387177067,139.00818820598025,-1225.9930675145963,-316.0731775728367,-428.81555238506087,49.062333920484754,431.6131260481197
1781435022.0,43440.0,2026-06-14T11:03:42+00:00,0.17912065777777778,100.8724394972669,-923.3588464492932,897.1248422302306,1291.3557956322165,131.62684114700912,-1243.803651519152,-321.289031979306,-431.09553505841615,50.19519334349722,434.00796972186254
1781435082.0,43500.0,2026-06-14T11:04:42+00:00,0.17981510222222222,98.81618458335288,-984.1763525176793,855.6646604202688,1307.8722194017078,123.65372248164743,-1260.7325177008,-325.25838653443265,-432.1610877346258,49.288839591335964,434.9627518078248
1781435142.0,43560.0,2026-06-14T11:05:42+00:00,0.18050954666666666,95.75786029658047,-1042.0729713616893,809.7471138024703,1323.1689362143406,115.12837666185165,-1276.6994651663567,-327.9633612063022,-431.970133996092,46.631258648030844,434.479770470043
1781435202.0,43620.0,2026-06-14T11:06:42+00:00,0.1812039911111111,91.6961235725903,-1096.6574949631467,759.5752603709698,1337.1688062861438,106.0791316295455,-1291.613974890655,-329.3948606226185,-430.48202500078685,42.43195119568546,432.56819616223646
1781435262.0,43680.0,2026-06-14T11:07:42+00:00,0.18189843555555554,86.63888827851042,-1147.5477824960835,705.4007422607392,1349.8008805952886,96.52484559881023,-1305.3884949489868,-329.55462171355106,-427.6654260844234,36.843330534808636,429.24951679980796
1781435322.0,43740.0,2026-06-14T11:08:42+00:00,0.18259287999999999,80.60438352922029,-1194.3835435905494,647.5154918776825,1361.001626768183,86.48505674666345,-1317.9388042191395,-328.4555850622602,-423.5033245686619,29.98682548770536,424.5636296523049
1781435382.0,43800.0,2026-06-14T11:09:42+00:00,0.18328732444444443,73.61853098971187,-1236.826631394215,586.243857764639,1370.708453682916,75.98270391035636,-1329.1773400286388,-326.1225114258049,-417.99459342561454,21.965756981547607,418.5713494887308
1781435442.0,43860.0,2026-06-14T11:10:42+00:00,0.18398176888888887,65.71220749604981,-1274.5624004774727,521.9475023290142,1378.8606173621747,65.03804507541948,-1339.0142124797117,-322.5950923100086,-411.1562052537382,12.864000993358445,411.3573964817106
1781435502.0,43920.0,2026-06-14T11:11:42+00:00,0.1846762133333333,56.9266063515679,-1307.3130879285745,455.0251548960805,1385.4082575068812,53.67099370219235,-1347.3674469171015,-317.9251915016557,-403.02013717118945,2.754297334166162,403.02954869251136
1781435562.0,43980.0,2026-06-14T11:12:42+00:00,0.18537065777777778,47.316423307929654,-1334.8459574729204,385.89709961786866,1390.312607146298,41.91217686073033,-1354.1643573034944,-312.17208143833903,-393.62918940311226,-8.283850879637432,393.7163457815122
1781435622.0,44040.0,2026-06-14T11:13:42+00:00,0.18606510222222222,36.94778761663474,-1356.965000828961,314.99278468918055,1393.5349320669181,29.806463354359973,-1359.3315931700524,-305.3994129706586,-383.0331066789266,-20.15703121615039,383.5631196029655
1781435682.0,44100.0,2026-06-14T11:14:42+00:00,0.18675954666666666,25.90149572759401,-1373.4992076540366,242.77297521661967,1395.03035035182,17.385775295226335,-1362.790867310717,-297.671740671851,-371.2786948651124,-32.789433567448285,372.72378004953663
1781435742.0,44160.0,2026-06-14T11:15:42+00:00,0.1874539911111111,14.271462604519911,-1384.3292876348132,169.74747659638524,1394.770754303094,4.654357139361513,-1364.4802438355257,-289.0630695910251,-358.41780093916435,-46.14170467368631,361.3756728672534
1781435802.0,44220.0,2026-06-14T11:16:42+00:00,0.18814843555555555,2.1603639068780467,-1389.41950608982,96.45996352937073,1392.765506335929,-8.401690043550097,-1364.3729820201497,-279.6632496003606,-344.51680658789263,-60.1995426535913,349.73677953172296
1781435862.0,44280.0,2026-06-14T11:17:42+00:00,0.18884288,-10.318737799301744,-1388.823862912124,23.432452326640487,1389.0598541337106,-21.775096288672533,-1362.478214098477,-269.5667628892878,-329.64901821384103,-74.92256772627385,338.0560106906064
1781435922.0,44340.0,2026-06-14T11:18:42+00:00,0.18953732444444443,-23.04298880044371,-1382.6359693456907,-48.85881294030696,1383.6908566089794,-35.42719339558882,-1358.8001678559326,-258.8578846898281,-313.8772027275689,-90.22883691487779,326.58864248943956
1781435982.0,44400.0,2026-06-14T11:19:42+00:00,0.19023176888888887,-35.878590821055695,-1370.9772670803359,-119.94992559496313,1376.682216337746,-49.3223266583695,-1353.3329193422398,-247.61107062937236,-297.247342519807,-106.03732626093147,315.59451388713126
1781436042.0,44460.0,2026-06-14T11:20:42+00:00,0.19092621333333332,-48.685532606672496,-1354.0302971799392,-189.40370011888444,1368.0797083449174,-63.419002556907714,-1346.0951834274645,-235.89801960419533,-279.79836999658164,-122.25794780362298,305.34264958223145
1781436102.0,44520.0,2026-06-14T11:21:42+00:00,0.19162065777777776,-61.32422376633622,-1332.0049916293938,-256.8634288934991,1357.9310657206022,-77.62002380329282,-1337.114395284593,-223.77892008986205,-261.5602234352409,-138.72788597631538,296.0729248528996
1781436162.0,44580.0,2026-06-14T11:22:42+00:00,0.1923151022222222,-73.66052401065826,-1305.0896020513028,-322.0190985025838,1346.24702115933,-91.79383539384669,-1326.3881990669884,-211.30376035434864,-242.55220043661262,-155.23763334778334,287.9762016974033
1781436222.0,44640.0,2026-06-14T11:23:42+00:00,0.19300954666666667,-85.5702841419261,-1273.461577334907,-384.5487714288756,1333.005783964907,-105.82213812767174,-1313.8846487182911,-198.5276429830289,-222.7930414575268,-171.5919796179655,281.21263625788146
1781436282.0,44700.0,2026-06-14T11:24:42+00:00,0.1937039911111111,-96.92281805747189,-1237.3351843017153,-444.10822102613747,1318.1898584627945,-119.62191626924233,-1299.578288412072,-185.5030252858055,-202.28562655097497,-187.63458265117114,275.90978836532724
1781436342.0,44760.0,2026-06-14T11:25:42+00:00,0.19439843555555555,-107.57962941005826,-1196.971958797425,-500.37493034638464,1301.802718437206,-133.11421656266006,-1283.4692610795405,-172.271817031537,-181.01143642878344,-203.2058835843535,272.1355751115781
1781436402.0,44820.0,2026-06-14T11:26:42+00:00,0.19509288,-117.4148496852722,-1152.6491017681547,-553.0534260971472,1283.8435616738286,-146.2074995771328,-1265.557225846896,-158.87909247428587,-158.9491708580038,-218.12303742499574,269.8934944972794
1781436462.0,44880.0,2026-06-14T11:27:42+00:00,0.19578732444444444,-126.31749513559043,-1104.6620586374775,-601.8436354948208,1264.298277684559,-158.82444585981403,-1245.8288515992585,-145.38020111534237,-136.07443554629577,-232.21153540837926,269.1439190952677
1781436522.0,44940.0,2026-06-14T11:28:42+00:00,0.19648176888888888,-134.1813312084414,-1053.3494460415095,-646.4358115503564,1243.1528239020301,-170.91994770816413,-1224.2691975896955,-131.83416432819533,-112.34113639051152,-245.32101296167667,269.82018146546164
1781436582.0,45000.0,2026-06-14T11:29:42+00:00,0.19717621333333332,-140.89771751500666,-999.1140144281089,-686.5281114475802,1220.4105163572506,-182.48489229337116,-1200.8777473173855,-118.29509084475849,-87.66013575484322,-257.31945374662683,271.841131319416
1781436642.0,45060.0,2026-06-14T11:30:42+00:00,0.19787065777777776,-146.35152923152782,-942.4280308810994,-721.8576401462778,1196.1052696716902,-193.53733442509804,-1175.6817882198477,-104.80195212015718,-61.87562531436115,-268.0655512749527,275.1140359712451
1781436702.0,45120.0,2026-06-14T11:31:42+00:00,0.1985651022222222,-150.42162966821343,-883.8201000969857,-752.2295558499172,1170.3050630932307,-204.10731927578263,-1148.740832682253,-91.37090482307958,-34.74311574919698,-277.3645677715944,279.5320867934225
1781436762.0,45180.0,2026-06-14T11:32:42+00:00,0.19925954666666665,-152.98775828373618,-823.8515883553773,-777.5385416033678,1143.1110521288178,-214.22017909957856,-1120.147076283524,-77.99435786690239,-5.912910815635186,-284.9096045880303,284.97095518810585
1781436822.0,45240.0,2026-06-14T11:33:42+00:00,0.1999539911111111,-153.93734050984494,-763.0770214032382,-797.7786355209537,1114.645233556649,-223.87339748394845,-1090.0166209842266,-64.64104398661308,25.084599898086072,-290.19134552528203,291.2735040641711
1781436882.0,45300.0,2026-06-14T11:34:42+00:00,0.20064843555555553,-153.16680904198438,-702.0077521875501,-813.0148064871319,1085.0198298145656,-233.03086639746525,-1058.4598029834588,-51.25906617461463,58.85449114774961,-292.3878306209924,298.252400867974
1781436942.0,45360.0,2026-06-14T11:35:42+00:00,0.20134288,-150.5800591262523,-641.1302517857403,-823.3466083691455,1054.3348573742062,-241.65700921276562,-1025.5712041259712,-37.78341752984012,96.15572524499515,-290.22702779344456,305.7411505820043
1781437002.0,45420.0,2026-06-14T11:36:42+00:00,0.20203732444444444,-146.0972041171044,-580.9284373875707,-828.9248650032096,1022.7114325346074,-249.72892547489144,-991.4591370620566,-24.143685599073454,137.864480959337,-281.6891574242096,313.61663941912985
1781437062.0,45480.0,2026-06-14T11:37:42+00:00,0.20273176888888889,-139.65777047141455,-521.8494442226365,-829.9753759952728,990.2980662644027,-257.2040819290065,-956.2588854986517,-10.259833865563303,184.7422025411831,-263.43941386031076,321.7607903005455
1781437122.0,45540.0,2026-06-14T11:38:42+00:00,0.20342621333333333,-131.21025605965406,-464.2622873587534,-826.7704229252413,957.2381809052562,-263.9993654795873,-920.1051827010775,3.965195555826415,-32.670130202103984,328.41544718701516,330.0364273204847
1781437182.0,45600.0,2026-06-14T11:39:42+00:00,0.20412065777777777,-120.71032499079593,-408.4696732563898,-819.5789531746414,923.6493474346238,-270.0124169542165,-883.1048317583097,18.635123613121344,-51.11637922005462,334.4345209590036,338.3183900317076
1781437242.0,45660.0,2026-06-14T11:40:42+00:00,0.2048151022222222,-108.13798804685939,-354.74518666788936,-808.649267430068,889.6356611771158,-275.14947379114705,-845.3398811079559,33.83581119001159,-70.29930349288566,339.3219804823489,346.5276302260015
1781437302.0,45720.0,2026-06-14T11:41:42+00:00,0.20550954666666665,-93.51425664441194,-303.354434017092,-794.2058149288496,855.2962675590168,-279.3357735406477,-806.8714385868557,49.61564787051431,-90.2520771066555,342.95842255075365,354.63490665833643
1781437362.0,45780.0,2026-06-14T11:42:42+00:00,0.000490081111111111,-21.721473759389482,-271.3880987567827,-494.876105435309,564.8235851130157,-290.80954559705293,-480.502412985091,59.773920777048474,-104.06741333150035,356.22126297301855,371.1113238795089
1781437422.0,45840.0,2026-06-14T11:43:42+00:00,0.0011845255555555556,-2.0843328799237497,-245.20852617919445,-475.10566748213023,534.6559277031982,-294.2143520346138,-439.7986842266275,76.62893342300346,-125.51088802868114,358.7133458014732,380.0371659059617
1781437482.0,45900.0,2026-06-14T11:44:42+00:00,0.00187897,18.82210961461533,-222.33130570780486,-453.71382132545114,505.6102381971961,-296.73338463858124,-398.45550494953017,93.93733009923224,-147.51375757064895,360.0093878870743,389.05920891226583
1781437542.0,45960.0,2026-06-14T11:45:42+00:00,0.0025734144444444444,40.74999840167584,-203.0113171543926,-431.10100160259753,478.2491305222214,-298.4624700128768,-356.6396578826255,111.5819844976654,-169.91778170673183,360.2348878790257,398.29791235374404
1781437602.0,46020.0,2026-06-14T11:46:42+00:00,0.003267858888888889,63.41358647872403,-187.39806867577136,-407.7355402261019,453.19707617875787,-299.46758928185557,-314.5696852673238,129.43209006079437,80.29954730107241,399.8178723999433,407.8018494160792
1781437662.0,46080.0,2026-06-14T11:47:42+00:00,0.0039623033333333335,86.50433415984298,-175.51036882400513,-384.0920992535539,431.06105147899643,-299.7630763657811,-272.4795424905792,147.34526485104826,25.04429289063918,416.7716521036499,417.52344437599896
1781437722.0,46140.0,2026-06-14T11:48:42+00:00,0.004656747777777778,109.70626426825766,-167.25493648368865,-360.60713576572016,412.3677782793123,-299.32096809709566,-230.59264132652876,165.1701437502806,-24.06228696816082,426.6579103743831,427.33589381091457
1781437782.0,46200.0,2026-06-14T11:49:42+00:00,0.005351192222222222,132.72288277657935,-162.43755489122123,-337.6557651218027,397.5081616414361,-298.0693861082696,-189.11394521320804,182.7656843132461,-68.15990036573139,431.70331284563844,437.050937923448
1781437842.0,46260.0,2026-06-14T11:50:42+00:00,0.006045636666666667,155.27815239326446,-160.78054123558104,-315.4949343651533,386.6506700637471,-295.8730651899389,-148.1970406040264,199.98876746473368,-108.1766534031157,433.09745092472156,446.40294615850087
1781437902.0,46320.0,2026-06-14T11:51:42+00:00,0.006740081111111112,177.10114186024293,-162.1150045664981,-294.23516339296475,379.7636377152008,-292.6577104392815,-107.84422531396945,216.65989042171535,-144.70347961202026,431.54703811828074,455.16144731346395
1781437962.0,46380.0,2026-06-14T11:52:42+00:00,0.007434525555555556,197.94043950294144,-166.44089778978378,-274.0759674543515,376.8297042215828,-288.54880185915545,-68.03297322655341,232.61928011952605,-178.07474875839844,427.7070883732924,463.29684824108836
1781438022.0,46440.0,2026-06-14T11:53:42+00:00,0.008128970000000001,217.56596852827352,-173.7242834791541,-255.42460306640714,377.83171542847333,-283.7890516669793,-28.87358149036036,247.7637899885674,-208.52428130740498,422.22328383305114,470.9085657593574
1781438082.0,46500.0,2026-06-14T11:54:42+00:00,0.008823414444444445,235.7769775216002,-183.6694863140583,-238.72741223312914,382.5127980651335,-278.50642950959,9.381495380820573,262.03472470238944,-236.29013145957333,415.5096483610531,477.9971695588881
1781438142.0,46560.0,2026-06-14T11:55:42+00:00,0.00951785888888889,252.4356454857625,-195.83858530409634,-224.27335369586945,390.35246096792565,-272.69704781561,46.516353048520386,275.40441680451005,-261.6125822127158,407.75479199494526,484.4637381340796
1781438202.0,46620.0,2026-06-14T11:56:42+00:00,0.010212303333333334,267.4355084162671,-209.7768538892269,-212.22324344422668,400.7078544869277,-266.3222885572605,82.37561861315545,287.84280557839213,-284.67561644800037,399.0522167461012,490.1865749793912
1781438262.0,46680.0,2026-06-14T11:57:42+00:00,0.010906747777777778,280.6613701154711,-225.04707315098494,-202.66133035346866,412.9026575714377,-259.35577307831204,116.83822835276966,299.2858432934861,-305.57097843139906,389.4674135816108,495.03382621945343
1781438322.0,46740.0,2026-06-14T11:58:42+00:00,0.011601192222222223,292.0044625289738,-241.21429627761245,-195.61588056292385,426.28220182638023,-251.778617159898,149.79213576174962,309.6552269846738,-324.33681140234586,379.04987433687023,498.87190186002454
1781438382.0,46800.0,2026-06-14T11:59:42+00:00,0.012295636666666667,301.38253914087545,-257.8453541402705,-191.0525424508378,440.2462214802667,-243.56572935217739,181.1342815122396,318.87747344997365,-340.9936372084127,367.82733040207324,501.57113713544015
1781438442.0,46860.0,2026-06-14T12:00:42+00:00,0.012990081111111112,308.74447798728943,-274.53201668849215,-188.86772014107555,454.27084056318427,-234.68283351106504,210.78583679101936,326.8872821776789,-355.5555842277276,355.8060228418852,503.008647406862
1781438502.0,46920.0,2026-06-14T12:01:42+00:00,0.013684525555555556,314.0659913212294,-290.9136023414321,-188.91412040404975,467.9281096705895,-225.1077260027924,238.69565802115653,333.62795199981383,-368.03155762851236,342.99889103100173,503.08594361099574
1781438562.0,46980.0,2026-06-14T12:02:42+00:00,0.014378970000000001,317.3447199919028,-306.65810211817734,-191.03049609903246,480.87369790965295,-214.84226549887595,264.81225666680393,339.0527732015318,-378.42914186963753,329.44192440108355,501.73757779269386
1781438622.0,47040.0,2026-06-14T12:03:42+00:00,0.015073414444444445,318.59572692913935,-321.43451625527814,-195.0194226661697,492.80418086174706,-203.88272568495918,289.0635916979795,343.1181061919539,-386.75506716976275,315.15703467014197,498.9022333920392
1781438682.0,47100.0,2026-06-14T12:04:42+00:00,0.01576785888888889,317.84793765610084,-334.9345948928967,-200.6145490212366,503.44283847056516,-192.1947157232502,311.3766581016793,345.77515764552624,-393.0114945721741,300.1200959683237,494.49985527792614
1781438742.0,47160.0,2026-06-14T12:05:42+00:00,0.016462303333333334,315.13544989028014,-346.92432479723357,-207.47347024455667,512.554465173102,-179.7077691847542,331.7146470935693,346.96194368707444,-397.1884626431998,284.253190296734,488.4245602452233
1781438802.0,47220.0,2026-06-14T12:06:42+00:00,0.01715674777777778,310.48716106498614,-357.2966238838053,-215.2378222430125,519.9908410240268,-166.35989457168478,350.1135026056683,346.60553302012266,-399.26056185722314,267.4802926127116,480.57746845927693
1781438862.0,47280.0,2026-06-14T12:07:42+00:00,0.01785119222222222,303.9314698802773,-366.0396855890285,-223.6161837214604,525.7029459988319,-152.15093140007687,366.6544800245756,344.6420952000029,-399.2045079312568,249.79668811627857,470.9167915316869
1781438922.0,47340.0,2026-06-14T12:08:42+00:00,0.018545636666666667,295.493912806618,-373.172382900957,-232.3830843307078,529.6944192162086,-137.12877786279276,381.41903267889177,341.0152453204281,-397.0011397830929,231.251216436284,459.4420856782016
1781438982.0,47400.0,2026-06-14T12:09:42+00:00,0.019240081111111113,285.1920557222329,-378.747187736677,-241.36228179279715,532.0147478573696,-121.36835598315024,394.50612775653275,335.6699707543617,-392.632398300742,211.91861267667284,446.1722745691379
1781439042.0,47460.0,2026-06-14T12:10:42+00:00,0.019934525555555554,273.05305302445777,-382.83174285735004,-250.45205339603126,532.7704422689588,-104.9901597715943,406.0300387343856,328.5742201572583,-386.10480652234787,191.92577489517728,431.1756309078401
1781439102.0,47520.0,2026-06-14T12:11:42+00:00,0.02062897,259.1129556518281,-385.4836493451148,-259.63398677296937,532.11556525503,-88.17017028496758,416.11617397514414,319.71913551567013,-377.4470962719802,171.46367068343517,414.5673658748201
1781439162.0,47580.0,2026-06-14T12:12:42+00:00,0.021323414444444445,243.41391617397312,-386.69243060518056,-268.98131787218153,530.219124361568,-71.16657011720905,424.8718688872394,309.11411188227027,-366.6967112969599,150.8189565462539,396.5007386244152
1781439222.0,47640.0,2026-06-14T12:13:42+00:00,0.02201785888888889,226.0473495228216,-386.3167020045221,-278.5681217079982,527.1984416762492,-54.27001533910133,432.31596928301315,296.8094760007639,-353.93396639356985,130.31678929283834,377.1627210352034
1781439282.0,47700.0,2026-06-14T12:14:42+00:00,0.022712303333333333,207.1724515997339,-384.1538855228573,-288.3643841603771,523.1143761323581,-37.71148283116899,438.39929291523623,282.9002554796329,-339.3036499797824,110.20897534925815,356.75339541080206
1781439342.0,47760.0,2026-06-14T12:15:42+00:00,0.023406747777777778,186.99485261901282,-380.01311244489625,-298.2370950188488,517.9984607905177,-21.655444452823435,443.0488997492126,267.5091017851698,-322.99698256277935,90.66391695238315,335.4802476775779
1781439402.0,47820.0,2026-06-14T12:16:42+00:00,0.02410119222222222,165.75284992984962,-373.750559409149,-307.9555330229923,511.8594516446818,-6.197742736517908,446.17591018236004,250.77628156567945,-305.2435514877661,71.76388092017079,313.5660701185461
1781439462.0,47880.0,2026-06-14T12:17:42+00:00,0.024795636666666666,143.69629900663858,-365.3316773660481,-317.21322718728334,504.71783437666096,8.648737090089924,447.7126126434502,232.8491102937457,-286.3087793454386,53.487291926247515,291.26209421735376
1781439522.0,47940.0,2026-06-14T12:18:42+00:00,0.025490081111111108,121.05290064960718,-354.84770789463073,-325.7049375930801,496.64313840651124,22.915629742424596,447.6502404066497,213.86571278174966,-266.47448485361423,35.75376947387634,268.86238693724005
1781439582.0,48000.0,2026-06-14T12:19:42+00:00,0.026184525555555553,98.01125826188945,-342.45427907817066,-333.1808890718967,487.740345724821,36.61939105976264,446.0216478072866,193.94420520720087,-246.01964425457447,18.494454624390702,246.71382249683745
1781439642.0,48060.0,2026-06-14T12:20:42+00:00,0.02687897,74.72392288348055,-328.3218440124765,-339.4275874979794,478.11085018178346,49.75429669946014,442.85844467830697,173.1787891128726,-225.22427691627993,1.6578858353591948,225.23037871900016
1781439702.0,48120.0,2026-06-14T12:21:42+00:00,0.027573414444444444,51.31930144571379,-312.6378269838169,-344.2433259487152,467.8456465783052,62.31394806878459,438.1773857593849,151.647945938692,-204.4033216599359,-14.814908651734347,204.93950186329246
1781439762.0,48180.0,2026-06-14T12:22:42+00:00,0.028267858888888886,27.90636841997184,-295.6158852092922,-347.4525335668586,457.04570894878077,74.29182281945299,431.99667578664923,129.42324845228262,-183.94603045061496,-30.98692319737486,186.53774826500552
1781439822.0,48240.0,2026-06-14T12:23:42+00:00,0.02896230333333333,4.576943707477767,-277.4750630138442,-348.9129723701626,445.81792392906334,85.6644618055422,424.3322135091116,106.57107421080372,-164.3553438693082,-46.89881524194528,170.9157041628904
1781439882.0,48300.0,2026-06-14T12:24:42+00:00,0.029656747777777777,-18.59375597262988,-258.4365375302732,-348.49259866401553,434.26059344062594,96.40172886785535,415.18100285948486,83.14868941411852,-146.31754010656255,-62.566857397985196,159.13338489297382
1781439942.0,48360.0,2026-06-14T12:25:42+00:00,0.03035119222222222,-41.54538303602021,-238.77027263958007,-346.0490775182843,422.4774857897691,106.51518168258305,404.5196781633656,59.20787151197072,-130.85185784242452,-77.99080884680748,152.33113590265563
1781440002.0,48420.0,2026-06-14T12:26:42+00:00,0.031045636666666664,-64.2412350300001,-218.84732705913484,-341.5010231449269,410.6629246086619,116.0845868032401,392.3733377793387,34.80761633265745,-119.5446814416319,-93.04741480332449,151.48845587226498
1781440062.0,48480.0,2026-06-14T12:27:42+00:00,0.03174008111111111,-86.67620691552293,-199.054233642295,-334.9077598217409,399.12223737221257,125.17725296585905,378.8521608073727,10.012789646586777,-8.049239328295661,156.76482612388062,156.97133803154864
1781440122.0,48540.0,2026-06-14T12:28:42+00:00,0.03243452555555555,-108.85258888965473,-179.68791956081986,-326.42653696332127,388.1892818947251,133.78482108747824,364.09396640271245,-15.103769518709852,-40.39371486091818,163.37382745807776,168.29337389976743
1781440182.0,48600.0,2026-06-14T12:29:42+00:00,0.03312897,-130.75057719484903,-160.96316445060074,-316.24321951472666,378.17274840445197,141.85143741324094,348.21960209849595,-40.44633548221003,-72.98202758062192,169.32243412294312,184.38129798625747
1781440242.0,48660.0,2026-06-14T12:30:42+00:00,0.03382341444444444,-152.3201905663591,-143.0358216650784,-304.54591094708303,369.3357532221389,149.29576511520477,331.3275452876985,-65.89181178612667,-105.6662517874642,174.48642502280606,203.98742432819506
1781440302.0,48720.0,2026-06-14T12:31:42+00:00,0.034517858888888885,-173.48694191209506,-126.02691331133246,-291.5113639702904,361.88309882697183,156.02981203916508,313.4950640549922,-91.29578185650757,-138.2718691268443,178.72810951185534,225.9708983951538
1781440362.0,48780.0,2026-06-14T12:32:42+00:00,0.035212303333333334,-194.16208860417828,-110.04753542691469,-277.2980696588056,355.9544860528866,161.9775010012113,294.7784202341677,-116.50136597836814,-170.6111779358343,181.91708156621974,249.40328506702463
1781440422.0,48840.0,2026-06-14T12:33:42+00:00,0.035906747777777775,-214.25926765264012,-95.21775682177395,-262.05686627468094,351.63511791475287,167.089590384269,275.2238193904771,-141.35124398553208,-202.49996940226066,183.94595555647248,273.5733031081437
1781440482.0,48900.0,2026-06-14T12:34:42+00:00,0.03660119222222222,-233.70974013628438,-81.67023470252752,-245.95266753365286,348.97418892785623,171.34998537290937,254.88499687307478,-165.69793426464764,-233.77075317362613,184.7355089110278,297.952971611261
1781440542.0,48960.0,2026-06-14T12:35:42+00:00,0.037295636666666666,-252.4648948633112,-69.53337270207703,-229.18458460620604,347.9927971650964,174.76767609262023,233.8397936142217,-189.40484997600015,-320.30898577555166,34.35376902007275,322.145972835991
1781440602.0,49020.0,2026-06-14T12:36:42+00:00,0.03799008111111111,-270.49166155653074,-58.90121850371361,-211.98697472782806,348.67401676507495,177.35677236022877,212.1959966068961,-212.34642518549714,-341.7316832705794,53.134282225761105,345.837816466896
1781440662.0,49080.0,2026-06-14T12:37:42+00:00,0.03868452555555555,-287.7670529636089,-49.81385113298893,-194.60792591283098,350.9466360633109,179.120572431829,190.0813322664578,-234.410855166002,-362.46240212956025,67.89321803324853,368.76616169659775
1781440722.0,49140.0,2026-06-14T12:38:42+00:00,0.03937897,-304.2708274908364,-42.25567280035466,-177.2880511926487,354.67919510658663,180.04711658279464,167.63305001349033,-255.4985866787767,-382.538175797493,79.46894225741323,390.70547567955293
1781440782.0,49200.0,2026-06-14T12:39:42+00:00,0.04007341444444444,-319.97401589457877,-36.1621279977262,-160.2394875716418,359.67730499191975,180.10574746854667,144.9859749627844,-275.5154270075224,-401.8370436541543,88.42462019820897,411.4509972158388
1781440842.0,49260.0,2026-06-14T12:40:42+00:00,0.04076785888888889,-334.83847904996946,-31.444597519934177,-143.62785405898467,365.697320508746,179.2560636978929,122.25538180004756,-294.3729190597158,-420.1894218297628,95.11749074267895,430.82071359535854
1781440902.0,49320.0,2026-06-14T12:41:42+00:00,0.04146230333333333,-348.8247353399638,-28.01853776909411,-127.58491223026067,372.48039448072603,177.47118867383716,99.53849366461263,-311.9899192957882,-437.4305990217768,99.78566104989109,448.6677023273619
1781440962.0,49380.0,2026-06-14T12:42:42+00:00,0.042156747777777774,-361.8933246459346,-25.806246614083648,-112.22953695245087,379.77389293124963,174.74561455799846,76.92858784457702,-328.28976882800185,-453.41175049956666,102.60348594607723,464.8759950990889
1781441022.0,49440.0,2026-06-14T12:43:42+00:00,0.04285119222222222,-374.00381528399885,-24.73010929208249,-97.67902871500701,387.339159914529,171.0947794353752,54.52460626134189,-343.1985847367366,-467.99904080376297,103.71163983360044,479.35290385082334
1781441082.0,49500.0,2026-06-14T12:44:42+00:00,0.043545636666666665,-385.1118910058867,-24.70096133556217,-84.05279636010528,394.9508560074078,166.5499736490359,32.439005858044304,-356.6440744459824,-481.06921016120145,103.23089398170697,492.0205305039462
1781441142.0,49560.0,2026-06-14T12:45:42+00:00,0.04424008111111111,-395.1681472794153,-25.60489868046716,-71.46523718442768,402.39378174433705,161.1482239287197,10.802263578015488,-368.5584303915994,-492.5087635290539,101.26189829960408,502.8109527448233
1781441202.0,49620.0,2026-06-14T12:46:42+00:00,0.044934525555555556,-404.1206715188455,-27.29447908466682,-60.01124319899827,409.4628860441874,154.92172375055134,-10.236188270644629,-378.885648985919,-502.2195139701732,97.87934027224739,511.6686481157189
1781441262.0,49680.0,2026-06-14T12:47:42+00:00,0.04562897,-411.91578370472416,-29.58517858851701,-49.74289336241782,415.9618385107658,147.88223454663677,-30.51108712667352,-387.58762798249694,-510.12239053006044,93.11802435903365,518.5516558460045
1781441322.0,49740.0,2026-06-14T12:48:42+00:00,0.04632341444444444,-418.50269962241873,-32.2787864850834,-40.643754072487354,421.70883841023164,140.01361076468342,-49.86313411741689,-394.64946604541495,-516.1629362673503,86.96747876873974,523.4381712671745
1781441382.0,49800.0,2026-06-14T12:49:42+00:00,0.04701785888888889,-423.84524388215505,-35.19752217037603,-32.639674165286124,426.5548085042222,131.29288039869093,-68.15368908933893,-400.08281502484266,-520.3201878634351,79.40104559601106,526.3436367431265
1781441442.0,49860.0,2026-06-14T12:50:42+00:00,0.04771230333333333,-427.9249262595549,-38.19284130563028,-25.622373475693166,430.38929083304396,121.70591782182224,-85.2591040355112,-403.92263666447343,-522.6046352631548,70.39886109441261,527.3249514691349
1781441502.0,49920.0,2026-06-14T12:51:42+00:00,0.04840674777777777,-430.7397652748041,-41.14266822929494,-19.459655717015266,433.1375563705414,111.2479142544212,-101.0645887989258,-406.2240677305923,-523.0527179856617,59.95099981635502,526.4772247411742
1781441562.0,49980.0,2026-06-14T12:52:42+00:00,0.04910119222222222,-432.2991705799941,-43.956472494639456,-14.001812611706555,434.75371776988425,99.92334586738882,-115.46725029916023,-407.0545837768609,-521.7157109175209,48.05999004264985,523.9246564736898
1781441622.0,50040.0,2026-06-14T12:53:42+00:00,0.049795636666666664,-432.6068396605551,-46.58138233772479,-9.089745987206697,435.20239703349347,87.74487726887749,-128.3780972651008,-406.47389465912863,-518.6334804607425,34.743497845008065,519.7959192772962
1781441682.0,50100.0,2026-06-14T12:54:42+00:00,0.05049008111111111,-431.6564300491009,-49.01803139137337,-4.561162205412984,434.4546526449959,74.73245017453041,-139.7360580048667,-404.5240909872438,-513.8211444481184,20.034792771000067,514.211592054624
1781441742.0,50160.0,2026-06-14T12:55:42+00:00,0.051184525555555554,-429.4533351731952,-51.31060956411238,-0.2863803068175912,432.50783548844714,60.94059841484589,-149.50247171515204,-401.2459123465339,-507.2932602672406,4.013548523307454,507.30913700062143
1781441802.0,50220.0,2026-06-14T12:56:42+00:00,0.051878969999999996,-426.022077288595,-53.50099206343293,3.831413611769676,429.3854285130384,46.45332854023582,-157.62907525687552,-396.69510851599966,-499.0825227454121,-13.203193661719576,499.2571369873381
1781441862.0,50280.0,2026-06-14T12:57:42+00:00,0.052573414444444445,-421.4056805887958,-55.63433328841347,7.888078975491226,425.1354471963918,31.353712917836077,-164.07085608940207,-390.9448136645794,-489.237132386244,-31.499026607900824,490.2500998294243
1781441922.0,50340.0,2026-06-14T12:58:42+00:00,0.05326785888888889,-415.66628320037853,-57.77544917399064,11.940187425352633,419.8321445442526,15.7575228022869,-168.80894802204793,-384.0758637762221,-477.81480964628344,-50.71509848584875,480.4987133507679
1781441982.0,50400.0,2026-06-14T12:59:42+00:00,0.05396230333333333,-408.856792202685,-59.9523924451787,15.994110433384776,413.53836274126445,-0.17187035810266907,-171.8033660378699,-376.16160268874245,-464.86714953735026,-70.629338103884,470.2020524412605
1781442042.0,50460.0,2026-06-14T13:00:42+00:00,0.05465674777777778,-401.0027222032659,-62.15286287246272,20.056034069508314,406.28611357056013,-16.262426556787283,-172.9864475213914,-367.25962007370754,-450.4231923485666,-91.00327640646806,459.52437206549325
1781442102.0,50520.0,2026-06-14T13:01:42+00:00,0.05535119222222222,-392.10562890250003,-64.345044946298,24.160155456513166,398.08393855799943,-32.354366003972906,-172.27545076499158,-357.4145858831855,-434.4894644570659,-111.60820547012753,448.59501362860703
1781442162.0,50580.0,2026-06-14T13:02:42+00:00,0.05604563666666666,-382.15188358401065,-66.50348605122417,28.39791714400053,388.93343579832543,-48.328089381612294,-169.58038359668905,-346.6642565333392,-417.0513080009317,-132.26017882441042,437.5209119664488
1781442222.0,50640.0,2026-06-14T13:03:42+00:00,0.05674008111111111,-371.14081818981504,-68.66068360861391,32.90346098784357,378.8699435758741,-64.10995284874053,-164.84732323015467,-335.04881452524387,-398.08073121662915,-152.82804004225528,426.4090505478552
1781442282.0,50700.0,2026-06-14T13:04:42+00:00,0.05743452555555555,-359.0985347505775,-70.88873637793586,37.78965027909726,367.97422229483504,-79.61773978527212,-158.06348863594778,-322.61738537345906,-377.5527336059847,-173.16664289590943,415.37062109060037
1781442342.0,50760.0,2026-06-14T13:05:42+00:00,0.058128969999999995,-346.0644852658734,-73.25471652811393,43.150955798104405,356.35500058542493,-94.7493802679087,-149.2182959222597,-309.42744148368996,-355.44473871410423,-193.1020243023707,404.5112533282741
1781442402.0,50820.0,2026-06-14T13:06:42+00:00,0.058823414444444444,-332.0891973483376,-75.82412116602063,49.08904334809631,344.15442249503894,-109.40533986500328,-138.29561464553578,-295.54536217259505,-331.7286396406465,-212.4577151447349,393.9316832679941
1781442462.0,50880.0,2026-06-14T13:07:42+00:00,0.059517858888888886,-317.2318634815747,-78.67364870663732,55.722456744872034,331.557823606218,-123.50118910141681,-125.27417565177429,-281.0416830290419,-306.3554041811276,-231.06629784487671,383.7255108416944
1781442522.0,50940.0,2026-06-14T13:08:42+00:00,0.06021230333333333,-301.5607343884185,-81.9184158295393,63.18619379680604,318.8134226525463,-136.98404005882614,-110.13927356609575,-265.9825401242077,-279.2295422251086,-248.78169094913818,373.98057035460573
1781442582.0,51000.0,2026-06-14T13:09:42+00:00,0.06090674777777778,-285.16280353220645,-85.72375335544348,71.60490875691175,306.257488668895,-149.82701437807123,-92.90108630475216,-250.42943774989507,-250.19409746522965,-265.46216252584003,364.7838348108868
1781442642.0,51060.0,2026-06-14T13:10:42+00:00,0.06160119222222222,-268.1500728300307,-90.29019665718079,81.06840622099116,294.3278234526168,-162.01260120799745,-73.59809454642297,-234.4442475031302,-219.01956035560397,-280.9350034197712,356.22190270227475
1781442702.0,51120.0,2026-06-14T13:11:42+00:00,0.06229563666666667,-250.65462650265545,-95.8302203817293,91.62566366046667,283.56028488985805,-173.5206297552213,-52.28564802716174,-218.0899750711817,-185.3789109332199,-294.95452027911665,348.3726591623839
1781442762.0,51180.0,2026-06-14T13:12:42+00:00,0.06299008111111111,-232.82410053047352,-102.55685437563807,103.29562811367214,274.58142135739615,-184.33110449651645,-29.02180829773105,-201.43171426781836,-148.80604178747905,-307.1568696107425,341.30423469615437
1781442822.0,51240.0,2026-06-14T13:13:42+00:00,0.06368452555555555,-214.82006891514175,-110.68562499806285,116.07463208958507,268.0900777810521,-194.4322980697485,-3.862089387973178,-184.53578389441535,-108.63302164373184,-316.97951604678707,335.07782228118714
1781442882.0,51300.0,2026-06-14T13:14:42+00:00,0.06437897,-196.81691316980869,-120.4411099134013,129.93602969450876,264.81376489834565,-203.8280008218875,23.14001030554757,-167.4664625638461,-63.909134387395376,-323.498619658671,329.75101876902767
1781442942.0,51360.0,2026-06-14T13:15:42+00:00,0.06507341444444444,-179.00136889191344,-132.06381999701262,144.82525349594653,265.4368035287258,-212.54433470433491,51.9308596907631,-150.28236178746099,-13.33156452268972,-325.11088225607557,325.38410590246485
1781443002.0,51420.0,2026-06-14T13:16:42+00:00,0.06576785888888889,-161.576988595305,-145.81382515467703,160.64713504095562,270.5111769347675,-220.63461767778156,82.44913759233668,-133.03684466752875,44.685630787562836,-318.93494872982194,322.0501624284275
1781443062.0,51480.0,2026-06-14T13:17:42+00:00,0.06646230333333333,-144.7691614641808,-161.96170226112008,177.24320774548687,280.3655788471038,-228.17484436938116,114.61167941584196,-115.78109146471428,231.95252437212602,220.21210536551,319.83643462262427
1781443122.0,51540.0,2026-06-14T13:18:42+00:00,0.06715674777777778,-128.82003032928333,-180.76152820698917,194.37272755790036,295.04251814282867,-235.24681338757821,148.3038622429371,-98.56464247832098,214.23999804348244,236.1171413078808,318.82609865109396
1781443182.0,51600.0,2026-06-14T13:19:42+00:00,0.06785119222222222,-113.97568992432207,-202.42379510123283,211.70893437514314,314.3032351267956,-241.92501876176445,183.37827741903337,-81.43228032615653,196.7191710792902,251.2218091433316,319.07809335548495
1781443242.0,51660.0,2026-06-14T13:20:42+00:00,0.06854563666666666,-100.47541901655495,-227.08933669608086,228.84558840312093,337.6909533866563,-248.26619594061563,219.65540336961635,-64.4249929988036,179.5320335533847,265.6312148795277,320.6114367738423
1781443302.0,51720.0,2026-06-14T13:21:42+00:00,0.06924008111111112,-88.53699165955186,-254.8009218107909,245.31849266676,364.6141405541528,-254.29358471430714,256.9323473596458,-47.58164714943477,162.80921674492282,279.410266498267,323.38357732223795
1781443362.0,51780.0,2026-06-14T13:22:42+00:00,0.06993452555555556,-78.34431419428438,-285.495951814577,260.6422260609688,394.4364842089296,-259.9949198239709,295.0009211931074,-30.939266895746094,146.67149130665675,292.5816651449732,327.28665897210647
1781443422.0,51840.0,2026-06-14T13:23:42+00:00,0.07062897,-70.04022136097774,-319.01330192480236,274.3341364315711,426.53761595539936,-265.32782417550595,333.65302153078426,-14.530821263283164,131.23090048049684,305.1336990108385,332.1567755036152
1781443482.0,51900.0,2026-06-14T13:24:42+00:00,0.07132341444444444,-63.717302228324115,-355.09290137980133,285.93789068516344,460.3382892428799,-270.21278208526604,372.68455812854205,1.6165003356917327,213.63695656856018,261.62795978973634,337.7720215701957
1781443542.0,51960.0,2026-06-14T13:25:42+00:00,0.07201785888888888,-59.41325193224475,-393.3933918327093,295.05670188367367,495.3248959716027,-274.53625780782824,411.9113223023709,17.48308546181281,170.09034245182698,298.85236579744776,343.865469534397
1781443602.0,52020.0,2026-06-14T13:26:42+00:00,0.07271230333333333,-57.11768795317039,-433.5253667673096,301.3751092106104,531.0683857654807,-278.16604625148983,451.18130835019895,33.05613510031351,129.66031988455794,325.2631297343011,350.1541119523212
1781443662.0,52080.0,2026-06-14T13:27:42+00:00,0.07340674777777778,-56.79692923463881,-475.0827635284513,304.6569267124869,567.2260275817855,-280.9739735321786,490.37175103137565,48.31706069468292,92.48063498323052,344.16385254387325,356.3725932850932
1781443722.0,52140.0,2026-06-14T13:28:42+00:00,0.07410119222222222,-58.41341737564653,-517.6463040485978,304.7358701513149,603.5178323641762,-282.8365984991802,529.3766917064354,63.22618768293045,58.237793618459655,357.55996497081173,362.2716786549487
1781443782.0,52200.0,2026-06-14T13:29:42+00:00,0.07479563666666666,-61.936243964359164,-560.8200835166499,301.5256424471736,639.744462613953,-283.6510122308872,568.1321648231223,77.7233812890374,26.577598063170182,366.67156787139635,367.6335232321387
1781443842.0,52260.0,2026-06-14T13:30:42+00:00,0.07549008111111111,-67.36554860789329,-604.2940984945744,294.97471248777583,675.8102955873482,-283.3966175229904,606.622126099643,91.73608300301206,-2.762875567441314,372.33273576892697,372.34298651455055
1781443902.0,52320.0,2026-06-14T13:31:42+00:00,0.07618452555555555,-74.74229854205623,-647.8206109208986,284.96291457489133,711.6613083541166,-282.1681102220343,644.8098387883646,105.18197176199999,-29.935363334284286,375.22611721160166,376.41833777812985
1781443962.0,52380.0,2026-06-14T13:32:42+00:00,0.07687897,-84.07107407879084,-691.0850890399888,271.2817234965041,747.1682001352871,-280.08350265858417,682.5614792076539,117.99736409667251,-55.06099856203695,375.89445351049153,379.9057169122356
1781444022.0,52440.0,2026-06-14T13:33:42+00:00,0.07757341444444445,-95.27497207885608,-733.6700271344744,253.7423165505752,782.1343824615943,-277.2029658169233,719.6911838862659,130.14341246204503,-78.26992182350895,374.7041258636587,382.7915393546555
1781444082.0,52500.0,2026-06-14T13:34:42+00:00,0.07826785888888889,-108.20188485877588,-775.094709512312,232.23576130345464,816.3411697502229,-273.52844872350784,756.0053328024545,141.60165939113696,-99.69707223541253,371.87774836701175,385.0098257743971
1781444142.0,52560.0,2026-06-14T13:35:42+00:00,0.07896230333333333,-122.65038654953241,-814.8502327376045,206.7604208374396,849.5727695366378,-269.012864733322,791.3237213063131,152.35726908832726,-119.4624219685847,367.5234811121283,386.4515227442856
1781444202.0,52620.0,2026-06-14T13:36:42+00:00,0.07965674777777777,-138.4064928186126,-852.4468561881222,177.43282361514866,881.6486867088308,-263.5790348128463,825.507641230017,162.38113638408979,-137.64868539094982,361.6700807295575,386.97856256488075
1781444262.0,52680.0,2026-06-14T13:37:42+00:00,0.08035119222222221,-155.2635572757572,-887.4615058153868,144.43733205646276,912.4455268198891,-257.17160789727376,858.4635377187143,171.63903376745463,-154.30611676180195,354.3448005479312,386.48494840738624
1781444322.0,52740.0,2026-06-14T13:38:42+00:00,0.08104563666666667,-173.01872615888715,-919.5279271663167,107.97577033843845,941.8735878134636,-249.7786353702435,890.1124421299435,180.10088589080613,-169.46675412744068,345.6098507150087,384.9222644453566
1781444382.0,52800.0,2026-06-14T13:39:42+00:00,0.08174008111111111,-191.46810864447616,-948.3021323007997,68.25657556485385,969.8432506657851,-241.4215048527664,920.362628234906,187.7344411799256,-183.1451171782533,335.55364158758755,382.28049954049095
1781444442.0,52860.0,2026-06-14T13:40:42+00:00,0.08243452555555555,-210.40449764253572,-973.4435856898781,25.51465944480151,996.2497001231966,-232.13240787897075,949.1042799484716,194.49698195952374,-195.33635453516774,324.2648037317343,378.55508759263677
1781444502.0,52920.0,2026-06-14T13:41:42+00:00,0.08312897,-229.60953249176964,-994.6135415504687,-19.957177811302245,1020.9676407177883,-221.92597763734207,976.2115047250871,200.3369209230738,-206.02552202148289,311.79984408001167,373.7186889794838
1781444562.0,52980.0,2026-06-14T13:42:42+00:00,0.08382341444444444,-248.85728696989827,-1011.5109464558773,-67.76823287364095,1043.8758917921703,-210.7681589768039,1001.5721689400812,205.1995395489211,-215.2011974397612,298.1470705317788,367.69991983435153
1781444622.0,53040.0,2026-06-14T13:43:42+00:00,0.08451785888888888,-267.9375660168007,-1023.9455127094116,-117.44318455830216,1064.9168295599156,-198.5895099915883,1025.140116139561,209.04019394032895,-222.8699741512437,283.24608315715545,360.4155504442702
1781444682.0,53100.0,2026-06-14T13:44:42+00:00,0.08521230333333334,-286.67466440668795,-1031.8703430331661,-168.51605318952352,1084.1293410966448,-185.3543571981807,1046.9500643994872,211.83897929371727,-229.06381117460887,267.07631149360697,351.8522214664376
1781444742.0,53160.0,2026-06-14T13:45:42+00:00,0.08590674777777778,-304.92006636061706,-1035.3145653000101,-220.5990268094465,1101.597216146168,-171.10011795579584,1067.0610845546717,213.5926452046207,-233.8252455143453,249.70467359116913,342.0916097379709
1781444802.0,53220.0,2026-06-14T13:46:42+00:00,0.08660119222222222,-322.54647683759686,-1034.3383921437198,-273.358892458491,1117.4154210806896,-155.90495534510893,1085.5352098305343,214.29926828142163,-237.1954510650901,231.24342897181532,331.26304570328176
1781444862.0,53280.0,2026-06-14T13:47:42+00:00,0.08729563666666666,-339.4352587382309,-1029.0310067564715,-326.53012366686016,1131.6991779633058,-139.8955539936274,1102.446549913514,213.97165223325356,-239.2295937382267,211.86273170127046,319.55690511093877
1781444922.0,53340.0,2026-06-14T13:48:42+00:00,0.0879900811111111,-355.4504051601107,-1019.481892990414,-379.90850532986224,1144.5605239941551,-123.24141671203189,1117.8601883939575,212.64746764636544,-240.00971662977423,191.78604322472574,307.2239418608206
1781444982.0,53400.0,2026-06-14T13:49:42+00:00,0.08868452555555556,-370.41959674386453,-1005.7630141116679,-433.3462584698573,1156.096405122297,-106.15861041798591,1131.8225752169456,210.39701899053154,-239.65209219668947,171.29723790853433,294.5774414468012
1781445042.0,53460.0,2026-06-14T13:50:42+00:00,0.08937897,-384.10735944632324,-987.885830369778,-486.7222916902974,1166.3427740825025,-88.90604488034086,1144.3203528168917,207.3212771695827,-238.30291131014138,150.7372463438198,281.97516730060914
1781445102.0,53520.0,2026-06-14T13:51:42+00:00,0.09007341444444444,-396.22875741135795,-965.7948587322608,-539.8446303261444,1175.2400445208577,-71.72139142227432,1155.259666170295,203.5197975085942,-236.10830489559203,130.42060393358904,269.7344352711977
1781445162.0,53580.0,2026-06-14T13:52:42+00:00,0.09076785888888889,-406.491430752445,-939.4341974258423,-592.3888246072456,1182.6649627379093,-54.764361555342745,1164.5027926569494,199.0741688051491,-233.20483273057795,110.56378119898909,258.08689180567615
1781445222.0,53640.0,2026-06-14T13:53:42+00:00,0.09146230333333333,-414.64759012684226,-908.8070099796169,-643.8994469596073,1188.4735180814832,-38.10160994387079,1171.9084250771527,194.0314761420164,-229.70516537832444,91.26446882905364,247.1713297939967
1781445282.0,53700.0,2026-06-14T13:54:42+00:00,0.09215674777777777,-420.5435286706779,-874.0157300168648,-693.8306150091812,1192.5440361461362,-21.714179871932284,1177.3696146825328,188.38939185238277,-225.68409643782462,72.50807372769391,237.04584396411175
1781445342.0,53760.0,2026-06-14T13:55:42+00:00,0.09285119222222223,-424.1274482437875,-835.277407696005,-741.6295808432624,1194.816670181203,-5.540326206633467,1180.8432330250005,182.1138082284974,-221.1982444499272,54.22450177581775,227.74757943953082
1781445402.0,53820.0,2026-06-14T13:56:42+00:00,0.09354563666666667,-425.42699375608936,-792.8974022921175,-786.8004201082513,1195.294657672514,10.481350632279732,1182.3445656934962,175.15932154593847,-216.3082985965888,36.3470126177336,219.3407973177464
1781445462.0,53880.0,2026-06-14T13:57:42+00:00,0.09424008111111111,-424.52357655134983,-747.2314372295514,-828.9338155863807,1194.0294629759715,26.385902046616085,1181.9308170261174,167.48040599379758,-211.09280471623535,18.84940353674144,211.9327068119916
1781445522.0,53940.0,2026-06-14T13:58:42+00:00,0.09493452555555555,-421.5284045939334,-698.6465644007549,-867.7252408573404,1191.108857934242,42.1579431565842,1179.6906623962695,159.03760666355552,-205.65528466916655,1.7814112022860136,205.66299992518722
1781445582.0,54000.0,2026-06-14T13:59:42+00:00,0.09562897,-416.5475535024889,-647.4709266098216,-902.9697232227772,1186.6274841713844,57.70507556582342,1175.7186158529034,149.8020252926643,-200.12649684208841,-14.691041878152637,200.66499806830302
1781445642.0,54060.0,2026-06-14T14:00:42+00:00,0.09632341444444444,-409.6623573275283,-593.9817255521193,-934.505673666019,1180.6516808165736,72.88112867111678,1170.083347785377,139.75582898036518,-194.6778384747761,-30.303046018248256,197.02216979618078
1781445702.0,54120.0,2026-06-14T14:01:42+00:00,0.09701785888888889,-400.93093777354807,-538.4323866358027,-962.170495858416,1173.2123059969722,87.52441497441963,1162.8208559616194,128.8962709577179,-189.55167099444017,-44.71571414009558,194.7545405577062
1781445762.0,54180.0,2026-06-14T14:02:42+00:00,0.09771230333333333,-390.40196788171306,-481.0929996371269,-985.7881109416485,1164.3205617439153,101.49032155436734,1153.9481521674693,117.24225876253406,-185.10510100080083,-57.51545474885289,193.83479035375467
1781445822.0,54240.0,2026-06-14T14:03:42+00:00,0.09840674777777778,-378.12705154018477,-422.2715358985588,-1005.1821809597313,1153.9863664946668,114.66109238022509,1143.4799779168477,104.83753170035243,-181.85316859725748,-68.15545425230974,194.20540896999043
1781445882.0,54300.0,2026-06-14T14:04:42+00:00,0.09910119222222222,-364.17219006922096,-362.3198635689914,-1020.1868911110796,1142.2251793544717,126.95058249760521,1131.4346914356356,91.74665645581842,-180.50674338296736,-75.83886440794579,195.7912606870164
1781445942.0,54360.0,2026-06-14T14:05:42+00:00,0.09979563666666666,-348.62661924865097,-301.6315088039264,-1030.6611109690275,1129.063511241058,138.3038173700875,1117.8393003161632,78.04976095747764,-181.9804134274905,-79.3027597157735,198.50893826167646
1781446002.0,54420.0,2026-06-14T14:06:42+00:00,0.10049008111111112,-331.6041627926752,-240.6332779135555,-1036.5001855588052,1114.5395147253826,148.69214909768186,1102.7299987402598,63.83983520741668,-29.21293017362836,200.15114124013613,202.27178406554435
1781446062.0,54480.0,2026-06-14T14:07:42+00:00,0.10118452555555556,-313.24649343360215,-179.78083168715239,-1037.6411496597575,1098.7009004082026,158.11590624951177,1086.1493965134164,49.2190735612918,-50.65531594073191,200.7055599557665,206.99923388798604
1781446122.0,54540.0,2026-06-14T14:08:42+00:00,0.10187897,-293.72910189442337,-119.55346759874374,-1034.08303654287,1081.6180210131076,166.60696070433673,1068.1589202210516,34.29555623359831,-72.17336367416554,200.0012035163809,212.62520036920407
1781446182.0,54600.0,2026-06-14T14:09:42+00:00,0.10257341444444444,-273.25353549420834,-60.424855961464345,-1025.9080361843808,1063.3936037920018,174.21002046206317,1048.851275788646,19.17880686794953,-93.68377819244246,198.03685607327557,219.07817476827313
1781446242.0,54660.0,2026-06-14T14:10:42+00:00,0.10326785888888888,-252.0351227442734,-2.830514603294432,-1013.2744260143372,1044.152659970909,180.96441176519764,1028.3437597934353,3.971233146328607,-115.09945875832783,194.79653791717843,226.25997567174522
1781446302.0,54720.0,2026-06-14T14:11:42+00:00,0.10396230333333333,-230.2952234176919,52.84840871579945,-996.4023687149165,1024.0344352674344,186.89933618034374,1006.7715138683261,-11.237509159918808,-136.33204944418182,190.2396915125916,234.04608078849955
1781446362.0,54780.0,2026-06-14T14:12:42+00:00,0.10465674777777778,-208.25015551270917,106.29563138447702,-975.5582330944017,1003.1853042587711,192.028379546987,984.2816802388847,-26.37100823706202,-157.287474493658,184.2940282453791,242.28833748140192
1781446422.0,54840.0,2026-06-14T14:13:42+00:00,0.10535119222222222,-186.103319585789,157.2586791217327,-951.036316085374,981.7508911293138,196.3510010574471,961.0255582688079,-41.363909039958685,-177.8620277390534,176.85778186512348,250.8257879838104
1781446482.0,54900.0,2026-06-14T14:14:42+00:00,0.10604563666666666,-164.03359017381445,205.54480323940516,-923.1489825297613,959.8748505871847,199.85197834975324,937.1583178220728,-56.15338704265484,-200.82453440847496,164.32865415850327,259.4887284602661
1781446542.0,54960.0,2026-06-14T14:15:42+00:00,0.10674008111111111,-142.18541487073526,251.01496443431824,-892.2068147882819,937.6876905060536,202.49799005444856,912.8297143305549,-70.67306124459887,-202.58198082735467,175.6010385343373,268.09547495299597
1781446602.0,55020.0,2026-06-14T14:16:42+00:00,0.10743452555555555,-120.6702611851506,293.56417150981724,-858.5020192945376,915.2961006480562,204.24643022398007,888.1729087576034,-84.84828667306843,-206.76375163676587,183.52042059575763,276.46155929270526
1781446662.0,55080.0,2026-06-14T14:17:42+00:00,0.10812897,-99.57835044711828,333.10500125493854,-822.3100020671263,892.7869450425778,205.0596472000905,863.3061808512796,-98.59771007792769,-212.6174248816572,188.90729766012262,284.41542938553334
1781446722.0,55140.0,2026-06-14T14:18:42+00:00,0.10882341444444445,-78.98792002070695,369.56225495785475,-783.892382459715,870.2313595114234,204.91017397000346,838.3356483686683,-111.83818826754786,-219.53084071998305,192.23981659457408,291.8046214704936
1781446782.0,55200.0,2026-06-14T14:19:42+00:00,0.10951785888888889,-58.975000905338675,402.86872470006347,-743.5102004855871,847.6961002029904,203.7917762619455,813.3634806594764,-124.48870855166449,-227.0309652884097,193.81437938864713,298.5080783791178
1781446842.0,55260.0,2026-06-14T14:20:42+00:00,0.11021230333333333,-39.609864477068186,432.98117354512215,-701.434405640699,825.2586645561036,201.7129272193206,788.50390115721,-136.4747459327096,-234.75477202355083,193.82332230577006,304.4294388811236
1781446902.0,55320.0,2026-06-14T14:21:42+00:00,0.11090674777777777,-20.95270598726347,459.89256137097254,-657.9317166395485,803.0033173361152,198.68243138578944,763.8808953882844,-147.73488678111693,-242.42472000203034,192.38498430084007,309.48623079629454
1781446962.0,55380.0,2026-06-14T14:22:42+00:00,0.11160119222222221,-3.055513015948236,483.62522525619715,-613.2557396078482,781.0155547912391,194.7111532792052,739.6207753798654,-158.22127619582406,-249.83043429127108,189.57455689289426,313.6140279376902
1781447022.0,55440.0,2026-06-14T14:23:42+00:00,0.11229563666666667,14.039246395230293,504.2252621049993,-567.650114136748,759.3858488697721,189.8174667674275,715.8541825298867,-167.89575970860068,-256.81096662212565,185.4490258829635,316.76996981773794
1781447082.0,55500.0,2026-06-14T14:24:42+00:00,0.11299008111111111,30.304716692771763,521.7601431207731,-521.3501737164333,738.2127243805772,184.02838747894296,692.7193924132121,-176.72414213673395,-263.23700159594733,180.0602748307523,318.92855247116216
1781447142.0,55560.0,2026-06-14T14:25:42+00:00,0.11368452555555555,45.735540160909295,536.3250433742069,-474.582284626551,717.610365494752,177.37686920097974,670.370704171978,-184.6759375932248,-269.0018848108722,173.45778788154107,320.0775190614915
1781447202.0,55620.0,2026-06-14T14:26:42+00:00,0.11437897,60.360679500736296,548.0548735721968,-427.535419953987,697.7063074039529,169.87386744551807,648.982236904111,-191.7264111521889,-274.01236719543823,165.6576385459876,320.1956130003669
1781447262.0,55680.0,2026-06-14T14:27:42+00:00,0.11507341444444444,74.23072042083368,557.1001938707195,-380.3194111408666,678.6115828333059,161.48918252851138,628.7177159861766,-197.86095594362,-278.1876572239465,156.620338499722,319.2464613171389
1781447322.0,55740.0,2026-06-14T14:28:42+00:00,0.11576785888888888,87.38365580094978,563.5962003222667,-332.9699864536524,660.4131980796423,152.17057640103906,609.7102434546309,-203.08403901353532,-281.473384597312,146.2743613941435,317.2120033005227
1781447382.0,55800.0,2026-06-14T14:29:42+00:00,0.11646230333333334,99.82521618297324,567.6479316973127,-285.47042642720044,643.1816325974662,141.86009580518336,592.0595358711505,-207.42186893605034,-283.8460424345918,134.53757594929945,314.1161173007422
1781447442.0,55860.0,2026-06-14T14:30:42+00:00,0.11715674777777778,111.51552789355628,569.3125486737117,-237.78218968212605,626.9711801739874,130.51433409927404,575.8238924387689,-210.916367928264,-285.306830185373,121.34476812704276,310.03957828353305
1781447502.0,55920.0,2026-06-14T14:31:42+00:00,0.11785119222222222,122.36718157073483,568.5974174929434,-189.89734988007694,611.8314749967396,118.1380186869654,561.0254273607013,-213.615617856342,-285.8732307409828,106.69159011407619,305.133740276878
1781447562.0,55980.0,2026-06-14T14:32:42+00:00,0.11854563666666666,132.27457288024016,565.4850417828711,-141.87851196806878,597.8289113693808,104.80102043118731,547.6778166508616,-215.55779395379315,-285.5593801423227,90.65865135386363,299.6049910341431
1781447622.0,56040.0,2026-06-14T14:33:42+00:00,0.1192400811111111,141.14036102872342,559.9708930276101,-93.84202997758985,585.0592526742676,90.61351832509169,535.8097825009382,-216.7749902844375,-284.3744812098643,73.37984391492976,293.68937171160775
1781447682.0,56100.0,2026-06-14T14:34:42+00:00,0.11993452555555556,148.86860545445234,552.0734037659131,-45.918899302370846,573.6335504037186,75.69384588812453,525.4540482027321,-217.31068788902527,-282.3383047326184,54.99922800298483,287.64532570548266
1781447742.0,56160.0,2026-06-14T14:35:42+00:00,0.12062897,155.35518949851394,541.8061981408391,1.7419847110286355,563.6419304475872,60.17212078686641,516.6154401382958,-217.20964216491063,-279.46959984759974,35.67711399772367,281.73766823444834
1781447802.0,56220.0,2026-06-14T14:36:42+00:00,0.12132341444444444,160.50457188952714,529.1928585045971,48.91900406777859,555.157516429968,44.23997540777679,509.28192530715893,-216.50545762184143,-275.7800542935069,15.653477179644204,276.2239484439089
1781447862.0,56280.0,2026-06-14T14:37:42+00:00,0.12201785888888889,164.28979524509487,514.3276598048396,95.34887410141528,548.2841291286896,28.132195772991974,503.49331413900643,-215.21744453625402,-271.26837424315653,-4.774463063623862,271.31038749386494
1781447922.0,56340.0,2026-06-14T14:38:42+00:00,0.12271230333333333,166.76942302210955,497.34945355332457,140.83022486511618,543.1405634276242,12.042914376222956,499.3426793107165,-213.33899894908816,-265.89225023327947,-25.353730908797203,267.09829727108445
1781447982.0,56400.0,2026-06-14T14:39:42+00:00,0.12340674777777777,168.02492999914102,478.39063154533505,185.25114489905536,539.8221560273083,-3.897359994707213,496.92191926210063,-210.85866565051006,-259.5903632804965,-45.90727750139791,263.6183507187815
1781448042.0,56460.0,2026-06-14T14:40:42+00:00,0.12410119222222223,168.11129136628006,457.5758182355203,228.55975434184074,538.40189173474,-19.595352413531533,496.30142945211475,-207.79198808212936,-252.32558776158373,-66.3070357577631,260.8923633037387
1781448102.0,56520.0,2026-06-14T14:41:42+00:00,0.12479563666666667,167.06495352764614,435.00819883169606,270.7385440384969,538.9268883402239,-34.97938453800036,497.53048549412983,-204.16182218376247,-244.06199385049868,-86.45087659503318,258.92085838404466
1781448162.0,56580.0,2026-06-14T14:42:42+00:00,0.1254900811111111,164.9129992404487,410.74904567329213,311.7825175598264,541.4050370064393,-49.99239762008773,500.63031226548475,-199.97366005827425,-234.7336674015203,-106.24832340865359,257.65985492295346
1781448222.0,56640.0,2026-06-14T14:43:42+00:00,0.12618452555555557,161.66317432420328,384.8424927764572,351.6785678481683,545.8173149165515,-64.57337180101793,505.5988728179826,-195.23473236631577,-224.2697495198008,-125.60038263842425,257.04547587653195
1781448282.0,56700.0,2026-06-14T14:44:42+00:00,0.12687897,157.3009289545007,357.3434010548517,390.40774545725435,552.1377511458655,-78.65313026066833,512.4252899744844,-189.9739548863944,-212.61713061341365,-144.39826721388923,257.0153765918591
1781448342.0,56760.0,2026-06-14T14:45:42+00:00,0.12757341444444445,151.79757239995524,328.32268402865157,427.9547175010666,560.3423311384882,-92.15881803299678,521.1004462969934,-184.24061765406248,-199.73380209241736,-162.52862367077236,257.50562170680564
1781448402.0,56820.0,2026-06-14T14:46:42+00:00,0.1282678588888889,145.11573076806962,297.8570169475861,464.31459584180266,570.4081186071969,-105.02188455277319,531.6184328488964,-178.09454621989212,-185.56864875038656,-179.88017128119336,258.4426424164476
1781448462.0,56880.0,2026-06-14T14:47:42+00:00,0.12896230333333333,137.20481316978112,266.01101512648165,499.4936168268323,582.3065293952371,-117.18961389584383,543.9686217212906,-171.59728189545646,-170.0378317205985,-196.35267879415676,259.74456430478745
1781448522.0,56940.0,2026-06-14T14:48:42+00:00,0.12965674777777778,128.00108457170427,232.82242133840919,533.4953696439043,595.993176941564,-128.6267260515226,558.1256826669071,-164.79913426278623,-152.99374023018711,-211.84846882832332,261.3175430286437
1781448582.0,57000.0,2026-06-14T14:49:42+00:00,0.13035119222222222,117.43901914032176,198.30888412706554,566.3066581892781,611.4094927704922,-139.30198097657018,574.0530954040248,-157.73258890581718,-134.2006254930059,-226.2407956069403,263.04886519347576
1781448642.0,57060.0,2026-06-14T14:50:42+00:00,0.13104563666666666,105.45673467637971,162.46914599835873,597.9171841014177,628.5079994191076,-149.1994603499584,591.7244943132251,-150.4125965298389,-113.3015450155835,-239.36306921213878,264.8243172474413
1781448702.0,57120.0,2026-06-14T14:51:42+00:00,0.1317400811111111,91.95600948669016,125.26347101572901,628.3149654464796,647.2453481143264,-158.34969437378263,611.1019960605985,-142.85050002753732,-89.77559770167049,-251.00644284268654,266.5781166773279
1781448762.0,57180.0,2026-06-14T14:52:42+00:00,0.13243452555555554,76.7931185993366,86.63856491912156,657.4296569521539,667.5456372681072,-166.79903243214656,632.1015944539183,-135.0660390483016,-62.89469900866849,-260.8072698970191,268.2837587229752
1781448822.0,57240.0,2026-06-14T14:53:42+00:00,0.13312896999999999,59.82020030263811,46.573368955403566,685.1211386430077,689.3029157602595,-174.56652427034447,654.6098173775246,-127.0866840889736,-31.660042659122823,-268.04555162032904,269.90882913425406
1781448882.0,57300.0,2026-06-14T14:54:42+00:00,0.13382341444444446,40.91045870445669,5.08759146835655,711.2183614224195,712.4121748277112,-181.64796457926596,678.5186582166303,-118.94349187266465,5.272507045741702,-271.3558138171133,271.4070320070857
1781448942.0,57360.0,2026-06-14T14:55:42+00:00,0.1345178588888889,19.95388664677739,-37.79102907143533,735.5400513929781,736.780487440985,-188.04929342548505,703.7315655069403,-110.65637634181729,49.566797288037414,-268.19703359643756,272.7389158578622
1781449002.0,57420.0,2026-06-14T14:56:42+00:00,0.13521230333333334,-3.1758716851472855,-82.04690334852785,757.8782482251991,762.3130719349758,-193.8189410787503,730.1385327773227,-102.24069970334637,259.3019049391578,88.2729851216988,273.91531137811864
1781449062.0,57480.0,2026-06-14T14:57:42+00:00,0.13590674777777778,-28.627632807940245,-127.64037767983973,777.9629607483512,788.8840064741958,-199.02823598460466,757.5886100066842,-93.72958412249433,256.2153137834477,99.87374817693818,274.9928228009979
1781449122.0,57540.0,2026-06-14T14:58:42+00:00,0.13660119222222222,-56.532079060561955,-174.46643157489598,795.4548093794147,816.3227091501426,-203.7303309934293,785.889477391118,-85.17304170599616,252.92488096512227,110.53179503655694,276.02223302702396
1781449182.0,57600.0,2026-06-14T14:59:42+00:00,0.00015215666666666667,-132.281449848786,-175.20896136574447,381.9427305009158,440.5414980446848,-212.27823905340648,382.5901083446855,-51.37674299370865,230.64817295523872,146.06574662737142,273.00875814779494
1781449242.0,57660.0,2026-06-14T15:00:42+00:00,0.0008466011111111112,-145.5432505942881,-203.3631481565535,394.8802641532384,467.40756395187634,-215.31678286193343,412.5398948363217,-43.81037577847286,227.7629718476746,153.5010400368764,274.6607737506165
1781449302.0,57720.0,2026-06-14T15:01:42+00:00,0.0015410455555555556,-160.9088584529236,-232.3961105523631,405.8273956888588,494.56595922090185,-217.6455601994522,442.6039787716557,-36.43646691238167,224.93211059868239,159.67131861963216,275.8430429938554
1781449362.0,57780.0,2026-06-14T15:02:42+00:00,0.0022354899999999997,-178.22844914905727,-262.0252417726442,414.5134474968072,521.7700696358302,-219.12925327100587,472.6211533722219,-29.251005346503263,222.06733543418727,164.47052364192982,276.34119239427633
1781449422.0,57840.0,2026-06-14T15:03:42+00:00,0.0029299344444444443,-197.33224443346262,-291.98948905523866,420.7595295284409,548.8501235318091,-219.66050709562,502.4847561000488,-22.24386680529383,190.2432675405363,199.93095467356275,275.9798678910878
1781449482.0,57900.0,2026-06-14T15:04:42+00:00,0.0036243788888888893,-218.069710011594,-322.05479514878243,424.42474567657337,575.6822511120947,-219.18544519483234,532.0998698470672,-15.411793178153243,161.31564890377538,222.2935491016945,274.65826139672845
1781449542.0,57960.0,2026-06-14T15:05:42+00:00,0.0043188233333333334,-240.29722468275577,-351.98972178436816,425.3678712453693,602.1439581361659,-217.6859881381429,561.3496503625681,-8.759390734047704,135.25416681494593,236.3655636257503,272.32768737115924
1781449602.0,58020.0,2026-06-14T15:06:42+00:00,0.005013267777777778,-263.8497910397127,-381.55901920376346,423.46087793493643,628.1107486016023,-215.15459216044638,590.1070933231719,-2.287441980572029,111.925108061024,244.5637181712583,268.95843928053745
1781449662.0,58080.0,2026-06-14T15:07:42+00:00,0.005707712222222223,-288.544855395332,-410.52753131184727,418.594896546565,653.4620684897802,-211.5978064461168,618.2418636197352,4.005162934363886,90.9651951437772,248.41335988790357,264.54463536110984
1781449722.0,58140.0,2026-06-14T15:08:42+00:00,0.006402156666666667,-314.16898240707815,-438.6521489880979,410.67565326951444,678.0651513733159,-207.0256167946426,645.6084127936705,10.125256922824486,71.99628162200268,248.88724076446368,259.0913413889836
1781449782.0,58200.0,2026-06-14T15:09:42+00:00,0.007096601111111112,-340.45802783593535,-465.6748029529117,399.65511870756745,701.7755372854824,-201.42042628691735,672.0564801568775,16.0873890321794,54.67385040166724,246.58886919868803,252.57731554997486
1781449842.0,58260.0,2026-06-14T15:10:42+00:00,0.0077910455555555555,-367.15487952157855,-491.3324818913825,385.5821041511372,724.4886971924883,-194.74529423662355,697.4810362108948,21.871142140644977,38.753394732910195,241.87712563574257,244.9619756393501
1781449902.0,58320.0,2026-06-14T15:11:42+00:00,0.00848549,-394.1031602146104,-515.4064635881223,368.55601683445275,746.1867468297964,-187.03485184053528,721.8461286519432,27.400581957800075,24.137660412511604,235.05300811238465,236.28910950966508
1781449962.0,58380.0,2026-06-14T15:12:42+00:00,0.009179934444444445,-421.17313105845824,-537.6900845160708,348.601151115261,766.8247491254893,-178.4077407107042,745.0693719704647,32.59608684196735,10.79680683034242,226.44405130861887,226.70129997596428
1781450022.0,58440.0,2026-06-14T15:13:42+00:00,0.00987437888888889,-448.159172995016,-557.9650429887697,325.7465571137145,786.3093875876561,-168.95508728499127,767.0312426609033,37.41262181492149,-1.325829906498059,216.30563150964483,216.30969476130102
1781450082.0,58500.0,2026-06-14T15:14:42+00:00,0.010568823333333333,-474.80913909105584,-576.0426022293977,300.06076886784285,804.5528342881944,-158.75381415470088,787.6241091131052,41.841993216011105,-12.316880407163364,204.84916080747385,205.21911272220882
1781450142.0,58560.0,2026-06-14T15:15:42+00:00,0.011263267777777778,-500.8471260191873,-591.7556416129228,271.63694292865694,821.467718042546,-147.88578947974415,806.742042910822,45.89423990060318,-22.269823465923604,192.26886758151957,193.55428819399305
1781450202.0,58620.0,2026-06-14T15:16:42+00:00,0.011957712222222222,-525.9784299866296,-604.9273654101416,240.60668526683003,836.9480289888652,-136.42126638539852,824.2658003248571,49.56946359376266,-31.258111454111962,178.72189089692975,181.43479219116642
1781450262.0,58680.0,2026-06-14T15:17:42+00:00,0.012652156666666668,-549.895076489076,-615.3585429510567,207.17387855798006,850.865293384641,-124.3929682635594,840.0631843027226,52.839221344394005,-39.31948676638621,164.29841257780137,168.9378300297404
1781450322.0,58740.0,2026-06-14T15:18:42+00:00,0.013346601111111111,-572.2960033197887,-622.8559790244326,171.65155985951424,863.0970652391841,-111.7762793849289,854.0174861475554,55.6483669622453,-46.46250242711398,149.00224586372195,156.07829254647368
1781450382.0,58800.0,2026-06-14T15:19:42+00:00,0.014041045555555555,-592.9188857479021,-627.2877968408866,134.45044351927936,873.5672309012958,-98.50747997469873,866.0595615266287,57.93806332538051,-52.69157848394794,132.78062987768936,142.85341477838736
1781450442.0,58860.0,2026-06-14T15:20:42+00:00,0.01473549,-611.5604862596374,-628.6174414225097,96.02236657496542,882.2620987537454,-84.52513305916314,876.1743561344837,59.66917488131812,-58.02986642604373,115.58094225027293,129.3306599723569
1781450502.0,58920.0,2026-06-14T15:21:42+00:00,0.015429934444444444,-628.0873243769165,-626.9184494093497,56.79652403946966,889.2391547810653,-69.8103774763795,884.4045156736535,60.8394464833394,-62.53612781966063,97.40408736675663,115.75112750391544
1781450562.0,58980.0,2026-06-14T15:22:42+00:00,0.016124378888888888,-642.41529706656,-622.3375154329697,17.12280590645969,894.5918552627833,-54.41529511506375,890.8163073122837,61.48064562572411,-66.29918380044498,78.33942368936201,102.62868544703552
1781450622.0,59040.0,2026-06-14T15:23:42+00:00,0.016818823333333333,-654.4774206448346,-615.0405122785596,-22.708357830531895,898.4048059717559,-38.430557614000676,895.4636319058795,61.637420197124555,-69.41959245489758,58.521740677788245,90.7957815570876
1781450682.0,59100.0,2026-06-14T15:24:42+00:00,0.01751326777777778,-664.2291344610858,-605.2169736503856,-62.44545882381499,900.7704277945471,-21.96536198896977,898.4092548989139,61.36527661343306,-72.01123485833318,38.10714368362322,81.4725250961717
1781450742.0,59160.0,2026-06-14T15:25:42+00:00,0.018207712222222224,-671.6220094252931,-593.0662968137767,-101.90479646064341,901.7695623065575,-5.17358100362199,899.7066469876625,60.74147617877923,-74.21000076658284,17.308477509294217,76.20175593426944
1781450802.0,59220.0,2026-06-14T15:26:42+00:00,0.018902156666666666,-676.5865171361365,-578.7722013981547,-140.94439910631627,901.4498876371965,11.763604283197878,899.3838056124089,59.85221581130894,-76.16029706448577,-3.627150208563675,76.24662004040707
1781450862.0,59280.0,2026-06-14T15:27:42+00:00,0.01959660111111111,-679.0119310603477,-562.4819876365364,-179.43545692507178,899.8001289951899,28.64896065507834,897.420739291053,58.78372124528906,-78.00483547123665,-24.432497622513647,81.74167417522615
1781450922.0,59340.0,2026-06-14T15:28:42+00:00,0.020291045555555557,-678.7394875828177,-544.307096917415,-217.20103610586375,896.7350767335417,45.30852561423377,893.7344876068222,57.61597880055584,-79.88295985310371,-44.86855194883392,91.62136338691859
1781450982.0,59400.0,2026-06-14T15:29:42+00:00,0.02098549,-675.6111259534955,-524.3556462875567,-253.95422432385385,892.1277853299501,61.644668738968576,888.2060798666008,56.40815421364308,-81.92288565355149,-64.79143415717864,104.44754249837038
1781451042.0,59460.0,2026-06-14T15:30:42+00:00,0.021679934444444444,-669.5484813451767,-502.77940251864493,-289.31811478640884,885.8821975929981,77.63850683934106,880.7459165730398,55.192034822729234,-84.23682690925573,-84.15535231755055,119.07126576731672
1781451102.0,59520.0,2026-06-14T15:31:42+00:00,0.02237437888888889,-660.5932187547442,-479.7917719348334,-322.8977614538744,877.9786497592318,93.31444043284856,871.3354513667344,53.976437741639394,-86.92370301341091,-102.96672195583989,134.75116317084206
1781451162.0,59580.0,2026-06-14T15:32:42+00:00,0.023068823333333332,-648.9163615517318,-455.64117639232427,-354.36130670737475,868.4890682127652,108.69004408107385,860.0456401957523,52.737393782872196,-90.0509652466038,-121.22348631875357,151.0109597913942
1781451222.0,59640.0,2026-06-14T15:33:42+00:00,0.023763267777777774,-634.7644908158109,-430.5577915813774,-383.498298432678,857.5412034373903,123.71942909666932,847.0102826962587,51.41983531329122,-93.6469290273039,-138.84489050991772,167.47432918795624
1781451282.0,59700.0,2026-06-14T15:34:42+00:00,0.02445771222222222,-618.3741179057397,-404.7287348229438,-410.20923257712275,845.2594353088255,138.2794103196915,832.3734785680107,49.96708753592262,-97.73385275118318,-155.64726413074308,183.78785815438206
1781451342.0,59760.0,2026-06-14T15:35:42+00:00,0.025152156666666665,-599.9269586377777,-378.3090289882384,-434.4372355733067,831.7245870881625,152.21061231212195,816.2478822185307,48.34369700702672,-102.36574319634576,-171.38583343515697,199.62927962201232
1781451402.0,59820.0,2026-06-14T15:36:42+00:00,0.02584660111111111,-579.5633722301573,-351.4387765843421,-456.11773588787764,816.9738705181303,165.35758833221936,798.7101731831351,46.532057165930055,-107.63773334765693,-185.7981099935806,214.72498531239435
1781451462.0,59880.0,2026-06-14T15:37:42+00:00,0.026541045555555552,-557.4052841467783,-324.26137710595503,-475.15937786828727,801.0134367497083,177.5895281053764,779.8086730871871,44.52997573420769,-113.6967607369856,-198.61909625526783,228.85912435238995
1781451522.0,59940.0,2026-06-14T15:38:42+00:00,0.027235489999999998,-533.5722687868401,-296.93474830687046,-491.43954018270597,783.8255114662893,188.80674882613195,759.5663116232291,42.349288898155315,-120.75488521663674,-209.57224141583438,241.87241817896452
1781451582.0,60000.0,2026-06-14T15:39:42+00:00,0.027929934444444443,-508.21011061407626,-269.6463661417365,-504.79821528634056,765.3808969788113,198.96031494664862,737.9849872343738,40.010862938724294,-129.1102333615963,-218.36618673977205,253.67941160045854
1781451642.0,60060.0,2026-06-14T15:40:42+00:00,0.028624378888888885,-481.5267811641097,-242.62805494107306,-515.0772396349348,745.6815518790181,208.05756033846893,715.0828202007366,37.54448897596246,-139.179824232777,-224.65279475866745,264.2724005005946
1781451702.0,60120.0,2026-06-14T15:41:42+00:00,0.02931882333333333,-453.7836929000914,-216.13792377943173,-522.1729328823276,724.775699008086,216.1292104260658,690.9151141648714,34.989759813517885,-151.52501197453802,-227.90427050325266,273.6789830577124
1781451762.0,60180.0,2026-06-14T15:42:42+00:00,0.030013267777777776,-425.2674735467881,-190.42793944617733,-526.0509201996028,702.7409158583511,223.20041350853162,665.5654347762005,32.388613156811985,-166.86115878764085,-227.2393878605446,281.9226590878948
1781451822.0,60240.0,2026-06-14T15:43:42+00:00,0.03070771222222222,-396.27177629619837,-165.72434796812013,-526.7276560263708,679.6601384673355,229.2858019911171,639.1238694709305,29.77590131688728,-186.0380224208893,-221.17615289743688,289.0139034662272
1781451882.0,60300.0,2026-06-14T15:44:42+00:00,0.03140215666666667,-367.1037409082055,-142.23231036402285,-524.2530714769382,655.6191498524812,234.40861572887718,611.678449815518,27.176176269789607,-209.90361905812426,-207.24323321510556,294.97336660645954
1781451942.0,60360.0,2026-06-14T15:45:42+00:00,0.03209660111111111,-338.0904083158821,-120.13982092682272,-518.7208150508814,630.7217966223932,238.6095185043648,583.3267202852625,24.60528022465643,-227.43634451328157,195.3940570530551,299.8435064116224
1781452002.0,60420.0,2026-06-14T15:46:42+00:00,0.03279104555555555,-309.56218023691326,-99.61621156753972,-510.2818057340337,605.0947482033588,241.93768590926803,554.1825192601464,22.08043900451298,-233.47379026583914,194.1929725470486,303.6789774214801
1781452062.0,60480.0,2026-06-14T15:47:42+00:00,0.03348549,-281.8389588119462,-80.80815758090466,-499.1468685537111,578.8875136179722,244.44692321475424,524.377093312842,19.624453174878617,-239.00178586473484,191.95308304453013,306.5417422421176
1781452122.0,60540.0,2026-06-14T15:48:42+00:00,0.03417993444444444,-255.2170198475942,-63.82815605355427,-485.59511842059874,552.2792588528013,246.18890791821852,494.07018261882376,17.26429911802185,-244.0361035161662,188.71571593278702,308.49188199914977
1781452182.0,60600.0,2026-06-14T15:49:42+00:00,0.034874378888888884,-229.93741269409657,-48.73553541302681,-469.9682622163673,525.4679187725183,247.19025254484876,463.45183522573717,15.030273844206171,-248.5573033333594,184.51482384212042,309.55848115960316
1781452242.0,60660.0,2026-06-14T15:50:42+00:00,0.03556882333333333,-206.15452757384628,-35.526327514555305,-452.6302801697748,498.63411406805693,247.4304690717206,432.71967373776545,12.954792459398648,-252.48812130485098,179.36303434255504,309.71171997298023
1781452302.0,60720.0,2026-06-14T15:51:42+00:00,0.036263267777777775,-183.94087736774236,-24.151216140482575,-433.91275622160174,471.9086856794504,246.85126907039745,402.04436794549065,11.07180117919196,-255.7022002140848,173.26199497910858,308.8743014536246
1781452362.0,60780.0,2026-06-14T15:52:42+00:00,0.036957712222222217,-163.32856131065637,-14.548425843007863,-414.0935734244995,445.37777581036715,245.39471689047983,371.5563668774279,9.41606822814894,-187.75576756344688,242.85349022256108,306.9691286866135
1781452422.0,60840.0,2026-06-14T15:53:42+00:00,0.037652156666666665,-144.34136341605335,-6.659452429972589,-393.4219831931405,419.1176855718403,243.03063266009067,341.3669177422505,8.023304748521333,-159.5318783758914,258.72280319219607,303.95379436645965
1781452482.0,60900.0,2026-06-14T15:54:42+00:00,0.03834660111111111,-126.98535909689963,-0.4188098800368607,-372.14570064656436,393.21480050527913,239.74591098034006,311.5954620563192,6.931488333846496,-136.41102508564015,266.9768482260261,299.8076137352381
1781452542.0,60960.0,2026-06-14T15:55:42+00:00,0.039041045555555556,-111.2419707486406,4.253915059380233,-350.4916840167716,367.7462337186967,235.5288540661077,282.35676341067807,6.173287036807295,-117.29878625081298,270.1451785809686,294.51217761997094
1781452602.0,61020.0,2026-06-14T15:56:42+00:00,0.03973549,-97.08700003754348,7.449631936382502,-328.67177902814,342.7922416301163,230.38636551919438,253.7623906385789,5.769974181005698,-101.19097757745773,269.7157563285985,288.0732600485326
1781452662.0,61080.0,2026-06-14T15:57:42+00:00,0.04042993444444444,-84.48491007089615,9.268187138717622,-306.8946226499975,318.44608450098747,224.34434644817085,225.93053292244412,5.737355151421292,-87.300804575273,266.59188003539674,280.52212208718475
1781452722.0,61140.0,2026-06-14T15:58:42+00:00,0.04112437888888889,-73.37716205604374,9.818842485081404,-285.3659942727536,294.812428955129,217.4406501692744,198.98953421891784,6.090746401250385,-75.03552217303792,261.34903207200017,271.90742202586495
1781452782.0,61200.0,2026-06-14T15:59:42+00:00,0.04181882333333333,-63.67853746097535,9.22780090617016,-264.2816581418738,272.0016604231507,209.71889958451138,173.07837200861135,6.838389639483272,-63.95894584000471,254.37024717274312,262.2879513048342
1781452842.0,61260.0,2026-06-14T16:00:42+00:00,0.04251326777777777,-55.27222263906151,7.650353490607813,-243.81654631905258,250.12008068714505,201.21816084556465,148.3501603522579,7.9709743652690666,-53.76161847369642,245.91184030378437,251.7199730305588
1781452902.0,61320.0,2026-06-14T16:01:42+00:00,0.04320771222222222,-48.00544481724501,5.271233128150925,-224.0968697667122,229.24160981381988,191.95482165592117,124.96245208439797,9.457678474640007,-44.23145945570316,236.1275845395674,240.23458990343596
1781452962.0,61380.0,2026-06-14T16:02:42+00:00,0.043902156666666664,-41.70610870793462,2.283682557521388,-205.18290861602873,209.39111895616583,181.9256746808576,103.05868763350689,11.251510693644592,-35.22875362406558,225.10159494019013,227.84159656770873
1781453022.0,61440.0,2026-06-14T16:03:42+00:00,0.044596601111111106,-36.20108860125765,-1.1293311503250152,-187.07655570469797,190.55033954075276,171.12230290593817,82.76337348385378,13.297118365895392,-26.66558766497386,212.88414405910032,214.54769250051183
1781453082.0,61500.0,2026-06-14T16:04:42+00:00,0.045291045555555555,-31.32313940813765,-4.801567745627835,-169.73206438403577,172.66490029900095,159.5364115344039,64.18694198103613,15.535046479246983,-18.48996682803725,199.5087787678223,200.3637484145517
1781453142.0,61560.0,2026-06-14T16:05:42+00:00,0.04598549,-26.915016807615757,-8.59591683850158,-153.0573218697682,155.64334773447433,147.15709244721813,47.42187997250916,17.911089758815052,-10.664702396047502,184.9967315271316,185.3038762490355
1781453202.0,61620.0,2026-06-14T16:06:42+00:00,0.04667993444444444,-22.838124563917518,-12.419423587387428,-136.92331898584962,139.369355663075,133.97560042550566,32.537865909915055,20.387326224748836,-3.1483485597861374,169.3681310269078,169.3973904940738
1781453262.0,61680.0,2026-06-14T16:07:42+00:00,0.04737437888888889,-18.97609390038997,-16.22231099306373,-121.17023757565767,123.71532640628409,119.98154163110894,19.585245244329986,22.94187926817105,4.1103813320557805,152.63870334842235,152.6940371939343
1781453322.0,61740.0,2026-06-14T16:08:42+00:00,0.04806882333333333,-15.26196467736736,-19.994348149280995,-105.60563858877867,108.55990247541494,105.16020048128846,8.578089795512428,25.553884942743057,11.15820698623853,134.8146020218437,135.2755798415067
1781453382.0,61800.0,2026-06-14T16:09:42+00:00,0.04876326777777778,-11.716195692308247,-23.75597079702129,-90.05393410753459,93.86866590217191,89.53510057472924,-0.5181726153837368,28.187296792480065,18.011932548710345,115.94329782231574,117.33404460792059
1781453442.0,61860.0,2026-06-14T16:10:42+00:00,0.04945771222222222,-8.418182196328416,-27.520781564642675,-74.40861471556127,79.78033061668896,73.19379869430821,-7.747479407803205,30.78222780811922,24.646161664444183,96.14540106874198,99.25407513779557
1781453502.0,61920.0,2026-06-14T16:11:42+00:00,0.05015215666666666,-5.461581254610792,-31.283211450790986,-58.60999748110771,66.6603329815496,56.25294360445819,-13.144620138273956,33.262971762384645,31.011929496137153,75.57390320433645,81.68937884824315
1781453562.0,61980.0,2026-06-14T16:12:42+00:00,0.05084660111111111,-2.9495321911526844,-35.047994964173995,-42.63007537461817,55.266490910867844,38.84235775316267,-16.758598723074893,35.564105930211646,37.07251424634337,54.39922946391019,65.83044492339761
1781453622.0,62040.0,2026-06-14T16:13:42+00:00,0.051541045555555554,-0.9903526637353934,-38.844121352769434,-26.51201244443655,47.039699891912626,21.138879129773795,-18.661812303835664,37.651267131325426,42.82316443854958,32.8543933382046,53.97438813133986
1781453682.0,62100.0,2026-06-14T16:14:42+00:00,0.052235489999999996,0.3538671642054396,-42.69048828002997,-10.3937558978796,43.938971007773794,3.389587514793665,-18.907287423471566,39.517823219248484,48.28239070125686,11.262946324243005,49.578656816533396
1781453742.0,62160.0,2026-06-14T16:15:42+00:00,0.052929934444444444,1.1284905261709355,-46.55601618299261,5.572503745555878,46.90190754855245,-14.146356664898029,-17.471504562480384,41.163285256714914,53.474078129297126,-10.036664012365923,54.40782716002629
1781453802.0,62220.0,2026-06-14T16:16:42+00:00,0.053624378888888886,1.4463240195764229,-50.38840550230816,21.344761731103063,54.7419593693193,-31.297917047456654,-14.284412588924626,42.58025435659231,58.42776015103606,-30.817092775628883,66.05676621973494
1781453862.0,62280.0,2026-06-14T16:17:42+00:00,0.05431882333333333,1.3907767857890576,-54.15881486539729,36.960818263702095,65.58363800838347,-47.957347638506874,-9.31208530936019,43.75604471481945,63.17608643361227,-50.93070027441156,81.1489625781451
1781453922.0,62340.0,2026-06-14T16:18:42+00:00,0.05501326777777778,1.0349398981779814,-57.85687942546792,52.471966001205146,78.11399883169216,-64.01890212407214,-2.5353372764784865,44.687235864400634,67.76196931268464,-70.23054454667994,97.5910542644991
1781453982.0,62400.0,2026-06-14T16:19:42+00:00,0.05570771222222222,0.44888151646591723,-61.491969926515594,67.98324461188167,91.66889007737718,-79.41706831778741,6.0749561063090995,45.37851447692583,72.24510531692574,-88.61691572156879,114.33421620082642
1781454042.0,62460.0,2026-06-14T16:20:42+00:00,0.05640215666666666,-0.37414304818958044,-65.10873581841588,83.64045283570886,105.9953433574099,-94.14041946925238,16.49990432035564,45.82954716149326,76.6909186163352,-106.05576283858306,130.8790351029955
1781454102.0,62520.0,2026-06-14T16:21:42+00:00,0.05709660111111111,-1.5103728957474232,-68.76764125423506,99.5437623122707,120.99681948397333,-108.16366207079145,28.66214893687603,46.03622216247978,81.16096290022989,-122.49340752838994,146.9412698557104
1781454162.0,62580.0,2026-06-14T16:22:42+00:00,0.05779104555555555,-3.040935433935374,-72.52024042420089,115.73690531495959,136.6142884598137,-121.42309562841105,42.474961644346635,45.99753572427778,85.71702419247444,-137.82348410528132,162.30440846548802
1781454222.0,62640.0,2026-06-14T16:23:42+00:00,0.058485489999999994,-5.0273889265954494,-76.40223516151309,132.2487772954628,152.8146435170377,-133.8407587353201,57.87349007193111,45.71242414581891,90.42318640186298,-151.91542019292314,176.78984001197145
1781454282.0,62700.0,2026-06-14T16:24:42+00:00,0.05917993444444444,-7.534461714792997,-80.43894400959834,149.12737974338233,169.60591739629234,-145.35853520175874,74.81132279710124,45.170005990534456,95.34484012646129,-164.65600757902055,190.2688607486862
1781454342.0,62760.0,2026-06-14T16:25:42+00:00,0.059874378888888885,-10.654824986122549,-84.66046401392668,166.4302463773638,187.0292660835953,-155.94595441820294,93.23835663951621,44.35554670530451,100.56412919837514,-175.95339853041105,202.66411259971298
1781454402.0,62820.0,2026-06-14T16:26:42+00:00,0.060568823333333334,-14.521856592968106,-89.10115050757304,184.2103151269257,205.14224221218112,-165.60051761900635,113.09024713158665,43.24816883840302,106.18657340918203,-185.73148875305324,213.94339037887838
1781454462.0,62880.0,2026-06-14T16:27:42+00:00,0.061263267777777776,-19.317659378051758,-93.78140815068036,202.48250275105238,223.98055361772117,-174.33167346305058,134.26780508796122,41.808044002732615,112.33346922824555,-193.90480750106514,224.09346862610326
1781454522.0,62940.0,2026-06-14T16:28:42+00:00,0.06195771222222222,-25.238847551867366,-98.70480211637914,221.19935996783897,243.5339693692885,-182.1352317828075,156.6404302321464,39.99158907661243,119.16703082666267,-200.32812872877415,233.09255757319897
1781454582.0,63000.0,2026-06-14T16:29:42+00:00,0.06265215666666667,-32.46064198575914,-103.84897644584998,240.24480991717428,263.7344722995413,-188.9728902989328,180.05407108837855,37.75778192222289,126.90676260663972,-204.74448432218188,240.885097620534
1781454642.0,63060.0,2026-06-14T16:30:42+00:00,0.06334660111111111,-41.09254304226488,-109.1613459805958,259.48771535325795,284.49722488844975,-194.77042564237172,204.38511512939422,35.06960190624904,135.84764183252096,-206.73980981629202,247.37811292499887
1781454702.0,63120.0,2026-06-14T16:31:42+00:00,0.06404104555555555,-51.238421984016895,-114.60447462601587,278.84509997069836,305.800835952726,-199.50252872411073,229.5544018608678,31.900923001861067,146.4308986749693,-205.76094548710918,252.54618344870755
1781454762.0,63180.0,2026-06-14T16:32:42+00:00,0.06473548999999999,-63.05129042919725,-120.1636767173186,298.2186572793871,327.641789118134,-203.20544220032724,255.45925709177635,28.235761063214927,159.28271745287879,-200.9830532811563,256.4472105237055
1781454822.0,63240.0,2026-06-14T16:33:42+00:00,0.06542993444444445,-76.68471948523074,-125.82424659607932,317.44853290217,349.97979695368076,-205.92050299035046,281.9628805282685,24.073610617064883,175.17023955962924,-190.98691083430242,259.1536473550154
1781454882.0,63300.0,2026-06-14T16:34:42+00:00,0.06612437888888889,-92.25697770435363,-131.56425957893953,336.332770220004,372.7468801446341,-207.6780753134436,308.9214815001698,19.431210960773647,229.49571560800692,123.74402445511335,260.7314079100922
1781454942.0,63360.0,2026-06-14T16:35:42+00:00,0.06681882333333333,-109.85048093926162,-137.35853274120018,354.65575747611,395.87270806454416,-208.50921439905602,336.20451819058223,14.339820406224662,233.77488126637934,116.62759956564268,261.25216188876533
1781455002.0,63420.0,2026-06-14T16:36:42+00:00,0.06751326777777777,-129.53993118740618,-143.19471402047202,372.1953698856523,419.30265114802245,-208.47715104228175,363.6945250201561,8.847780705739842,237.328965296055,108.20251237758525,260.83102088002795
1781455062.0,63480.0,2026-06-14T16:37:42+00:00,0.06820771222222222,-151.40243948809803,-149.06780234351754,388.67307577922475,442.9567340205544,-207.6813569462516,391.24160421666176,3.0214766411248974,240.17665772216674,98.60262831492386,259.6291686717844
1781455122.0,63540.0,2026-06-14T16:38:42+00:00,0.06890215666666666,-175.44901475775987,-154.93444798886776,403.72360579727683,466.6688224330385,-206.19221018742516,418.6348693419302,-3.067321327889767,242.29624252128676,87.96177927573518,257.7687796326145
1781455182.0,63600.0,2026-06-14T16:39:42+00:00,0.06959660111111111,-201.54479298647493,-160.68261590227485,416.96908220788464,490.2065096981523,-203.98418255687403,445.6515429943803,-9.358292781093029,243.55654227565276,76.36731993503865,255.24842181555675
1781455242.0,63660.0,2026-06-14T16:40:42+00:00,0.07029104555555556,-229.43990586139262,-166.17170589789748,428.12578776385635,513.3686749219557,-200.96937087146736,472.13246351244254,-15.800166465050957,243.7542543657261,63.88473403211267,251.98689601593347
1781455302.0,63720.0,2026-06-14T16:41:42+00:00,0.07098549,-258.86185001116246,-171.28840649034828,437.0042063142173,536.0241150596896,-197.07937786621076,497.97874326646286,-22.33253232718828,242.70352341841863,50.618410084363354,247.92584318538408
1781455362.0,63780.0,2026-06-14T16:42:42+00:00,0.07167993444444444,-289.54683763720095,-175.9496358151082,443.45257062558085,558.0733176954517,-192.286728072431,523.1036421699233,-28.882895965751715,170.8958438962429,172.8301108437295,243.05480179429668
1781455422.0,63840.0,2026-06-14T16:43:42+00:00,0.07237437888888888,-321.2245601033792,-180.07366504217498,447.3303452474065,579.4102006648612,-186.58393463172035,547.4035611276046,-35.383007738992106,157.0637790813672,177.99816647469657,237.3865581023372
1781455482.0,63900.0,2026-06-14T16:44:42+00:00,0.07306882333333332,-353.5933909602463,-183.56993505288847,448.5340147842653,599.9241365410953,-179.95122395166936,570.7725758485896,-41.775510314548114,147.0986757831081,178.00677303113304,230.92083418804216
1781455542.0,63960.0,2026-06-14T16:45:42+00:00,0.07376326777777778,-386.3620409881696,-186.35918252263218,447.01074204035103,619.5352896538768,-172.38942073725246,593.1278286357194,-48.01293203152917,140.08235312982998,174.39445233354894,223.6883784712761
1781455602.0,64020.0,2026-06-14T16:46:42+00:00,0.07445771222222222,-419.25749378465116,-188.37158304615878,442.7161522540264,638.1679174484667,-163.93697801911685,614.3786545101152,-54.053926599396554,135.26809782469132,168.10890460977473,215.77317279543487
1781455662.0,64080.0,2026-06-14T16:47:42+00:00,0.07515215666666666,-451.9881864199415,-189.5309364318382,435.5994697515853,655.7150254308494,-154.64528529113883,634.4000743346598,-59.862976848632144,132.0832136844566,159.75232805492996,207.28430151891337
1781455722.0,64140.0,2026-06-14T16:48:42+00:00,0.0758466011111111,-484.2050057966262,-189.74454126390629,425.64525930024683,672.0352411464264,-144.53099196354685,653.0413345306521,-65.41538885609005,130.08754405458726,149.67573545387688,198.30682010917607
1781455782.0,64200.0,2026-06-14T16:49:42+00:00,0.07654104555555555,-515.5371462516487,-188.9375325127039,412.938954888843,687.0185738551562,-133.57174435829094,670.1910159012584,-70.69025488916773,128.9361918709515,138.0603152822564,188.90524669796457
1781455842.0,64260.0,2026-06-14T16:50:42+00:00,0.07723549,-545.6663175215945,-187.07228257483803,397.63966546207666,700.6176364709426,-121.76472369955101,685.7931786234416,-75.67126766519854,128.3740934902005,125.03529279798877,179.20304775452206
1781455902.0,64320.0,2026-06-14T16:51:42+00:00,0.07792993444444445,-574.3286878308281,-184.1254154453054,379.92497112229466,712.8103492238756,-109.14450505026527,699.8062454403578,-80.357263645957,128.22860451582906,110.72604702205925,169.41910312951185
1781455962.0,64380.0,2026-06-14T16:52:42+00:00,0.07862437888888889,-601.2964372616261,-180.07568929792615,359.9670798284933,723.5751224993164,-95.78052782747667,712.1814078950453,-84.76255445431983,128.3900780230914,95.26962053721562,159.87592918285276
1781456022.0,64440.0,2026-06-14T16:53:42+00:00,0.07931882333333333,-626.338129802607,-174.88122577191098,337.91897630225867,732.852052270634,-81.76434345575139,722.8273679357482,-88.923106218847,128.8033707277777,78.80880107718056,151.00044846973123
1781456082.0,64500.0,2026-06-14T16:54:42+00:00,0.08001326777777777,-649.1772010214627,-168.49335348035675,313.97367682959884,740.5406931661585,-67.14991915980484,731.6177292934151,-92.88113250490252,129.42742752548665,61.42936315913925,143.26557735200214
1781456142.0,64560.0,2026-06-14T16:55:42+00:00,0.08070771222222221,-669.5282389889471,-160.90103335057393,288.41598801873624,746.5527359013207,-51.93585297305091,738.4441921670843,-96.66348696592128,130.20282035003464,43.14559115481567,137.1652888423376
1781456202.0,64620.0,2026-06-14T16:56:42+00:00,0.08140215666666667,-687.152307800483,-152.14271552089485,261.59984661545604,750.839649826001,-36.101159003795146,743.236389354613,-100.28237935217014,131.05880186197595,23.944831802499788,133.22824218440576
1781456262.0,64680.0,2026-06-14T16:57:42+00:00,0.08209660111111111,-701.8801851090975,-142.30540561140515,233.92080345191061,753.396021361007,-19.622614161651256,745.961979861185,-103.73640931533646,131.91499014026556,3.8095777743332007,131.96998714300557
1781456322.0,64740.0,2026-06-14T16:58:42+00:00,0.08279104555555555,-713.6367870003451,-131.53206350957043,205.7850950974971,754.2716041689143,-2.4929121851686773,746.6389925897163,-107.0030513069512,132.672386470104,-17.257780667829486,133.79010847312867
1781456382.0,64800.0,2026-06-14T16:59:42+00:00,0.08348549,-722.445572145516,-120.00552937446628,177.54400513786823,753.5587605180523,15.235974895954717,745.3250457610271,-110.04202280854311,133.22250468253637,-39.18128603718009,138.8647144864949
1781456442.0,64860.0,2026-06-14T17:00:42+00:00,0.08417993444444444,-728.3639140429441,-107.91367838415317,149.4589610574767,751.3303762678147,33.445340926319524,742.0608098880501,-112.80291619168999,133.45511198550759,-61.80258269009137,147.0708201589627
1781456502.0,64920.0,2026-06-14T17:01:42+00:00,0.0848743788888889,-731.4413179390831,-95.44852711237036,121.75305705424398,747.6233208096426,52.00386584009058,736.8582861307831,-115.22193331362226,133.24288852813874,-84.94620429201092,158.01748310532622
1781456562.0,64980.0,2026-06-14T17:02:42+00:00,0.08556882333333334,-731.7411419712589,-82.80840027204249,94.61512261629105,742.4650506500037,70.76246594171319,729.7294298387288,-117.2262090055134,132.44776671240112,-108.41303890828488,171.16015281727204
1781456622.0,65040.0,2026-06-14T17:03:42+00:00,0.08626326777777778,-729.3120872509462,-70.17705781222321,68.2009893944487,735.84802439627,89.55206025855307,720.660833768509,-118.74639440176468,130.93723614513323,-131.97868792205935,185.91109131774445
1781456682.0,65100.0,2026-06-14T17:04:42+00:00,0.08695771222222222,-724.1935247312067,-57.711921107023954,42.66387835890055,727.7411171681144,108.20312492286553,709.621712167802,-119.73405110518509,128.60300939468263,-155.41964091661822,201.72753606788382
1781456742.0,65160.0,2026-06-14T17:05:42+00:00,0.08765215666666666,-716.4094977808418,-45.53116591554135,18.169731436297297,718.0848102562076,126.55003802953038,696.5549481660303,-120.17523364169888,125.3776804990688,-178.52030143228603,218.14917096060861
1781456802.0,65220.0,2026-06-14T17:06:42+00:00,0.0883466011111111,-705.9799699480645,-33.71688429126516,-5.067525919526815,706.8028197970957,144.45724350094937,681.3804757759459,-120.09570393889484,121.23664072403304,-201.10610752582357,234.82331557627828
1781456862.0,65280.0,2026-06-14T17:07:42+00:00,0.08904104555555556,-692.9606451482978,-22.33693988621235,-26.760477544739842,693.8368091750739,161.84833570570007,664.0194610861541,-119.55245415463631,116.18123677397625,-223.07825843387351,251.51936141025166
1781456922.0,65340.0,2026-06-14T17:08:42+00:00,0.08973549,-677.4931072695181,-11.472348526818678,-46.554034437052906,679.1876053792456,178.72132350848025,644.4259282367875,-118.6158287933187,110.21083740248861,-244.42953982543656,268.12726198623005
1781456982.0,65400.0,2026-06-14T17:09:42+00:00,0.09042993444444444,-659.8565312381834,-1.2362638122867793,-64.09743646439165,662.9635371023115,195.11900192688864,622.638490832903,-117.3479286037364,103.29719980064705,-265.20322958615685,284.6103730885131
1781457042.0,65460.0,2026-06-14T17:10:42+00:00,0.09112437888888889,-640.4233326353133,8.235515276901424,-79.14755018707365,645.3481257400632,211.04878970192715,598.771217493703,-115.78273128007,95.37177102899567,-285.3888155969979,300.90289260335214
1781457102.0,65520.0,2026-06-14T17:11:42+00:00,0.09181882333333333,-619.5748793021776,16.797571497503668,-91.57940295524895,626.531704318434,226.4605301070735,572.9575700829903,-113.91763561617695,86.31764877229006,-304.89016477103013,316.8733959544132
1781457162.0,65580.0,2026-06-14T17:12:42+00:00,0.09251326777777777,-597.6781611246988,24.318977729184553,-101.34030330460519,606.696344176445,241.27716758090358,545.3258004496258,-111.73877485087597,75.99152296817137,-323.5651257878392,332.36892482469284
1781457222.0,65640.0,2026-06-14T17:13:42+00:00,0.09320771222222222,-575.0833440124989,30.701937249861658,-108.44424397777766,586.0235622937054,255.39482795615535,516.0076074514755,-109.23939980086905,64.24187554859625,-341.22589825200384,347.2205814923537
1781457282.0,65700.0,2026-06-14T17:14:42+00:00,0.09390215666666667,-552.0977644128725,35.88079903530888,-112.95891484525055,564.6760926868787,268.67858153452147,485.12514233215455,-106.41666107299528,50.9003876254155,-357.6279104099069,361.232019295873
1781457342.0,65760.0,2026-06-14T17:15:42+00:00,0.09459660111111111,-528.9710265854374,39.8253982400056,-114.97233157604933,542.7845303063266,280.9712488312987,452.7733180445621,-103.27887556009577,35.78053387643685,-372.47485439436923,374.1894757480352
1781457402.0,65820.0,2026-06-14T17:16:42+00:00,0.09529104555555555,-505.91142105776817,42.53630010411143,-114.54986676573753,520.4588117798427,292.12361444678777,419.0115189846748,-99.85246917320423,18.663778057703873,-385.4457368711121,385.8973343824777
1781457462.0,65880.0,2026-06-14T17:17:42+00:00,0.09598548999999999,-483.1238525044173,44.025173405883834,-111.71393929002807,497.8221338830006,302.02590752407906,383.8721057847419,-96.17398072487468,-0.7438000582087857,-396.2100321159283,396.2107302785117
1781457522.0,65940.0,2026-06-14T17:18:42+00:00,0.09667993444444445,-460.8480566870421,44.29921910678968,-106.45333764096722,475.0533288596095,310.62553154177743,347.37852179052896,-92.28004667105222,-22.867903739968813,-404.40764088797334,405.05367672696974
1781457582.0,66000.0,2026-06-14T17:19:42+00:00,0.09737437888888889,-439.3922440605238,43.3541823849082,-98.75294129922986,452.43482700390774,317.9380698101086,309.56963879798934,-88.20031284502821,-48.33561954623318,-409.58946455893215,412.4316447541228
1781457642.0,66060.0,2026-06-14T17:20:42+00:00,0.09806882333333333,-419.14231939800084,41.18078706366941,-88.65636844560504,430.39062815015143,324.03278235936733,270.53803725112925,-83.95248153709002,-78.05210070418805,-411.0700589015611,418.41453577722365
1781457702.0,66120.0,2026-06-14T17:21:42+00:00,0.09876326777777777,-400.5053410753608,37.78516115597449,-76.32759940158576,409.46080284183853,328.9750342274195,230.44924029805722,-79.54070382514506,-113.25487478543447,-407.6269550049445,423.0678445701912
1781457762.0,66180.0,2026-06-14T17:22:42+00:00,0.09945771222222222,-383.8204729659483,33.19849169906229,-62.03175847651437,390.2156254926058,332.7764731837962,189.4987452815907,-74.95517867794413,-155.50312579895478,-397.0250262696203,426.39194834991696
1781457822.0,66240.0,2026-06-14T17:23:42+00:00,0.10015215666666666,-369.34666506480426,27.471615303773433,-46.0658560807351,373.2207279055414,335.41688858748256,147.86490412656923,-70.17971727126742,-206.43636403888166,-375.3237342854889,428.3501814118887
1781457882.0,66300.0,2026-06-14T17:24:42+00:00,0.10084660111111111,-357.2961109764874,20.674118385883048,-28.739518555579707,359.04580490065945,336.8783285708103,105.71527840854482,-65.20093302325832,-428.9029389711279,-2.856475811845458,428.9124508709612
1781457942.0,66360.0,2026-06-14T17:25:42+00:00,0.10154104555555556,-347.83800981845707,12.887728684581816,-10.386134511209093,348.23159881779446,337.14668298404825,63.22339453127434,-60.001357917915875,-428.05308287899453,-1.3727659834103776,428.0552841031828
1781458002.0,66420.0,2026-06-14T17:26:42+00:00,0.10223549,-341.09072750993073,4.194236973533407,8.64753082493553,341.226106572185,336.2094552959915,20.560981264961733,-54.55001398172865,-425.7575710619918,-0.15758532212289067,425.75760022545785
1781458062.0,66480.0,2026-06-14T17:27:42+00:00,0.10292993444444444,-337.1329797189683,-5.327782637323253,28.00912487565074,338.3364336844624,334.06760221009733,-22.103647853135698,-48.80377304575299,-422.0160099354957,0.9379324872461816,422.0170522138021
1781458122.0,66540.0,2026-06-14T17:28:42+00:00,0.10362437888888888,-336.00063678994775,-15.595442902296782,47.34506205341313,339.6780838726731,330.73048738299724,-64.60536731037998,-42.71641246063069,-416.84189810498214,2.076523541744087,416.84707023773564
1781458182.0,66600.0,2026-06-14T17:29:42+00:00,0.10431882333333332,-337.68974568881094,-26.526566509273835,66.31811640330125,345.1609995892157,326.2167088953807,-106.79653265194098,-36.2391375230695,-410.26492747598303,3.4317889263269405,410.2792803592554
1781458242.0,66660.0,2026-06-14T17:30:42+00:00,0.10501326777777778,-342.1889777574688,-38.05461842077784,84.60951034142636,354.5422678920927,320.58183339665794,-148.55400836993275,-29.312359429630657,-402.3653241024475,5.199118562783476,402.3989126152027
1781458302.0,66720.0,2026-06-14T17:31:42+00:00,0.10570771222222222,-349.4942710865289,-50.12449243571609,101.87310782726854,367.4735913812428,313.936439757748,-189.74388293036054,-21.863463709304053,-263.5845576014545,291.99993335114675,393.3710463201742
1781458362.0,66780.0,2026-06-14T17:32:42+00:00,0.10640215666666666,-359.56673943810165,-62.664145517279394,117.7050814544782,383.49644254381786,306.4187384292791,-230.18686091459384,-13.823431030620386,-218.60975967875436,314.9845859544549,383.4129841511658
1781458422.0,66840.0,2026-06-14T17:33:42+00:00,0.1070966011111111,-372.2656772499904,-75.554975987121,131.6717744283378,402.02953254197075,298.1385553196875,-269.65642464090945,-5.153592697009152,-178.7401993485501,327.07606152223747,372.72886779005717
1781458482.0,66900.0,2026-06-14T17:34:42+00:00,0.10779104555555555,-387.33005305659026,-88.63787636259804,143.38622891856357,422.4226009227951,289.1477233981207,-307.92411866181527,4.145475896338433,-143.09585038392225,331.94192023648105,361.4717980802655
1781458542.0,66960.0,2026-06-14T17:35:42+00:00,0.10848549,-404.42253110930324,-101.73393703100737,152.54176709568128,444.04545749433964,279.4669038490183,-344.7861674849699,14.039824978510799,-110.73461211106904,331.78279855759627,349.7741839217117
1781458602.0,67020.0,2026-06-14T17:36:42+00:00,0.10917993444444445,-423.15576816909015,-114.66204918213771,158.9041316676885,466.32468594154636,269.10495076067235,-380.0554567638998,24.476273788331053,-80.88679345076314,327.94161912656887,337.7697128371666
1781458662.0,67080.0,2026-06-14T17:37:42+00:00,0.10987437888888889,-443.1053854217753,-127.24383627817951,162.3124876851216,488.7522072779835,258.0621624750694,-413.5584211634871,35.38463935884787,-52.982723129464915,321.2562360185796,325.59597376355697
1781458722.0,67140.0,2026-06-14T17:38:42+00:00,0.11056882333333333,-463.8258312381804,-139.3049485073425,162.68302353471518,510.8874989161695,246.33356414261826,-445.13725568713824,46.67585376762805,-26.629139008043875,312.26248243611104,313.3958662482201
1781458782.0,67200.0,2026-06-14T17:39:42+00:00,0.11126326777777777,-484.85976347047836,-150.68936815910274,160.003967047669,532.3509607203027,233.91072909495182,-474.6468251487058,58.25553682141701,-1.5580557214474229,301.3158204338917,301.31984863493545
1781458842.0,67260.0,2026-06-14T17:40:42+00:00,0.11195771222222221,-505.7385116983205,-161.28529449395137,154.3424719227478,552.8164135353228,220.768370091565,-501.95673460505265,70.04820073209294,22.437440177378576,288.64777107226945,289.5185218024966
1781458902.0,67320.0,2026-06-14T17:41:42+00:00,0.11265215666666667,-526.0060079544783,-171.02656797593227,145.8564487081021,572.0196770982376,206.86168653729223,-526.9645857317188,81.99438404620798,45.52323920925034,274.39855415692915,278.14911797723863
1781458962.0,67380.0,2026-06-14T17:42:42+00:00,0.11334660111111111,-545.2498768516816,-179.87991809099913,134.7805618569255,589.7626751445594,192.14290492020567,-549.5979597841261,94.03828839157929,67.82159551907715,258.65711965478687,267.4009617912098
1781459022.0,67440.0,2026-06-14T17:43:42+00:00,0.11404104555555555,-563.1238840627484,-187.8321599768242,121.41377583798021,605.9131407113649,176.56894890959563,-569.8187384252377,106.11666083674852,89.40907731118209,241.4836635215114,257.5040637609579
1781459082.0,67500.0,2026-06-14T17:44:42+00:00,0.11473549,-579.3751058746129,-194.8850621796446,106.07696320861578,620.4095606061733,160.13429857575414,-587.6250850452099,118.16001327355204,110.32109932755942,222.96126886460192,248.76187885316057
1781459142.0,67560.0,2026-06-14T17:45:42+00:00,0.11542993444444444,-593.8168244548142,-201.0484469095245,89.05852404423058,633.2221724760341,142.8912602982445,-603.0145679550614,130.09934004297816,130.56536075196558,203.2296651694711,241.5566398035588
1781459202.0,67620.0,2026-06-14T17:46:42+00:00,0.1161243788888889,-606.277093923185,-206.33251274970826,70.64676409866661,644.3104730726978,124.89713189340952,-615.9647900421246,141.8593302688453,150.1315762018222,182.42331192220004,236.2578144855908
1781459262.0,67680.0,2026-06-14T17:47:42+00:00,0.11681882333333334,-616.6356740843039,-210.75039615633432,51.171441602520645,653.6618395387143,106.18892598300731,-626.4829068141551,153.3521435696217,168.99165392009687,160.6419413159601,233.1609152589905
1781459322.0,67740.0,2026-06-14T17:48:42+00:00,0.11751326777777778,-624.8556759599596,-214.3248372594826,30.96156653854996,661.3156358715578,86.81894839184328,-634.6210139107634,164.49014910082576,187.1102893830956,137.99893738008544,232.49509050958156
1781459382.0,67800.0,2026-06-14T17:49:42+00:00,0.11820771222222222,-630.9665372029413,-217.0888052554801,10.299445261247456,667.3472851595426,66.8790622705999,-640.457256835263,175.19729508947063,204.45688807955028,114.65454201937608,234.41050123415255
1781459442.0,67860.0,2026-06-14T17:50:42+00:00,0.11890215666666666,-635.0423632989405,-219.07733278465457,-10.606993046589196,671.8528032432641,46.51549381926635,-644.0855606936827,185.4084371502179,221.0040287778294,90.83467176583359,238.94291856181547
1781459502.0,67920.0,2026-06-14T17:51:42+00:00,0.1195966011111111,-637.1620410727337,-220.3246325624641,-31.65182056557387,674.9224014972922,25.948425701484542,-645.5951794359839,195.07381048081848,236.73048443858852,66.8564937463225,245.9900669103955
1781459562.0,67980.0,2026-06-14T17:52:42+00:00,0.12029104555555556,-637.3310762533802,-220.86288816004526,-52.80617858748883,676.579491724145,5.451529567828745,-645.0192380045016,204.15746876165346,251.62267003028322,43.103285456388285,255.28780090381068
1781459622.0,68040.0,2026-06-14T17:53:42+00:00,0.12098549,-635.4515488221077,-220.71614543278702,-74.00842770654708,676.7507186008138,-14.730718050651086,-642.3159629604897,212.61407478943835,265.6590317008722,19.918479694581716,266.404705209177
1781459682.0,68100.0,2026-06-14T17:54:42+00:00,0.12167993444444444,-631.407002389431,-219.90906081022695,-95.0818291772157,675.3335116314962,-34.446249610441185,-637.4332591238863,220.38068877059948,278.8096242565625,-2.4735744802235984,278.82059670833996
1781459742.0,68160.0,2026-06-14T17:55:42+00:00,0.12237437888888889,-625.1301431760658,-218.4752748326864,-115.78854490537196,672.2545118865694,-53.588451319551176,-630.3550202031959,227.3916338426948,291.0458108532871,-23.906467702271083,292.0259974955091
1781459802.0,68220.0,2026-06-14T17:56:42+00:00,0.12306882333333333,-616.5804347025696,-216.4480297974078,-135.85800890997052,667.4418181730681,-72.07025894061914,-621.0692522847683,233.57534606383857,302.3320315122083,-44.2398267701619,305.5516642909229
1781459862.0,68280.0,2026-06-14T17:57:42+00:00,0.12376326777777777,-605.7609977289103,-213.86138003342785,-154.95982736255974,660.829497174242,-89.85608492844396,-609.5662495321483,238.85245606483622,312.6304771932792,-63.398664147128684,318.99405305700907
1781459922.0,68340.0,2026-06-14T17:58:42+00:00,0.12445771222222222,-592.7791753788479,-210.76586176129058,-172.74960144329816,652.4199752043347,-106.94723633251834,-595.8920341263789,243.16002210722826,321.93053268996164,-81.34971062875063,332.0497602731011
1781459982.0,68400.0,2026-06-14T17:59:42+00:00,0.12515215666666665,-577.817150499206,-207.22012566879857,-188.94719547592103,642.2724364095276,-123.31884969839433,-580.1419873776617,246.45814728264185,330.2462577400717,-98.02023844021923,344.4859327972614
1781460042.0,68460.0,2026-06-14T18:00:42+00:00,0.1258466011111111,-561.0746534480713,-203.27979882329237,-203.32590027339756,630.451318559569,-138.91934638653038,-562.4137823540509,248.71875219059876,337.60280196985633,-113.29707408136261,356.1065555326043
1781460102.0,68520.0,2026-06-14T18:01:42+00:00,0.12654104555555556,-542.7745596747845,-198.98996994597837,-215.68684160802513,617.0267777107432,-153.69870631552024,-542.8085804772145,249.9151797097365,344.0305469002726,-127.06050701888718,366.7443109911828
1781460162.0,68580.0,2026-06-14T18:02:42+00:00,0.12723549,-523.145650931634,-194.37749733915552,-225.8684168169275,602.0635558443159,-167.59371434772765,-521.4256681712956,250.01628898764193,349.5560171047434,-139.16366279815676,376.23919803434984
1781460222.0,68640.0,2026-06-14T18:03:42+00:00,0.12792993444444445,-502.42292563896626,-189.46340296952985,-233.7139231050387,585.6170891679653,-180.5558071031201,-498.3464327437432,248.99359152092106,354.21965726029475,-149.45947464844983,384.4602712268087
1781460282.0,68700.0,2026-06-14T18:04:42+00:00,0.1286243788888889,-480.88915806636214,-184.27308168285526,-239.08974869456142,567.7806433029391,-192.56529643057843,-473.6721284202412,246.83634310599686,358.1028152535871,-157.80472921516218,391.33100931975144
1781460342.0,68760.0,2026-06-14T18:05:42+00:00,0.12931882333333333,-458.85870289988816,-178.83278629509732,-241.91853040549904,548.686659246051,-203.60607904860262,-447.5298696691075,243.55416309929498,361.32961509005884,-164.01337461765007,396.8116401954455
1781460402.0,68820.0,2026-06-14T18:06:42+00:00,0.13001326777777777,-436.6592494370416,-173.16170045128092,-242.1828640885651,528.4967495455767,-213.66056875144818,-420.0663310483901,239.1699252844974,364.06173406703607,-167.83030037888238,400.8839681717931
1781460462.0,68880.0,2026-06-14T18:07:42+00:00,0.13070771222222222,-414.60857517737895,-167.2670694126864,-239.9360824599862,507.39320727298866,-222.69456880077536,-391.44824240444,233.71621538070787,366.4925605505999,-168.88138526199356,403.5315591461776
1781460522.0,68940.0,2026-06-14T18:08:42+00:00,0.13140215666666666,-392.98107201606035,-161.14612621691776,-235.28688113577664,485.5534094126123,-230.64656636973976,-361.84202737157665,227.23252857301986,368.8376899896731,-166.61175877344428,404.7230160473933
1781460582.0,69000.0,2026-06-14T18:09:42+00:00,0.1320966011111111,-372.00523895584047,-154.7941817570536,-228.3592198868282,463.1382836947821,-237.44671008876236,-331.39036640912394,219.7647713874959,371.3286443798885,-160.2299085849547,404.42377000140414
1781460642.0,69060.0,2026-06-14T18:10:42+00:00,0.13279104555555554,-351.8998681139201,-148.20420420177106,-219.2733311005868,440.3167008570333,-243.05159558513614,-300.2176959907434,211.36237591196573,374.18935966362693,-148.62294395617127,402.6244607021217
1781460702.0,69120.0,2026-06-14T18:11:42+00:00,0.13348548999999998,-332.8974785748869,-141.35240162007904,-208.1658298834227,417.29395564318384,-247.45455684852155,-268.45608049584365,202.068851028669,377.5337273322906,-130.17584553067434,399.34629838404453
1781460762.0,69180.0,2026-06-14T18:12:42+00:00,0.13417993444444445,-315.22716211900115,-134.1926147492486,-195.22034918772988,394.31815368787994,-250.66470419994036,-236.26340174440296,191.92086231657487,381.0860284354193,-102.4802743216445,394.6248442428843
1781460822.0,69240.0,2026-06-14T18:13:42+00:00,0.1348743788888889,-299.0855807028711,-126.66674192878418,-180.67136146011762,371.6702691191203,-252.68845339201627,-203.8184551772695,180.95682302301142,321.4306448302216,218.20834452568124,388.50037459005165
1781460882.0,69300.0,2026-06-14T18:14:42+00:00,0.13556882333333334,-284.6158035285771,-118.71559568250086,-164.79771850595716,349.6538807181143,-253.5190663515162,-171.31596520021824,169.22399169447115,324.9511523399791,198.93857197411256,381.01155733937975
1781460942.0,69360.0,2026-06-14T18:15:42+00:00,0.13626326777777778,-271.88693728577346,-110.29233466478763,-147.89822873077355,328.5738757329131,-253.12567096139605,-138.949385824418,156.78410217081296,326.3984295313837,178.8455239550783,372.18497583771455
1781461002.0,69420.0,2026-06-14T18:16:42+00:00,0.13695771222222222,-260.9148729024455,-101.36869185598334,-130.25067474722164,308.7351953736391,-251.47593260900058,-106.88504827666534,143.71103867040773,325.69354583739363,158.1345570491708,362.05362024605125
1781461062.0,69480.0,2026-06-14T18:17:42+00:00,0.13765215666666666,-251.6936376625672,-91.92410390393343,-112.12095505109755,290.4665844463474,-248.56018816686432,-75.28009579482736,130.08296089612068,322.80302662029385,137.0138890091673,350.6773442591331
1781461122.0,69540.0,2026-06-14T18:18:42+00:00,0.1383466011111111,-244.16827278211713,-81.9430837535765,-93.78151470341254,274.0944853668428,-244.363328065646,-44.30408767193463,115.9805958803169,317.70397539124144,115.69094401448993,338.11271864034103
1781461182.0,69600.0,2026-06-14T18:19:42+00:00,0.13904104555555555,-238.2260390324518,-71.42004224541597,-75.45739587116987,259.8966846635153,-238.85057511611222,-14.09596348014302,101.47902876632003,310.36506282622173,94.36173987849139,324.3926789803072
1781461242.0,69660.0,2026-06-14T18:20:42+00:00,0.13973549,-233.77373779099435,-60.35849454079289,-57.32450027461164,248.15198301794297,-232.03159364350938,15.243144182731564,86.65098258193758,300.825321665486,73.20448427895273,309.6042161755724
1781461302.0,69720.0,2026-06-14T18:21:42+00:00,0.14042993444444443,-230.74227073881775,-48.77194534777664,-39.5711319365073,239.13714191118208,-223.96815917558695,43.60201377980024,71.58003011520684,85.2421232077398,281.27793336745435,293.9106928446626
1781461362.0,69780.0,2026-06-14T18:22:42+00:00,0.14112437888888887,-229.03786248527467,-36.677071185433306,-22.418507620692253,233.03677711147648,-214.7392570895978,70.83386759432565,56.35382997402354,70.88596747263757,268.3072447133637,277.51323923411053
1781461422.0,69840.0,2026-06-14T18:23:42+00:00,0.14181882333333334,-228.4955950109288,-24.09537627105601,-6.088076923508197,229.84318301326388,-204.39804556645626,96.76695254124644,41.05465433007268,64.01549393106171,252.6154941837145,260.6004055348343
1781461482.0,69900.0,2026-06-14T18:24:42+00:00,0.14251326777777779,-228.88701226841658,-11.080418561119586,9.238143482245505,229.34119419687875,-192.96553928245444,121.23203130497026,25.777482242311503,62.43697207145571,235.20342801894392,243.34960043795894
1781461542.0,69960.0,2026-06-14T18:25:42+00:00,0.14320771222222223,-229.96074218768626,2.2751685702241957,23.43849266692996,231.1633238168031,-180.4521918036744,144.084642599634,10.635060799911525,64.57200696882515,216.53373665847147,225.9566400778306
1781461602.0,70020.0,2026-06-14T18:26:42+00:00,0.14390215666666667,-231.4831053102389,15.882354358909652,36.442316569853574,234.8717089413507,-166.8935472337493,165.20578911386139,-4.279111593916081,69.32115175844038,196.83549910228905,208.68549491510893
1781461662.0,70080.0,2026-06-14T18:27:42+00:00,0.1445966011111111,-233.21258270926774,29.678623201791197,48.20316728018224,239.98432187316357,-152.34040626254296,184.46485563248828,-18.91011372707176,75.93198558957644,176.2241349045965,191.88697756348415
1781461722.0,70140.0,2026-06-14T18:28:42+00:00,0.14529104555555555,-234.89208907168359,43.60701533476822,58.7310383785516,246.01869880943877,-136.82900777878592,201.73975039255043,-33.22793863172593,83.87306681673697,154.73803881279937,176.00724983044373
1781461782.0,70200.0,2026-06-14T18:29:42+00:00,0.14598549,-236.26038317847997,57.61396724474616,68.09616674575955,252.53796903987953,-120.3810518554782,216.9184988954279,-47.22491924725827,92.76847829074359,132.3699638001982,161.64095360039778
1781461842.0,70260.0,2026-06-14T18:30:42+00:00,0.14667993444444444,-237.0790306115523,71.62334648193792,76.42798207886517,259.1864328270915,-103.01038473415406,229.9113429809881,-60.887124806747224,102.32371125656614,109.09779531820796,149.574298690018
1781461902.0,70320.0,2026-06-14T18:31:42+00:00,0.14737437888888888,-237.1535388319753,85.51972119882703,83.89153098221868,265.69383256860687,-84.7399284713642,240.64712462132843,-74.17087433184119,112.27274825608083,84.91599963216231,140.76894897136475
1781461962.0,70380.0,2026-06-14T18:32:42+00:00,0.14806882333333332,-236.32599199190736,99.16684833355248,90.66746074426919,271.85405411209604,-65.60771546020167,249.05475303633926,-87.01715002965645,122.37637504468242,59.840038579185645,136.22337312750406
1781462022.0,70440.0,2026-06-14T18:33:42+00:00,0.14876326777777776,-234.45859096385539,112.41821777401492,96.96380972489715,277.5079583734642,-45.64652805774463,255.0562580157063,-99.36481612677264,132.4196438407149,33.879300458038486,136.6849262882628
1781462082.0,70500.0,2026-06-14T18:34:42+00:00,0.14945771222222223,-231.45499657746404,125.11142503307201,103.03394515253603,282.56022007383785,-24.873589728336842,258.5893098500064,-111.1447314698248,142.19401139558371,7.026645530358365,142.36751955476606
1781462142.0,70560.0,2026-06-14T18:35:42+00:00,0.15015215666666668,-227.3051498620771,137.07800810434856,109.15497928764671,287.0066566527051,-3.3183572112779327,259.63374036402763,-122.27890387538984,151.49631925863775,-20.706867378466335,152.904902163222
1781462202.0,70620.0,2026-06-14T18:36:42+00:00,0.15084660111111112,-222.07988982694224,148.1745009815786,115.5726234074682,290.91612448946705,18.940525046736898,258.1937809041779,-132.70048794684385,160.1552897150181,-49.249749732987404,167.55672076184612
1781462262.0,70680.0,2026-06-14T18:37:42+00:00,0.15154104555555556,-215.89752086717635,158.28800979373045,122.47897724900395,294.3941803586052,41.77394648465968,254.27739680550627,-142.35826740279916,168.03234070501392,-78.46798399899238,185.45105024149095
1781462322.0,70740.0,2026-06-14T18:38:42+00:00,0.15223549,-208.88145907991566,167.3274938419927,130.01123143732548,297.5447435977426,65.01423498597974,247.87232932743117,-151.2128699735168,175.0115619341929,-108.1780421748866,205.7462894426954
1781462382.0,70800.0,2026-06-14T18:39:42+00:00,0.15292993444444444,-201.14420825638808,175.21578549640253,138.28173736389726,300.46863878046975,88.48238841865277,238.94822756028157,-159.23571953591,180.9920103207231,-138.17990110511724,227.70988750898965
1781462442.0,70860.0,2026-06-14T18:40:42+00:00,0.15362437888888889,-192.79188501561293,181.89004587940872,147.38755633775145,303.27510857487226,111.99073298798459,227.4675905425721,-166.41022341993084,185.8884794706223,-168.26035249503104,250.73107709586392
1781462502.0,70920.0,2026-06-14T18:41:42+00:00,0.15431882333333333,-183.9111236028548,187.29927139915526,157.43436337355524,306.0880546874634,135.3628058680715,213.3764129345088,-172.7348095002288,189.63182722521927,-198.21806367775454,274.3184840015958
1781462562.0,70980.0,2026-06-14T18:42:42+00:00,0.15501326777777777,-174.5997884576209,191.42076288547833,168.5510773556307,309.0897285107486,158.44115810762935,196.63393911982143,-178.2356689178231,192.1835831399921,-227.87556669846532,298.09697000585726
1781462622.0,71040.0,2026-06-14T18:43:42+00:00,0.1557077122222222,-164.96683855564333,194.2658709315583,180.87345153000206,312.51958642654154,181.072973880854,177.21015084132284,-182.9689385359049,193.5411311999029,-257.06220635980014,321.77499499604767
1781462682.0,71100.0,2026-06-14T18:44:42+00:00,0.15640215666666665,-155.13401690823957,195.86594869033433,194.5532051604241,316.6717270244452,203.12314048254612,155.0817564984241,-187.00700868822017,193.71799169162867,-285.62860747936276,345.1236904584178
1781462742.0,71160.0,2026-06-14T18:45:42+00:00,0.1570966011111111,-145.26501910295337,196.2658931373153,209.76779471710324,321.9079904016771,224.49333383952202,130.25028106199764,-190.42678810853732,192.7247456596641,-313.4690198767262,367.97507254168397
1781462802.0,71220.0,2026-06-14T18:46:42+00:00,0.15779104555555556,-135.58537953346968,195.52890865824884,226.69223709311336,328.64010653388175,245.10929632615347,102.7582166113844,-193.30416807701494,190.56250520902788,-340.50528807123294,390.20240849591653
1781462862.0,71280.0,2026-06-14T18:47:42+00:00,0.15848549,-126.38113959645852,193.72692187142093,245.46381006017327,337.2755472202691,264.90265377089315,72.69076967440944,-195.69729375239774,187.20309942913568,-366.6615573273815,411.68640742392205
1781462922.0,71340.0,2026-06-14T18:48:42+00:00,0.15917993444444445,-117.98163537168875,190.93079568090616,266.1656973529607,348.164348363973,283.80486929281915,40.16444135695796,-197.63609813968512,182.57439903145837,-391.854261743737,432.29986540412824
1781462982.0,71400.0,2026-06-14T18:49:42+00:00,0.1598743788888889,-110.74432405317202,187.22083986946382,288.8098457772285,361.561993590709,301.7372655859173,5.328279130764629,-199.13138177476233,176.57011525970546,-415.9803951678943,451.90341309494795
1781463042.0,71460.0,2026-06-14T18:50:42+00:00,0.16056882333333333,-105.01851616799831,182.6853857428705,313.32682974636555,377.59308937142566,318.5954808888841,-31.65232730458606,-200.17889717560516,169.05435553817654,-438.89753793658014,470.33012228988696
1781463102.0,71520.0,2026-06-14T18:51:42+00:00,0.16126326777777777,-101.1247226241976,177.4050748863956,339.5944039300084,396.2614405942701,334.2667223102999,-70.61834444494342,-200.7534235962874,159.84563949818877,-460.4409851420419,487.3977115920416
1781463162.0,71580.0,2026-06-14T18:52:42+00:00,0.16195771222222222,-99.3595540067181,171.4640484880656,367.4489711346105,417.4817208983112,348.64074927389015,-111.40796500877754,-200.82051828077454,148.7210407101079,-480.4356192705547,502.92776043262813
1781463222.0,71640.0,2026-06-14T18:53:42+00:00,0.16265215666666666,-99.97975390776992,164.96347224287456,396.6879375660792,441.10114279642653,361.60192306082195,-153.8586288979509,-200.35416074709164,135.42856958938046,-498.6850930743075,516.7472491610927
1781463282.0,71700.0,2026-06-14T18:54:42+00:00,0.1633466011111111,-103.18422136362642,158.01414559863042,427.0780130820349,466.91656964149576,373.02069982740767,-197.81717818261538,-199.3364104269972,119.67382479457693,-514.9536985306192,528.676778354532
1781463342.0,71760.0,2026-06-14T18:55:42+00:00,0.16404104555555554,-109.11919368710369,150.7266761267092,458.4041777420789,494.73216945992203,382.78290856596396,-243.16552804934807,-197.75664433030713,101.08753365088228,-528.9885457952503,538.560647506102
1781463402.0,71820.0,2026-06-14T18:56:42+00:00,0.16473548999999998,-117.92391697503626,143.2207951649325,490.4765466512181,524.3905883759884,390.81832538812785,-289.7977947650891,-195.6112570058943,79.17833008334001,-540.529882146248,546.2982348935635
1781463462.0,71880.0,2026-06-14T18:57:42+00:00,0.16542993444444445,-129.75407003611326,135.62695347773843,523.0979188950732,555.7537421852828,397.09756580823273,-337.59107791160403,-192.89377723660104,53.26443110747033,-549.2590780853354,551.8356951850388
1781463522.0,71940.0,2026-06-14T18:58:42+00:00,0.1661243788888889,-144.76538296882063,128.0738514822442,556.0448065218516,588.6813691629187,401.6114859683297,-386.40886143715267,-189.58417798086947,22.38880541839361,-554.6862016790607,555.1378576004399
1781463582.0,72000.0,2026-06-14T18:59:42+00:00,0.16681882333333334,-163.1125211669132,120.68631947459653,589.0745010403916,623.0406487908614,404.3776474981836,-436.1110053966945,-185.64902160112914,-14.790373312855609,-555.9997157798739,556.1964033415122
1781463642.0,72060.0,2026-06-14T19:00:42+00:00,0.16751326777777778,-184.96114047337323,113.5983187505044,621.9188429117203,658.7095328570896,405.45414084877217,-486.5450855945711,-181.04990480295942,-60.125310419315845,-551.7847384717904,555.0508540335753
1781463702.0,72120.0,2026-06-14T19:01:42+00:00,0.16820771222222222,-210.4755851170048,106.95931563572958,654.25161508983,695.5468661271218,404.92604528492626,-537.5252213513204,-175.74691246330363,-116.04310456961535,-539.4352342306363,551.7756555409237
1781463762.0,72180.0,2026-06-14T19:02:42+00:00,0.16890215666666666,-239.77305427473038,100.92559943604283,685.6800132864155,733.3717848391881,402.872341641797,-588.8372678238478,-169.7018655171997,-439.3828856237168,-324.87536529747354,546.4442543903184
1781463822.0,72240.0,2026-06-14T19:03:42+00:00,0.1695966011111111,-272.898086104542,95.64895797241479,715.7724648409057,771.9794751061432,399.3570001647741,-640.262400327961,-162.88141431982615,-431.96994681418533,-322.5717612578099,539.1201870748448
1781463882.0,72300.0,2026-06-14T19:04:42+00:00,0.17029104555555555,-309.8236759705469,91.2627613209188,744.0799147617072,811.1562866350793,394.4342256964421,-691.587838035403,-155.2495579007426,-423.6661195047103,-318.21100484479234,529.8596270905266
1781463942.0,72360.0,2026-06-14T19:05:42+00:00,0.17098549,-350.46661514788866,87.8820597322192,770.1540147180203,850.6981316203065,388.1649421561183,-742.613068002512,-146.76893423035455,-414.636682487386,-311.7041169049669,518.7321418223962
1781464002.0,72420.0,2026-06-14T19:06:42+00:00,0.17167993444444443,-394.69214099738747,85.6187441770453,793.5451062816719,890.4079352876106,380.6236138959423,-793.1387470853746,-137.41500514784028,-405.043354750814,-303.00253399621175,505.836589064017
1781464062.0,72480.0,2026-06-14T19:07:42+00:00,0.17237437888888887,-442.31313838995993,84.5861644288525,813.8103902419098,930.0984264425192,371.8993509897311,-842.969869314121,-127.18394172536566,-395.039572689916,-292.10676918167485,491.30706141148397
1781464122.0,72540.0,2026-06-14T19:08:42+00:00,0.17306882333333334,-493.0991475880146,84.90607670368627,830.4974827107508,969.5781969506805,362.10932227827675,-891.8972471522304,-116.09487173675109,-384.7828550142369,-279.0725695163838,475.3307738505725
1781464182.0,72600.0,2026-06-14T19:09:42+00:00,0.17376326777777779,-546.7387755215168,86.7006639810279,843.1251251234207,1008.6130429495261,351.3719335872639,-939.6714193784115,-104.19049044136054,-374.40083355195935,-263.99947959834606,458.1175715824482
1781464242.0,72660.0,2026-06-14T19:10:42+00:00,0.17445771222222223,-602.8048724848777,90.06779797608033,851.2102550326381,1046.9215924779173,339.7755818405501,-986.0118877122409,-91.53104430496441,-344.1127454923677,273.9773195906609,439.8603792800372
1781464302.0,72720.0,2026-06-14T19:11:42+00:00,0.17515215666666667,-660.7479492733255,95.05867021623999,854.3210535785183,1084.1994585129132,327.3605158839958,-1030.6358124140568,-78.188110665729,-293.9871831500168,300.94660848407653,420.710500242803
1781464362.0,72780.0,2026-06-14T19:12:42+00:00,0.1758466011111111,-719.9350298792124,101.66433317726478,852.1181992879137,1120.1551274021099,314.1335033150827,-1073.2856055375332,-64.23130456529768,-248.00714145112568,314.84294541158073,400.7912455209049
1781464422.0,72840.0,2026-06-14T19:13:42+00:00,0.17654104555555555,-779.6806494630873,109.81828965060413,844.3684773892164,1154.521588147034,300.0788292728613,-1113.7325195056528,-49.72593604316921,-205.76589785280797,319.7230869070288,380.2136991489545
1781464482.0,72900.0,2026-06-14T19:14:42+00:00,0.17723549,-839.2811565697193,119.40934908902273,830.9530210797675,1187.0696591457734,285.1730538105572,-1151.7829637282243,-34.73772459807423,-166.61145530128374,318.1105812690649,359.10126559642475
1781464542.0,72960.0,2026-06-14T19:15:42+00:00,0.17792993444444444,-898.0384414894506,130.29494025185704,811.8589450693689,1217.6061598633546,269.3958061677359,-1187.2728153014607,-19.337068096385245,-129.9472113341817,311.600718152126,337.61114508625326
1781464602.0,73020.0,2026-06-14T19:16:42+00:00,0.17862437888888888,-955.2731339391321,142.30607179552317,787.1771306181327,1245.9717546814456,252.72676180115894,-1220.066327368674,-3.5991880439941295,-95.29921867569232,301.2249159519078,315.940486595864
1781464662.0,73080.0,2026-06-14T19:17:42+00:00,0.17931882333333332,-1010.3511083908379,155.25565638625994,757.0997379459441,1272.0509794282382,235.15250316021366,-1250.0653224510752,12.39694023201523,-62.31543839335175,287.6769211009844,294.3488148375964
1781464722.0,73140.0,2026-06-14T19:18:42+00:00,0.18001326777777776,-1062.7094103293493,168.94678836828098,721.9003621162847,1295.7756136484948,216.68072631878283,-1277.210815160313,28.573368818305603,-30.743184006944603,271.4604103600328,273.1957132821126
1781464782.0,73200.0,2026-06-14T19:19:42+00:00,0.18070771222222223,-1111.867225188762,183.17822610680014,681.9006757158786,1317.1148471224378,197.35381015410863,-1301.4724998951758,44.8589583541622,-0.40205092938451414,252.9845260651965,252.98484554095705
1781464842.0,73260.0,2026-06-14T19:20:42+00:00,0.18140215666666668,-1157.414915584959,197.74149752082303,637.4386065946892,1336.053503358939,177.2514873945038,-1322.828757946916,61.19600642811174,28.844476526894006,232.6160951331708,234.39763552799525
1781464902.0,73320.0,2026-06-14T19:21:42+00:00,0.18209660111111112,-1198.9819893343374,212.41592502314597,588.8590752482414,1352.5654684538483,156.4736372858384,-1341.2446529695642,77.53791439593417,57.10644686820893,210.68709662905616,218.28925525525258
1781464962.0,73380.0,2026-06-14T19:22:42+00:00,0.18279104555555556,-1236.211648948025,226.96805581147783,536.5397226205096,1366.604775823402,135.10801306723815,-1356.6682848691212,93.8381742076732,84.47165995443486,187.4711764466813,205.6232071867385
1781465022.0,73440.0,2026-06-14T19:23:42+00:00,0.18348549,-1268.770998982247,241.15355854737572,480.93408473953605,1378.1264385108962,113.19945265455618,-1369.0538176286811,110.04548549472521,111.01173758885405,163.15740671522025,197.34220341460767
1781465082.0,73500.0,2026-06-14T19:24:42+00:00,0.18417993444444444,-1296.415066246409,254.7278565519955,422.5755211384967,1387.136754599101,90.76489557511954,-1378.4066712281092,126.11565487602216,136.79631564750252,137.87990817273672,194.2269318412188
1781465142.0,73560.0,2026-06-14T19:25:42+00:00,0.18487437888888889,-1319.025317272637,267.4689976410009,362.00311177782714,1393.7050280608494,67.85733838922599,-1384.7887914696437,142.017921013038,161.89147799748733,111.80370526675712,196.745823741158
1781465202.0,73620.0,2026-06-14T19:26:42+00:00,0.18556882333333333,-1336.5575262794737,279.17935025691986,299.71375661809,1397.9111082505603,44.57689895877171,-1388.268943239192,157.72668730137525,186.35250246350986,85.14110068202973,204.88109283132977
1781465262.0,73680.0,2026-06-14T19:27:42+00:00,0.18626326777777777,-1349.0147311711917,289.69176669581793,236.18631623499095,1399.8378622486541,21.037415347879275,-1388.9217092203844,173.20494622466276,210.21318711297505,58.1107839879327,218.09733435300586
1781465322.0,73740.0,2026-06-14T19:28:42+00:00,0.1869577122222222,-1356.460436701076,298.8871815740131,171.85945148207247,1399.5907025656643,-2.6123084832090555,-1386.8502434226793,188.39775176761898,233.47529092925916,30.965749300221383,235.51982741210213
1781465382.0,73800.0,2026-06-14T19:29:42+00:00,0.18765215666666665,-1358.971916262235,306.6804709753487,107.07231287099421,1397.2551880922315,-26.144787208808655,-1382.1477262688365,203.23920272021542,256.1103943825572,4.050769532939269,256.1424268734057
1781465442.0,73860.0,2026-06-14T19:30:42+00:00,0.1883466011111111,-1356.555728723586,312.98941767250653,42.1171861467883,1392.8315325539832,-49.304993128144176,-1374.8383336792592,217.64248660440575,278.0570779753115,-22.26128965433551,278.9467756208031
1781465502.0,73920.0,2026-06-14T19:31:42+00:00,0.18904104555555556,-1349.1629014879,317.72143071028404,-22.650261745788157,1386.254116906778,-71.8972757703344,-1364.8952764782587,231.49976808872643,299.23502193038775,-47.676283814232065,303.0092843264293
1781465562.0,73980.0,2026-06-14T19:32:42+00:00,0.18973549,-1336.7829595312942,320.7896693837829,-86.77928681764752,1377.4706303573887,-93.80785982912504,-1352.3122190828863,244.69794655979655,319.56737311281387,-72.00351340210783,327.5787110000769
1781465622.0,74040.0,2026-06-14T19:33:42+00:00,0.19042993444444448,-1319.478142033331,322.13295850524446,-149.78459387086332,1366.4653800298538,-114.95474967497942,-1337.1237834882438,257.1245378748953,338.97911783608185,-95.09241688764712,352.064497043457
1781465682.0,74100.0,2026-06-14T19:34:42+00:00,0.19112437888888892,-1297.3668965508696,321.73060963783064,-211.18820929992944,1353.2449553540835,-135.25592288685888,-1319.3943293998243,268.65656154817566,357.3781230661619,-116.79491987318156,375.9789570633916
1781465742.0,74160.0,2026-06-14T19:35:42+00:00,0.19181882333333336,-1270.5934998560697,319.59401617310505,-270.5198629749939,1337.8075995127851,-154.63089667733507,-1299.187918299318,279.15804135293854,374.65281887204674,-136.96769725486618,398.9046061153861
1781465802.0,74220.0,2026-06-14T19:36:42+00:00,0.1925132677777778,-1239.3600693829358,315.750087741646,-327.28147042542696,1320.1608464022715,-173.04752413111183,-1276.5753342581197,288.50412601802446,390.7119371417067,-155.52508303182512,420.52808381495885
1781465862.0,74280.0,2026-06-14T19:37:42+00:00,0.19320771222222224,-1203.9706685715355,310.25491854245774,-380.99649014603347,1300.369874598752,-190.50109761657097,-1251.6794605648686,296.59681483605783,405.5021983439617,-172.40866120060485,440.63224952194616
1781465922.0,74340.0,2026-06-14T19:38:42+00:00,0.1939021566666667,-1164.7889440222643,303.19970588362776,-431.27861606609076,1278.5400230107396,-206.95519925335995,-1224.6671330235401,303.35548327697546,418.9863454653158,-187.51369455373157,459.0326168493598
1781465982.0,74400.0,2026-06-14T19:39:42+00:00,0.19459660111111113,-1122.1760045825504,294.68215877283365,-477.8383607584983,1254.7693250044974,-222.32040910689042,-1195.7058014125228,308.71885451851585,431.14056851040596,-200.6594361364201,475.548524470492
1781466042.0,74460.0,2026-06-14T19:40:42+00:00,0.19529104555555557,-1076.4754846733995,284.77642714162357,-520.4287579506636,1229.1229290272186,-236.49074220674967,-1164.9295903119248,312.65692560159385,441.97585424704124,-211.62660440990476,490.02905570125955
1781466102.0,74520.0,2026-06-14T19:41:42+00:00,0.19598549,-1028.0501797841862,273.55430817906745,-558.8121996484697,1201.6614357436902,-249.3870480206664,-1132.461412390175,315.16258642227035,451.538287735211,-220.20511537078812,502.3714941418435
1781466162.0,74580.0,2026-06-14T19:42:42+00:00,0.19667993444444445,-977.2985271802172,261.10952718858607,-592.780209030956,1172.4670454371212,-260.9557187270199,-1098.4409843913982,316.24118850803274,459.8985823112209,-226.18467495373073,512.5097200988442
1781466222.0,74640.0,2026-06-14T19:43:42+00:00,0.1973743788888889,-924.6434071362019,247.5608330850955,-622.1719734957442,1141.643447422101,-271.1564706972963,-1063.0271747933098,315.90687724669596,467.1471665729941,-229.32660436652526,520.4009672430072
1781466282.0,74700.0,2026-06-14T19:44:42+00:00,0.19806882333333334,-870.5187323130667,233.0492892973125,-646.8753054998815,1109.3072141726548,-279.9607154230934,-1026.38957362192,314.1797835563251,473.3924654039224,-229.3423537494605,526.0212367619264
1781466342.0,74760.0,2026-06-14T19:45:42+00:00,0.1987632677777778,-815.3614644464105,217.73536112881266,-666.82320046518,1075.581789483587,-287.353900358035,-988.70131506126,311.0846049129961,478.76110315538347,-225.8667035427518,529.3656219134645
1781466402.0,74820.0,2026-06-14T19:46:42+00:00,0.19945771222222225,-759.6093673715368,201.79499979689717,-681.9912401735783,1040.5958219285292,-293.33908314880324,-950.1347879582673,306.65246065216746,483.39968275759503,-218.41541276357614,530.4531513930583
1781466462.0,74880.0,2026-06-14T19:47:42+00:00,0.2001521566666667,-703.7023854879662,185.4164842092432,-692.4004229125567,1004.4872650300043,-297.9396812332639,-910.8627867887285,300.92456795275217,487.4703641509223,-206.3149195505379,529.3327894194518
1781466522.0,74940.0,2026-06-14T19:48:42+00:00,0.20084660111111113,-648.0777908936143,168.79796205461025,-698.1274756481871,967.4086764642165,-301.1949714359223,-871.0638945040564,293.953785774885,491.1190417294784,-188.5826019867244,526.0810877814982
1781466582.0,75000.0,2026-06-14T19:49:42+00:00,0.20154104555555558,-593.1582095734775,152.14639697037637,-699.3156067398377,929.5307985889376,-303.1526804815488,-830.9292083468993,285.8016944635482,494.381557707474,-163.7440671471587,520.7928994592396
1781466642.0,75060.0,2026-06-14T19:50:42+00:00,0.20223549000000002,-539.3273186860606,135.66902949521318,-696.1851679426618,891.0408690450853,-303.8510267161471,-790.6681250453514,276.53625424062005,496.95072095833785,-129.56257022936944,513.5625362752351
1781466702.0,75120.0,2026-06-14T19:51:42+00:00,0.20292993444444446,-486.9002715423703,119.55137060163543,-689.0143847672734,852.1180828130499,-303.30030378171153,-750.4895255614551,266.23227604002346,497.6338680126969,-82.74056271555553,504.4655263858622
1781466762.0,75180.0,2026-06-14T19:52:42+00:00,0.2036243788888889,-436.131337874569,103.94660738669336,-678.1068482461851,812.923328919671,-301.4962829553269,-710.5852709757645,254.97627877561555,480.2670832042499,113.8308078359014,493.57261271477756
1781466822.0,75240.0,2026-06-14T19:53:42+00:00,0.20431882333333334,-387.22919952031225,88.98058667173609,-663.7864320880035,773.6125808114225,-298.4346733413152,-671.1399447986029,242.86692947600028,471.51677758197144,94.84884272994731,480.96192625663895
1781466882.0,75300.0,2026-06-14T19:54:42+00:00,0.20501326777777779,-340.3444356704131,74.74944050889462,-646.3990676705725,734.3388648529983,-294.09871951446763,-632.3407344152366,230.01023284354036,460.3059975980121,76.99972322373522,466.7017985836705
1781466942.0,75360.0,2026-06-14T19:55:42+00:00,0.20570771222222223,-295.5594917787239,61.308044199831784,-626.285090461392,695.2316908760273,-288.4474927422454,-594.361226470269,216.51762144871694,446.76496268553285,60.447808863799445,450.8357455657659
1781467002.0,75420.0,2026-06-14T19:56:42+00:00,0.2064021566666667,-252.9152339687571,48.674974359571934,-603.7412315506372,656.3831528738807,-281.4355017314002,-557.3371285228541,202.5048812047522,431.0213436103844,45.33475164035514,433.39893672457686
1781467062.0,75480.0,2026-06-14T19:57:42+00:00,0.20709660111111114,-212.46556301414967,36.86837643338367,-579.0205647390103,617.8719179882152,-273.06425584056103,-521.3687230753808,188.085815040431,413.2483296712446,31.743236791855434,414.46569828889034
1781467122.0,75540.0,2026-06-14T19:58:42+00:00,0.20779104555555558,-174.2954623857513,25.920472484081984,-552.391979729291,579.8169352229256,-263.4021831221246,-486.56597179571804,173.37970869826046,393.68653207393874,19.693698171001046,394.1788011601523
1781467182.0,75600.0,2026-06-14T19:59:42+00:00,0.20848549000000002,-138.4684710074216,15.854182488750666,-524.1828894831706,542.3952195516159,-252.54201766947676,-453.08745535120687,158.51454604307898,47.08165293875235,369.72467688810525,372.71036844104424
1781467242.0,75660.0,2026-06-14T20:00:42+00:00,0.20917993444444447,-104.96795964799821,6.654556836001575,-494.7342290370725,505.7909776382472,-240.54253912777386,-421.11639463090495,143.61330754245984,14.045327237743237,349.90900972231344,350.1907855756135
1781467302.0,75720.0,2026-06-14T20:01:42+00:00,0.2098743788888889,-73.71454670187086,-1.7137149474583566,-464.3448286484927,470.16262197986504,-227.4415205938878,-390.82013783354853,128.7744760450912,-6.406110491879443,326.64546551293057,326.7082772012262
1781467362.0,75780.0,2026-06-14T20:02:42+00:00,0.21056882333333335,-44.593496532179415,-9.289326170925051,-433.2902771863155,435.678018515818,-213.28882980216622,-362.3679434421159,114.07315400664366,-18.099533659024612,301.8048567251522,302.34709302648145
1781467422.0,75840.0,2026-06-14T20:03:42+00:00,0.2112632677777778,-17.431853333488107,-16.149251920171082,-401.8266644128598,402.52867734036846,-198.11409374711127,-335.9523730290869,99.57984231897804,-23.705750347210948,276.15010375308157,277.16573093072316
1781467482.0,75900.0,2026-06-14T20:04:42+00:00,0.21195771222222223,7.986714699305594,-22.43557157088071,-370.12777862744406,370.89313150163144,-181.8968839962814,-311.74663387752537,85.37725021082545,-25.091962453716377,249.91499507976528,251.17147796972853
1781467542.0,75960.0,2026-06-14T20:05:42+00:00,0.21265215666666668,31.85001610778272,-28.32631280599162,-338.2641583797522,340.9390625428699,-164.60738677863856,-289.86585870747524,71.56561004628334,-23.585892838788446,223.1213233070577,224.3644785951987
1781467602.0,76020.0,2026-06-14T20:06:42+00:00,0.21334660111111112,54.27289588935673,-33.986819772515446,-306.2539907619357,312.8772251284491,-146.26571848104976,-270.37953657333577,58.252929571728025,-20.139622860928043,195.76563389324332,196.79885117196133
1781467662.0,76080.0,2026-06-14T20:07:42+00:00,0.2140410455555556,75.33893819153309,-39.54783832002431,-274.11747006420046,287.0198155494012,-126.94481525259106,-253.3627410231541,45.527023400744525,-15.429287202888798,167.8696281761038,168.577207734535
1781467722.0,76140.0,2026-06-14T20:08:42+00:00,0.21473549000000003,95.14465951966122,-45.11882873531431,-241.85838839039207,263.7872153390998,-106.72509643047859,-238.9038924568804,33.44217303365611,-9.936741270004323,139.44887221658203,139.80245630726102
1781467782.0,76200.0,2026-06-14T20:09:42+00:00,0.21542993444444447,113.78359259059653,-50.80037571629509,-209.44114388339221,243.70674358113976,-85.68091501932523,-227.08210093638266,22.03354494159025,-4.020094531345735,110.51267714904726,110.585772008385
1781467842.0,76260.0,2026-06-14T20:10:42+00:00,0.2161243788888889,131.3188378601335,-56.694393798243254,-176.80024359188974,227.4141983237587,-63.89080121123404,-217.95996620342652,11.3417922933554,2.027305278660937,81.08676249429116,81.11210155395106
1781467902.0,76320.0,2026-06-14T20:11:42+00:00,0.21681882333333335,147.78288155142218,-62.89981572655961,-143.85248275380582,215.61471121542434,-41.44168364000017,-211.58992258619898,1.4125188704206937,7.956381436773846,51.2178830602956,51.832186436089636
1781467962.0,76380.0,2026-06-14T20:12:42+00:00,0.2175132677777778,163.18569282675162,-69.50081175984815,-110.50479106232524,208.97665426155368,-18.43149912007895,-208.01920963651264,-7.715587387883891,13.562338117300438,20.973597942578365,24.976565533814046
1781468022.0,76440.0,2026-06-14T20:13:42+00:00,0.21820771222222224,177.52062344108708,-76.56489886390045,-76.64699260983616,207.96758632316676,5.0424673705708605,-207.28866613796865,-16.015597854664183,18.677830807490473,-9.573284692531146,20.988309686048837
1781468082.0,76500.0,2026-06-14T20:14:42+00:00,0.21890215666666668,190.75197744742036,-84.12308300985023,-42.15920160803944,212.69792729458047,28.871967757625484,-209.41702993336884,-23.480317866242004,23.178585363666695,-40.33217320038656,46.51807191325501
1781468142.0,76560.0,2026-06-14T20:15:42+00:00,0.21959660111111112,202.83341798139736,-92.1681876021903,-6.9375026654452085,222.90020008766672,52.92541769270936,-214.41946444755632,-30.127937652571568,26.987726393105,-71.18041058409236,76.12482004437885
1781468202.0,76620.0,2026-06-14T20:16:42+00:00,0.22029104555555556,213.72558939876035,-100.66783667635173,29.119920046068728,238.03489376230866,77.06946663208048,-222.31685115063834,-36.001745179159386,30.06754051075479,-101.98982691137888,106.32959035837064
1781468262.0,76680.0,2026-06-14T20:17:42+00:00,0.22098549,223.3875712204608,-109.55286293616518,66.1184235624969,257.4402507139791,101.1702398827091,-233.11940699074222,-41.175324334317004,32.42366748314807,-132.62963278668695,136.5353936024985
1781468322.0,76740.0,2026-06-14T20:18:42+00:00,0.22167993444444448,231.77343255906453,-118.72140186000615,104.15129727590829,280.4660193750233,125.08236550693879,-246.82602546847122,-45.743884997856114,34.09495022645862,-162.9518869353386,166.4805787073437
1781468382.0,76800.0,2026-06-14T20:19:42+00:00,0.22237437888888892,238.8406056924141,-128.06157929089386,143.31867769453675,306.56948053272953,148.67429560216485,-263.43798612380436,-49.811923154421514,35.132514567720534,-192.82167105432703,195.99614896225435
1781468442.0,76860.0,2026-06-14T20:20:42+00:00,0.22306882333333336,244.51965642429423,-137.43057966127526,183.73390672262758,335.3135474200949,171.83391655356323,-282.92531404656455,-53.49342835306148,35.59838333423784,-222.12540454962365,224.95986362537053
1781468502.0,76920.0,2026-06-14T20:21:42+00:00,0.2237632677777778,248.71825191844255,-146.65629068948328,225.49155167583376,366.3540313867711,194.44620564085403,-305.2337202122913,-56.90628674038299,35.561749125786484,-250.74353193968835,253.25275281914486
1781468562.0,76980.0,2026-06-14T20:22:42+00:00,0.22445771222222224,251.33427360281348,-155.55313076387392,268.66936735995114,399.43575520412935,216.40139634945788,-330.3020504024669,-60.16571858977686,35.08851027659395,-278.56077591238864,280.76201564731406
1781468622.0,77040.0,2026-06-14T20:23:42+00:00,0.2251521566666667,252.2431664566975,-163.92637300257047,313.33174056280404,434.36764432217484,237.60402224931772,-358.055089039765,-63.372961566168804,34.224614605293006,-305.4764621916414,307.38769200799527
1781468682.0,77100.0,2026-06-14T20:24:42+00:00,0.22584660111111113,251.2955929688178,-171.5801498958608,359.51330368220806,470.99791762632174,257.96247563474776,-388.40482998850695,-66.60396095070098,32.98265097949581,-331.39029830757084,333.02760407812445
1781468742.0,77160.0,2026-06-14T20:25:42+00:00,0.22654104555555557,248.3269692035392,-178.3232571760891,407.22433734871447,509.21226282642164,277.3952810506648,-421.26184877850153,-69.91023835852835,31.34012943915607,-356.21046491162355,357.58649167134104
1781468802.0,77220.0,2026-06-14T20:26:42+00:00,0.22723549,243.152175410185,-183.96706239238847,456.4602063857019,548.9287571859102,295.8435425466217,-456.53457218235627,-73.31823239417376,29.23384829955413,-379.86841763926117,380.99164374846526
1781468862.0,77280.0,2026-06-14T20:27:42+00:00,0.22792993444444445,235.55502024153247,-188.31851639412344,507.1863128487021,590.0745606437664,313.26539999182006,-494.1160052046844,-76.82544947778217,26.552700313703383,-402.30999231657995,403.1852871964898
1781468922.0,77340.0,2026-06-14T20:28:42+00:00,0.2286243788888889,225.29957238724455,-191.17799658607692,559.3205290455371,632.5728241936424,329.6232146053436,-533.8837897677587,-80.40530657099674,23.141888766598235,-423.47839164453217,424.11023944904395
1781468982.0,77400.0,2026-06-14T20:29:42+00:00,0.22931882333333334,212.14738465519622,-192.33197135082446,612.7244725273922,676.3352565508508,344.87725764848625,-575.6991479715426,-84.02111303359852,18.816123502490765,-443.30661037995526,443.70575532691305
1781469042.0,77460.0,2026-06-14T20:30:42+00:00,0.2300132677777778,195.87418205616996,-191.56018341518939,667.1910247541964,721.2529809843348,358.97312900748193,-619.4073431454274,-87.62818317693076,13.35841507503369,-461.6989677981967,461.89217802343995
1781469102.0,77520.0,2026-06-14T20:31:42+00:00,0.23070771222222225,176.2893981244415,-188.65942456712946,722.4433047957718,767.1992303263311,371.83004469645,-664.8500479032858,-91.16737726483919,6.50708317592178,-478.51001467475174,478.55425635500256
1781469162.0,77580.0,2026-06-14T20:32:42+00:00,0.2314021566666667,153.24712663516402,-183.45662015629932,778.1546706808731,814.0428150924033,383.3467730422674,-711.876578679207,-94.5658137469982,-2.0551340336104573,-493.5438469043591,493.54812571121124
1781469222.0,77640.0,2026-06-14T20:33:42+00:00,0.23209660111111113,126.65773624833673,-175.80174578912556,833.9810959054157,861.6686743184156,393.4162933264305,-760.3553466137339,-97.75618304156752,-12.697066467066238,-506.56544687540145,506.724547920213
1781469282.0,77700.0,2026-06-14T20:34:42+00:00,0.23279104555555558,96.46555137168616,-165.54148552799597,889.5985925067216,909.9973856128375,401.96785522169046,-810.171891740778,-100.69057067989199,-25.861174014926515,-517.3380112557772,517.9839941653729
1781469342.0,77760.0,2026-06-14T20:35:42+00:00,0.23348549000000002,62.631909475661814,-152.50993134174496,944.6829699804075,958.9619121807887,408.9645307285892,-861.2072986077676,-103.33416881211744,-42.1120194365887,-525.5873911073933,527.2717779969867
1781469402.0,77820.0,2026-06-14T20:36:42+00:00,0.23417993444444446,25.141113836318254,-136.52555447584018,998.9064779044129,1008.5065464483935,414.39939997276036,-913.3411957691158,-105.6714324807021,-62.1875634176413,-530.9458641075441,534.5753489048385
1781469462.0,77880.0,2026-06-14T20:37:42+00:00,0.2348743788888889,-16.015063103288412,-117.38863321579993,1051.9284627856687,1058.5792668823133,418.3048962826167,-966.4431742370126,-107.6971169055695,-87.09957648653997,-532.8613798111812,539.9329461316568
1781469522.0,77940.0,2026-06-14T20:38:42+00:00,0.23556882333333334,-60.83575970586389,-94.8895320026204,1103.355709362775,1109.0982077012382,420.7361431680017,-1020.3483204013141,-109.40400912411948,-118.25420338797912,-530.3865676681654,543.409576453841
1781469582.0,78000.0,2026-06-14T20:39:42+00:00,0.23626326777777779,-109.27849531173706,-68.83956940099597,1152.7415577610955,1159.954212390467,421.7423590190921,-1074.8742708274,-110.78113271069681,-157.55387921541075,-521.7940997892607,545.0617464386115
1781469642.0,78060.0,2026-06-14T20:40:42+00:00,0.23695771222222223,-161.2573433984071,-39.0725186066702,1199.5994977408554,1211.0200442149144,421.3775608265817,-1129.826242826621,-111.81752877976825,-207.40374918167822,-503.9403591925887,544.951558212078
1781469702.0,78120.0,2026-06-14T20:41:42+00:00,0.2376521566666667,-216.61728104855865,-5.481042979285121,1243.4065336128697,1262.1461468911527,419.666502029108,-1185.005515813275,-112.49378062341985,-315.82368157099813,-441.8326199372964,543.1028096794515
1781469762.0,78180.0,2026-06-14T20:42:42+00:00,0.23834660111111114,-275.1533605661243,31.982883234508336,1283.655851874617,1313.2039532010144,416.63121519332395,-1240.2432527836575,-112.78176782583014,-306.38819829936386,-444.09689024261286,539.5329239076051
1781469822.0,78240.0,2026-06-14T20:43:42+00:00,0.23904104555555558,-336.6605702219531,73.3726047668606,1319.8390088432934,1364.0743703834082,412.3607120688137,-1295.3631054611596,-112.65858195900186,-297.1928908593546,-444.0688990485713,534.341465244417
1781469882.0,78300.0,2026-06-14T20:44:42+00:00,0.23973549000000002,-400.8861228553578,118.71853194572031,1351.3832501212019,1414.5813734223602,406.957566630505,-1350.1327777543077,-112.1047877171442,-288.36536668818223,-441.8763441556538,527.6450399933422
1781469942.0,78360.0,2026-06-14T20:45:42+00:00,0.24042993444444447,-467.49339121673256,168.0033119795844,1377.678224411211,1464.5041733242883,400.51419634222685,-1404.284158251404,-111.11640336486623,-279.98725167755435,-437.6554107242145,519.5528073623807
1781470002.0,78420.0,2026-06-14T20:46:42+00:00,0.2411243788888889,-536.0421278299764,221.14560751337558,1398.0974994624266,1513.579585133877,393.1001045507799,-1457.5179900697126,-109.71224616855805,-272.0801494505112,-431.54301678174375,510.1538817436371
1781470062.0,78480.0,2026-06-14T20:47:42+00:00,0.24181882333333335,-605.9786423835903,277.949725266546,1412.04196089576,1561.5148619629435,384.72625070300023,-1509.5260326220305,-107.91447070507358,-264.59278508081604,-423.62616579357467,499.4681874371862
1781470122.0,78540.0,2026-06-14T20:48:42+00:00,0.2425132677777778,-676.6896847905591,338.09667923953384,1419.0005598571151,1608.0363437713568,375.36723241387216,-1560.0330594182833,-105.72217005686838,-257.4471087581361,-413.9353202315254,487.4643198666945
1781470182.0,78600.0,2026-06-14T20:49:42+00:00,0.24320771222222223,-747.5116063207388,401.1676293797791,1418.5522596470546,1652.8761544036406,364.9703047924255,-1608.7764019690999,-103.1249091308627,-366.34414728292074,300.8969101508126,474.07487255364686
1781470242.0,78660.0,2026-06-14T20:50:42+00:00,0.24390215666666668,-817.7355319652706,466.669677445665,1410.3941239598207,1695.7840584774217,353.45784924921327,-1655.5138017741383,-100.12579051181403,-327.60438624772735,321.78666125802545,459.20723998249133
1781470302.0,78720.0,2026-06-14T20:51:42+00:00,0.24459660111111112,-886.6384273171425,534.0495407991111,1394.3579697804525,1736.539881693888,340.7364288460713,-1700.0328209030224,-96.73600479222183,-293.8760070918551,331.15984560332936,442.75269720722537
1781470362.0,78780.0,2026-06-14T20:52:42+00:00,0.2452910455555556,-953.5155625781044,602.7074665194377,1370.4250712762587,1774.9684769762691,326.7009207286867,-1742.1643619055144,-92.9674069813515,-264.285529454787,332.3083377939483,424.58882751030313
1781470422.0,78840.0,2026-06-14T20:53:42+00:00,0.24598549000000003,-1017.7249534130096,672.0406150370836,1338.7152690207586,1810.9558913922383,311.2698415477815,-1781.7915113941322,-88.83319331696343,-237.9602098523164,327.2523184347225,404.62222058836494
1781470482.0,78900.0,2026-06-14T20:54:42+00:00,0.24667993444444447,-1078.6975097870454,741.4528299868107,1299.4455773709342,1844.4238735347967,294.3929836784555,-1818.8235298885995,-84.33957285625365,-214.17140936486382,317.27349482422613,382.79480548632097
1781470542.0,78960.0,2026-06-14T20:55:42+00:00,0.2473743788888889,-1135.9562065522186,810.3616398544982,1252.9245972111821,1875.3406455492243,276.0498679624923,-1853.208718223035,-79.47612187951336,-192.3312048228365,303.2262883557696,359.07864639744344
1781470602.0,79020.0,2026-06-14T20:56:42+00:00,0.24806882333333335,-1189.142901870422,878.2413454852067,1199.5079984953627,1903.730059762367,256.29500885078113,-1884.9383080842888,-74.21983291103183,-171.98411911703317,285.77048081936636,333.5315651271911
1781470662.0,79080.0,2026-06-14T20:57:42+00:00,0.2487632677777778,-1237.971013742499,944.6082324022427,1139.5300360592082,1929.6076406020527,235.25581272609307,-1913.9860077108076,-68.54131261982876,-152.77688088024078,265.47455370320677,306.29644789878336
1781470722.0,79140.0,2026-06-14T20:58:42+00:00,0.24945771222222224,-1282.1781500321813,1008.978052131366,1073.3119702758268,1952.9506147468576,213.0850307568492,-1940.2876949907056,-62.40620141569246,-134.41770964350508,242.822488796046,277.5443779486652
1781470782.0,79200.0,2026-06-14T20:59:42+00:00,0.2501521566666667,-1321.5154846231453,1070.8453643834218,1001.1970073468983,1973.7042377318328,189.92854689138122,-1963.7527545578525,-55.77350699722662,-116.64864446564715,218.21404702225095,247.43539878825362
1781470842.0,79260.0,2026-06-14T21:00:42+00:00,0.2508466011111111,-1355.7555570690893,1129.6855151816271,923.5768679557368,1991.7973603652113,165.91391131650934,-1984.280147157435,-48.5962589748401,-99.23314108915612,191.9749492480371,216.10552382853794
1781470902.0,79320.0,2026-06-14T21:01:42+00:00,0.25154104555555556,-1384.7073145592585,1184.9753383523785,840.9095238540322,2007.1645988323087,141.1498314611315,-2001.779079716688,-40.82851813091351,-81.95740318847783,164.3707348036799,183.6702327468999
1781470962.0,79380.0,2026-06-14T21:02:42+00:00,0.25223549,-1408.231638199184,1236.2251289179549,753.7191178929061,2019.7676660622706,115.7366698610661,-2016.1880728756719,-32.436135928742154,-64.64044525163723,135.62881262282897,150.24500649209065
1781471022.0,79440.0,2026-06-14T21:03:42+00:00,0.25292993444444445,-1426.2511580712162,1283.0098906178027,662.5651696929708,2029.6057127956817,89.79478719362973,-2027.4832796593823,-23.40504875771415,-47.145433665710435,105.9803732460825,115.99366977946194
1781471082.0,79500.0,2026-06-14T21:04:42+00:00,0.2536243788888889,-1438.732407237403,1324.9539606776088,568.0040933601558,2036.6842140165734,63.47734290574679,-2035.6484437734157,-13.734188174265364,-29.368779020851115,75.68422134958439,81.18267390563376
1781471142.0,79560.0,2026-06-14T21:05:42+00:00,0.25431882333333333,-1445.6802960702917,1361.7093253249768,470.6091677453369,2041.0087686947472,36.938644001867864,-2040.671604861535,-3.425139413277137,-11.217702066220317,44.99408682196855,46.37137790263869
1781471202.0,79620.0,2026-06-14T21:06:42+00:00,0.2550132677777778,-1447.1400392145733,1392.9900114815682,370.9534959839657,2042.6066585047897,10.355524462131786,-2042.566639912729,7.499733117985431,7.3649019228300565,14.184506529669955,15.982553169727153
1781471262.0,79680.0,2026-06-14T21:07:42+00:00,0.2557077122222222,-1443.1404028286343,1418.5641529548448,269.59116241429,2041.4842328993816,-16.065180480428214,-2041.3329020248284,18.96750547123063,26.36354794182485,-16.44274275792489,31.070893927986507
1781471322.0,79740.0,2026-06-14T21:08:42+00:00,0.25640215666666666,-1433.6889155528042,1438.223997882451,167.10671976022422,2037.6154765934073,-42.136106290612574,-2036.9459282961225,30.865258746560343,45.712571432507296,-46.615893399605966,65.28920817727467
1781471382.0,79800.0,2026-06-14T21:09:42+00:00,0.25709660111111116,-1418.8141946716933,1451.7733121104538,64.15837505552918,2030.959321564026,-67.7291063822964,-2029.3726173597552,43.07335495268464,65.34393712714214,-76.13571847661017,100.33183815332771
1781471442.0,79860.0,2026-06-14T21:10:42+00:00,0.2577910455555556,-1398.6109927572543,1459.0645498443046,-38.52761279884726,2021.5010379967093,-92.77067837479412,-2018.609057205396,55.47541819576931,85.19871520118039,-104.86803689696283,135.1152331698932
1781471502.0,79920.0,2026-06-14T21:11:42+00:00,0.25848549000000004,-1373.2458600259852,1460.0333062744721,-140.2023515906185,2009.2680624796715,-117.2091004434466,-2004.6952609545217,67.94913082985825,105.21066971182645,-132.7045307824397,169.35104815559458
1781471562.0,79980.0,2026-06-14T21:12:42+00:00,0.2591799344444445,-1342.9433011584915,1454.7053669560119,-240.14643922448158,1994.3256321496972,-140.97914305144764,-1987.7126167131776,80.36268806493193,125.29673916368155,-159.5195216683373,202.84415357201394
1781471622.0,80040.0,2026-06-14T21:13:42+00:00,0.2598743788888889,-1307.9515212131664,1443.1715360337403,-337.6864267559722,1976.7431262248106,-163.99350938908307,-1967.75252046508,92.57177841337504,145.35265330097977,-185.1598685701942,235.39662433978617
1781471682.0,80100.0,2026-06-14T21:14:42+00:00,0.26056882333333337,-1268.5399748180062,1425.5836350998143,-432.1647347584367,1956.5910984016305,-186.17813593832452,-1944.912154235452,104.41810355605334,165.25850816824422,-209.48895763573378,266.8257819126553
1781471742.0,80160.0,2026-06-14T21:15:42+00:00,0.2612632677777778,-1225.027890197467,1402.1659243691247,-522.9723937045783,1933.975888112537,-207.45959790035045,-1919.3293285675072,115.75050557255186,184.9038808074706,-232.36696265407664,296.95765770685955
1781471802.0,80220.0,2026-06-14T21:16:42+00:00,0.26195771222222225,-1177.754604746122,1373.1707005102653,-609.5990883326158,1909.00883450981,-227.71565139373652,-1891.1564990031247,126.4413248312175,204.19894387902374,-253.5855777602187,325.5807947795641
1781471862.0,80280.0,2026-06-14T21:17:42+00:00,0.2626521566666667,-1127.046284582466,1338.8262253864668,-691.5888165580109,1881.7502705093004,-246.79438386360093,-1860.5039104034752,136.38846002718856,223.08015485865897,-272.8891613952273,352.4673742330681
1781471922.0,80340.0,2026-06-14T21:18:42+00:00,0.26334660111111113,-1073.2354467967525,1299.3455444448628,-768.4589427197352,1852.2047172965724,-264.58206985212564,-1827.4258156415308,145.51127590439714,241.52040083031093,-290.0556426455403,377.44453877060056
1781471982.0,80400.0,2026-06-14T21:19:42+00:00,0.2640410455555556,-1016.7172211888246,1254.9923539459705,-839.6794248688966,1820.379425524507,-281.05328830645374,-1791.9686320293217,153.74889862377606,259.5433562358534,-304.9526404971191,400.4483321382875
1781472042.0,80460.0,2026-06-14T21:20:42+00:00,0.26473549,-957.9758984600194,1206.1324963578954,-904.7344089346007,1786.3420085501687,-296.25755057507246,-1754.2259665717136,161.06052726800363,277.2302910954201,-317.5117708547484,421.5096190268612
1781472102.0,80520.0,2026-06-14T21:21:42+00:00,0.26542993444444446,-897.5513218208216,1153.240286218468,-963.2081733485684,1750.2375605228692,-310.2631154807211,-1714.3631868465143,167.4132044454807,294.7017284096208,-327.6501379731145,440.6855133101369
1781472162.0,80580.0,2026-06-14T21:22:42+00:00,0.2661243788888889,-835.9812021711841,1096.857716712635,-1014.8300022166222,1712.2620577746336,-323.106864668886,-1672.6006302473224,172.77279934851936,312.1020598456106,-335.1948148664877,457.9991917823132
1781472222.0,80640.0,2026-06-14T21:23:42+00:00,0.26681882333333334,-773.7556582721882,1037.5405543609522,-1059.4639305798337,1672.6183189393598,-334.77393832771594,-1629.1757317851866,177.10134395391339,329.597440784743,-339.835468259425,473.4159043155974
1781472282.0,80700.0,2026-06-14T21:24:42+00:00,0.2675132677777778,-711.3057161155157,975.8299230057746,-1097.0670325104147,1631.488870398223,-345.2132840715652,-1584.3152226163077,180.3579721554707,347.38867334028765,-341.1073872922694,486.86049339670535
1781472342.0,80760.0,2026-06-14T21:25:42+00:00,0.2682077122222222,-649.009064736776,912.2475167671219,-1127.6590948360972,1589.0321998388993,-354.35706201582764,-1538.2288941877769,182.50006523344354,365.72739062483214,-338.3577657428169,498.2394021870606
1781472402.0,80820.0,2026-06-14T21:26:42+00:00,0.26890215666666667,-587.2013708380982,847.2897520111874,-1151.3081665779464,1545.3853461859903,-362.1293330233238,-1491.1099734801846,183.49185638169155,384.9347474403736,-330.6600145226744,507.45522461702905
1781472462.0,80880.0,2026-06-14T21:27:42+00:00,0.2695966011111111,-526.2007523719221,781.4188214018941,-1168.1182726682164,1500.6674865469965,-368.457728112094,-1443.1332538046677,183.32544705224987,405.4185664971817,-316.66282330251966,514.431295434631
1781472522.0,80940.0,2026-06-14T21:28:42+00:00,0.27029104555555555,-466.33223844412714,715.0729690529406,-1178.2160969446413,1454.9873809700077,-373.2966734131959,-1394.4543174407304,182.0302968505823,427.62812946051986,-294.3512793125828,519.1420737513549
1781472582.0,81000.0,2026-06-14T21:29:42+00:00,0.27098549,-407.91613684408367,648.702239622362,-1181.7640377734788,1408.4659780639167,-376.6378721121537,-1345.231612557464,179.6447417277229,451.8073520965256,-260.6637997443018,521.6085696243988
1781472642.0,81060.0,2026-06-14T21:30:42+00:00,0.27167993444444444,-351.23370580002666,582.75406500604,-1178.9746966985986,1361.2306020019664,-378.47813965100096,-1295.6298807714575,176.19949399783363,464.71663817203745,-237.42291331433447,521.8536131527561
1781472702.0,81120.0,2026-06-14T21:31:42+00:00,0.27237437888888894,-296.54359494894743,517.6536273099482,-1170.0929170979653,1313.400478230162,-378.8235250601985,-1245.8008703629193,171.73742888251206,457.6141816485505,-246.78601086281577,519.9173726694025
1781472762.0,81180.0,2026-06-14T21:32:42+00:00,0.2730688233333334,-244.09396005794406,453.8100973563269,-1155.4087695496855,1265.1066716098078,-377.6997749014738,-1195.8992737381077,166.32106800910563,448.92176037580145,-254.15343416739753,515.87277020404
1781472822.0,81240.0,2026-06-14T21:33:42+00:00,0.2737632677777778,-194.106550863944,391.60410672146827,-1135.266310971463,1216.4952635814784,-375.13695144649404,-1146.0907401255254,160.0281518175074,438.7794747586801,-259.56450346630487,509.8050205021647
1781472882.0,81300.0,2026-06-14T21:34:42+00:00,0.0001719122222222222,-122.4883594289422,284.0937695438042,-1086.472232132539,1129.6612674975909,-318.3425088531981,-1072.50658125139,156.59584769006702,392.21413912675297,-206.9562780702336,443.4668329916272
1781472942.0,81360.0,2026-06-14T21:35:42+00:00,0.0008663566666666667,-78.88678115559742,227.91659078747034,-1059.9345625452697,1087.0282303028318,-313.7903428294769,-1029.9986421041128,149.22731481183087,380.74851611300693,-208.98838904928567,434.3334885542125
1781473002.0,81420.0,2026-06-14T21:36:42+00:00,0.001560801111111111,-37.928574953228235,174.02680490911007,-1029.133928910247,1044.4331234019235,-308.14704476759596,-987.9017509446733,141.195178885625,368.22448497437455,-209.58868232420747,423.6940961271952
1781473062.0,81480.0,2026-06-14T21:37:42+00:00,0.0022552455555555555,0.22884503100067377,122.7104956433177,-994.4765411359258,1002.0187168814521,-301.52033200905043,-946.3312394472928,132.60536796093166,354.8238227983065,-208.87619420204538,411.73924968301793
1781473122.0,81540.0,2026-06-14T21:38:42+00:00,0.00294969,35.44709583185613,74.19325411971658,-956.4485997508746,959.9765932173525,-294.0217762657533,-905.4438945048465,123.60262339700591,101.75487272533536,385.47823136930214,398.68223058339885
1781473182.0,81600.0,2026-06-14T21:39:42+00:00,0.003644134444444444,67.646402514074,28.610529311932623,-915.5624740379862,918.5038062126707,-285.72472219131447,-865.4109291863866,114.3439932861125,66.66330262504941,378.8737592463932,384.69380208468766
1781473242.0,81660.0,2026-06-14T21:40:42+00:00,0.004338578888888889,96.80486229946837,-13.974681993946433,-872.3116021608002,877.7778787176134,-276.6719885593328,-826.3934747244576,104.9782836850307,42.364480823214826,367.46426226777754,369.89827423147375
1781473302.0,81720.0,2026-06-14T21:41:42+00:00,0.005033023333333333,122.94785296171904,-53.537659235298634,-827.166351232212,837.9657678659091,-266.9059254117342,-788.5444360199784,95.63225144867423,25.801867599994612,353.4610773727028,354.40156544394586
1781473362.0,81780.0,2026-06-14T21:42:42+00:00,0.005727467777777777,146.15530310897157,-90.10496983025223,-780.5761584932916,799.2367718161686,-256.45560701823484,-752.0259202568594,86.41154039746462,14.752011583606954,337.95606848298746,338.27788291616196
1781473422.0,81840.0,2026-06-14T21:43:42+00:00,0.006421912222222222,166.5466874865815,-123.76147717703134,-732.9291825154796,761.7347891022197,-245.31982059278468,-716.9840635165768,77.40753978899171,7.62785503983796,321.46273044440585,321.5532168044374
1781473482.0,81900.0,2026-06-14T21:44:42+00:00,0.007116356666666666,184.24588616145775,-154.61427687015384,-684.5491296919063,725.5753800546486,-233.499081769923,-683.5332425861732,68.70310934508129,3.2973320996532234,304.22796778725143,304.24583609794286
1781473542.0,81960.0,2026-06-14T21:45:42+00:00,0.007810801111111111,199.38223751448095,-182.7794490372762,-635.7277306756005,690.8772330715494,-221.0134910473797,-651.7820619157764,60.36995706863575,0.948127744875347,286.3862110852174,286.3877805458314
1781473602.0,82020.0,2026-06-14T21:46:42+00:00,0.008505245555555555,212.10204377910122,-208.3981073051691,-586.705202030018,657.7537853883722,-207.87099579931927,-621.8336922042406,52.46475519597867,-0.017307603167786567,267.98700190220467,267.98700246109956
1781473662.0,82080.0,2026-06-14T21:47:42+00:00,0.00919969,222.5248161489144,-231.60827973857522,-537.647185456939,626.27804134852,-194.07638021078205,-593.7420139031346,45.04403008022645,-0.059438544136227726,249.04380808311865,249.04381517612873
1781473722.0,82140.0,2026-06-14T21:48:42+00:00,0.009894134444444444,230.7276582114864,-252.51650241669267,-488.71193363144994,596.522581576177,-179.68554694677246,-567.5342200253795,38.173336884928034,0.4588146514624292,229.61912997234768,229.61958836332386
1781473782.0,82200.0,2026-06-14T21:49:42+00:00,0.010588578888888889,236.77957842336036,-271.2337504038587,-440.0810906747356,568.597997258126,-164.79209290515698,-543.2568451750931,31.925675753144457,1.2373810068012325,209.8165223208161,209.8201709811464
1781473842.0,82260.0,2026-06-14T21:50:42+00:00,0.011283023333333333,240.76399930380285,-287.899594489485,-391.937690182589,542.6496409780759,-149.49735721796347,-520.9833637713854,26.372480200611324,2.022102335432372,189.74633820766755,189.7571125440981
1781473902.0,82320.0,2026-06-14T21:51:42+00:00,0.011977467777777778,242.78773620561697,-302.68298212857917,-344.42915292456746,518.839391243989,-133.88507532324988,-500.8031980512926,21.569824610290738,2.6040545808944224,169.49433445483714,169.51433718877135
1781473962.0,82380.0,2026-06-14T21:52:42+00:00,0.012671912222222222,242.97618242632598,-315.7586926044896,-297.64558466523886,497.32672485246525,-118.01752275726682,-482.80212581641996,17.54545188541695,2.8278747652068805,149.11646328868912,149.1432750727121
1781474022.0,82440.0,2026-06-14T21:53:42+00:00,0.013366356666666666,241.47473163739778,-327.30091977259144,-251.6221186425537,478.2777735725391,-101.93864593012968,-467.06937934340465,14.294615741715983,2.5927700140179093,128.64389560679254,128.6700211130663
1781474082.0,82500.0,2026-06-14T21:54:42+00:00,0.014060801111111111,238.43938360590255,-337.47913053864613,-206.30423654336482,461.85164416641834,-85.64262985638238,-453.68876669553583,11.780668265863083,1.842020258734191,108.04565476557606,108.06135549934415
1781474142.0,82560.0,2026-06-14T21:55:42+00:00,0.014755245555555555,234.00620495590556,-346.400984877022,-161.55199472326785,448.1646943710569,-69.08907937008816,-442.6958907435797,9.931803020853753,0.5676726140509657,87.24727214615939,87.24911890181323
1781474202.0,82620.0,2026-06-14T21:56:42+00:00,0.01544969,228.29084933752893,-354.08754672436044,-117.21352611575276,437.3027707904613,-52.260601984977534,-434.08277960451693,8.6419483913568,-1.1827941270366604,66.20232282774644,66.21288809390593
1781474262.0,82680.0,2026-06-14T21:57:42+00:00,0.016144134444444444,221.39425222983118,-360.5134800686501,-73.15287208557129,429.34453172945274,-35.16468087814728,-427.8310791235487,7.793579453686124,-3.337912738713936,44.89856621169186,45.022471159599256
1781474322.0,82740.0,2026-06-14T21:58:42+00:00,0.01683857888888889,213.38798416801728,-365.6143732983619,-29.250178249552846,424.33933906400256,-17.823218675124494,-423.90243464875084,7.275537931638264,-5.828815499982548,23.34712637734435,24.063736206427404
1781474382.0,82800.0,2026-06-14T21:59:42+00:00,0.01753302333333333,204.33187725476455,-369.2991729080095,14.57841693982482,422.3102241403438,-0.2840437921579946,-422.25246036190515,6.978857421476128,-8.583907251137914,1.5947741903378334,8.730794260220874
1781474442.0,82860.0,2026-06-14T22:00:42+00:00,0.018227467777777777,194.2892275264021,-371.46033951244317,58.386796126142144,423.24946039585365,17.38741959736467,-422.8376673135112,6.788995948949703,-11.522091591707802,-20.28882565274306,23.33227466440228
1781474502.0,82920.0,2026-06-14T22:01:42+00:00,0.018921912222222222,183.32576538692228,-371.98982057732064,102.20170658454299,427.1181940594911,35.111705873752555,-425.6214627254676,6.594715665554423,-14.565305472033401,-42.21498854521518,44.65706418212347
1781474562.0,82980.0,2026-06-14T22:02:42+00:00,0.019616356666666668,171.50365670048632,-370.7868965918897,146.03410792164505,433.84604138144863,52.80548380605355,-430.5744223575006,6.2956583346749495,-17.650458576276964,-64.08819208677066,66.47431874719501
1781474622.0,83040.0,2026-06-14T22:03:42+00:00,0.02031080111111111,158.8868875238113,-367.7517338786274,189.87936089280993,443.3289438902033,70.37947130933956,-437.6684856729655,5.794752605072917,-20.72043940759243,-85.80568262814283,88.27203283331183
1781474682.0,83100.0,2026-06-14T22:04:42+00:00,0.021005245555555555,145.54981765151024,-362.7884718927089,233.72759074158967,455.44353264757507,87.74447807392866,-446.8834397580792,4.990918555122164,-23.717209288595857,-107.26718138870127,109.85788191802898
1781474742.0,83160.0,2026-06-14T22:05:42+00:00,0.02169969,131.56605841545388,-355.7977145384066,277.57500467356294,470.05268281040645,104.82449829375328,-458.1997741737447,3.7836651348702115,-26.591648458018728,-128.39111068000156,131.11595276456356
1781474802.0,83220.0,2026-06-14T22:06:42+00:00,0.022394134444444443,117.00149015104398,-346.67512800032273,321.4098451444879,487.0085026233204,121.54649722414315,-471.5924086583512,2.081041990156616,-29.31377988350372,-149.10111502426147,151.95538882361677
1781474862.0,83280.0,2026-06-14T22:07:42+00:00,0.023088578888888888,101.9038900337182,-335.3285259436816,365.2278481442481,506.1827774387869,137.8522193987885,-487.0500337032967,-0.18561274288672808,-31.896756117862314,-169.33754610209658,172.31543044870378
1781474922.0,83340.0,2026-06-14T22:08:42+00:00,0.023783023333333334,86.28296208148822,-321.6435403530486,409.0287169413641,527.45028948622,153.71407824968963,-504.5457709098835,-3.0586081633604603,-34.40958493476964,-189.07505302707943,192.1806317311295
1781474982.0,83400.0,2026-06-14T22:09:42+00:00,0.02447746777777778,70.13914032978937,-305.4835167643614,452.7704126769677,550.6729742929059,169.094416573502,-524.0273141397,-6.570915902248113,-36.95395397089302,-208.27460101958286,211.5275493734783
1781475042.0,83460.0,2026-06-14T22:10:42+00:00,0.02517191222222222,53.480631604325026,-286.71058327378705,496.3764420635998,575.7192968397976,183.9432219245321,-545.4374276615843,-10.7523191752906,-39.664314454041765,-226.88046219772875,230.3215186823935
1781475102.0,83520.0,2026-06-14T22:11:42+00:00,0.025866356666666666,36.32134722545743,-265.1841285871342,539.7414550045505,602.4638583095414,198.2077457574332,-568.7109376692714,-15.628802459368693,-42.723097866003144,-244.82902697005235,248.5287016390073
1781475162.0,83580.0,2026-06-14T22:12:42+00:00,0.026560801111111112,18.681380522437394,-240.76543344091624,582.7269601570442,630.7834002350456,211.83093669466984,-593.7718971614688,-21.219953167115293,-46.3812245065906,-262.04082650016136,266.1139093313584
1781475222.0,83640.0,2026-06-14T22:13:42+00:00,0.027255245555555554,0.5914701870642602,-213.33047506213188,625.1556250564754,660.5526451138996,224.74255202533766,-620.5339099660691,-27.53631889578099,-50.98394519669708,-278.39908248374707,283.0289946200071
1781475282.0,83700.0,2026-06-14T22:14:42+00:00,0.02794969,-17.904454535339028,-182.7854276392609,666.8255302249454,691.6555282864839,236.85949870162534,-648.9139512909148,-34.5779048538526,-57.00957764877018,-293.73136851899056,299.21264812124866
1781475342.0,83760.0,2026-06-14T22:15:42+00:00,0.028644134444444445,-36.75943215889856,-149.06637002155185,707.531921136193,723.9982444389758,248.10097004817445,-678.8428021161222,-42.329855031703076,-65.13651238480443,-307.79086398232374,314.6076623298312
1781475402.0,83820.0,2026-06-14T22:16:42+00:00,0.02933857888888889,-55.93683999963105,-112.12272533308715,747.0784850036725,757.5134971475068,258.40787572878264,-710.2643646465922,-50.76022493209357,-76.34132482077729,-320.20821359304654,329.18277282968734
1781475462.0,83880.0,2026-06-14T22:17:42+00:00,0.030033023333333332,-75.41120207542554,-71.90112966299057,785.2699822625145,792.1524896684001,267.7490857512866,-743.1264762753278,-59.82503009451564,-92.02589504080268,-330.3610650610661,342.9390596977002
1781475522.0,83940.0,2026-06-14T22:18:42+00:00,0.030727467777777778,-95.15454688854516,-28.330054103396833,821.9084871187806,827.8831686638813,276.1261617980711,-777.3779848277248,-69.48634709638853,-114.17048808576438,-337.11012999811095,355.91872681426156
1781475582.0,84000.0,2026-06-14T22:19:42+00:00,0.03142191222222222,-115.13537297677249,18.69635854754597,856.7721538615879,864.6757956402291,283.58255531199444,-812.9517451467648,-79.71590777010942,-145.48032379326614,-338.2593214667584,368.21718206806344
1781475642.0,84060.0,2026-06-14T22:20:42+00:00,0.032116356666666665,-135.324786354322,69.29801901709288,889.5742529276758,902.4729163323234,290.18845627232804,-849.7426700133665,-90.47330721382347,-48.89642519579537,-376.7969629362121,379.9563286417022
1781475702.0,84120.0,2026-06-14T22:21:42+00:00,0.032810801111111114,-155.69160701846704,123.57397048454732,919.9482836227398,941.1775853778784,296.0222111783601,-887.6060703458587,-101.69346877745238,-36.59146942205479,-389.5385737816496,391.2534167241314
1781475762.0,84180.0,2026-06-14T22:22:42+00:00,0.033505245555555556,-176.1948123476468,181.56804291997105,947.4489431680413,980.6482886429004,301.1545594300115,-926.3609154358932,-113.28041183514084,-24.08689204271658,-401.47230254582473,402.1942168650908
1781475822.0,84240.0,2026-06-14T22:23:42+00:00,0.03419969,-196.7750845658593,243.24742373172194,971.5595214213245,1020.694688299324,305.64335428844123,-965.7885770970855,-125.10879685518294,-11.5749453499814,-412.6596741734754,412.82197864068957
1781475882.0,84300.0,2026-06-14T22:24:42+00:00,0.03489413444444445,-217.32294389093295,308.46146937366575,991.6993217954878,1061.058568072099,309.5002541641185,-1005.6218211542333,-137.0387914789174,0.7601783331252773,-423.1017679370888,423.1024508350056
1781475942.0,84360.0,2026-06-14T22:25:42+00:00,0.03558857888888889,-237.65253365784883,376.8948076432571,1007.2768372521969,1101.4241007201683,312.65164211177245,-1045.5633836821041,-148.93357927369135,12.780166797326615,-432.70177274218315,432.89046743673555
1781476002.0,84420.0,2026-06-14T22:26:42+00:00,0.03628302333333333,-257.5075905909762,448.0498442547396,1017.7778837925289,1141.4598735329528,314.92095286999415,-1085.330088555916,-160.6674677852569,24.410542970441554,-441.2480205548384,441.92271977312373
1781476062.0,84480.0,2026-06-14T22:27:42+00:00,0.03697746777777778,-276.605830647517,521.3023951444775,1022.8784272701014,1180.9095010652288,316.0607377770237,-1124.7323300506282,-172.13380109919305,-417.82373349321614,166.7490872917236,449.86879240822316
1781476122.0,84540.0,2026-06-14T22:28:42+00:00,0.03767191222222222,-294.7039176239632,596.0351336756721,1022.4262328185141,1219.6162024153937,315.8617875863254,-1163.6661723420789,-183.23769176578517,-408.46002031883705,203.7438039456989,456.4549548916389
1781476182.0,84600.0,2026-06-14T22:29:42+00:00,0.038366356666666664,-311.6152623593807,671.6697951741517,1016.37317623524,1257.481140556431,314.17192906539617,-1202.0672420721814,-193.8792494812416,-400.6978739669797,228.90889707691744,461.4738013827311
1781476242.0,84660.0,2026-06-14T22:30:42+00:00,0.03906080111111111,-327.2170576157514,747.6701523521915,1004.7148702666163,1294.4240534105982,310.9017980189197,-1239.87246391048,-203.93620392927087,-394.69123763457986,245.42677281926976,464.7746484932218
1781476302.0,84720.0,2026-06-14T22:31:42+00:00,0.039755245555555555,-341.4399807085283,823.5180459637195,987.4706552419811,1330.361427364072,306.0013461701343,-1277.0062875087706,-213.2595724072035,-390.0568290783564,255.3921553782953,466.2290026794059
1781476362.0,84780.0,2026-06-14T22:32:42+00:00,0.040449689999999996,-354.25569453276694,898.7081128740683,964.7011485784315,1365.2185448942257,299.43978806534597,-1313.3973897898827,-221.6862312810858,-386.26907898975804,260.1638273843315,465.7134510220423
1781476422.0,84840.0,2026-06-14T22:33:42+00:00,0.041144134444444445,-365.66719544352964,972.783565973863,936.5052308524027,1398.9504678387557,291.22595344963025,-1348.9925548698027,-229.0610015028111,-382.8296507953805,260.6603147360941,463.1439745979997
1781476482.0,84900.0,2026-06-14T22:34:42+00:00,0.04183857888888889,-375.6996046798304,1045.3543699458241,902.9838325697929,1431.536151692944,281.4316693471225,-1383.7455771115083,-235.2448658667704,-379.3198047401788,257.5682018192634,458.5028820591384
1781476542.0,84960.0,2026-06-14T22:35:42+00:00,0.042533023333333336,-384.37639639433473,1116.069896302186,864.1983112730086,1462.9408562017081,270.18992473449947,-1417.5812999777108,-240.11791118043575,-375.40146740857904,251.45327345776676,451.8351585093184
1781476602.0,85020.0,2026-06-14T22:36:42+00:00,0.04322746777777778,-391.6992012236733,1184.570914101787,820.1764200376347,1493.0927214211974,257.6626588979977,-1450.3807141264133,-243.5808142295422,-370.7998348191868,242.7912157655776,443.21562692989903
1781476662.0,85080.0,2026-06-14T22:37:42+00:00,0.04392191222222222,-397.64143691188656,1250.4571781931445,770.942081448622,1521.8782999282319,244.01173961269077,-1481.9833539053825,-245.55481968592446,-365.2885027323287,231.97540546361446,432.72194186155485
1781476722.0,85140.0,2026-06-14T22:38:42+00:00,0.04461635666666667,-402.155005296343,1313.2767875264399,716.5560099137947,1549.1536670983435,229.37644123678788,-1512.2028047969907,-245.9801001176874,-358.6777316958541,219.31692148254518,420.41601689643556
1781476782.0,85200.0,2026-06-14T22:39:42+00:00,0.04531080111111111,-405.18681803141953,1372.5404578968883,657.1504684295505,1574.7667777253253,213.864074664822,-1540.850154451792,-244.81291493925002,-350.8065772255619,205.05122375837234,406.338847502328
1781476842.0,85260.0,2026-06-14T22:40:42+00:00,0.04600524555555555,-406.69571277248906,1427.7532643098384,592.9446733305231,1598.5819253844836,197.55529562378942,-1567.7564257048718,-242.02451734905813,-341.54103869002074,189.35656641717878,390.5204096519946
1781476902.0,85320.0,2026-06-14T22:41:42+00:00,0.04669969,-406.6617918909178,1478.4574622106738,524.2320693470538,1620.5028673477416,180.52806146087138,-1592.7909241188067,-237.60520649217665,-330.7820214217283,172.3908072958313,373.0084933831308
1781476962.0,85380.0,2026-06-14T22:42:42+00:00,0.047394134444444444,-405.0785561501616,1524.2488093865104,451.3333670189604,1640.4648358784061,162.89341223402658,-1615.8486014414061,-231.56837267678344,-318.47453421531776,154.34091956542989,353.90273861043534
1781477022.0,85440.0,2026-06-14T22:43:42+00:00,0.04808857888888889,-401.9419601522386,1564.742198675871,374.58023109007627,1658.3985760882447,144.78936006910357,-1636.8172461890322,-223.9445935057376,-304.5955797015308,135.4213376287084,333.34277532123036
1781477082.0,85500.0,2026-06-14T22:44:42+00:00,0.048783023333333335,-397.2496921149432,1599.545677488437,294.35467424057424,1674.2157467019101,126.3372145210477,-1655.5685883931624,-214.77877888089535,-289.1403071703411,115.82354981654609,311.47586089882657
1781477142.0,85560.0,2026-06-14T22:45:42+00:00,0.049477467777777784,-391.0112532371422,1628.289848533459,211.12339734937996,1687.8361057589507,107.6191101911044,-1671.9861097390356,-204.13548409068918,-272.1243337704653,95.68920070379997,288.45810122330016
1781477202.0,85620.0,2026-06-14T22:46:42+00:00,0.050171912222222226,-383.25653135369066,1650.6555297728628,125.40632501803339,1699.1986326352555,88.70850412469643,-1685.9735055179856,-192.0940736641172,-253.5834125129707,75.15007584632541,264.484557207849
1781477262.0,85680.0,2026-06-14T22:47:42+00:00,0.050866356666666675,-374.0378474148456,1666.354658837081,37.77154003735632,1708.2355954503375,69.66470271627537,-1697.4299404824617,-178.7380091439083,-233.55851178354862,54.32420794817146,239.79303158295113
1781477322.0,85740.0,2026-06-14T22:48:42+00:00,0.05156080111111112,-363.44096602348145,1675.161787608813,-51.137617733329535,1714.896908387287,50.504462095092194,-1706.274672739586,-164.15677528563654,-212.09250234298966,33.28101588233477,214.6878095474247
1781477382.0,85800.0,2026-06-14T22:49:42+00:00,0.05225524555555556,-351.58121613017283,1676.9619188986544,-140.63235682155937,1719.1823896134508,31.221299485564508,-1712.4759192459862,-148.45721679346525,-189.24674909289172,12.06377924585608,189.6308698812529
1781477442.0,85860.0,2026-06-14T22:50:42+00:00,0.05294969000000001,-338.58966534910724,1671.7523297364824,-230.04401199892163,1721.1388848425734,11.831435852337485,-1716.0470181095181,-131.7638405642477,-165.10837547787403,-9.25305158153574,165.3674533168882
1781477502.0,85920.0,2026-06-14T22:51:42+00:00,0.05364413444444445,-324.5993121333886,1659.614784148289,-318.75193597283214,1720.8395456542337,-7.613194323903853,-1717.0280967379695,-114.21600663673227,-139.78813366842024,-30.546957156551652,143.08682296432585
1781477562.0,85980.0,2026-06-14T22:52:42+00:00,0.05433857888888889,-309.72872566152364,1640.6926742934156,-406.1974623594433,1718.371529503222,-27.01762436755384,-1715.4766423850508,-95.97213560242166,-113.42665947344742,-51.63898581438312,124.62821484416544
1781477622.0,86040.0,2026-06-14T22:53:42+00:00,0.05503302333333334,-294.08904035715386,1615.1540984523017,-491.875719929114,1713.8123728288472,-46.25278794418792,-1711.44818799253,-77.19215430157819,-86.1715594987084,-72.3015059901871,112.48575658672748
1781477682.0,86100.0,2026-06-14T22:54:42+00:00,0.05572746777777778,-277.8017911356874,1583.1635334226303,-575.3213296858594,1707.2127111490615,-65.16490745374205,-1704.9818616812786,-58.014026608369676,-58.14759243197668,-92.26457577231396,109.05913280454936
1781477742.0,86160.0,2026-06-14T22:55:42+00:00,0.056421912222222224,-260.9951169360429,1544.8675665846094,-656.079692715779,1698.580234355605,-83.58963574097164,-1696.0839849303973,-38.557767088591746,-29.460051572036104,-111.232274131692,115.06743000143395
1781477802.0,86220.0,2026-06-14T22:56:42+00:00,0.05711635666666667,-243.80550363962539,1500.4265203257091,-733.6444559199736,1687.8847870052628,-101.40887552741424,-1684.7292068821475,-18.941849073320533,-0.20332736374217628,-128.95328140915103,128.9534417074804
1781477862.0,86280.0,2026-06-14T22:57:42+00:00,0.057810801111111115,-226.38199839903973,1450.0993053875864,-807.458137691021,1675.1195326925642,-118.58169697357384,-1670.9169158501093,0.7001978163118519,29.52864142790898,-145.25875139720927,148.22970526198273
1781477922.0,86340.0,2026-06-14T22:58:42+00:00,0.05850524555555556,-208.88252760958858,1394.2732879156247,-876.9834855059162,1660.340310173105,-135.11110308811928,-1654.7102366380332,20.22296153730587,59.644389980979895,-160.01566459968222,170.77021453837085
1781477982.0,86400.0,2026-06-14T22:59:42+00:00,0.059199690000000006,-191.4688857512083,1333.427071426995,-941.7767016813159,1643.6640304073458,-150.98907684633545,-1636.2378738538755,39.48877934503621,90.07032044360058,-173.046963193834,195.084376861452
1781478042.0,86460.0,2026-06-14T23:00:42+00:00,0.05989413444444445,-174.29807871440426,1268.0636549778283,-1001.5002130549401,1625.228577790937,-166.168552444397,-1615.6570538183826,58.380019645329305,120.75991253853417,-184.08185327123263,220.15695578401795
1781478102.0,86520.0,2026-06-14T23:01:42+00:00,0.0605885788888889,-157.52765783807263,1198.6717135924846,-1055.900056921877,1605.1647174537306,-180.56797576446195,-1593.1255887271031,76.81038230318211,151.70751433208886,-192.73897488795845,245.28245421489493
1781478162.0,86580.0,2026-06-14T23:02:42+00:00,0.06128302333333334,-141.32713042525575,1125.7193427057937,-1104.773056303151,1583.5848263574662,-194.0944455762204,-1568.7874775029868,94.73172064246712,182.9608319027777,-198.52174964545293,269.9732414385699
1781478222.0,86640.0,2026-06-14T23:03:42+00:00,0.06197746777777778,-125.87623833213001,1049.6738775279373,-1147.95707386313,1560.597808525176,-206.66213128334005,-1542.784496560691,112.12618177297266,214.61287320160585,-200.79513240137587,293.90027311987075
1781478282.0,86700.0,2026-06-14T23:04:42+00:00,0.06267191222222222,-111.35321450629272,971.0049524540082,-1185.3326869714074,1536.3149855657698,-218.19154048980616,-1515.261225744374,128.99459015127124,246.77617083704686,-198.71511641233843,316.8377754999624
1781478342.0,86760.0,2026-06-14T23:05:42+00:00,0.06336635666666666,-97.92411753814667,890.1835234872997,-1216.815562329255,1510.846104343705,-228.61188978181625,-1486.36045703234,145.34492296448008,279.5389352371615,-191.1219029364317,338.62899771810567
1781478402.0,86820.0,2026-06-14T23:06:42+00:00,0.06406080111111112,-85.7332231393084,807.6913816165179,-1242.3381841508672,1484.2909813398207,-237.87536070774854,-1456.213207206456,161.1773098558657,312.87832905159945,-176.38465254654375,359.17181744129914
1781478462.0,86880.0,2026-06-14T23:07:42+00:00,0.06475524555555556,-74.88948658318259,724.0308927884325,-1261.8737616697326,1456.7616686689792,-245.9522364776019,-1424.9628866199691,176.47330798333073,346.4640586630724,-152.1277779837181,378.3916024167982
1781478522.0,86940.0,2026-06-14T23:08:42+00:00,0.06544969,-65.46621332038194,639.6832862403244,-1275.4642430467065,1428.387050862769,-252.79087756264252,-1392.7760854654573,191.20961024243726,379.2052000849127,-114.7996162765465,396.2013827192946
1781478582.0,87000.0,2026-06-14T23:09:42+00:00,0.06614413444444445,-57.50184332579374,555.06442917604,-1283.179521835409,1399.2686188792115,-258.2959442190861,-1359.802710795531,205.35934527854488,318.9838706200034,-261.5124318125294,412.4796500534565
1781478642.0,87060.0,2026-06-14T23:10:42+00:00,0.06683857888888889,-50.999585145385936,470.604762959294,-1285.0532199558802,1369.463974963909,-262.41221305804726,-1326.1489749561385,218.8613839504617,335.63237710708955,-264.176360679217,427.12789900013706
1781478702.0,87120.0,2026-06-14T23:11:42+00:00,0.06753302333333334,-45.93177030584775,386.8146994402632,-1281.170050638495,1339.078801967806,-265.16632310539086,-1291.9625508321803,231.62820686934373,351.3116615309238,-265.09455762597764,440.10795040595565
1781478762.0,87180.0,2026-06-14T23:12:42+00:00,0.06822746777777779,-42.24234754755162,304.17735185846686,-1271.7188164333638,1308.2725348262238,-266.57469230048355,-1257.4511512388,243.5807074744484,365.911959997789,-264.2886314252953,451.37572284082705
1781478822.0,87240.0,2026-06-14T23:13:42+00:00,0.00035048222222222223,-44.490168360294774,206.99904084019363,-1227.995011475432,1246.1138496132824,-250.86022724386368,-1193.3838329968364,256.3277193886174,377.37909603352983,-242.0264860926873,448.3210926260975
1781478882.0,87300.0,2026-06-14T23:14:42+00:00,0.0010449266666666668,-43.66680103819817,129.9834913900122,-1209.1223260835977,1216.8727529946,-249.91552826553198,-1160.7126970931001,266.5849968007932,389.7544117642402,-238.16974918807216,456.76397725521014
1781478942.0,87360.0,2026-06-14T23:15:42+00:00,0.0017393711111111112,-43.8807835909538,55.11519352160394,-1185.3264514368493,1187.4182094785954,-247.62207690527063,-1128.08970974126,275.78781337534394,400.66988939984714,-232.6220795200697,463.30270035035124
1781479002.0,87420.0,2026-06-14T23:16:42+00:00,0.0024338155555555557,-45.0003546171356,-17.184610103257,-1156.796329395147,1157.7988125931702,-244.05361370039654,-1095.619822962386,283.81882885707563,409.97391446025347,-225.50285208074305,467.8997187800103
1781479062.0,87480.0,2026-06-14T23:17:42+00:00,0.00312826,-46.90547740471084,-86.51108311209828,-1123.7984254281037,1128.0989284218283,-239.3098471743448,-1063.4342971086726,290.5950534418171,-118.58986228839204,455.3741808931175,470.56264201661554
1781479122.0,87540.0,2026-06-14T23:18:42+00:00,0.003822704444444444,-49.5084847623948,-152.49475226178765,-1086.6542313541286,1098.4184803847231,-233.50763911997012,-1031.6639748415114,296.08577057588457,-170.5152183451493,439.43201917544513,471.355427638107
1781479182.0,87600.0,2026-06-14T23:19:42+00:00,0.004517148888888889,-52.73627726745326,-214.81478329841048,-1045.7585302758962,1068.895415701824,-226.78078636049088,-1000.4636250770707,300.3005486903732,-210.35020169930792,420.73546450468115,470.3887099483887
1781479242.0,87660.0,2026-06-14T23:20:42+00:00,0.005211593333333333,-56.51078169734683,-273.23980234377086,-1001.5527616515756,1039.6929317855372,-219.2447827662449,-970.0100136084261,303.2716457797677,-241.085084043937,400.8660050151664,467.77726721730676
1781479302.0,87720.0,2026-06-14T23:21:42+00:00,0.005906037777777777,-60.74160791293252,-327.63293686136603,-954.4873673222028,1010.979237485084,-210.9877595376602,-940.4863404260553,305.03873102149873,-264.83061151489676,380.5380654187678,463.6210435560627
1781479362.0,87780.0,2026-06-14T23:22:42+00:00,0.006600482222222222,-65.32716757437447,-377.93360450398177,-904.9850538019091,982.9035536824083,-202.07386192361596,-912.0587357712083,305.6377147411744,-283.05498882096333,360.0594075531429,457.9988031250256
1781479422.0,87840.0,2026-06-14T23:23:42+00:00,0.0072949266666666665,-70.16632677213056,-424.123681364581,-853.4248472275212,955.5826392166488,-192.56039356463126,-884.856936371655,305.10142142811964,-296.7867294154363,339.5623800447822,450.98223102333924
1781479482.0,87900.0,2026-06-14T23:24:42+00:00,0.00798937111111111,-75.15576078774757,-466.2050317134708,-800.1616339990869,929.1147186965839,-182.51939291230883,-858.9850443907758,303.4559691660906,-306.7498232240984,319.1242005005626,442.64625762920315
1781479542.0,87960.0,2026-06-14T23:25:42+00:00,0.008683815555555556,-80.17576318749343,-504.21592040825635,-745.5293378746137,903.5905273007248,-172.02244499183809,-834.540241967451,300.71033235248217,-313.4543446587209,298.7894974043083,433.0459443806712
1781479602.0,88020.0,2026-06-14T23:26:42+00:00,0.00937826,-85.09508365466172,-538.2227459168062,-689.8148714527488,879.0730654284621,-161.1271442286165,-811.5941058524251,296.85434997676253,-317.25969520204575,278.57361184812675,422.2048926976164
1781479662.0,88080.0,2026-06-14T23:27:42+00:00,0.010072704444444445,-89.79307513657841,-568.2855208748952,-633.2764268973842,855.5993586033431,-149.90654226217666,-790.1809812530182,291.87721373116403,-318.42882120361884,258.5121317198809,410.1529427170837
1781479722.0,88140.0,2026-06-14T23:28:42+00:00,0.010767148888888889,-94.16686684661545,-594.4704729500227,-576.1928834039718,833.2231279234362,-138.47210035848966,-770.333040839845,285.78534692888115,-317.1734772975451,238.69573234134668,396.95675751772785
1781479782.0,88200.0,2026-06-14T23:29:42+00:00,0.011461593333333332,-98.13257028110093,-616.8970940867439,-518.8631946351379,812.0412802251035,-126.95001961034485,-752.1108445540767,278.6108591112551,-313.69109049206565,219.2422109903286,382.7130090995459
1781479842.0,88260.0,2026-06-14T23:30:42+00:00,0.01215603777777778,-101.62735325208632,-635.7659903089516,-461.559708644636,792.189294301979,-115.4392541990985,-735.6062659079818,270.4090940658968,-308.18336504918256,200.24215109476978,367.5240203960801
1781479902.0,88320.0,2026-06-14T23:31:42+00:00,0.012850482222222223,-104.60952319437638,-651.3429544772953,-404.46679207868874,773.8114644954493,-103.97566789545425,-720.919021254368,261.2451106986128,-300.85320517609796,181.70997967575352,351.47000978532157
1781479962.0,88380.0,2026-06-14T23:32:42+00:00,0.013544926666666669,-107.05862500600051,-663.8952615433373,-347.6538871200755,757.0215932967631,-92.53357273825058,-708.115769399747,251.17979170560068,-291.890176272007,163.58211738655496,334.60272582985925
1781480022.0,88440.0,2026-06-14T23:33:42+00:00,0.014239371111111112,-108.98100469342899,-673.6390664877836,-291.0962263569236,741.8918144054178,-81.04858240228431,-697.2113886899223,240.27249333499088,-281.4721470632841,145.74560047223304,316.9674267640554
1781480082.0,88500.0,2026-06-14T23:34:42+00:00,0.014933815555555556,-110.40980645781383,-680.705458109267,-234.71748675685376,728.4521567345743,-69.44608191606288,-688.1630732931477,228.5855877204208,-269.7690791726874,128.0740832808525,298.6274047804562
1781480142.0,88560.0,2026-06-14T23:35:42+00:00,0.01562826,-111.3936434868956,-685.1463533549104,-178.44485229533166,716.7123792955721,-57.67131117319801,-680.8924655162651,216.18534850046143,-256.94249393257627,110.4652102912022,279.6819763105437
1781480202.0,88620.0,2026-06-14T23:36:42+00:00,0.016322704444444447,-111.97421794978436,-686.9611429191427,-122.23947174102068,706.6797901580068,-45.70164520522461,-675.311704437313,203.1299763532489,-243.1321014995705,92.85377995127382,260.2595689515316
1781480262.0,88680.0,2026-06-14T23:37:42+00:00,0.01701714888888889,-112.16651831101626,-686.1164695922052,-66.08971704915166,698.3587819848219,-33.532683918678785,-671.3331607537458,189.45272433227038,-228.4401820798922,75.19172268841449,240.4968023686505
1781480322.0,88740.0,2026-06-14T23:38:42+00:00,0.017711593333333334,-111.95756852580234,-682.5457411271054,-10.023129406385124,691.7395817820869,-21.185326373095073,-668.8592304203523,175.16324052727452,-212.933901111875,57.45701233052991,220.54966449458144
1781480382.0,88800.0,2026-06-14T23:39:42+00:00,0.01840603777777778,-111.31053119432181,-676.1778130632592,45.88209430128336,686.8126642769816,-8.7121975011666,-667.7974718294397,160.25688766525886,-196.65710237968122,39.66268403235816,200.6169096088939
1781480442.0,88860.0,2026-06-14T23:40:42+00:00,0.019100482222222222,-110.17413440905511,-666.9535135736223,101.51347653381526,683.5717336746495,3.8181126038694733,-668.0650518790991,144.7232654167496,-179.64457164352763,21.837874900594528,180.9670271103566
1781480502.0,88920.0,2026-06-14T23:41:42+00:00,0.019794926666666667,-108.4918688472826,-654.8257364886813,156.72314491309226,682.0039405497375,16.319349596416867,-669.5794090378039,128.55531395747553,-161.9335979034393,4.030399093410284,161.98374686000113
1781480562.0,88980.0,2026-06-14T23:42:42+00:00,0.020489371111111113,-106.20516070304438,-639.7768886045087,211.33171600010246,682.0961057944646,28.686690005225824,-672.2673872971277,111.75299250226482,-143.56871098116602,-13.692702326382854,144.22019577643246
1781480622.0,89040.0,2026-06-14T23:43:42+00:00,0.021183815555555558,-103.26217232923955,-621.8163592061028,265.15049001947045,683.82998118542,40.81572198459392,-676.0619392420723,94.3280144770202,-124.61150576245265,-31.268993241451508,128.47481195440494
1781480682.0,89100.0,2026-06-14T23:44:42+00:00,0.02187826,-99.61277501215227,-600.9721924657933,317.9704363103956,687.1648124214362,52.59136561439263,-680.8876397741354,76.29973588295061,-105.13409287427895,-48.629142543918476,115.83596587007963
1781480742.0,89160.0,2026-06-14T23:45:42+00:00,0.022572704444444446,-95.19585919869132,-577.3162485812791,369.57021786179394,692.0537901167453,63.88183624316622,-686.6806427423348,57.68235688776419,-85.20269557271452,-65.69417455264052,107.58821451724845
1781480802.0,89220.0,2026-06-14T23:46:42+00:00,0.02326714888888889,-89.95236385567114,-550.9562767664902,419.7578179491684,698.456063329014,74.57359023210181,-693.3961168258684,38.489962480686536,-64.89283826789764,-82.42047377674798,104.9009769070199
1781480862.0,89280.0,2026-06-14T23:47:42+00:00,0.023961593333333333,-83.84765213145874,-521.9992992868647,468.36598908063024,706.3146585987105,84.58255300951839,-700.9809959583832,18.757184836696077,-44.32129284556914,-98.81199776061703,108.29675849695079
1781480922.0,89340.0,2026-06-14T23:48:42+00:00,0.02465603777777778,-76.87757375836372,-490.54968571383506,515.2302194451913,715.5496730000336,93.83888524439061,-709.3683754215616,-1.4512402694070132,-23.660101530521025,-114.90192980994243,117.31263307284301
1781480982.0,89400.0,2026-06-14T23:49:42+00:00,0.025350482222222224,-69.04523848195095,-456.7230102531612,560.1728416252881,726.0556215237843,102.26557910371933,-718.4788542201205,-22.060211137085602,-3.1141775524088477,-130.7352692446532,130.77235459492152
1781481042.0,89460.0,2026-06-14T23:50:42+00:00,0.02604492666666667,-60.35077746107709,-420.6813115309924,603.0208866372705,737.7324528122591,109.76668933539929,-728.2524968059744,-42.99705502243704,17.088280657816554,-146.36526896197273,147.35942892855866
1781481102.0,89520.0,2026-06-14T23:51:42+00:00,0.02673937111111111,-50.81389664427843,-382.63204944785684,643.6713575329632,750.5345787271698,116.26441141843137,-738.6916726854203,-64.1821876217374,36.658176188245065,-161.90622558993846,166.00436068437617
1781481162.0,89580.0,2026-06-14T23:52:42+00:00,0.027433815555555557,-40.503762767417356,-342.72212394792587,682.1282090637833,764.4592223541168,121.78676018991884,-749.8360327856951,-85.50913179838858,55.16075152326252,-177.6429579810297,186.01002400102257
1781481222.0,89640.0,2026-06-14T23:53:42+00:00,0.028128260000000002,-29.51361838739831,-300.95892049651593,718.3793222629465,779.4332403430814,126.4518014984498,-761.6493819120467,-106.84726052880153,71.96439306066266,-194.01963459280162,206.93596225913421
1781481282.0,89700.0,2026-06-14T23:54:42+00:00,0.028822704444444444,-17.904179711360484,-257.29573039803654,752.2744069984183,795.2599801052595,130.35572382369432,-773.9789689564209,-128.07176440017514,86.23267616720268,-211.52683018813008,228.4287073211151
1781481342.0,89760.0,2026-06-14T23:55:42+00:00,0.02951714888888889,-5.664518058300018,-211.79126684181392,783.5499403765425,811.6884479524003,133.4795379508764,-786.63149572271,-149.10479343350738,96.8924873549939,-230.62621222138105,250.15316082236328
1781481402.0,89820.0,2026-06-14T23:56:42+00:00,0.030211593333333335,7.263865774148144,-164.62934154085815,811.985481267795,828.538475649655,135.7480092302577,-799.4840002028853,-169.9229738483546,102.4175475220504,-251.8312693599704,271.8608877126046
1781481462.0,89880.0,2026-06-14T23:57:42+00:00,0.03090603777777778,20.946099899127148,-116.01232453249395,837.4246372054331,845.6817495624865,137.11803063708334,-812.451358478889,-190.52311493119115,100.38664228326382,-275.71165236975514,293.4184609075725
1781481522.0,89940.0,2026-06-14T23:58:42+00:00,0.031600482222222226,35.44301476952387,-66.15616240818053,859.7358238745946,863.0055225627807,137.55921541835954,-825.4545326290836,-210.90473866047782,86.91966754815508,-302.5106615571665,314.7502644358481
1781481582.0,90000.0,2026-06-14T23:59:42+00:00,0.03229492666666667,50.80284723287332,-15.285349349491298,878.81619345746,880.4160795185209,137.05556910547358,-838.4258684788334,-231.06342661150677,289.81846283058894,-169.64071245339738,335.81648666970136
1781481642.0,90060.0,2026-06-15T00:00:42+00:00,0.03298937111111111,67.05572863461566,36.389031348749995,894.5757347834297,897.8231326984912,135.61992108193502,-851.2939158842089,-250.98263563998162,314.72875722683307,-167.66020504054484,356.6008061962064
1781481702.0,90120.0,2026-06-15T00:01:42+00:00,0.03368381555555556,84.20969305452672,88.6536685647443,906.9042487879633,915.1098632535796,133.2760640758871,-863.9597736594721,-270.62346917201916,339.2668913122574,-164.57462334863862,377.0766900658663
1781481762.0,90180.0,2026-06-15T00:02:42+00:00,0.03437826,102.23177115235012,141.2424260666594,915.6785812747839,932.1309039826667,130.01609004710113,-876.3086982122777,-289.90844059100925,363.3482361029063,-160.35627113178947,397.16001104137524
1781481822.0,90240.0,2026-06-15T00:03:42+00:00,0.03507270444444444,121.01556453600642,193.83229453209788,920.8135317355627,948.743002867935,125.79696681492379,-888.2522841342062,-308.7009691617387,386.8130526663952,-154.9273473118266,416.6855176967095
1781481882.0,90300.0,2026-06-15T00:04:42+00:00,0.03576714888888889,140.37689343022066,246.0959460567683,922.288330175681,964.8236371756972,120.57882457267958,-899.7459337238153,-326.8067512538137,409.42794277577474,-148.20758136824153,435.42706335347026
1781481942.0,90360.0,2026-06-15T00:05:42+00:00,0.036461593333333334,160.08095130173024,297.74601744208485,920.137242523022,980.2709558842187,114.35364555879755,-910.779690232002,-343.99817813248836,430.9159116592705,-140.1497421372536,453.13405648028584
1781482002.0,90420.0,2026-06-15T00:06:42+00:00,0.037156037777777776,179.87793819664512,348.5548755209893,914.4252562057227,994.9975492865447,107.15724772575702,-921.3608790949964,-360.0438554112073,-437.4883653887458,-170.57242255488472,469.56471458869106
1781482062.0,90480.0,2026-06-15T00:07:42+00:00,0.037850482222222225,199.52996654249728,398.3536128839478,905.2201523589902,1008.9208753331341,99.0700242495265,-931.4959308614707,-374.72896040564876,-462.8197783655404,-143.3270366256513,484.5046817877189
1781482122.0,90540.0,2026-06-15T00:08:42+00:00,0.038544926666666667,218.8230281312717,447.0115627711639,892.572967372369,1021.9536961015277,90.204599944765,-941.177329515998,-387.86301902799795,-482.0306985667024,-124.17409017848115,497.7678163886821
1781482182.0,90600.0,2026-06-15T00:09:42+00:00,0.039239371111111115,237.57126340828836,494.4121434967965,876.5106510594487,1033.9992235273517,80.69192961179202,-950.3769557371947,-399.2829181850803,-496.9014491011392,-111.20760556575806,509.1936583015162
1781482242.0,90660.0,2026-06-15T00:10:42+00:00,0.03993381555555556,255.61958527646493,540.431212306954,857.0465676840395,1044.9574569289741,70.66531989576097,-959.0503482042163,-408.858079246173,-508.33794890343745,-102.9087536653656,518.6498644329455
1781482302.0,90720.0,2026-06-15T00:11:42+00:00,0.04062826,272.8436751526315,584.9292797371745,834.1906347307377,1054.732169053886,60.255562716906084,-967.141592864198,-416.49292305018366,-516.8009032504423,-98.13779124363228,526.036310220741
1781482362.0,90780.0,2026-06-15T00:12:42+00:00,0.04132270444444445,289.1460862569511,627.7462382279336,807.9589855913073,1063.2349322726225,49.58618023781898,-974.587048119641,-422.12535765058595,-522.5302132562957,-96.05011413469175,531.2847148102015
1781482422.0,90840.0,2026-06-15T00:13:42+00:00,0.04201714888888889,304.4508635981474,668.7022987771779,778.3862848673016,1070.3916578547592,38.76986059805148,-981.3226742753907,-425.7240985277467,-525.6599128075684,-96.01733275352248,534.3572513983141
1781482482.0,90900.0,2026-06-15T00:14:42+00:00,0.04271159333333333,318.6942061020527,707.60441410169,745.5277415411547,1076.1420060877972,27.912089906946875,-987.2863915086018,-427.2799008210178,-526.2720585210194,-97.55879218950044,535.2382623780043
1781482542.0,90960.0,2026-06-15T00:15:42+00:00,0.04340603777777778,331.8101204505656,744.249416760169,709.4543738029897,1080.4307746864038,17.115169772132404,-992.4149953709392,-426.7905889497012,-524.4132989044714,-100.29003789731304,533.9170345374971
1781482602.0,91020.0,2026-06-15T00:16:42+00:00,0.04410048222222222,343.725181523012,778.4187238020822,670.249838876538,1083.1978381130177,6.477904943629436,-996.6357312208714,-424.2555980704263,-520.1061632585211,-103.89377288601469,530.3813129287175
1781482662.0,91080.0,2026-06-15T00:17:42+00:00,0.044794926666666665,354.36411963030696,809.8639497892,628.0271782102063,1084.3761722853378,-3.9213547676170606,-999.8603505461759,-419.6851026694481,-513.3664484783353,-108.1238566051748,524.6292774811902
1781482722.0,91140.0,2026-06-15T00:18:42+00:00,0.045489371111111114,363.65231090411544,838.3198870522901,582.9672049507499,1083.916047626087,-14.044608159488682,-1002.0070129475135,-413.10857324316754,-504.21676361492575,-112.81785437958517,516.6840552766489
1781482782.0,91200.0,2026-06-15T00:19:42+00:00,0.046183815555555556,371.51229524612427,863.5483528370969,535.3179279873148,1081.8051706436509,-23.87653452660183,-1003.0237114917354,-404.56862522405606,-492.6888492059201,-117.86371931902084,506.5907208620849
1781482842.0,91260.0,2026-06-15T00:20:42+00:00,0.04687826,377.86487000924535,885.3620802275836,485.3622651062906,1078.0651193138228,-33.39697694210013,-1002.8873729328594,-394.11414669367537,-478.8234094638846,-123.15722880579713,494.4082932736286
1781482902.0,91320.0,2026-06-15T00:21:42+00:00,0.04757270444444445,382.6362254996784,903.6231666421518,433.3813128583133,1072.7369997775904,-42.55833713199729,-1001.5898250665465,-381.80005363481774,-462.6744853655991,-128.56891509070437,480.20583642425953
1781482962.0,91380.0,2026-06-15T00:22:42+00:00,0.04826714888888889,385.75457836012356,918.2013520989567,379.64281634707004,1065.8466051576484,-51.294130490733906,-999.1028087268429,-367.6839342389292,-444.302959270928,-133.95012344501993,464.05576732526447
1781483022.0,91440.0,2026-06-15T00:23:42+00:00,0.04896159333333334,387.14593374938704,928.958728721831,324.45480029750615,1057.4106161389054,-59.5698246207813,-995.3811304433765,-351.8309995938039,-423.77326265260416,-139.19409936878975,446.0479519494754
1781483082.0,91500.0,2026-06-15T00:24:42+00:00,0.04965603777777778,386.7420353710186,935.7930793107953,268.1738546239212,1047.4709091486743,-67.3782051847141,-990.3969191810213,-334.31934651703745,-401.1622116756697,-144.22926161867102,426.30177103031355
1781483142.0,91560.0,2026-06-15T00:25:42+00:00,0.05035048222222222,384.47352623031475,938.6346882930957,211.18832245003432,1036.0769652773433,-74.73096961152677,-984.1244833944961,-315.2296961625696,-376.5485197860462,-149.00532184217073,404.95848390958713
1781483202.0,91620.0,2026-06-15T00:26:42+00:00,0.05104492666666667,380.2636841350468,937.4629983117775,153.9315276229754,1023.2948049667843,-81.67558946568788,-976.5498704071,-294.6382639191953,-350.00104606521785,-153.51170477547876,382.1865719119662
1781483262.0,91680.0,2026-06-15T00:27:42+00:00,0.05173937111111111,374.0458851807052,932.350747516728,96.8638258986175,1009.2427068764661,-88.28393619876368,-967.7048006013313,-272.6246630180885,-321.59035331516924,-157.76383088849934,358.20354783557127
1781483322.0,91740.0,2026-06-15T00:28:42+00:00,0.052433815555555555,365.7872380617773,923.4623353865463,40.41002339310944,994.0905182110275,-94.60651853955116,-957.665628278547,-249.2831912920526,-291.4100600355039,-161.74737262834822,333.2897172762306
1781483382.0,91800.0,2026-06-15T00:29:42+00:00,0.053128260000000004,355.48527654167265,911.0233078035526,-15.071335160173476,978.0390556326196,-100.65788429454298,-946.5363855209057,-224.71594415419642,-259.5703071523519,-165.3979521131306,307.7876328223468
1781483442.0,91860.0,2026-06-15T00:30:42+00:00,0.053822704444444446,343.16234762617387,895.2807121116202,-69.317193784751,961.2974688729756,-106.39368509377756,-934.431244990439,-199.026269169107,-226.19401045261947,-168.57066681105152,282.09891895177884
1781483502.0,91920.0,2026-06-15T00:31:42+00:00,0.05451714888888889,328.8503705319017,876.4354528877884,-122.14167414605618,944.0340342597788,-111.71638112499258,-921.4266779158057,-172.3153656937502,-191.41307616726442,-171.04548463070512,256.7012340063206
1781483562.0,91980.0,2026-06-15T00:32:42+00:00,0.055211593333333336,312.56908938323613,854.6280254577287,-173.34056809730828,926.3560061250422,-116.54961843963117,-907.5349626715097,-144.6787062920361,-155.3519084027564,-172.6170061887317,232.23015796820846
1781483622.0,92040.0,2026-06-15T00:33:42+00:00,0.05590603777777778,294.34774298005505,830.0132172727026,-222.64657215494663,908.3688847253537,-120.8850690297491,-892.7557078721734,-116.22425256593566,-118.14110963878403,-173.15361160397654,209.61749687987393
1781483682.0,92100.0,2026-06-15T00:34:42+00:00,0.05660048222222222,274.2582123412867,802.8077930025756,-269.777093982324,890.223342751611,-124.75419646262974,-877.12564856512,-87.08953481351017,-79.94289884350232,-172.56358285040713,190.18164265162864
1781483742.0,92160.0,2026-06-15T00:35:42+00:00,0.05729492666666667,252.41299062233884,773.2690895502456,-314.4901295499876,872.1017396342852,-128.18181228173427,-860.7161806882624,-57.432774395177255,-40.94925377118483,-170.73335427891286,175.57539590656108
1781483802.0,92220.0,2026-06-15T00:36:42+00:00,0.05798937111111111,228.9426354962925,741.6630223612301,-356.5945271663368,854.1887530815223,-131.17332954958175,-843.6115740425385,-27.413420934163163,-1.3621092058792734,-167.50350096100613,167.50903908649983
1781483862.0,92280.0,2026-06-15T00:37:42+00:00,0.05868381555555555,203.98032149234496,708.2499499088153,-395.9337166836485,836.6537342944735,-133.72504108974294,-825.8929362221407,2.8182251161322585,38.61897211403378,-162.67210598838702,167.19341815347138
1781483922.0,92340.0,2026-06-15T00:38:42+00:00,0.05937826,177.66001811027672,673.2842637281865,-432.3777994206175,819.6495246449947,-135.82985237090338,-807.637646932568,33.1213784871522,78.79469937638204,-155.99112320552368,174.76222466178234
1781483982.0,92400.0,2026-06-15T00:39:42+00:00,0.060072704444444444,150.1199919473147,637.0146599737927,-465.8169561419636,803.3113503699252,-137.4816232411025,-788.9191434638016,63.36019239621852,118.95562207349272,-147.1575956608881,189.22420031165427
1781484042.0,92460.0,2026-06-15T00:40:42+00:00,0.06076714888888889,121.50542283867253,599.6923355013132,-496.1580745531246,787.7609408840274,-138.68288826105405,-769.8119256247579,93.40211802717505,158.87300500258186,-135.8014108940313,209.00395909972596
1781484102.0,92520.0,2026-06-15T00:41:42+00:00,0.061461593333333335,91.97060403280193,561.5755589129403,-523.3356191916391,773.1143968968862,-139.4428446557177,-750.4021321816441,123.11865732211308,198.28345528963135,-121.44996639471495,232.52187634472725
1781484162.0,92580.0,2026-06-15T00:42:42+00:00,0.06215603777777778,61.675925506220665,522.9210769711062,-547.3217259026133,759.481036084961,-139.76895287465342,-730.7898575535257,152.38854314516675,236.86096040049134,-103.46825411391062,258.4739719415166
1781484222.0,92640.0,2026-06-15T00:43:42+00:00,0.06285048222222223,30.78377886652015,483.9661245662719,-568.1286169341765,746.9544672525491,-139.65550200822952,-711.0841418547734,181.09848179934824,274.1582404648766,-80.97226791594775,285.8657884152091
1781484282.0,92700.0,2026-06-15T00:44:42+00:00,0.06354492666666667,-0.5418180257547647,444.9080202281475,-585.7911942466162,735.5914377471911,-139.0772009655086,-691.3859754221138,209.13566995658917,309.4892017998291,-52.718503881267196,313.9471399490279
1781484342.0,92760.0,2026-06-15T00:45:42+00:00,0.06423937111111111,-32.1334086060524,405.9112300015986,-600.3358266986907,725.3961589421704,-138.0060664163185,-671.7723174399663,236.38076605698384,341.72595288377414,-16.97883470239179,342.1474940755442
1781484402.0,92820.0,2026-06-15T00:46:42+00:00,0.06493381555555555,-63.81836594711058,367.1394771663472,-611.7756722653285,716.3334786967818,-136.43528842960458,-652.3050289125949,262.71127503078714,368.9250578482673,28.618040634064517,370.0333641147515
1781484462.0,92880.0,2026-06-15T00:47:42+00:00,0.06562826000000001,-95.42010071128607,328.7653099587187,-620.133833123371,708.3484987181729,-134.37650748988716,-633.0493279646487,288.00885096575803,387.5749964678555,87.22225697964367,397.2682972497065
1781484522.0,92940.0,2026-06-15T00:48:42+00:00,0.06632270444444445,-126.76656184112653,290.96035784110427,-625.4514895509928,701.3681321656975,-131.84860283874394,-614.0725973296061,312.16669898620194,344.98112346908374,-245.79093528112378,423.5860708478984
1781484582.0,93000.0,2026-06-15T00:49:42+00:00,0.06701714888888889,-157.6958529211115,253.8954307306558,-627.7915805204539,695.3079464142428,-128.87813010142509,-595.4449098763357,335.0954001933095,374.15819039586927,-247.80951204804794,448.78046492890394
1781484642.0,93060.0,2026-06-15T00:50:42+00:00,0.06771159333333333,-188.061960327439,217.72905597742647,-627.2463291134918,690.0805750963951,-125.48888790778749,-577.2430192683827,356.7271167754979,401.6797288491434,-249.1857675120592,472.69456449053376
1781484702.0,93120.0,2026-06-15T00:51:42+00:00,0.06840603777777778,-217.74171032500453,182.5978383962065,-623.9258114797703,685.5923287442147,-121.69549176773145,-559.539942448775,377.01737535655667,427.46971347272245,-250.01395660420079,495.2144327797188
1781484762.0,93180.0,2026-06-15T00:52:42+00:00,0.06910048222222222,-246.63043225067668,148.62163934577256,-617.9456812563003,681.7417595961784,-117.5098242623914,-542.397984045518,395.9390039923746,451.4731912228405,-250.39439686838563,516.2609770029284
1781484822.0,93240.0,2026-06-15T00:53:42+00:00,0.06979492666666667,-274.63208652473986,115.90789443068206,-609.4235661909916,678.4205966575839,-112.94550072813334,-525.8691627575938,413.4724216862967,473.6427917295768,-250.43753390669767,535.7764949553643
1781484882.0,93300.0,2026-06-15T00:54:42+00:00,0.07048937111111112,-301.65177432331257,84.55547110456973,-598.477675621165,675.5138406154464,-108.02142750310854,-509.99543603100574,429.5986211462577,493.9285405356948,-250.26781302397322,553.7141693974644
1781484942.0,93360.0,2026-06-15T00:55:42+00:00,0.07118381555555556,-327.5889982958324,54.65979329030961,-585.2307753004134,672.902151256577,-102.7675781881528,-494.8117796343927,444.29430873478026,512.2693074940139,-250.0309609719629,570.0309858638913
1781485002.0,93420.0,2026-06-15T00:56:42+00:00,0.07187826,-352.3326952783391,26.313818492926657,-569.8203949113376,670.4670220545455,-97.22962613738582,-480.3535485195113,457.52912026294916,-403.21106547822916,423.40847513067075,584.6827345976351
1781485062.0,93480.0,2026-06-15T00:57:42+00:00,0.07257270444444444,-375.76053306111135,-0.4034405890852213,-552.4082437823527,668.095059680419,-91.46436616558739,-466.6654446850967,469.2639355716258,-455.1592030804483,387.2693575919435,597.6181518984388
1781485122.0,93540.0,2026-06-15T00:58:42+00:00,0.07326714888888888,-397.7409844058566,-25.444520412944257,-533.1780573036522,665.6757131556485,-85.52872286518553,-453.80461530920377,479.4479781732289,-495.1127906086275,354.2113906664236,608.7712088314496
