case_name,time_s,thermal_los_x_urad,thermal_los_y_urad,thermal_los_norm_urad,nonthermal_error_x_urad,nonthermal_error_y_urad,nonthermal_error_norm_urad,thermal_plus_nonthermal_error_x_urad,thermal_plus_nonthermal_error_y_urad,thermal_plus_nonthermal_error_norm_urad,thermal_plus_nonthermal_no_correction_success,thermal_plus_nonthermal_no_correction_acquisition_time_s,thermal_plus_nonthermal_no_correction_residual_x_urad,thermal_plus_nonthermal_no_correction_residual_y_urad,thermal_plus_nonthermal_no_correction_residual_norm_urad,thermal_plus_nonthermal_no_correction_pointing_error_x_urad,thermal_plus_nonthermal_no_correction_pointing_error_y_urad,thermal_plus_nonthermal_no_correction_pointing_error_norm_urad,thermal_plus_nonthermal_no_correction_thermal_residual_norm_urad,thermal_plus_nonthermal_no_correction_scan_index,sunface_correction_success,sunface_correction_acquisition_time_s,sunface_correction_residual_x_urad,sunface_correction_residual_y_urad,sunface_correction_residual_norm_urad,sunface_correction_pointing_error_x_urad,sunface_correction_pointing_error_y_urad,sunface_correction_pointing_error_norm_urad,sunface_correction_thermal_residual_norm_urad,sunface_correction_scan_index,sunface_correction_with_nonthermal_success,sunface_correction_with_nonthermal_acquisition_time_s,sunface_correction_with_nonthermal_residual_x_urad,sunface_correction_with_nonthermal_residual_y_urad,sunface_correction_with_nonthermal_residual_norm_urad,sunface_correction_with_nonthermal_pointing_error_x_urad,sunface_correction_with_nonthermal_pointing_error_y_urad,sunface_correction_with_nonthermal_pointing_error_norm_urad,sunface_correction_with_nonthermal_thermal_residual_norm_urad,sunface_correction_with_nonthermal_scan_index
09_LTAN06_800km_1213COLD_MX_ALL_HEAT_MX_0p5,0.0,660.245175064845,-703.6262566782626,964.8904602510443,80.65157295243104,-134.04046670959423,156.43376533033762,740.896748017276,-837.6667233878568,1118.3083343577134,1.0,176.10000000000002,20.896748017275968,2.3332766121432087,21.026608320085806,740.896748017276,-837.6667233878568,1118.3083343577134,964.8904602510443,1760.0,1.0,0.1,-1.9003156082860642,0.6812290486850543,2.018730399995992,-1.9003156082860642,0.6812290486850543,2.018730399995992,2.018730399995992,0.0,1.0,3.7,-1.2487426558550396,-13.359237660909116,13.417473275591211,78.75125734414496,-133.35923766090912,154.875584915062,2.018730399995992,36.0
09_LTAN06_800km_1213COLD_MX_ALL_HEAT_MX_0p5,60.5,668.2998475652249,-703.985932075643,970.6806265791621,-16.620587027410522,-8.707597327728628,18.763426242496163,651.6792605378143,-712.6935294033716,965.7214533541993,1.0,129.5,11.679260537814343,7.306470596628401,13.77641605387783,651.6792605378143,-712.6935294033716,965.7214533541993,970.6806265791621,1294.0,1.0,0.1,-1.9378515895926967,0.32155365130472546,1.9643486284146057,-1.9378515895926967,0.32155365130472546,1.9643486284146057,1.9643486284146057,0.0,1.0,0.1,-18.558438617003276,-8.386043676423924,20.365200034469787,-18.558438617003276,-8.386043676423924,20.365200034469787,1.9643486284146057,0.0
09_LTAN06_800km_1213COLD_MX_ALL_HEAT_MX_0p5,121.0,676.1701033338511,-704.4924805998252,976.4812665198477,-5.437648710339239,-179.73832726128032,179.82056142215816,670.7324546235119,-884.2308078611055,1109.8405954262012,1.0,192.9,-9.267545376488101,-4.230807861105518,10.18759699158041,670.7324546235119,-884.2308078611055,1109.8405954262012,976.4812665198477,1928.0,1.0,0.1,-1.9854056900459227,-0.18499487287749616,1.9940057314505613,-1.9854056900459227,-0.18499487287749616,1.9940057314505613,1.9940057314505613,0.0,1.0,5.9,-7.423054400385126,-19.923322134157843,21.261244119112614,-7.423054400385126,-179.92332213415784,180.07638263920956,1.9940057314505613,58.0
09_LTAN06_800km_1213COLD_MX_ALL_HEAT_MX_0p5,181.5,683.8393679384341,-705.1456547196311,982.2762724979232,48.55902747242781,-122.67974262808325,131.94051083863798,732.3983954108619,-827.8253973477143,1105.3064272383049,1.0,176.10000000000002,12.398395410861895,12.174602652285671,17.376454140736612,732.3983954108619,-827.8253973477143,1105.3064272383049,982.2762724979232,1760.0,1.0,0.1,-2.038268230163567,-0.8381689926834497,2.203874914415541,-2.038268230163567,-0.8381689926834497,2.203874914415541,2.203874914415541,0.0,1.0,3.5,6.520759242264262,-3.517911620766654,7.409183711253208,46.52075924226426,-123.51791162076665,131.98808859754064,2.203874914415541,34.0
09_LTAN06_800km_1213COLD_MX_ALL_HEAT_MX_0p5,242.0,691.3187378767838,-705.9045555903259,988.0398974447969,6.245069807515332,-132.20784520840235,132.3552614426401,697.563807684299,-838.1124007987282,1090.4254500714965,1.0,175.9,17.563807684299036,1.8875992012717688,17.6649475265477,697.563807684299,-838.1124007987282,1090.4254500714965,988.0398974447969,1758.0,1.0,0.1,-2.08220834944359,-1.5970698633782376,2.6241615344722176,-2.08220834944359,-1.5970698633782376,2.6241615344722176,2.6241615344722176,0.0,1.0,3.3000000000000003,4.1628614580716885,-13.804915071780556,14.418914510398233,4.1628614580716885,-133.80491507178056,133.869655683749,2.6241615344722176,32.0
09_LTAN06_800km_1213COLD_MX_ALL_HEAT_MX_0p5,302.5,698.6114365655693,-706.7528703223155,993.7593063760662,-103.97060855841016,-216.22555255515883,239.9236899970278,594.6408280071591,-922.9784228774744,1097.9466669335218,1.0,210.3,-5.3591719928408565,-2.9784228774743724,6.1312092841390236,594.6408280071591,-922.9784228774744,1097.9466669335218,993.7593063760662,2102.0,1.0,0.1,-2.113167932130409,-2.445384595367841,3.231932011761177,-2.113167932130409,-2.445384595367841,3.231932011761177,3.231932011761177,0.0,1.0,8.700000000000001,13.916223509459428,-18.670937150526697,23.28658778877123,-106.08377649054057,-218.6709371505267,243.0447415369947,3.231932011761177,86.0
09_LTAN06_800km_1213COLD_MX_ALL_HEAT_MX_0p5,363.0,705.7164016134083,-707.6886417712711,999.4292637291766,10.333241754316216,-211.78240039961833,212.0343392098964,716.0496433677245,-919.4710421708894,1165.3986824936205,1.0,210.9,-3.9503566322755432,0.5289578291105954,3.985613366489625,716.0496433677245,-919.4710421708894,1165.3986824936205,999.4292637291766,2108.0,1.0,0.1,-2.1264442435716546,-3.381156044323461,3.994243522506371,-2.1264442435716546,-3.381156044323461,3.994243522506371,3.994243522506371,0.0,1.0,9.3,8.206797510744536,-15.16355644394173,17.241953758520797,8.206797510744536,-215.16355644394173,215.32001195194948,3.994243522506371,92.0
09_LTAN06_800km_1213COLD_MX_ALL_HEAT_MX_0p5,423.5,712.6442041971476,-708.67293702556,1005.0269118029721,-45.10714405853882,-173.22281021288163,178.99943134872183,667.5370601386088,-881.8957472384417,1106.0496533409998,1.0,192.9,-12.462939861391192,-1.895747238441686,12.606297139950048,667.5370601386088,-881.8957472384417,1106.0496533409998,1005.0269118029721,1928.0,1.0,0.1,-2.1474298194045787,-4.365451298612356,4.86504058254649,-2.1474298194045787,-4.365451298612356,4.86504058254649,4.86504058254649,0.0,1.0,5.7,-7.254573877943358,-17.58826151149401,19.025661227595737,-47.25457387794336,-177.588261511494,183.7677484736122,4.86504058254649,56.0
09_LTAN06_800km_1213COLD_MX_ALL_HEAT_MX_0p5,484.0,719.3991517027385,-709.7032313089238,1010.5512436294102,-75.4610808906925,-193.0114178056364,207.23846682634374,643.938070812046,-902.7146491145602,1108.8507459379568,1.0,192.70000000000002,3.9380708120460213,-22.71464911456019,23.053496179935024,643.938070812046,-902.7146491145602,1108.8507459379568,1010.5512436294102,1926.0,1.0,0.1,-2.171777703125713,-5.3957455819761435,5.8164154577548075,-2.171777703125713,-5.3957455819761435,5.8164154577548075,5.8164154577548075,0.0,1.0,8.9,2.3671414061817586,1.5928366123874866,2.853153853303778,-77.63285859381824,-198.4071633876125,213.05460149212112,5.8164154577548075,88.0
09_LTAN06_800km_1213COLD_MX_ALL_HEAT_MX_0p5,544.5,725.9869705095823,-710.7720956566487,1015.9990419846986,-11.693760087425098,-209.59292868795848,209.9188885759876,714.2932104221572,-920.3650243446073,1165.0264239458443,1.0,210.9,-5.7067895778427555,-0.36502434460726363,5.718451718597496,714.2932104221572,-920.3650243446073,1165.0264239458443,1015.9990419846986,2108.0,1.0,0.1,-2.184826289280295,-6.464609929701055,6.823829383675986,-2.184826289280295,-6.464609929701055,6.823829383675986,6.823829383675986,0.0,1.0,9.3,-13.878586376705357,-16.05753861765959,21.22403605050888,-13.878586376705357,-216.0575386176596,216.50282943494557,6.823829383675986,92.0
09_LTAN06_800km_1213COLD_MX_ALL_HEAT_MX_0p5,605.0,732.417753030068,-711.844488338028,1021.3512326965894,-4.393672309163822,-341.70019054566706,341.7284368841807,728.0240807209042,-1053.544678883695,1280.6152632674912,1.0,269.1,8.02408072090418,-13.544678883695042,15.743068235830032,728.0240807209042,-1053.544678883695,1280.6152632674912,1021.3512326965894,2690.0,1.0,0.1,-2.1637836319684993,-7.537002611080311,7.841451904169674,-2.1637836319684993,-7.537002611080311,7.841451904169674,7.841451904169674,0.0,1.0,30.900000000000002,-6.557455941132275,10.762806843252633,12.6031043622219,-6.557455941132275,-349.23719315674737,349.2987508028381,7.841451904169674,308.0
09_LTAN06_800km_1213COLD_MX_ALL_HEAT_MX_0p5,665.5,738.6965631977272,-712.9190706930447,1026.6090852110983,74.07573420866672,-239.817021031717,250.996848536152,812.7722974063939,-952.7360917247616,1252.3197945837321,1.0,229.9,12.772297406393932,7.26390827523835,14.693397989180493,812.7722974063939,-952.7360917247616,1252.3197945837321,1026.6090852110983,2298.0,1.0,0.1,-2.1123488424914285,-8.611584966096984,8.866871672731172,-2.1123488424914285,-8.611584966096984,8.866871672731172,8.866871672731172,0.0,1.0,13.9,-8.036614633824684,-8.428605997813975,11.645968136612376,71.96338536617532,-248.42860599781397,258.6416461271807,8.866871672731172,138.0
09_LTAN06_800km_1213COLD_MX_ALL_HEAT_MX_0p5,726.0,744.8211595932618,-713.9790211336341,1031.7580154264824,-93.57498567369348,-291.034334974966,305.7078050658057,651.2461739195683,-1005.0133561086001,1197.569799636559,1.0,248.5,11.246173919568264,-5.013356108600078,12.313008052495341,651.2461739195683,-1005.0133561086001,1197.569799636559,1031.7580154264824,2484.0,1.0,0.1,-2.0456949174475767,-9.671535406686417,9.885517933728098,-2.0456949174475767,-9.671535406686417,9.885517933728098,9.885517933728098,0.0,1.0,23.900000000000002,-15.620680591141081,19.294129618347597,24.82476787122187,-95.62068059114108,-300.7058703816524,315.5429210720788,9.885517933728098,238.0
09_LTAN06_800km_1213COLD_MX_ALL_HEAT_MX_0p5,786.5,750.7853935253113,-714.9991362681843,1036.7750344193316,-57.852177361711774,-218.77463686677095,226.29453409589559,692.9332161635995,-933.7737731349553,1162.7940064592356,1.0,210.70000000000002,12.933216163599468,-13.773773134955263,18.894044212597944,692.9332161635995,-933.7737731349553,1162.7940064592356,1036.7750344193316,2106.0,1.0,0.1,-1.9871692499843903,-10.69165054123664,10.874752085634379,-1.9871692499843903,-10.69165054123664,10.874752085634379,10.874752085634379,0.0,1.0,13.100000000000001,20.160653388303786,10.533712591992412,22.746671097416087,-59.839346611696214,-229.4662874080076,237.1403054306228,10.874752085634379,130.0
09_LTAN06_800km_1213COLD_MX_ALL_HEAT_MX_0p5,847.0,756.5960535222084,-715.98007814507,1041.6645623740885,20.397170185290065,-321.42751667255595,322.07404897919656,776.9932237074985,-1037.407594817626,1296.1222887801375,1.0,269.3,16.993223707498487,2.592405182374023,17.189828870663266,776.9932237074985,-1037.407594817626,1296.1222887801375,1041.6645623740885,2692.0,1.0,0.1,-1.9279071505798129,-11.672592418122349,11.83073284885024,-1.9279071505798129,-11.672592418122349,11.83073284885024,11.83073284885024,0.0,1.0,24.3,18.469263034710252,-13.100109090678302,22.643465618870863,18.469263034710252,-333.1001090906783,333.61174492704407,11.83073284885024,242.0
09_LTAN06_800km_1213COLD_MX_ALL_HEAT_MX_0p5,907.5,762.2555263220854,-716.9034092403512,1046.4148248132753,-1.56746566472291,-363.1797931874559,363.1831757230686,760.6880606573625,-1080.083202427807,1321.070039700154,1.0,290.3,0.6880606573624846,-0.08320242780700937,0.6930729486879971,760.6880606573625,-1080.083202427807,1321.070039700154,1046.4148248132753,2902.0,1.0,0.1,-1.8562729111215504,-12.595923513403477,12.731969143697855,-1.8562729111215504,-12.595923513403477,12.731969143697855,12.731969143697855,0.0,1.0,30.900000000000002,-3.4237385758444816,-15.775716700859334,16.14296203493949,-3.4237385758444816,-375.77571670085933,375.7913134279187,12.731969143697855,308.0
09_LTAN06_800km_1213COLD_MX_ALL_HEAT_MX_0p5,968.0,767.7673263288741,-717.7592195656846,1051.0209154197305,83.94484358136376,-330.86857922817296,341.35136367732497,851.7121699102379,-1048.6277987938574,1350.9381483903906,1.0,269.7,11.71216991023789,-8.627798793857437,14.546952809216426,851.7121699102379,-1048.6277987938574,1350.9381483903906,1051.0209154197305,2696.0,1.0,0.1,-1.7717488928169587,-13.451733838736914,13.567912050401043,-1.7717488928169587,-13.451733838736914,13.567912050401043,13.567912050401043,0.0,1.0,24.700000000000003,2.1730946885468256,-24.320313066909762,24.417206396266796,82.17309468854683,-344.32031306690976,353.98996522668216,13.567912050401043,246.0
09_LTAN06_800km_1213COLD_MX_ALL_HEAT_MX_0p5,1028.5,773.1370632790208,-718.5506378060148,1055.488482981761,-78.35560553388522,-260.7383966073495,272.25743770180696,694.7814577451356,-979.2890344133643,1200.719903619789,1.0,229.3,14.78145774513564,-19.289034413364334,24.301406166540733,694.7814577451356,-979.2890344133643,1200.719903619789,1055.488482981761,2292.0,1.0,0.1,-1.6840487697260187,-14.243152079067158,14.34236387093323,-1.6840487697260187,-14.243152079067158,14.34236387093323,14.34236387093323,0.0,1.0,18.1,-0.0396543036112007,5.018451313583341,5.0186079793705,-80.0396543036112,-274.98154868641666,286.3934328489774,14.34236387093323,180.0
09_LTAN06_800km_1213COLD_MX_ALL_HEAT_MX_0p5,1089.0,729.0801048871331,-719.648807235801,1024.42774518174,122.64023893500608,-365.8874004698993,385.89405026335385,851.7203438221392,-1085.5362077057002,1379.7885353635086,1.0,290.7,11.72034382213917,-5.536207705700235,12.962100719783445,851.7203438221392,-1085.5362077057002,1379.7885353635086,1024.42774518174,2906.0,1.0,0.1,-1.5533378904880237,-15.341321508853298,15.419760187500668,-1.5533378904880237,-15.341321508853298,15.419760187500668,15.419760187500668,0.0,1.0,31.5,1.086901044518072,-21.22872197875256,21.256528190928698,121.08690104451807,-381.22872197875256,399.99672006919997,15.419760187500668,314.0
09_LTAN06_800km_1213COLD_MX_ALL_HEAT_MX_0p5,1149.5,686.5748308178427,-720.7063226355792,995.3906779749592,75.76113251959616,-327.9443535506885,336.5817110694382,762.3359633374388,-1048.6506761862677,1296.4661050962873,1.0,269.3,2.335963337438784,-8.650676186267674,8.960520252391419,762.3359633374388,-1048.6506761862677,1296.4661050962873,995.3906779749592,2692.0,1.0,0.1,-1.033078467294672,-16.39883690863155,16.431345138955738,-1.033078467294672,-16.39883690863155,16.431345138955738,16.431345138955738,0.0,1.0,24.700000000000003,-5.271945947698555,-24.34319045932,24.907515649180738,74.72805405230145,-344.34319045932,352.3585033430401,16.431345138955738,246.0
09_LTAN06_800km_1213COLD_MX_ALL_HEAT_MX_0p5,1210.0,645.6844540941277,-721.6835452885813,968.3674683709318,75.19839626186278,-398.417290218071,405.4517677172795,720.8828503559904,-1120.1008355066524,1332.0277645905426,1.0,311.90000000000003,0.8828503559903993,-0.10083550665240182,0.8885902039040389,720.8828503559904,-1120.1008355066524,1332.0277645905426,968.3674683709318,3118.0,1.0,0.1,-0.45534800752614046,-17.37605956163361,17.38202484457426,-0.45534800752614046,-17.37605956163361,17.38202484457426,17.38202484457426,0.0,1.0,38.7,-5.2569517456634,-15.793349779704727,16.645282782828676,74.7430482543366,-415.7933497797047,422.4578475817179,17.38202484457426,386.0
09_LTAN06_800km_1213COLD_MX_ALL_HEAT_MX_0p5,1270.5,606.4023383549189,-722.5377151912344,943.2839158154255,108.97837089741036,-483.72147013505656,495.8454860065522,715.3807092523293,-1206.259185326291,1402.4374429379775,1.0,357.90000000000003,-4.619290747670675,-6.25918532629089,7.779154707316927,715.3807092523293,-1206.259185326291,1402.4374429379775,943.2839158154255,3578.0,1.0,0.1,0.12204439631204878,-18.230229464286708,18.230637979928687,0.12204439631204878,-18.230229464286708,18.230637979928687,18.230637979928687,0.0,1.0,56.1,-10.899584706277551,-21.951699599343215,24.508734403659535,109.10041529372245,-501.9516995993432,513.6714994507015,18.230637979928687,560.0
09_LTAN06_800km_1213COLD_MX_ALL_HEAT_MX_0p5,1331.0,568.7223719151891,-723.259831964265,920.0814751150115,152.7301799563316,-385.05698138348254,414.2407352997204,721.4525518715207,-1108.3168133477475,1322.444684420197,1.0,311.90000000000003,1.4525518715206545,11.683186652252516,11.773137104902393,721.4525518715207,-1108.3168133477475,1322.444684420197,920.0814751150115,3118.0,1.0,0.1,0.6822167243805097,-18.95234623731733,18.96462094422614,0.6822167243805097,-18.95234623731733,18.96462094422614,18.96462094422614,0.0,1.0,39.1,-6.58760331928795,-4.009327620799809,7.7117589085241685,153.41239668071205,-404.0093276207998,432.15610635501946,18.96462094422614,390.0
09_LTAN06_800km_1213COLD_MX_ALL_HEAT_MX_0p5,1391.5,532.6094339288086,-723.8406587275823,898.6757526144489,134.88652553596464,-208.55684947214218,248.37538974888434,667.4959594647733,-932.3975081997245,1146.6978543621915,1.0,210.70000000000002,-12.50404053522675,-12.397508199724484,17.60821510741022,667.4959594647733,-932.3975081997245,1146.6978543621915,898.6757526144489,2106.0,1.0,0.1,1.1845431740881622,-19.533173000634633,19.569056952341896,1.1845431740881622,-19.533173000634633,19.569056952341896,19.569056952341896,0.0,1.0,14.100000000000001,16.071068710052828,11.909977527223191,20.003170103316137,136.07106871005283,-228.0900224727768,265.59441652927825,19.569056952341896,140.0
09_LTAN06_800km_1213COLD_MX_ALL_HEAT_MX_0p5,1452.0,498.0016208088202,-724.265585306192,878.9574804204881,146.8700953126528,-303.50514180582894,337.1738364697416,644.871716121473,-1027.770727112021,1213.3310338740314,1.0,268.7,4.871716121473014,12.22927288797905,13.163917856659527,644.871716121473,-1027.770727112021,1213.3310338740314,878.9574804204881,2686.0,1.0,0.1,1.6265017409575648,-19.958099579244276,20.02426644669833,1.6265017409575648,-19.958099579244276,20.02426644669833,20.02426644669833,0.0,1.0,25.1,-11.503402946389599,-3.4632413850732746,12.013422503112473,148.4965970536104,-323.4632413850733,355.92092922985086,20.02426644669833,250.0
09_LTAN06_800km_1213COLD_MX_ALL_HEAT_MX_0p5,1512.5,464.85310870820825,-724.5368709123594,860.8380161140411,63.805197858271455,-245.50172786485396,253.6576465600081,528.6583065664797,-970.0385987772133,1104.7418197114644,1.0,228.5,8.658306566479723,-10.038598777213338,13.256686539592577,528.6583065664797,-970.0385987772133,1104.7418197114644,860.8380161140411,2284.0,1.0,0.1,1.9884199255965882,-20.22938518541173,20.326874791277312,1.9884199255965882,-20.22938518541173,20.326874791277312,20.326874791277312,0.0,1.0,18.900000000000002,-14.206382216131942,14.268886949734338,20.135104431195007,65.79361778386806,-265.73111305026566,273.7550448558396,20.326874791277312,188.0
09_LTAN06_800km_1213COLD_MX_ALL_HEAT_MX_0p5,1573.0,433.1001821843551,-724.6570585515539,844.2177564566572,-334.63282029889467,-48.57086801195379,338.1393997164882,98.46736188546043,-773.2279265635077,779.4724163011693,1.0,141.3,18.467361885460434,-13.227926563507708,22.71610653651082,98.46736188546043,-773.2279265635077,779.4724163011693,844.2177564566572,1412.0,1.0,0.1,2.281029924729239,-20.349572824606184,20.47701666897453,2.281029924729239,-20.349572824606184,20.47701666897453,20.47701666897453,0.0,1.0,27.1,-12.351790374165432,11.079559163439967,16.592870658915302,-332.35179037416543,-68.92044083656003,339.42265647717005,20.47701666897453,270.0
09_LTAN06_800km_1213COLD_MX_ALL_HEAT_MX_0p5,1633.5,402.6773577406697,-724.6294006301631,828.9974805116339,-331.2084107379248,58.6303468751275,336.35773949507933,71.46894700274493,-665.9990537550356,669.8227750594062,1.0,112.9,-8.531052997255074,14.000946244964439,16.395284718368224,71.46894700274493,-665.9990537550356,669.8227750594062,828.9974805116339,1128.0,1.0,0.1,2.5048700922126272,-20.32191490321543,20.47570754607495,2.5048700922126272,-20.32191490321543,20.47570754607495,20.47570754607495,0.0,1.0,27.700000000000003,-8.703540645712167,-1.691568028087886,8.86639848897019,-328.70354064571217,38.308431971912114,330.92832092943326,20.47570754607495,276.0
09_LTAN06_800km_1213COLD_MX_ALL_HEAT_MX_0p5,1694.0,373.53215398074815,-724.458088151306,815.0863706045776,-231.5324872777232,-36.269781909465905,234.35611736152583,141.99966670302496,-760.7278700607719,773.8674289766748,1.0,141.5,21.999666703024957,-0.7278700607719202,22.01170438356724,141.99966670302496,-760.7278700607719,773.8674289766748,815.0863706045776,1414.0,1.0,0.1,2.6541690942846117,-20.15060242435834,20.324649852964548,2.6541690942846117,-20.15060242435834,20.324649852964548,20.324649852964548,0.0,1.0,15.700000000000001,11.12168181656142,-16.420384333824245,19.83231776922036,-228.87831818343858,-56.420384333824245,235.72981207911695,20.324649852964548,156.0
09_LTAN06_800km_1213COLD_MX_ALL_HEAT_MX_0p5,1754.5,345.59050868950146,-724.1541626181358,802.3914574155448,-384.4010392254577,36.12210875900897,386.0945035853392,-38.81053053595622,-688.0320538591269,689.1257972374063,1.0,112.30000000000001,1.189469464043782,-8.032053859126904,8.119650657621175,-38.81053053595622,-688.0320538591269,689.1257972374063,802.3914574155448,1122.0,1.0,0.1,2.74588838031724,-19.846676891188167,20.03573024924182,2.74588838031724,-19.846676891188167,20.03573024924182,20.03573024924182,0.0,1.0,42.300000000000004,18.34484915485956,16.27543186782077,24.523930618859357,-381.65515084514044,16.27543186782077,382.0020207395649,20.03573024924182,422.0
09_LTAN06_800km_1213COLD_MX_ALL_HEAT_MX_0p5,1815.0,318.7938650257508,-723.7238631905706,790.8259976312996,-300.0313583569097,-10.472403396794446,300.2140690080956,18.76250666884107,-734.196266587365,734.4359669347107,1.0,126.30000000000001,18.76250666884107,-14.196266587365017,23.527975720784863,18.76250666884107,-734.196266587365,734.4359669347107,790.8259976312996,1262.0,1.0,0.1,2.7759817279372214,-19.416377463622894,19.6138162621078,2.7759817279372214,-19.416377463622894,19.6138162621078,19.6138162621078,0.0,1.0,21.1,-17.2553766289725,10.111219139582658,19.999619373786917,-297.2553766289725,-29.88878086041734,298.7542437458493,19.6138162621078,210.0
09_LTAN06_800km_1213COLD_MX_ALL_HEAT_MX_0p5,1875.5,293.0937143769785,-723.170780512123,780.3075696120133,-238.2979822369083,-22.966214626004163,239.40212060971712,54.795732140070186,-746.1369951381272,748.1463678816599,1.0,141.1,14.795732140070186,13.86300486187281,20.275517092321344,54.795732140070186,-746.1369951381272,748.1463678816599,780.3075696120133,1410.0,1.0,0.1,2.7649983421177353,-18.8632947851753,19.06486574787075,2.7649983421177353,-18.8632947851753,19.06486574787075,19.06486574787075,0.0,1.0,15.700000000000001,4.467016105209439,-1.8295094111795152,4.827145903097908,-235.53298389479056,-41.829509411179515,239.21850756152548,19.06486574787075,156.0
09_LTAN06_800km_1213COLD_MX_ALL_HEAT_MX_0p5,1936.0,268.4113970308768,-722.5179137346679,770.7637859445421,-332.38522419900255,-61.933857408054834,338.10610754504637,-63.97382716812575,-784.4517711427227,787.0560537925439,1.0,155.9,16.02617283187425,15.548228857277309,22.32903124265303,-63.97382716812575,-784.4517711427227,787.0560537925439,770.7637859445421,1558.0,1.0,0.1,2.7027848014068923,-18.210428007720225,18.409908579541543,2.7027848014068923,-18.210428007720225,18.409908579541543,18.409908579541543,0.0,1.0,27.1,-9.682439397595658,-0.1442854157750162,9.683514391444769,-329.68243939759566,-80.14428541577502,339.2839774170813,18.409908579541543,270.0
09_LTAN06_800km_1213COLD_MX_ALL_HEAT_MX_0p5,1996.5,244.70223868399404,-721.7697703896322,762.1225538358386,-365.8479577854982,-8.725237665241213,365.9519886380379,-121.14571910150414,-730.4950080548734,740.4723101167998,1.0,125.7,-1.1457191015041417,-10.495008054873438,10.557360765428536,-121.14571910150414,-730.4950080548734,740.4723101167998,762.1225538358386,1256.0,1.0,0.1,2.595399335858758,-17.46228466268451,17.654106699383085,2.595399335858758,-17.46228466268451,17.654106699383085,17.654106699383085,0.0,1.0,34.300000000000004,-3.252558449639423,13.812477672074237,14.190266942868627,-363.2525584496394,-26.187522327925763,364.1952876492011,17.654106699383085,342.0
09_LTAN06_800km_1213COLD_MX_ALL_HEAT_MX_0p5,2057.0,221.9211724548027,-720.9274673126669,754.3112221819125,-393.219004141606,-37.39026247280811,394.9926796105237,-171.29783168680328,-758.317729785475,777.4244184791195,1.0,140.1,-11.297831686803278,1.6822702145250332,11.422391776594528,-171.29783168680328,-758.317729785475,777.4244184791195,754.3112221819125,1400.0,1.0,0.1,2.4724258464949003,-16.619981585719188,16.802877059481833,2.4724258464949003,-16.619981585719188,16.802877059481833,16.802877059481833,0.0,1.0,42.1,9.253421704888922,-14.010244058527292,16.79025764626644,-390.7465782951111,-54.01024405852729,394.46165201778365,16.802877059481833,420.0
09_LTAN06_800km_1213COLD_MX_ALL_HEAT_MX_0p5,2117.5,249.39813744286272,-719.6196553743822,761.6113702940061,-399.2539999388391,-91.13777436120441,409.52393139189843,-149.8558624959764,-810.7574297355866,824.4903816272616,1.0,155.5,10.144137504023604,-10.757429735586584,14.786000818903693,-149.8558624959764,-810.7574297355866,824.4903816272616,761.6113702940061,1554.0,1.0,0.1,2.625250577337056,-15.31216964743453,15.53558753010725,2.625250577337056,-15.31216964743453,15.53558753010725,15.53558753010725,0.0,1.0,41.7,3.3712506384979406,13.550055991361091,13.963142491452036,-396.62874936150206,-106.44994400863891,410.66525954786044,15.53558753010725,416.0
09_LTAN06_800km_1213COLD_MX_ALL_HEAT_MX_0p5,2178.0,276.1874688231873,-718.2041497409627,769.4782119333194,-429.2060873604618,-109.19441274086851,442.87840904823923,-153.0186185372745,-827.3985624818313,841.4291882363345,1.0,171.70000000000002,6.981381462725494,12.601437518168723,14.406106852734275,-153.0186185372745,-827.3985624818313,841.4291882363345,769.4782119333194,1716.0,1.0,0.1,2.0088879033595504,-13.896664014015073,14.041114675362703,2.0088879033595504,-13.896664014015073,14.041114675362703,14.041114675362703,0.0,1.0,50.300000000000004,12.802800542897728,-3.091076754883602,13.170666545236202,-427.1971994571023,-123.0910767548836,444.5771703547854,14.041114675362703,502.0
09_LTAN06_800km_1213COLD_MX_ALL_HEAT_MX_0p5,2238.5,302.1507932750392,-716.7342285579231,777.8194239431518,-405.1668910995292,37.84744702240909,406.93075441575047,-103.01609782449003,-678.8867815355139,686.6582691227374,1.0,111.9,16.983902175509968,1.1132184644860672,17.020346308373544,-103.01609782449003,-678.8867815355139,686.6582691227374,777.8194239431518,1118.0,1.0,0.1,1.2909430022117476,-12.4267428309754,12.493617219290735,1.2909430022117476,-12.4267428309754,12.493617219290735,12.493617219290735,0.0,1.0,42.5,-3.875948097317462,-14.579295808566258,15.085716420733107,-403.87594809731746,25.420704191433742,404.67517054187476,12.493617219290735,424.0
09_LTAN06_800km_1213COLD_MX_ALL_HEAT_MX_0p5,2299.0,327.1989809782193,-715.253223634363,786.5407472423367,-353.72865906891354,-69.12074229004776,360.41870270758545,-26.529678090694233,-784.3739659244109,784.8224909108968,1.0,156.10000000000002,13.470321909305767,15.626034075589132,20.630620767970015,-26.529678090694233,-784.3739659244109,784.8224909108968,786.5407472423367,1560.0,1.0,0.1,0.5229536647103146,-10.945737907415378,10.958223344742702,0.5229536647103146,-10.945737907415378,10.958223344742702,10.958223344742702,0.0,1.0,34.1,6.794294595796771,-0.06648019746319278,6.79461983271529,-353.20570540420323,-80.06648019746319,362.166966441297,10.958223344742702,340.0
09_LTAN06_800km_1213COLD_MX_ALL_HEAT_MX_0p5,2359.5,351.289645874804,-713.7757923823592,795.5377408331486,-460.53956469501924,-122.57098162897006,476.57143870249627,-109.24991882021521,-836.3467740113292,843.4521155118298,1.0,171.9,10.750081179784786,3.6532259886707834,11.353867424638297,-109.24991882021521,-836.3467740113292,843.4521155118298,795.5377408331486,1718.0,1.0,0.1,-0.25611783241072317,-9.468306655411538,9.471770017530472,-0.25611783241072317,-9.468306655411538,9.471770017530472,9.471770017530472,0.0,1.0,50.300000000000004,-20.79568252742996,-12.039288284381541,24.029250387311343,-460.79568252742996,-132.03928828438154,479.34020766733727,9.471770017530472,502.0
09_LTAN06_800km_1213COLD_MX_ALL_HEAT_MX_0p5,2420.0,374.39677283782936,-712.3399807543401,804.7367219733885,-386.36563020672946,-53.11628968462813,389.99966722409465,-11.968857368900103,-765.4562704389682,765.5498386787447,1.0,140.9,-11.968857368900103,-5.456270438968204,13.153875239648299,-11.968857368900103,-765.4562704389682,765.5498386787447,804.7367219733885,1408.0,1.0,0.1,-1.006890176773652,-8.032495027392429,8.095356952795063,-1.006890176773652,-8.032495027392429,8.095356952795063,8.095356952795063,0.0,1.0,41.900000000000006,12.627479616496885,18.85121528797947,22.68967957682072,-387.3725203835031,-61.14878471202053,392.16915154053686,8.095356952795063,418.0
09_LTAN06_800km_1213COLD_MX_ALL_HEAT_MX_0p5,2480.5,396.5137007119438,-710.968729827288,814.0636643681551,-312.47139566837126,-111.6307447748785,331.81289349561735,84.04230504357253,-822.5994746021665,826.8814937176895,1.0,156.70000000000002,4.042305043572526,-22.599474602166538,22.95814631801231,84.04230504357253,-822.5994746021665,826.8814937176895,814.0636643681551,1566.0,1.0,0.1,-1.7140931688049932,-6.661244100340355,6.8782474770586095,-1.7140931688049932,-6.661244100340355,6.8782474770586095,6.8782474770586095,0.0,1.0,26.900000000000002,5.814511162823749,1.7080111247811374,6.060184986036162,-314.18548883717625,-118.29198887521886,335.7164220408503,6.8782474770586095,268.0
09_LTAN06_800km_1213COLD_MX_ALL_HEAT_MX_0p5,2541.0,417.6501392119469,-709.6644042694171,823.441075894824,-325.49897669091723,-110.34737264230004,343.69481589906604,92.15116252102968,-820.0117769117171,825.1734066412278,1.0,156.70000000000002,12.151162521029676,-20.011776911717106,23.41200473639133,92.15116252102968,-820.0117769117171,825.1734066412278,823.441075894824,1566.0,1.0,0.1,-2.3470111984962045,-5.35691854246943,5.8485073169586945,-2.3470111984962045,-5.35691854246943,5.8485073169586945,5.8485073169586945,0.0,1.0,26.900000000000002,-7.845987889413436,4.295708815230569,8.944978489972568,-327.84598788941344,-115.70429118476943,347.664313345151,5.8485073169586945,268.0
09_LTAN06_800km_1213COLD_MX_ALL_HEAT_MX_0p5,2601.5,437.8267628353644,-708.4701032626022,832.8398174149795,-281.8195065094449,-64.28533567985967,289.0585384186036,156.00725632591946,-772.7554389424619,788.3458837601031,1.0,141.70000000000002,-3.9927436740805433,-12.755438942461865,13.365748189375067,156.00725632591946,-772.7554389424619,788.3458837601031,832.8398174149795,1416.0,1.0,0.1,-2.8707928671092873,-4.162617535654476,5.056563698202932,-2.8707928671092873,-4.162617535654476,5.056563698202932,5.056563698202932,0.0,1.0,20.900000000000002,-4.690299376554208,11.55204678448581,12.467906526464406,-284.6902993765542,-68.44795321551419,292.8031571867101,5.056563698202932,208.0
09_LTAN06_800km_1213COLD_MX_ALL_HEAT_MX_0p5,2662.0,457.0664836105786,-707.3930626857625,842.2082376562714,-219.57051018637264,-100.79908828561216,241.6022871222758,237.49597342420594,-808.1921509713746,842.365057611276,1.0,157.5,-2.5040265757940574,-8.192150971374645,8.566299471188096,237.49597342420594,-808.1921509713746,842.365057611276,842.2082376562714,1574.0,1.0,0.1,-3.2899784898317534,-3.0855769588148405,4.510514785733959,-3.2899784898317534,-3.0855769588148405,4.510514785733959,4.510514785733959,0.0,1.0,15.3,17.139511323795602,16.11533475557303,23.525876449193085,-222.8604886762044,-103.88466524442697,245.88375522987135,4.510514785733959,152.0
09_LTAN06_800km_1213COLD_MX_ALL_HEAT_MX_0p5,2722.5,475.395626004117,-706.4326749161348,851.4975780429512,-282.1090659451258,-161.65240761002,325.141547598192,193.2865600589912,-868.0850825261548,889.3432435251751,1.0,190.5,-6.713439941008801,11.914917473845207,13.676093530320497,193.2865600589912,-868.0850825261548,889.3432435251751,851.4975780429512,1904.0,1.0,0.1,-3.6024432518555614,-2.1251891891871537,4.182586098656861,-3.6024432518555614,-2.1251891891871537,4.182586098656861,4.182586098656861,0.0,1.0,20.5,-5.711509196981353,-3.7775967992071173,6.847742320252891,-285.71150919698135,-163.77759679920712,329.3238037265761,4.182586098656861,204.0
09_LTAN06_800km_1213COLD_MX_ALL_HEAT_MX_0p5,2783.0,492.8506500019549,-705.6121646460984,860.6917509212589,-296.7867073998177,-59.450454933262094,302.6825173031915,196.06394260213716,-765.0626195793606,789.7859719356425,1.0,141.9,-3.9360573978628395,-5.0626195793605575,6.412695598934636,196.06394260213716,-765.0626195793606,789.7859719356425,860.6917509212589,1418.0,1.0,0.1,-3.8254551421507585,-1.3046789191507742,4.04181817090825,-3.8254551421507585,-1.3046789191507742,4.04181817090825,4.04181817090825,0.0,0.0,nan,nan,nan,nan,-300.6121625419685,-60.75513385241288,306.69016703765294,4.04181817090825,nan
09_LTAN06_800km_1213COLD_MX_ALL_HEAT_MX_0p5,2843.5,509.4614160736253,-704.9257511070786,869.753556498404,-235.5777071459329,-253.2697156381237,345.89363244146455,273.8837089276924,-958.1954667452022,996.5695352091819,1.0,227.3,-6.116291072307604,1.804533254797775,6.376939449991723,273.8837089276924,-958.1954667452022,996.5695352091819,869.753556498404,2272.0,1.0,0.1,-3.948270437363135,-0.6182653801308788,3.9963848071505903,-3.948270437363135,-0.6182653801308788,3.9963848071505903,3.9963848071505903,0.0,1.0,12.3,0.47402241670397416,-13.88798101825455,13.89606829340359,-239.52597758329603,-253.88798101825455,349.04412449253346,3.9963848071505903,122.0
09_LTAN06_800km_1213COLD_MX_ALL_HEAT_MX_0p5,2904.0,525.2655844761442,-704.3671224105185,878.6563477082151,-202.49167316037273,-237.6690497192823,312.233013779379,322.7739113157715,-942.0361721298008,995.7987484562577,1.0,208.9,2.7739113157714996,-22.036172129800775,22.21007577929381,322.7739113157715,-942.0361721298008,995.7987484562577,878.6563477082151,2088.0,1.0,0.1,-3.9948761163306017,-0.05963668357082952,3.9953212284941495,-3.9948761163306017,-0.05963668357082952,3.9953212284941495,3.9953212284941495,0.0,1.0,12.5,-6.486549276703329,2.2713135971469,6.87271321791364,-206.48654927670333,-237.7286864028531,314.88350761992365,3.9953212284941495,124.0
09_LTAN06_800km_1213COLD_MX_ALL_HEAT_MX_0p5,2964.5,540.3131335481761,-703.9296720704233,887.3867620749269,-196.48880017513162,-103.61293746977415,222.13394473915537,343.8243333730445,-807.5426095401974,877.6902861729816,1.0,157.9,23.82433337304451,-7.542609540197418,24.989794303792088,343.8243333730445,-807.5426095401974,877.6902861729816,887.3867620749269,1578.0,1.0,0.1,-3.965240526547973,0.37781365652438126,3.9831991655495673,-3.965240526547973,0.37781365652438126,3.9831991655495673,3.9831991655495673,0.0,1.0,10.700000000000001,-0.4540407016795598,16.764876186750257,16.771023418856927,-200.45404070167956,-103.23512381324974,225.47574863467605,3.9831991655495673,106.0
09_LTAN06_800km_1213COLD_MX_ALL_HEAT_MX_0p5,3025.0,554.6332107991051,-703.612690630001,895.9290244974286,-130.49911888535897,-191.66279241033317,231.87204666449452,424.13409191374615,-895.2754830403342,990.6603446472467,1.0,191.70000000000002,-15.865908086253853,-15.275483040334166,22.024246219042144,424.13409191374615,-895.2754830403342,990.6603446472467,895.9290244974286,1916.0,1.0,0.1,-3.871851169111551,0.6947950969466774,3.933696951023506,-3.871851169111551,0.6947950969466774,3.933696951023506,3.933696951023506,0.0,1.0,8.700000000000001,-14.37097005447049,9.03200268661351,16.97356335120829,-134.3709700544705,-190.9679973133865,233.50446160890587,3.933696951023506,86.0
09_LTAN06_800km_1213COLD_MX_ALL_HEAT_MX_0p5,3085.5,568.2529195438983,-703.4112664828726,904.2669906533152,-172.11320235786374,-318.14215942818964,361.71451177898655,396.13971718603455,-1021.5534259110623,1095.6724316705518,1.0,247.3,-3.860282813965455,-21.553425911062277,21.896391298737967,396.13971718603455,-1021.5534259110623,1095.6724316705518,904.2669906533152,2472.0,1.0,0.1,-3.7335325849819583,0.8962192440750414,3.8395930118402526,-3.7335325849819583,0.8962192440750414,3.8395930118402526,3.8395930118402526,0.0,1.0,23.3,24.15326505715427,2.754059815885398,24.30977289878752,-175.84673494284573,-317.2459401841146,362.7217401168039,3.8395930118402526,232.0
09_LTAN06_800km_1213COLD_MX_ALL_HEAT_MX_0p5,3146.0,581.1979151006618,-703.3178687175656,912.3853577161215,-185.14225272131137,-215.36359178776874,284.0055112325298,396.05566237935045,-918.6814605053344,1000.4177695237927,1.0,209.3,-3.9443376206495486,1.3185394946656288,4.158887551336828,396.05566237935045,-918.6814605053344,1000.4177695237927,912.3853577161215,2092.0,1.0,0.1,-3.559490057441053,0.9896170093820729,3.6944974346019013,-3.559490057441053,0.9896170093820729,3.6944974346019013,3.6944974346019013,0.0,1.0,8.3,11.298257221247582,-14.373974778386696,18.282827110903007,-188.70174277875242,-214.3739747783867,285.5950783714993,3.6944974346019013,82.0
09_LTAN06_800km_1213COLD_MX_ALL_HEAT_MX_0p5,3206.5,593.4939323778462,-703.326400143833,920.2733685751222,-112.29005011150058,-288.3334938822678,309.4273081814194,481.20388226634566,-991.6598940261008,1102.246125748719,1.0,247.70000000000002,1.2038822663456585,8.340105973899199,8.4265473455675,481.20388226634566,-991.6598940261008,1102.246125748719,920.2733685751222,2476.0,1.0,0.1,-3.35558208019404,0.981085583114691,3.4960635031868135,-3.35558208019404,0.981085583114691,3.4960635031868135,3.4960635031868135,0.0,1.0,17.900000000000002,4.354367808305369,-7.352408299153126,8.545082024618715,-115.64563219169463,-287.3524082991531,309.7504137210149,3.4960635031868135,178.0
09_LTAN06_800km_1213COLD_MX_ALL_HEAT_MX_0p5,3267.0,605.1504804852796,-703.4129669626318,927.8991896336247,-62.52210627186926,-183.13968592518208,193.5178501674852,542.6283742134103,-886.5526528878139,1039.433094933921,1.0,192.10000000000002,22.628374213410325,-6.552652887813906,23.558025796112656,542.6283742134103,-886.5526528878139,1039.433094933921,927.8991896336247,1920.0,1.0,0.1,-3.1156047487064598,0.8945187643158761,3.2414744746604813,-3.1156047487064598,0.8945187643158761,3.2414744746604813,3.2414744746604813,0.0,1.0,8.9,14.362288979424306,17.75483283913377,22.83658104607771,-65.6377110205757,-182.24516716086623,193.70495621308373,3.2414744746604813,88.0
09_LTAN06_800km_1213COLD_MX_ALL_HEAT_MX_0p5,3327.5,616.1869496893324,-703.5675139206428,935.250556595353,-159.03060120404226,-281.4780773568752,323.29652047592805,457.1563484852902,-985.045591277518,1085.958905233379,1.0,247.5,17.15634848529021,14.954408722481958,22.759056078575934,457.1563484852902,-985.045591277518,1085.958905233379,935.250556595353,2474.0,1.0,0.1,-2.851001434572595,0.7399718063048795,2.945465575093537,-2.851001434572595,0.7399718063048795,2.945465575093537,2.945465575093537,0.0,1.0,17.7,-1.8816026386148224,-0.7381055505703671,2.021194768800139,-161.88160263861482,-280.73810555057037,324.06718004291884,2.945465575093537,176.0
09_LTAN06_800km_1213COLD_MX_ALL_HEAT_MX_0p5,3388.0,626.6280564686789,-703.7881273777684,942.3271456302316,-83.47606269802336,-113.58019871474428,140.9564279614276,543.1519937706555,-817.3683260925127,981.3791667017974,1.0,159.10000000000002,-16.84800622934449,-17.36832609251269,24.19739790059848,543.1519937706555,-817.3683260925127,981.3791667017974,942.3271456302316,1590.0,1.0,0.1,-2.5644380140463454,0.5193583491792424,2.616500606296156,-2.5644380140463454,0.5193583491792424,2.616500606296156,2.616500606296156,0.0,1.0,2.9000000000000004,-6.040500712069729,6.939159634434986,9.199977461096674,-86.04050071206973,-113.06084036556501,142.07646317019385,2.616500606296156,28.0
09_LTAN06_800km_1213COLD_MX_ALL_HEAT_MX_0p5,3448.5,636.4806472150184,-704.0433608898275,949.0967644514928,8.93605776172584,-169.47246047372192,169.7078901740816,645.4167049767442,-873.5158213635493,1086.0905179751244,1.0,192.70000000000002,5.4167049767441995,6.484178636450679,8.448980139312008,645.4167049767442,-873.5158213635493,1086.0905179751244,949.0967644514928,1926.0,1.0,0.1,-2.2720393367017095,0.26412483712022095,2.287340087766515,-2.2720393367017095,0.26412483712022095,2.287340087766515,2.287340087766515,0.0,1.0,5.9,6.664018425024096,-9.208335636601646,11.366731577958921,6.664018425024096,-169.20833563660165,169.339511014051,2.287340087766515,58.0
09_LTAN06_800km_1213COLD_MX_ALL_HEAT_MX_0p5,3509.0,645.7676339901844,-704.3312571485563,955.5618017196724,59.43354249843176,-214.97285369486664,223.03738206773193,705.2011764886162,-919.304110843423,1158.632274509279,1.0,210.9,-14.79882351138383,0.6958891565769818,14.815175970582604,705.2011764886162,-919.304110843423,1158.632274509279,955.5618017196724,2108.0,1.0,0.1,-1.9759164032356011,-0.023771421608671517,1.976059390064178,-1.9759164032356011,-0.023771421608671517,1.976059390064178,1.976059390064178,0.0,1.0,9.5,17.457626095196133,-14.996625116475343,23.014505724950343,57.45762609519613,-214.99662511647534,222.54196819469715,1.976059390064178,94.0
09_LTAN06_800km_1213COLD_MX_ALL_HEAT_MX_0p5,3569.5,654.5111504042502,-704.6457041956925,961.7226286434869,70.8258585936019,-271.29418258836523,280.3869393388539,725.3370089978521,-975.9398867840578,1215.9656406486286,1.0,229.5,5.337008997852081,-15.939886784057762,16.809629851122047,725.3370089978521,-975.9398867840578,1215.9656406486286,961.7226286434869,2294.0,1.0,0.1,-1.675120640093951,-0.3382184687447989,1.708923898676838,-1.675120640093951,-0.3382184687447989,1.708923898676838,1.708923898676838,0.0,1.0,18.900000000000002,-10.849262046492072,8.367598942889913,13.70121158958235,69.15073795350793,-271.6324010571101,280.2962466098421,1.708923898676838,188.0
09_LTAN06_800km_1213COLD_MX_ALL_HEAT_MX_0p5,3630.0,662.7286227228213,-704.9584200253646,967.5616783134531,94.09742151209086,-221.49423228287276,240.65331842674286,756.8260442349122,-926.4526523082374,1196.2859934820071,1.0,211.10000000000002,-3.1739557650878396,-6.4526523082373615,7.191016410058823,756.8260442349122,-926.4526523082374,1196.2859934820071,967.5616783134531,2110.0,1.0,0.1,-1.3738086207255265,-0.650934298416928,1.5202189274033235,-1.3738086207255265,-0.650934298416928,1.5202189274033235,1.5202189274033235,0.0,1.0,13.9,12.723612891365292,17.854833418710314,21.92453879604339,92.72361289136529,-222.1451665812897,240.7200519754362,1.5202189274033235,138.0
09_LTAN06_800km_1213COLD_MX_ALL_HEAT_MX_0p5,3690.5,670.4414785884525,-705.2700449397908,973.0866418265358,302.73793257178096,-223.46118035038884,376.2780287784887,973.1794111602335,-928.7312252901796,1345.2211175621565,1.0,230.8,13.179411160233485,-8.731225290179623,15.809211669098469,973.1794111602335,-928.7312252901796,1345.2211175621565,973.0866418265358,2307.0,1.0,0.1,-1.0663534812433682,-0.9625592128430753,1.436534018110581,-1.0663534812433682,-0.9625592128430753,1.436534018110581,1.436534018110581,0.0,1.0,26.200000000000003,-18.328420909462352,15.576260436768052,24.05308508754007,301.67157909053765,-224.42373956323195,375.9943570195221,1.436534018110581,261.0
09_LTAN06_800km_1213COLD_MX_ALL_HEAT_MX_0p5,3751.0,677.6717785903694,-705.5631167060271,978.2935914917144,181.77888847406953,-308.732428475139,358.2726289950504,859.4506670644389,-1014.2955451811661,1329.4551147338025,1.0,249.5,19.450667064438903,-14.295545181166062,24.138994620290394,859.4506670644389,-1014.2955451811661,1329.4551147338025,978.2935914917144,2494.0,1.0,0.1,-0.7687147655916533,-1.2556309790794558,1.472253900134981,-0.7687147655916533,-1.2556309790794558,1.472253900134981,1.472253900134981,0.0,1.0,25.1,21.01017370847785,10.011940545781613,23.273726662326336,181.01017370847785,-309.9880594542184,358.96696225441883,1.472253900134981,250.0
09_LTAN06_800km_1213COLD_MX_ALL_HEAT_MX_0p5,3811.5,684.4416633209614,-705.8100522614171,983.1725282791565,224.6758437475724,-194.70881908841835,297.3058341077248,909.1175070685338,-900.5188713498355,1279.620599754352,1.0,211.9,-10.882492931466231,19.481128650164464,22.314637032398068,909.1175070685338,-900.5188713498355,1279.620599754352,983.1725282791565,2118.0,1.0,0.1,-0.47701716959090845,-1.5025665344694517,1.5764680683705774,-0.47701716959090845,-1.5025665344694517,1.5764680683705774,1.5764680683705774,0.0,1.0,10.3,24.198826577981436,3.7886143771121397,24.49360746500363,224.19882657798144,-196.21138562288786,297.93291474255983,1.5764680683705774,102.0
09_LTAN06_800km_1213COLD_MX_ALL_HEAT_MX_0p5,3872.0,690.7704285868173,-706.0112445177995,987.7325864805651,320.1982576791513,-185.50515770736212,370.0528175231172,1010.9686862659686,-891.5164022251615,1347.909188353145,1.0,250.8,10.968686265968586,-11.516402225161528,15.904074905914939,1010.9686862659686,-891.5164022251615,1347.909188353145,987.7325864805651,2507.0,1.0,0.1,-0.20325472238403108,-1.7037587908517935,1.7158398816836538,-0.20325472238403108,-1.7037587908517935,1.7158398816836538,1.7158398816836538,0.0,1.0,26.400000000000002,-0.004997043232719989,12.791083501786147,12.791084477873909,319.9950029567673,-187.20891649821385,370.73437975690456,1.7158398816836538,263.0
09_LTAN06_800km_1213COLD_MX_ALL_HEAT_MX_0p5,3932.5,696.6880220009424,-706.1312960998632,991.9655272897634,227.7730843851526,-184.5113508112749,293.1296923693115,924.461106386095,-890.6426469111382,1283.6949254856004,1.0,212.0,4.461106386095025,-10.642646911138172,11.539818172883692,924.461106386095,-890.6426469111382,1283.6949254856004,991.9655272897634,2119.0,1.0,0.1,0.07007901516249149,-1.8238103729155455,1.825156252138563,0.07007901516249149,-1.8238103729155455,1.825156252138563,1.825156252138563,0.0,1.0,14.8,-12.15683659968488,13.664838815809503,18.289792124939307,227.84316340031512,-186.3351611841905,294.3353519402672,1.825156252138563,147.0
09_LTAN06_800km_1213COLD_MX_ALL_HEAT_MX_0p5,3993.0,702.218752456678,-706.1503000252457,995.8711877183503,315.33281602930884,-41.17448052652093,318.00962675932124,1017.5515684859868,-747.3247805517666,1262.4997117445366,1.0,251.4,17.551568485986763,12.675219448233406,21.649913264933836,1017.5515684859868,-747.3247805517666,1262.4997117445366,995.8711877183503,2513.0,1.0,0.1,0.34236400807117207,-1.8428142982979807,1.8743472602572973,0.34236400807117207,-1.8428142982979807,1.8743472602572973,1.8743472602572973,0.0,1.0,27.200000000000003,-4.32481996262004,-3.0172948248189186,5.273341992413903,315.67518003737996,-43.01729482481892,318.59269757117414,1.8743472602572973,271.0
09_LTAN06_800km_1213COLD_MX_ALL_HEAT_MX_0p5,4053.5,707.3784888639847,-706.0727018470418,999.461348327726,256.6349755778722,-155.95857496301463,300.3074887417051,964.0134644418569,-862.0312768100564,1293.220739790376,1.0,231.0,4.013464441856854,17.968723189943603,18.41148853034068,964.0134644418569,-862.0312768100564,1293.220739790376,999.461348327726,2309.0,1.0,0.1,0.6068726259244386,-1.7652161200941237,1.8666232439184334,0.6068726259244386,-1.7652161200941237,1.8666232439184334,1.8666232439184334,0.0,1.0,15.0,17.24184820379662,2.276208916891278,17.391447798159305,257.2418482037966,-157.72379108310872,301.745195058568,1.8666232439184334,149.0
09_LTAN06_800km_1213COLD_MX_ALL_HEAT_MX_0p5,4114.0,712.2036182813767,-705.8720897728252,1002.7409441193375,245.99035250014376,-243.26859478158997,345.9636725584847,958.1939707815205,-949.1406845544152,1348.7044615921166,1.0,230.70000000000002,-1.8060292184794662,10.859315445584798,11.008472804377458,958.1939707815205,-949.1406845544152,1348.7044615921166,1002.7409441193375,2306.0,1.0,0.1,0.8473784283252144,-1.5646040458775587,1.7793358370940928,0.8473784283252144,-1.5646040458775587,1.7793358370940928,1.7793358370940928,0.0,1.0,14.700000000000001,6.837730928469,-4.833198827467527,8.373432698480057,246.837730928469,-244.83319882746753,347.6667379229792,1.7793358370940928,146.0
09_LTAN06_800km_1213COLD_MX_ALL_HEAT_MX_0p5,4174.5,716.7130581802796,-705.5480490678696,1005.7214610962649,194.0653576682873,-229.92780398568988,300.8789758235063,910.778415848567,-935.4758530535594,1305.6157146809737,1.0,211.9,-9.221584151433035,-15.475853053559376,18.01498381895815,910.778415848567,-935.4758530535594,1305.6157146809737,1005.7214610962649,2118.0,1.0,0.1,1.057045285729373,-1.2405633409218808,1.629828867986437,1.057045285729373,-1.2405633409218808,1.629828867986437,1.629828867986437,0.0,1.0,14.5,-4.877597045983293,8.831632673388299,10.089038042382668,195.1224029540167,-231.1683673266117,302.5087869583311,1.629828867986437,144.0
09_LTAN06_800km_1213COLD_MX_ALL_HEAT_MX_0p5,4235.0,720.9220881176259,-705.1041739931383,1008.4148716269627,268.77193238688193,-246.03619074420357,364.3791415475051,989.6940205045078,-951.1403647373418,1372.647896459635,1.0,250.4,-10.305979495492238,8.85963526265823,13.590671445842682,989.6940205045078,-951.1403647373418,1372.647896459635,1008.4148716269627,2503.0,1.0,0.1,1.2390082666339595,-0.7966882661905856,1.473042320598105,1.2390082666339595,-0.7966882661905856,1.473042320598105,1.473042320598105,0.0,1.0,20.0,-9.989059346484169,-6.832879010394095,12.102460171315041,270.01094065351583,-246.8328790103941,365.8310788234869,1.473042320598105,199.0
09_LTAN06_800km_1213COLD_MX_ALL_HEAT_MX_0p5,4295.5,724.8696132739276,-704.5169551968072,1010.8313887131095,291.9428257366389,-285.6248745264914,408.4264712862861,1016.8124390105665,-990.1418297232985,1419.2562767500515,1.0,250.3,16.81243901056655,9.858170276701458,19.489526076548398,1016.8124390105665,-990.1418297232985,1419.2562767500515,1010.8313887131095,2502.0,1.0,0.1,1.4036992354967879,-0.20946946985952763,1.4192424044318497,1.4036992354967879,-0.20946946985952763,1.4192424044318497,1.4192424044318497,0.0,1.0,19.900000000000002,13.34652497213574,-5.834343996350867,14.566032359554825,293.34652497213574,-285.83434399635087,409.57716723598264,1.4192424044318497,198.0
09_LTAN06_800km_1213COLD_MX_ALL_HEAT_MX_0p5,4356.0,728.5670058180276,-703.7896451665068,1012.9806249925234,355.54068351796775,-232.58645160884643,424.8595475076651,1084.1076893359955,-936.3760967753533,1432.511667208919,1.0,292.40000000000003,4.107689335995474,23.62390322464671,23.978363481449776,1084.1076893359955,-936.3760967753533,1432.511667208919,1012.9806249925234,2923.0,1.0,0.1,1.556779011500339,0.5178405604408454,1.6406461339014156,1.556779011500339,0.5178405604408454,1.6406461339014156,1.6406461339014156,0.0,1.0,33.2,-2.9025374705317972,7.931388951594386,8.445806916412108,357.0974625294682,-232.06861104840561,425.88077906724214,1.6406461339014156,331.0
09_LTAN06_800km_1213COLD_MX_ALL_HEAT_MX_0p5,4416.5,732.033881317759,-702.9210001054477,1014.8751331008094,360.62313893981076,-194.6482852247369,409.80117530301516,1092.6570202575697,-897.5692853301846,1414.0473775253392,1.0,292.8,12.657020257569684,-17.569285330184584,21.65363592595868,1092.6570202575697,-897.5692853301846,1414.0473775253392,1014.8751331008094,2927.0,1.0,0.1,1.6987544232173377,1.3864856215000145,2.1927400596118893,1.6987544232173377,1.3864856215000145,2.1927400596118893,2.1927400596118893,0.0,1.0,33.4,2.321893363028039,6.738200396763091,7.127028369258252,362.32189336302804,-193.2617996032369,410.64251800812247,2.1927400596118893,333.0
09_LTAN06_800km_1213COLD_MX_ALL_HEAT_MX_0p5,4477.0,735.3032135893392,-701.9019767992972,1016.5319478253355,-32.870653265208574,12.837772673119154,35.288641987022565,702.4325603241306,-689.0642041261781,983.9822047230105,1.0,115.9,22.432560324130577,-9.064204126178083,24.194618392047044,702.4325603241306,-689.0642041261781,983.9822047230105,1016.5319478253355,1158.0,1.0,0.1,1.8299326565871752,2.4055089276504305,3.0224372166597804,1.8299326565871752,2.4055089276504305,3.0224372166597804,3.0224372166597804,0.0,1.0,0.9,8.959279391378573,15.243281600769592,17.68124207099551,-31.040720608621427,15.243281600769592,34.581555341870555,3.0224372166597804,8.0
09_LTAN06_800km_1213COLD_MX_ALL_HEAT_MX_0p5,4537.5,738.3842068928521,-700.738985190437,1017.9618668469412,-148.40203867723991,277.12605032805436,314.3596870687912,589.9821682156122,-423.61293486238264,726.3104552428777,1.0,91.0,-10.017831784387795,16.387065137617356,19.206583701554123,589.9821682156122,-423.61293486238264,726.3104552428777,1017.9618668469412,909.0,1.0,0.1,1.9554755708097673,3.568500536510669,4.069162172623588,1.9554755708097673,3.568500536510669,4.069162172623588,4.069162172623588,0.0,1.0,17.6,13.553436893569824,0.6945508645650307,13.571221482661302,-146.44656310643018,280.69455086456503,316.600737097603,4.069162172623588,175.0
09_LTAN06_800km_1213COLD_MX_ALL_HEAT_MX_0p5,4598.0,741.3029096800641,-699.449174137735,1019.1953449177879,-194.40876476107942,282.93443718140855,343.2880183739146,546.8941449189847,-416.51473695632643,687.4428935180473,1.0,79.4,-13.105855081015306,-16.51473695632643,21.083168029051723,546.8941449189847,-416.51473695632643,687.4428935180473,1019.1953449177879,793.0,1.0,0.1,2.0645138775531677,4.85831158921269,5.278769652910415,2.0645138775531677,4.85831158921269,5.278769652910415,5.278769652910415,0.0,1.0,17.400000000000002,7.655749116473771,7.792748770621245,10.924167150698851,-192.34425088352623,287.79274877062124,346.1516677598055,5.278769652910415,173.0
09_LTAN06_800km_1213COLD_MX_ALL_HEAT_MX_0p5,4658.5,744.0841406747988,-698.0483538091213,1020.2611002382567,-308.63421618120594,228.381518782587,383.9442635581739,435.4499244935929,-469.6668350265343,640.4713675608907,1.0,57.7,-4.550075506407097,10.333164973465728,11.290592787044654,435.4499244935929,-469.6668350265343,640.4713675608907,1020.2611002382567,576.0,1.0,0.1,2.153426303866354,6.25913191782638,6.619212733470382,2.153426303866354,6.25913191782638,6.619212733470382,6.619212733470382,0.0,1.0,28.700000000000003,13.519210122660411,-5.359349299586597,14.542753083774167,-306.4807898773396,234.6406507004134,385.9879655182936,6.619212733470382,286.0
09_LTAN06_800km_1213COLD_MX_ALL_HEAT_MX_0p5,4719.0,746.7340334416912,-696.5404460071717,1021.1661518205382,-348.09863593741886,144.46111992656836,376.88416723435074,398.6353975042723,-552.0793260806033,680.9565055339455,1.0,77.9,-1.364602495727695,7.920673919396677,8.037363703899244,398.6353975042723,-552.0793260806033,680.9565055339455,1021.1661518205382,778.0,1.0,0.1,2.2227870770663003,7.767039719775994,8.078842020893273,2.2227870770663003,7.767039719775994,8.078842020893273,8.078842020893273,0.0,1.0,35.300000000000004,14.124151139647438,-7.771840353655648,16.121201813088078,-345.87584886035256,152.22815964634435,377.89352391140864,8.078842020893273,352.0
09_LTAN06_800km_1213COLD_MX_ALL_HEAT_MX_0p5,4779.5,749.2798797045625,-694.936859815516,1021.9381474728956,-346.0373317778014,148.60356415593296,376.5964076617655,403.2425479267611,-546.333295659583,679.032121776818,1.0,77.9,3.2425479267611195,13.666704340417027,14.046099977777336,403.2425479267611,-546.333295659583,679.032121776818,1021.9381474728956,778.0,1.0,0.1,2.27617295232983,9.370625911431716,9.643111182648129,2.27617295232983,9.370625911431716,9.643111182648129,9.643111182648129,0.0,1.0,28.3,-23.76115882547157,-2.0258099326352976,23.847359908645007,-343.76115882547157,157.9741900673647,378.3220573062995,9.643111182648129,282.0
09_LTAN06_800km_1213COLD_MX_ALL_HEAT_MX_0p5,4840.0,751.734987070764,-693.2461300497,1022.5926303348598,-347.4860996349016,230.92583361166825,417.22096072551375,404.24888743586234,-462.32029643803173,614.1312721981205,1.0,48.5,4.248887435862343,-22.320296438031733,22.7211064326595,404.24888743586234,-462.32029643803173,614.1312721981205,1022.5926303348598,484.0,1.0,0.1,2.3239888576821386,11.061355677247661,11.30285422489425,2.3239888576821386,11.061355677247661,11.30285422489425,11.30285422489425,0.0,1.0,35.7,14.837889222780518,1.9871892889159426,14.970366657416527,-345.1621107772195,241.98718928891594,421.5384709562523,11.30285422489425,356.0
09_LTAN06_800km_1213COLD_MX_ALL_HEAT_MX_0p5,4900.5,754.1039249063136,-691.4738591302754,1023.1367589035315,-487.5367263237654,213.36792363238192,532.1822341545122,266.56719858254826,-478.1059354978935,547.3968915864098,1.0,56.900000000000006,-13.432801417451742,1.8940645021065166,13.56567854030286,266.56719858254826,-478.1059354978935,547.3968915864098,1023.1367589035315,568.0,1.0,0.1,2.360714435085015,12.833626596672275,13.048944182072079,2.360714435085015,12.833626596672275,13.048944182072079,13.048944182072079,0.0,1.0,61.5,-5.176011888680364,-13.798449770945808,14.737310309316111,-485.17601188868036,226.2015502290542,535.3157048305534,13.048944182072079,614.0
09_LTAN06_800km_1213COLD_MX_ALL_HEAT_MX_0p5,4961.0,756.4203448949016,-689.6879677062553,1023.6411631864491,-375.7264121043772,162.43406377022373,409.3350239421706,380.69393279052446,-527.2539039360316,650.3264946773293,1.0,67.10000000000001,20.693932790524457,-7.253903936031634,21.928474106784506,380.69393279052446,-527.2539039360316,650.3264946773293,1023.6411631864491,670.0,1.0,0.1,2.3773049051427506,14.61951802069234,14.811545691431528,2.3773049051427506,14.61951802069234,14.811545691431528,14.811545691431528,0.0,1.0,35.300000000000004,-13.349107199234425,17.05358179091604,21.656946112416577,-373.3491071992344,177.05358179091604,413.2039770760417,14.811545691431528,352.0
09_LTAN06_800km_1213COLD_MX_ALL_HEAT_MX_0p5,5021.5,758.6903370519161,-687.8927776460258,1024.113031395224,-474.924170703757,154.83065652325195,499.52527475401337,283.7661663481591,-533.0621211227739,603.8861334223878,1.0,66.7,3.7661663481591177,-13.062121122773874,13.594227347959928,283.7661663481591,-533.0621211227739,603.8861334223878,1024.113031395224,666.0,1.0,0.1,2.381431288814383,16.414708080921855,16.586556495102453,2.381431288814383,16.414708080921855,16.586556495102453,16.586556495102453,0.0,1.0,61.1,7.457260585057384,11.245364604173801,13.493293167876232,-472.5427394149426,171.2453646041738,502.6147784060819,16.586556495102453,610.0
09_LTAN06_800km_1213COLD_MX_ALL_HEAT_MX_0p5,5082.0,760.9225743362929,-686.1009854702658,1024.5670921895944,-464.0122417986442,119.46337397283855,479.14388054109355,296.9103325376487,-566.6376114974272,639.7139425799053,1.0,77.30000000000001,16.910332537648685,-6.637611497427201,18.166376439032568,296.9103325376487,-566.6376114974272,639.7139425799053,1024.5670921895944,772.0,1.0,0.1,2.375213497876871,18.20650025668192,18.36078132207492,2.375213497876871,18.20650025668192,18.36078132207492,18.36078132207492,0.0,0.0,nan,nan,nan,nan,-461.6370283007673,137.66987422952047,481.72786941252986,18.36078132207492,nan
09_LTAN06_800km_1213COLD_MX_ALL_HEAT_MX_0p5,5142.5,763.1468955296776,-684.3736218185676,1025.066065381958,-503.6345045668293,223.72519438191645,551.0904433861124,259.5123909628483,-460.6484274366511,528.718880656927,0.0,nan,nan,nan,nan,259.5123909628483,-460.6484274366511,528.718880656927,1025.066065381958,nan,1.0,0.1,2.358117240305887,19.93386390838009,20.07285847199761,2.358117240305887,19.93386390838009,20.07285847199761,20.07285847199761,0.0,1.0,61.5,-21.276387326523434,3.6590582902965707,21.588732367604056,-501.27638732652343,243.65905829029657,557.357832256841,20.07285847199761,614.0
09_LTAN06_800km_1213COLD_MX_ALL_HEAT_MX_0p5,5203.0,765.3629586235185,-682.7079800744009,1025.6074514599698,-451.50129583021317,121.55825410010917,467.57868779086624,313.8616627933053,-561.1497259742918,642.9604640507853,1.0,77.5,-6.1383372066947,-1.149725974291755,6.245082343656777,313.8616627933053,-561.1497259742918,642.9604640507853,1025.6074514599698,774.0,1.0,0.1,2.3336284705083017,21.59950565254678,21.725203480583726,2.3336284705083017,21.59950565254678,21.725203480583726,21.725203480583726,0.0,1.0,51.5,-9.167667359704865,23.15775975265592,24.90638395231087,-449.16766735970486,143.15775975265592,471.4294619333391,21.725203480583726,514.0
09_LTAN06_800km_1213COLD_MX_ALL_HEAT_MX_0p5,5263.5,767.5807390617576,-681.1355286419955,1026.2191770557617,-404.2093998416235,61.82047590473459,408.90953787043577,363.37133922013413,-619.3150527372609,718.0458653272714,1.0,89.10000000000001,3.371339220134132,-19.315052737260885,19.60706990808121,363.37133922013413,-619.3150527372609,718.0458653272714,1026.2191770557617,890.0,1.0,0.1,2.3033937156174034,23.17195708495217,23.28615936035848,2.3033937156174034,23.17195708495217,23.28615936035848,23.28615936035848,0.0,1.0,42.7,-1.9060061260061048,4.99243298968679,5.343898063107658,-401.9060061260061,84.99243298968679,410.79453675245446,23.28615936035848,426.0
09_LTAN06_800km_1213COLD_MX_ALL_HEAT_MX_0p5,5324.0,769.8160622290521,-679.7067770298266,1026.9459929354211,-321.22229371689497,68.979825660232,328.5452454820479,448.59376851215717,-610.7269513695946,757.7755461065882,1.0,89.5,8.593768512157169,-10.726951369594644,13.744829679781137,448.59376851215717,-610.7269513695946,757.7755461065882,1026.9459929354211,894.0,1.0,0.1,2.2707345835842716,24.600708697121036,24.705284939657997,2.2707345835842716,24.600708697121036,24.705284939657997,24.705284939657997,0.0,1.0,27.900000000000002,1.0484408666893046,13.58053435735303,13.620944962894106,-318.9515591333107,93.58053435735303,332.3964703244869,24.705284939657997,278.0
09_LTAN06_800km_1213COLD_MX_ALL_HEAT_MX_0p5,5384.5,772.0687388926353,-678.4171778215634,1027.7840263103135,-403.98250081103384,44.20042576520667,406.3933299149514,368.0862380816015,-634.2167520563568,733.292825039206,1.0,101.30000000000001,8.086238081601493,5.783247943643232,9.941488977512165,368.0862380816015,-634.2167520563568,733.292825039206,1027.7840263103135,1012.0,1.0,0.4,2.23538209534604,-14.109692094615752,14.285669186882913,2.23538209534604,25.890307905384248,25.98663072712189,25.98663072712189,3.0,1.0,42.7,-1.7471187156878045,-9.909266329409093,10.062106290129684,-401.7471187156878,70.09073367059091,407.81547094591525,25.98663072712189,426.0
09_LTAN06_800km_1213COLD_MX_ALL_HEAT_MX_0p5,5445.0,774.344494835075,-677.3098924725539,1028.7653216951717,-309.5617621137123,72.21379667967597,317.8731146131113,464.7827327213627,-605.0960957928779,762.9969028637805,1.0,89.7,-15.21726727863728,-5.096095792877918,16.04791001220012,464.7827327213627,-605.0960957928779,762.9969028637805,1028.7653216951717,896.0,1.0,0.4,2.201166150235281,-13.002406745606208,13.187407387319444,2.201166150235281,26.99759325439379,27.087177297581796,27.087177297581796,3.0,1.0,27.900000000000002,12.63940403652299,19.211389934069757,22.99634835353975,-307.360595963477,99.21138993406976,322.97590598011146,27.087177297581796,278.0
09_LTAN06_800km_1213COLD_MX_ALL_HEAT_MX_0p5,5505.5,776.646305782573,-676.4089827531571,1029.9070813597111,-354.03451287587393,63.953237303124865,359.764440806491,422.61179290669907,-612.4557454500323,744.1120665857861,1.0,89.5,-17.388207093300935,-12.455745450032282,21.389140717558544,422.61179290669907,-612.4557454500323,744.1120665857861,1029.9070813597111,894.0,1.0,0.4,2.166968305185833,-12.101497026209472,12.293981532076444,2.166968305185833,27.898502973790528,27.982534192139905,27.982534192139905,3.0,1.0,34.9,8.132455429311904,11.851740276915393,14.373607024724281,-351.8675445706881,91.8517402769154,363.6585089257545,27.982534192139905,348.0
09_LTAN06_800km_1213COLD_MX_ALL_HEAT_MX_0p5,5566.0,778.9732478561687,-675.7066195385249,1031.2025778496527,-303.27794748750193,8.312521840580477,303.39184473479526,475.6953003686667,-667.3940976979444,819.5736089180089,1.0,114.9,-4.304699631333278,12.605902302055597,13.32063105730999,475.6953003686667,-667.3940976979444,819.5736089180089,1031.2025778496527,1148.0,1.0,0.4,2.138359562023197,-11.399133811577258,11.597966773134846,2.138359562023197,28.600866188422742,28.680692605733203,28.680692605733203,3.0,1.0,21.5,-21.139587925478736,-3.086611970996728,21.363739165196403,-301.13958792547874,36.91338802900327,303.3935556858565,28.680692605733203,214.0
09_LTAN06_800km_1213COLD_MX_ALL_HEAT_MX_0p5,5626.5,781.3227464253146,-675.2550503050802,1032.6832123377008,-335.0852038478453,-48.16353437267706,338.528905532482,446.23754257746924,-723.4185846777573,849.977877984332,1.0,128.5,6.237542577469242,-3.4185846777572806,7.112921945637987,446.23754257746924,-723.4185846777573,849.977877984332,1032.6832123377008,1284.0,1.0,0.4,2.097851590328446,-10.947564578132528,11.146755199941625,2.097851590328446,29.05243542186747,29.128078982947425,29.128078982947425,3.0,1.0,27.3,-12.987352257516875,20.888901049190395,24.597103603955002,-332.9873522575169,-19.111098950809605,333.53532176754425,29.128078982947425,272.0
09_LTAN06_800km_1213COLD_MX_ALL_HEAT_MX_0p5,5687.0,783.6942121599567,-675.0567342911467,1034.3491734829408,-309.4007336922762,-91.94816886009966,322.77434806075314,474.2934784676805,-767.0049031512463,901.8042055651686,1.0,143.3,-5.7065215323195275,-7.004903151246253,9.035101336297569,474.2934784676805,-767.0049031512463,901.8042055651686,1034.3491734829408,1432.0,1.0,0.4,2.059062096994012,-10.749248564198979,10.944682791849711,2.059062096994012,29.25075143580102,29.323134148284574,29.323134148284574,3.0,1.0,27.1,12.658328404717793,17.30258257570142,21.438578352835147,-307.3416715952822,-62.69741742429858,313.67159458685296,29.323134148284574,270.0
09_LTAN06_800km_1213COLD_MX_ALL_HEAT_MX_0p5,5747.5,786.0869026994989,-675.1030715458108,1036.1934065637938,-306.7179465509215,-23.724689719443646,307.63413275951325,479.36895614857735,-698.8277612652545,847.4401666395004,1.0,114.9,-0.6310438514226462,-18.82776126525448,18.838333541049625,479.36895614857735,-698.8277612652545,847.4401666395004,1036.1934065637938,1148.0,1.0,0.4,2.0280977907410715,-10.795585818863174,10.984436891404515,2.0280977907410715,29.204414181136826,29.274750012804457,29.274750012804457,3.0,1.0,27.5,15.310151239819561,5.479724461693195,16.261245682979737,-304.68984876018044,5.479724461693195,304.73912009730174,29.274750012804457,274.0
09_LTAN06_800km_1213COLD_MX_ALL_HEAT_MX_0p5,5808.0,788.4913727912307,-675.4070872913273,1038.216441080353,-309.26419363140576,-56.05006114359089,314.3023239123184,479.2271791598249,-731.4571484349183,874.4645500201966,1.0,128.70000000000002,-0.7728208401750862,-11.457148434918281,11.48318345715853,479.2271791598249,-731.4571484349183,874.4645500201966,1038.216441080353,1286.0,1.0,0.4,2.0149423716068213,-11.099601564379668,11.281008272706659,2.0149423716068213,28.900398435620332,28.970554404403494,28.970554404403494,3.0,1.0,27.3,12.750748740201061,12.850337292029394,18.1028385054571,-307.24925125979894,-27.149662707970606,308.4464403828704,28.970554404403494,272.0
09_LTAN06_800km_1213COLD_MX_ALL_HEAT_MX_0p5,5868.5,790.9071787850697,-675.9582821006447,1040.4103827789365,-264.43242847220387,-83.74391426587597,277.3761929298865,526.4747503128658,-759.7021963665208,924.2959968976984,1.0,143.5,6.474750312865808,0.29780363347924776,6.481595375991109,526.4747503128658,-759.7021963665208,924.2959968976984,1040.4103827789365,1434.0,1.0,0.4,2.014778182939949,-11.650796373697062,11.823721379828072,2.014778182939949,28.349203626302938,28.42070860080794,28.42070860080794,3.0,1.0,21.1,17.582349710736025,-15.394710639573077,23.369555772988146,-262.417650289264,-55.39471063957308,268.2006658272505,28.42070860080794,210.0
09_LTAN06_800km_1213COLD_MX_ALL_HEAT_MX_0p5,5929.0,793.326492155138,-676.744235443485,1042.7606069281499,-343.8993967523284,-23.59003832983814,344.7075354485576,449.4270954028096,-700.3342737733232,832.1374941100864,1.0,114.7,9.427095402809584,-20.33427377332316,22.413228630033018,449.4270954028096,-700.3342737733232,832.1374941100864,1042.7606069281499,1146.0,1.0,0.4,2.0188065453179433,-12.436749716537292,12.599536633511924,2.0188065453179433,27.563250283462708,27.637082806552243,27.637082806552243,3.0,1.0,27.5,-21.88059020701047,3.9732119536245136,22.238404642319722,-341.88059020701047,3.9732119536245136,341.9036770400726,27.637082806552243,274.0
09_LTAN06_800km_1213COLD_MX_ALL_HEAT_MX_0p5,5989.5,795.7301997408433,-677.7493394935163,1045.2419423097697,-285.4740199071796,-42.459895438150554,288.6143772624355,510.25617983366374,-720.2092349316669,882.6452918014694,1.0,128.9,-9.743820166336263,-0.20923493166685603,9.746066421409761,510.25617983366374,-720.2092349316669,882.6452918014694,1045.2419423097697,1288.0,1.0,0.4,2.016467564876848,-13.44185376656867,13.592261552884299,2.016467564876848,26.55814623343133,26.634587903636188,26.634587903636188,3.0,1.0,21.1,-3.4575523423027335,24.09825079528082,24.34502740996641,-283.45755234230273,-15.90174920471918,283.90323986819715,26.634587903636188,210.0
09_LTAN06_800km_1213COLD_MX_ALL_HEAT_MX_0p5,6050.0,798.1183959703758,-678.9636409133133,1047.847603265183,-211.89713199434516,-127.39046001362055,247.24223718837118,586.2212639760306,-806.3541009269338,996.92642979276,1.0,159.3,-13.778736023969373,-6.354100926933825,15.17327140098313,586.2212639760306,-806.3541009269338,996.92642979276,1047.847603265183,1592.0,1.0,0.4,2.0133219799757853,-14.656155186365595,14.7937943152487,2.0133219799757853,25.343844813634405,25.423688468289512,25.423688468289512,3.0,1.0,10.700000000000001,-9.883810014369374,17.95338480001385,20.494236413624115,-209.88381001436937,-102.04661519998615,233.37678843432982,25.423688468289512,106.0
09_LTAN06_800km_1213COLD_MX_ALL_HEAT_MX_0p5,6110.5,800.4858123687098,-680.3451436480836,1050.5460724257289,-173.3244138962407,-45.28537173510021,179.14272897793415,627.1613984724692,-725.6305153831838,959.0990900783966,1.0,129.5,-12.838601527530841,-5.63051538318382,14.01900112928831,627.1613984724692,-725.6305153831838,959.0990900783966,1050.5460724257289,1294.0,1.0,0.1,2.0020904164312014,23.962342078864026,24.04583548018374,2.0020904164312014,23.962342078864026,24.04583548018374,24.04583548018374,0.0,1.0,7.300000000000001,-11.322323479809484,18.676970343763855,21.84088437319514,-171.32232347980948,-21.323029656236145,172.6441719729954,24.04583548018374,72.0
09_LTAN06_800km_1213COLD_MX_ALL_HEAT_MX_0p5,6171.0,802.8275371222995,-681.8536704726877,1053.307401615945,-123.29054654112024,-90.98426711265819,153.2275945397423,679.5369905811793,-772.8379375853458,1029.1010637149768,1.0,144.3,-0.46300941882066127,-12.837937585345799,12.846284255268172,679.5369905811793,-772.8379375853458,1029.1010637149768,1053.307401615945,1442.0,1.0,0.1,1.9925054482848736,22.453815254260007,22.542047321259094,1.9925054482848736,22.453815254260007,22.542047321259094,22.542047321259094,0.0,1.0,4.1000000000000005,-1.2980410928353194,11.469548141601877,11.542765927246908,-121.29804109283532,-68.53045185839812,139.31847546135216,22.542047321259094,40.0
09_LTAN06_800km_1213COLD_MX_ALL_HEAT_MX_0p5,6231.5,805.1444216184367,-683.4827020046761,1056.1279011572888,-15.133888556144125,-151.638218628607,152.3915480979408,790.0105330622926,-835.120920633283,1149.5840962838472,1.0,176.5,-9.989466937707448,4.879079366716951,11.117322751736287,790.0105330622926,-835.120920633283,1149.5840962838472,1056.1279011572888,1764.0,1.0,0.1,1.984946092936525,20.824783722271604,20.919168914449074,1.984946092936525,20.824783722271604,20.919168914449074,20.919168914449074,0.0,1.0,3.3000000000000003,-13.148942463207618,-10.813434906335374,17.02424924554081,-13.148942463207618,-130.81343490633537,131.4726185937391,20.919168914449074,32.0
09_LTAN06_800km_1213COLD_MX_ALL_HEAT_MX_0p5,6292.0,807.4571083610728,-685.1882761111839,1058.9947854276909,-84.44239008762074,-116.33435928564363,143.75047963089074,723.014718273452,-801.5226353968275,1079.439121902442,1.0,159.9,3.01471827345199,-1.522635396827468,3.377416885721585,723.014718273452,-801.5226353968275,1079.439121902442,1058.9947854276909,1598.0,1.0,0.1,1.9838007759615266,19.119209615763793,19.221853236621598,1.9838007759615266,19.119209615763793,19.221853236621598,19.221853236621598,0.0,1.0,1.1,-2.4585893116592388,-17.215149669879793,17.38982574840149,-82.45858931165924,-97.21514966987979,127.47628907607097,19.221853236621598,10.0
09_LTAN06_800km_1213COLD_MX_ALL_HEAT_MX_0p5,6352.5,809.772713355,-686.9524719399597,1061.9018532796429,-60.553768456612474,-123.72569525431938,137.74907092413272,749.2189448983875,-810.678167194279,1103.8696110320857,1.0,160.10000000000002,-10.781055101612537,-10.678167194279013,15.174136012735033,749.2189448983875,-810.678167194279,1103.8696110320857,1061.9018532796429,1600.0,1.0,0.1,1.9947608585840726,17.355013786988025,17.469275154667507,1.9947608585840726,17.355013786988025,17.469275154667507,17.469275154667507,0.0,1.0,3.1,-18.559007598028415,13.629318532668663,23.025965488739487,-58.559007598028415,-106.37068146733134,121.42437665761524,17.469275154667507,30.0
09_LTAN06_800km_1213COLD_MX_ALL_HEAT_MX_0p5,6413.0,812.0906253377259,-688.7726629652487,1064.846920927914,-0.01304711069824549,-160.72800538320016,160.72800591275038,812.0775782270276,-849.5006683484489,1175.211205947057,1.0,176.5,12.07757822702763,-9.500668348448926,15.366541409737948,812.0775782270276,-849.5006683484489,1175.211205947057,1064.846920927914,1764.0,1.0,0.1,2.017577973035827,15.534822761698933,15.665290904246836,2.017577973035827,15.534822761698933,15.665290904246836,15.665290904246836,0.0,1.0,5.9,2.0045308623375604,14.80681737849875,14.941886924290262,2.0045308623375604,-145.19318262150125,145.20701919583183,15.665290904246836,58.0
09_LTAN06_800km_1213COLD_MX_ALL_HEAT_MX_0p5,6473.5,814.4193782119327,-690.609821839022,1067.8112425085421,1.9225525612579126,-233.20425024274988,233.21217493868946,816.3419307731906,-923.8140720817719,1232.820582126534,1.0,211.3,16.341930773190597,-3.814072081771883,16.7811157924825,816.3419307731906,-923.8140720817719,1232.820582126534,1067.8112425085421,2112.0,1.0,0.1,2.0138112540978454,13.697663887925728,13.844906346874135,2.0138112540978454,13.697663887925728,13.844906346874135,13.844906346874135,0.0,1.0,9.3,3.936363815355776,-19.506586354824208,19.89979576038549,3.936363815355776,-219.5065863548242,219.54187849527648,13.844906346874135,92.0
09_LTAN06_800km_1213COLD_MX_ALL_HEAT_MX_0p5,6534.0,816.7596559415465,-692.4616420512244,1070.7938463056423,-44.87242289228767,-122.5922256355058,130.54649793269473,771.8872330492588,-815.0538676867302,1122.5518730889628,1.0,160.10000000000002,11.887233049258839,-15.0538676867302,19.1813774765258,771.8872330492588,-815.0538676867302,1122.5518730889628,1070.7938463056423,1600.0,1.0,0.1,1.999363402200288,11.845843675723245,12.01338696636924,1.999363402200288,11.845843675723245,12.01338696636924,12.01338696636924,0.0,1.0,3.1,-2.873059490087371,9.253618040217475,9.689371376297816,-42.87305949008737,-110.74638195978252,118.75546449415545,12.01338696636924,30.0
09_LTAN06_800km_1213COLD_MX_ALL_HEAT_MX_0p5,6594.5,819.1124118769525,-694.3211820946394,1073.7909699732884,72.64681592613753,-199.8499259755179,212.64419290595757,891.75922780309,-894.1711080701573,1262.8446028230774,1.0,193.9,11.75922780308997,-14.171108070157288,18.41466107374885,891.75922780309,-894.1711080701573,1262.8446028230774,1073.7909699732884,1938.0,1.0,0.1,1.976666805420109,9.98630363230825,10.18005264703001,1.976666805420109,9.98630363230825,10.18005264703001,10.18005264703001,0.0,1.0,9.700000000000001,-5.376517268442399,10.136377656790387,11.474018038112835,74.6234827315576,-189.8636223432096,204.00210602901137,10.18005264703001,96.0
09_LTAN06_800km_1213COLD_MX_ALL_HEAT_MX_0p5,6655.0,821.4824269722855,-696.1540986439096,1076.784057684265,62.96304203670356,-184.36466544084095,194.81959481948655,884.445469008989,-880.5187640847505,1248.0212664677902,1.0,193.9,4.445469008988994,-0.5187640847505008,4.475635249381769,884.445469008989,-880.5187640847505,1248.0212664677902,1076.784057684265,1938.0,1.0,0.1,1.9732268017146453,8.15338708303807,8.388763015895552,1.9732268017146453,8.15338708303807,8.388763015895552,8.388763015895552,0.0,1.0,6.300000000000001,-15.063731161581813,-16.211278357802826,22.12965301360546,64.93626883841819,-176.21127835780283,187.79545689698247,8.388763015895552,62.0
09_LTAN06_800km_1213COLD_MX_ALL_HEAT_MX_0p5,6715.5,823.868995321626,-697.9596424380766,1079.7720981413406,58.635880233709386,-220.60576680199503,228.2653517226785,882.5048755553354,-918.5654092400716,1273.8042496519306,1.0,211.70000000000002,2.5048755553353885,1.4345907599283692,2.886598724483302,882.5048755553354,-918.5654092400716,1273.8042496519306,1079.7720981413406,2116.0,1.0,0.1,1.9871826456577537,6.347843288871104,6.651617043040682,1.9871826456577537,6.347843288871104,6.651617043040682,6.651617043040682,0.0,1.0,9.700000000000001,-19.376937120632874,-14.257923513123956,24.05730814291269,60.623062879367126,-214.25792351312396,222.66929186807815,6.651617043040682,96.0
09_LTAN06_800km_1213COLD_MX_ALL_HEAT_MX_0p5,6776.0,826.2640183914542,-699.7218213868266,1082.738590525567,60.71288524889796,-172.81069445996604,183.16547315196055,886.9769036403521,-872.5325158467926,1244.202965275907,1.0,193.9,6.976903640352134,7.4674841532073515,10.219613690603074,886.9769036403521,-872.5325158467926,1244.202965275907,1082.738590525567,1938.0,1.0,0.1,2.0004688321937465,4.58566434012107,5.003018387817161,2.0004688321937465,4.58566434012107,5.003018387817161,5.003018387817161,0.0,1.0,6.1000000000000005,22.713354081091666,-8.225030119844973,24.15672937476016,62.713354081091666,-168.22503011984497,179.5344689437745,5.003018387817161,60.0
09_LTAN06_800km_1213COLD_MX_ALL_HEAT_MX_0p5,6836.5,828.6553084458934,-701.416319840707,1085.6585439052371,45.425168680722045,-214.18944545937364,218.95333862690026,874.0804771266155,-915.6057653000807,1265.839878477779,1.0,211.70000000000002,-5.919522873384494,4.394234699919252,7.372248615347739,874.0804771266155,-915.6057653000807,1265.839878477779,1085.6585439052371,2116.0,1.0,0.1,1.992708304545772,2.8911658862406284,3.511371038322103,1.992708304545772,2.8911658862406284,3.511371038322103,3.511371038322103,0.0,1.0,9.5,7.417876985267867,-11.298279573133073,13.515769318882397,47.41787698526787,-211.29827957313307,216.5534991828945,3.511371038322103,94.0
09_LTAN06_800km_1213COLD_MX_ALL_HEAT_MX_0p5,6897.0,831.0437095604739,-703.0446292950451,1088.5335998400053,187.91853355316468,-233.5836745363269,299.79110771112704,1018.9622431136386,-936.628303831372,1384.036355168899,0.0,nan,nan,nan,nan,1018.9622431136386,-936.628303831372,1384.036355168899,1088.5335998400053,nan,1.0,0.1,1.9732060065329051,1.2628564319026054,2.3427224145884877,1.9732060065329051,1.2628564319026054,2.3427224145884877,2.3427224145884877,0.0,1.0,14.5,-10.108260440302388,7.679181895575653,12.694359523596262,189.8917395596976,-232.32081810442435,300.053054104965,2.3427224145884877,144.0
09_LTAN06_800km_1213COLD_MX_ALL_HEAT_MX_0p5,6957.5,833.4257658834608,-704.5891416548006,1091.3497907528465,166.04507040779959,-234.17031170596243,287.06567243611477,999.4708362912604,-938.759453360763,1371.2079579228491,1.0,250.4,-0.5291637087395884,21.24054663923698,21.24713711925088,999.4708362912604,-938.759453360763,1371.2079579228491,1091.3497907528465,2503.0,1.0,0.1,1.9579586485217533,-0.28165592785296667,1.9781132755774746,1.9579586485217533,-0.28165592785296667,1.9781132755774746,1.9781132755774746,0.0,1.0,14.3,8.003029056321338,5.548032366184657,9.738025324086816,168.00302905632134,-234.45196763381534,288.43152202813536,1.9781132755774746,142.0
09_LTAN06_800km_1213COLD_MX_ALL_HEAT_MX_0p5,7018.0,835.7991346718277,-706.040754557446,1094.0995112942076,327.83932103077285,-76.92825997491448,336.7440832393142,1163.6384557026006,-782.9690145323605,1402.531615796132,1.0,338.40000000000003,3.638455702600595,17.03098546763954,17.415304358486992,1163.6384557026006,-782.9690145323605,1402.531615796132,1094.0995112942076,3383.0,1.0,0.1,1.9492034817830017,-1.7332688304983321,2.6083740245931053,1.9492034817830017,-1.7332688304983321,2.6083740245931053,2.6083740245931053,0.0,1.0,27.0,9.78852451255591,1.338471194587214,9.879611190307422,329.7885245125559,-78.66152880541279,339.03997848951894,2.6083740245931053,269.0
09_LTAN06_800km_1213COLD_MX_ALL_HEAT_MX_0p5,7078.5,838.1640050852511,-707.4036080439892,1096.785650933765,282.1401160753451,-74.90060845260643,291.91290866554675,1120.3041211605962,-782.3042164965956,1366.41180141192,1.0,315.40000000000003,0.3041211605961962,17.695783503404414,17.69839663584479,1120.3041211605962,-782.3042164965956,1366.41180141192,1096.785650933765,3153.0,1.0,0.1,1.9374532943735403,-3.096122317041477,3.6523552223135645,1.9374532943735403,-3.096122317041477,3.6523552223135645,3.6523552223135645,0.0,1.0,20.8,4.077569369718617,2.003269230352089,4.543089210453932,284.0775693697186,-77.99673076964791,294.59048767697885,3.6523552223135645,207.0
09_LTAN06_800km_1213COLD_MX_ALL_HEAT_MX_0p5,7139.0,791.2400253386699,-709.0493979397137,1062.4555644433367,354.3639281513185,-11.056960825580834,354.53638735330287,1145.6039534899883,-720.1063587652945,1353.130291651954,1.0,338.8,-14.396046510011729,-0.10635876529454436,14.396439396787521,1145.6039534899883,-720.1063587652945,1353.130291651954,1062.4555644433367,3387.0,1.0,0.1,-0.027328097814461216,-4.74191221276601,4.741990959344988,-0.027328097814461216,-4.74191221276601,4.741990959344988,4.741990959344988,0.0,1.0,34.2,-5.6633999464960425,24.20112696165313,24.854952125643404,354.33660005350396,-15.79887303834687,354.6886388464658,4.741990959344988,341.0
09_LTAN06_800km_1213COLD_MX_ALL_HEAT_MX_0p5,7199.5,746.0083736914594,-710.631461555873,1030.3036289224708,348.45453284962946,-132.209266498677,372.6927039956266,1094.4629065410888,-842.84072805455,1381.3868200695604,1.0,293.0,14.462906541088842,-2.840728054550027,14.739246978600297,1094.4629065410888,-842.84072805455,1381.3868200695604,1030.3036289224708,2929.0,1.0,0.1,0.44259296532857206,-6.323975828925313,6.339444677398008,0.44259296532857206,-6.323975828925313,6.339444677398008,6.339444677398008,0.0,1.0,33.6,-11.10287418504197,21.466757672397648,24.168067778254734,348.89712581495803,-138.53324232760235,375.3940111825665,6.339444677398008,335.0
09_LTAN06_800km_1213COLD_MX_ALL_HEAT_MX_0p5,7260.0,702.5265225046481,-712.1117100136538,1000.3232489355848,309.82277216679057,-92.85762421798836,323.4388482055366,1012.3492946714387,-804.9693342316422,1293.3780280625972,1.0,251.20000000000002,12.349294671438656,-4.969334231642165,13.31162505435733,1012.3492946714387,-804.9693342316422,1293.3780280625972,1000.3232489355848,2511.0,1.0,0.1,0.9646530202359145,-7.80422428670613,7.863616990079317,0.9646530202359145,-7.80422428670613,7.863616990079317,7.863616990079317,0.0,1.0,26.8,-9.212574812973571,19.33815149530551,21.420449060185966,310.78742518702643,-100.66184850469449,326.6827687509147,7.863616990079317,267.0
09_LTAN06_800km_1213COLD_MX_ALL_HEAT_MX_0p5,7320.5,660.77494247588,-713.4465175549824,972.4348091339256,498.3557606140379,-72.48533749957575,503.59963094667137,1159.130703089918,-785.9318550545581,1400.4545218018422,1.0,338.40000000000003,-0.8692969100820847,14.068144945441873,14.094977095541516,1159.130703089918,-785.9318550545581,1400.4545218018422,972.4348091339256,3383.0,1.0,0.1,1.484724452121668,-9.139031828034717,9.258850331037843,1.484724452121668,-9.139031828034717,9.258850331037843,9.258850331037843,0.0,1.0,59.800000000000004,19.840485066159545,-1.6243693276104523,19.906868748574738,499.84048506615954,-81.62436932761045,506.46129978439996,9.258850331037843,597.0
09_LTAN06_800km_1213COLD_MX_ALL_HEAT_MX_0p5,7381.0,620.7432437096021,-714.6285645350032,946.5813012417252,513.274296610807,-2.5698130152985037,513.2807297183991,1134.0175403204091,-717.1983775503016,1341.7784073814632,1.0,315.8,14.017540320409125,2.801622449698357,14.294772645444537,1134.0175403204091,-717.1983775503016,1341.7784073814632,946.5813012417252,3157.0,1.0,0.1,1.9822594146725123,-10.321078808055518,10.509710754780578,1.9822594146725123,-10.321078808055518,10.509710754780578,10.509710754780578,0.0,1.0,70.4,-4.74344397452046,-12.890891823353968,13.735914703463642,515.2565560254795,-12.890891823353968,515.4177855092308,10.509710754780578,703.0
09_LTAN06_800km_1213COLD_MX_ALL_HEAT_MX_0p5,7441.5,582.3897061017191,-715.6494580819124,922.6764961925613,435.6259201313371,-101.07593772350229,447.1982641703335,1018.0156262330562,-816.7253958054147,1305.1422096492754,1.0,251.20000000000002,18.015626233056196,-16.725395805414678,24.582547740561097,1018.0156262330562,-816.7253958054147,1305.1422096492754,922.6764961925613,2511.0,1.0,0.1,2.420485588675888,-11.341972354964696,11.597374159083214,2.420485588675888,-11.341972354964696,11.597374159083214,11.597374159083214,0.0,1.0,50.2,-1.9535942799869872,7.582089921532997,7.829726571791006,438.046405720013,-112.417910078467,452.2415726916672,11.597374159083214,501.0
09_LTAN06_800km_1213COLD_MX_ALL_HEAT_MX_0p5,7502.0,545.6462633570702,-716.4951227980044,900.6081865655345,-494.04614963626915,-347.96782776924215,604.2873547682988,51.60011372080106,-1064.4629505672465,1065.7128810642798,1.0,286.7,11.600113720801062,15.53704943275352,19.389753567576445,51.60011372080106,-1064.4629505672465,1065.7128810642798,900.6081865655345,2866.0,1.0,0.1,2.7977474788646077,-12.18763707105677,12.50463467404348,2.7977474788646077,-12.18763707105677,12.50463467404348,12.50463467404348,0.0,1.0,58.5,-11.248402157404541,-0.15546484029880503,11.24947645054081,-491.24840215740454,-360.1554648402988,609.1280255221678,12.50463467404348,584.0
09_LTAN06_800km_1213COLD_MX_ALL_HEAT_MX_0p5,7562.5,510.4614164205929,-717.1686509852854,880.2850286186696,-315.5817932050848,-273.22591058097464,417.4257615616694,194.8796232155081,-990.39456156626,1009.385682048563,1.0,246.3,-5.120376784491896,9.605438433740005,10.88497615613067,194.8796232155081,-990.39456156626,1009.385682048563,880.2850286186696,2462.0,1.0,0.1,3.096085570147409,-12.861165258337678,13.22857957832008,3.096085570147409,-12.861165258337678,13.22857957832008,13.22857957832008,0.0,1.0,26.1,7.514292365062602,-6.08707583931232,9.670423052854403,-312.4857076349374,-286.0870758393123,423.66629844536374,13.22857957832008,260.0
09_LTAN06_800km_1213COLD_MX_ALL_HEAT_MX_0p5,7623.0,476.76608021813166,-717.673415110253,861.6037523145866,-389.7991967477418,-311.8367996663067,499.18493908701714,86.96688347038986,-1029.5102147765597,1033.1769069960044,1.0,265.90000000000003,6.96688347038986,10.489785223440322,12.592579534150197,86.96688347038986,-1029.5102147765597,1033.1769069960044,861.6037523145866,2658.0,1.0,0.1,3.3166913015958244,-13.365929383305343,13.771292948361332,3.3166913015958244,-13.365929383305343,13.771292948361332,13.771292948361332,0.0,1.0,40.7,13.517494553854021,-5.202729049612003,14.484165442894863,-386.482505446146,-325.202729049612,505.0995367224619,13.771292948361332,406.0
09_LTAN06_800km_1213COLD_MX_ALL_HEAT_MX_0p5,7683.5,444.4898308862236,-718.0132824065564,844.4609425387896,-321.3336790512444,-405.5238412649845,517.4020865119472,123.1561518349792,-1123.537123671541,1130.266829559693,1.0,308.90000000000003,3.156151834979198,-3.5371236715409395,4.740520886275876,123.1561518349792,-1123.537123671541,1130.266829559693,844.4609425387896,3088.0,1.0,0.1,3.469849139334883,-13.705796679608738,14.138200581138921,3.469849139334883,-13.705796679608738,14.138200581138921,14.138200581138921,0.0,1.0,36.7,2.1361700880904664,-19.229637944593264,19.34792490489338,-317.86382991190953,-419.22963794459326,526.1092127091315,14.138200581138921,366.0
09_LTAN06_800km_1213COLD_MX_ALL_HEAT_MX_0p5,7744.0,413.575501342092,-718.193120535155,828.7617593098673,-416.0445587953071,-302.2520952739812,514.2464428663494,-2.4690574532151004,-1020.4452158091362,1020.4482028562066,1.0,245.3,-2.4690574532151004,-20.445215809136243,20.593763478039453,-2.4690574532151004,-1020.4452158091362,1020.4482028562066,828.7617593098673,2452.0,1.0,0.1,3.5517685586725634,-13.885634808207328,14.332686905157523,3.5517685586725634,-13.885634808207328,14.332686905157523,14.332686905157523,0.0,1.0,40.7,-12.492790236634562,3.8622699178114317,13.07619733770422,-412.49279023663456,-316.13773008218857,519.7050763449622,14.332686905157523,406.0
09_LTAN06_800km_1213COLD_MX_ALL_HEAT_MX_0p5,7804.5,383.9447074772108,-718.2245676435376,814.4078020049338,-393.91813650743995,-303.18574926022353,497.0845972507871,-9.97342903022917,-1021.4103169037612,1021.4590078725934,1.0,245.3,-9.97342903022917,-21.410316903761213,23.619292041475354,-9.97342903022917,-1021.4103169037612,1021.4590078725934,814.4078020049338,2452.0,1.0,0.1,3.574112320081781,-13.91708191658995,14.36869680763135,3.574112320081781,-13.91708191658995,14.36869680763135,14.36869680763135,0.0,1.0,40.7,9.655975812641827,2.897168823186462,10.08124278471497,-390.3440241873582,-317.10283117681354,502.9141703701851,14.36869680763135,406.0
09_LTAN06_800km_1213COLD_MX_ALL_HEAT_MX_0p5,7865.0,355.5347742667629,-718.114586852669,801.3073914319632,-399.57578539752984,-206.75149922572632,449.89664447308155,-44.04101113076695,-924.8660860783954,925.9140823204873,1.0,207.10000000000002,-4.041011130766947,-4.866086078395369,6.32523238160746,-44.04101113076695,-924.8660860783954,925.9140823204873,801.3073914319632,2070.0,1.0,0.1,3.5355295816120815,-13.807101125721374,14.252579097073992,3.5355295816120815,-13.807101125721374,14.252579097073992,14.252579097073992,0.0,1.0,41.1,3.95974418408224,19.441399648552306,19.840554284044156,-396.04025581591776,-220.5586003514477,453.3144387902587,14.252579097073992,410.0
09_LTAN06_800km_1213COLD_MX_ALL_HEAT_MX_0p5,7925.5,328.29334048403155,-717.8674163618316,789.3732608089633,-304.68827160870086,-229.79399013365116,381.6283804402419,23.605068875330687,-947.6614064954828,947.955347385944,1.0,226.10000000000002,-16.394931124669313,12.338593504517235,20.51912903249954,23.605068875330687,-947.6614064954828,947.955347385944,789.3732608089633,2260.0,1.0,0.1,3.456132635671395,-13.559930634883926,13.993447452940842,3.456132635671395,-13.559930634883926,13.993447452940842,13.993447452940842,0.0,1.0,20.1,-21.232138973029464,-3.3539207685350902,21.49540671612537,-301.23213897302946,-243.3539207685351,387.2491863176539,13.993447452940842,200.0
09_LTAN06_800km_1213COLD_MX_ALL_HEAT_MX_0p5,7986.0,302.1381630252043,-717.5065500558272,778.5262480669874,-421.072059211848,-283.75612589264585,507.75901570578645,-118.93389618664372,-1001.2626759484731,1008.301650256327,1.0,244.70000000000002,1.0661038133562784,-1.2626759484730883,1.652551933134088,-118.93389618664372,-1001.2626759484731,1008.301650256327,778.5262480669874,2446.0,1.0,0.1,3.3301981290280764,-13.199064328879558,13.612696967775447,3.3301981290280764,-13.199064328879558,13.612696967775447,13.612696967775447,0.0,1.0,40.900000000000006,-17.741861082819923,-16.955190221525413,24.54082537589539,-417.7418610828199,-296.9551902215254,512.5335574383793,13.612696967775447,408.0
09_LTAN06_800km_1213COLD_MX_ALL_HEAT_MX_0p5,8046.5,277.0212170072496,-717.0372157933991,768.6892242674716,-393.4663894698396,-277.16126606168507,481.28387366225735,-116.44517246259,-994.1984818550842,1000.9945551863889,1.0,244.70000000000002,3.554827537410006,5.8015181449158035,6.803999677139601,-116.44517246259,-994.1984818550842,1000.9945551863889,768.6892242674716,2446.0,1.0,0.1,3.1562491852179733,-12.729730066451452,13.115179620726023,3.1562491852179733,-12.729730066451452,13.115179620726023,13.115179620726023,0.0,1.0,40.900000000000006,9.689859715378361,-9.890996128136521,13.846486403074394,-390.31014028462164,-289.8909961281365,486.1880245801662,13.115179620726023,408.0
09_LTAN06_800km_1213COLD_MX_ALL_HEAT_MX_0p5,8107.0,252.8941504726474,-716.4609160196118,759.7839795145348,-396.45516448397484,-303.9190870171458,499.54330032475764,-143.56101401132744,-1020.3800030367576,1030.429578060167,0.0,nan,nan,nan,nan,-143.56101401132744,-1020.3800030367576,1030.429578060167,759.7839795145348,nan,1.0,0.1,2.970671221936044,-12.153430292664098,12.511225175316937,2.970671221936044,-12.153430292664098,12.511225175316937,12.511225175316937,0.0,1.0,40.7,6.515506737961232,3.927482690190118,7.607690078740144,-393.48449326203877,-316.0725173098099,504.7097013494425,12.511225175316937,406.0
09_LTAN06_800km_1213COLD_MX_ALL_HEAT_MX_0p5,8167.5,279.07944075112863,-715.4069968077241,767.9143867199062,-330.43585504746864,-282.07795073173895,434.4603832226467,-51.356414296340006,-997.4849475394631,998.8061382756829,1.0,245.10000000000002,-11.356414296340006,2.5150524605369355,11.631579194132177,-51.356414296340006,-997.4849475394631,998.8061382756829,767.9143867199062,2450.0,1.0,0.1,5.055273345149942,-11.099511080776438,12.196513224133462,5.055273345149942,-11.099511080776438,12.196513224133462,12.196513224133462,0.0,1.0,26.1,-5.380581702318693,-13.17746181251539,14.233627762296866,-325.3805817023187,-293.1774618125154,437.97893449773153,12.196513224133462,260.0
09_LTAN06_800km_1213COLD_MX_ALL_HEAT_MX_0p5,8228.0,304.6243947536199,-714.2338187267236,776.4830775309708,-352.98014850220744,-355.73384950118026,501.14025673215355,-48.35575374858752,-1069.967668227904,1071.0597975713831,1.0,286.3,-8.355753748587517,10.032331772096086,13.056274410889309,-48.35575374858752,-1069.967668227904,1071.0597975713831,776.4830775309708,2862.0,1.0,0.1,4.316854635687605,-9.926332999775923,10.824385468381013,4.316854635687605,-9.926332999775923,10.824385468381013,10.824385468381013,0.0,1.0,29.1,11.336706133480163,-5.660182500956239,12.671170897001508,-348.66329386651984,-365.66018250095624,505.2459416526607,10.824385468381013,290.0
09_LTAN06_800km_1213COLD_MX_ALL_HEAT_MX_0p5,8288.5,329.38918033157904,-712.9952383289035,785.4039992253664,-374.98287960285995,-316.04036803117725,490.4015438602686,-45.59369927128091,-1029.0356063600807,1030.0451759850628,1.0,265.3,-5.5936992712809115,10.964393639919308,12.308834202662394,-45.59369927128091,-1029.0356063600807,1030.0451759850628,785.4039992253664,2652.0,1.0,0.1,3.489211520204094,-8.687752601955822,9.36224558028228,3.489211520204094,-8.687752601955822,9.36224558028228,9.36224558028228,0.0,1.0,32.9,-11.493668082655859,-4.728120633133017,12.428174874683739,-371.49366808265586,-324.728120633133,493.4125026338845,9.36224558028228,328.0
09_LTAN06_800km_1213COLD_MX_ALL_HEAT_MX_0p5,8349.0,353.2832925130353,-711.7349839413158,794.5915756757026,-239.23388449646157,-233.06848340862712,333.9966608360985,114.04940801657372,-944.8034673499429,951.6621561170779,1.0,226.5,-5.950591983426278,15.196532650057065,16.320053600937328,114.04940801657372,-944.8034673499429,951.6621561170779,794.5915756757026,2264.0,1.0,0.1,2.6011032582700295,-7.427498214368143,7.869781946447113,2.6011032582700295,-7.427498214368143,7.869781946447113,7.869781946447113,0.0,1.0,12.3,3.3672187618084592,-0.4959816229952594,3.403551080889474,-236.63278123819154,-240.49598162299526,337.39204248667437,7.869781946447113,122.0
09_LTAN06_800km_1213COLD_MX_ALL_HEAT_MX_0p5,8409.5,376.2628936915684,-710.4682768663278,803.9520741950738,-357.51350915934285,-172.67953834793883,397.03165137742457,18.749384532225577,-883.1478152142665,883.3468191701771,1.0,189.5,18.749384532225577,-3.1478152142665294,19.011790051450376,18.749384532225577,-883.1478152142665,883.3468191701771,803.9520741950738,1894.0,1.0,0.1,1.712886819062021,-6.1607911393800805,6.394476422505639,1.712886819062021,-6.1607911393800805,6.394476422505639,6.394476422505639,0.0,1.0,33.5,4.199377659719175,21.159670512681146,21.57235334714728,-355.8006223402808,-178.84032948731885,398.21846555485587,6.394476422505639,334.0
09_LTAN06_800km_1213COLD_MX_ALL_HEAT_MX_0p5,8470.0,398.3006263298881,-709.2334504600315,813.4220775134046,-266.4753553932642,-348.2532770017812,438.50822110246213,131.8252709366239,-1057.4867274618127,1065.6716571324437,1.0,266.1,11.825270936623895,-17.486727461812734,21.109776646101146,131.8252709366239,-1057.4867274618127,1065.6716571324437,813.4220775134046,2660.0,1.0,0.1,0.8486088825810043,-4.925964733083788,4.998526341551139,0.8486088825810043,-4.925964733083788,4.998526341551139,4.998526341551139,0.0,1.0,29.5,14.373253489316824,6.820758265134941,15.909530451259862,-265.6267465106832,-353.17924173486506,441.9198403039458,4.998526341551139,294.0
09_LTAN06_800km_1213COLD_MX_ALL_HEAT_MX_0p5,8530.5,419.3885450625812,-708.0540788171244,822.9382299172128,-381.5256360134494,-299.44357045591664,485.0033637232371,37.862909049131815,-1007.497649273041,1008.2088638632207,1.0,245.5,-2.137090950868185,-7.49764927304102,7.796274902401481,37.862909049131815,-1007.497649273041,1008.2088638632207,822.9382299172128,2454.0,1.0,0.1,0.03363791231839741,-3.7465930901767024,3.7467440922092545,0.03363791231839741,-3.7465930901767024,3.7467440922092545,3.7467440922092545,0.0,0.0,nan,nan,nan,nan,-381.491998101131,-303.19016354609334,487.2991072086016,3.7467440922092545,nan
09_LTAN06_800km_1213COLD_MX_ALL_HEAT_MX_0p5,8591.0,439.5350062798605,-706.9327485280794,832.433140070061,-301.82574067357757,-337.7626715522767,452.9706392552224,137.70926560628294,-1044.6954200803561,1053.7325858920249,1.0,266.1,17.70926560628294,-4.695420080356143,18.32116421095798,137.70926560628294,-1044.6954200803561,1053.7325858920249,832.433140070061,2660.0,1.0,0.1,-0.701992226091761,-2.6252628011317256,2.71749845639317,-0.701992226091761,-2.6252628011317256,2.71749845639317,2.71749845639317,0.0,0.0,nan,nan,nan,nan,-302.52773289966933,-340.38793435340847,455.39760103320043,2.71749845639317,nan
09_LTAN06_800km_1213COLD_MX_ALL_HEAT_MX_0p5,8651.5,458.7594111834129,-705.912958965276,841.886751876084,-259.1198645403731,-154.5407445221873,301.70506445350446,199.6395466430398,-860.4537034874633,883.3099820726186,1.0,173.5,-0.36045335696019265,-20.453703487463258,20.456879355747557,199.6395466430398,-860.4537034874633,883.3099820726186,841.886751876084,1734.0,1.0,0.1,-1.3321492915885642,-1.6054732383282726,2.086184568552884,-1.3321492915885642,-1.6054732383282726,2.086184568552884,2.086184568552884,0.0,1.0,15.100000000000001,-20.452013831961665,3.853782239484417,20.81193185007381,-260.45201383196166,-156.14621776051558,303.6723445261993,2.086184568552884,150.0
09_LTAN06_800km_1213COLD_MX_ALL_HEAT_MX_0p5,8712.0,477.0834167193654,-705.0023534510103,851.2560747977584,-340.2256129685523,-171.25956272986357,380.8980251277909,136.8578037508131,-876.2619161808739,886.8850005476882,1.0,190.10000000000002,16.857803750813105,3.738083819126132,17.267275927017003,136.8578037508131,-876.2619161808739,886.8850005476882,851.2560747977584,1900.0,1.0,0.1,-1.848088208857746,-0.6948677240626466,1.9744040066974728,-1.848088208857746,-0.6948677240626466,1.9744040066974728,1.9744040066974728,0.0,1.0,33.7,17.926298822589956,-11.954430453926193,21.546707334406065,-342.07370117741004,-171.9544304539262,382.8612584082466,1.9744040066974728,336.0
09_LTAN06_800km_1213COLD_MX_ALL_HEAT_MX_0p5,8772.5,494.5321176951053,-704.2006081418194,860.5001522017958,-286.68499976063305,-297.7390851802715,413.3241487401131,207.84711793447224,-1001.939693322091,1023.271016636371,1.0,246.3,7.847117934472237,-1.9396933220909887,8.083295742534737,207.84711793447224,-1001.939693322091,1023.271016636371,860.5001522017958,2462.0,1.0,0.1,-2.2592950216039753,0.1068775851282453,2.261821569630848,-2.2592950216039753,0.1068775851282453,2.261821569630848,2.261821569630848,0.0,1.0,17.1,-8.944294782237023,-17.632207595143313,19.771068606167496,-288.944294782237,-297.6322075951433,414.81771476777936,2.261821569630848,170.0
09_LTAN06_800km_1213COLD_MX_ALL_HEAT_MX_0p5,8833.0,511.14072992203967,-703.5312860523123,869.6097493931724,-180.50073400103764,-258.7658514260806,315.500048873495,330.639995921002,-962.2971374783929,1017.5158906384456,1.0,227.5,10.639995921002026,-2.2971374783928695,10.885143719472742,330.639995921002,-962.2971374783929,1017.5158906384456,869.6097493931724,2274.0,1.0,0.1,-2.5697217004336608,0.7761996746353361,2.6843910953107537,-2.5697217004336608,0.7761996746353361,2.6843910953107537,2.6843910953107537,0.0,1.0,12.5,16.929544298528697,-17.989651751445194,24.702976344848015,-183.0704557014713,-257.9896517514452,316.34388276300893,2.6843910953107537,124.0
09_LTAN06_800km_1213COLD_MX_ALL_HEAT_MX_0p5,8893.5,526.9380152036445,-702.9890211460684,878.5540596449734,-109.82458953004267,-252.30173362639698,275.168321680254,417.1134256736018,-955.2907547724653,1042.3838237573116,1.0,227.9,17.113425673601796,4.709245227534666,17.74954447018151,417.1134256736018,-955.2907547724653,1042.3838237573116,878.5540596449734,2278.0,1.0,0.1,-2.78108202532826,1.318464580879322,3.077785905913084,-2.78108202532826,1.318464580879322,3.077785905913084,3.077785905913084,0.0,1.0,12.9,7.394328444629082,-10.983269045517659,13.240403773045486,-112.60567155537092,-250.98326904551766,275.0866020132765,3.077785905913084,128.0
09_LTAN06_800km_1213COLD_MX_ALL_HEAT_MX_0p5,8954.0,541.9604041478696,-702.5676579826232,887.3118920127862,-88.80318935420252,-284.21382688727425,297.76417822395604,453.15721479366704,-986.7814848698974,1085.858720184902,1.0,247.5,13.157214793667038,13.21851513010256,18.650507858271343,453.15721479366704,-986.7814848698974,1085.858720184902,887.3118920127862,2474.0,1.0,0.1,-2.906727135832284,1.7398277443244297,3.3876338677762665,-2.906727135832284,1.7398277443244297,3.3876338677762665,3.3876338677762665,0.0,1.0,18.1,-11.7099164900348,-2.473999142949765,11.968409082367844,-91.7099164900348,-282.47399914294976,296.98866809092283,3.3876338677762665,180.0
09_LTAN06_800km_1213COLD_MX_ALL_HEAT_MX_0p5,9014.5,556.2567546132358,-702.2609356786456,895.8749906282106,-177.35935581350248,-267.0397121379382,320.57222111919407,378.8973987997333,-969.3006478165838,1040.7242596744122,1.0,227.70000000000002,18.89739879973331,-9.300647816583819,21.062139758445422,378.8973987997333,-969.3006478165838,1040.7242596744122,895.8749906282106,2276.0,1.0,0.1,-2.9557923533654957,2.046550048302038,3.5951461077985423,-2.9557923533654957,2.046550048302038,3.5951461077985423,3.5951461077985423,0.0,1.0,17.5,19.68485183313203,15.006837910363856,24.75274885260817,-180.31514816686797,-264.99316208963614,320.522898733778,3.5951461077985423,174.0
09_LTAN06_800km_1213COLD_MX_ALL_HEAT_MX_0p5,9075.0,569.8552027344583,-702.0684758476807,904.231771650729,-30.749481285506757,-356.25111691468715,357.57571072751824,539.1057214489516,-1058.3195927623678,1187.718543815705,0.0,nan,nan,nan,nan,539.1057214489516,-1058.3195927623678,1187.718543815705,904.231771650729,nan,1.0,0.1,-2.93985703386727,2.2390098792669733,3.695392349809959,-2.93985703386727,2.2390098792669733,3.695392349809959,3.695392349809959,0.0,1.0,30.700000000000003,6.310661680626026,5.987892964579828,8.699385783064589,-33.689338319373974,-354.0121070354202,355.6115063437276,3.695392349809959,306.0
09_LTAN06_800km_1213COLD_MX_ALL_HEAT_MX_0p5,9135.5,582.7816804042133,-701.9855487707005,912.3695510579362,-83.95068003715842,-284.65681244560886,296.7780611002031,498.83100036705486,-986.6423612163094,1105.5747445892978,1.0,247.70000000000002,18.831000367054855,13.357638783690618,23.08750936544641,498.83100036705486,-986.6423612163094,1105.5747445892978,912.3695510579362,2476.0,1.0,0.1,-2.872904624650232,2.321936956247214,3.693910152010098,-2.872904624650232,2.321936956247214,3.693910152010098,3.693910152010098,0.0,1.0,18.1,-6.823584661808638,-2.334875489361707,7.212000498314748,-86.82358466180864,-282.3348754893617,295.3833386823293,3.693910152010098,180.0
09_LTAN06_800km_1213COLD_MX_ALL_HEAT_MX_0p5,9196.0,595.060940727866,-702.0048927381321,920.2762588528561,23.432391678782906,-252.1210461479659,253.20762012730313,618.4933324066488,-954.125938886098,1137.0533450488413,1.0,228.9,18.493332406648847,5.87406111390203,19.403812446853436,618.4933324066488,-954.125938886098,1137.0533450488413,920.2762588528561,2288.0,1.0,0.1,-2.7652424847109387,2.3025929888156043,3.598402488798759,-2.7652424847109387,2.3025929888156043,3.598402488798759,3.598402488798759,0.0,1.0,13.5,20.667149194071953,-9.818453159150295,22.88084522583153,20.667149194071953,-249.8184531591503,250.6718783482515,3.598402488798759,134.0
09_LTAN06_800km_1213COLD_MX_ALL_HEAT_MX_0p5,9256.5,606.7175326205135,-702.1206215798701,927.9437114592819,86.36081717751843,-236.31986728808857,251.60538630686855,693.0783497980319,-938.4404888679587,1166.6311114081848,1.0,210.70000000000002,13.078349798031923,-18.44048886795872,22.60740726242156,693.0783497980319,-938.4404888679587,1166.6311114081848,927.9437114592819,2106.0,1.0,0.1,-2.629276452601175,2.1868641470775856,3.4198639537233637,-2.629276452601175,2.1868641470775856,3.4198639537233637,3.4198639537233637,0.0,1.0,13.9,3.731540724917295,5.866996858988955,6.953132267194588,83.7315407249173,-234.13300314101105,248.65484928309195,3.4198639537233637,138.0
09_LTAN06_800km_1213COLD_MX_ALL_HEAT_MX_0p5,9317.0,617.7601721189458,-702.3091252675712,935.3425777171327,131.47272075809352,-199.6011621815059,239.00983295200106,749.2328928770393,-901.910287449077,1172.5152853482866,1.0,193.3,-10.767107122960738,-21.910287449077032,24.412932881947928,749.2328928770393,-901.910287449077,1172.5152853482866,935.3425777171327,1932.0,1.0,0.1,-2.4504218426325224,1.9983604593764994,3.1619632718376125,-2.4504218426325224,1.9983604593764994,3.1619632718376125,3.1619632718376125,0.0,1.0,9.9,9.022298915460965,2.3971982778706433,9.335332736617056,129.02229891546096,-197.60280172212936,235.99495940775034,3.1619632718376125,98.0
09_LTAN06_800km_1213COLD_MX_ALL_HEAT_MX_0p5,9377.5,628.2072163101689,-702.5606759645071,942.4626305779325,51.50070907335654,-239.85018576061526,245.3170084695722,679.7079253835254,-942.4108617251225,1161.9557203812303,1.0,210.70000000000002,-0.2920746164745651,-22.41086172512246,22.41276490851023,679.7079253835254,-942.4108617251225,1161.9557203812303,942.4626305779325,2106.0,1.0,0.1,-2.2448917080024557,1.7468097624405345,2.8444477718558554,-2.2448917080024557,1.7468097624405345,2.8444477718558554,2.8444477718558554,0.0,1.0,13.700000000000001,9.255817365354119,1.8966240018252165,9.448139377945816,49.25581736535412,-238.10337599817478,243.1447165908758,2.8444477718558554,136.0
09_LTAN06_800km_1213COLD_MX_ALL_HEAT_MX_0p5,9438.0,638.0824867256673,-702.873403689812,949.3051571968377,37.25679056568102,-291.7876576934678,294.15660051322214,675.3392772913484,-994.6610613832797,1202.2619375512616,1.0,248.70000000000002,-4.660722708651633,5.33893861672027,7.0870728597953585,675.3392772913484,-994.6610613832797,1202.2619375512616,949.3051571968377,2486.0,1.0,0.1,-2.016283248106106,1.4340820371356813,2.474265431563181,-2.016283248106106,1.4340820371356813,2.474265431563181,2.474265431563181,0.0,1.0,18.7,-4.759492682425048,-10.353575656332055,11.39514367901736,35.24050731757495,-290.35357565633205,292.4843453117062,2.474265431563181,186.0
09_LTAN06_800km_1213COLD_MX_ALL_HEAT_MX_0p5,9498.5,647.3919639224275,-703.2161239352628,955.8395638986035,86.91296894685381,-133.53647782058047,159.3293917639905,734.3049328692813,-836.7526017558432,1113.2648611095801,1.0,176.10000000000002,14.304932869281288,3.247398244156784,14.668902472604989,734.3049328692813,-836.7526017558432,1113.2648611095801,955.8395638986035,1760.0,1.0,0.1,-1.7815723364344649,1.0913617916849034,2.089275125563467,-1.7815723364344649,1.0913617916849034,2.089275125563467,2.089275125563467,0.0,1.0,3.7,5.131396610419301,-12.44511602889554,13.461506013299383,85.1313966104193,-132.44511602889554,157.4454300662554,2.089275125563467,36.0
09_LTAN06_800km_1213COLD_MX_ALL_HEAT_MX_0p5,9559.0,656.1576359024888,-703.5871486143069,962.0694979305568,148.46990526501173,-189.32714248957436,240.59941739885647,804.6275411675006,-892.9142911038813,1201.9656447930633,1.0,193.5,4.627541167500567,-12.914291103881283,13.718347275553997,804.6275411675006,-892.9142911038813,1201.9656447930633,962.0694979305568,1934.0,1.0,0.1,-1.536476294489944,0.7203371126407774,1.6969516667769888,-1.536476294489944,0.7203371126407774,1.6969516667769888,1.6969516667769888,0.0,1.0,10.100000000000001,-13.066571029478155,11.393194623066393,17.33609420219753,146.93342897052185,-188.6068053769336,239.08567414951466,1.6969516667769888,100.0
09_LTAN06_800km_1213COLD_MX_ALL_HEAT_MX_0p5,9619.5,664.4008432049097,-703.9804603464945,967.9963682788574,181.836763155604,-117.5080229020503,216.50114060035804,846.2376063605137,-821.4884832485448,1179.390272356342,1.0,176.70000000000002,6.237606360513723,18.511516751455247,19.53417481103641,846.2376063605137,-821.4884832485448,1179.390272356342,967.9963682788574,1766.0,1.0,0.1,-1.2875596807616603,0.32702538045316487,1.3284410152444126,-1.2875596807616603,0.32702538045316487,1.3284410152444126,1.3284410152444126,0.0,1.0,6.800000000000001,20.54920347484233,2.819002478402922,20.741661901200537,180.54920347484233,-117.18099752159708,215.24265621748066,1.3284410152444126,67.0
09_LTAN06_800km_1213COLD_MX_ALL_HEAT_MX_0p5,9680.0,672.1383063321255,-704.3679808437154,973.6036951844784,238.10295099539877,-109.51978983039025,262.08319220661616,910.2412573275242,-813.8877706741056,1221.0456378833912,1.0,212.4,-9.758742672475819,-13.887770674105582,16.973604002808226,910.2412573275242,-813.8877706741056,1221.0456378833912,973.6036951844784,2123.0,1.0,0.1,-1.0352407401667278,-0.060495116767697255,1.0370067739671192,-1.0352407401667278,-0.060495116767697255,1.0370067739671192,1.0370067739671192,0.0,1.0,15.200000000000001,-2.9322897447680134,10.419715052842093,10.824453100720413,237.067710255232,-109.5802849471579,261.16840945022227,1.0370067739671192,151.0
09_LTAN06_800km_1213COLD_MX_ALL_HEAT_MX_0p5,9740.5,679.3905943534064,-704.7506123548318,978.8998954491645,257.83548361212314,-74.43963764676738,268.3661607999031,937.2260779655296,-779.1902500015992,1218.8232714041046,0.0,nan,nan,nan,nan,937.2260779655296,-779.1902500015992,1218.8232714041046,978.8998954491645,nan,1.0,0.1,-0.7744647366050685,-0.44312662788411217,0.8922762109261362,-0.7744647366050685,-0.44312662788411217,0.8922762109261362,0.8922762109261362,0.0,1.0,15.4,17.06101887551813,5.117235725348451,17.81191922673041,257.06101887551813,-74.88276427465155,267.74576712010315,0.8922762109261362,153.0
09_LTAN06_800km_1213COLD_MX_ALL_HEAT_MX_0p5,9801.0,686.1790548256109,-705.1110454335558,983.8817417117622,311.7995758529112,-32.91290751147861,313.53187235576934,997.9786306785221,-738.0239529450344,1241.2254841130166,1.0,251.4,-2.0213693214778914,21.976047054965647,22.068814605589406,997.9786306785221,-738.0239529450344,1241.2254841130166,983.8817417117622,2513.0,1.0,0.1,-0.5211737327351784,-0.8035597066080982,0.9577735963040598,-0.5211737327351784,-0.8035597066080982,0.9577735963040598,0.9577735963040598,0.0,1.0,27.200000000000003,-8.721597879824003,6.283532781913323,10.749374577096564,311.278402120176,-33.71646721808668,313.09909579581716,0.9577735963040598,271.0
09_LTAN06_800km_1213COLD_MX_ALL_HEAT_MX_0p5,9861.5,692.5250789122357,-705.421718852667,988.5397242151929,376.2944177006819,-50.40370295527238,379.65513570120265,1068.8194966129176,-755.8254218079394,1309.0634761504273,1.0,293.40000000000003,-11.180503387082354,4.174578192060608,11.93443585052046,1068.8194966129176,-755.8254218079394,1309.0634761504273,988.5397242151929,2933.0,1.0,0.1,-0.2753587572985907,-1.1142331257193518,1.1477534158831073,-0.2753587572985907,-1.1142331257193518,1.1477534158831073,1.1477534158831073,0.0,1.0,34.2,16.019058943383357,-11.517936080991717,19.73000509369932,376.01905894338336,-51.51793608099172,379.53185693260684,1.1477534158831073,341.0
09_LTAN06_800km_1213COLD_MX_ALL_HEAT_MX_0p5,9922.0,698.4473221317318,-705.6833893268625,992.8835318227589,386.9789791619138,5.341829139860558,387.0158465124605,1085.4263012936456,-700.341560187002,1291.7540619116194,1.0,293.6,5.426301293645565,19.65843981299804,20.39360197735275,1085.4263012936456,-700.341560187002,1291.7540619116194,992.8835318227589,2935.0,1.0,0.1,-0.04171150950014635,-1.3759035999148637,1.3765357119535482,-0.04171150950014635,-1.3759035999148637,1.3765357119535482,1.3765357119535482,0.0,1.0,42.2,-13.062732347586348,3.965925539945715,13.651503278872713,386.93726765241365,3.965925539945715,386.9575915571421,1.3765357119535482,421.0
09_LTAN06_800km_1213COLD_MX_ALL_HEAT_MX_0p5,9982.5,703.9750045038085,-705.8607031370851,996.9052809566801,360.51849814967517,-134.4608292024406,384.77695110012144,1064.4935026534836,-840.3215323395257,1356.203043391708,1.0,271.6,24.493502653483574,-0.3215323395256746,24.4956129803189,1064.4935026534836,-840.3215323395257,1356.203043391708,996.9052809566801,2715.0,1.0,0.1,0.194193807672832,-1.5532174101374494,1.5653100517445606,0.194193807672832,-1.5532174101374494,1.5653100517445606,1.5653100517445606,0.0,1.0,33.6,0.7126919573479427,23.985953387422,23.996539119832455,360.71269195734794,-136.014046612578,385.50417250017557,1.5653100517445606,335.0
09_LTAN06_800km_1213COLD_MX_ALL_HEAT_MX_0p5,10043.0,709.1318019107541,-705.933884271928,1000.6050976506391,420.6981693082974,-294.21718598525723,513.3718946226373,1129.8299712190515,-1000.1510702571852,1508.9128295569085,1.0,314.40000000000003,9.829971219051458,-0.15107025718521072,9.831131999418277,1129.8299712190515,-1000.1510702571852,1508.9128295569085,1000.6050976506391,3143.0,1.0,0.1,0.4270078552630139,-1.6263985449803613,1.6815195317243732,0.4270078552630139,-1.6263985449803613,1.6815195317243732,1.6815195317243732,0.0,1.0,49.400000000000006,-18.874822836439648,-15.843584530237536,24.643013368372095,421.12517716356035,-295.84358453023754,514.6550702642887,1.6815195317243732,493.0
09_LTAN06_800km_1213COLD_MX_ALL_HEAT_MX_0p5,10103.5,713.9329793629809,-705.9075747302129,1003.9949218415368,440.1473405995566,-342.7097807784341,557.834810027184,1154.0803199625375,-1048.617355508647,1559.3266954678809,1.0,337.20000000000005,-5.919680037462513,-8.617355508647051,10.454732311653984,1154.0803199625375,-1048.617355508647,1559.3266954678809,1003.9949218415368,3371.0,1.0,0.1,0.6587416408608533,-1.600089003265225,1.7303830118717507,0.6587416408608533,-1.600089003265225,1.7303830118717507,1.7303830118717507,0.0,1.0,49.0,0.8060822404174814,15.690130218300624,15.710822857048157,440.8060822404175,-344.3098697816994,559.3382595256975,1.7303830118717507,489.0
09_LTAN06_800km_1213COLD_MX_ALL_HEAT_MX_0p5,10164.0,718.4143272864724,-705.7554936909487,1007.0799186387491,415.19542500949274,-372.43981942297995,557.762189504304,1133.609752295965,-1078.1953131139287,1564.4731393416002,1.0,314.0,13.609752295965109,1.8046868860712948,13.72888386993951,1133.609752295965,-1078.1953131139287,1564.4731393416002,1007.0799186387491,3139.0,1.0,0.1,0.8697801027433343,-1.4480079640010217,1.6891549635656846,0.8697801027433343,-1.4480079640010217,1.6891549635656846,1.6891549635656846,0.0,1.0,40.400000000000006,16.06520511223607,-13.88782738698103,21.235879186621784,416.0652051122361,-373.88782738698103,559.3767624537544,1.6891549635656846,403.0
09_LTAN06_800km_1213COLD_MX_ALL_HEAT_MX_0p5,10224.5,722.5941010531113,-705.4772627869174,1009.8714785486693,296.30107457915494,-392.96726912505864,492.1560742288651,1018.8951756322663,-1098.4445319119761,1498.2415588328963,0.0,nan,nan,nan,nan,1018.8951756322663,-1098.4445319119761,1498.2415588328963,1009.8714785486693,nan,1.0,0.1,1.0441061805480558,-1.1697770599697606,1.567971966040894,1.0441061805480558,-1.1697770599697606,1.567971966040894,1.567971966040894,0.0,1.0,39.7,17.345180759703,5.862953814971547,18.309274235295636,297.345180759703,-394.13704618502845,493.7187131317586,1.567971966040894,396.0
09_LTAN06_800km_1213COLD_MX_ALL_HEAT_MX_0p5,10285.0,726.4871581989364,-705.076832816581,1012.3818109797447,336.1551598337401,-385.0029617415343,511.10426728075817,1062.6423180326765,-1090.0797945581153,1522.3280377690357,1.0,291.7,22.642318032676485,-10.079794558115282,24.78460861556376,1062.6423180326765,-1090.0797945581153,1522.3280377690357,1012.3818109797447,2916.0,1.0,0.1,1.1953990539766437,-0.7693470896333565,1.4215744238609425,1.1953990539766437,-0.7693470896333565,1.4215744238609425,1.4215744238609425,0.0,1.0,39.900000000000006,17.350558887716716,14.227691168832393,22.438116893175255,337.3505588877167,-385.7723088311676,512.4701687345173,1.4215744238609425,398.0
09_LTAN06_800km_1213COLD_MX_ALL_HEAT_MX_0p5,10345.5,730.1318072743139,-704.5305343542728,1014.6209784107429,361.34039888320285,-340.6695805445446,496.6111627555991,1091.4722061575167,-1045.2001148988174,1511.2097329619266,1.0,292.0,11.472206157516666,-5.200114898817446,12.595741704300961,1091.4722061575167,-1045.2001148988174,1511.2097329619266,1014.6209784107429,2919.0,1.0,0.1,1.3369462699988617,-0.22304862732516995,1.355424663718169,1.3369462699988617,-0.22304862732516995,1.355424663718169,1.355424663718169,0.0,1.0,32.7,2.6773451532015997,19.10737082813023,19.29403527085649,362.6773451532016,-340.89262917186977,497.73752250667667,1.355424663718169,326.0
09_LTAN06_800km_1213COLD_MX_ALL_HEAT_MX_0p5,10406.0,733.5388456604585,-703.8418818113294,1016.5985602412543,128.4836519625205,-73.9914740512743,148.2659335582739,862.022497622979,-777.8333558626036,1161.0803227600745,0.0,nan,nan,nan,nan,862.022497622979,-777.8333558626036,1161.0803227600745,1016.5985602412543,nan,1.0,0.1,1.4659367647046793,0.46560391561831693,1.5381019486210694,1.4659367647046793,0.46560391561831693,1.5381019486210694,1.5381019486210694,0.0,1.0,4.0,9.949588727225205,6.474129864344036,11.870495918086919,129.9495887272252,-73.52587013565596,149.3082355048787,1.5381019486210694,39.0
09_LTAN06_800km_1213COLD_MX_ALL_HEAT_MX_0p5,10466.5,736.7274814651583,-703.0098060242422,1018.3271425785713,-279.20955086166214,166.59442555162397,325.1333202199471,457.5179306034962,-536.4153804726182,705.027742171391,1.0,67.5,17.51793060349621,-16.415380472618153,24.007136619966207,457.5179306034962,-536.4153804726182,705.027742171391,1018.3271425785713,674.0,1.0,0.1,1.5789058778293565,1.2976797027055227,2.043750567426951,1.5789058778293565,1.2976797027055227,2.043750567426951,2.043750567426951,0.0,1.0,22.1,2.369355016167219,7.892105254329522,8.240095177730195,-277.6306449838328,167.89210525432952,324.44804521043096,2.043750567426951,220.0
09_LTAN06_800km_1213COLD_MX_ALL_HEAT_MX_0p5,10527.0,739.7301209783552,-702.0252346820726,1019.8235543529435,-421.8357161863552,232.24129409933906,481.54064224672766,317.894404792,-469.7839405827335,567.2334646576321,1.0,57.1,-2.105595208000011,10.216059417266479,10.430791014926514,317.894404792,-469.7839405827335,567.2334646576321,1019.8235543529435,570.0,1.0,0.1,1.6905419829729453,2.2822510448751245,2.8401764079063283,1.6905419829729453,2.2822510448751245,2.8401764079063283,2.8401764079063283,0.0,1.0,43.5,-20.145174203382282,-5.476454855785846,20.876292809598148,-420.1451742033823,234.52354514421415,481.16864053406545,2.8401764079063283,434.0
09_LTAN06_800km_1213COLD_MX_ALL_HEAT_MX_0p5,10587.5,742.5555973874866,-700.894708691662,1021.098529958523,-350.22849873654957,101.49706368189007,364.6390753379332,392.32709865093705,-599.397645009772,716.3784538769453,1.0,89.30000000000001,-7.672901349062954,0.6023549902280365,7.696508731022445,392.32709865093705,-599.397645009772,716.3784538769453,1021.098529958523,892.0,1.0,0.1,1.7913364273422303,3.4127770352856714,3.8543395398558857,1.7913364273422303,3.4127770352856714,3.8543395398558857,3.8543395398558857,0.0,1.0,35.1,11.562837690792662,-15.090159282824288,19.01084223922295,-348.43716230920734,104.90984071717571,363.8880744918636,3.8543395398558857,350.0
09_LTAN06_800km_1213COLD_MX_ALL_HEAT_MX_0p5,10648.0,745.2294571033257,-699.635558807936,1022.1824000064814,-425.5095659052252,78.99776503280864,432.7805882396206,319.71989119810047,-620.6377937751274,698.1490384508044,1.0,88.9,-0.28010880189953014,-20.63779377512742,20.63969459186811,319.71989119810047,-620.6377937751274,698.1490384508044,1022.1824000064814,888.0,1.0,0.1,1.8848263731330235,4.671926919011639,5.037804243263465,1.8848263731330235,4.671926919011639,5.037804243263465,5.037804243263465,0.0,1.0,42.7,-23.62473953209218,3.669691951820255,23.90805213689424,-423.6247395320922,83.66969195182025,431.80844977251826,5.037804243263465,426.0
09_LTAN06_800km_1213COLD_MX_ALL_HEAT_MX_0p5,10708.5,747.7760895707218,-698.2636024703347,1023.1036793348608,-370.69406838260824,86.22099652143014,380.5892176286636,377.0820211881135,-612.0426059489046,718.8789899559167,1.0,89.10000000000001,17.082021188113515,-12.042605948904566,20.900234589873644,377.0820211881135,-612.0426059489046,718.8789899559167,1023.1036793348608,890.0,1.0,0.1,1.954735802972209,6.043883256612958,6.352126957089873,1.954735802972209,6.043883256612958,6.352126957089873,6.352126957089873,0.0,1.0,34.9,-8.739332579636027,12.26487977804311,15.059987048710848,-368.739332579636,92.26487977804311,380.1072262292999,6.352126957089873,348.0
09_LTAN06_800km_1213COLD_MX_ALL_HEAT_MX_0p5,10769.0,750.2011699690687,-696.782848794161,1023.869197601269,-388.24944432842636,107.31110974541312,402.80678407410664,361.95172564064234,-589.471739048748,691.7268122831398,1.0,89.10000000000001,1.9517256406423371,10.528260951252037,10.707638004433992,361.95172564064234,-589.471739048748,691.7268122831398,1023.869197601269,890.0,1.0,0.1,2.0054271677749966,7.5246369327866205,7.787290870097667,2.0054271677749966,7.5246369327866205,7.787290870097667,7.787290870097667,0.0,1.0,42.900000000000006,13.755982839348633,-5.164253321800288,14.693419487926539,-386.24401716065137,114.83574667819971,402.9537064074944,7.787290870097667,428.0
09_LTAN06_800km_1213COLD_MX_ALL_HEAT_MX_0p5,10829.5,752.5317280723744,-695.2048160212385,1024.5065826897933,-508.58466720994124,42.98682971430196,510.3981105469857,243.9470608624332,-652.2179863069365,696.3465158710101,1.0,100.7,3.9470608624332044,-12.217986306936496,12.839722693588039,243.9470608624332,-652.2179863069365,696.3465158710101,1024.5065826897933,1006.0,1.0,0.1,2.0450905706237563,9.102669705709218,9.329576154000273,2.0450905706237563,9.102669705709218,9.329576154000273,9.329576154000273,0.0,1.0,70.7,13.460423360682512,12.08949942001118,18.092512077521413,-506.5395766393175,52.08949942001118,509.2108194567024,9.329576154000273,706.0
09_LTAN06_800km_1213COLD_MX_ALL_HEAT_MX_0p5,10890.0,754.7805185482274,-693.5381844518281,1025.0311431720838,-495.0566248613544,-40.872805235002886,496.74102712267916,259.723893686873,-734.410989686831,778.9839553704946,1.0,127.5,19.723893686872998,-14.410989686831044,24.427619735148554,259.723893686873,-734.410989686831,778.9839553704946,1025.0311431720838,1274.0,1.0,0.1,2.079555269607795,10.769301275119574,10.968245077205633,2.079555269607795,10.769301275119574,10.968245077205633,10.968245077205633,0.0,1.0,60.1,-12.977069591746613,9.89649604011663,16.320078708789328,-492.9770695917466,-30.10350395988337,493.8953452847359,10.968245077205633,600.0
09_LTAN06_800km_1213COLD_MX_ALL_HEAT_MX_0p5,10950.5,756.9518851749945,-691.7884910583276,1025.4498880153706,-412.0968769812966,-17.132646913659983,412.4528622861115,344.85500819369787,-708.9211379719876,788.349006810926,1.0,128.1,-15.14499180630213,11.078862028012395,18.764646563383323,344.85500819369787,-708.9211379719876,788.349006810926,1025.4498880153706,1280.0,1.0,0.1,2.0979754299389697,12.518994668620053,12.693570357372463,2.0979754299389697,12.518994668620053,12.693570357372463,12.693570357372463,0.0,1.0,42.300000000000004,-9.99890155135762,-4.61365224503993,11.011985255706792,-409.9989015513576,-4.61365224503993,410.0248590760785,12.693570357372463,422.0
09_LTAN06_800km_1213COLD_MX_ALL_HEAT_MX_0p5,11011.0,759.0790940271621,-690.0238529218384,1025.8333142329684,-533.5834322280714,-73.39768783600051,538.607927650494,225.49566179909073,-763.4215407578389,796.0281040159842,1.0,142.1,-14.504338200909274,-3.4215407578388977,14.902441672555168,225.49566179909073,-763.4215407578389,796.0281040159842,1025.8333142329684,1420.0,1.0,0.1,2.105045705037014,14.283632805109278,14.437914791668799,2.105045705037014,14.283632805109278,14.437914791668799,14.437914791668799,0.0,1.0,70.10000000000001,-11.478386523034374,20.885944969108778,23.832248203323527,-531.4783865230344,-59.11405503089122,534.7557824309366,14.437914791668799,700.0
09_LTAN06_800km_1213COLD_MX_ALL_HEAT_MX_0p5,11071.5,761.1677985577821,-688.2486137446961,1026.1883705649739,-499.2980229034128,-41.59987718642124,501.0280086553867,261.86977565436933,-729.8484909311173,775.4060865866988,1.0,127.5,21.869775654369334,-9.84849093111734,23.98499240760243,261.86977565436933,-729.8484909311173,775.4060865866988,1026.1883705649739,1274.0,1.0,0.1,2.0989011163682108,16.058871982251617,16.19545477097317,2.0989011163682108,16.058871982251617,16.19545477097317,16.19545477097317,0.0,1.0,60.1,-17.19912178704459,14.458994795830336,22.46936404866503,-497.1991217870446,-25.541005204169664,497.8547073721889,16.19545477097317,600.0
09_LTAN06_800km_1213COLD_MX_ALL_HEAT_MX_0p5,11132.0,763.2264898343385,-686.4754482117453,1026.5296955190154,-466.60882323919503,-95.80417294689524,476.34255896225034,296.6176665951435,-782.2796211586406,836.626228262331,1.0,157.70000000000002,16.617666595143476,17.720378841359434,24.293181540272705,296.6176665951435,-782.2796211586406,836.626228262331,1026.5296955190154,1576.0,1.0,0.1,2.082591081635087,17.832037515202387,17.953237801491166,2.082591081635087,17.832037515202387,17.953237801491166,17.953237801491166,0.0,1.0,50.5,-24.526232157559946,2.027864568307109,24.60992276611048,-464.52623215755995,-77.97213543169289,471.02470664103976,17.953237801491166,504.0
09_LTAN06_800km_1213COLD_MX_ALL_HEAT_MX_0p5,11192.5,765.2846501066925,-684.7655979768853,1026.919918913624,-511.1952869136329,-67.36310443784964,515.6145936668357,254.08936319305963,-752.1287024147349,793.8885245951899,1.0,142.1,14.089363193059626,7.871297585265097,16.13900495265255,254.08936319305963,-752.1287024147349,793.8885245951899,1026.919918913624,1420.0,1.0,0.1,2.057108754777232,19.541887750062415,19.649861914655293,2.057108754777232,19.541887750062415,19.649861914655293,19.649861914655293,0.0,1.0,70.3,10.86182184114432,-7.821216687787228,13.384715319575578,-509.1381781588557,-47.82121668778723,511.37906999056867,19.649861914655293,702.0
09_LTAN06_800km_1213COLD_MX_ALL_HEAT_MX_0p5,11253.0,767.3415080936229,-683.1162909310862,1027.3562463813805,-455.46345320956385,-79.20876079854511,462.2996701240676,311.87805488405905,-762.3250517296312,823.6549068711054,1.0,142.5,-8.121945115940946,-2.325051729631241,8.448186670038618,311.87805488405905,-762.3250517296312,823.6549068711054,1027.3562463813805,1424.0,1.0,0.1,2.0226324230700357,21.19119479586152,21.28750287833222,2.0226324230700357,21.19119479586152,21.28750287833222,21.28750287833222,0.0,1.0,50.7,-13.440820786493816,-18.017566002683566,22.478619799171454,-453.4408207864938,-58.017566002683566,457.1374147019744,21.28750287833222,506.0
09_LTAN06_800km_1213COLD_MX_ALL_HEAT_MX_0p5,11313.5,769.4069664758837,-681.5591264499133,1027.8666853774328,-420.8242078140375,15.229680262962642,421.0996996475114,348.5827586618462,-666.3294461869506,752.0005787844257,1.0,114.30000000000001,-11.417241338153815,13.670553813049423,17.811160583441172,348.5827586618462,-666.3294461869506,752.0005787844257,1027.8666853774328,1142.0,1.0,0.1,1.9833208339234716,22.74835927703441,22.834653737845738,1.9833208339234716,22.74835927703441,22.834653737845738,22.834653737845738,0.0,1.0,42.5,-18.84088698011402,-2.0219604600029015,18.94907243902047,-418.840886980114,37.9780395399971,420.55917549566107,22.834653737845738,424.0
09_LTAN06_800km_1213COLD_MX_ALL_HEAT_MX_0p5,11374.0,771.4963849683307,-680.1446140521095,1028.4956820732384,-404.71273217806686,-2.726727125442185,404.72191765192593,366.7836527902639,-682.8713411775517,775.1409656029006,1.0,114.30000000000001,6.783652790263886,-2.871341177551699,7.366311515050051,366.7836527902639,-682.8713411775517,775.1409656029006,1028.4956820732384,1142.0,1.0,0.1,1.9455413512354198,24.16287167483813,24.241070494597835,1.9455413512354198,24.16287167483813,24.241070494597835,24.241070494597835,0.0,1.0,42.300000000000004,-2.7671908268314382,21.436144549395976,21.614014856446705,-402.76719082683144,21.436144549395976,403.33722652351327,24.241070494597835,422.0
09_LTAN06_800km_1213COLD_MX_ALL_HEAT_MX_0p5,11434.5,773.6094070147999,-678.8682281231199,1029.2393238585546,-391.12018700718846,-118.26285863110633,408.60874246170886,382.48922000761144,-797.1310867542263,884.1470312634685,1.0,158.10000000000002,22.489220007611436,2.8689132457736832,22.67147281855606,382.48922000761144,-797.1310867542263,884.1470312634685,1029.2393238585546,1580.0,1.0,0.4,1.9062012440407443,-14.560742396172259,14.684986289080108,1.9062012440407443,25.43925760382774,25.510574878208647,25.510574878208647,3.0,1.0,41.900000000000006,10.786014236852282,-12.823601027278642,16.756576214262925,-389.2139857631477,-92.82360102727864,400.1296635108514,25.510574878208647,418.0
09_LTAN06_800km_1213COLD_MX_ALL_HEAT_MX_0p5,11495.0,775.7514818902933,-677.7732392829073,1030.1295673569568,-323.0754018805305,-21.504121783327584,323.7902755703736,452.67608000976287,-699.2773610662349,833.0092803281142,1.0,114.7,12.67608000976287,-19.277361066234903,23.07162010115239,452.67608000976287,-699.2773610662349,833.0092803281142,1030.1295673569568,1146.0,1.0,0.4,1.8672031804586595,-13.465753555959623,13.594593283616621,1.8672031804586595,26.534246444040377,26.59986244457261,26.59986244457261,3.0,1.0,27.5,-1.2081987000718186,5.030124660712772,5.1731903310400265,-321.2081987000718,5.030124660712772,321.2475821951772,26.59986244457261,274.0
09_LTAN06_800km_1213COLD_MX_ALL_HEAT_MX_0p5,11555.5,777.9253743219224,-676.8837238500578,1031.1835256766976,-230.00923325352795,-1.276131538404119,230.01277332700275,547.9161410683944,-678.1598553884619,871.8445314984663,1.0,115.30000000000001,-12.083858931605619,1.8401446115381077,12.223165664847942,547.9161410683944,-678.1598553884619,871.8445314984663,1031.1835256766976,1152.0,1.0,0.4,1.8286148997409555,-12.576238123110102,12.708485266967205,1.8286148997409555,27.4237618768899,27.484660229515562,27.484660229515562,3.0,1.0,16.1,11.819381646212946,-13.852369661514217,18.20950102935484,-228.18061835378705,26.147630338485783,229.6738843765976,27.484660229515562,160.0
09_LTAN06_800km_1213COLD_MX_ALL_HEAT_MX_0p5,11616.0,780.129869391415,-676.1917872175105,1032.3942784697508,-304.45356302696655,-65.9274242573299,311.50986711342074,475.67630636444846,-742.1192114748404,881.481067565585,1.0,128.70000000000002,-4.323693635551535,-22.119211474840426,22.537831371336978,475.67630636444846,-742.1192114748404,881.481067565585,1032.3942784697508,1286.0,1.0,0.4,1.7893509284416496,-11.884301490562848,12.018252729232703,1.7893509284416496,28.115698509437152,28.172580276195532,28.172580276195532,3.0,1.0,21.1,-22.6642120985249,2.1882742521072487,22.769608126829016,-302.6642120985249,-37.81172574789275,305.0169698381628,28.172580276195532,210.0
09_LTAN06_800km_1213COLD_MX_ALL_HEAT_MX_0p5,11676.5,782.362166921882,-675.7498805786043,1033.7932391598915,-269.91354986828736,-10.31784443740562,270.11068530573715,512.4486170535947,-686.06772501601,856.3250016371035,1.0,115.10000000000001,-7.551382946405283,-6.067725016009945,9.687139478358585,512.4486170535947,-686.06772501601,856.3250016371035,1033.7932391598915,1150.0,1.0,0.4,1.7494617095592275,-11.442394851656672,11.575362465790564,1.7494617095592275,28.557605148343328,28.611141677358827,28.611141677358827,3.0,1.0,21.3,11.835911841271923,18.23976071093773,21.743451425811603,-268.1640881587281,18.23976071093773,268.7836807709768,28.611141677358827,212.0
09_LTAN06_800km_1213COLD_MX_ALL_HEAT_MX_0p5,11737.0,784.6215247894592,-675.5603904112813,1035.3804992637145,-287.4011025615576,-79.99127708960712,298.32532269994323,497.22042222790157,-755.5516675008885,904.4813268077269,1.0,143.3,17.220422227901565,4.44833249911153,17.78568536013887,497.22042222790157,-755.5516675008885,904.4813268077269,1035.3804992637145,1432.0,1.0,0.4,1.70752717127084,-11.252904684333657,11.381718362151059,1.70752717127084,28.747095315666343,28.797762727834154,28.797762727834154,3.0,1.0,21.1,-5.693575390286753,-11.244181773940795,12.603508419892508,-285.69357539028675,-51.244181773940795,290.2529675730571,28.797762727834154,210.0
09_LTAN06_800km_1213COLD_MX_ALL_HEAT_MX_0p5,11797.5,786.9069023071227,-675.6147895395363,1037.1488884162889,-247.69454233776156,-92.6990133240404,264.47248131925517,539.2123599693612,-768.3138028635767,938.6458697583552,1.0,143.5,19.21235996936116,-8.313802863576711,20.934041502937923,539.2123599693612,-768.3138028635767,938.6458697583552,1037.1488884162889,1434.0,1.0,0.4,1.6686732413417076,-11.307303812588657,11.429767709649738,1.6686732413417076,28.692696187411343,28.741177513968687,28.741177513968687,3.0,1.0,15.5,-6.025869096419797,15.993682863370964,17.091196268876942,-246.0258690964198,-64.00631713662904,254.21553236976578,28.741177513968687,154.0
09_LTAN06_800km_1213COLD_MX_ALL_HEAT_MX_0p5,11858.0,789.2087014386698,-675.9261613806248,1039.0989125512824,-176.67413341806238,-135.94930574444788,222.92591404190918,612.5345680206074,-811.8754671250726,1017.0252559006325,1.0,159.3,12.534568020607367,-11.875467125072646,17.26679225860768,612.5345680206074,-811.8754671250726,1017.0252559006325,1039.0989125512824,1592.0,1.0,0.4,1.648299213364453,-11.618675653677087,11.735012323901776,1.648299213364453,28.381324346322913,28.429148104506393,28.429148104506393,3.0,1.0,6.9,-15.025834204697958,12.43201860187503,19.502071173709677,-175.02583420469796,-107.56798139812497,205.43834418413175,28.429148104506393,68.0
09_LTAN06_800km_1213COLD_MX_ALL_HEAT_MX_0p5,11918.5,791.526296631601,-676.483955579966,1041.2225604626776,-129.93974329110148,-191.34122634734416,231.2915947168486,661.5865533404994,-867.8251819273103,1091.245762396414,1.0,192.70000000000002,21.58655334049945,12.174818072689732,24.783169293399915,661.5865533404994,-867.8251819273103,1091.245762396414,1041.2225604626776,1926.0,1.0,0.4,1.648545944426246,-12.176469853018375,12.287559636166554,1.648545944426246,27.823530146981625,27.872325585980075,27.872325585980075,3.0,1.0,5.300000000000001,-8.29119734667529,-3.517696200362593,9.00656094186681,-128.2911973466753,-163.5176962003626,207.83808189866858,27.872325585980075,52.0
09_LTAN06_800km_1213COLD_MX_ALL_HEAT_MX_0p5,11979.0,793.851706562966,-677.2758170935488,1043.505181794833,-113.14448516205925,-74.19644260218456,135.30257431921507,680.7072214009067,-751.4722596957333,1013.9392873143612,1.0,144.3,0.7072214009067466,8.527740304266672,8.55701564839721,680.7072214009067,-751.4722596957333,1013.9392873143612,1043.505181794833,1442.0,1.0,0.4,1.6491122035815806,-12.968331366601092,13.072765181627467,1.6491122035815806,27.03166863339891,27.081925340822504,27.081925340822504,3.0,1.0,4.3,8.504627041522326,-7.164773968785653,11.12037171767119,-111.49537295847767,-47.16477396878565,121.06086937849354,27.081925340822504,42.0
09_LTAN06_800km_1213COLD_MX_ALL_HEAT_MX_0p5,12039.5,796.1656361666301,-678.2861890352457,1045.9215431611358,-191.89199006106784,-134.9827406083344,234.61218236002549,604.2736461055622,-813.2689296435801,1013.1895140107425,1.0,159.3,4.273646105562193,-13.268929643580123,13.940177363357549,604.2736461055622,-813.2689296435801,1013.1895140107425,1045.9215431611358,1592.0,1.0,0.4,1.6406646894996584,-13.978703308298009,14.074655477303617,1.6406646894996584,26.02129669170199,26.07296803474725,26.07296803474725,3.0,1.0,10.700000000000001,9.748674628431786,11.038556083367553,14.727062755915737,-190.2513253715682,-108.96144391663245,219.2445280184565,26.07296803474725,106.0
09_LTAN06_800km_1213COLD_MX_ALL_HEAT_MX_0p5,12100.0,798.467968888934,-679.5050671120954,1048.4647030647398,-177.97993459751908,-92.9767383643366,200.80221860379797,620.4880342914149,-772.481805476432,990.8246769691156,1.0,143.9,20.48803429141492,-12.481805476431987,23.990727731306553,620.4880342914149,-772.481805476432,990.8246769691156,1048.4647030647398,1438.0,1.0,0.1,1.632177608963957,24.802418614852286,24.856065112836635,1.632177608963957,24.802418614852286,24.856065112836635,24.856065112836635,0.0,1.0,7.1000000000000005,-16.347756988555147,11.825680250515688,20.176616959844644,-176.34775698855515,-68.17431974948431,189.06683809753477,24.856065112836635,70.0
09_LTAN06_800km_1213COLD_MX_ALL_HEAT_MX_0p5,12160.5,800.7532397877965,-680.8906444637785,1051.1031446765594,-9.310896250306829,-100.84477081598142,101.273691499381,791.4423435374896,-781.7354152797599,1112.4258369198067,1.0,160.3,-8.557656462510408,18.264584720240123,20.169991054365273,791.4423435374896,-781.7354152797599,1112.4258369198067,1051.1031446765594,1602.0,1.0,0.1,1.622701238474633,23.416841263169204,23.472997551523132,1.622701238474633,23.416841263169204,23.472997551523132,23.472997551523132,0.0,1.0,1.5,-7.688195011832249,2.572070447187798,8.107027132387008,-7.688195011832249,-77.4279295528122,77.8086924281292,23.472997551523132,14.0
09_LTAN06_800km_1213COLD_MX_ALL_HEAT_MX_0p5,12221.0,803.0163915336827,-682.4025037546862,1053.806672118962,-41.224795894444064,-140.86065954155995,146.76923793159736,761.7915956392387,-823.2631632962461,1121.645519416504,1.0,160.10000000000002,1.7915956392387216,-23.263163296246148,23.332050520311178,761.7915956392387,-823.2631632962461,1121.645519416504,1053.806672118962,1600.0,1.0,0.1,1.6089617058669319,21.904981972261453,21.963993101802902,1.6089617058669319,21.904981972261453,21.963993101802902,21.963993101802902,0.0,1.0,3.1,0.3841658114229176,1.044322430701527,1.1127410794666361,-39.61583418857708,-118.95567756929847,125.37889592921024,21.963993101802902,30.0
09_LTAN06_800km_1213COLD_MX_ALL_HEAT_MX_0p5,12281.5,805.2583337231299,-684.0344093629301,1056.5718419601405,-64.84195483540186,-127.36001415034664,142.91624229335443,740.416378887728,-811.3944235132767,1098.4431367320105,1.0,159.9,20.416378887728,-11.394423513276706,23.380791562459528,740.416378887728,-811.3944235132767,1098.4431367320105,1056.5718419601405,1598.0,1.0,0.1,1.5948640960359626,20.273076364017584,20.335712840864787,1.5948640960359626,20.273076364017584,20.335712840864787,20.335712840864787,0.0,1.0,2.9000000000000004,16.752909260634055,12.913062213670969,21.152000955682073,-63.247090739365945,-107.08693778632903,124.36963749825233,20.335712840864787,28.0
09_LTAN06_800km_1213COLD_MX_ALL_HEAT_MX_0p5,12342.0,807.4992941262291,-685.7423627822162,1059.3855285629,75.65333782433808,-76.08043977143672,107.2924081180893,883.1526319505672,-761.822802553653,1166.3329515245277,1.0,194.4,3.1526319505671836,-1.8228025536529913,3.641661346877399,883.1526319505672,-761.822802553653,1166.3329515245277,1059.3855285629,1943.0,1.0,0.1,1.5934057848313614,18.565122944731456,18.633376826225792,1.5934057848313614,18.565122944731456,18.633376826225792,18.633376826225792,0.0,1.0,1.9000000000000001,-2.753256390830529,22.484683173294684,22.65262453132286,77.24674360916947,-57.515316826705316,96.30717038672176,18.633376826225792,18.0
09_LTAN06_800km_1213COLD_MX_ALL_HEAT_MX_0p5,12402.5,809.746345102071,-687.5083776651502,1062.2414569041866,52.47230628022199,-97.81524203717201,111.00074099372475,862.218651382293,-785.3236197023222,1166.2564857070925,1.0,194.20000000000002,-17.781348617706954,14.676380297677838,23.055856030659438,862.218651382293,-785.3236197023222,1166.2564857070925,1062.2414569041866,1941.0,1.0,0.1,1.6028093933855416,16.799108061797483,16.875397169354983,1.6028093933855416,16.799108061797483,16.875397169354983,16.875397169354983,0.0,1.0,1.7000000000000002,14.07511567360757,-1.016133975374487,14.111747215754109,54.07511567360757,-81.01613397537449,97.40499011564997,16.875397169354983,16.0
09_LTAN06_800km_1213COLD_MX_ALL_HEAT_MX_0p5,12463.0,811.9988680984917,-689.3299366416373,1065.1375138185658,156.9378537009548,-63.03505505454648,169.12394298263033,968.9367217994466,-752.3649916961838,1226.7401728081854,1.0,231.60000000000002,8.936721799446559,7.635008303816221,11.754077944273043,968.9367217994466,-752.3649916961838,1226.7401728081854,1065.1375138185658,2315.0,1.0,0.1,1.6205658795249747,14.97754908531033,15.064966324979316,1.6205658795249747,14.97754908531033,15.064966324979316,15.064966324979316,0.0,1.0,7.2,-1.4415804195201645,-8.057505969236104,8.185447852757928,158.55841958047984,-48.057505969236104,165.68130944630616,15.064966324979316,71.0
09_LTAN06_800km_1213COLD_MX_ALL_HEAT_MX_0p5,12523.5,814.2651205450434,-691.1679759680013,1068.054707184954,140.97447389156687,-36.58853206091061,145.64519548332638,955.2395944366102,-727.7565080289119,1200.879768235711,1.0,231.8,-4.7604055633897815,-7.756508028911867,9.10081743199624,955.2395944366102,-727.7565080289119,1200.879768235711,1068.054707184954,2317.0,1.0,0.1,1.6188669744390154,13.13950975894636,13.23886124205462,1.6188669744390154,13.13950975894636,13.23886124205462,13.23886124205462,0.0,1.0,7.2,-17.40665913399414,16.55097769803581,24.019297345425,142.59334086600586,-23.44902230196419,144.50853783166914,13.23886124205462,71.0
09_LTAN06_800km_1213COLD_MX_ALL_HEAT_MX_0p5,12584.0,816.5457136450568,-693.0203492066371,1070.9921133634011,188.70923401184422,-77.46531943993035,203.99032015580406,1005.2549476569011,-770.4856686465674,1266.5645168637984,1.0,251.4,5.254947656901095,-10.485668646567433,11.728756193321507,1005.2549476569011,-770.4856686465674,1266.5645168637984,1070.9921133634011,2513.0,1.0,0.1,1.60070642358869,11.287136520310582,11.400075082324983,1.60070642358869,11.287136520310582,11.400075082324983,11.400075082324983,0.0,1.0,10.8,-9.690059564567036,13.821817080380242,16.880162373873898,190.30994043543296,-66.17818291961976,201.4880277413045,11.400075082324983,107.0
09_LTAN06_800km_1213COLD_MX_ALL_HEAT_MX_0p5,12644.5,818.8415061476227,-694.8799475198311,1073.9457871118404,209.78556078255545,-148.44319205218753,256.99292359809033,1028.6270669301782,-843.3231395720187,1330.1381734838633,1.0,271.6,-11.372933069821784,-3.323139572018704,11.848496243226927,1028.6270669301782,-843.3231395720187,1330.1381734838633,1073.9457871118404,2715.0,1.0,0.1,1.5822062133967165,9.427538207116527,9.559385605171133,1.5822062133967165,9.427538207116527,9.559385605171133,9.559385605171133,0.0,1.0,10.4,11.367766995952252,20.98434615492897,23.865642878919974,211.36776699595225,-139.01565384507103,252.98554294431088,9.559385605171133,103.0
09_LTAN06_800km_1213COLD_MX_ALL_HEAT_MX_0p5,12705.0,821.1570898466072,-696.7125439817395,1076.8970866089553,269.08724516629434,-141.4541627041806,304.0020158774053,1090.2443350129015,-838.1667066859201,1375.1931276095168,1.0,293.0,10.244335012901502,1.8332933140799241,10.407082407284463,1090.2443350129015,-838.1667066859201,1375.1931276095168,1076.8970866089553,2929.0,1.0,0.1,1.5766555771325557,7.594941745208189,7.756866823789694,1.5766555771325557,7.594941745208189,7.756866823789694,7.756866823789694,0.0,1.0,20.6,-9.336099256573107,-13.8592209589724,16.71049834440029,270.6639007434269,-133.8592209589724,301.9556891356588,7.756866823789694,205.0
09_LTAN06_800km_1213COLD_MX_ALL_HEAT_MX_0p5,12765.5,823.4917806614294,-698.5175057496507,1079.8450901197102,254.03542721265603,-226.63338215111668,340.4360265664766,1077.5272078740854,-925.1508879007674,1420.2003552641793,1.0,292.6,-2.472792125914566,-5.1508879007674295,5.713698195062229,1077.5272078740854,-925.1508879007674,1420.2003552641793,1079.8450901197102,2925.0,1.0,0.1,1.5872058142766718,5.78997997729698,6.00358979564507,1.5872058142766718,5.78997997729698,6.00358979564507,6.00358979564507,0.0,1.0,14.700000000000001,15.622633026932704,19.156597826180246,24.719261780405624,255.6226330269327,-220.84340217381975,337.80873108806617,6.00358979564507,146.0
09_LTAN06_800km_1213COLD_MX_ALL_HEAT_MX_0p5,12826.0,825.8372836010117,-700.2787316015379,1082.773069908444,279.56035569498346,-254.8100703457858,378.26203143578914,1105.397639295995,-955.0888019473236,1460.8554208292937,1.0,314.6,-14.602360704004923,4.911198052676355,15.406128794816663,1105.397639295995,-955.0888019473236,1460.8554208292937,1082.773069908444,3145.0,1.0,0.1,1.5974358127729147,4.028754125409819,4.333896742994241,1.5974358127729147,4.028754125409819,4.333896742994241,4.333896742994241,0.0,1.0,20.0,1.1577915077563148,-10.78131622037597,10.843304875321667,281.1577915077563,-250.78131622037597,376.7505438492998,4.333896742994241,199.0
09_LTAN06_800km_1213COLD_MX_ALL_HEAT_MX_0p5,12886.5,828.1813090708464,-701.9719568134575,1085.6559808921127,180.71345591853972,-212.45399718649165,278.9158548210191,1008.8947649893861,-914.4259539999491,1361.6326494953423,1.0,250.60000000000002,8.89476498938609,5.574046000050885,10.496991617939484,1008.8947649893861,-914.4259539999491,1361.6326494953423,1085.6559808921127,2505.0,1.0,0.1,1.5922256974919264,2.3355289134901795,2.8266372207098436,1.5922256974919264,2.3355289134901795,2.8266372207098436,2.8266372207098436,0.0,1.0,10.100000000000001,22.30568161603162,-10.11846827300144,24.493403857926886,182.30568161603162,-210.11846827300144,278.1818330856244,2.8266372207098436,100.0
09_LTAN06_800km_1213COLD_MX_ALL_HEAT_MX_0p5,12947.0,830.5246502199907,-703.5987310823485,1088.4954611773671,218.25906449089922,-33.439313591898554,220.80581270867813,1048.7837147108899,-737.0380446742471,1281.862847398274,1.0,272.0,8.783714710889853,22.96195532575291,24.58465042468929,1048.7837147108899,-737.0380446742471,1281.862847398274,1088.4954611773671,2719.0,1.0,0.1,1.5763058599806072,0.7087546445991393,1.7283151652548947,1.5763058599806072,0.7087546445991393,1.7283151652548947,1.7283151652548947,0.0,1.0,11.0,19.83537035087977,7.269441052700586,21.125498578146004,219.83537035087977,-32.730558947299414,222.25858711489892,1.7283151652548947,109.0
09_LTAN06_800km_1213COLD_MX_ALL_HEAT_MX_0p5,13007.5,832.8637202181608,-705.1414026713227,1091.2774047953687,245.0848203750584,75.74260542051822,256.5219512130745,1077.9485405932191,-629.3987972508045,1248.2451290302758,1.0,294.0,-2.0514594067808503,10.601202749195522,10.797869485561508,1077.9485405932191,-629.3987972508045,1248.2451290302758,1091.2774047953687,2939.0,1.0,0.1,1.5608869487081165,-0.8339169443750052,1.769685151873937,1.5608869487081165,-0.8339169443750052,1.769685151873937,1.769685151873937,0.0,1.0,16.2,6.645707323766487,-5.0913115238568025,8.371790660672339,246.6457073237665,74.9086884761432,257.77008466937536,1.769685151873937,161.0
09_LTAN06_800km_1213COLD_MX_ALL_HEAT_MX_0p5,13068.0,835.1961836087099,-706.590971069191,1093.994271242339,202.38760159621845,89.18225360883486,221.165584209253,1037.5837852049283,-617.4087174603562,1207.3829697806032,1.0,272.6,-2.41621479507171,22.59128253964377,22.720126335958984,1037.5837852049283,-617.4087174603562,1207.3829697806032,1093.994271242339,2725.0,1.0,0.1,1.5474709128545783,-2.2834853422433525,2.758436429278591,1.5474709128545783,-2.2834853422433525,2.758436429278591,2.758436429278591,0.0,1.0,11.600000000000001,3.9350725090729384,6.898768266591446,7.942153313037387,203.93507250907294,86.89876826659145,221.67749034471586,2.758436429278591,115.0
09_LTAN06_800km_1213COLD_MX_ALL_HEAT_MX_0p5,13128.5,837.5220039785648,-707.9514671992152,1096.648707224785,179.55428833923452,33.97203834677043,182.73982010071973,1017.0762923177994,-673.9794288524448,1220.1198526830015,1.0,251.8,17.076292317799357,6.020571147555188,18.10654677915442,1017.0762923177994,-673.9794288524448,1220.1198526830015,1096.648707224785,2517.0,1.0,0.1,1.5369817421551488,-3.643981472267569,3.9548595229094543,1.5369817421551488,-3.643981472267569,3.9548595229094543,3.9548595229094543,0.0,1.0,7.6000000000000005,21.091270081389666,-9.671943125497137,23.20319282919862,181.09127008138967,30.328056874502863,183.61328691974853,3.9548595229094543,75.0
09_LTAN06_800km_1213COLD_MX_ALL_HEAT_MX_0p5,13189.0,790.5617536073505,-709.594797806043,1062.314766601749,290.3058048305911,171.3475282286236,337.1015214269971,1080.8675584379416,-538.2472695774194,1207.4704145821315,1.0,294.40000000000003,0.867558437941625,21.752730422580612,21.77002385117453,1080.8675584379416,-538.2472695774194,1207.4704145821315,1062.314766601749,2943.0,1.0,0.1,-2.43475246006858,-5.287312079095273,5.82096972707785,-2.43475246006858,-5.287312079095273,5.82096972707785,5.82096972707785,0.0,1.0,22.0,7.871052370522534,6.060216149528287,9.933764905538679,287.87105237052253,166.0602161495283,332.3337752629729,5.82096972707785,219.0
09_LTAN06_800km_1213COLD_MX_ALL_HEAT_MX_0p5,13249.5,745.2973310478769,-711.1740747385868,1030.163422107082,243.22310486429444,205.12946606452093,318.1753865209297,988.5204359121714,-506.0446086740659,1110.5196072938459,1.0,252.60000000000002,-11.479564087828635,13.955391325934102,18.07023349894853,988.5204359121714,-506.0446086740659,1110.5196072938459,1030.163422107082,2525.0,1.0,0.1,-1.8829125435383958,-6.866589011639121,7.120070526432821,-1.8829125435383958,-6.866589011639121,7.120070526432821,7.120070526432821,0.0,1.0,16.8,1.3401923207560458,-1.7371229471182232,2.194017226463406,241.34019232075605,198.26287705288178,312.3351674831152,7.120070526432821,167.0
09_LTAN06_800km_1213COLD_MX_ALL_HEAT_MX_0p5,13310.0,701.7859467554836,-712.6514491922325,1000.1877839182398,314.7621459262709,278.2577784194936,420.1221248149912,1016.5480926817545,-434.39367077273886,1105.4717933725526,1.0,253.0,16.548092681754497,5.606329227261142,17.471986115161013,1016.5480926817545,-434.39367077273886,1105.4717933725526,1000.1877839182398,2529.0,1.0,0.1,-1.278904012097314,-8.343963465284787,8.441405201870475,-1.278904012097314,-8.343963465284787,8.441405201870475,8.441405201870475,0.0,1.0,28.8,-6.516758085826382,-10.086185045791183,12.008299826666772,313.4832419141736,269.9138149542088,413.67283022233306,8.441405201870475,287.0
09_LTAN06_800km_1213COLD_MX_ALL_HEAT_MX_0p5,13370.5,660.0077658269712,-713.9831499001783,972.3076618505536,-100.41733949574638,-235.30778498453864,255.83861269506184,559.5904263312248,-949.290934884717,1101.9504182565847,1.0,228.70000000000002,-0.4095736687752378,10.70906511528301,10.71689443045538,559.5904263312248,-949.290934884717,1101.9504182565847,972.3076618505536,2286.0,1.0,0.1,-0.6676320540569805,-9.675664173230643,9.69867051470166,-0.6676320540569805,-9.675664173230643,9.69867051470166,9.69867051470166,0.0,1.0,12.9,18.915028450196587,-4.983449157769314,19.56049761074135,-101.08497154980341,-244.98344915776931,265.01898391334515,9.69867051470166,128.0
09_LTAN06_800km_1213COLD_MX_ALL_HEAT_MX_0p5,13431.0,619.9521800975077,-715.1618790370985,946.465645882367,-224.76208067347372,-298.6365529491087,373.767017894831,395.190099424034,-1013.7984319862072,1088.100397656609,1.0,247.3,-4.809900575966026,-13.79843198620722,14.61272968437673,395.190099424034,-1013.7984319862072,1088.100397656609,946.465645882367,2472.0,1.0,0.1,-0.14922784654550014,-10.85439331015084,10.855419065224147,-0.14922784654550014,-10.85439331015084,10.855419065224147,10.855419065224147,0.0,1.0,23.1,15.088691479980753,10.509053740740455,18.387735616541118,-224.91130852001925,-309.49094625925954,382.5829877512057,10.855419065224147,230.0
09_LTAN06_800km_1213COLD_MX_ALL_HEAT_MX_0p5,13491.5,581.577265723505,-716.179258294807,922.5751167347449,-191.24921600588283,-315.3471416465657,368.80900526901996,390.32804971762215,-1031.5263999413728,1102.9064784343102,1.0,267.5,-9.67195028237785,8.473600058627198,12.858791553577491,390.32804971762215,-1031.5263999413728,1102.9064784343102,922.5751167347449,2674.0,1.0,0.1,0.3735638629020741,-11.871772567859352,11.87764849886728,0.3735638629020741,-11.871772567859352,11.87764849886728,11.87764849886728,0.0,1.0,23.3,9.124347857019245,-7.218914214425126,11.634708687849509,-190.87565214298075,-327.2189142144251,378.8215046703071,11.87764849886728,232.0
09_LTAN06_800km_1213COLD_MX_ALL_HEAT_MX_0p5,13552.0,544.8148618384478,-717.0213977995435,900.5236912943813,-166.53795912755743,-382.42137687866654,417.11029875099837,378.27690271089034,-1099.44277467821,1162.698512047154,0.0,nan,nan,nan,nan,378.27690271089034,-1099.44277467821,1162.698512047154,900.5236912943813,nan,1.0,0.1,0.8287460299449094,-12.713912072595804,12.740894009913385,0.8287460299449094,-12.713912072595804,12.740894009913385,12.740894009913385,0.0,1.0,37.5,-5.709213097612519,4.864711048737604,7.500701819273984,-165.70921309761252,-395.1352889512624,428.4757167915442,12.740894009913385,374.0
09_LTAN06_800km_1213COLD_MX_ALL_HEAT_MX_0p5,13612.5,509.61320743708575,-717.6911715872905,880.2194266026238,-167.99096008913048,-291.518142537291,336.4577092296447,341.6222473479553,-1009.2093141245814,1065.46196534596,1.0,246.9,21.622247347955295,-9.209314124581397,23.50176689147806,341.6222473479553,-1009.2093141245814,1065.46196534596,880.2194266026238,2468.0,1.0,0.1,1.2064671117753392,-13.38368586034278,13.437954089076758,1.2064671117753392,-13.38368586034278,13.437954089076758,13.437954089076758,0.0,1.0,23.5,-6.784492977355114,15.098171602366278,16.55246600039645,-166.78449297735511,-304.9018283976337,347.5373246975546,13.437954089076758,234.0
09_LTAN06_800km_1213COLD_MX_ALL_HEAT_MX_0p5,13673.0,475.9030355596002,-718.1920758061931,861.5587948629221,-275.06989777196134,-423.11287787812904,504.66618282443875,200.83313778763886,-1141.304953684322,1158.840345577423,1.0,309.3,0.8331377876388615,-21.304953684322072,21.32123753594759,200.83313778763886,-1141.304953684322,1158.840345577423,861.5587948629221,3092.0,1.0,0.1,1.453727565602037,-13.884590079245413,13.960485862020397,1.453727565602037,-13.884590079245413,13.960485862020397,13.960485862020397,0.0,1.0,45.1,6.3838297936407,3.002532042625603,7.0546779870641965,-273.6161702063593,-436.9974679573744,515.5895611817134,13.960485862020397,450.0
09_LTAN06_800km_1213COLD_MX_ALL_HEAT_MX_0p5,13733.5,443.61377681561646,-718.5279922475262,844.4380726991628,-280.50932681387314,-425.90693618833564,509.9825494297891,163.10445000174332,-1144.4349284358618,1155.99929369977,1.0,309.1,3.1044500017433165,-24.43492843586182,24.63134867357069,163.10445000174332,-1144.4349284358618,1155.99929369977,844.4380726991628,3090.0,1.0,0.1,1.6713387855971291,-14.22050652057851,14.318386048645888,1.6713387855971291,-14.22050652057851,14.318386048645888,14.318386048645888,0.0,1.0,45.1,1.1620119717239845,-0.12744270891414544,1.168979668978566,-278.837988028276,-440.12744270891415,521.0209107062263,14.318386048645888,450.0
09_LTAN06_800km_1213COLD_MX_ALL_HEAT_MX_0p5,13794.0,412.6881877247584,-718.7037303643201,828.7620842721599,-223.27091296611889,-293.88366272039013,369.07656087955013,189.4172747586395,-1012.5873930847102,1030.1515095417176,1.0,246.3,-10.582725241360492,-12.587393084710243,16.444954794803778,189.4172747586395,-1012.5873930847102,1030.1515095417176,828.7620842721599,2462.0,1.0,0.1,1.8253390196659325,-14.396244637372433,14.511503099120695,1.8253390196659325,-14.396244637372433,14.511503099120695,14.511503099120695,0.0,1.0,23.1,18.554426053547047,11.720092642237432,21.946008696780684,-221.44557394645295,-308.27990735776257,379.571657926385,14.511503099120695,230.0
09_LTAN06_800km_1213COLD_MX_ALL_HEAT_MX_0p5,13854.5,383.0476804594816,-718.7310665425276,814.4322387520943,-315.5515857678552,-347.0517986544478,469.06050167318017,67.49609469162641,-1065.7828651969753,1067.917992425493,1.0,286.90000000000003,-12.50390530837359,14.217134803024692,18.933424676168578,67.49609469162641,-1065.7828651969753,1067.917992425493,814.4322387520943,2868.0,1.0,0.1,1.9095415551420274,-14.423580815579953,14.549434095331003,1.9095415551420274,-14.423580815579953,14.549434095331003,14.549434095331003,0.0,1.0,29.3,6.357955787286812,-1.475379470027633,6.52689408322771,-313.6420442127132,-361.47537947002763,478.5768296323277,14.549434095331003,292.0
09_LTAN06_800km_1213COLD_MX_ALL_HEAT_MX_0p5,13915.0,354.62945993503774,-718.6168911475014,801.3565311996381,-270.4642034375235,-384.67317462946227,470.23859541790364,84.16525649751424,-1103.2900657769637,1106.4957115341338,1.0,286.90000000000003,4.165256497514235,-23.29006577696373,23.659596902428024,84.16525649751424,-1103.2900657769637,1106.4957115341338,801.3565311996381,2868.0,1.0,0.1,1.8948132294884203,-14.30940542055373,14.434313307685157,1.8948132294884203,-14.30940542055373,14.434313307685157,14.434313307685157,0.0,1.0,36.9,11.430609791964912,1.017419949983946,11.475799909844605,-268.5693902080351,-398.98258005001605,480.9538611343954,14.434313307685157,368.0
09_LTAN06_800km_1213COLD_MX_ALL_HEAT_MX_0p5,13975.5,327.3811321816879,-718.3654605690056,789.4474907472209,-315.5216897662726,-196.899269984543,371.9183502240914,11.859442415415344,-915.2647305535486,915.3415610413767,1.0,207.3,11.859442415415344,4.735269446451412,12.769853215094088,11.859442415415344,-915.2647305535486,915.3415610413767,789.4474907472209,2072.0,1.0,0.1,1.8706379397124806,-14.057974842057888,14.181887848993316,1.8706379397124806,-14.057974842057888,14.181887848993316,14.181887848993316,0.0,1.0,26.5,6.348948173439908,-10.957244826600913,12.663741828507813,-313.6510518265601,-210.9572448266009,377.99463151840916,14.181887848993316,264.0
09_LTAN06_800km_1213COLD_MX_ALL_HEAT_MX_0p5,14036.0,301.22028311884367,-718.0002686891797,778.6257411619081,-269.3894639707801,-255.99852308647795,371.6260581833871,31.83081914806354,-973.9987917756577,974.5187773604353,1.0,226.10000000000002,-8.16918085193646,-13.99879177565765,16.208074745936532,31.83081914806354,-973.9987917756577,974.5187773604353,778.6257411619081,2260.0,1.0,0.1,1.7956481836429248,-13.692782962232059,13.810020190072594,1.7956481836429248,-13.692782962232059,13.810020190072594,13.810020190072594,0.0,1.0,17.1,12.406184212862797,10.308693951290024,16.130175997330273,-267.5938157871372,-269.69130604871,379.9208480799379,13.810020190072594,170.0
09_LTAN06_800km_1213COLD_MX_ALL_HEAT_MX_0p5,14096.5,276.0988150895151,-717.526547010917,768.8139575731205,-261.00645512126096,-265.30416309703725,372.1702145142544,15.09235996825413,-982.8307101079542,982.9465825062504,1.0,245.3,15.09235996825413,17.169289892045754,22.859655395662994,15.09235996825413,-982.8307101079542,982.9465825062504,768.8139575731205,2452.0,1.0,0.1,1.6797125785058142,-13.219061283969381,13.325352362160217,1.6797125785058142,-13.219061283969381,13.325352362160217,13.325352362160217,0.0,1.0,17.1,20.67325745724486,1.476775618993429,20.725936411230823,-259.32674254275514,-278.52322438100657,380.5595169187455,13.325352362160217,170.0
09_LTAN06_800km_1213COLD_MX_ALL_HEAT_MX_0p5,14157.0,251.96828883543185,-716.9458561828906,759.9337992723271,-299.16158059026424,-164.9068240262247,341.60197878771345,-47.19329175483239,-881.8526802091153,883.1145771521706,1.0,189.3,-7.193291754832387,-1.8526802091153058,7.428046191791428,-47.19329175483239,-881.8526802091153,883.1145771521706,759.9337992723271,1892.0,1.0,0.1,1.5050783502419733,-12.63837045594289,12.727673338910659,1.5050783502419733,-12.63837045594289,12.727673338910659,12.727673338910659,0.0,1.0,20.5,-17.65650224002229,-17.54519448216763,24.891482896143366,-297.6565022400223,-177.54519448216763,346.58576054055527,12.727673338910659,204.0
09_LTAN06_800km_1213COLD_MX_ALL_HEAT_MX_0p5,14217.5,278.15038133863874,-715.887491375278,768.0250874459889,-343.0976346311361,-171.6779934380588,383.6526036929747,-64.94725329249735,-887.5654848133369,889.9385571724453,1.0,189.10000000000002,15.05274670750265,-7.565484813336866,16.8470099394837,-64.94725329249735,-887.5654848133369,889.9385571724453,768.0250874459889,1890.0,1.0,0.1,5.6377371080885155,-11.58000564833037,12.879464682791811,5.6377371080885155,-11.58000564833037,12.879464682791811,12.879464682791811,0.0,1.0,26.5,-17.459897523047573,16.74200091361081,24.18972129038836,-337.4598975230476,-183.2579990863892,384.00869347634926,12.879464682791811,264.0
09_LTAN06_800km_1213COLD_MX_ALL_HEAT_MX_0p5,14278.0,303.6916318869849,-714.7098676967665,776.5557302997058,-279.82829296206927,-276.6652243086982,393.5066961105592,23.863338924915638,-991.3750920054647,991.6622570177252,1.0,245.5,-16.136661075084362,8.624907994535306,18.29701802388416,23.863338924915638,-991.3750920054647,991.6622570177252,776.5557302997058,2454.0,1.0,0.1,4.869021745973157,-10.402381969818862,11.485509279469154,4.869021745973157,-10.402381969818862,11.485509279469154,11.485509279469154,0.0,1.0,17.1,5.040728783903887,-7.067606278517019,8.681014064094722,-274.9592712160961,-287.067606278517,397.50523443366677,11.485509279469154,170.0
09_LTAN06_800km_1213COLD_MX_ALL_HEAT_MX_0p5,14338.5,328.45233565769666,-713.4668307882539,785.4399120454926,-167.17274027607414,-222.98321279744366,278.69021920562943,161.27959538162253,-936.4500435856976,950.2367031524908,1.0,208.10000000000002,1.2795953816225278,-16.450043585697586,16.499736310378417,161.27959538162253,-936.4500435856976,950.2367031524908,785.4399120454926,2080.0,1.0,0.1,4.00203250205027,-9.159345061306226,9.995492289004153,4.00203250205027,-9.159345061306226,9.995492289004153,9.995492289004153,0.0,1.0,12.700000000000001,-3.1707077740238674,7.85744214125009,8.473062303048891,-163.17070777402387,-232.1425578587499,283.7513824542163,9.995492289004153,126.0
09_LTAN06_800km_1213COLD_MX_ALL_HEAT_MX_0p5,14399.0,352.3419476679024,-712.2021489925532,794.5921904448985,-159.79933317810725,-172.18210204781386,234.90956376821168,192.54261448979514,-884.3842510403671,905.1011887533884,1.0,190.5,-7.457385510204858,-4.384251040367076,8.650679501216835,192.54261448979514,-884.3842510403671,905.1011887533884,794.5921904448985,1904.0,1.0,0.1,3.1135719578041403,-7.894663265605573,8.486462066946764,3.1135719578041403,-7.894663265605573,8.486462066946764,8.486462066946764,0.0,1.0,5.1000000000000005,3.3142387796968933,-20.0767653134194,20.348481126093102,-156.6857612203031,-180.0767653134194,238.70079424863707,8.486462066946764,50.0
09_LTAN06_800km_1213COLD_MX_ALL_HEAT_MX_0p5,14459.5,375.3167685529694,-710.9310363363527,803.9189108257895,-219.7442658502236,-229.96644562737967,318.0756332832559,155.5725027027458,-940.8974819637324,953.6723101584149,1.0,208.10000000000002,-4.427497297254206,-20.89748196373239,21.36135493693492,155.5725027027458,-940.8974819637324,953.6723101584149,803.9189108257895,2080.0,1.0,0.1,2.181858940003224,-6.623550609405015,6.973659807405402,2.181858940003224,-6.623550609405015,6.973659807405402,6.973659807405402,0.0,1.0,12.3,22.437593089779625,3.410003763215286,22.69523538824105,-217.56240691022037,-236.5899962367847,321.4159722538538,6.973659807405402,122.0
09_LTAN06_800km_1213COLD_MX_ALL_HEAT_MX_0p5,14520.0,397.3494407613714,-709.6918662013757,813.3567009779694,-139.64894217848214,-228.38011212472986,267.6925525031902,257.7004985828893,-938.0719783261055,972.8250528694886,0.0,nan,nan,nan,nan,257.7004985828893,-938.0719783261055,972.8250528694886,813.3567009779694,nan,1.0,0.1,1.2725537510623894,-5.384380474427985,5.532715982475902,1.2725537510623894,-5.384380474427985,5.532715982475902,5.532715982475902,0.0,1.0,12.700000000000001,21.623611572580273,6.2355074008421525,22.50471350601435,-138.37638842741973,-233.76449259915785,271.6502583734421,5.532715982475902,126.0
09_LTAN06_800km_1213COLD_MX_ALL_HEAT_MX_0p5,14580.5,418.4320589711084,-708.5081435465976,822.8421339762855,-127.21803440597395,-138.68681266206292,188.19792848084623,291.2140245651344,-847.1949562086605,895.8487048206393,1.0,173.9,11.214024565134423,-7.194956208660528,13.323728524402656,291.2140245651344,-847.1949562086605,895.8487048206393,822.8421339762855,1738.0,1.0,0.1,0.41050222959495386,-4.200657819649905,4.220667980105556,0.41050222959495386,-4.200657819649905,4.220667980105556,4.220667980105556,0.0,1.0,2.7,-6.807532176379027,-22.887470481712853,23.878417020056272,-126.80753217637903,-142.88747048171285,191.0418264080559,4.220667980105556,26.0
09_LTAN06_800km_1213COLD_MX_ALL_HEAT_MX_0p5,14641.0,438.57307414164666,-707.3824513343958,832.307799926153,-133.10990986843973,-161.7816647329654,209.50311489081437,305.4631642732069,-869.1641160673612,921.2784624569042,1.0,191.10000000000002,-14.536835726793072,10.835883932638808,18.131077561727746,305.4631642732069,-869.1641160673612,921.2784624569042,832.307799926153,1910.0,1.0,0.1,-0.34473718064396053,-3.074965607448121,3.0942296635361664,-0.34473718064396053,-3.074965607448121,3.0942296635361664,3.0942296635361664,0.0,1.0,5.300000000000001,-13.45464704908369,-4.856630340413517,14.304348481452818,-133.4546470490837,-164.85663034041352,212.1033978657373,3.0942296635361664,52.0
09_LTAN06_800km_1213COLD_MX_ALL_HEAT_MX_0p5,14701.5,457.7919056722309,-706.3583980716799,841.7336962634931,-178.06677277559302,-198.80656880699215,266.89291367049066,279.7251328966379,-905.164966878672,947.4015870994248,1.0,208.70000000000002,-0.2748671033621122,14.835033121328024,14.837579305109381,279.7251328966379,-905.164966878672,947.4015870994248,841.7336962634931,2086.0,1.0,0.1,-1.0179043698565238,-2.0509123447321826,2.2896224037923516,-1.0179043698565238,-2.0509123447321826,2.2896224037923516,2.2896224037923516,0.0,1.0,8.3,20.91532285455048,-0.8574811517243006,20.93289287307524,-179.08467714544952,-200.8574811517243,269.1004446724404,2.2896224037923516,82.0
09_LTAN06_800km_1213COLD_MX_ALL_HEAT_MX_0p5,14762.0,476.11024324426495,-705.4435579633603,851.0767163975983,-247.26715555439606,-255.29472872004553,355.410248485048,228.8430876898689,-960.7382866834058,987.6169370169788,1.0,227.10000000000002,-11.156912310131105,-0.7382866834058177,11.18131296059856,228.8430876898689,-960.7382866834058,987.6169370169788,851.0767163975983,2270.0,1.0,0.1,-1.578732740783778,-1.1360722364125877,1.9450082758616114,-1.578732740783778,-1.1360722364125877,1.9450082758616114,1.9450082758616114,0.0,1.0,12.3,-8.845888295179833,-16.430800956458143,18.660679510713038,-248.84588829517983,-256.43080095645814,357.3248267341464,1.9450082758616114,122.0
09_LTAN06_800km_1213COLD_MX_ALL_HEAT_MX_0p5,14822.5,493.55321077528174,-704.6375416782237,860.2957846048765,-138.68772209593942,-128.04573888855782,188.75909384100478,354.8654886793423,-832.6832805667815,905.1469277366442,1.0,174.3,-5.13451132065768,7.316719433218509,8.938545170574418,354.8654886793423,-832.6832805667815,905.1469277366442,860.2957846048765,1742.0,1.0,0.1,-2.0351742240992508,-0.33005595127599463,2.061764063468633,-2.0351742240992508,-0.33005595127599463,2.061764063468633,2.061764063468633,0.0,1.0,2.7,-20.72289632003867,-8.375794839833816,22.351563056977895,-140.72289632003867,-128.37579483983382,190.48170056322854,2.061764063468633,26.0
09_LTAN06_800km_1213COLD_MX_ALL_HEAT_MX_0p5,14883.0,510.1561477694581,-703.9640904907645,869.3818124434525,-143.89375343111712,-165.16811338507384,219.05688292240382,366.262394338341,-869.1322038758384,943.1537145770706,1.0,191.3,6.262394338340982,10.8677961241616,12.542989095316438,366.262394338341,-869.1322038758384,943.1537145770706,869.3818124434525,1912.0,1.0,0.1,-2.3609162084645163,0.3433952361831416,2.3857589215224038,-2.3609162084645163,0.3433952361831416,2.3857589215224038,2.3857589215224038,0.0,1.0,5.1000000000000005,13.745330360418393,-4.8247181488907245,14.567498478917894,-146.2546696395816,-164.82471814889072,220.35792725528262,2.3857589215224038,50.0
09_LTAN06_800km_1213COLD_MX_ALL_HEAT_MX_0p5,14943.5,525.947677777858,-703.4176491963201,878.3036769596258,-13.10386988358356,-155.40466088425498,155.95614778031734,512.8438078942744,-858.8223100805751,1000.2922230966484,1.0,175.10000000000002,-7.156192105725609,-18.822310080575107,20.13679324578193,512.8438078942744,-858.8223100805751,1000.2922230966484,878.3036769596258,1750.0,1.0,0.1,-2.6093789987077116,0.8898365306275764,2.7569308678558087,-2.6093789987077116,0.8898365306275764,2.7569308678558087,2.7569308678558087,0.0,1.0,5.7,24.286751117708718,5.485175646372568,24.898462436967556,-15.713248882291282,-154.51482435362743,155.3117417823558,2.7569308678558087,56.0
09_LTAN06_800km_1213COLD_MX_ALL_HEAT_MX_0p5,15004.0,540.9644060378176,-702.992182402782,887.0403018574044,6.593062104857559,-153.7165609523493,153.85788760715465,547.5574681426752,-856.7087433551312,1016.7443394777002,1.0,175.3,-12.442531857324752,-16.70874335513122,20.832635539657073,547.5574681426752,-856.7087433551312,1016.7443394777002,887.0403018574044,1752.0,1.0,0.1,-2.7748252047406368,1.3153033241657113,3.070778036821497,-2.7748252047406368,1.3153033241657113,3.070778036821497,3.070778036821497,0.0,1.0,5.9,3.818236900116972,7.598742371816456,8.504105988206735,3.818236900116972,-152.40125762818354,152.44908087514793,3.070778036821497,58.0
09_LTAN06_800km_1213COLD_MX_ALL_HEAT_MX_0p5,15064.5,555.2551831227468,-702.6813637500032,895.5832833110717,43.92079662211934,-52.14699215713074,68.17877358061983,599.1759797448661,-754.828355907134,963.7311355272731,1.0,143.9,-0.8240202551338598,5.171644092866018,5.236879987563859,599.1759797448661,-754.828355907134,963.7311355272731,895.5832833110717,1438.0,1.0,0.1,-2.8603885450147573,1.6261219769444324,3.2903032249860056,-2.8603885450147573,1.6261219769444324,3.2903032249860056,3.2903032249860056,0.0,1.0,0.7000000000000001,1.0604080771046256,-10.520870180186307,10.574174891608433,41.060408077104626,-50.52087018018631,65.10234585037314,3.2903032249860056,6.0
09_LTAN06_800km_1213COLD_MX_ALL_HEAT_MX_0p5,15125.0,568.8480287698854,-702.4847639059998,903.9208612237317,82.06735465634894,-42.36264092035639,92.35607205830058,650.9153834262344,-744.8474048263562,989.1857726723931,1.0,144.1,10.91538342623437,15.152595173643817,18.674762002179463,650.9153834262344,-744.8474048263562,989.1857726723931,903.9208612237317,1440.0,1.0,0.1,-2.8766147113689158,1.8227218209478906,3.4054701634610844,-2.8766147113689158,1.8227218209478906,3.4054701634610844,3.4054701634610844,0.0,1.0,2.0,-0.8092600550199904,-0.5399190994085075,0.9728383578771201,79.19073994498001,-40.53991909940851,88.96436552699086,3.4054701634610844,19.0
09_LTAN06_800km_1213COLD_MX_ALL_HEAT_MX_0p5,15185.5,581.7690931356154,-702.3978059592132,912.0405449014605,32.281236238209026,-51.464637660234885,60.75102585608185,614.0503293738244,-753.8624436194481,972.2995376446437,1.0,143.9,14.050329373824411,6.137556380551928,15.332362956746321,614.0503293738244,-753.8624436194481,972.2995376446437,912.0405449014605,1438.0,1.0,0.1,-2.8206056359174454,1.909679767734474,3.4062725916555254,-2.8206056359174454,1.909679767734474,3.4062725916555254,3.4062725916555254,0.0,1.0,0.7000000000000001,-10.53936939770847,-9.554957892500397,14.2258752851559,29.46063060229153,-49.5549578925004,57.65086822600475,3.4062725916555254,6.0
09_LTAN06_800km_1213COLD_MX_ALL_HEAT_MX_0p5,15246.0,594.0430201859971,-702.4131190616422,919.9300515047901,94.50653485060478,-34.99108190421208,100.77629156848279,688.5495550366019,-737.4042009658542,1008.8931783609166,1.0,129.70000000000002,8.549555036601873,-17.404200965854216,19.390747860351475,688.5495550366019,-737.4042009658542,1008.8931783609166,919.9300515047901,1296.0,1.0,0.1,-2.7443164830154956,1.8943666653054834,3.334651109422267,-2.7443164830154956,1.8943666653054834,3.334651109422267,3.334651109422267,0.0,1.0,2.0,11.762218367589298,6.90328476109346,13.638369456045698,91.7622183675893,-33.09671523890654,97.548435555607,3.334651109422267,19.0
09_LTAN06_800km_1213COLD_MX_ALL_HEAT_MX_0p5,15306.5,605.6944534387678,-702.5248243058444,927.5812092169856,111.39057608316915,-114.3963107941453,159.6695849667399,717.085029521937,-816.9211350999897,1087.0009570085635,1.0,159.9,-2.914970478062969,-16.92113509998967,17.17037757185558,717.085029521937,-816.9211350999897,1087.0009570085635,927.5812092169856,1598.0,1.0,0.1,-2.6331217967280054,1.7826614211032847,3.1798132238693047,-2.6331217967280054,1.7826614211032847,3.1798132238693047,3.1798132238693047,0.0,1.0,3.9000000000000004,-11.242545713558798,7.386350626958006,13.45187755318276,108.7574542864412,-112.613649373042,156.5567561237195,3.1798132238693047,38.0
09_LTAN06_800km_1213COLD_MX_ALL_HEAT_MX_0p5,15367.0,616.7320579809091,-702.7094135413664,934.9646791301897,74.35877051266608,-40.81972021291706,84.82615345762278,691.0908284935751,-743.5291337542835,1015.1069431194584,1.0,144.3,11.090828493575145,16.47086624571648,19.856885746717204,691.0908284935751,-743.5291337542835,1015.1069431194584,934.9646791301897,1442.0,1.0,0.1,-2.484840267202685,1.598072185581259,2.954363867880931,-2.484840267202685,1.598072185581259,2.954363867880931,2.954363867880931,0.0,1.0,2.0,-8.126069754536616,0.7783519726641543,8.163261691808302,71.87393024546338,-39.221648027335846,81.87917636926957,2.954363867880931,19.0
09_LTAN06_800km_1213COLD_MX_ALL_HEAT_MX_0p5,15427.5,627.1742563929686,-702.9569915754472,942.070103488523,91.86069675334306,-15.576622106806266,93.17198486813457,719.0349531463116,-718.5336136822534,1016.5145438395834,1.0,129.9,-0.9650468536883636,1.4663863177465828,1.7554498747296068,719.0349531463116,-718.5336136822534,1016.5145438395834,942.070103488523,1298.0,1.0,0.1,-2.288967725853695,1.3504941515004703,2.657669600088922,-2.288967725853695,1.3504941515004703,2.657669600088922,2.657669600088922,0.0,1.0,2.2,9.571729027489368,-14.226127955305742,17.146448996116195,89.57172902748937,-14.226127955305742,90.69441745540192,2.657669600088922,21.0
09_LTAN06_800km_1213COLD_MX_ALL_HEAT_MX_0p5,15488.0,637.0447901672092,-703.2657902941531,948.8987493285273,210.8309072452602,-59.32431147759118,219.0183676821416,847.8756974124693,-762.5901017717443,1140.3669854844627,1.0,177.0,7.8756974124693215,-2.5901017717443438,8.290671680917605,847.8756974124693,-762.5901017717443,1140.3669854844627,948.8987493285273,1769.0,1.0,0.1,-2.0837853506311603,1.0416954327945405,2.3296546444076283,-2.0837853506311603,1.0416954327945405,2.3296546444076283,2.3296546444076283,0.0,1.0,10.8,8.747121894629004,21.71738395520333,23.412750955349548,208.747121894629,-58.28261604479667,216.73076438825268,2.3296546444076283,107.0
09_LTAN06_800km_1213COLD_MX_ALL_HEAT_MX_0p5,15548.5,646.3497562757004,-703.6045815330567,955.420019987003,125.37928083841261,-94.82506934980373,157.1997386790214,771.729037114113,-798.4296508828604,1110.4303733841227,1.0,160.10000000000002,11.729037114112998,1.5703491171395854,11.833693758668138,771.729037114113,-798.4296508828604,1110.4303733841227,955.420019987003,1600.0,1.0,0.1,-1.8716640259983706,0.7029041938909586,1.9993000105051586,-1.8716640259983706,0.7029041938909586,1.9993000105051586,1.9993000105051586,0.0,1.0,4.0,3.5076168124141986,-14.12216515591274,14.55125164353935,123.5076168124142,-94.12216515591274,155.28397658586366,1.9993000105051586,39.0
09_LTAN06_800km_1213COLD_MX_ALL_HEAT_MX_0p5,15609.0,655.1111063510269,-703.9717281279524,961.6375386120917,162.43941065921777,-64.96382572204148,174.94816600284145,817.5505170102447,-768.9355538499939,1122.3416297359352,1.0,160.4,17.550517010244675,-8.93555384999388,19.69428267119745,817.5505170102447,-768.9355538499939,1122.3416297359352,961.6375386120917,1603.0,1.0,0.1,-1.6526457347636097,0.33575759899531477,1.6864077472294325,-1.6526457347636097,0.33575759899531477,1.6864077472294325,1.6864077472294325,0.0,1.0,7.0,0.7867649244541326,15.371931876953795,15.392052776548667,160.78676492445413,-64.6280681230462,173.2892696164098,1.6864077472294325,69.0
09_LTAN06_800km_1213COLD_MX_ALL_HEAT_MX_0p5,15669.5,663.3502027434841,-704.3611472303803,967.5526431194941,211.72836754858236,-17.37052745324921,212.4397252135101,875.0785702920665,-721.7316746836295,1134.3099728143288,1.0,194.60000000000002,-4.921429707933498,-1.7316746836295351,5.217199208392741,875.0785702920665,-721.7316746836295,1134.3099728143288,967.5526431194941,1945.0,1.0,0.1,-1.4156255578626542,-0.05366150343263598,1.4166422544257962,-1.4156255578626542,-0.05366150343263598,1.4166422544257962,1.4166422544257962,0.0,1.0,11.0,10.3127419907197,22.57581104331814,24.819748017068154,210.3127419907197,-17.42418895668186,211.0332954878286,1.4166422544257962,109.0
09_LTAN06_800km_1213COLD_MX_ALL_HEAT_MX_0p5,15730.0,671.0837295786179,-704.7448915178842,973.1488756740677,98.93187714365044,78.91636226854494,126.55160429195107,770.0156067222683,-625.8285292493392,992.2627588588891,1.0,145.20000000000002,10.01560672226833,14.171470750660774,17.353471158589006,770.0156067222683,-625.8285292493392,992.2627588588891,973.1488756740677,1451.0,1.0,0.1,-1.1811610979672196,-0.4374057909365092,1.2595496676574214,-1.1811610979672196,-0.4374057909365092,1.2595496676574214,1.2595496676574214,0.0,1.0,1.8,17.750716045683248,-1.521043522391551,17.815765308610406,97.75071604568325,78.47895647760845,125.35608919098487,1.2595496676574214,17.0
09_LTAN06_800km_1213COLD_MX_ALL_HEAT_MX_0p5,15790.5,678.3323505295361,-705.1236740483953,978.4345524757562,176.20184407517021,190.5106464292366,259.5022085809217,854.5341946047064,-514.6130276191586,997.5245650830215,1.0,178.20000000000002,14.534194604706386,5.386972380841371,15.500396260722626,854.5341946047064,-514.6130276191586,997.5245650830215,978.4345524757562,1781.0,1.0,0.1,-0.9420163737672738,-0.816188321447612,1.2464181579683098,-0.9420163737672738,-0.816188321447612,1.2464181579683098,1.2464181579683098,0.0,1.0,10.0,15.259827701402969,-10.305541892210954,18.413759398032234,175.25982770140297,189.69445810778905,258.263421031189,1.2464181579683098,99.0
09_LTAN06_800km_1213COLD_MX_ALL_HEAT_MX_0p5,15851.0,685.1173258148376,-705.4803600243897,983.4064716645996,274.6952854811641,198.10064812249638,338.67590208358695,959.8126112960017,-507.3797119018933,1085.6677304094922,1.0,232.8,-0.18738870399829466,12.620288098106698,12.621679214969765,959.8126112960017,-507.3797119018933,1085.6677304094922,983.4064716645996,2327.0,1.0,0.1,-0.7046276788937575,-1.1728742974420356,1.3682595819008003,-0.7046276788937575,-1.1728742974420356,1.3682595819008003,1.3682595819008003,0.0,1.0,22.200000000000003,-6.009342197729666,-3.0722261749456266,6.7491308565944585,273.99065780227033,196.92777382505437,337.41877343534486,1.3682595819008003,221.0
09_LTAN06_800km_1213COLD_MX_ALL_HEAT_MX_0p5,15911.5,691.4600902831367,-705.7873372582292,988.0550702710983,220.09492848479266,-259.241428538988,340.07042772881795,911.5550187679294,-965.0287657972171,1327.4837366450483,1.0,230.5,-8.444981232070631,-5.028765797217147,9.828844970457425,911.5550187679294,-965.0287657972171,1327.4837366450483,988.0550702710983,2304.0,1.0,0.1,-0.4670093321689137,-1.479851531281497,1.5517919547958248,-0.4670093321689137,-1.479851531281497,1.5517919547958248,1.5517919547958248,0.0,0.0,nan,nan,nan,nan,219.6279191526238,-260.7212800702695,340.89882480406317,1.5517919547958248,nan
09_LTAN06_800km_1213COLD_MX_ALL_HEAT_MX_0p5,15972.0,697.3792193967522,-706.0452970010048,992.3899118107058,248.6378296902229,-334.2015332422109,416.54703836962864,946.0170490869751,-1040.2468302432158,1406.0802697549973,1.0,270.3,-13.982950913024865,-0.2468302432157543,13.985129295256046,946.0170490869751,-1040.2468302432158,1406.0802697549973,992.3899118107058,2702.0,1.0,0.1,-0.24968329151670332,-1.7378112740570941,1.7556565069234233,-0.24968329151670332,-1.7378112740570941,1.7556565069234233,1.7556565069234233,0.0,1.0,25.5,8.388146398706226,-15.93934451626808,18.011765699520232,248.38814639870623,-335.9393445162681,417.7941053502371,1.7556565069234233,254.0
09_LTAN06_800km_1213COLD_MX_ALL_HEAT_MX_0p5,16032.5,702.9040787009002,-706.2189510105549,996.4032068499226,323.1904484874367,-224.13642627796042,393.30548378857634,1026.094527188337,-930.3553772885152,1385.0744047795818,1.0,271.2,-13.905472811663003,-10.355377288515228,17.337704949138914,1026.094527188337,-930.3553772885152,1385.0744047795818,996.4032068499226,2711.0,1.0,0.1,-0.031930882319556986,-1.9114652836071855,1.9117319664851564,-0.031930882319556986,-1.9114652836071855,1.9117319664851564,1.9117319664851564,0.0,1.0,26.200000000000003,3.158517605117254,13.952108438432447,14.305158626859525,323.15851760511725,-226.04789156156755,394.37174947017576,1.9117319664851564,261.0
09_LTAN06_800km_1213COLD_MX_ALL_HEAT_MX_0p5,16093.0,708.0582640449002,-706.2885159969704,1000.0949820449457,270.13888287388875,-390.0714342410666,474.4794409152364,978.1971469187889,-1096.359950238037,1469.310994556976,1.0,291.3,18.197146918788917,-16.359950238037072,24.47006595363074,978.1971469187889,-1096.359950238037,1469.310994556976,1000.0949820449457,2912.0,1.0,0.1,0.19037568813848793,-1.9810302700227567,1.9901567358830408,0.19037568813848793,-1.9810302700227567,1.9901567358830408,1.9901567358830408,0.0,1.0,39.7,-9.670741437972765,7.947535488910603,12.517450231880973,270.32925856202723,-392.0524645110894,476.2174324443766,1.9901567358830408,396.0
09_LTAN06_800km_1213COLD_MX_ALL_HEAT_MX_0p5,16153.5,712.8570549872449,-706.2586339629665,1003.4771740763829,302.78082177481116,-366.14534044043023,475.11960216441133,1015.6378767620561,-1072.4039744033967,1477.0140761109687,1.0,291.5,15.637876762056067,7.59602559660334,17.385131419966495,1015.6378767620561,-1072.4039744033967,1477.0140761109687,1003.4771740763829,2914.0,1.0,0.1,0.4147508707067118,-1.9511482360188666,1.9947425206455869,0.4147508707067118,-1.9511482360188666,1.9947425206455869,1.9947425206455869,0.0,1.0,32.300000000000004,23.195572645517927,-8.096488676448985,24.568022289988384,303.1955726455179,-368.096488676449,476.8884358503304,1.9947425206455869,322.0
09_LTAN06_800km_1213COLD_MX_ALL_HEAT_MX_0p5,16214.0,717.3362274046237,-706.1030386369534,1006.5548988105105,362.57224453198484,-322.6108131754808,485.3208931034253,1079.9084719366085,-1028.7138518124343,1491.460524677484,1.0,292.0,-0.09152806339147901,11.286148187565686,11.286519317224439,1079.9084719366085,-1028.7138518124343,1491.460524677484,1006.5548988105105,2919.0,1.0,0.1,0.6107538011773386,-1.7955529100057674,1.8965838917070734,0.6107538011773386,-1.7955529100057674,1.8965838917070734,1.8965838917070734,0.0,1.0,32.800000000000004,3.182998333162118,-4.406366085486638,5.435764938648439,363.1829983331621,-324.40636608548664,486.9716425368693,1.8965838917070734,327.0
09_LTAN06_800km_1213COLD_MX_ALL_HEAT_MX_0p5,16274.5,721.5140512156651,-705.8213225531026,1009.3395194245851,387.19677497807356,-380.53791354756544,542.8908234632036,1108.7108261937387,-1086.359236100668,1552.2293921906098,1.0,314.0,-11.28917380626126,-6.359236100668113,12.957057112323614,1108.7108261937387,-1086.359236100668,1552.2293921906098,1009.3395194245851,3139.0,1.0,0.1,0.774373163799396,-1.513836826154943,1.7003986982574286,0.774373163799396,-1.513836826154943,1.7003986982574286,1.7003986982574286,0.0,1.0,40.300000000000004,-12.028851858126927,17.948249626279562,21.60631717049456,387.9711481418731,-382.05175037372044,544.5045011330456,1.7003986982574286,402.0
09_LTAN06_800km_1213COLD_MX_ALL_HEAT_MX_0p5,16335.0,725.4053766869135,-705.4174583312683,1011.8432443045857,208.92664000842967,-190.11456222999897,282.4781189351064,934.3320166953432,-895.5320205612672,1294.2001071212028,1.0,212.0,14.332016695343214,-15.532020561267245,21.134104316748914,934.3320166953432,-895.5320205612672,1294.2001071212028,1011.8432443045857,2119.0,1.0,0.1,0.9207387718583959,-1.1099726043206601,1.4421508479856384,0.9207387718583959,-1.1099726043206601,1.4421508479856384,1.4421508479856384,0.0,1.0,10.3,9.847378780288068,8.77546516568043,13.19013486347044,209.84737878028807,-191.22453483431957,283.9062258978475,1.4421508479856384,102.0
09_LTAN06_800km_1213COLD_MX_ALL_HEAT_MX_0p5,16395.5,729.0485050905534,-704.8677765494473,1014.076084518579,-453.0424281618193,11.519606629962553,453.18886024665954,276.00607692873405,-693.3481699194847,746.2647246334834,1.0,113.9,-3.9939230712659537,-13.34816991948469,13.932877007231005,276.00607692873405,-693.3481699194847,746.2647246334834,1014.076084518579,1138.0,1.0,0.1,1.0592324842384642,-0.5602908224996099,1.1982901407602742,1.0592324842384642,-0.5602908224996099,1.1982901407602742,1.1982901407602742,0.0,1.0,50.900000000000006,-11.983195677580852,10.959315807462986,16.238952602150807,-451.98319567758085,10.959315807462986,452.11604238058845,1.1982901407602742,508.0
09_LTAN06_800km_1213COLD_MX_ALL_HEAT_MX_0p5,16456.0,732.4542556356291,-704.1758279985127,1016.0476530833258,-369.4912913813005,23.248769918716008,370.2219870690482,362.9629642543286,-680.9270580797967,771.6241130534321,1.0,114.30000000000001,2.962964254328597,-0.9270580797966659,3.10460848670896,362.9629642543286,-680.9270580797967,771.6241130534321,1016.0476530833258,1142.0,1.0,0.1,1.175602192018573,0.131657728435016,1.18295150844637,1.175602192018573,0.131657728435016,1.18295150844637,1.18295150844637,0.0,1.0,34.5,-8.315689189281954,23.38042764715101,24.81521879122576,-368.31568918928195,23.38042764715101,369.05702987470573,1.18295150844637,344.0
09_LTAN06_800km_1213COLD_MX_ALL_HEAT_MX_0p5,16516.5,735.6418073194865,-703.3405144172385,1017.7704789867832,-307.351033464275,-93.83311709209289,321.35542882418576,428.29077385521146,-797.1736315093315,904.9413161875588,1.0,158.5,-11.709226144788545,2.8263684906685285,12.045511020909139,428.29077385521146,-797.1736315093315,904.9413161875588,1017.7704789867832,1584.0,1.0,0.1,1.2810281096460585,0.9669713097091517,1.6050129381110876,1.2810281096460585,0.9669713097091517,1.6050129381110876,1.6050129381110876,0.0,1.0,27.1,13.929994645371039,-12.866145782383796,18.96265957384718,-306.07000535462896,-92.8661457823838,319.8483534587251,1.6050129381110876,270.0
09_LTAN06_800km_1213COLD_MX_ALL_HEAT_MX_0p5,16577.0,738.6435300659992,-702.3527489268947,1019.2613248983434,-293.4145006213618,-1.5433594221590496,293.41855962632815,445.22902944463743,-703.8961083490537,832.885718456714,1.0,114.7,5.229029444637433,-23.896108349053748,24.461535993526685,445.22902944463743,-703.8961083490537,832.885718456714,1019.2613248983434,1146.0,1.0,0.1,1.3862664759196832,1.954736800052956,2.396399528405071,1.3862664759196832,1.954736800052956,2.396399528405071,2.396399528405071,0.0,1.0,21.3,-12.028234145442127,0.4113773778939276,12.035266843930915,-292.0282341454421,0.4113773778939276,292.02852389698546,2.396399528405071,212.0
09_LTAN06_800km_1213COLD_MX_ALL_HEAT_MX_0p5,16637.5,741.4682570511808,-701.2190724466225,1020.5309224993712,-328.4007768436508,-28.327971155560917,329.6203030477698,413.06748020752997,-729.5470436021834,838.3696273325295,1.0,128.3,13.067480207529968,-9.547043602183408,16.183481717979557,413.06748020752997,-729.5470436021834,838.3696273325295,1020.5309224993712,1282.0,1.0,0.1,1.4885463883072134,3.0884132803251987,3.4284204730796226,1.4885463883072134,3.0884132803251987,3.4284204730796226,3.4284204730796226,0.0,1.0,27.3,-6.912230455343604,14.760442124764268,16.298760124202552,-326.9122304553436,-25.239557875235732,327.8851044238287,3.4284204730796226,272.0
09_LTAN06_800km_1213COLD_MX_ALL_HEAT_MX_0p5,16698.0,744.1416438343789,-699.9568739302053,1021.6097158165035,-396.1923345592931,-43.99037631610929,398.62704270028615,347.9493092750858,-743.9472502463146,821.2954602176137,1.0,142.70000000000002,-12.050690724914205,16.05274975368536,20.07261621219264,347.9493092750858,-743.9472502463146,821.2954602176137,1021.6097158165035,1426.0,1.0,0.1,1.5745164053065537,4.350611796742328,4.626761817571008,1.5745164053065537,4.350611796742328,4.626761817571008,4.626761817571008,0.0,1.0,42.1,5.382181846013452,0.3602354806330368,5.394223857522386,-394.61781815398655,-39.63976451936696,396.6037485145137,4.626761817571008,420.0
09_LTAN06_800km_1213COLD_MX_ALL_HEAT_MX_0p5,16758.5,746.6879561566963,-698.5819853833656,1022.5261337352846,-400.53521806800126,-110.40965936337285,415.4741313168816,346.152738088695,-808.9916447467384,879.937042836778,1.0,158.10000000000002,-13.847261911304997,-8.991644746738416,16.51049174591195,346.152738088695,-808.9916447467384,879.937042836778,1022.5261337352846,1580.0,1.0,0.1,1.6392893796543149,5.725500343582098,5.9555540342277276,1.6392893796543149,5.725500343582098,5.9555540342277276,5.9555540342277276,0.0,1.0,41.7,1.1040713116530583,15.31584098020926,15.355583948266919,-398.89592868834694,-104.68415901979074,412.40360700874044,5.9555540342277276,416.0
09_LTAN06_800km_1213COLD_MX_ALL_HEAT_MX_0p5,16819.0,749.1129419683546,-697.0982776658683,1023.2869629528187,-324.8458597495032,-139.1131421304971,353.3798224429541,424.2670822188514,-836.2114197963654,937.6844328729952,1.0,174.5,24.267082218851385,3.7885802036346377,24.561038646113182,424.2670822188514,-836.2114197963654,937.6844328729952,1023.2869629528187,1744.0,1.0,0.1,1.6900434433732698,7.20920806107938,7.404655812961254,1.6900434433732698,7.20920806107938,7.404655812961254,7.404655812961254,0.0,1.0,26.900000000000002,-3.155816306129907,-11.903934069417687,12.315146076562735,-323.1558163061299,-131.9039340694177,349.0391517229413,7.404655812961254,268.0
09_LTAN06_800km_1213COLD_MX_ALL_HEAT_MX_0p5,16879.5,751.4434491431664,-695.5173999876795,1023.9197775928543,-288.131363953601,-64.10835072466341,295.1771731120124,463.3120851895654,-759.6257507123429,889.7692787616313,1.0,143.1,23.31208518956538,0.37424928765710774,23.315089071561907,463.3120851895654,-759.6257507123429,889.7692787616313,1023.9197775928543,1430.0,1.0,0.1,1.7318486008957734,8.790085739268193,8.959068415862818,1.7318486008957734,8.790085739268193,8.959068415862818,8.959068415862818,0.0,1.0,21.1,-6.399515352705237,-15.318264985395217,16.601296302165537,-286.39951535270524,-55.31826498539522,291.6929770070902,8.959068415862818,210.0
09_LTAN06_800km_1213COLD_MX_ALL_HEAT_MX_0p5,16940.0,753.6925306564982,-693.8480181034226,1024.440092437544,-298.92810012175676,-86.92233793583497,311.3093347052647,454.76443053474145,-780.7703560392576,903.5557736793323,1.0,158.5,14.76443053474145,19.22964396074235,24.24391915248276,454.76443053474145,-780.7703560392576,903.5557736793323,1024.440092437544,1584.0,1.0,0.1,1.7627097559800404,10.459467623525029,10.606960387000393,1.7627097559800404,10.459467623525029,10.606960387000393,10.606960387000393,0.0,1.0,20.900000000000002,-17.165390365776716,3.537129687690026,17.52603528574099,-297.1653903657767,-76.46287031230997,306.8449767678161,10.606960387000393,208.0
09_LTAN06_800km_1213COLD_MX_ALL_HEAT_MX_0p5,17000.5,755.8642319800592,-692.0955743903232,1024.8546342176905,-274.79083750246286,-78.63127144487171,285.8196655661434,481.07339447759637,-770.7268458351949,908.5436047682387,1.0,143.3,1.0733944775963664,-10.726845835194922,10.780417305307482,481.07339447759637,-770.7268458351949,908.5436047682387,1024.8546342176905,1432.0,1.0,0.1,1.7804568114034964,12.21191133662444,12.341021228036585,1.7804568114034964,12.21191133662444,12.341021228036585,12.341021228036585,0.0,1.0,20.900000000000002,6.989619308940632,13.580639891752753,15.273786627859575,-273.01038069105937,-66.41936010824725,280.97366311144924,12.341021228036585,208.0
09_LTAN06_800km_1213COLD_MX_ALL_HEAT_MX_0p5,17061.0,757.9919938077486,-690.3282950732122,1025.234128214299,-261.9593884487078,-55.29415295851186,267.7315157911378,496.0326053590408,-745.622448031724,895.5451862346752,1.0,143.3,16.032605359040815,14.377551968275952,21.535051316382322,496.0326053590408,-745.622448031724,895.5451862346752,1025.234128214299,1432.0,1.0,0.1,1.7889336502964852,13.979190653735486,14.093191793864465,1.7889336502964852,13.979190653735486,14.093191793864465,14.093191793864465,0.0,1.0,15.700000000000001,-20.1704547984113,-1.3149623047763725,20.213272190264895,-260.1704547984113,-41.31496230477637,263.4304303991042,14.093191793864465,156.0
09_LTAN06_800km_1213COLD_MX_ALL_HEAT_MX_0p5,17121.5,760.081360448285,-688.5505093082505,1025.5854320189844,-192.76220728537922,-119.06472123858063,226.56936333306942,567.3191531629058,-807.6152305468312,986.9616923450919,1.0,159.10000000000002,7.319153162905764,-7.615230546831185,10.562279077143542,567.3191531629058,-807.6152305468312,986.9616923450919,1025.5854320189844,1590.0,1.0,0.1,1.7818532166608065,15.75697641869715,15.857405422864817,1.7818532166608065,15.75697641869715,15.857405422864817,15.857405422864817,0.0,1.0,10.700000000000001,9.019645931281616,16.69225518011649,18.97328110063757,-190.98035406871838,-103.30774481988351,217.13126393954235,15.857405422864817,106.0
09_LTAN06_800km_1213COLD_MX_ALL_HEAT_MX_0p5,17182.0,762.1408884626846,-686.7747899058032,1025.9231676479728,-212.71932802728372,-158.47861653661153,265.26399004715563,549.4215604354009,-845.2534064424148,1008.1256728076004,1.0,175.3,-10.57843956459908,-5.253406442414757,11.811082205754055,549.4215604354009,-845.2534064424148,1008.1256728076004,1025.9231676479728,1752.0,1.0,0.1,1.7646537211547866,17.532695821144443,17.621277635641555,1.7646537211547866,17.532695821144443,17.621277635641555,17.621277635641555,0.0,1.0,10.5,-10.954674306128936,19.054079284532918,21.978690282512922,-210.95467430612894,-140.94592071546708,253.70775939638833,17.621277635641555,104.0
09_LTAN06_800km_1213COLD_MX_ALL_HEAT_MX_0p5,17242.5,764.1999800579474,-685.062502219457,1026.3100123587174,-126.42974340837532,-74.22515258623528,146.60782139694163,637.7702366495721,-759.2876548056922,991.5990205200785,1.0,144.1,-2.229763350427902,0.7123451943077725,2.340786251404609,637.7702366495721,-759.2876548056922,991.5990205200785,1026.3100123587174,1440.0,1.0,0.1,1.7419818041433928,19.2449835074907,19.3236614234869,1.7419818041433928,19.2449835074907,19.3236614234869,19.3236614234869,0.0,1.0,4.3,-4.687761604231923,-14.980169078744552,15.696514724163624,-124.68776160423192,-54.98016907874455,136.27126214210062,19.3236614234869,42.0
09_LTAN06_800km_1213COLD_MX_ALL_HEAT_MX_0p5,17303.0,766.2579439895903,-683.4108595867493,1026.743219957285,-165.6554299074088,-184.50524074229025,247.9594832209063,600.6025140821815,-867.9161003290396,1055.4628070814265,1.0,192.5,0.6025140821815285,12.083899670960363,12.098911293048769,600.6025140821815,-867.9161003290396,1055.4628070814265,1026.743219957285,1924.0,1.0,0.1,1.7106638051661776,20.89662614019835,20.96652939085357,1.7106638051661776,20.89662614019835,20.96652939085357,20.96652939085357,0.0,1.0,5.1000000000000005,-3.9447661022426246,-3.6086146020919614,5.346333224541264,-163.94476610224262,-163.60861460209196,231.61533866377437,20.96652939085357,50.0
09_LTAN06_800km_1213COLD_MX_ALL_HEAT_MX_0p5,17363.5,768.3246101812265,-681.8513449654043,1027.2506817915794,-176.4206819073224,-144.34791350977898,227.94862828995323,591.9039282739041,-826.1992584751833,1016.3441715339453,1.0,175.5,-8.096071726095943,13.800741524816658,16.000213874473335,591.9039282739041,-826.1992584751833,1016.3441715339453,1027.2506817915794,1754.0,1.0,0.1,1.6748695076305467,22.456140761543338,22.51851340052977,1.6748695076305467,22.456140761543338,22.51851340052977,22.51851340052977,0.0,1.0,6.9,-14.745812399691886,-1.8917727482356668,14.86666699223044,-174.74581239969189,-121.89177274823567,213.05798087594803,22.51851340052977,68.0
09_LTAN06_800km_1213COLD_MX_ALL_HEAT_MX_0p5,17424.0,770.4154111098758,-680.4345479069641,1027.8769769096657,-109.51917610804227,-146.33818666051448,182.78215123603277,660.8962350018335,-826.7727345674786,1058.4597243465548,1.0,175.70000000000002,20.896235001833475,13.227265432521449,24.73081454530415,660.8962350018335,-826.7727345674786,1058.4597243465548,1027.8769769096657,1756.0,1.0,0.1,1.6418566675026796,23.872937819983576,23.929330401693758,1.6418566675026796,23.872937819983576,23.929330401693758,23.929330401693758,0.0,1.0,2.7,12.122680559460377,-2.465248840530876,12.37080578590002,-107.87731944053962,-122.46524884053088,163.203104208374,23.929330401693758,26.0
09_LTAN06_800km_1213COLD_MX_ALL_HEAT_MX_0p5,17484.5,772.5298665157292,-679.1559209831522,1028.618082509385,-103.88560438927,-241.05005348212518,262.48304151517925,668.6442621264591,-920.2059744652774,1137.4815096150917,1.0,210.70000000000002,-11.355737873540875,-0.20597446527744978,11.357605739455696,668.6442621264591,-920.2059744652774,1137.4815096150917,1028.618082509385,2106.0,1.0,0.4,1.6012986071322075,-14.848435256204539,14.934530015601478,1.6012986071322075,25.15156474379546,25.202487303647995,25.202487303647995,3.0,1.0,8.700000000000001,17.715694217862165,-15.898488738329775,23.803524230323408,-102.28430578213784,-215.89848873832977,238.90214869027147,25.202487303647995,86.0
09_LTAN06_800km_1213COLD_MX_ALL_HEAT_MX_0p5,17545.0,774.6735493784537,-678.0587420735757,1029.5060785682674,-181.10703177277028,-118.59896670633023,216.4843455341574,593.5665176056834,-796.6577087799059,993.4710442589595,1.0,159.3,-6.43348239431657,3.3422912200941255,7.249869400058152,593.5665176056834,-796.6577087799059,993.4710442589595,1029.5060785682674,1592.0,1.0,0.4,1.56609176718473,-13.751256346627997,13.840147923122807,1.56609176718473,26.248743653372003,26.295421403804898,26.295421403804898,3.0,1.0,7.1000000000000005,-19.540940005585526,-12.3502230529582,23.116581619255754,-179.54094000558553,-92.3502230529582,201.8997593758358,26.295421403804898,70.0
09_LTAN06_800km_1213COLD_MX_ALL_HEAT_MX_0p5,17605.5,776.8490934529693,-677.1670947783132,1030.5579984887806,-110.32350966803983,-145.4267829948199,182.53828638862728,666.5255837849295,-822.593877773133,1058.7336972013695,1.0,175.9,-13.474416215070505,17.406122226866955,22.01210992416644,666.5255837849295,-822.593877773133,1058.7336972013695,1030.5579984887806,1758.0,1.0,0.4,1.5297668635844275,-12.85960905136551,12.950279209765428,1.5297668635844275,27.14039094863449,27.1834693794159,27.1834693794159,3.0,1.0,2.7,11.206257195544595,1.7136079538146305,11.336518537543693,-108.7937428044554,-118.28639204618537,160.71013974452842,27.1834693794159,26.0
09_LTAN06_800km_1213COLD_MX_ALL_HEAT_MX_0p5,17666.0,779.055356581807,-676.4730335573809,1031.7669377088664,-132.09244928141112,-123.22172967518092,180.6433221054837,646.962907300396,-799.6947632325617,1028.6266172738112,1.0,159.5,6.962907300395955,0.30523676743825945,6.969594504567927,646.962907300396,-799.6947632325617,1028.6266172738112,1031.7669377088664,1594.0,1.0,0.4,1.498229209168926,-12.165547830433184,12.257456701035679,1.498229209168926,27.834452169566816,27.874745170908913,27.874745170908913,3.0,1.0,4.1000000000000005,-10.594220072242138,-15.387277505614065,18.681697138479546,-130.59422007224214,-95.38727750561407,161.72069448963617,27.874745170908913,40.0
09_LTAN06_800km_1213COLD_MX_ALL_HEAT_MX_0p5,17726.5,781.2894876568449,-676.0290387096137,1033.1643260884202,-30.28017950586259,-111.74140576684474,115.77146035901033,751.0093081509823,-787.7704444764585,1088.392049823984,1.0,160.10000000000002,-8.990691849017708,12.229555523541535,15.17875384303266,751.0093081509823,-787.7704444764585,1088.392049823984,1033.1643260884202,1600.0,1.0,0.4,1.4602125838641768,-11.721552982666026,11.81215581998147,1.4602125838641768,28.278447017333974,28.316122377582705,28.316122377582705,3.0,1.0,1.3,11.180033078001543,-3.46295874951079,11.704068648381297,-28.819966921998457,-83.46295874951079,88.29867482928397,28.316122377582705,12.0
09_LTAN06_800km_1213COLD_MX_ALL_HEAT_MX_0p5,17787.0,783.550788206234,-675.8374676133704,1034.7502695475193,-37.176260781276014,-151.070603675214,155.57763869036904,746.3745274249579,-826.9080712885844,1113.9353183874887,1.0,176.3,-13.625472575042068,13.091928711415562,18.89582229695259,746.3745274249579,-826.9080712885844,1113.9353183874887,1034.7502695475193,1762.0,1.0,0.4,1.4175966966039368,-11.529981886422775,11.616800880425716,1.4175966966039368,28.470018113577225,28.5052891895809,28.5052891895809,3.0,1.0,3.1,4.241335915327909,-2.6005855616367626,4.975135737851183,-35.75866408467209,-122.60058556163676,127.7089880829718,28.5052891895809,30.0
09_LTAN06_800km_1213COLD_MX_ALL_HEAT_MX_0p5,17847.5,785.8381666111599,-675.8897785404822,1036.5175429476778,85.65055055145011,-76.05611458948384,114.54496661230998,871.48871716261,-751.9458931299661,1151.049612456715,1.0,194.4,-8.511282837390013,8.054106870033934,11.717959421843787,871.48871716261,-751.9458931299661,1151.049612456715,1036.5175429476778,1943.0,1.0,0.4,1.3827119022278112,-11.582292813534536,11.664535954036758,1.3827119022278112,28.417707186465464,28.45132640036758,28.45132640036758,3.0,1.0,2.0,7.033262453677935,-7.638407403018391,10.383258081970318,87.03326245367793,-47.63840740301839,99.21797535339422,28.45132640036758,19.0
09_LTAN06_800km_1213COLD_MX_ALL_HEAT_MX_0p5,17908.0,788.142075775279,-676.1990621723943,1038.466707839106,98.00638306228387,-127.72280517632788,160.9918199259246,886.1484588375629,-803.9218673487221,1196.4737606406773,1.0,194.20000000000002,6.148458837562885,-3.9218673487221167,7.292776534227398,886.1484588375629,-803.9218673487221,1196.4737606406773,1038.466707839106,1941.0,1.0,0.4,1.369421118699961,-11.891576445446617,11.970167273611604,1.369421118699961,28.108423554553383,28.14176236347882,28.14176236347882,3.0,0.0,nan,nan,nan,nan,99.37580418098389,-99.61438162177444,140.70741090115249,28.14176236347882,nan
09_LTAN06_800km_1213COLD_MX_ALL_HEAT_MX_0p5,17968.5,790.461846474512,-676.754826381162,1040.589749018359,79.70986242782647,-188.56988600207407,204.72484967657988,870.1717089023384,-865.3247123832361,1227.186074250823,1.0,193.9,-9.828291097661577,14.675287616763853,17.66237165657875,870.1717089023384,-865.3247123832361,1227.186074250823,1040.589749018359,1938.0,1.0,0.4,1.3653902598456398,-12.447340654214372,12.522003830207815,1.3653902598456398,27.552659345785628,27.58647000952803,27.58647000952803,3.0,1.0,6.300000000000001,1.075252687672105,-1.0172266562884715,1.4801751290336929,81.0752526876721,-161.01722665628847,180.27685341843656,27.58647000952803,62.0
09_LTAN06_800km_1213COLD_MX_ALL_HEAT_MX_0p5,18029.0,792.7894901235178,-677.5445924164345,1042.8719242376121,149.38467146596622,-123.17851051374556,193.6200545433752,942.174161589484,-800.7231029301801,1236.4665941031253,1.0,212.4,22.174161589484015,-0.7231029301800618,22.185948707327874,942.174161589484,-800.7231029301801,1236.4665941031253,1042.8719242376121,2123.0,1.0,0.4,1.3667531747273642,-13.237106689486836,13.307479391285357,1.3667531747273642,26.762893310513164,26.797769918232703,26.797769918232703,3.0,1.0,7.0,-9.248575359306415,-16.415617203232387,18.841672811611733,150.75142464069359,-96.41561720323239,178.94681688110285,26.797769918232703,69.0
09_LTAN06_800km_1213COLD_MX_ALL_HEAT_MX_0p5,18089.5,795.1057116640026,-678.5529343517763,1045.2880834670057,123.17756029496019,-170.10929696685554,210.02353266902355,918.2832719589628,-848.6622313186319,1250.3886397542076,1.0,212.20000000000002,-1.716728041037186,-8.662231318631939,8.830708158713627,918.2832719589628,-848.6622313186319,1250.3886397542076,1045.2880834670057,2121.0,1.0,0.4,1.3615869086584098,-14.245448624828668,14.310371254180058,1.3615869086584098,25.75455137517133,25.79051832449611,25.79051832449611,3.0,1.0,3.9000000000000004,4.539147203618654,-24.354745591684264,24.774129453358864,124.53914720361865,-144.35474559168426,190.65227971635818,25.79051832449611,38.0
09_LTAN06_800km_1213COLD_MX_ALL_HEAT_MX_0p5,18150.0,797.4103945174511,-679.7697242316693,1047.8311959788546,137.4131383827459,-49.82277795280406,146.16661658234446,934.823532900197,-729.5925021844733,1185.83314884844,1.0,212.8,14.823532900197051,-9.592502184473346,17.65653493192677,934.823532900197,-729.5925021844733,1185.83314884844,1047.8311959788546,2127.0,1.0,0.1,1.3549527207495657,24.537761495278346,24.575142646068837,1.3549527207495657,24.537761495278346,24.575142646068837,24.575142646068837,0.0,1.0,4.2,18.76809110349552,14.714983542474329,23.84894094764793,138.76809110349552,-25.28501645752567,141.0528807425264,24.575142646068837,41.0
