case_name,time_s,thermal_los_x_urad,thermal_los_y_urad,thermal_los_norm_urad,nonthermal_error_x_urad,nonthermal_error_y_urad,nonthermal_error_norm_urad,thermal_plus_nonthermal_error_x_urad,thermal_plus_nonthermal_error_y_urad,thermal_plus_nonthermal_error_norm_urad,no_correction_success,no_correction_acquisition_time_s,no_correction_residual_x_urad,no_correction_residual_y_urad,no_correction_residual_norm_urad,no_correction_pointing_error_x_urad,no_correction_pointing_error_y_urad,no_correction_pointing_error_norm_urad,no_correction_thermal_residual_norm_urad,no_correction_scan_index,static_bias_correction_success,static_bias_correction_acquisition_time_s,static_bias_correction_residual_x_urad,static_bias_correction_residual_y_urad,static_bias_correction_residual_norm_urad,static_bias_correction_pointing_error_x_urad,static_bias_correction_pointing_error_y_urad,static_bias_correction_pointing_error_norm_urad,static_bias_correction_thermal_residual_norm_urad,static_bias_correction_scan_index,bcase_correction_success,bcase_correction_acquisition_time_s,bcase_correction_residual_x_urad,bcase_correction_residual_y_urad,bcase_correction_residual_norm_urad,bcase_correction_pointing_error_x_urad,bcase_correction_pointing_error_y_urad,bcase_correction_pointing_error_norm_urad,bcase_correction_thermal_residual_norm_urad,bcase_correction_scan_index,thermal_truth_correction_success,thermal_truth_correction_acquisition_time_s,thermal_truth_correction_residual_x_urad,thermal_truth_correction_residual_y_urad,thermal_truth_correction_residual_norm_urad,thermal_truth_correction_pointing_error_x_urad,thermal_truth_correction_pointing_error_y_urad,thermal_truth_correction_pointing_error_norm_urad,thermal_truth_correction_thermal_residual_norm_urad,thermal_truth_correction_scan_index,thermal_plus_nonthermal_no_correction_success,thermal_plus_nonthermal_no_correction_acquisition_time_s,thermal_plus_nonthermal_no_correction_residual_x_urad,thermal_plus_nonthermal_no_correction_residual_y_urad,thermal_plus_nonthermal_no_correction_residual_norm_urad,thermal_plus_nonthermal_no_correction_pointing_error_x_urad,thermal_plus_nonthermal_no_correction_pointing_error_y_urad,thermal_plus_nonthermal_no_correction_pointing_error_norm_urad,thermal_plus_nonthermal_no_correction_thermal_residual_norm_urad,thermal_plus_nonthermal_no_correction_scan_index,bcase_correction_with_nonthermal_success,bcase_correction_with_nonthermal_acquisition_time_s,bcase_correction_with_nonthermal_residual_x_urad,bcase_correction_with_nonthermal_residual_y_urad,bcase_correction_with_nonthermal_residual_norm_urad,bcase_correction_with_nonthermal_pointing_error_x_urad,bcase_correction_with_nonthermal_pointing_error_y_urad,bcase_correction_with_nonthermal_pointing_error_norm_urad,bcase_correction_with_nonthermal_thermal_residual_norm_urad,bcase_correction_with_nonthermal_scan_index
14_LTAN06_800km_1213COLD_MY_STTLCT_PCDU_HEAT_MY_0p5,0.0,15.62808276901833,230.83056810119348,231.35900272294356,37.08036675523198,105.62474469754012,111.94436248031003,52.70844952425031,336.4553127987336,340.5588908863548,1.0,13.4,15.62808276901833,-9.169431898806522,18.119477155319306,15.62808276901833,230.83056810119348,231.35900272294356,231.35900272294356,133.0,1.0,0.1,1.0842685670435337,21.413533997054856,21.44096724890234,1.0842685670435337,21.413533997054856,21.44096724890234,21.44096724890234,0.0,1.0,0.1,1.0842685670435337,-0.03405109363319525,1.0848031169093564,1.0842685670435337,-0.03405109363319525,1.0848031169093564,1.0848031169093564,0.0,1.0,0.1,0.0,0.0,0.0,0.0,0.0,0.0,0.0,0.0,1.0,24.400000000000002,12.708449524250312,16.455312798733587,20.791392656928576,52.70844952425031,336.4553127987336,340.5588908863548,231.35900272294356,243.0,1.0,3.4000000000000004,-1.8353646777244847,-14.409306396093086,14.5257245711437,38.164635322275515,105.59069360390691,112.27615047300307,1.0848031169093564,33.0
14_LTAN06_800km_1213COLD_MY_STTLCT_PCDU_HEAT_MY_0p5,60.5,15.215818927682909,237.89852223580112,238.38462204516884,11.017046799435288,15.322566273534502,18.87210527174444,26.232865727118195,253.22108850933563,254.57628112239718,1.0,13.4,15.215818927682909,-2.1014777641988758,15.360252420889957,15.215818927682909,237.89852223580112,238.38462204516884,238.38462204516884,133.0,1.0,0.4,0.6720047257081116,-11.518511868337498,11.538098024042169,0.6720047257081116,28.481488131662502,28.489414815776858,28.489414815776858,3.0,1.0,0.1,0.6720047257081116,-0.41619645218935375,0.7904491370031593,0.6720047257081116,-0.41619645218935375,0.7904491370031593,0.7904491370031593,0.0,1.0,0.1,0.0,0.0,0.0,0.0,0.0,0.0,0.0,0.0,1.0,13.600000000000001,-13.767134272881805,13.22108850933563,19.08746100085717,26.232865727118195,253.22108850933563,254.57628112239718,238.38462204516884,135.0,1.0,0.1,11.689051525143398,14.906369821345152,18.942908615314774,11.689051525143398,14.906369821345152,18.942908615314774,0.7904491370031593,0.0
14_LTAN06_800km_1213COLD_MY_STTLCT_PCDU_HEAT_MY_0p5,121.0,14.790594554461308,244.7066519274728,245.15323205054383,72.70026047154033,110.74910929941342,132.47902884322193,87.49085502600164,355.45576122688624,366.06481380018755,1.0,13.4,14.790594554461308,4.706651927472791,15.52141293957621,14.790594554461308,244.7066519274728,245.15323205054383,245.15323205054383,133.0,1.0,0.4,0.24678035248651042,-4.710382176665831,4.716842248011322,0.24678035248651042,35.28961782333417,35.290480680480364,35.290480680480364,3.0,1.0,0.1,0.24678035248651042,-0.7237361108107336,0.7646531896649701,0.24678035248651042,-0.7237361108107336,0.7646531896649701,0.7646531896649701,0.0,1.0,0.1,0.0,0.0,0.0,0.0,0.0,0.0,0.0,0.0,1.0,31.200000000000003,7.49085502600164,-4.5442387731137615,8.761450510483096,87.49085502600164,355.45576122688624,366.06481380018755,245.15323205054383,311.0,1.0,3.6,-7.052959175973157,-9.974626811397286,12.216276567129182,72.94704082402684,110.02537318860271,132.0108083085379,0.7646531896649701,35.0
14_LTAN06_800km_1213COLD_MY_STTLCT_PCDU_HEAT_MY_0p5,181.5,14.354064761413014,251.25183397426176,251.66152516943237,132.10619774944394,48.237029412227486,140.6373296473283,146.46026251085695,299.48886338648924,333.38294465566224,1.0,13.4,14.354064761413014,11.251833974261757,18.23850166431415,14.354064761413014,251.25183397426176,251.66152516943237,251.66152516943237,133.0,1.0,0.4,-0.18974944056178344,1.8347998701231347,1.8445854313632053,-0.18974944056178344,41.834799870123135,41.83523018967922,41.83523018967922,3.0,1.0,0.1,-0.18974944056178344,-0.9710379905289415,0.989403673554932,-0.18974944056178344,-0.9710379905289415,0.989403673554932,0.989403673554932,0.0,1.0,0.1,0.0,0.0,0.0,0.0,0.0,0.0,0.0,0.0,1.0,19.200000000000003,-13.53973748914305,19.488863386489243,23.730577055186558,146.46026251085695,299.48886338648924,333.38294465566224,251.66152516943237,191.0,1.0,4.6000000000000005,11.916448308882138,7.265991421698544,13.956947074430598,131.91644830888214,47.265991421698544,140.12859550964626,0.989403673554932,45.0
14_LTAN06_800km_1213COLD_MY_STTLCT_PCDU_HEAT_MY_0p5,242.0,13.921208739553084,257.5550886124949,257.93104451182353,95.23531825654474,9.314465417264376,95.68973356340156,109.15652699609782,266.8695540297593,288.33055033050596,1.0,13.4,13.921208739553084,17.5550886124949,22.404936709635162,13.921208739553084,257.5550886124949,257.93104451182353,257.93104451182353,133.0,1.0,0.4,-0.6226054624217134,8.138054508356277,8.161836113449919,-0.6226054624217134,48.13805450835628,48.14208065104081,48.14208065104081,3.0,1.0,0.1,-0.6226054624217134,-1.1659052479342904,1.3217309139904667,-0.6226054624217134,-1.1659052479342904,1.3217309139904667,1.3217309139904667,0.0,1.0,0.1,0.0,0.0,0.0,0.0,0.0,0.0,0.0,0.0,1.0,19.0,-10.843473003902176,-13.130445970240714,17.02907860583672,109.15652699609782,266.8695540297593,288.33055033050596,257.93104451182353,189.0,1.0,2.2,14.612712794123027,8.148560169330096,16.731120943819626,94.61271279412303,8.148560169330096,94.96296359684867,1.3217309139904667,21.0
14_LTAN06_800km_1213COLD_MY_STTLCT_PCDU_HEAT_MY_0p5,302.5,13.497846569952443,263.6277936200872,263.9731149776834,104.29743743061422,149.84720805022985,182.57092105546755,117.79528400056667,413.47500167031706,429.9270937485132,1.0,18.400000000000002,13.497846569952443,-16.372206379912825,21.218883188623174,13.497846569952443,263.6277936200872,263.9731149776834,263.9731149776834,183.0,1.0,0.4,-1.0459676320223537,14.210759515948553,14.24920118137718,-1.0459676320223537,54.21075951594855,54.220849270213805,54.220849270213805,3.0,1.0,0.1,-1.0459676320223537,-1.3054321227202195,1.672782506564517,-1.0459676320223537,-1.3054321227202195,1.672782506564517,1.672782506564517,0.0,1.0,0.1,0.0,0.0,0.0,0.0,0.0,0.0,0.0,0.0,1.0,38.800000000000004,-2.2047159994333327,13.475001670317056,13.654173085661569,117.79528400056667,413.47500167031706,429.9270937485132,263.9731149776834,387.0,1.0,6.4,-16.74853020140813,-11.458224072490339,20.292958453682335,103.25146979859187,148.54177592750966,180.90197680309637,1.672782506564517,63.0
14_LTAN06_800km_1213COLD_MY_STTLCT_PCDU_HEAT_MY_0p5,363.0,13.08402460446404,269.4758588957318,269.7933101977189,114.01679168670555,37.87935554167142,120.14438964338684,127.10081629116958,307.3552144374032,332.5986249877527,1.0,18.400000000000002,13.08402460446404,-10.52414110426821,16.791344372407114,13.08402460446404,269.4758588957318,269.7933101977189,269.7933101977189,183.0,1.0,0.4,-1.459789597510758,20.058824791593167,20.111873052722693,-1.459789597510758,60.05882479159317,60.07656299270362,60.07656299270362,3.0,1.0,0.1,-1.459789597510758,-1.3922815711120506,2.0172837287448835,-1.459789597510758,-1.3922815711120506,2.0172837287448835,2.0172837287448835,0.0,1.0,0.1,0.0,0.0,0.0,0.0,0.0,0.0,0.0,0.0,1.0,24.8,7.100816291169579,-12.64478556259678,14.502144459527193,127.10081629116958,307.3552144374032,332.5986249877527,269.7933101977189,247.0,1.0,4.6000000000000005,-7.442997910805218,-3.512926029440621,8.230362518660542,112.55700208919478,36.48707397055938,118.32322378231618,2.0172837287448835,45.0
14_LTAN06_800km_1213COLD_MY_STTLCT_PCDU_HEAT_MY_0p5,423.5,12.682555864614596,275.123256901895,275.4154202501472,118.6498948463606,-45.544892926612,127.09104932586314,131.3324507109752,229.578363975283,264.48901265519186,1.0,18.400000000000002,12.682555864614596,-4.87674309810501,13.587856582404191,12.682555864614596,275.123256901895,275.4154202501472,275.4154202501472,183.0,1.0,1.4000000000000001,-1.8612583373602014,-14.293777202243632,14.414449323708924,-1.8612583373602014,65.70622279775637,65.73257941802369,65.73257941802369,13.0,1.0,0.1,-1.8612583373602014,-1.4224664333621604,2.3425826244627803,-1.8612583373602014,-1.4224664333621604,2.3425826244627803,2.3425826244627803,0.0,1.0,0.1,0.0,0.0,0.0,0.0,0.0,0.0,0.0,0.0,1.0,14.0,11.332450710975195,-10.421636024717003,15.395938962868144,131.3324507109752,229.578363975283,264.48901265519186,275.4154202501472,139.0,1.0,4.2,-3.2113634909996023,-6.967359359974154,7.671828460174575,116.7886365090004,-46.967359359974154,125.8789834042219,2.3425826244627803,41.0
14_LTAN06_800km_1213COLD_MY_STTLCT_PCDU_HEAT_MY_0p5,484.0,12.293293462581806,280.5783877316261,280.84756848909313,175.78314913502285,35.67803734024601,179.36732664640368,188.07644259760465,316.2564250718721,367.95498999118183,1.0,18.400000000000002,12.293293462581806,0.5783877316260941,12.306892236679907,12.293293462581806,280.5783877316261,280.84756848909313,280.84756848909313,183.0,1.0,1.4000000000000001,-2.250520739392991,-8.838646372512528,9.120664082004492,-2.250520739392991,71.16135362748747,71.19693177163438,71.19693177163438,13.0,1.0,0.1,-2.250520739392991,-1.4017968451913134,2.6513917088250643,-2.250520739392991,-1.4017968451913134,2.6513917088250643,2.6513917088250643,0.0,1.0,0.1,0.0,0.0,0.0,0.0,0.0,0.0,0.0,0.0,1.0,25.200000000000003,-11.923557402395346,-3.7435749281278845,12.497422709131852,188.07644259760465,316.2564250718721,367.95498999118183,280.84756848909313,251.0,1.0,7.6000000000000005,13.532628395629843,-5.723759504945292,14.693313246666278,173.53262839562984,34.27624049505471,176.88536903986883,2.6513917088250643,75.0
14_LTAN06_800km_1213COLD_MY_STTLCT_PCDU_HEAT_MY_0p5,544.5,11.916457489923216,285.8493640775996,286.09764225291553,86.39567638569773,-100.82667643850066,132.7788822809422,98.31213387562094,185.02268763909893,209.52009595352325,1.0,18.400000000000002,11.916457489923216,5.849364077599603,13.274675861257771,11.916457489923216,285.8493640775996,286.09764225291553,286.09764225291553,183.0,1.0,1.4000000000000001,-2.627356712051581,-3.5676700265390195,4.430719209183473,-2.627356712051581,76.43232997346098,76.4774742552628,76.4774742552628,13.0,1.0,0.1,-2.627356712051581,-1.3366309813341104,2.9478103182913045,-2.627356712051581,-1.3366309813341104,2.9478103182913045,2.9478103182913045,0.0,1.0,0.1,0.0,0.0,0.0,0.0,0.0,0.0,0.0,0.0,1.0,9.600000000000001,18.312133875620944,-14.977312360901067,23.657010221806644,98.31213387562094,185.02268763909893,209.52009595352325,286.09764225291553,95.0,1.0,1.9000000000000001,3.768319673646147,-22.16330741983478,22.481379605106355,83.76831967364615,-102.16330741983478,132.11537671257588,2.9478103182913045,18.0
14_LTAN06_800km_1213COLD_MY_STTLCT_PCDU_HEAT_MY_0p5,605.0,11.554719147012174,290.94505714939373,291.17441133147383,111.65518144763101,56.029819665980796,124.92485835855781,123.20990059464319,346.9748768153745,368.2013643994087,1.0,18.400000000000002,11.554719147012174,10.945057149393733,15.915583890320349,11.554719147012174,290.94505714939373,291.17441133147383,291.17441133147383,183.0,1.0,1.4000000000000001,-2.9890950549626236,1.528023045255111,3.3570141010178545,-2.9890950549626236,81.52802304525511,81.58279984724263,81.58279984724263,13.0,1.0,0.1,-2.9890950549626236,-1.2379922334775983,3.2353228614394673,-2.9890950549626236,-1.2379922334775983,3.2353228614394673,3.2353228614394673,0.0,1.0,0.1,0.0,0.0,0.0,0.0,0.0,0.0,0.0,0.0,1.0,31.400000000000002,3.2099005946431873,-13.0251231846255,13.414816279105704,123.20990059464319,346.9748768153745,368.2013643994087,291.17441133147383,313.0,1.0,4.6000000000000005,-11.33391360733161,14.791827432503169,18.634799608565956,108.66608639266839,54.79182743250317,121.6982443804843,3.2353228614394673,45.0
14_LTAN06_800km_1213COLD_MY_STTLCT_PCDU_HEAT_MY_0p5,665.5,11.206660512464085,295.8746073696613,296.08676519897483,29.96184168310662,64.1546951689303,70.80633353918218,41.1685021955707,360.0293025385916,362.37541895036344,1.0,18.400000000000002,11.206660512464085,15.874607369661305,19.43173690081581,11.206660512464085,295.8746073696613,296.08676519897483,296.08676519897483,183.0,1.0,1.4000000000000001,-3.3371536895107123,6.457573265522683,7.268895873996837,-3.3371536895107123,86.45757326552268,86.52195426428275,86.52195426428275,13.0,1.0,0.1,-3.3371536895107123,-1.111046549683806,3.517245965663938,-3.3371536895107123,-1.111046549683806,3.517245965663938,3.517245965663938,0.0,1.0,0.1,0.0,0.0,0.0,0.0,0.0,0.0,0.0,0.0,1.0,31.0,1.168502195570703,0.02930253859159393,1.1688695478202282,41.1685021955707,360.0293025385916,362.37541895036344,296.08676519897483,309.0,1.0,1.6,-13.375312006404094,-16.956351380753517,21.59668547292013,26.624687993595906,63.04364861924648,68.43519300756994,3.517245965663938,15.0
14_LTAN06_800km_1213COLD_MY_STTLCT_PCDU_HEAT_MY_0p5,726.0,10.86986776971936,300.64443395318045,300.84087104706947,57.539708796199015,-45.27380992646918,73.21568106361808,68.40957656591837,255.37062402671128,264.3747828022184,1.0,18.400000000000002,10.86986776971936,20.644433953180453,23.331238256432375,10.86986776971936,300.64443395318045,300.84087104706947,300.84087104706947,183.0,1.0,1.4000000000000001,-3.6739464322554376,11.22739984904183,11.813229438106541,-3.6739464322554376,91.22739984904183,91.30134919925356,91.30134919925356,13.0,1.0,0.1,-3.6739464322554376,-0.9665103906218633,3.7989504764161492,-3.6739464322554376,-0.9665103906218633,3.7989504764161492,3.7989504764161492,0.0,1.0,0.1,0.0,0.0,0.0,0.0,0.0,0.0,0.0,0.0,1.0,13.8,-11.590423434081629,15.370624026711283,19.25081812162337,68.40957656591837,255.37062402671128,264.3747828022184,300.84087104706947,137.0,1.0,0.7000000000000001,13.865762363943574,-6.240320317091033,15.205293933142274,53.865762363943574,-46.24032031709103,70.99075699044222,3.7989504764161492,6.0
14_LTAN06_800km_1213COLD_MY_STTLCT_PCDU_HEAT_MY_0p5,786.5,10.541740643740908,305.2593099298298,305.4412784720424,130.99988582979677,-27.437637225446252,133.84242236277325,141.5416264735377,277.82167270438356,311.79947698646976,1.0,24.200000000000003,10.541740643740908,-14.740690070170217,18.122258124878197,10.541740643740908,305.2593099298298,305.4412784720424,305.4412784720424,241.0,1.0,1.4000000000000001,-4.002073558233889,15.84227582569116,16.339960101015958,-4.002073558233889,95.84227582569116,95.92579646900712,95.92579646900712,13.0,1.0,0.1,-4.002073558233889,-0.8052985933800869,4.082290850737463,-4.002073558233889,-0.8052985933800869,4.082290850737463,4.082290850737463,0.0,1.0,0.1,0.0,0.0,0.0,0.0,0.0,0.0,0.0,0.0,1.0,19.0,21.54162647353769,-2.178327295616441,21.651484497194357,141.5416264735377,277.82167270438356,311.79947698646976,305.4412784720424,189.0,1.0,4.2,6.997812271562893,11.75706418117369,13.682029628248637,126.99781227156289,-28.24293581882631,130.1003756544518,4.082290850737463,41.0
14_LTAN06_800km_1213COLD_MY_STTLCT_PCDU_HEAT_MY_0p5,847.0,10.22216453065062,309.7266767851498,309.8953161312128,73.23868079517561,90.23007607144989,116.21261115936282,83.46084532582623,399.9567528565997,408.5720461045966,1.0,24.200000000000003,10.22216453065062,-10.273323214850222,14.49254351618349,10.22216453065062,309.7266767851498,309.8953161312128,309.8953161312128,241.0,1.0,1.4000000000000001,-4.321649671324177,20.309642681011155,20.764350259808428,-4.321649671324177,100.30964268101116,100.40269453891061,100.40269453891061,13.0,1.0,0.1,-4.321649671324177,-0.6315238795252185,4.367548315939613,-4.321649671324177,-0.6315238795252185,4.367548315939613,4.367548315939613,0.0,1.0,0.1,0.0,0.0,0.0,0.0,0.0,0.0,0.0,0.0,1.0,38.6,3.4608453258262273,-0.043247143400321875,3.4611155260559467,83.46084532582623,399.9567528565997,408.5720461045966,309.8953161312128,385.0,1.0,1.8,-11.08296887614857,9.598552191924682,14.661664410658839,68.91703112385143,89.59855219192468,113.03741740598534,4.367548315939613,17.0
14_LTAN06_800km_1213COLD_MY_STTLCT_PCDU_HEAT_MY_0p5,907.5,9.912936605465802,314.04432626487034,314.2007402462641,73.7771172261291,69.08354244058933,101.07224575687779,83.69005383159491,383.12786870545966,392.16194217328535,1.0,24.200000000000003,9.912936605465802,-5.955673735129665,11.564443859662996,9.912936605465802,314.04432626487034,314.2007402462641,314.2007402462641,241.0,1.0,3.2,-4.630877596508995,-15.372707839268287,16.055066914384057,-4.630877596508995,104.62729216073171,104.7297249695661,104.7297249695661,31.0,1.0,0.1,-4.630877596508995,-0.45021814586806386,4.652711434499007,-4.630877596508995,-0.45021814586806386,4.652711434499007,4.652711434499007,0.0,1.0,0.1,0.0,0.0,0.0,0.0,0.0,0.0,0.0,0.0,1.0,31.200000000000003,3.690053831594909,23.12786870545966,23.420392997066653,83.69005383159491,383.12786870545966,392.16194217328535,314.2007402462641,311.0,1.0,1.8,-10.853760370379888,-11.366675705278737,15.716406420254053,69.14623962962011,68.63332429472126,97.42553904732179,4.652711434499007,17.0
14_LTAN06_800km_1213COLD_MY_STTLCT_PCDU_HEAT_MY_0p5,968.0,9.614721730358209,318.2134734529092,318.35869323911606,88.51155858960277,71.11288278711679,113.54002863419974,98.12628031996098,389.32635624002603,401.50190354787514,1.0,24.200000000000003,9.614721730358209,-1.786526547090773,9.779291950631315,9.614721730358209,318.2134734529092,318.35869323911606,318.35869323911606,241.0,1.0,3.2,-4.929092471616588,-11.203560651229395,12.239923360034693,-4.929092471616588,108.7964393487706,108.90803995832663,108.90803995832663,31.0,1.0,0.1,-4.929092471616588,-0.26586636176068623,4.936257440213505,-4.929092471616588,-0.26586636176068623,4.936257440213505,4.936257440213505,0.0,1.0,0.1,0.0,0.0,0.0,0.0,0.0,0.0,0.0,0.0,1.0,38.6,18.126280319960983,-10.67364375997397,21.03541559733575,98.12628031996098,389.32635624002603,401.50190354787514,318.35869323911606,385.0,1.0,1.8,3.5824661179861863,-9.152983574643883,9.829098219278295,83.58246611798619,70.84701642535612,109.5688294121051,4.936257440213505,17.0
14_LTAN06_800km_1213COLD_MY_STTLCT_PCDU_HEAT_MY_0p5,1028.5,9.326746825389488,322.2414525148516,322.37639790348527,70.1772138280443,92.94851372314805,116.46573549335999,79.5039606534338,415.1899662379996,422.7334713791824,1.0,24.200000000000003,9.326746825389488,2.2414525148515736,9.592305026491148,9.326746825389488,322.2414525148516,322.37639790348527,322.37639790348527,241.0,1.0,3.2,-5.217067376585309,-7.175581589287049,8.871683220017832,-5.217067376585309,112.82441841071295,112.94497413221828,112.94497413221828,31.0,1.0,0.1,-5.217067376585309,-0.06838764130060326,5.2175155851528965,-5.217067376585309,-0.06838764130060326,5.2175155851528965,5.2175155851528965,0.0,1.0,0.1,0.0,0.0,0.0,0.0,0.0,0.0,0.0,0.0,1.0,38.6,-0.4960393465662065,15.189966237999613,15.198063341916626,79.5039606534338,415.1899662379996,422.7334713791824,322.37639790348527,385.0,1.0,1.8,-15.039853548541004,12.880126081847436,19.801384866868478,64.960146451459,92.88012608184744,113.3425712077103,5.2175155851528965,17.0
14_LTAN06_800km_1213COLD_MY_STTLCT_PCDU_HEAT_MY_0p5,1089.0,10.238491256569446,282.87562422708896,283.06085120531253,165.67726703004408,34.99153966490109,169.33211348903927,175.91575828661354,317.86716389199006,363.2986208262997,1.0,18.400000000000002,10.238491256569446,2.875624227088963,10.634656454548496,10.238491256569446,282.87562422708896,283.06085120531253,283.06085120531253,183.0,1.0,1.4000000000000001,-4.305322945405351,-6.541409877049659,7.831082226857067,-4.305322945405351,73.45859012295034,73.58464696195702,73.58464696195702,13.0,1.0,0.1,-4.305322945405351,2.212266867329788,4.840447330208124,-4.305322945405351,2.212266867329788,4.840447330208124,4.840447330208124,0.0,1.0,0.1,0.0,0.0,0.0,0.0,0.0,0.0,0.0,0.0,1.0,25.0,15.915758286613539,-2.13283610800994,16.05803075415969,175.91575828661354,317.86716389199006,363.2986208262997,283.06085120531253,249.0,1.0,7.6000000000000005,1.3719440846387556,-2.7961934677691147,3.1146313554849376,161.37194408463876,37.203806532230885,165.60503482123798,4.840447330208124,75.0
14_LTAN06_800km_1213COLD_MY_STTLCT_PCDU_HEAT_MY_0p5,1149.5,11.075206750187858,245.41220565026853,245.66198502554093,82.40710908326595,-4.4954367289129245,82.52963454932387,93.48231583345381,240.9167689213556,258.41794233584375,1.0,13.4,11.075206750187858,5.4122056502685325,12.32688827564383,11.075206750187858,245.41220565026853,245.66198502554093,245.66198502554093,133.0,1.0,0.4,-3.468607451786939,-4.00482845387009,5.298102358346748,-3.468607451786939,35.99517154612991,36.16190830542426,36.16190830542426,3.0,1.0,0.1,-3.468607451786939,4.307596019038357,5.530517255901746,-3.468607451786939,4.307596019038357,5.530517255901746,5.530517255901746,0.0,1.0,0.1,0.0,0.0,0.0,0.0,0.0,0.0,0.0,0.0,1.0,13.8,13.48231583345381,0.9167689213556116,13.513449059665074,93.48231583345381,240.9167689213556,258.41794233584375,245.66198502554093,137.0,1.0,2.2,-1.0614983685209864,-0.18784070987456403,1.077990221968129,78.93850163147901,-0.18784070987456403,78.93872512243469,5.530517255901746,21.0
14_LTAN06_800km_1213COLD_MY_STTLCT_PCDU_HEAT_MY_0p5,1210.0,11.837930610558653,209.83869496141529,210.17234476555257,176.44182385667744,20.66447602051698,177.64779135996403,188.2797544672361,230.50317098193227,297.6255664000803,1.0,9.200000000000001,11.837930610558653,9.838694961415285,15.392742435452497,11.837930610558653,209.83869496141529,210.17234476555257,210.17234476555257,91.0,1.0,0.1,-2.7058835914161445,0.42166085727666314,2.738540466901014,-2.7058835914161445,0.42166085727666314,2.738540466901014,2.738540466901014,0.0,1.0,0.1,-2.7058835914161445,5.996049903690903,6.578329610003349,-2.7058835914161445,5.996049903690903,6.578329610003349,6.578329610003349,0.0,1.0,0.1,0.0,0.0,0.0,0.0,0.0,0.0,0.0,0.0,1.0,14.4,-11.720245532763897,-9.496829018067729,15.084890345862158,188.2797544672361,230.50317098193227,297.6255664000803,210.17234476555257,143.0,1.0,7.6000000000000005,13.73594026526132,-13.339474075792111,19.147261516717137,173.73594026526132,26.66052592420789,175.76962360547344,6.578329610003349,75.0
14_LTAN06_800km_1213COLD_MY_STTLCT_PCDU_HEAT_MY_0p5,1270.5,12.531583842273374,176.0855595450213,176.530917614675,55.00477223142681,21.492300159421035,59.05458436373752,67.53635607370019,197.57785970444235,208.8017481658186,1.0,5.800000000000001,12.531583842273374,16.08555954502131,20.39082684621576,12.531583842273374,176.0855595450213,176.530917614675,176.530917614675,57.0,1.0,0.5,-2.012230359701423,6.668525440882689,6.96550806303487,-2.012230359701423,-33.33147455911731,33.392158769770916,33.392158769770916,4.0,1.0,0.1,-2.012230359701423,7.288341721337645,7.561018189866699,-2.012230359701423,7.288341721337645,7.561018189866699,7.561018189866699,0.0,1.0,0.1,0.0,0.0,0.0,0.0,0.0,0.0,0.0,0.0,1.0,9.600000000000001,-12.46364392629981,-2.4221402955576536,12.696817850664562,67.53635607370019,197.57785970444235,208.8017481658186,176.530917614675,95.0,1.0,0.6000000000000001,12.992541871725393,-11.21935811924132,17.166250053413638,52.99254187172539,28.78064188075868,60.30368845348558,7.561018189866699,5.0
14_LTAN06_800km_1213COLD_MY_STTLCT_PCDU_HEAT_MY_0p5,1331.0,13.158708269744944,144.0971247415994,144.69669298959224,63.564696927482714,29.90536572261594,70.24814299670948,76.72340519722766,174.00249046421533,190.16663112335803,1.0,5.800000000000001,13.158708269744944,-15.902875258400599,20.641052415332506,13.158708269744944,144.0971247415994,144.69669298959224,144.69669298959224,57.0,1.0,1.5,-1.3851059322298536,14.68009063746078,14.745290080821128,-1.3851059322298536,-65.31990936253922,65.33459326860341,65.33459326860341,14.0,1.0,0.1,-1.3851059322298536,8.226329974492472,8.342123428284411,-1.3851059322298536,8.226329974492472,8.342123428284411,8.342123428284411,0.0,1.0,0.1,0.0,0.0,0.0,0.0,0.0,0.0,0.0,0.0,1.0,6.2,-3.276594802772337,14.002490464215327,14.380744511394251,76.72340519722766,174.00249046421533,190.16663112335803,144.69669298959224,61.0,1.0,0.6000000000000001,22.179590995252866,-1.8683043028916018,22.258140481291452,62.179590995252866,38.1316956971084,72.94057686277102,8.342123428284411,5.0
14_LTAN06_800km_1213COLD_MY_STTLCT_PCDU_HEAT_MY_0p5,1391.5,13.723501833919128,113.79997709171708,114.62447072358029,61.38330025478711,68.8399451825088,92.23257343748013,75.10680208870623,182.63992227422588,197.48005703950807,1.0,3.2,13.723501833919128,-6.200022908282918,15.05904335105038,13.723501833919128,113.79997709171708,114.62447072358029,114.62447072358029,31.0,1.0,1.5,-0.820312368055669,-15.61705701242154,15.63858632071358,-0.820312368055669,-95.61705701242154,95.62057573607187,95.62057573607187,14.0,1.0,0.1,-0.820312368055669,8.833959995595379,8.871964922437678,-0.820312368055669,8.833959995595379,8.871964922437678,8.871964922437678,0.0,1.0,0.1,0.0,0.0,0.0,0.0,0.0,0.0,0.0,0.0,1.0,6.2,-4.893197911293768,22.63992227422588,23.162673990325015,75.10680208870623,182.63992227422588,197.48005703950807,114.62447072358029,61.0,1.0,1.6,20.562987886731435,-2.326094821895822,20.694134143527588,60.562987886731435,77.67390517810418,98.49421834496427,8.871964922437678,15.0
14_LTAN06_800km_1213COLD_MY_STTLCT_PCDU_HEAT_MY_0p5,1452.0,14.231813940435009,85.10421227819502,86.28598655359536,95.4640425627805,47.61898963937244,106.68154290552339,109.69585650321551,132.72320191756745,172.1877732628697,1.0,1.4000000000000001,14.231813940435009,5.104212278195021,15.119441491537875,14.231813940435009,85.10421227819502,86.28598655359536,86.28598655359536,13.0,1.0,3.3000000000000003,-0.3120002615397883,-4.312821825943601,4.324092536652794,-0.3120002615397883,-124.3128218259436,124.3132133543816,124.3132133543816,32.0,1.0,0.1,-0.3120002615397883,9.137443680261825,9.142768791408741,-0.3120002615397883,9.137443680261825,9.142768791408741,9.142768791408741,0.0,1.0,0.1,0.0,0.0,0.0,0.0,0.0,0.0,0.0,0.0,1.0,3.8000000000000003,-10.30414349678449,12.723201917567451,16.372392624094935,109.69585650321551,132.72320191756745,172.1877732628697,86.28598655359536,37.0,1.0,2.4000000000000004,15.152042301240712,16.756433319634255,22.591202789890072,95.15204230124071,56.756433319634255,110.79351911218991,9.142768791408741,23.0
14_LTAN06_800km_1213COLD_MY_STTLCT_PCDU_HEAT_MY_0p5,1512.5,14.687346892868971,57.93597969805863,59.768686637112324,137.5667807014265,19.3441572605143,138.92017698186925,152.25412759429545,77.28013695857294,170.74407438571856,1.0,0.4,14.687346892868971,17.93597969805863,23.18226750084295,14.687346892868971,57.93597969805863,59.768686637112324,59.768686637112324,3.0,1.0,5.9,0.1435326908941743,8.518945593920023,8.520154673802859,0.1435326908941743,-151.48105440607998,151.48112240675772,151.48112240675772,58.0,1.0,0.1,0.1435326908941743,9.173101638417108,9.174224506849937,0.1435326908941743,9.173101638417108,9.174224506849937,9.174224506849937,0.0,1.0,0.1,0.0,0.0,0.0,0.0,0.0,0.0,0.0,0.0,1.0,7.800000000000001,-7.745872405704546,-2.719863041427061,8.209518517524398,152.25412759429545,77.28013695857294,170.74407438571856,59.768686637112324,77.0,1.0,4.6000000000000005,17.710313392320643,-11.482741101068584,21.10707330845235,137.71031339232064,28.517258898931416,140.6320179394431,9.174224506849937,45.0
14_LTAN06_800km_1213COLD_MY_STTLCT_PCDU_HEAT_MY_0p5,1573.0,15.094392253145198,32.20514947370257,35.56701182437646,138.72729214046308,18.80288689892867,139.99575043678752,153.82168439360828,51.00803637263124,162.0584165178671,1.0,0.4,15.094392253145198,-7.794850526297431,16.98824217566753,15.094392253145198,32.20514947370257,35.56701182437646,35.56701182437646,3.0,1.0,5.9,0.550578051170401,-17.21188463043606,17.220688392798696,0.550578051170401,-177.21188463043606,177.2127399214329,177.2127399214329,58.0,1.0,0.1,0.550578051170401,8.99691916099767,9.013750084174601,0.550578051170401,8.99691916099767,9.013750084174601,9.013750084174601,0.0,1.0,0.1,0.0,0.0,0.0,0.0,0.0,0.0,0.0,0.0,1.0,7.6000000000000005,-6.17831560639172,11.008036372631238,12.623329533580108,153.82168439360828,51.00803637263124,162.0584165178671,35.56701182437646,75.0,1.0,4.6000000000000005,19.277870191633497,-12.20019394007366,22.814052934559466,139.2778701916335,27.79980605992634,142.02518911125247,9.013750084174601,45.0
14_LTAN06_800km_1213COLD_MY_STTLCT_PCDU_HEAT_MY_0p5,1633.5,15.457468607817669,7.823702700396848,17.32465467782448,21.050688857851988,133.24462547450378,134.89722650681472,36.508157465669655,141.0683281749006,145.7158837450454,1.0,0.1,15.457468607817669,7.823702700396848,17.32465467782448,15.457468607817669,7.823702700396848,17.32465467782448,17.32465467782448,0.0,1.0,9.3,0.9136544058428715,-1.5933314037417858,1.836700665722605,0.9136544058428715,-201.5933314037418,201.59540180974412,201.59540180974412,92.0,1.0,0.1,0.9136544058428715,8.65907861509225,8.707146882628317,0.9136544058428715,8.65907861509225,8.707146882628317,8.707146882628317,0.0,1.0,0.1,0.0,0.0,0.0,0.0,0.0,0.0,0.0,0.0,1.0,3.4000000000000004,-3.4918425343303454,21.068328174900614,21.355734976110504,36.508157465669655,141.0683281749006,145.7158837450454,17.32465467782448,33.0,0.0,nan,nan,nan,nan,21.964343263694857,141.903704089596,143.5935012782718,8.707146882628317,nan
14_LTAN06_800km_1213COLD_MY_STTLCT_PCDU_HEAT_MY_0p5,1694.0,15.78064094674294,-15.277364787852807,21.964209604516725,65.02849624509516,34.533107407879925,73.62907599000904,80.80913719183809,19.255742620027117,83.07165748640169,1.0,0.1,15.78064094674294,-15.277364787852807,21.964209604516725,15.78064094674294,-15.277364787852807,21.964209604516725,21.964209604516725,0.0,1.0,9.3,1.236826744768143,-24.694398891991426,24.725352920299464,1.236826744768143,-224.69439889199143,224.69780291277868,224.69780291277868,92.0,1.0,0.1,1.236826744768143,8.170331132985776,8.263416437479743,1.236826744768143,8.170331132985776,8.263416437479743,8.263416437479743,0.0,1.0,0.1,0.0,0.0,0.0,0.0,0.0,0.0,0.0,0.0,1.0,2.2,0.8091371918380901,19.255742620027117,19.27273532335108,80.80913719183809,19.255742620027117,83.07165748640169,21.964209604516725,21.0,1.0,2.4000000000000004,-13.734677010136707,2.7034385408657045,13.998211761400665,66.2653229898633,42.703438540865704,78.83322075219557,8.263416437479743,23.0
14_LTAN06_800km_1213COLD_MY_STTLCT_PCDU_HEAT_MY_0p5,1754.5,16.06992261134234,-37.18193829040265,40.50603594238571,77.57005009503075,10.74390377804633,78.31056212374867,93.63997270637309,-26.438034512356317,97.30063801089302,1.0,0.5,16.06992261134234,2.8180617095973517,16.31514279844435,16.06992261134234,-37.18193829040265,40.50603594238571,40.50603594238571,4.0,1.0,13.5,1.5261084093675414,-6.598972394541278,6.7731413347914255,1.5261084093675414,-246.59897239454128,246.60369460517188,246.60369460517188,134.0,1.0,0.1,1.5261084093675414,7.551387564183337,7.704054842850294,1.5261084093675414,7.551387564183337,7.704054842850294,7.704054842850294,0.0,1.0,0.1,0.0,0.0,0.0,0.0,0.0,0.0,0.0,0.0,1.0,2.0,13.639972706373086,13.561965487643683,19.234754048821138,93.63997270637309,-26.438034512356317,97.30063801089302,40.50603594238571,19.0,1.0,2.2,-0.9038414956017107,18.295291342229667,18.31760395756594,79.09615850439829,18.295291342229667,81.18448112447331,7.704054842850294,21.0
14_LTAN06_800km_1213COLD_MY_STTLCT_PCDU_HEAT_MY_0p5,1815.0,16.329229190556518,-57.9599816372091,60.21630341812206,88.67638079439868,28.391360784950002,93.11052506572173,105.0056099849552,-29.568620852259095,109.08932792632456,1.0,0.5,16.329229190556518,-17.959981637209097,24.27353839815306,16.329229190556518,-57.9599816372091,60.21630341812206,60.21630341812206,4.0,1.0,18.5,1.7854149885817208,12.622984258652309,12.748624956270234,1.7854149885817208,-267.3770157413477,267.3829767457725,267.3829767457725,184.0,1.0,0.1,1.7854149885817208,6.81386645525447,7.043896844183224,1.7854149885817208,6.81386645525447,7.043896844183224,7.043896844183224,0.0,1.0,0.1,0.0,0.0,0.0,0.0,0.0,0.0,0.0,0.0,1.0,4.2,-14.9943900150448,10.431379147740905,18.265962959756568,105.0056099849552,-29.568620852259095,109.08932792632456,60.21630341812206,41.0,1.0,2.4000000000000004,10.461795782980403,-4.794772759795528,11.508215188414916,90.4617957829804,35.20522724020447,97.07082219346907,7.043896844183224,23.0
14_LTAN06_800km_1213COLD_MY_STTLCT_PCDU_HEAT_MY_0p5,1875.5,16.561311237730106,-77.67159423480075,79.41758987081198,72.66049743867893,223.72731232605844,235.23064887186356,89.22180867640904,146.0557180912577,171.15140645242352,1.0,1.5,16.561311237730106,2.32840576519925,16.72418916780059,16.561311237730106,-77.67159423480075,79.41758987081198,79.41758987081198,14.0,1.0,18.5,2.0174970357553086,-7.0886283389393725,7.370138805809279,2.0174970357553086,-287.0886283389394,287.095717167329,287.095717167329,184.0,1.0,0.1,2.0174970357553086,5.9872723930855045,6.3180475622050585,2.0174970357553086,5.9872723930855045,6.3180475622050585,6.3180475622050585,0.0,1.0,0.1,0.0,0.0,0.0,0.0,0.0,0.0,0.0,0.0,1.0,6.2,9.22180867640904,-13.944281908742312,16.717797498916273,89.22180867640904,146.0557180912577,171.15140645242352,79.41758987081198,61.0,1.0,13.8,-5.322005525565757,-10.285415280856057,11.580738763732636,74.67799447443424,229.71458471914394,241.5483249608914,6.3180475622050585,137.0
14_LTAN06_800km_1213COLD_MY_STTLCT_PCDU_HEAT_MY_0p5,1936.0,16.769490979285507,-96.39714994268176,97.84490965183733,43.666689419086254,65.27645267987023,78.53531077986689,60.43618039837176,-31.120697262811532,67.97815604492446,1.0,1.5,16.769490979285507,-16.397149942681764,23.45383452544864,16.769490979285507,-96.39714994268176,97.84490965183733,97.84490965183733,14.0,1.0,24.3,2.22567677731071,14.185815953179599,14.359352749150814,2.22567677731071,-305.8141840468204,305.8222830359809,305.8222830359809,242.0,1.0,0.1,2.22567677731071,5.0791981580357515,5.545438760427705,2.22567677731071,5.0791981580357515,5.545438760427705,5.545438760427705,0.0,1.0,0.1,0.0,0.0,0.0,0.0,0.0,0.0,0.0,0.0,1.0,0.7000000000000001,20.43618039837176,8.879302737188468,22.28181963784459,60.43618039837176,-31.120697262811532,67.97815604492446,97.84490965183733,6.0,1.0,1.6,5.892366196396964,-9.644349162094016,11.301922409609137,45.892366196396964,70.35565083790598,84.00015999942822,5.545438760427705,15.0
14_LTAN06_800km_1213COLD_MY_STTLCT_PCDU_HEAT_MY_0p5,1996.5,16.956209340465627,-114.19191329736356,115.44395219200652,45.74552041957218,89.85928654673422,100.83324856983229,62.70172976003781,-24.33262675062933,67.25759168663603,1.0,3.3000000000000003,16.956209340465627,5.808086702636444,17.923362026780467,16.956209340465627,-114.19191329736356,115.44395219200652,115.44395219200652,32.0,1.0,24.3,2.4123951384908295,-3.608947401502178,4.340985101451456,2.4123951384908295,-323.6089474015022,323.6179390710787,323.6179390710787,242.0,1.0,0.1,2.4123951384908295,4.1117647677709925,4.767206709352662,2.4123951384908295,4.1117647677709925,4.767206709352662,4.767206709352662,0.0,1.0,0.1,0.0,0.0,0.0,0.0,0.0,0.0,0.0,0.0,1.0,2.0,-17.298270239962193,15.66737324937067,23.33873899399574,62.70172976003781,-24.33262675062933,67.25759168663603,115.44395219200652,19.0,1.0,1.6,8.15791555806301,13.971051314505218,16.17843815345055,48.15791555806301,93.97105131450522,105.59234496899337,4.767206709352662,15.0
14_LTAN06_800km_1213COLD_MY_STTLCT_PCDU_HEAT_MY_0p5,2057.0,17.124787685592572,-131.1163138520147,132.22989870455413,76.34361961399038,171.2553131058208,187.50128138959042,93.46840729958296,40.13899925380608,101.72257578442348,1.0,3.3000000000000003,17.124787685592572,-11.116313852014713,20.416434236494805,17.124787685592572,-131.1163138520147,132.22989870455413,132.22989870455413,32.0,1.0,24.3,2.5809734836177753,-20.533347956153307,20.694922140747554,2.5809734836177753,-340.5333479561533,340.54312868467883,340.54312868467883,242.0,1.0,0.1,2.5809734836177753,3.115816880198196,4.045953404831313,2.5809734836177753,3.115816880198196,4.045953404831313,4.045953404831313,0.0,1.0,0.1,0.0,0.0,0.0,0.0,0.0,0.0,0.0,0.0,1.0,2.4000000000000004,13.468407299582964,0.1389992538060767,13.469124543934484,93.46840729958296,40.13899925380608,101.72257578442348,132.22989870455413,23.0,1.0,6.2,-1.0754069023918333,14.371129986018985,14.41131073430748,78.92459309760817,174.37112998601899,191.4011033620866,4.045953404831313,61.0
14_LTAN06_800km_1213COLD_MY_STTLCT_PCDU_HEAT_MY_0p5,2117.5,16.085159478309205,-103.900733428666,105.13845520292446,57.032857421329794,102.04256668689348,116.89923969680399,73.118016899639,-1.8581667417725214,73.14162412044269,1.0,3.3000000000000003,16.085159478309205,16.099266571334,22.75782809447142,16.085159478309205,-103.900733428666,105.13845520292446,105.13845520292446,32.0,1.0,24.3,1.5413452763344075,6.682232467195377,6.85769465684485,1.5413452763344075,-313.3177675328046,313.3215587810732,313.3215587810732,242.0,1.0,0.1,1.5413452763344075,0.3269303287030425,1.5756359670635445,1.5413452763344075,0.3269303287030425,1.5756359670635445,1.5756359670635445,0.0,1.0,0.1,0.0,0.0,0.0,0.0,0.0,0.0,0.0,0.0,1.0,2.2,-6.881983100360998,-1.8581667417725214,7.128427248270397,73.118016899639,-1.8581667417725214,73.14162412044269,105.13845520292446,21.0,0.0,nan,nan,nan,nan,58.574202697664205,102.36949701559652,117.9425756073407,1.5756359670635445,nan
14_LTAN06_800km_1213COLD_MY_STTLCT_PCDU_HEAT_MY_0p5,2178.0,15.111498753978951,-77.78224182718267,79.23657323644072,5.986430926380596,59.121036018859996,59.42334772780533,21.09792968035955,-18.661205808322677,28.166704440135916,1.0,1.5,15.111498753978951,2.2177581728173266,15.27337048279146,15.111498753978951,-77.78224182718267,79.23657323644072,79.23657323644072,14.0,1.0,18.5,0.5676845520041542,-7.199275931321267,7.221623064511596,0.5676845520041542,-287.19927593132127,287.19983697980365,287.19983697980365,184.0,1.0,0.1,0.5676845520041542,-2.6553024914508967,2.7153079147105026,0.5676845520041542,-2.6553024914508967,2.7153079147105026,2.7153079147105026,0.0,1.0,0.1,0.0,0.0,0.0,0.0,0.0,0.0,0.0,0.0,0.0,nan,nan,nan,nan,21.09792968035955,-18.661205808322677,28.166704440135916,79.23657323644072,nan,1.0,0.4,6.554115478384752,16.4657335274091,17.72221234213287,6.554115478384752,56.4657335274091,56.84483699063948,2.7153079147105026,3.0
14_LTAN06_800km_1213COLD_MY_STTLCT_PCDU_HEAT_MY_0p5,2238.5,14.20559616761826,-52.830230766110446,54.70678427103839,69.63252869474947,-1.547638511307401,69.64972532168946,83.83812486236772,-54.377869277417844,99.9288939576032,1.0,0.5,14.20559616761826,-12.830230766110446,19.141937832651575,14.20559616761826,-52.830230766110446,54.70678427103839,54.70678427103839,4.0,1.0,13.5,-0.33821803435653663,-22.24726487024907,22.24983563188237,-0.33821803435653663,-262.24726487024907,262.24748296859843,262.24748296859843,134.0,1.0,0.1,-0.33821803435653663,-5.2525888288114615,5.263466618429242,-0.33821803435653663,-5.2525888288114615,5.263466618429242,5.263466618429242,0.0,1.0,0.1,0.0,0.0,0.0,0.0,0.0,0.0,0.0,0.0,1.0,2.0,3.838124862367721,-14.377869277417844,14.88134158661917,83.83812486236772,-54.377869277417844,99.9288939576032,54.70678427103839,19.0,1.0,2.2,-10.705689339607076,-6.800227340118859,12.68285756891863,69.29431066039292,-6.800227340118859,69.62718277925903,5.263466618429242,21.0
14_LTAN06_800km_1213COLD_MY_STTLCT_PCDU_HEAT_MY_0p5,2299.0,13.367645591030485,-29.077062348923395,32.00264838244759,140.12272562208472,76.49922815014652,159.64495025941224,153.4903712131152,47.42216580122313,160.64917013299072,1.0,0.5,13.367645591030485,10.922937651076605,17.262807291304146,13.367645591030485,-29.077062348923395,32.00264838244759,32.00264838244759,4.0,1.0,13.5,-1.1761686109443126,1.5059035469379864,1.9107899136354791,-1.1761686109443126,-238.494096453062,238.4969966594209,238.4969966594209,134.0,1.0,0.1,-1.1761686109443126,-7.48966924106027,7.58145882675986,-1.1761686109443126,-7.48966924106027,7.58145882675986,7.58145882675986,0.0,1.0,0.1,0.0,0.0,0.0,0.0,0.0,0.0,0.0,0.0,1.0,7.6000000000000005,-6.509628786884804,7.42216580122313,9.872376214665115,153.4903712131152,47.42216580122313,160.64917013299072,32.00264838244759,75.0,1.0,4.800000000000001,18.946557011140385,-10.990441090913748,21.903465888969222,138.94655701114038,69.00955890908625,155.14014608113766,7.58145882675986,47.0
14_LTAN06_800km_1213COLD_MY_STTLCT_PCDU_HEAT_MY_0p5,2359.5,12.5966800950674,-6.523003521520688,14.18541237889257,107.5744250374911,-53.71234816213368,120.23840179924655,120.1711051325585,-60.235351683654365,134.42243897963596,1.0,0.1,12.5966800950674,-6.523003521520688,14.18541237889257,12.5966800950674,-6.523003521520688,14.18541237889257,14.18541237889257,0.0,1.0,9.3,-1.9471341069073969,-15.9400376256593,16.05852205957062,-1.9471341069073969,-215.9400376256593,215.94881611391492,215.94881611391492,92.0,1.0,0.1,-1.9471341069073969,-9.381674029277583,9.581604188334204,-1.9471341069073969,-9.381674029277583,9.581604188334204,9.581604188334204,0.0,1.0,0.1,0.0,0.0,0.0,0.0,0.0,0.0,0.0,0.0,1.0,4.0,0.1711051325584947,19.764648316345635,19.76538894216889,120.1711051325585,-60.235351683654365,134.42243897963596,14.18541237889257,39.0,1.0,4.0,-14.372709069416302,16.905977808588737,22.189791609174172,105.6272909305837,-63.09402219141126,123.03649956669145,9.581604188334204,39.0
14_LTAN06_800km_1213COLD_MY_STTLCT_PCDU_HEAT_MY_0p5,2420.0,11.890904869909129,14.84065942393537,19.016802853331324,60.07571739861788,-1.2107287981126298,60.087916299212594,71.966622268527,13.629930625822741,73.24595367394426,1.0,0.1,11.890904869909129,14.84065942393537,19.016802853331324,11.890904869909129,14.84065942393537,19.016802853331324,19.016802853331324,0.0,1.0,9.3,-2.6529093320656685,5.4236253197967415,6.037684948198392,-2.6529093320656685,-194.57637468020326,194.59445909792757,194.59445909792757,92.0,1.0,0.1,-2.6529093320656685,-10.9361052736797,11.253280698585904,-2.6529093320656685,-10.9361052736797,11.253280698585904,11.253280698585904,0.0,1.0,0.1,0.0,0.0,0.0,0.0,0.0,0.0,0.0,0.0,1.0,2.2,-8.033377731472996,13.629930625822741,15.821193590916803,71.966622268527,13.629930625822741,73.24595367394426,19.016802853331324,21.0,1.0,0.8,17.422808066552207,-12.14683407179233,21.2391105955869,57.42280806655221,-12.14683407179233,58.69347889004151,11.253280698585904,7.0
14_LTAN06_800km_1213COLD_MY_STTLCT_PCDU_HEAT_MY_0p5,2480.5,11.247413911409875,35.03739053043001,36.79841103738642,63.321673111516986,-9.887101994841888,64.08891535591954,74.56908702292687,25.15028853558812,78.69616097914927,1.0,0.4,11.247413911409875,-4.9626094695699905,12.29356792969568,11.247413911409875,35.03739053043001,36.79841103738642,36.79841103738642,3.0,1.0,5.9,-3.2964002905649217,-14.37964357370862,14.752640583384931,-3.2964002905649217,-174.37964357370862,174.41079768113354,174.41079768113354,58.0,1.0,0.1,-3.2964002905649217,-12.179657004486593,12.617856379852158,-3.2964002905649217,-12.179657004486593,12.617856379852158,12.617856379852158,0.0,1.0,0.1,0.0,0.0,0.0,0.0,0.0,0.0,0.0,0.0,1.0,2.4000000000000004,-5.430912977073135,-14.849711464411879,15.811664882004898,74.56908702292687,25.15028853558812,78.69616097914927,36.79841103738642,23.0,0.0,nan,nan,nan,nan,60.02527282095207,-22.06675899932848,63.95291416318862,12.617856379852158,nan
14_LTAN06_800km_1213COLD_MY_STTLCT_PCDU_HEAT_MY_0p5,2541.0,10.662677101290864,54.10367417142328,55.14435820475135,116.37614899415945,1.388609059011813,116.38443319374619,127.03882609545032,55.49228323043509,138.6299276268905,1.0,0.4,10.662677101290864,14.103674171423279,17.68067612112344,10.662677101290864,54.10367417142328,55.14435820475135,55.14435820475135,3.0,1.0,5.9,-3.881137100683933,4.686640067284657,6.08504891636733,-3.881137100683933,-155.31335993271534,155.36184537647424,155.36184537647424,58.0,1.0,0.1,-3.881137100683933,-13.139745524478641,13.700953895344725,-3.881137100683933,-13.139745524478641,13.700953895344725,13.700953895344725,0.0,1.0,0.1,0.0,0.0,0.0,0.0,0.0,0.0,0.0,0.0,1.0,4.6000000000000005,7.038826095450318,15.492283230435092,17.0163425122443,127.03882609545032,55.49228323043509,138.6299276268905,55.14435820475135,45.0,1.0,4.4,-7.504988106524479,-11.751136465466828,13.94324405255456,112.49501189347552,-11.751136465466828,113.10710370769478,13.700953895344725,43.0
14_LTAN06_800km_1213COLD_MY_STTLCT_PCDU_HEAT_MY_0p5,2601.5,10.134023141535843,72.07495941090274,72.78391442562334,109.29782218085744,5.723574391013381,109.44758214454897,119.43184532239329,77.79853380191612,142.5362323721234,1.0,1.4000000000000001,10.134023141535843,-7.925040589097264,12.864862742059206,10.134023141535843,72.07495941090274,72.78391442562334,72.78391442562334,13.0,1.0,3.3000000000000003,-4.409791060438954,-17.342074693235872,17.893960206239964,-4.409791060438954,-137.34207469323587,137.41285143042157,137.41285143042157,32.0,1.0,0.1,-4.409791060438954,-13.842113280530668,14.527572311565715,-4.409791060438954,-13.842113280530668,14.527572311565715,14.527572311565715,0.0,1.0,0.1,0.0,0.0,0.0,0.0,0.0,0.0,0.0,0.0,1.0,4.800000000000001,-0.5681546776067137,-2.201466198083878,2.2735991640991324,119.43184532239329,77.79853380191612,142.5362323721234,72.78391442562334,47.0,1.0,4.4,-15.11196887958151,-8.118538889517282,17.154657592561986,104.88803112041849,-8.118538889517282,105.20175733331874,14.527572311565715,43.0
14_LTAN06_800km_1213COLD_MY_STTLCT_PCDU_HEAT_MY_0p5,2662.0,9.658059213987476,88.99478557332478,89.51731657630798,-30.617247465058348,82.68766795962593,88.17406804122156,-20.95918825107087,171.68245353295072,172.95708260501394,1.0,1.4000000000000001,9.658059213987476,8.994785573324776,13.197889046774863,9.658059213987476,88.99478557332478,89.51731657630798,89.51731657630798,13.0,1.0,3.3000000000000003,-4.885754987987321,-0.42224853081384595,4.903967335170314,-4.885754987987321,-120.42224853081385,120.52131986922372,120.52131986922372,32.0,1.0,0.1,-4.885754987987321,-14.31664221556386,15.127354234336826,-4.885754987987321,-14.31664221556386,15.127354234336826,15.127354234336826,0.0,1.0,0.1,0.0,0.0,0.0,0.0,0.0,0.0,0.0,0.0,1.0,5.6000000000000005,19.04081174892913,11.682453532950717,22.339029356883668,-20.95918825107087,171.68245353295072,172.95708260501394,89.51731657630798,55.0,1.0,1.2000000000000002,4.496997546954333,-11.62897425593792,12.46820071953368,-35.50300245304567,68.37102574406208,77.03934283517849,15.127354234336826,11.0
14_LTAN06_800km_1213COLD_MY_STTLCT_PCDU_HEAT_MY_0p5,2722.5,9.231408921898586,104.9100439276633,105.31541305804934,61.919674420141625,96.31217289398911,114.49926081795459,71.15108334204021,201.2222168216524,213.43115331030296,1.0,3.2,9.231408921898586,-15.089956072336705,17.689705620737733,9.231408921898586,104.9100439276633,105.31541305804934,105.31541305804934,31.0,1.0,3.3000000000000003,-5.312405280076211,15.493009823524673,16.378492093340387,-5.312405280076211,-104.50699017647533,104.64192585004201,104.64192585004201,32.0,1.0,0.1,-5.312405280076211,-14.585313687095166,15.522661666439399,-5.312405280076211,-14.585313687095166,15.522661666439399,15.522661666439399,0.0,1.0,0.1,0.0,0.0,0.0,0.0,0.0,0.0,0.0,0.0,1.0,9.600000000000001,-8.84891665795979,1.2222168216524096,8.932924491937026,71.15108334204021,201.2222168216524,213.43115331030296,105.31541305804934,95.0,1.0,1.6,16.607269140065412,1.7268592068939483,16.696809006843296,56.60726914006541,81.72685920689395,99.41661045981837,15.522661666439399,15.0
14_LTAN06_800km_1213COLD_MY_STTLCT_PCDU_HEAT_MY_0p5,2783.0,8.85237781151939,119.88630904267268,120.2126935427083,116.3664110829682,70.58111773982368,136.09862530434756,125.21878889448759,190.46742678249637,227.94206666902858,1.0,3.2,8.85237781151939,-0.11369095732732148,8.853107847059066,8.85237781151939,119.88630904267268,120.2126935427083,120.2126935427083,31.0,1.0,1.5,-5.691436390455408,-9.530725061465944,11.100773323685837,-5.691436390455408,-89.53072506146594,89.71144396462698,89.71144396462698,14.0,1.0,0.1,-5.691436390455408,-14.673439119083582,15.738559774263097,-5.691436390455408,-14.673439119083582,15.738559774263097,15.738559774263097,0.0,1.0,0.1,0.0,0.0,0.0,0.0,0.0,0.0,0.0,0.0,1.0,9.8,5.218788894487588,-9.532573217503625,10.867645084023234,125.21878889448759,190.46742678249637,227.94206666902858,120.2126935427083,97.0,1.0,4.6000000000000005,-9.32502530748721,15.907678620740114,18.43936918893998,110.67497469251279,55.907678620740114,123.99442951983089,15.738559774263097,45.0
14_LTAN06_800km_1213COLD_MY_STTLCT_PCDU_HEAT_MY_0p5,2843.5,8.517803218482149,133.96709659800686,134.237610015109,92.68960357428156,106.03200745745104,140.833764475052,101.2074067927637,239.9991040554579,260.4659462139695,1.0,3.2,8.517803218482149,13.967096598006862,16.35948529284585,8.517803218482149,133.96709659800686,134.237610015109,134.237610015109,31.0,1.0,1.5,-6.0260109834926485,4.550062493868239,7.550885846791785,-6.0260109834926485,-75.44993750613176,75.69019671035583,75.69019671035583,14.0,1.0,0.1,-6.0260109834926485,-14.601407623899547,15.796009400239221,-6.0260109834926485,-14.601407623899547,15.796009400239221,15.796009400239221,0.0,1.0,0.1,0.0,0.0,0.0,0.0,0.0,0.0,0.0,0.0,1.0,13.8,21.207406792763706,-0.0008959445420941847,21.20740681168909,101.2074067927637,239.9991040554579,260.4659462139695,134.237610015109,137.0,1.0,1.8,6.663592590788909,11.430599833551497,13.23110270426484,86.66359259078891,91.4305998335515,125.97671557341567,15.796009400239221,17.0
14_LTAN06_800km_1213COLD_MY_STTLCT_PCDU_HEAT_MY_0p5,2904.0,8.227785251786555,147.20059343866944,147.43036037006073,111.23577618931631,129.57837369231524,170.7745672902876,119.46356144110287,276.7789671309847,301.4600125361353,1.0,5.800000000000001,8.227785251786555,-12.799406561330557,15.21582263539333,8.227785251786555,147.20059343866944,147.43036037006073,147.43036037006073,57.0,1.0,0.5,-6.316028950188242,-22.21644066546918,23.096806219517205,-6.316028950188242,-62.21644066546918,62.53621119622984,62.53621119622984,4.0,1.0,0.1,-6.316028950188242,-14.40265777478595,15.726689819450824,-6.316028950188242,-14.40265777478595,15.726689819450824,15.726689819450824,0.0,1.0,0.1,0.0,0.0,0.0,0.0,0.0,0.0,0.0,0.0,1.0,19.0,-0.5364385588971317,-3.221032869015289,3.2653972301618217,119.46356144110287,276.7789671309847,301.4600125361353,147.43036037006073,189.0,1.0,3.8000000000000003,-15.080252760871929,-4.824284082470683,15.833121620203814,104.91974723912807,115.17571591752932,155.79986809313397,15.726689819450824,37.0
14_LTAN06_800km_1213COLD_MY_STTLCT_PCDU_HEAT_MY_0p5,2964.5,7.987494317627602,159.642342402004,159.8420393797352,143.27267862318803,61.714153455776014,155.99902940924468,151.26017294081564,221.35649585778003,268.1013580281175,1.0,5.800000000000001,7.987494317627602,-0.3576575979959955,7.995497760085828,7.987494317627602,159.642342402004,159.8420393797352,159.8420393797352,57.0,1.0,0.5,-6.556319884347195,-9.774691702134618,11.769873758782028,-6.556319884347195,-49.77469170213462,50.204633894377075,50.204633894377075,4.0,1.0,0.1,-6.556319884347195,-14.100108962831854,15.54986826920465,-6.556319884347195,-14.100108962831854,15.54986826920465,15.54986826920465,0.0,1.0,0.1,0.0,0.0,0.0,0.0,0.0,0.0,0.0,0.0,1.0,10.0,-8.739827059184364,21.356495857780033,23.075625502850986,151.26017294081564,221.35649585778003,268.1013580281175,159.8420393797352,99.0,1.0,4.6000000000000005,16.716358738840825,7.614044492944174,18.36873221063864,136.71635873884082,47.614044492944174,144.77036982678288,15.54986826920465,45.0
14_LTAN06_800km_1213COLD_MY_STTLCT_PCDU_HEAT_MY_0p5,3025.0,7.794190024852996,171.33244947409025,171.5096429969324,90.84793263482325,113.07254752108312,145.0473986906659,98.64212265967625,284.4049969951734,301.02569770474946,1.0,5.800000000000001,7.794190024852996,11.332449474090254,13.75404701265509,7.794190024852996,171.33244947409025,171.5096429969324,171.5096429969324,57.0,1.0,0.5,-6.7496241771218015,1.9154153699516314,7.016141572961174,-6.7496241771218015,-38.08458463004837,38.67806888891563,38.67806888891563,4.0,1.0,0.1,-6.7496241771218015,-13.715289096643346,15.286156532526121,-6.7496241771218015,-13.715289096643346,15.286156532526121,15.286156532526121,0.0,1.0,0.1,0.0,0.0,0.0,0.0,0.0,0.0,0.0,0.0,1.0,18.8,18.642122659676247,4.404996995173406,19.15548839852175,98.64212265967625,284.4049969951734,301.02569770474946,171.5096429969324,187.0,1.0,1.8,4.0983084577014495,19.357258424439806,19.786348473758697,84.09830845770145,99.3572584244398,130.1706199073647,15.286156532526121,17.0
14_LTAN06_800km_1213COLD_MY_STTLCT_PCDU_HEAT_MY_0p5,3085.5,7.659641192898525,182.31119071426127,182.47202624746538,106.50042776284131,27.912612999316103,110.09747988994921,114.16006895573983,210.22380371357738,239.22075368116367,1.0,5.800000000000001,7.659641192898525,22.311190714261272,23.589390290808417,7.659641192898525,182.31119071426127,182.47202624746538,182.47202624746538,57.0,1.0,0.5,-6.884173009076272,12.89415661012265,14.61680925186013,-6.884173009076272,-27.10584338987735,27.966383103566535,27.966383103566535,4.0,1.0,0.1,-6.884173009076272,-13.251841770215606,14.933289936304234,-6.884173009076272,-13.251841770215606,14.933289936304234,14.933289936304234,0.0,1.0,0.1,0.0,0.0,0.0,0.0,0.0,0.0,0.0,0.0,1.0,9.8,-5.839931044260169,10.223803713577382,11.77416481010319,114.16006895573983,210.22380371357738,239.22075368116367,182.47202624746538,97.0,1.0,2.2,19.616254753765034,14.660771229100504,24.48950108917351,99.61625475376503,14.660771229100504,100.68930640439945,14.933289936304234,21.0
14_LTAN06_800km_1213COLD_MY_STTLCT_PCDU_HEAT_MY_0p5,3146.0,7.595005471277474,192.6168076418771,192.76648747709393,223.5179632448451,67.38852376052556,233.45554829077602,231.11296871612257,260.00533140240265,347.87350670387747,1.0,9.200000000000001,7.595005471277474,-7.383192358122898,10.59224421479127,7.595005471277474,192.6168076418771,192.76648747709393,192.76648747709393,91.0,1.0,0.1,-6.948808730697323,-16.80022646226152,18.180581727741487,-6.948808730697323,-16.80022646226152,18.180581727741487,18.180581727741487,0.0,1.0,0.1,-6.948808730697323,-12.715638780541724,14.490459356867605,-6.948808730697323,-12.715638780541724,14.490459356867605,14.490459356867605,0.0,1.0,0.1,0.0,0.0,0.0,0.0,0.0,0.0,0.0,0.0,1.0,14.600000000000001,-8.887031283877434,20.005331402402646,21.890468463707524,231.11296871612257,260.00533140240265,347.87350670387747,192.76648747709393,145.0,1.0,11.4,16.569154514147783,14.67288497998382,22.13211320569138,216.56915451414778,54.67288497998382,223.36365648647356,14.490459356867605,113.0
14_LTAN06_800km_1213COLD_MY_STTLCT_PCDU_HEAT_MY_0p5,3206.5,7.596491105406066,202.2837428203344,202.42633051685172,47.135802600232864,141.17184142040065,148.8330363084583,54.73229370563893,343.45558424073505,347.7892498632253,1.0,9.200000000000001,7.596491105406066,2.283742820334396,7.932348856671798,7.596491105406066,202.2837428203344,202.42633051685172,202.42633051685172,91.0,1.0,0.1,-6.947323096568731,-7.133291283804226,9.95736625557756,-6.947323096568731,-7.133291283804226,9.95736625557756,9.95736625557756,0.0,1.0,0.1,-6.947323096568731,-12.129610650722356,13.978295774028913,-6.947323096568731,-12.129610650722356,13.978295774028913,13.978295774028913,0.0,1.0,0.1,0.0,0.0,0.0,0.0,0.0,0.0,0.0,0.0,1.0,31.0,14.73229370563893,-16.54441575926495,22.15306233107791,54.73229370563893,343.45558424073505,347.7892498632253,202.42633051685172,309.0,1.0,3.4000000000000004,0.18847950366413357,9.042230769678298,9.044194923563868,40.188479503664134,129.0422307696783,135.15550749722092,13.978295774028913,33.0
14_LTAN06_800km_1213COLD_MY_STTLCT_PCDU_HEAT_MY_0p5,3267.0,7.671356729413072,211.33044625621835,211.4696366595505,133.83171174932895,69.05838845738327,150.59876522098818,141.50306847874202,280.3888347136016,314.07167497396347,1.0,9.200000000000001,7.671356729413072,11.330446256218352,13.68315484217597,7.671356729413072,211.33044625621835,211.4696366595505,211.4696366595505,91.0,1.0,0.1,-6.872457472561726,1.9134121520797294,7.133850136910355,-6.872457472561726,1.9134121520797294,7.133850136910355,7.133850136910355,0.0,1.0,0.1,-6.872457472561726,-11.521017206928207,13.4150851355668,-6.872457472561726,-11.521017206928207,13.4150851355668,13.4150851355668,0.0,1.0,0.1,0.0,0.0,0.0,0.0,0.0,0.0,0.0,0.0,1.0,19.0,21.503068478742023,0.388834713601625,21.506583792782397,141.50306847874202,280.3888347136016,314.07167497396347,211.4696366595505,189.0,1.0,4.6000000000000005,6.959254276767226,17.537371250455067,18.86771344029241,126.95925427676723,57.53737125045507,139.38867004504178,13.4150851355668,45.0
14_LTAN06_800km_1213COLD_MY_STTLCT_PCDU_HEAT_MY_0p5,3327.5,7.820088863275743,219.7836843771561,219.92276305154704,140.4432153329033,-77.38549100293297,160.35214669847505,148.26330419617904,142.39819337422313,205.57055442696887,1.0,9.200000000000001,7.820088863275743,19.783684377156106,21.27317459535506,7.820088863275743,219.7836843771561,219.92276305154704,219.92276305154704,91.0,1.0,0.1,-6.7237253386990545,10.366650273017484,12.356209787524538,-6.7237253386990545,10.366650273017484,12.356209787524538,12.356209787524538,0.0,1.0,0.1,-6.7237253386990545,-10.903248469147997,12.809734954722593,-6.7237253386990545,-10.903248469147997,12.809734954722593,12.809734954722593,0.0,1.0,0.1,0.0,0.0,0.0,0.0,0.0,0.0,0.0,0.0,1.0,6.6000000000000005,-11.736695803820965,-17.601806625776874,21.15593592547187,148.26330419617904,142.39819337422313,205.57055442696887,219.92276305154704,65.0,1.0,4.0,13.719489994204253,-8.288739472080977,16.028961530214733,133.71948999420425,-88.28873947208098,160.23671090570687,12.809734954722593,39.0
14_LTAN06_800km_1213COLD_MY_STTLCT_PCDU_HEAT_MY_0p5,3388.0,8.0390585623417,227.6744764089699,227.81635953255716,37.75167813324078,31.65054755627184,49.2640473620229,45.79073669558248,259.3250239652417,263.33677984986707,1.0,13.4,8.0390585623417,-12.325523591030105,14.715467860785095,8.0390585623417,227.6744764089699,227.81635953255716,227.81635953255716,133.0,1.0,0.1,-6.504755639633098,18.257442304831272,19.38159037451729,-6.504755639633098,18.257442304831272,19.38159037451729,19.38159037451729,0.0,1.0,0.1,-6.504755639633098,-10.277064826574275,12.16264393053372,-6.504755639633098,-10.277064826574275,12.16264393053372,12.16264393053372,0.0,1.0,0.1,0.0,0.0,0.0,0.0,0.0,0.0,0.0,0.0,1.0,13.600000000000001,5.790736695582481,19.325023965241712,20.173972904084412,45.79073669558248,259.3250239652417,263.33677984986707,227.81635953255716,135.0,1.0,0.6000000000000001,-8.753077506392316,-18.626517270302458,20.580658673953728,31.246922493607684,21.373482729697542,37.85757426616509,12.16264393053372,5.0
14_LTAN06_800km_1213COLD_MY_STTLCT_PCDU_HEAT_MY_0p5,3448.5,8.320769567973183,235.012284740846,235.1595398560641,-5.776214710244613,136.1187742172523,136.2412762373656,2.5445548577285706,371.1310589580983,371.139781864978,1.0,13.4,8.320769567973183,-4.987715259153987,9.701160224927024,8.320769567973183,235.012284740846,235.1595398560641,235.1595398560641,133.0,1.0,0.4,-6.223044634001614,-14.40474936329261,15.691497338879266,-6.223044634001614,25.59525063670739,26.34090240809237,26.34090240809237,3.0,1.0,0.1,-6.223044634001614,-9.644515431928028,11.477933717942186,-6.223044634001614,-9.644515431928028,11.477933717942186,11.477933717942186,0.0,1.0,0.1,0.0,0.0,0.0,0.0,0.0,0.0,0.0,0.0,1.0,30.8,2.5445548577285706,11.131058958098322,11.418197447611902,2.5445548577285706,371.1310589580983,371.139781864978,235.1595398560641,307.0,1.0,3.2,-11.999259344246227,6.474258785324281,13.634450910463135,-11.999259344246227,126.47425878532428,127.04219913126369,11.477933717942186,31.0
14_LTAN06_800km_1213COLD_MY_STTLCT_PCDU_HEAT_MY_0p5,3509.0,8.66194222196849,241.8249017113868,241.97998332667643,80.76205474136582,115.89254892745414,141.2571852436177,89.4239969633343,357.71745063884094,368.72540694187325,1.0,13.4,8.66194222196849,1.8249017113867865,8.852090674690519,8.66194222196849,241.8249017113868,241.97998332667643,241.97998332667643,133.0,1.0,0.4,-5.8818719800063075,-7.592132392751836,9.604003970129074,-5.8818719800063075,32.407867607248164,32.93730864594295,32.93730864594295,3.0,1.0,0.1,-5.8818719800063075,-9.0075295435974,10.75788113282366,-5.8818719800063075,-9.0075295435974,10.75788113282366,10.75788113282366,0.0,1.0,0.1,0.0,0.0,0.0,0.0,0.0,0.0,0.0,0.0,1.0,31.200000000000003,9.423996963334304,-2.282549361159056,9.696481338664134,89.4239969633343,357.71745063884094,368.72540694187325,241.97998332667643,311.0,1.0,3.6,-5.119817238640493,-13.114980616143242,14.0788936042181,74.8801827613595,106.88501938385676,130.50459432166377,10.75788113282366,35.0
14_LTAN06_800km_1213COLD_MY_STTLCT_PCDU_HEAT_MY_0p5,3569.5,9.058140922634154,248.1393756925549,248.3046509553641,69.67083688414259,95.31905502905582,118.06670895628866,78.72897780677674,343.45843072161074,352.36620947566956,1.0,13.4,9.058140922634154,8.139375692554893,12.177822204271704,9.058140922634154,248.1393756925549,248.3046509553641,248.3046509553641,133.0,1.0,0.4,-5.485673279340643,-1.2776584115837295,5.632496990177854,-5.485673279340643,38.72234158841627,39.108980419050354,39.108980419050354,3.0,1.0,0.1,-5.485673279340643,-8.369558000715699,10.00710310004929,-5.485673279340643,-8.369558000715699,10.00710310004929,10.00710310004929,0.0,1.0,0.1,0.0,0.0,0.0,0.0,0.0,0.0,0.0,0.0,1.0,24.6,-1.27102219322326,23.45843072161074,23.4928386819532,78.72897780677674,343.45843072161074,352.36620947566956,248.3046509553641,245.0,1.0,1.8,-15.814836395198057,6.949497028340147,17.274390268654624,64.18516360480194,86.94949702834015,108.07381857071825,10.00710310004929,17.0
14_LTAN06_800km_1213COLD_MY_STTLCT_PCDU_HEAT_MY_0p5,3630.0,9.499166639129031,253.9795827393123,254.15716125120915,69.12416958457408,52.81988021843294,86.99477321682355,78.6233362237031,306.7994629577452,316.71365532623685,1.0,13.4,9.499166639129031,13.979582739312292,16.901565028222095,9.499166639129031,253.9795827393123,254.15716125120915,254.15716125120915,133.0,1.0,0.4,-5.044647562845766,4.56254863517367,6.801861442403164,-5.044647562845766,44.56254863517367,44.84717616411923,44.84717616411923,3.0,1.0,0.1,-5.044647562845766,-7.740048992493172,9.238875875317316,-5.044647562845766,-7.740048992493172,9.238875875317316,9.238875875317316,0.0,1.0,0.1,0.0,0.0,0.0,0.0,0.0,0.0,0.0,0.0,1.0,24.6,-1.376663776296894,-13.20053704225478,13.272127989019268,78.6233362237031,306.7994629577452,316.71365532623685,254.15716125120915,245.0,1.0,0.6000000000000001,24.07952202172831,5.079831225939756,24.609511699319253,64.07952202172831,45.079831225939756,78.34779081692334,9.238875875317316,5.0
14_LTAN06_800km_1213COLD_MY_STTLCT_PCDU_HEAT_MY_0p5,3690.5,9.98241728992833,259.37050485295055,259.5625308911606,131.37785459598544,84.77266050285878,156.35390832012115,141.36027188591376,344.14316535580934,372.0446810919025,1.0,13.4,9.98241728992833,19.370504852950546,21.791399982755596,9.98241728992833,259.37050485295055,259.5625308911606,259.5625308911606,133.0,1.0,0.4,-4.561396912046467,9.953470748811924,10.94887764735188,-4.561396912046467,49.953470748811924,50.161295653537856,50.161295653537856,3.0,1.0,0.1,-4.561396912046467,-7.123740317282341,8.458960804809356,-4.561396912046467,-7.123740317282341,8.458960804809356,8.458960804809356,0.0,1.0,0.1,0.0,0.0,0.0,0.0,0.0,0.0,0.0,0.0,1.0,31.6,-18.63972811408624,-15.856834644190656,24.47199765242433,141.36027188591376,344.14316535580934,372.0446810919025,259.5625308911606,315.0,1.0,4.800000000000001,6.816457683938964,-2.3510798144235423,7.210525060681807,126.81645768393896,77.64892018557646,148.70026477948284,8.458960804809356,47.0
14_LTAN06_800km_1213COLD_MY_STTLCT_PCDU_HEAT_MY_0p5,3751.0,10.500555064612092,264.33688756722995,264.5453681042163,135.28761200045204,53.29714685497903,145.40744074381496,145.78816706506413,317.63403442220897,349.49330391227824,1.0,18.400000000000002,10.500555064612092,-15.663112432770049,18.85722004290522,10.500555064612092,264.33688756722995,264.5453681042163,264.5453681042163,183.0,1.0,0.4,-4.043259137362705,14.919853463091329,15.45800672182495,-4.043259137362705,54.91985346309133,55.068486894586925,55.068486894586925,3.0,1.0,0.1,-4.043259137362705,-6.517728312328927,7.66998870958759,-4.043259137362705,-6.517728312328927,7.66998870958759,7.66998870958759,0.0,1.0,0.1,0.0,0.0,0.0,0.0,0.0,0.0,0.0,0.0,1.0,25.0,-14.21183293493587,-2.3659655777910302,14.407428239828922,145.78816706506413,317.63403442220897,349.49330391227824,264.5453681042163,249.0,1.0,4.6000000000000005,11.244352863089318,6.779418542650092,13.129965235524915,131.24435286308932,46.77941854265009,139.3319566992423,7.66998870958759,45.0
14_LTAN06_800km_1213COLD_MY_STTLCT_PCDU_HEAT_MY_0p5,3811.5,11.043707391280138,268.9027306313053,269.1294149919636,68.52594991244645,113.57589541408224,132.64723830714934,79.56965730372659,382.47862604538756,390.6676717428765,1.0,18.400000000000002,11.043707391280138,-11.097269368694697,15.656080620180301,11.043707391280138,268.9027306313053,269.1294149919636,269.1294149919636,183.0,1.0,0.4,-3.5001068106946587,19.48569652716668,19.797553304262294,-3.5001068106946587,59.48569652716668,59.588579770023394,59.588579770023394,3.0,1.0,0.1,-3.5001068106946587,-5.917219159255808,6.874898563974246,-3.5001068106946587,-5.917219159255808,6.874898563974246,6.874898563974246,0.0,1.0,0.1,0.0,0.0,0.0,0.0,0.0,0.0,0.0,0.0,1.0,31.200000000000003,-0.4303426962734136,22.478626045387557,22.482745022007695,79.56965730372659,382.47862604538756,390.6676717428765,269.1294149919636,311.0,1.0,3.6,-14.97415689824821,-12.341323745173554,19.404474911641877,65.02584310175179,107.65867625482645,125.77261563645392,6.874898563974246,35.0
14_LTAN06_800km_1213COLD_MY_STTLCT_PCDU_HEAT_MY_0p5,3872.0,11.610228981068088,273.0891888932492,273.3358785585338,108.04052151477339,93.86423099846483,143.1196986795227,119.65075049584148,366.953419891714,385.9677635042112,1.0,18.400000000000002,11.610228981068088,-6.9108111067508275,13.511355488848036,11.610228981068088,273.0891888932492,273.3358785585338,273.3358785585338,183.0,1.0,0.4,-2.933585220906709,23.67215478911055,23.85323530693335,-2.933585220906709,63.67215478911055,63.739698914701314,63.739698914701314,3.0,1.0,0.1,-2.933585220906709,-5.334408659284918,6.0878434599270195,-2.933585220906709,-5.334408659284918,6.0878434599270195,6.0878434599270195,0.0,1.0,0.1,0.0,0.0,0.0,0.0,0.0,0.0,0.0,0.0,1.0,31.400000000000002,-0.3492495041585215,6.95341989171402,6.962185246504088,119.65075049584148,366.953419891714,385.9677635042112,273.3358785585338,313.0,1.0,4.800000000000001,-14.893063706133319,8.52982233917993,17.162785778914753,105.10693629386668,88.52982233917993,137.42269645327772,6.0878434599270195,47.0
14_LTAN06_800km_1213COLD_MY_STTLCT_PCDU_HEAT_MY_0p5,3932.5,12.19345414965503,276.9272160976962,277.19553268355514,135.6711272726177,23.614256006063844,137.71088505322572,147.86458142227272,300.54147210376004,334.9464298861522,1.0,18.400000000000002,12.19345414965503,-3.0727839023037973,12.574669976186128,12.19345414965503,276.9272160976962,277.19553268355514,277.19553268355514,183.0,1.0,1.4000000000000001,-2.3503600523197665,-12.48981800644242,12.70904190761813,-2.3503600523197665,67.51018199355758,67.55108337531536,67.55108337531536,13.0,1.0,0.1,-2.3503600523197665,-4.771051717732178,5.318564361631411,-2.3503600523197665,-4.771051717732178,5.318564361631411,5.318564361631411,0.0,1.0,0.1,0.0,0.0,0.0,0.0,0.0,0.0,0.0,0.0,1.0,19.200000000000003,-12.135418577727279,20.541472103760043,23.858341523379206,147.86458142227272,300.54147210376004,334.9464298861522,277.19553268355514,191.0,1.0,4.4,13.32076722029791,18.843204288331663,23.076160581629782,133.3207672202979,18.843204288331663,134.64580691599966,5.318564361631411,43.0
14_LTAN06_800km_1213COLD_MY_STTLCT_PCDU_HEAT_MY_0p5,3993.0,12.788801777150598,280.44206527603194,280.73351318854225,22.963481827758546,42.510481617947455,48.31627619181393,35.752283604909145,322.9525468939794,324.9254888867197,1.0,18.400000000000002,12.788801777150598,0.4420652760319399,12.796439840968404,12.788801777150598,280.44206527603194,280.73351318854225,280.73351318854225,183.0,1.0,1.4000000000000001,-1.7550124248241996,-8.974968828106682,9.144951288922973,-1.7550124248241996,71.02503117189332,71.04671084279487,71.04671084279487,13.0,1.0,0.1,-1.7550124248241996,-4.2238936194616485,4.573985780456269,-1.7550124248241996,-4.2238936194616485,4.573985780456269,4.573985780456269,0.0,1.0,0.1,0.0,0.0,0.0,0.0,0.0,0.0,0.0,0.0,1.0,24.400000000000002,-4.247716395090855,2.952546893979388,5.173067536217847,35.752283604909145,322.9525468939794,324.9254888867197,280.73351318854225,243.0,1.0,0.4,21.208469402934348,-1.7134120015142003,21.2775692949673,21.208469402934348,38.2865879984858,43.76827612530563,4.573985780456269,3.0
14_LTAN06_800km_1213COLD_MY_STTLCT_PCDU_HEAT_MY_0p5,4053.5,13.39512907848127,283.65088586149903,283.96699549955156,124.01686448381196,49.02705819265402,133.35604639993667,137.41199356229322,332.67794405415304,359.9398150175414,1.0,18.400000000000002,13.39512907848127,3.6508858614990345,13.883747714607466,13.39512907848127,283.65088586149903,283.96699549955156,283.96699549955156,183.0,1.0,1.4000000000000001,-1.148685123493527,-5.766148242639588,5.8794509156069115,-1.148685123493527,74.23385175736041,74.24273852873894,74.24273852873894,13.0,1.0,0.1,-1.148685123493527,-3.699622146751892,3.8738458334931734,-1.148685123493527,-3.699622146751892,3.8738458334931734,3.8738458334931734,0.0,1.0,0.1,0.0,0.0,0.0,0.0,0.0,0.0,0.0,0.0,1.0,24.8,17.41199356229322,12.677944054153045,21.53851864111307,137.41199356229322,332.67794405415304,359.9398150175414,283.96699549955156,247.0,1.0,4.6000000000000005,2.868179360318422,5.327436045902118,6.050456814665632,122.86817936031842,45.32743604590212,130.9624601090508,3.8738458334931734,45.0
14_LTAN06_800km_1213COLD_MY_STTLCT_PCDU_HEAT_MY_0p5,4114.0,14.001591245058162,286.586670687198,286.92850045432255,89.96278415355201,-12.952590982896897,90.89044034346412,103.96437539861017,273.63407970430114,292.7186378207629,1.0,18.400000000000002,14.001591245058162,6.586670687198023,15.47348661857705,14.001591245058162,286.586670687198,286.92850045432255,286.92850045432255,183.0,1.0,1.4000000000000001,-0.5422229569166355,-2.8303634169405996,2.8818332371882804,-0.5422229569166355,77.1696365830594,77.17154149099568,77.17154149099568,13.0,1.0,0.1,-0.5422229569166355,-3.20391911107896,3.249477404959821,-0.5422229569166355,-3.20391911107896,3.249477404959821,3.249477404959821,0.0,1.0,0.1,0.0,0.0,0.0,0.0,0.0,0.0,0.0,0.0,1.0,18.8,23.964375398610173,-6.3659202956988565,24.79548808668027,103.96437539861017,273.63407970430114,292.7186378207629,286.92850045432255,187.0,1.0,2.2,9.420561196635376,-16.15651009397584,18.702400692860135,89.42056119663538,-16.15651009397584,90.86841906370968,3.249477404959821,21.0
14_LTAN06_800km_1213COLD_MY_STTLCT_PCDU_HEAT_MY_0p5,4174.5,14.60582995651299,289.26777699564065,289.6362841163349,88.71355463606236,-52.42716499144085,103.04708829076823,103.31938459257535,236.84061200419978,258.3957637561274,1.0,18.400000000000002,14.60582995651299,9.267776995640645,17.29803338994055,14.60582995651299,289.26777699564065,289.6362841163349,289.6362841163349,183.0,1.0,1.4000000000000001,0.062015754538192525,-0.14925710849797724,0.16162808619827898,0.062015754538192525,79.85074289150202,79.85076697364009,79.85076697364009,13.0,1.0,0.1,0.062015754538192525,-2.742542135684289,2.743243211932672,0.062015754538192525,-2.742542135684289,2.743243211932672,2.743243211932672,0.0,1.0,0.1,0.0,0.0,0.0,0.0,0.0,0.0,0.0,0.0,1.0,13.8,23.319384592575346,-3.1593879958002162,23.53243358185564,103.31938459257535,236.84061200419978,258.3957637561274,289.6362841163349,137.0,1.0,2.0,8.77557039060055,-15.16970712712515,17.525143366122194,88.77557039060055,-55.16970712712515,104.52176080926516,2.743243211932672,19.0
14_LTAN06_800km_1213COLD_MY_STTLCT_PCDU_HEAT_MY_0p5,4235.0,15.207086237127909,291.7096225420961,292.10573317803204,100.12785893333731,-26.13362729672805,103.4821463357742,115.33494517046522,265.57599524536806,289.53887274084974,1.0,18.400000000000002,15.207086237127909,11.709622542096099,19.192986528985273,15.207086237127909,291.7096225420961,292.10573317803204,292.10573317803204,183.0,1.0,1.4000000000000001,0.6632720351531116,2.292588437957477,2.3866066995783894,0.6632720351531116,82.29258843795748,82.29526135575286,82.29526135575286,13.0,1.0,0.1,0.6632720351531116,-2.3086238542089177,2.4020145488399085,0.6632720351531116,-2.3086238542089177,2.4020145488399085,2.4020145488399085,0.0,1.0,0.1,0.0,0.0,0.0,0.0,0.0,0.0,0.0,0.0,1.0,19.0,-4.665054829534782,-14.424004754631937,15.159638838844762,115.33494517046522,265.57599524536806,289.53887274084974,292.10573317803204,189.0,1.0,2.0,20.79113096849042,11.557748849063046,23.78765825815857,100.79113096849042,-28.442251150936954,104.72733039870903,2.4020145488399085,19.0
14_LTAN06_800km_1213COLD_MY_STTLCT_PCDU_HEAT_MY_0p5,4295.5,15.796328796954578,293.9498222120108,294.3739492243399,91.40706627375914,-17.810460075243846,93.12606645224123,107.20339507071373,276.139362136767,296.2186949468046,1.0,18.400000000000002,15.796328796954578,13.949822212010815,21.074191401052776,15.796328796954578,293.9498222120108,294.3739492243399,294.3739492243399,183.0,1.0,1.4000000000000001,1.2525145949797807,4.532788107872193,4.702654658967097,1.2525145949797807,84.5327881078722,84.54206679577366,84.54206679577366,13.0,1.0,0.1,1.2525145949797807,-1.8895028050184237,2.2669392715310783,1.2525145949797807,-1.8895028050184237,2.2669392715310783,2.2669392715310783,0.0,1.0,0.1,0.0,0.0,0.0,0.0,0.0,0.0,0.0,0.0,1.0,19.0,-12.796604929286275,-3.8606378632330234,13.366286785314095,107.20339507071373,276.139362136767,296.2186949468046,294.3739492243399,189.0,1.0,2.0,12.659580868738928,20.300037119737738,23.92397322425501,92.65958086873893,-19.699962880262262,94.73059940829087,2.2669392715310783,19.0
14_LTAN06_800km_1213COLD_MY_STTLCT_PCDU_HEAT_MY_0p5,4356.0,16.374009671278113,295.9996191787406,296.45215928826457,82.20061455627219,-17.275889037005083,83.99641287250152,98.5746242275503,278.72373014173553,295.6414623927533,1.0,18.400000000000002,16.374009671278113,15.999619178740602,22.89314322193074,16.374009671278113,295.9996191787406,296.45215928826457,296.45215928826457,183.0,1.0,1.4000000000000001,1.830195469303316,6.58258507460198,6.832279394186916,1.830195469303316,86.58258507460198,86.60192638536714,86.60192638536714,13.0,1.0,0.1,1.830195469303316,-1.4919247348255453,2.3612401127887566,1.830195469303316,-1.4919247348255453,2.3612401127887566,2.3612401127887566,0.0,1.0,0.1,0.0,0.0,0.0,0.0,0.0,0.0,0.0,0.0,1.0,18.8,18.574624227550302,-1.2762698582644703,18.618419104365792,98.5746242275503,278.72373014173553,295.6414623927533,296.45215928826457,187.0,1.0,2.0,4.030810025575505,21.232186228169383,21.611412760158593,84.0308100255755,-18.767813771830617,86.10114904766647,2.3612401127887566,19.0
14_LTAN06_800km_1213COLD_MY_STTLCT_PCDU_HEAT_MY_0p5,4416.5,16.939019296560836,297.8789914027018,298.3602250532402,-13.132590803234194,67.05373936631527,68.32765841305356,3.806428493326642,364.93273076901704,364.95258169302855,1.0,18.400000000000002,16.939019296560836,17.878991402701786,24.629021667681904,16.939019296560836,297.8789914027018,298.3602250532402,298.3602250532402,183.0,1.0,1.4000000000000001,2.3952050945860393,8.461957298563163,8.794414634746152,2.3952050945860393,88.46195729856316,88.49437776795735,88.49437776795735,13.0,1.0,0.1,2.3952050945860393,-1.1180705259722004,2.643310262942788,2.3952050945860393,-1.1180705259722004,2.643310262942788,2.643310262942788,0.0,1.0,0.1,0.0,0.0,0.0,0.0,0.0,0.0,0.0,0.0,1.0,30.8,3.806428493326642,4.932730769017041,6.230628436555689,3.806428493326642,364.93273076901704,364.95258169302855,298.3602250532402,307.0,1.0,1.4000000000000001,-10.737385708648155,-14.064331159656945,17.694543306476685,-10.737385708648155,65.93566884034306,66.80422050499256,2.643310262942788,13.0
14_LTAN06_800km_1213COLD_MY_STTLCT_PCDU_HEAT_MY_0p5,4477.0,17.487792721094262,299.6220194683467,300.1319333968751,-22.839198253295162,63.868707182234516,67.82949752123582,-5.3514055322009,363.4907266505812,363.53011691211725,0.0,nan,nan,nan,nan,17.487792721094262,299.6220194683467,300.1319333968751,300.1319333968751,nan,1.0,1.4000000000000001,2.943978519119465,10.204985364208085,10.6211456917198,2.943978519119465,90.20498536420808,90.25301321328851,90.25301321328851,13.0,1.0,0.1,2.943978519119465,-0.765541183726782,3.0418847488060163,2.943978519119465,-0.765541183726782,3.0418847488060163,3.0418847488060163,0.0,1.0,0.1,0.0,0.0,0.0,0.0,0.0,0.0,0.0,0.0,1.0,30.8,-5.3514055322009,3.490726650581223,6.389265507016312,-5.3514055322009,363.4907266505812,363.53011691211725,300.1319333968751,307.0,0.0,nan,nan,nan,nan,-19.895219734175697,63.103165998507734,66.16516702394362,3.0418847488060163,nan
14_LTAN06_800km_1213COLD_MY_STTLCT_PCDU_HEAT_MY_0p5,4537.5,18.0205418536781,301.23624672543025,301.7747773918895,53.452154032282515,36.553052545716106,64.75537368512931,71.47269588596062,337.7892992711464,345.267949510665,0.0,nan,nan,nan,nan,18.0205418536781,301.23624672543025,301.7747773918895,301.7747773918895,nan,1.0,1.4000000000000001,3.4767276517033032,11.819212621291626,12.319960314522836,3.4767276517033032,91.81921262129163,91.88501206158749,91.88501206158749,13.0,1.0,0.1,3.4767276517033032,-0.4357793664018459,3.503931908627786,3.4767276517033032,-0.4357793664018459,3.503931908627786,3.503931908627786,0.0,1.0,0.1,0.0,0.0,0.0,0.0,0.0,0.0,0.0,0.0,1.0,24.6,-8.527304114039381,17.789299271146376,19.7274956345635,71.47269588596062,337.7892992711464,345.267949510665,301.7747773918895,245.0,1.0,0.6000000000000001,16.92888168398582,-3.8827268206857184,17.36843696578546,56.92888168398582,36.11727317931428,67.4192479318664,3.503931908627786,5.0
14_LTAN06_800km_1213COLD_MY_STTLCT_PCDU_HEAT_MY_0p5,4598.0,18.5346587167988,302.7439721662564,303.31080801176745,61.79494879058083,33.99689677211852,70.52945970418737,80.32960750737963,336.74086893837494,346.1896281745909,0.0,nan,nan,nan,nan,18.5346587167988,302.7439721662564,303.31080801176745,303.31080801176745,nan,1.0,1.4000000000000001,3.9908445148240013,13.32693806211779,13.911654037282004,3.9908445148240013,93.32693806211779,93.41222729381776,93.41222729381776,13.0,1.0,0.1,3.9908445148240013,-0.12596013113625304,3.992831814156048,3.9908445148240013,-0.12596013113625304,3.992831814156048,3.992831814156048,0.0,1.0,0.1,0.0,0.0,0.0,0.0,0.0,0.0,0.0,0.0,1.0,24.6,0.3296075073796345,16.740868938374945,16.744113411010094,80.32960750737963,336.74086893837494,346.1896281745909,303.31080801176745,245.0,1.0,2.4000000000000004,-14.214206694595163,-6.129063359017721,15.479311664784307,65.78579330540484,33.87093664098228,73.99331692632033,3.992831814156048,23.0
14_LTAN06_800km_1213COLD_MY_STTLCT_PCDU_HEAT_MY_0p5,4658.5,19.02755717016482,304.166177834257,304.7607449626095,145.67822827686786,33.91932499892552,149.5749537933071,164.70578544703267,338.0855028331825,376.0715397177641,1.0,24.200000000000003,19.02755717016482,-15.833822165743015,24.753946276104454,19.02755717016482,304.166177834257,304.7607449626095,304.7607449626095,241.0,1.0,1.4000000000000001,4.483742968190022,14.749143730118362,15.415615192929643,4.483742968190022,94.74914373011836,94.85517481189638,94.85517481189638,13.0,1.0,0.1,4.483742968190022,0.16450288270300462,4.486759655164411,4.483742968190022,0.16450288270300462,4.486759655164411,4.486759655164411,0.0,1.0,0.1,0.0,0.0,0.0,0.0,0.0,0.0,0.0,0.0,1.0,25.0,4.705785447032667,18.08550283318249,18.68769192282868,164.70578544703267,338.0855028331825,376.0715397177641,304.7607449626095,249.0,1.0,7.6000000000000005,-9.838028754942115,-5.916172118371492,11.479891215393295,150.16197124505788,34.08382788162851,153.9815733497553,4.486759655164411,75.0
14_LTAN06_800km_1213COLD_MY_STTLCT_PCDU_HEAT_MY_0p5,4719.0,19.49962513916243,305.5077458957596,306.12941410925526,101.5897010287968,81.04638469798881,129.95762319977504,121.08932616795923,386.5541305937484,405.07619134046763,1.0,24.200000000000003,19.49962513916243,-14.492254104240374,24.295283690249995,19.49962513916243,305.5077458957596,306.12941410925526,306.12941410925526,241.0,1.0,1.4000000000000001,4.955810937187632,16.090711791621004,16.83659906293904,4.955810937187632,96.090711791621,96.21842315619978,96.21842315619978,13.0,1.0,0.1,4.955810937187632,0.43748196969841047,4.9750831670394975,4.955810937187632,0.43748196969841047,4.9750831670394975,4.9750831670394975,0.0,1.0,0.1,0.0,0.0,0.0,0.0,0.0,0.0,0.0,0.0,1.0,38.800000000000004,1.0893261679592285,-13.445869406251575,13.489923483481025,121.08932616795923,386.5541305937484,405.07619134046763,306.12941410925526,387.0,1.0,4.800000000000001,-13.454488034015569,1.4838666676872094,13.536066952587863,106.54551196598443,81.48386666768721,134.13264571762969,4.9750831670394975,47.0
14_LTAN06_800km_1213COLD_MY_STTLCT_PCDU_HEAT_MY_0p5,4779.5,19.94560473177636,306.7943295558075,307.44200720739786,101.9565648107414,68.5551434718721,122.86150253214339,121.90216954251775,375.3494730276796,394.64840787887323,1.0,24.200000000000003,19.94560473177636,-13.205670444192492,23.921055160608585,19.94560473177636,306.7943295558075,307.44200720739786,307.44200720739786,241.0,1.0,1.4000000000000001,5.401790529801563,17.377295451668886,18.19752010968654,5.401790529801563,97.37729545166889,97.52700656951114,97.52700656951114,13.0,1.0,0.1,5.401790529801563,0.6932658537800194,5.44609570902598,5.401790529801563,0.6932658537800194,5.44609570902598,5.44609570902598,0.0,1.0,0.1,0.0,0.0,0.0,0.0,0.0,0.0,0.0,0.0,1.0,31.400000000000002,1.902169542517754,15.349473027679608,15.46688627991898,121.90216954251775,375.3494730276796,394.64840787887323,307.44200720739786,313.0,1.0,4.800000000000001,-12.641644659457043,-10.75159067434788,16.595417491726536,107.35835534054296,69.24840932565212,127.75429016498566,5.44609570902598,47.0
14_LTAN06_800km_1213COLD_MY_STTLCT_PCDU_HEAT_MY_0p5,4840.0,20.36412002927864,308.0379668855829,308.7103600910898,50.61725060816546,-14.868710437106214,52.75589644004107,70.9813706374441,293.1692564484767,301.639798276227,1.0,24.200000000000003,20.36412002927864,-11.962033114417125,23.617527829924946,20.36412002927864,308.0379668855829,308.7103600910898,308.7103600910898,241.0,1.0,1.4000000000000001,5.820305827303844,18.620932781444253,19.509359230236452,5.820305827303844,98.62093278144425,98.79253181595,98.79253181595,13.0,1.0,0.1,5.820305827303844,0.9378872371860894,5.895387382778476,5.820305827303844,0.9378872371860894,5.895387382778476,5.895387382778476,0.0,1.0,0.1,0.0,0.0,0.0,0.0,0.0,0.0,0.0,0.0,1.0,18.8,-9.018629362555899,13.169256448476688,15.961359308808891,70.9813706374441,293.1692564484767,301.639798276227,308.7103600910898,187.0,1.0,0.8,16.437556435469304,-13.930823199920098,21.546718928799123,56.437556435469304,-13.930823199920098,58.13145113821102,5.895387382778476,7.0
14_LTAN06_800km_1213COLD_MY_STTLCT_PCDU_HEAT_MY_0p5,4900.5,20.756182849413964,309.2419757222013,309.93776580960383,153.16295375506604,62.70639779803716,165.50221366429568,173.91913660448,371.9483735202384,410.60133784682023,1.0,24.200000000000003,20.756182849413964,-10.758024277798711,23.378498943260084,20.756182849413964,309.2419757222013,309.93776580960383,309.93776580960383,241.0,1.0,1.4000000000000001,6.212368647439167,19.824941618062667,20.77551044791146,6.212368647439167,99.82494161806267,100.01806083533765,100.01806083533765,13.0,1.0,0.1,6.212368647439167,1.1658662248001406,6.320820220969338,6.212368647439167,1.1658662248001406,6.320820220969338,6.320820220969338,0.0,1.0,0.1,0.0,0.0,0.0,0.0,0.0,0.0,0.0,0.0,1.0,31.6,13.919136604480002,11.94837352023842,18.34409969426981,173.91913660448,371.9483735202384,410.60133784682023,309.93776580960383,315.0,1.0,7.6000000000000005,-0.6246775974947809,23.87226402283727,23.880435751402498,159.37532240250522,63.87226402283727,171.69787273669266,6.320820220969338,75.0
14_LTAN06_800km_1213COLD_MY_STTLCT_PCDU_HEAT_MY_0p5,4961.0,21.11381034353508,310.4359473898554,311.1531301771844,107.23778824686588,2.290584660214911,107.26224874654295,128.35159859040095,312.7265320500703,338.04144229483916,1.0,24.200000000000003,21.11381034353508,-9.564052610144586,23.178957904797667,21.11381034353508,310.4359473898554,311.1531301771844,311.1531301771844,241.0,1.0,1.4000000000000001,6.569996141560281,21.018913285716792,22.02179749731159,6.569996141560281,101.01891328571679,101.23233520336912,101.23233520336912,13.0,1.0,0.1,6.569996141560281,1.3762340703500513,6.712590373060854,6.569996141560281,1.3762340703500513,6.712590373060854,6.712590373060854,0.0,1.0,0.1,0.0,0.0,0.0,0.0,0.0,0.0,0.0,0.0,1.0,24.8,8.351598590400954,-7.273467949929682,11.074860497263227,128.35159859040095,312.7265320500703,338.04144229483916,311.1531301771844,247.0,1.0,4.4,-6.192215611573843,3.6668187305649553,7.196463977749128,113.80778438842616,3.6668187305649553,113.86684041899696,6.712590373060854,43.0
14_LTAN06_800km_1213COLD_MY_STTLCT_PCDU_HEAT_MY_0p5,5021.5,21.43782918699837,311.62291778081175,312.35944584160967,70.46754706644262,-25.653392800779866,74.99181123130985,91.90537625344099,285.9695249800319,300.3750445719345,1.0,24.200000000000003,21.43782918699837,-8.377082219188253,23.016429496295885,21.43782918699837,311.62291778081175,312.35944584160967,312.35944584160967,241.0,1.0,1.4000000000000001,6.894014985023574,22.205883676673125,23.251423880607128,6.894014985023574,102.20588367667312,102.43812815911548,102.43812815911548,13.0,1.0,0.1,6.894014985023574,1.571181707172343,7.070788822379197,6.894014985023574,1.571181707172343,7.070788822379197,7.070788822379197,0.0,1.0,0.1,0.0,0.0,0.0,0.0,0.0,0.0,0.0,0.0,1.0,18.8,11.905376253440991,5.969524980031906,13.318153483994003,91.90537625344099,285.9695249800319,300.3750445719345,312.35944584160967,187.0,1.0,2.0,-2.638437948533806,15.917788906392502,16.134973147691802,77.3615620514662,-24.082211093607498,81.0232323114792,7.070788822379197,19.0
14_LTAN06_800km_1213COLD_MY_STTLCT_PCDU_HEAT_MY_0p5,5082.0,21.728071822573494,312.80900597449715,313.5627262987103,56.58144027985715,19.108657770840306,59.721019632505744,78.30951210243065,331.91766374533745,341.03037282899544,1.0,24.200000000000003,21.728071822573494,-7.190994025502846,22.88710335979042,21.728071822573494,312.80900597449715,313.5627262987103,313.5627262987103,241.0,1.0,1.4000000000000001,7.1842576205986965,23.39197187035853,24.470347474908795,7.1842576205986965,103.39197187035853,103.6412726899865,103.6412726899865,13.0,1.0,0.1,7.1842576205986965,1.7509876896979222,7.39455985496122,7.1842576205986965,1.7509876896979222,7.39455985496122,7.39455985496122,0.0,1.0,0.1,0.0,0.0,0.0,0.0,0.0,0.0,0.0,0.0,1.0,24.6,-1.690487897569355,11.91766374533745,12.03696217817266,78.30951210243065,331.91766374533745,341.03037282899544,313.5627262987103,245.0,0.0,nan,nan,nan,nan,63.76569790045585,20.859645460538218,67.0909013016784,7.39455985496122,nan
14_LTAN06_800km_1213COLD_MY_STTLCT_PCDU_HEAT_MY_0p5,5142.5,21.97847305877899,314.01934676445507,314.7875528358301,97.36427068548964,90.56651631233933,132.9740391319694,119.34274374426863,404.5858630767944,421.82035404423624,1.0,24.200000000000003,21.97847305877899,-5.980653235544935,22.77765332775324,21.97847305877899,314.01934676445507,314.7875528358301,314.7875528358301,241.0,1.0,3.2,7.4346588568041945,-15.397687339683557,17.098623562372158,7.4346588568041945,104.60231266031644,104.8661907680624,104.8661907680624,31.0,1.0,0.1,7.4346588568041945,1.913270996865549,7.67689769532615,7.4346588568041945,1.913270996865549,7.67689769532615,7.67689769532615,0.0,1.0,0.1,0.0,0.0,0.0,0.0,0.0,0.0,0.0,0.0,1.0,38.800000000000004,-0.6572562557313688,4.585863076794396,4.632723383152094,119.34274374426863,404.5858630767944,421.82035404423624,314.7875528358301,387.0,1.0,4.800000000000001,-15.201070457706166,12.47978730920488,19.667679943072553,104.79892954229383,92.47978730920488,139.76883305646663,7.67689769532615,47.0
14_LTAN06_800km_1213COLD_MY_STTLCT_PCDU_HEAT_MY_0p5,5203.0,22.190818569522857,315.25255953767606,316.03260705794503,69.55153592732958,39.80394585463939,80.13594858395126,91.74235449685244,355.05650539231544,366.7175774762228,1.0,24.200000000000003,22.190818569522857,-4.747440462323937,22.692964101870672,22.190818569522857,315.25255953767606,316.03260705794503,316.03260705794503,241.0,1.0,3.2,7.64700436754806,-14.164474566462559,16.096863531174755,7.64700436754806,105.83552543353744,106.11142784634579,106.11142784634579,31.0,1.0,0.1,7.64700436754806,2.06643499150897,7.921289628048692,7.64700436754806,2.06643499150897,7.921289628048692,7.921289628048692,0.0,1.0,0.1,0.0,0.0,0.0,0.0,0.0,0.0,0.0,0.0,1.0,31.200000000000003,11.742354496852442,-4.943494607684556,12.740526993258836,91.74235449685244,355.05650539231544,366.7175774762228,316.03260705794503,311.0,1.0,2.4000000000000004,-2.8014597051223546,1.8703808461483504,3.3684567666904752,77.19854029487765,41.87038084614835,87.8222262064755,7.921289628048692,23.0
14_LTAN06_800km_1213COLD_MY_STTLCT_PCDU_HEAT_MY_0p5,5263.5,22.3630835561217,316.51169838088094,317.3007449062921,-8.522864751401759,11.1829068560256,14.060463339493152,13.840218804719942,327.69460523690657,327.986746619333,1.0,24.200000000000003,22.3630835561217,-3.4883016191190563,22.633509545009353,22.3630835561217,316.51169838088094,317.3007449062921,317.3007449062921,241.0,1.0,3.2,7.819269354146904,-12.905335723257679,15.089355962488648,7.819269354146904,107.09466427674232,107.3797377989947,107.3797377989947,31.0,1.0,0.1,7.819269354146904,2.205961702295383,8.124483999903925,7.819269354146904,2.205961702295383,8.124483999903925,8.124483999903925,0.0,1.0,0.1,0.0,0.0,0.0,0.0,0.0,0.0,0.0,0.0,1.0,24.200000000000003,13.840218804719942,7.694605236906568,15.835359368020464,13.840218804719942,327.69460523690657,327.986746619333,317.3007449062921,241.0,1.0,0.1,-0.7035953972548548,13.388868558321008,13.407343053529848,-0.7035953972548548,13.388868558321008,13.407343053529848,8.124483999903925,0.0
14_LTAN06_800km_1213COLD_MY_STTLCT_PCDU_HEAT_MY_0p5,5324.0,22.491053049561494,317.80258588303644,318.59744358864987,79.07450236614756,88.30125668492234,118.53222708019291,101.56555541570904,406.1038425679588,418.6118643748203,1.0,24.200000000000003,22.491053049561494,-2.1974141169635573,22.598143642335316,22.491053049561494,317.80258588303644,318.59744358864987,318.59744358864987,241.0,1.0,3.2,7.947238847586696,-11.61444822110218,14.073166409207797,7.947238847586696,108.38555177889782,108.67652202622575,108.67652202622575,31.0,1.0,0.1,7.947238847586696,2.328761713792119,8.28140908422082,7.947238847586696,2.328761713792119,8.28140908422082,8.28140908422082,0.0,1.0,0.1,0.0,0.0,0.0,0.0,0.0,0.0,0.0,0.0,1.0,38.6,21.565555415709042,6.103842567958793,22.412721264550704,101.56555541570904,406.1038425679588,418.6118643748203,318.59744358864987,385.0,1.0,1.8,7.021741213734245,10.63001839871447,12.739785745045408,87.02174121373424,90.63001839871447,125.64467230575858,8.28140908422082,17.0
14_LTAN06_800km_1213COLD_MY_STTLCT_PCDU_HEAT_MY_0p5,5384.5,22.57632026732863,319.1247527438367,319.9223312784338,23.733211081718984,25.19708367935441,34.61442378826805,46.30953134904762,344.32183642319114,347.42207720812337,1.0,24.200000000000003,22.57632026732863,-0.8752472561632771,22.593279854249023,22.57632026732863,319.1247527438367,319.9223312784338,319.9223312784338,241.0,1.0,3.2,8.032506065353832,-10.2922813603019,13.055734728063527,8.032506065353832,109.7077186396981,110.00138491317783,110.00138491317783,31.0,1.0,0.1,8.032506065353832,2.439747484484144,8.394850890753975,8.032506065353832,2.439747484484144,8.394850890753975,8.394850890753975,0.0,1.0,0.1,0.0,0.0,0.0,0.0,0.0,0.0,0.0,0.0,1.0,31.0,6.309531349047617,-15.678163576808856,16.900147898340727,46.30953134904762,344.32183642319114,347.42207720812337,319.9223312784338,309.0,1.0,0.6000000000000001,-8.23428285292718,-12.363168836161435,14.854338011956099,31.76571714707282,27.636831163838565,42.10528734786588,8.394850890753975,5.0
14_LTAN06_800km_1213COLD_MY_STTLCT_PCDU_HEAT_MY_0p5,5445.0,22.61396572360156,320.4859132933651,321.2827602988224,54.578676364560465,97.78044106681548,111.98145636188345,77.19264208816202,418.26635436018057,425.32980989146205,1.0,24.200000000000003,22.61396572360156,0.48591329336511535,22.6191856059606,22.61396572360156,320.4859132933651,321.2827602988224,321.2827602988224,241.0,1.0,3.2,8.070151521626762,-8.931120810773507,12.037120275159102,8.070151521626762,111.0688791892265,111.36167774388551,111.36167774388551,31.0,1.0,0.1,8.070151521626762,2.5470393653948236,8.462550154113453,8.070151521626762,2.5470393653948236,8.462550154113453,8.462550154113453,0.0,1.0,0.1,0.0,0.0,0.0,0.0,0.0,0.0,0.0,0.0,1.0,38.6,-2.8073579118379826,18.26635436018057,18.480826822868263,77.19264208816202,418.26635436018057,425.32980989146205,321.2827602988224,385.0,0.0,nan,nan,nan,nan,62.64882788618722,100.32748043221028,118.2813551046345,8.462550154113453,nan
14_LTAN06_800km_1213COLD_MY_STTLCT_PCDU_HEAT_MY_0p5,5505.5,22.601589874798027,321.8898764934794,322.68238943868005,-60.111482456383285,51.372737944373405,79.07305816145812,-37.50989258158526,373.2626144378528,375.1426013910753,1.0,24.200000000000003,22.601589874798027,1.8898764934793917,22.680465119330748,22.601589874798027,321.8898764934794,322.68238943868005,322.68238943868005,241.0,1.0,3.2,8.05777567282323,-7.527157610659231,11.026597412132496,8.05777567282323,112.47284238934077,112.76111042345686,112.76111042345686,31.0,1.0,0.1,8.05777567282323,2.645789573029049,8.481034798790246,8.05777567282323,2.645789573029049,8.481034798790246,8.481034798790246,0.0,1.0,0.1,0.0,0.0,0.0,0.0,0.0,0.0,0.0,0.0,1.0,30.6,2.4901074184147376,13.26261443785279,13.494353511094387,-37.50989258158526,373.2626144378528,375.1426013910753,322.68238943868005,305.0,1.0,0.2,-12.05370678356006,14.018527517402447,18.488130272696896,-52.05370678356006,54.01852751740245,75.01726271370619,8.481034798790246,1.0
14_LTAN06_800km_1213COLD_MY_STTLCT_PCDU_HEAT_MY_0p5,5566.0,22.54109183257019,323.33477060567566,324.1195376765018,36.50997786215051,126.05381853042218,131.2346892006657,59.051069694720695,449.38858913609783,453.25173234950057,1.0,24.200000000000003,22.54109183257019,3.334770605675658,22.78643271766866,22.54109183257019,323.33477060567566,324.1195376765018,324.1195376765018,241.0,1.0,3.2,7.997277630595391,-6.082263498462964,10.047406569137946,7.997277630595391,113.91773650153704,114.19810479659654,114.19810479659654,31.0,1.0,0.1,7.997277630595391,2.742481317492093,8.454445769984842,7.997277630595391,2.742481317492093,8.454445769984842,8.454445769984842,0.0,1.0,0.1,0.0,0.0,0.0,0.0,0.0,0.0,0.0,0.0,1.0,46.6,19.051069694720695,9.388589136097835,21.238852663916653,59.051069694720695,449.38858913609783,453.25173234950057,324.1195376765018,465.0,1.0,3.4000000000000004,4.507255492745898,8.79629984791427,9.883837467871711,44.5072554927459,128.79629984791427,136.2695220730241,8.454445769984842,33.0
14_LTAN06_800km_1213COLD_MY_STTLCT_PCDU_HEAT_MY_0p5,5626.5,22.423651551764983,324.8182746108838,325.59135687254735,41.660366791876456,92.70638462681774,101.63690231313207,64.08401834364145,417.52465923770154,422.4140178528963,1.0,24.200000000000003,22.423651551764983,4.818274610883805,22.935472943474693,22.423651551764983,324.8182746108838,325.59135687254735,325.59135687254735,241.0,1.0,3.2,7.879837349790186,-4.598759493254818,9.12361910296291,7.879837349790186,115.40124050674518,115.66995351929036,115.66995351929036,31.0,1.0,0.1,7.879837349790186,2.8236769151699264,8.370483139007687,7.879837349790186,2.8236769151699264,8.370483139007687,8.370483139007687,0.0,1.0,0.1,0.0,0.0,0.0,0.0,0.0,0.0,0.0,0.0,1.0,38.6,-15.915981656358554,17.52465923770154,23.67344828036465,64.08401834364145,417.52465923770154,422.4140178528963,325.59135687254735,385.0,1.0,1.6,9.54020414166665,15.530061541987664,18.226308089204398,49.54020414166665,95.53006154198766,107.6114514566826,8.370483139007687,15.0
14_LTAN06_800km_1213COLD_MY_STTLCT_PCDU_HEAT_MY_0p5,5687.0,22.249567804334337,326.33827666243235,327.09587903623293,63.56238309260843,89.49407046812951,109.769600497433,85.81195089694276,415.83234713056186,424.594196659412,1.0,24.200000000000003,22.249567804334337,6.338276662432349,23.134757801394976,22.249567804334337,326.33827666243235,327.09587903623293,327.09587903623293,241.0,1.0,3.2,7.70575360235954,-3.078757441706273,8.298035066516578,7.70575360235954,116.92124255829373,117.17489321503832,117.17489321503832,31.0,1.0,0.1,7.70575360235954,2.8980530077669187,8.232700031952088,7.70575360235954,2.8980530077669187,8.232700031952088,8.232700031952088,0.0,1.0,0.1,0.0,0.0,0.0,0.0,0.0,0.0,0.0,0.0,1.0,38.6,5.811950896942761,15.832347130561857,16.865408055872354,85.81195089694276,415.83234713056186,424.594196659412,327.09587903623293,385.0,1.0,1.8,-8.731863305032036,12.392123475896426,15.159490790248475,71.26813669496796,92.39212347589643,116.685268086241,8.232700031952088,17.0
14_LTAN06_800km_1213COLD_MY_STTLCT_PCDU_HEAT_MY_0p5,5747.5,22.020957235985367,327.89205555000973,328.6306781942303,117.90654647848673,20.00260164833719,119.59121111179371,139.9275037144721,347.8946571983469,374.980531231848,1.0,24.200000000000003,22.020957235985367,7.892055550009729,23.392458152009926,22.020957235985367,327.89205555000973,328.6306781942303,328.6306781942303,241.0,1.0,3.2,7.47714303401057,-1.524978554128893,7.631069881845261,7.47714303401057,118.4750214458711,118.71073403256621,118.71073403256621,31.0,1.0,0.1,7.47714303401057,2.9580505325922672,8.041003103122284,7.47714303401057,2.9580505325922672,8.041003103122284,8.041003103122284,0.0,1.0,0.1,0.0,0.0,0.0,0.0,0.0,0.0,0.0,0.0,1.0,31.400000000000002,19.927503714472095,-12.10534280165308,23.31619026847725,139.9275037144721,347.8946571983469,374.980531231848,328.6306781942303,313.0,1.0,4.4,5.383689512497298,22.960652180929458,23.583376801056165,125.3836895124973,22.960652180929458,127.46866730432207,8.041003103122284,43.0
14_LTAN06_800km_1213COLD_MY_STTLCT_PCDU_HEAT_MY_0p5,5808.0,21.73438506616376,329.4647337587504,330.18085087558995,77.2389182472439,113.47510296333091,137.2678020678665,98.97330331340765,442.93983672208134,453.8627697048436,1.0,24.200000000000003,21.73438506616376,9.464733758750413,23.7057942142488,21.73438506616376,329.4647337587504,330.18085087558995,330.18085087558995,241.0,1.0,3.2,7.190570864188963,0.047699654611790265,7.190729073603962,7.190570864188963,120.04769965461179,120.2628558687877,120.2628558687877,31.0,1.0,0.1,7.190570864188963,3.021137641223106,7.7994603659572705,7.190570864188963,3.021137641223106,7.7994603659572705,7.7994603659572705,0.0,1.0,0.1,0.0,0.0,0.0,0.0,0.0,0.0,0.0,0.0,1.0,46.800000000000004,18.973303313407655,2.9398367220813384,19.199710377374547,98.97330331340765,442.93983672208134,453.8627697048436,330.18085087558995,467.0,1.0,3.6,4.429489111432858,-3.503759395445968,5.647716679285368,84.42948911143286,116.49624060455403,143.8739472823753,7.7994603659572705,35.0
14_LTAN06_800km_1213COLD_MY_STTLCT_PCDU_HEAT_MY_0p5,5868.5,21.392309329535017,331.05509438533454,331.7455446828688,-4.685500313742349,-123.07043031477093,123.15959049563688,16.70680901579267,207.9846640705636,208.6545900670181,1.0,24.200000000000003,21.392309329535017,11.055094385334542,24.079991908619203,21.392309329535017,331.05509438533454,331.7455446828688,331.7455446828688,241.0,1.0,3.2,6.84849512756022,1.6380602811959193,7.0416707532408624,6.84849512756022,121.63806028119592,121.83070054171102,121.83070054171102,31.0,1.0,0.1,6.84849512756022,3.085094094873284,7.51130422006978,6.84849512756022,3.085094094873284,7.51130422006978,7.51130422006978,0.0,1.0,0.1,0.0,0.0,0.0,0.0,0.0,0.0,0.0,0.0,1.0,9.200000000000001,16.70680901579267,7.9846640705636105,18.51681203150047,16.70680901579267,207.9846640705636,208.6545900670181,331.7455446828688,91.0,1.0,3.3000000000000003,2.162994813817871,0.01466378010235303,2.1630445189708642,2.162994813817871,-119.98533621989765,120.00483096261786,7.51130422006978,32.0
14_LTAN06_800km_1213COLD_MY_STTLCT_PCDU_HEAT_MY_0p5,5929.0,20.998911475919115,332.65559225938506,333.3177123175661,114.52602487900813,96.49312807420894,149.7569168356937,135.52493635492726,429.148720333594,450.0395899673365,1.0,24.200000000000003,20.998911475919115,12.65559225938506,24.517713976007116,20.998911475919115,332.65559225938506,333.3177123175661,333.3177123175661,241.0,1.0,3.2,6.455097273944318,3.2385581552464373,7.221948472607416,6.455097273944318,123.23855815524644,123.40749773413341,123.40749773413341,31.0,1.0,0.1,6.455097273944318,3.152798834702594,7.183900146033865,6.455097273944318,3.152798834702594,7.183900146033865,7.183900146033865,0.0,1.0,0.1,0.0,0.0,0.0,0.0,0.0,0.0,0.0,0.0,1.0,47.0,15.524936354927263,-10.851279666406015,18.94132833840063,135.52493635492726,429.148720333594,450.0395899673365,333.3177123175661,469.0,1.0,3.8000000000000003,0.9811221529524659,-20.35407309108848,20.37770576086489,120.98112215295247,99.64592690891152,156.7346249777749,7.183900146033865,37.0
14_LTAN06_800km_1213COLD_MY_STTLCT_PCDU_HEAT_MY_0p5,5989.5,20.560972903006128,334.2485940919585,334.880390974403,152.40205445599844,-7.392350724346592,152.58123427093145,172.96302735900457,326.8562433676119,369.79888136875064,1.0,24.400000000000002,-19.439027096993872,14.248594091958523,24.101829973573732,20.560972903006128,334.2485940919585,334.880390974403,334.880390974403,243.0,1.0,3.2,6.017158701031331,4.831559987819901,7.716875711665914,6.017158701031331,124.8315599878199,124.97649606156381,124.97649606156381,31.0,1.0,0.1,6.017158701031331,3.2240093920014488,6.826451156575472,6.017158701031331,3.2240093920014488,6.826451156575472,6.826451156575472,0.0,1.0,0.1,0.0,0.0,0.0,0.0,0.0,0.0,0.0,0.0,1.0,25.0,12.96302735900457,6.85624336761191,14.664520156698728,172.96302735900457,326.8562433676119,369.79888136875064,334.880390974403,249.0,1.0,7.4,-1.5807868429702125,-4.168341332345165,4.458021591002537,158.4192131570298,-4.168341332345165,158.47404256456443,6.826451156575472,73.0
14_LTAN06_800km_1213COLD_MY_STTLCT_PCDU_HEAT_MY_0p5,6050.0,20.080208695996085,335.8338688729123,336.4336520971456,127.64592637749405,-12.617930088403885,128.2680579118764,147.72613507349013,323.2159387845084,355.37522995856386,0.0,nan,nan,nan,nan,20.080208695996085,335.8338688729123,336.4336520971456,336.4336520971456,nan,1.0,3.2,5.5363944940212875,6.416834768773697,8.475106633144636,5.5363944940212875,126.4168347687737,126.53800921837224,126.53800921837224,31.0,1.0,0.1,5.5363944940212875,3.3041894773703575,6.447428331962614,5.5363944940212875,3.3041894773703575,6.447428331962614,6.447428331962614,0.0,1.0,0.1,0.0,0.0,0.0,0.0,0.0,0.0,0.0,0.0,1.0,25.0,-12.273864926509873,3.2159387845084098,12.688184365775689,147.72613507349013,323.2159387845084,355.37522995856386,336.4336520971456,249.0,1.0,4.4,13.182320871515344,-9.313740611033552,16.14061175201252,133.18232087151534,-9.313740611033552,133.5075891359472,6.447428331962614,43.0
14_LTAN06_800km_1213COLD_MY_STTLCT_PCDU_HEAT_MY_0p5,6110.5,19.571817713423098,337.4042934404329,337.97146814582624,111.56444032005712,-6.925651609235649,111.77919750177175,131.1362580334802,330.47864183119725,355.5458491919379,0.0,nan,nan,nan,nan,19.571817713423098,337.4042934404329,337.97146814582624,337.97146814582624,nan,1.0,3.2,5.028003511448301,7.987259336294301,9.438068182438444,5.028003511448301,127.9872593362943,128.08598429073726,128.08598429073726,31.0,1.0,0.1,5.028003511448301,3.3784272834549256,6.05760598097376,5.028003511448301,3.3784272834549256,6.05760598097376,6.05760598097376,0.0,1.0,0.1,0.0,0.0,0.0,0.0,0.0,0.0,0.0,0.0,1.0,24.8,11.136258033480203,10.478641831197251,15.291114335285354,131.1362580334802,330.47864183119725,355.5458491919379,337.97146814582624,247.0,1.0,4.4,-3.407556168494594,-3.5472243257807463,4.918764017398703,116.5924438315054,-3.5472243257807463,116.64639196743359,6.05760598097376,43.0
14_LTAN06_800km_1213COLD_MY_STTLCT_PCDU_HEAT_MY_0p5,6171.0,19.05065061128418,338.95361956470373,339.48856166994364,35.86448058239607,-23.06385471519885,42.64038416535274,54.91513119368025,315.8897648495049,320.6275333945833,0.0,nan,nan,nan,nan,19.05065061128418,338.95361956470373,339.48856166994364,339.48856166994364,nan,1.0,3.2,4.506836409309383,9.536585460565107,10.547892522534465,4.506836409309383,129.5365854605651,129.61496266713408,129.61496266713408,31.0,1.0,0.1,4.506836409309383,3.443124289302432,5.671567622083075,4.506836409309383,3.443124289302432,5.671567622083075,5.671567622083075,0.0,1.0,0.1,0.0,0.0,0.0,0.0,0.0,0.0,0.0,0.0,1.0,24.400000000000002,14.915131193680253,-4.1102351504951,15.471107637045876,54.91513119368025,315.8897648495049,320.6275333945833,339.48856166994364,243.0,1.0,0.7000000000000001,0.37131699170545573,20.379269574103603,20.382652052230934,40.371316991705456,-19.620730425896397,44.88670513738408,5.671567622083075,6.0
14_LTAN06_800km_1213COLD_MY_STTLCT_PCDU_HEAT_MY_0p5,6231.5,18.51761270319938,340.4834115743367,340.9865914336293,3.8314049452694476,28.08842480652713,28.348532095446558,22.349017648468827,368.57183638086383,369.2488011666576,0.0,nan,nan,nan,nan,18.51761270319938,340.4834115743367,340.9865914336293,340.9865914336293,nan,1.0,3.2,3.9737985012245822,11.066377470198063,11.75822201020384,3.9737985012245822,131.06637747019806,131.12660438556614,131.12660438556614,31.0,1.0,0.1,3.9737985012245822,3.5022400146788186,5.296863189544565,3.9737985012245822,3.5022400146788186,5.296863189544565,5.296863189544565,0.0,1.0,0.1,0.0,0.0,0.0,0.0,0.0,0.0,0.0,0.0,1.0,30.8,22.349017648468827,8.571836380863829,23.936477785837077,22.349017648468827,368.57183638086383,369.2488011666576,340.9865914336293,307.0,1.0,0.4,7.80520344649403,-8.409335178794038,11.473365634828571,7.80520344649403,31.590664821205962,32.54061008473784,5.296863189544565,3.0
14_LTAN06_800km_1213COLD_MY_STTLCT_PCDU_HEAT_MY_0p5,6292.0,17.987329670771405,342.01393845577394,342.48661014222864,36.59217572773722,141.79699541192386,146.44239561117115,54.57950539850863,483.8109338676978,486.8798025585778,0.0,nan,nan,nan,nan,17.987329670771405,342.01393845577394,342.48661014222864,342.48661014222864,nan,1.0,3.2,3.4435154687966083,12.596904351635317,13.05908871353933,3.4435154687966083,132.59690435163532,132.64161052407562,132.64161052407562,31.0,1.0,0.1,3.4435154687966083,3.557413409937851,4.95105937684524,3.4435154687966083,3.557413409937851,4.95105937684524,4.95105937684524,0.0,1.0,0.1,0.0,0.0,0.0,0.0,0.0,0.0,0.0,0.0,1.0,55.6,14.57950539850863,3.810933867697827,15.069346190499063,54.57950539850863,483.8109338676978,486.8798025585778,342.48661014222864,555.0,1.0,6.0,0.03569119653383268,-14.645591178138261,14.645634667663646,40.03569119653383,145.35440882186174,150.76724025310384,4.95105937684524,59.0
14_LTAN06_800km_1213COLD_MY_STTLCT_PCDU_HEAT_MY_0p5,6352.5,17.465558870778704,343.5520741658221,343.99574620961107,53.76726104974204,127.27734154913679,138.16815853374732,71.23281992052074,470.8294157149589,476.18741408852765,1.0,30.8,17.465558870778704,-16.44792583417791,23.991248631850194,17.465558870778704,343.5520741658221,343.99574620961107,343.99574620961107,307.0,1.0,3.2,2.921744668803907,14.135040061683469,14.433847354571846,2.921744668803907,134.13504006168347,134.1668571751575,134.1668571751575,31.0,1.0,0.1,2.921744668803907,3.6115136118217492,4.645387225846498,2.921744668803907,3.6115136118217492,4.645387225846498,4.645387225846498,0.0,1.0,0.1,0.0,0.0,0.0,0.0,0.0,0.0,0.0,0.0,1.0,55.800000000000004,-8.76718007947926,-9.170584285041116,12.687121922448016,71.23281992052074,470.8294157149589,476.18741408852765,343.99574620961107,557.0,1.0,3.4000000000000004,16.689005718545943,10.888855160958542,19.927119174381243,56.68900571854594,130.88885516095854,142.63777821707586,4.645387225846498,33.0
14_LTAN06_800km_1213COLD_MY_STTLCT_PCDU_HEAT_MY_0p5,6413.0,16.952421708024847,345.09695286622855,345.513084382231,21.788758604100593,97.442635048769,99.84897158586739,38.74118031212544,442.5395879149976,444.2321081641358,1.0,30.8,16.952421708024847,-14.903047133771452,22.571783616677827,16.952421708024847,345.09695286622855,345.513084382231,345.513084382231,307.0,1.0,3.2,2.40860750605005,15.679918762089926,15.86383441996103,2.40860750605005,135.67991876208993,135.7012960343619,135.7012960343619,31.0,1.0,0.1,2.40860750605005,3.6667450078765,4.387072950269676,2.40860750605005,3.6667450078765,4.387072950269676,4.387072950269676,0.0,1.0,0.1,0.0,0.0,0.0,0.0,0.0,0.0,0.0,0.0,1.0,46.6,-1.2588196878745634,2.5395879149975826,2.834454759664084,38.74118031212544,442.5395879149976,444.2321081641358,345.513084382231,465.0,1.0,3.4000000000000004,-15.80263388984936,-18.890619943354466,24.62881969768095,24.19736611015064,101.10938005664553,103.96450962760251,4.387072950269676,33.0
14_LTAN06_800km_1213COLD_MY_STTLCT_PCDU_HEAT_MY_0p5,6473.5,16.450921979451664,346.66443068744906,347.05454951322446,70.33166346788981,-19.56133366563307,73.0012921867739,86.78258544734148,327.103097021816,338.419345218604,1.0,30.8,16.450921979451664,-13.335569312550945,21.17711601856722,16.450921979451664,346.66443068744906,347.05454951322446,347.05454951322446,307.0,1.0,3.2,1.9071077774768668,17.247396583310433,17.352514197570944,1.9071077774768668,137.24739658331043,137.26064595859737,137.26064595859737,31.0,1.0,0.1,1.9071077774768668,3.7304168556138393,4.189638408211453,1.9071077774768668,3.7304168556138393,4.189638408211453,4.189638408211453,0.0,1.0,0.1,0.0,0.0,0.0,0.0,0.0,0.0,0.0,0.0,1.0,24.6,6.782585447341475,7.103097021815984,9.821275510432413,86.78258544734148,327.103097021816,338.419345218604,347.05454951322446,245.0,1.0,2.2,-7.761228754633322,-15.830916810019232,17.631069134556096,72.23877124536668,-15.830916810019232,73.95307970656911,4.189638408211453,21.0
14_LTAN06_800km_1213COLD_MY_STTLCT_PCDU_HEAT_MY_0p5,6534.0,15.96115792180159,348.2539110001879,348.61948466649346,67.52624108013708,51.94346999875981,85.19341118845314,83.48739900193867,400.19738099894766,408.8130251722978,1.0,30.8,15.96115792180159,-11.746088999812116,19.817395615877402,15.96115792180159,348.2539110001879,348.61948466649346,348.61948466649346,307.0,1.0,3.2,1.4173437198267926,18.83687689604926,18.890124256262766,1.4173437198267926,138.83687689604926,138.84411132442335,138.84411132442335,31.0,1.0,0.1,1.4173437198267926,3.801784857286293,4.0573921823289165,1.4173437198267926,3.801784857286293,4.0573921823289165,4.0573921823289165,0.0,1.0,0.1,0.0,0.0,0.0,0.0,0.0,0.0,0.0,0.0,1.0,38.6,3.4873990019386696,0.19738099894766492,3.492980254377114,83.48739900193867,400.19738099894766,408.8130251722978,348.61948466649346,385.0,1.0,2.4000000000000004,-11.056415200036128,15.745254856046074,19.23947420168837,68.94358479996387,55.745254856046074,88.66087820473773,4.0573921823289165,23.0
14_LTAN06_800km_1213COLD_MY_STTLCT_PCDU_HEAT_MY_0p5,6594.5,15.483611127877753,349.86414233872006,350.2065966082985,80.84333415137668,44.21261143935753,92.14336485606957,96.32694527925443,394.0767537780776,405.6788979662365,1.0,30.8,15.483611127877753,-10.135857661279942,18.506156383459725,15.483611127877753,349.86414233872006,350.2065966082985,350.2065966082985,307.0,1.0,3.2,0.9397969259029555,20.447108234581435,20.468694472746048,0.9397969259029555,140.44710823458144,140.45025250855966,140.45025250855966,31.0,1.0,0.1,0.9397969259029555,3.879850345635816,3.99204921894345,0.9397969259029555,3.879850345635816,3.99204921894345,3.99204921894345,0.0,1.0,0.1,0.0,0.0,0.0,0.0,0.0,0.0,0.0,0.0,1.0,38.6,16.32694527925443,-5.923246221922398,17.368188965959764,96.32694527925443,394.0767537780776,405.6788979662365,350.2065966082985,385.0,1.0,2.4000000000000004,1.7831310772796343,8.092461784993361,8.286585194176089,81.78313107727963,48.09246178499336,94.87552587124115,3.99204921894345,23.0
14_LTAN06_800km_1213COLD_MY_STTLCT_PCDU_HEAT_MY_0p5,6655.0,15.021209737822126,351.4945280722027,351.81534930512646,25.724030148612254,99.52393364487794,102.79464526538715,40.745239886434376,451.01846171708064,452.8551947179637,1.0,30.8,15.021209737822126,-8.505471927797316,17.26209126097387,15.021209737822126,351.4945280722027,351.81534930512646,351.81534930512646,307.0,1.0,3.2,0.47739553584732874,22.07749396806406,22.082654876793054,0.47739553584732874,142.07749396806406,142.07829601576353,142.07829601576353,31.0,1.0,0.1,0.47739553584732874,3.9553394747343305,3.984045288151053,0.47739553584732874,3.9553394747343305,3.984045288151053,3.984045288151053,0.0,1.0,0.1,0.0,0.0,0.0,0.0,0.0,0.0,0.0,0.0,1.0,46.6,0.7452398864343763,11.01846171708064,11.043635320812815,40.745239886434376,451.01846171708064,452.8551947179637,351.81534930512646,465.0,1.0,3.4000000000000004,-13.79857431554042,-16.520726880387713,21.52521939023751,26.20142568445958,103.47927311961229,106.74490467119061,3.984045288151053,33.0
14_LTAN06_800km_1213COLD_MY_STTLCT_PCDU_HEAT_MY_0p5,6715.5,14.57280505412577,353.1447444212577,353.4452958514245,168.57364972620894,16.043094371849975,169.33533671103226,183.14645478033472,369.1878387931077,412.11925969472827,1.0,30.8,14.57280505412577,-6.8552555787422875,16.10469422856053,14.57280505412577,353.1447444212577,353.4452958514245,353.4452958514245,307.0,1.0,3.2,0.0289908521509723,23.72771031711909,23.727728027829134,0.0289908521509723,143.7277103171191,143.72771324094464,143.72771324094464,31.0,1.0,0.1,0.0289908521509723,4.028024119106476,4.028128445520567,0.0289908521509723,4.028024119106476,4.028128445520567,4.028128445520567,0.0,1.0,0.1,0.0,0.0,0.0,0.0,0.0,0.0,0.0,0.0,1.0,31.6,23.14645478033472,9.187838793107687,24.903308024963565,183.14645478033472,369.1878387931077,412.11925969472827,353.4452958514245,315.0,1.0,7.4,8.60264057835991,20.07111849095645,21.83701496080585,168.6026405783599,20.07111849095645,169.79311001178354,4.028128445520567,73.0
14_LTAN06_800km_1213COLD_MY_STTLCT_PCDU_HEAT_MY_0p5,6776.0,14.136235648324757,354.81201742866193,355.0935100365847,178.4465065702044,12.106512813496558,178.85671181035772,192.58274221852918,366.9185302421585,414.3878864487646,1.0,30.8,14.136235648324757,-5.187982571338068,15.058164611448342,14.136235648324757,354.81201742866193,355.0935100365847,355.0935100365847,307.0,1.0,5.800000000000001,-0.4075785536500405,-14.60501667547669,14.610702665113259,-0.4075785536500405,145.3949833245233,145.3955545957847,145.3955545957847,57.0,1.0,0.1,-0.4075785536500405,4.100123938340232,4.120332096706051,-0.4075785536500405,4.100123938340232,4.120332096706051,4.120332096706051,0.0,1.0,0.1,0.0,0.0,0.0,0.0,0.0,0.0,0.0,0.0,1.0,31.8,-7.417257781470823,6.918530242158511,10.143065301399345,192.58274221852918,366.9185302421585,414.3878864487646,355.0935100365847,317.0,1.0,7.4,18.038928016554394,16.20663675183681,24.249907191418664,178.0389280165544,16.20663675183681,178.77504010372877,4.120332096706051,73.0
14_LTAN06_800km_1213COLD_MY_STTLCT_PCDU_HEAT_MY_0p5,6836.5,13.709107705373706,356.49204882460646,356.75554727185835,49.605386908577856,3.1695251854745976,49.70654182550889,63.31449461395156,359.66157401008104,365.19196739198566,1.0,30.8,13.709107705373706,-3.5079511753935435,14.150807592730589,13.709107705373706,356.49204882460646,356.75554727185835,356.75554727185835,307.0,1.0,5.800000000000001,-0.8347064966010915,-12.924985279532166,12.951910261100146,-0.8347064966010915,147.07501472046783,147.07738333938804,147.07738333938804,57.0,1.0,0.1,-0.8347064966010915,4.1650834859742645,4.247900114245108,-0.8347064966010915,4.1650834859742645,4.247900114245108,4.247900114245108,0.0,1.0,0.1,0.0,0.0,0.0,0.0,0.0,0.0,0.0,0.0,1.0,31.0,23.31449461395156,-0.3384259899189601,23.316950728056806,63.31449461395156,359.66157401008104,365.19196739198566,356.75554727185835,309.0,1.0,0.8,8.770680411976763,7.334608671448848,11.43334243571518,48.77068041197676,7.334608671448848,49.319121567709075,4.247900114245108,7.0
14_LTAN06_800km_1213COLD_MY_STTLCT_PCDU_HEAT_MY_0p5,6897.0,13.291522167791005,358.1837108359276,358.43023766101584,113.75787678066828,50.448981905945075,124.44257432644217,127.04939894845928,408.6326927418727,427.927829605225,1.0,30.8,13.291522167791005,-1.8162891640723728,13.415046323602702,13.291522167791005,358.1837108359276,358.43023766101584,358.43023766101584,307.0,1.0,5.800000000000001,-1.2522920341837924,-11.233323268210995,11.302910553791476,-1.2522920341837924,148.766676731789,148.77194742678975,148.77194742678975,57.0,1.0,0.1,-1.2522920341837924,4.224648108675467,4.40634621665336,-1.2522920341837924,4.224648108675467,4.40634621665336,4.40634621665336,0.0,1.0,0.1,0.0,0.0,0.0,0.0,0.0,0.0,0.0,0.0,1.0,38.800000000000004,7.0493989484592845,8.632692741872688,11.145286425665347,127.04939894845928,408.6326927418727,427.927829605225,358.43023766101584,387.0,1.0,4.6000000000000005,-7.494415253515513,14.673630014620528,16.476701059317016,112.50558474648449,54.67363001462053,125.08681952197848,4.40634621665336,45.0
14_LTAN06_800km_1213COLD_MY_STTLCT_PCDU_HEAT_MY_0p5,6957.5,12.88545812557492,359.87637510588945,360.10698464548113,41.91481458688771,43.48024357919254,60.39356972028636,54.80027271246263,403.35661868508197,407.0621963857893,1.0,30.8,12.88545812557492,-0.12362489411054867,12.886051149222888,12.88545812557492,359.87637510588945,360.10698464548113,360.10698464548113,307.0,1.0,5.800000000000001,-1.658356076399878,-9.540658998249171,9.683714111693162,-1.658356076399878,150.45934100175083,150.46847988717528,150.46847988717528,57.0,1.0,0.1,-1.658356076399878,4.278736021554266,4.588869884653348,-1.658356076399878,4.278736021554266,4.588869884653348,4.588869884653348,0.0,1.0,0.1,0.0,0.0,0.0,0.0,0.0,0.0,0.0,0.0,1.0,38.400000000000006,14.800272712462629,3.356618685081969,15.176131304133715,54.80027271246263,403.35661868508197,407.0621963857893,360.10698464548113,383.0,1.0,0.6000000000000001,0.25645851048783186,7.758979600746784,7.763216821164172,40.25645851048783,47.758979600746784,62.46200912803858,4.588869884653348,5.0
14_LTAN06_800km_1213COLD_MY_STTLCT_PCDU_HEAT_MY_0p5,7018.0,12.491741424900164,361.5633513904893,361.7790771624984,-30.622753753428107,-39.46649603116608,49.95355199003514,-18.131012328527945,322.09685535932323,322.6067541766942,1.0,30.8,12.491741424900164,1.563351390489288,12.589188671106315,12.491741424900164,361.5633513904893,361.7790771624984,361.7790771624984,307.0,1.0,5.800000000000001,-2.052072777074633,-7.853682713649334,8.117347771845504,-2.052072777074633,152.14631728635067,152.1601553182741,152.1601553182741,57.0,1.0,0.1,-2.052072777074633,4.3298492399162,4.791513030642168,-2.052072777074633,4.3298492399162,4.791513030642168,4.791513030642168,0.0,1.0,0.1,0.0,0.0,0.0,0.0,0.0,0.0,0.0,0.0,1.0,24.0,21.868987671472055,2.0968553593232286,21.969283651792548,-18.131012328527945,322.09685535932323,322.6067541766942,361.7790771624984,239.0,1.0,0.30000000000000004,7.325173469497258,4.863353208750141,8.792631619218833,-32.67482653050274,-35.13664679124986,47.9815405810557,4.791513030642168,2.0
14_LTAN06_800km_1213COLD_MY_STTLCT_PCDU_HEAT_MY_0p5,7078.5,12.109745418311489,363.2443832127508,363.44618290705444,47.70554161054853,46.16299372804967,66.3840394243355,59.81528702886002,409.4073769408005,413.7538747321789,1.0,30.8,12.109745418311489,3.2443832127507903,12.536824020759614,12.109745418311489,363.2443832127508,363.44618290705444,363.44618290705444,307.0,1.0,5.800000000000001,-2.4340687836633084,-6.172650891387832,6.635232465449509,-2.4340687836633084,153.82734910861217,153.8466055024499,153.8466055024499,57.0,1.0,0.1,-2.4340687836633084,4.38035867397906,5.011210727589469,-2.4340687836633084,4.38035867397906,5.011210727589469,5.011210727589469,0.0,1.0,0.1,0.0,0.0,0.0,0.0,0.0,0.0,0.0,0.0,1.0,38.400000000000006,19.81528702886002,9.407376940800475,21.935002642863132,59.81528702886002,409.4073769408005,413.7538747321789,363.44618290705444,383.0,1.0,0.6000000000000001,5.271472826885223,10.543352402028745,11.787735390563983,45.27147282688522,50.543352402028745,67.85378931165947,5.011210727589469,5.0
14_LTAN06_800km_1213COLD_MY_STTLCT_PCDU_HEAT_MY_0p5,7139.0,12.928910558680888,321.66574962777804,321.9254746239178,53.88393109364514,75.22343298994471,92.53130767960323,66.81284165232603,396.8891826177228,402.47357564021877,1.0,24.200000000000003,12.928910558680888,1.665749627778041,13.03577577502823,12.928910558680888,321.66574962777804,321.9254746239178,321.9254746239178,241.0,1.0,3.2,-1.6149036432939088,-7.751284476360581,7.917722198371983,-1.6149036432939088,112.24871552363942,112.26033159796052,112.26033159796052,31.0,1.0,0.1,-1.6149036432939088,4.679540582828224,4.950354920958724,-1.6149036432939088,4.679540582828224,4.950354920958724,4.950354920958724,0.0,1.0,0.1,0.0,0.0,0.0,0.0,0.0,0.0,0.0,0.0,1.0,38.6,-13.187158347673972,-3.1108173822772187,13.549108091402378,66.81284165232603,396.8891826177228,402.47357564021877,321.9254746239178,385.0,1.0,1.6,12.269027450351231,-0.09702642722703558,12.269411098543095,52.26902745035123,79.90297357277296,95.48055517421767,4.950354920958724,15.0
14_LTAN06_800km_1213COLD_MY_STTLCT_PCDU_HEAT_MY_0p5,7199.5,13.674446023025393,282.1220317242752,282.4532372947238,19.327553189795108,-7.898676002270616,20.879257527345285,33.0019992128205,274.22335572200456,276.2020651180582,1.0,18.400000000000002,13.674446023025393,2.122031724275189,13.838117381908036,13.674446023025393,282.1220317242752,282.4532372947238,282.4532372947238,183.0,1.0,1.4000000000000001,-0.8693681789494043,-7.295002379863433,7.34662240439666,-0.8693681789494043,72.70499762013657,72.71019515841388,72.71019515841388,13.0,1.0,0.1,-0.8693681789494043,6.7222591924268045,6.778242374003491,-0.8693681789494043,6.7222591924268045,6.778242374003491,6.778242374003491,0.0,1.0,0.1,0.0,0.0,0.0,0.0,0.0,0.0,0.0,0.0,1.0,18.6,-6.9980007871795,-5.7766442779954446,9.074229120529324,33.0019992128205,274.22335572200456,276.2020651180582,282.4532372947238,185.0,1.0,0.1,18.458185010845703,-1.176416809843829,18.495635982714738,18.458185010845703,-1.176416809843829,18.495635982714738,6.778242374003491,0.0
14_LTAN06_800km_1213COLD_MY_STTLCT_PCDU_HEAT_MY_0p5,7260.0,14.347581346182476,244.59151179035635,245.0119603822992,116.38975571981968,133.26327052745842,176.9340965110848,130.73733706600214,377.85478231781474,399.8330749494752,1.0,13.4,14.347581346182476,4.59151179035635,15.064364274880793,14.347581346182476,244.59151179035635,245.0119603822992,245.0119603822992,133.0,1.0,0.4,-0.19623285579232075,-4.8255223137822725,4.829510630954551,-0.19623285579232075,35.17447768621773,35.17502505801412,35.17502505801412,3.0,1.0,0.1,-0.19623285579232075,8.342406104770305,8.344713712920369,-0.19623285579232075,8.342406104770305,8.344713712920369,8.344713712920369,0.0,1.0,0.1,0.0,0.0,0.0,0.0,0.0,0.0,0.0,0.0,1.0,31.400000000000002,10.73733706600214,17.85478231781474,20.834674436753104,130.73733706600214,377.85478231781474,399.8330749494752,245.0119603822992,313.0,1.0,3.8000000000000003,-3.8064771359726564,21.605676632228693,21.938425898936224,116.19352286402734,141.6056766322287,183.17505946504988,8.344713712920369,37.0
14_LTAN06_800km_1213COLD_MY_STTLCT_PCDU_HEAT_MY_0p5,7320.5,14.953386096609137,208.9962735062446,209.53053738119237,150.1119048349386,45.22559444996199,156.776715001068,165.06529093154774,254.22186795620658,303.1094000809929,1.0,9.200000000000001,14.953386096609137,8.996273506244592,17.45097970755286,14.953386096609137,208.9962735062446,209.53053738119237,209.53053738119237,91.0,1.0,0.1,0.40957189463433963,-0.42076059789403075,0.587187038016427,0.40957189463433963,-0.42076059789403075,0.587187038016427,0.587187038016427,0.0,1.0,0.1,0.40957189463433963,9.559790400069062,9.568560060433699,0.40957189463433963,9.559790400069062,9.568560060433699,9.568560060433699,0.0,1.0,0.1,0.0,0.0,0.0,0.0,0.0,0.0,0.0,0.0,1.0,14.200000000000001,5.065290931547736,14.22186795620658,15.09697653124609,165.06529093154774,254.22186795620658,303.1094000809929,209.53053738119237,141.0,1.0,7.6000000000000005,-9.478523270427047,14.78538485003105,17.56274490367479,150.52147672957295,54.78538485003105,160.18162613114333,9.568560060433699,75.0
14_LTAN06_800km_1213COLD_MY_STTLCT_PCDU_HEAT_MY_0p5,7381.0,15.494540409179075,175.2729288038911,175.95647289595675,89.6810219552407,208.26094294302524,226.74943451848867,105.17556236441978,383.53387174691636,397.6935122627122,1.0,5.800000000000001,15.494540409179075,15.27292880389109,21.756450462803198,15.494540409179075,175.2729288038911,175.95647289595675,175.95647289595675,57.0,1.0,0.5,0.9507262072042781,5.855894699752469,5.93256968401165,0.9507262072042781,-34.14410530024753,34.157338992893706,34.157338992893706,4.0,1.0,0.1,0.9507262072042781,10.422819911038886,10.466090732408814,0.9507262072042781,10.422819911038886,10.466090732408814,10.466090732408814,0.0,1.0,0.1,0.0,0.0,0.0,0.0,0.0,0.0,0.0,0.0,1.0,38.800000000000004,-14.824437635580225,-16.46612825308364,22.15620298828765,105.17556236441978,383.53387174691636,397.6935122627122,175.95647289595675,387.0,1.0,9.600000000000001,10.631748162444978,18.683762854064156,21.49690822831413,90.63174816244498,218.68376285406416,236.72072556283157,10.466090732408814,95.0
14_LTAN06_800km_1213COLD_MY_STTLCT_PCDU_HEAT_MY_0p5,7441.5,15.975335970249036,143.3409833662417,144.22846068568958,79.85497903238426,78.8131538211844,112.19773122262411,95.8303150026333,222.1541371874261,241.9419557311085,1.0,5.800000000000001,15.975335970249036,-16.659016633758313,23.08103538765471,15.975335970249036,143.3409833662417,144.22846068568958,144.22846068568958,57.0,1.0,1.5,1.431521768274239,13.923949262103065,13.99734323458075,1.431521768274239,-66.07605073789694,66.09155570638487,66.09155570638487,14.0,1.0,0.1,1.431521768274239,10.945823832781258,11.039035915845423,1.431521768274239,10.945823832781258,11.039035915845423,11.039035915845423,0.0,1.0,0.1,0.0,0.0,0.0,0.0,0.0,0.0,0.0,0.0,1.0,13.8,15.830315002633299,-17.8458628125739,23.855265511157175,95.8303150026333,222.1541371874261,241.9419557311085,144.22846068568958,137.0,1.0,1.8,1.2865008006585015,9.758977653965673,9.843410443575758,81.2865008006585,89.75897765396567,121.09570298693741,11.039035915845423,17.0
14_LTAN06_800km_1213COLD_MY_STTLCT_PCDU_HEAT_MY_0p5,7502.0,16.40169509495815,113.104043030236,114.287095298522,69.51628740322346,-23.144709877684548,73.26794530795682,85.9179824981816,89.95933315255145,124.39687028944732,1.0,3.2,16.40169509495815,-6.895956969764001,17.792409182480345,16.40169509495815,113.104043030236,114.287095298522,114.287095298522,31.0,1.0,1.5,1.8578808929833528,-16.312991073902623,16.418446917712384,1.8578808929833528,-96.31299107390262,96.33090870024097,96.33090870024097,14.0,1.0,0.1,1.8578808929833528,11.164424064379162,11.317954148246102,1.8578808929833528,11.164424064379162,11.317954148246102,11.317954148246102,0.0,1.0,0.1,0.0,0.0,0.0,0.0,0.0,0.0,0.0,0.0,1.0,1.8,5.917982498181601,9.959333152551451,11.584939952036617,85.9179824981816,89.95933315255145,124.39687028944732,114.287095298522,17.0,1.0,2.2,-8.625831703793196,-11.980285813305386,14.7625275867871,71.3741682962068,-11.980285813305386,72.37264088136993,11.317954148246102,21.0
14_LTAN06_800km_1213COLD_MY_STTLCT_PCDU_HEAT_MY_0p5,7562.5,16.777393260505647,84.48225159634765,86.13205999746114,163.95678666530603,22.779873426338686,165.5317206064526,180.73417992581167,107.26212502268633,210.16661784840633,1.0,1.4000000000000001,16.777393260505647,4.482251596347652,17.365814233447892,16.777393260505647,84.48225159634765,86.13205999746114,86.13205999746114,13.0,1.0,3.3000000000000003,2.23357905853085,-4.93478250779097,5.416729069273014,2.23357905853085,-124.93478250779097,124.95474683132186,124.95474683132186,32.0,1.0,0.1,2.23357905853085,11.119477549332913,11.341589676091543,2.23357905853085,11.119477549332913,11.341589676091543,11.341589676091543,0.0,1.0,0.1,0.0,0.0,0.0,0.0,0.0,0.0,0.0,0.0,1.0,8.0,20.734179925811674,-12.737874977313666,24.334331224293088,180.73417992581167,107.26212502268633,210.16661784840633,86.13205999746114,79.0,1.0,7.6000000000000005,6.190365723836862,-6.100649024328405,8.691291406511084,166.19036572383686,33.899350975671595,169.61251031688204,11.341589676091543,75.0
14_LTAN06_800km_1213COLD_MY_STTLCT_PCDU_HEAT_MY_0p5,7623.0,17.10675947725421,57.37993967611144,59.875693708272095,75.87395693006573,21.20019642682117,78.78010960109964,92.98071640731995,78.58013610293261,121.73845494983856,1.0,0.4,17.10675947725421,17.37993967611144,24.386543891209747,17.10675947725421,57.37993967611144,59.875693708272095,59.875693708272095,3.0,1.0,5.9,2.5629452752794144,7.9629055719728115,8.365198959512721,2.5629452752794144,-152.0370944280272,152.0586951496064,152.0586951496064,58.0,1.0,0.1,2.5629452752794144,10.85563549653483,11.154080442497449,2.5629452752794144,10.85563549653483,11.154080442497449,11.154080442497449,0.0,1.0,0.1,0.0,0.0,0.0,0.0,0.0,0.0,0.0,0.0,1.0,1.8,12.980716407319946,-1.419863897067387,13.058139681189685,92.98071640731995,78.58013610293261,121.73845494983856,59.875693708272095,17.0,1.0,2.4000000000000004,-1.5630977946548512,-7.944168076643997,8.09648572811837,78.43690220534515,32.055831923356,84.73443212690653,11.154080442497449,23.0
14_LTAN06_800km_1213COLD_MY_STTLCT_PCDU_HEAT_MY_0p5,7683.5,17.394318577975298,31.70395916271176,36.16218114803077,48.18861023050794,76.53018855809123,90.4378898287925,65.58292880848325,108.23414772080298,126.55335350731399,1.0,0.4,17.394318577975298,-8.296040837288238,19.271393628018984,17.394318577975298,31.70395916271176,36.16218114803077,36.16218114803077,3.0,1.0,5.9,2.850504376000501,-17.713074941426868,17.940969847759135,2.850504376000501,-177.71307494142687,177.7359344092657,177.7359344092657,58.0,1.0,0.1,2.850504376000501,10.428525686910987,10.81108334997748,2.850504376000501,10.428525686910987,10.81108334997748,10.81108334997748,0.0,1.0,0.1,0.0,0.0,0.0,0.0,0.0,0.0,0.0,0.0,1.0,3.6,-14.417071191516754,-11.76585227919702,18.608794200515735,65.58292880848325,108.23414772080298,126.55335350731399,36.16218114803077,35.0,1.0,1.6,11.039114606508448,6.958714245002199,13.049358422513526,51.03911460650845,86.9587142450022,100.83059656156088,10.81108334997748,15.0
14_LTAN06_800km_1213COLD_MY_STTLCT_PCDU_HEAT_MY_0p5,7744.0,17.644185881983883,7.380553344455277,19.12563366553771,82.6435120436627,7.606065909360407,82.99278475583618,100.28769792564658,14.986619253815682,101.40128752577344,1.0,0.1,17.644185881983883,7.380553344455277,19.12563366553771,17.644185881983883,7.380553344455277,19.12563366553771,19.12563366553771,0.0,1.0,9.3,3.1003716800090864,-2.036480759683343,3.709387879254852,3.1003716800090864,-202.03648075968334,202.06026789626927,202.06026789626927,92.0,1.0,0.1,3.1003716800090864,9.8559668967433,10.332104723816059,3.1003716800090864,9.8559668967433,10.332104723816059,10.332104723816059,0.0,1.0,0.1,0.0,0.0,0.0,0.0,0.0,0.0,0.0,0.0,1.0,4.4,-19.712302074353417,14.986619253815682,24.762342573540916,100.28769792564658,14.986619253815682,101.40128752577344,19.12563366553771,43.0,1.0,2.2,5.743883723671786,17.462032806103707,18.382458756991777,85.74388372367179,17.462032806103707,87.50392097351974,10.332104723816059,21.0
14_LTAN06_800km_1213COLD_MY_STTLCT_PCDU_HEAT_MY_0p5,7804.5,17.86235105939819,-15.678563678886109,23.76722416274291,32.30224115721703,55.57158021222898,64.27779796370754,50.16459221661522,39.89301653334287,64.09320619526581,1.0,0.1,17.86235105939819,-15.678563678886109,23.76722416274291,17.86235105939819,-15.678563678886109,23.76722416274291,23.76722416274291,0.0,1.0,13.5,3.3185368574233927,14.904402216975257,15.269377600919249,3.3185368574233927,-225.09559778302474,225.12005869795638,225.12005869795638,134.0,1.0,0.1,3.3185368574233927,9.154086858573491,9.73704231727404,3.3185368574233927,9.154086858573491,9.73704231727404,9.73704231727404,0.0,1.0,0.1,0.0,0.0,0.0,0.0,0.0,0.0,0.0,0.0,1.0,0.6000000000000001,10.164592216615219,-0.10698346665712677,10.1651552074827,50.16459221661522,39.89301653334287,64.09320619526581,23.76722416274291,5.0,1.0,1.6,-4.379221985359578,-15.274332929197527,15.889708355694404,35.62077801464042,64.72566707080247,73.87998243183775,9.73704231727404,15.0
14_LTAN06_800km_1213COLD_MY_STTLCT_PCDU_HEAT_MY_0p5,7865.0,18.052732850357856,-37.54745944511791,41.66188754904372,53.79557866854058,40.59009516441447,67.3908013733281,71.84831151889844,3.0426357192965625,71.91270750178312,1.0,0.5,18.052732850357856,2.4525405548820913,18.218565216276804,18.052732850357856,-37.54745944511791,41.66188754904372,41.66188754904372,4.0,1.0,13.5,3.508918648383059,-6.964493549256531,7.798505015617174,3.508918648383059,-246.96449354925653,246.9894199841802,246.9894199841802,134.0,1.0,0.1,3.508918648383059,8.331013566315207,9.039817316909586,3.508918648383059,8.331013566315207,9.039817316909586,9.039817316909586,0.0,1.0,0.1,0.0,0.0,0.0,0.0,0.0,0.0,0.0,0.0,1.0,2.2,-8.151688481101559,3.0426357192965625,8.701014723195401,71.84831151889844,3.0426357192965625,71.91270750178312,41.66188754904372,21.0,1.0,0.6000000000000001,17.304497316923644,8.921108730729678,19.468739260078422,57.304497316923644,48.92110873072968,75.34640198568997,9.039817316909586,5.0
14_LTAN06_800km_1213COLD_MY_STTLCT_PCDU_HEAT_MY_0p5,7925.5,18.21806494938462,-58.29006790098223,61.07069597115392,109.63974328981996,32.66254211669303,114.40155141510262,127.85780823920459,-25.627525784289197,130.40087885270415,0.0,nan,nan,nan,nan,18.21806494938462,-58.29006790098223,61.07069597115392,61.07069597115392,nan,1.0,18.5,3.674250747409822,12.292897994879127,12.830255635307696,3.674250747409822,-267.7071020051209,267.7323151629908,267.7323151629908,184.0,1.0,0.1,3.674250747409822,7.4232358128803,8.282786275672594,3.674250747409822,7.4232358128803,8.282786275672594,8.282786275672594,0.0,1.0,0.1,0.0,0.0,0.0,0.0,0.0,0.0,0.0,0.0,1.0,4.2,7.857808239204587,14.372474215710803,16.38026756208162,127.85780823920459,-25.627525784289197,130.40087885270415,61.07069597115392,41.0,1.0,4.6000000000000005,-6.68600596277021,0.0857779295733323,6.686556182924114,113.31399403722979,40.08577792957333,120.19538608818733,8.282786275672594,45.0
14_LTAN06_800km_1213COLD_MY_STTLCT_PCDU_HEAT_MY_0p5,7986.0,18.36164135456323,-77.99030356571146,80.12263926946885,56.76383638879742,55.47566145780854,79.37053695015265,75.12547774336065,-22.514642107902915,78.42669517080986,1.0,1.5,18.36164135456323,2.009696434288543,18.471295379360882,18.36164135456323,-77.99030356571146,80.12263926946885,80.12263926946885,14.0,1.0,18.5,3.817827152588432,-7.407337669850108,8.333333997999954,3.817827152588432,-287.4073376698501,287.4326939487543,287.4326939487543,184.0,1.0,0.1,3.817827152588432,6.438018477674234,7.48491055964708,3.817827152588432,6.438018477674234,7.48491055964708,7.48491055964708,0.0,1.0,0.1,0.0,0.0,0.0,0.0,0.0,0.0,0.0,0.0,1.0,2.0,-4.874522256639352,17.485357892097085,18.152099268271815,75.12547774336065,-22.514642107902915,78.42669517080986,80.12263926946885,19.0,0.0,nan,nan,nan,nan,60.58166354138585,61.913679935482776,86.62240888243112,7.48491055964708,nan
14_LTAN06_800km_1213COLD_MY_STTLCT_PCDU_HEAT_MY_0p5,8046.5,18.48587295315636,-96.70676336275228,98.45773498785967,-0.609726010227611,56.41288798371615,56.416182930705745,17.87614694292875,-40.29387537903613,44.081209404761964,1.0,1.5,18.48587295315636,-16.706763362752284,24.91673014059509,18.48587295315636,-96.70676336275228,98.45773498785967,98.45773498785967,14.0,1.0,24.3,3.9420587511815626,13.876202533109108,14.425284189146181,3.9420587511815626,-306.1237974668909,306.14917802069596,306.14917802069596,242.0,1.0,0.1,3.9420587511815626,5.397310400817005,6.683620782220858,3.9420587511815626,5.397310400817005,6.683620782220858,6.683620782220858,0.0,1.0,0.1,0.0,0.0,0.0,0.0,0.0,0.0,0.0,0.0,1.0,0.5,17.87614694292875,-0.29387537903613037,17.878562365682104,17.87614694292875,-40.29387537903613,44.081209404761964,98.45773498785967,4.0,1.0,0.4,3.3323327409539516,21.81019838453316,22.06329973211456,3.3323327409539516,61.81019838453316,61.899960144024156,6.683620782220858,3.0
14_LTAN06_800km_1213COLD_MY_STTLCT_PCDU_HEAT_MY_0p5,8107.0,18.594059256571043,-114.50297094423702,116.00288528607236,39.449379322895396,16.962624998148186,42.941636855032534,58.04343857946644,-97.54034594608883,113.50400807641545,1.0,3.3000000000000003,18.594059256571043,5.4970290557629795,19.38959432470875,18.594059256571043,-114.50297094423702,116.00288528607236,116.00288528607236,32.0,1.0,24.3,4.050245054596246,-3.9200050483756286,5.63657028533946,4.050245054596246,-323.92000504837563,323.9453258738918,323.9453258738918,242.0,1.0,0.1,4.050245054596246,4.325994808105932,5.926104629690639,4.050245054596246,4.325994808105932,5.926104629690639,5.926104629690639,0.0,1.0,0.1,0.0,0.0,0.0,0.0,0.0,0.0,0.0,0.0,0.0,nan,nan,nan,nan,58.04343857946644,-97.54034594608883,113.50400807641545,116.00288528607236,nan,1.0,0.6000000000000001,3.4996243774916422,-18.71138019374588,19.03583776823178,43.49962437749164,21.28861980625412,48.42956384521855,5.926104629690639,5.0
14_LTAN06_800km_1213COLD_MY_STTLCT_PCDU_HEAT_MY_0p5,8167.5,17.49616399366161,-88.11464954405834,89.83488865004131,92.52500404178906,161.25257251057104,185.9119913136591,110.02116803545067,73.1379229665127,132.11288049142073,1.0,1.5,17.49616399366161,-8.114649544058338,19.286349880575827,17.49616399366161,-88.11464954405834,89.83488865004131,89.83488865004131,14.0,1.0,18.5,2.9523497916868138,-17.531683648196974,17.778534833695673,2.9523497916868138,-297.531683648197,297.54633108782105,297.54633108782105,184.0,1.0,0.1,2.9523497916868138,3.297264704841538,4.425869838378319,2.9523497916868138,3.297264704841538,4.425869838378319,4.425869838378319,0.0,1.0,0.1,0.0,0.0,0.0,0.0,0.0,0.0,0.0,0.0,1.0,4.800000000000001,-9.978831964549329,-6.862077033487296,12.110540392163564,110.02116803545067,73.1379229665127,132.11288049142073,89.83488865004131,47.0,1.0,6.2,15.477353833475874,4.549837215412595,16.132250319573018,95.47735383347587,164.5498372154126,190.24345986830016,4.425869838378319,61.0
14_LTAN06_800km_1213COLD_MY_STTLCT_PCDU_HEAT_MY_0p5,8228.0,16.466368412907705,-62.78377939436048,64.90719716448498,-7.7127764649920945,113.41280502373031,113.67476089330297,8.753591947915611,50.629025629369835,51.38018692229526,1.0,1.5,16.466368412907705,17.21622060563952,23.823088394489314,16.466368412907705,-62.78377939436048,64.90719716448498,64.90719716448498,14.0,1.0,18.5,1.9225542109329083,7.7991865015009125,8.032653657364415,1.9225542109329083,-272.2008134984991,272.2076029135458,272.2076029135458,184.0,1.0,0.1,1.9225542109329083,0.15358020922759152,1.9286787121348772,1.9225542109329083,0.15358020922759152,1.9286787121348772,1.9286787121348772,0.0,1.0,0.1,0.0,0.0,0.0,0.0,0.0,0.0,0.0,0.0,1.0,0.4,8.753591947915611,10.629025629369835,13.769588149992499,8.753591947915611,50.629025629369835,51.38018692229526,64.90719716448498,3.0,1.0,3.2,-5.790222254059186,-6.433614767042087,8.655522671803492,-5.790222254059186,113.56638523295791,113.71389769343061,1.9286787121348772,31.0
14_LTAN06_800km_1213COLD_MY_STTLCT_PCDU_HEAT_MY_0p5,8288.5,15.506389941163432,-38.58139657448277,41.58091257590344,30.227640762414513,-49.4696974084072,57.973797768827886,45.73403070357794,-88.05109398288997,99.21994112062117,1.0,0.5,15.506389941163432,1.418603425517233,15.57114525930266,15.506389941163432,-38.58139657448277,41.58091257590344,41.58091257590344,4.0,1.0,13.5,0.9625757391886349,-7.998430678621389,8.056143331296083,0.9625757391886349,-247.9984306786214,248.00029873190203,248.00029873190203,134.0,1.0,0.1,0.9625757391886349,-2.598832959154379,2.7713687598841212,0.9625757391886349,-2.598832959154379,2.7713687598841212,2.7713687598841212,0.0,1.0,0.1,0.0,0.0,0.0,0.0,0.0,0.0,0.0,0.0,1.0,1.7000000000000002,5.734030703577943,-8.051093982889967,9.884291701022466,45.73403070357794,-88.05109398288997,99.21994112062117,41.58091257590344,16.0,1.0,0.7000000000000001,-8.809783498396854,-12.068530367561578,14.941944670001343,31.190216501603146,-52.06853036756158,60.69564613754894,2.7713687598841212,6.0
14_LTAN06_800km_1213COLD_MY_STTLCT_PCDU_HEAT_MY_0p5,8349.0,14.616336046638668,-15.541538472015834,21.334870459072796,96.22463470934886,42.64539043367031,105.25117410360706,110.84097075598753,27.103851961654474,114.1067026483938,1.0,0.1,14.616336046638668,-15.541538472015834,21.334870459072796,14.616336046638668,-15.541538472015834,21.334870459072796,21.334870459072796,0.0,1.0,9.3,0.07252184466387135,-24.958572576154467,24.95867793888777,0.07252184466387135,-224.95857257615447,224.95858426590195,224.95858426590195,92.0,1.0,0.1,0.07252184466387135,-4.986394184776966,4.9869215337651935,0.07252184466387135,-4.986394184776966,4.9869215337651935,4.9869215337651935,0.0,1.0,0.1,0.0,0.0,0.0,0.0,0.0,0.0,0.0,0.0,1.0,4.6000000000000005,-9.159029244012473,-12.896148038345526,15.817662625040365,110.84097075598753,27.103851961654474,114.1067026483938,21.334870459072796,45.0,1.0,2.4000000000000004,16.29715655401273,-2.341003751106655,16.46443470966117,96.29715655401273,37.658996248893345,103.39894757134716,4.9869215337651935,23.0
14_LTAN06_800km_1213COLD_MY_STTLCT_PCDU_HEAT_MY_0p5,8409.5,13.795202938129863,6.333950452423484,15.17980739133216,45.2462357893994,41.86182770709829,61.64117513552698,59.04143872752926,48.19577815952178,76.21498881072166,1.0,0.1,13.795202938129863,6.333950452423484,15.17980739133216,13.795202938129863,6.333950452423484,15.17980739133216,15.17980739133216,0.0,1.0,9.3,-0.7486112638449338,-3.0830836517151283,3.1726682189962125,-0.7486112638449338,-203.08308365171513,203.0844634242459,203.0844634242459,92.0,1.0,0.1,-0.7486112638449338,-7.016858803573251,7.056679551576573,-0.7486112638449338,-7.016858803573251,7.056679551576573,7.056679551576573,0.0,1.0,0.1,0.0,0.0,0.0,0.0,0.0,0.0,0.0,0.0,1.0,0.6000000000000001,19.04143872752926,8.19577815952178,20.730344147031072,59.04143872752926,48.19577815952178,76.21498881072166,15.17980739133216,5.0,1.0,0.6000000000000001,4.497624525554464,-5.155031096474957,6.8412697636106135,44.497624525554464,34.84496890352504,56.517346419527286,7.056679551576573,5.0
14_LTAN06_800km_1213COLD_MY_STTLCT_PCDU_HEAT_MY_0p5,8470.0,13.0411006262239,27.05225998957913,30.0315679924822,48.88677162378528,122.82255928264298,132.19416593985716,61.92787225000918,149.8748192722221,162.16510972861795,1.0,0.4,13.0411006262239,-12.947740010420869,18.37700402461595,13.0411006262239,27.05225998957913,30.0315679924822,30.0315679924822,3.0,1.0,5.9,-1.5027135757508976,-22.36477411455948,22.415201745378422,-1.5027135757508976,-182.36477411455948,182.3709653040885,182.3709653040885,58.0,1.0,0.1,-1.5027135757508976,-8.70424908651525,8.833011958038302,-1.5027135757508976,-8.70424908651525,8.833011958038302,8.833011958038302,0.0,1.0,0.1,0.0,0.0,0.0,0.0,0.0,0.0,0.0,0.0,1.0,6.0,21.92787225000918,-10.125180727777888,24.152657538724128,61.92787225000918,149.8748192722221,162.16510972861795,30.0315679924822,59.0,1.0,3.4000000000000004,7.384058048034383,-5.881689803872263,9.440264202114063,47.38405804803438,114.11831019612774,123.56471049259625,8.833011958038302,33.0
14_LTAN06_800km_1213COLD_MY_STTLCT_PCDU_HEAT_MY_0p5,8530.5,12.351074142760076,46.6353180075353,48.24315410650409,151.44586117531816,54.63280863248453,160.99873492113971,163.79693531807823,101.26812664001983,192.5738027167086,1.0,0.4,12.351074142760076,6.635318007535297,14.020573367058807,12.351074142760076,46.6353180075353,48.24315410650409,48.24315410650409,3.0,1.0,5.9,-2.192740059214721,-2.7817160966033327,3.5420408537151373,-2.192740059214721,-162.78171609660333,162.79648400479186,162.79648400479186,58.0,1.0,0.1,-2.192740059214721,-10.080963622032911,10.316682437491032,-2.192740059214721,-10.080963622032911,10.316682437491032,10.316682437491032,0.0,1.0,0.1,0.0,0.0,0.0,0.0,0.0,0.0,0.0,0.0,1.0,7.800000000000001,3.7969353180782264,21.26812664001983,21.604396047693417,163.79693531807823,101.26812664001983,192.5738027167086,48.24315410650409,77.0,1.0,7.6000000000000005,-10.746878883896557,4.551845010451622,11.671105292315506,149.25312111610344,44.55184501045162,155.7605889072507,10.316682437491032,75.0
14_LTAN06_800km_1213COLD_MY_STTLCT_PCDU_HEAT_MY_0p5,8591.0,11.721503138056647,65.11820466306443,66.16475054253752,191.54618277735085,-50.962709942107836,198.2098331093029,203.2676859154075,14.155494720956597,203.75998176334767,1.0,1.4000000000000001,11.721503138056647,-14.881795336935568,18.943639256117315,11.721503138056647,65.11820466306443,66.16475054253752,66.16475054253752,13.0,1.0,3.3000000000000003,-2.82231106391815,-24.29882944107419,24.46218616452603,-2.82231106391815,-144.2988294410742,144.3264273021602,144.3264273021602,32.0,1.0,0.1,-2.82231106391815,-11.164951665600697,11.51614455608797,-2.82231106391815,-11.164951665600697,11.51614455608797,11.51614455608797,0.0,1.0,0.1,0.0,0.0,0.0,0.0,0.0,0.0,0.0,0.0,1.0,11.200000000000001,3.2676859154074975,14.155494720956597,14.527759704675136,203.2676859154075,14.155494720956597,203.75998176334767,66.16475054253752,111.0,1.0,10.8,-11.276128286567314,17.872338392291468,21.1322395581656,188.7238717134327,-62.12766160770853,198.68705567135,11.51614455608797,107.0
14_LTAN06_800km_1213COLD_MY_STTLCT_PCDU_HEAT_MY_0p5,8651.5,11.149679716158214,82.53498324128279,83.2846853653884,31.382035439638393,-45.25028600804282,55.067418063174124,42.531715155796604,37.28469723323997,56.56054668996924,1.0,1.4000000000000001,11.149679716158214,2.534983241282788,11.434224845020957,11.149679716158214,82.53498324128279,83.2846853653884,83.2846853653884,13.0,1.0,3.3000000000000003,-3.3941344858165827,-6.882050862855834,7.673511125081148,-3.3941344858165827,-126.88205086285583,126.92743982320034,126.92743982320034,32.0,1.0,0.1,-3.3941344858165827,-11.985382210437763,12.456706452272503,-3.3941344858165827,-11.985382210437763,12.456706452272503,12.456706452272503,0.0,1.0,0.1,0.0,0.0,0.0,0.0,0.0,0.0,0.0,0.0,1.0,0.6000000000000001,2.531715155796604,-2.7153027667600327,3.71247232249143,42.531715155796604,37.28469723323997,56.56054668996924,83.2846853653884,5.0,1.0,0.7000000000000001,-12.012099046178193,-17.235668218480583,21.008540702122474,27.987900953821807,-57.23566821848058,63.71219911615771,12.456706452272503,6.0
14_LTAN06_800km_1213COLD_MY_STTLCT_PCDU_HEAT_MY_0p5,8712.0,10.632147345125077,98.92782632490533,99.49752448447691,1.2382569806765478,-26.87078502719391,26.89930051744585,11.870404325801625,72.05704129771141,73.02823905475263,1.0,1.4000000000000001,10.632147345125077,18.927826324905325,21.70956394205626,10.632147345125077,98.92782632490533,99.49752448447691,99.49752448447691,13.0,1.0,3.3000000000000003,-3.9116668568497204,9.510792220766703,10.283788517155193,-3.9116668568497204,-110.4892077792333,110.55842877538359,110.55842877538359,32.0,1.0,0.1,-3.9116668568497204,-12.570524826854012,13.1650762254356,-3.9116668568497204,-12.570524826854012,13.1650762254356,13.1650762254356,0.0,1.0,0.1,0.0,0.0,0.0,0.0,0.0,0.0,0.0,0.0,1.0,1.4000000000000001,11.870404325801625,-7.942958702288593,14.2827550495089,11.870404325801625,72.05704129771141,73.02823905475263,99.49752448447691,13.0,1.0,0.5,-2.6734098761731726,0.5586901459520703,2.731163679680184,-2.6734098761731726,-39.44130985404793,39.531810524804435,13.1650762254356,4.0
14_LTAN06_800km_1213COLD_MY_STTLCT_PCDU_HEAT_MY_0p5,8772.5,10.165466855844546,114.34234506996502,114.79332991291884,57.11199544644363,-7.126047236153255,57.554848389049596,67.27746230228817,107.21629783381177,126.57642535252936,1.0,3.2,10.165466855844546,-5.65765493003498,11.633820340052665,10.165466855844546,114.34234506996502,114.79332991291884,114.79332991291884,31.0,1.0,1.5,-4.378347346130251,-15.074689034173602,15.697648708019926,-4.378347346130251,-95.0746890341736,95.17545072353572,95.17545072353572,14.0,1.0,0.1,-4.378347346130251,-12.943755649311129,13.664213690968081,-4.378347346130251,-12.943755649311129,13.664213690968081,13.664213690968081,0.0,1.0,0.1,0.0,0.0,0.0,0.0,0.0,0.0,0.0,0.0,1.0,3.6,-12.722537697711829,-12.783702166188235,18.035687027210923,67.27746230228817,107.21629783381177,126.57642535252936,114.79332991291884,35.0,1.0,0.7000000000000001,12.733648100313374,19.930197114535616,23.650762164608103,52.733648100313374,-20.069802885464384,56.42370627519145,13.664213690968081,6.0
14_LTAN06_800km_1213COLD_MY_STTLCT_PCDU_HEAT_MY_0p5,8833.0,9.747907384576951,128.84284439180664,129.21106860230506,101.71554680841118,-3.151192284934524,101.76434776163367,111.46345419298812,125.69165210687211,167.99551491033125,1.0,3.2,9.747907384576951,8.842844391806636,13.161215571367105,9.747907384576951,128.84284439180664,129.21106860230506,129.21106860230506,31.0,1.0,1.5,-4.795906817397846,-0.5741897123319859,4.830156936054047,-4.795906817397846,-80.57418971233199,80.71679360579202,80.71679360579202,14.0,1.0,0.1,-4.795906817397846,-13.12793148008896,13.976527005915091,-4.795906817397846,-13.12793148008896,13.976527005915091,13.976527005915091,0.0,1.0,0.1,0.0,0.0,0.0,0.0,0.0,0.0,0.0,0.0,1.0,3.8000000000000003,-8.536545807011876,5.691652106872112,10.2599960049151,111.46345419298812,125.69165210687211,167.99551491033125,129.21106860230506,37.0,1.0,2.2,16.919639991013327,-16.279123765023485,23.479439686296814,96.91963999101333,-16.279123765023485,98.2772938503324,13.976527005915091,21.0
14_LTAN06_800km_1213COLD_MY_STTLCT_PCDU_HEAT_MY_0p5,8893.5,9.376241166247029,142.47168127430157,142.7798790570079,119.6618296068608,1.7548037826673486,119.67469574298927,129.03807077310785,144.22648505696893,193.5254575003859,1.0,3.2,9.376241166247029,22.471681274301574,24.349339984924054,9.376241166247029,142.47168127430157,142.7798790570079,142.7798790570079,31.0,1.0,1.5,-5.167573035727768,13.054647170162951,14.040214521759426,-5.167573035727768,-66.94535282983705,67.14450146207768,67.14450146207768,14.0,1.0,0.1,-5.167573035727768,-13.14835435053999,14.127385929709169,-5.167573035727768,-13.14835435053999,14.127385929709169,14.127385929709169,0.0,1.0,0.1,0.0,0.0,0.0,0.0,0.0,0.0,0.0,0.0,1.0,6.4,9.038070773107847,-15.773514943031074,18.179397596117724,129.03807077310785,144.22648505696893,193.5254575003859,142.7798790570079,63.0,1.0,4.4,-5.50574342886695,-11.393550567872637,12.654098357733059,114.49425657113305,-11.393550567872637,115.0597574407278,14.127385929709169,43.0
14_LTAN06_800km_1213COLD_MY_STTLCT_PCDU_HEAT_MY_0p5,8954.0,9.050514857508231,155.27586840484412,155.53940699406195,50.034638195208046,121.31891303218853,131.23164130131534,59.08515305271628,276.5947814370327,282.8351612325858,1.0,5.800000000000001,9.050514857508231,-4.724131595155882,10.209272183379543,9.050514857508231,155.27586840484412,155.53940699406195,155.53940699406195,57.0,1.0,0.5,-5.493299344466566,-14.141165699294504,15.170659347003355,-5.493299344466566,-54.141165699294504,54.419134143850364,54.419134143850364,4.0,1.0,0.1,-5.493299344466566,-13.036263453573895,14.146395389600249,-5.493299344466566,-13.036263453573895,14.146395389600249,14.146395389600249,0.0,1.0,0.1,0.0,0.0,0.0,0.0,0.0,0.0,0.0,0.0,1.0,18.6,19.08515305271628,-3.4052185629673204,19.386556695483154,59.08515305271628,276.5947814370327,282.8351612325858,155.53940699406195,185.0,1.0,3.4000000000000004,4.541338850741482,-11.717350421385333,12.566624823507425,44.54133885074148,108.28264957861467,117.08570820720021,14.146395389600249,33.0
14_LTAN06_800km_1213COLD_MY_STTLCT_PCDU_HEAT_MY_0p5,9014.5,8.775866582424268,167.30985904627423,167.53986023736758,29.424698258118873,64.05937737248661,70.49408980142941,38.20056484054314,231.36923641876083,234.5016134595602,1.0,5.800000000000001,8.775866582424268,7.309859046274227,11.421465472911441,8.775866582424268,167.30985904627423,167.53986023736758,167.53986023736758,57.0,1.0,0.5,-5.7679476195505295,-2.1071750578643957,6.140798520254873,-5.7679476195505295,-42.107175057864396,42.50039306989426,42.50039306989426,4.0,1.0,0.1,-5.7679476195505295,-12.813052965022251,14.051460636757453,-5.7679476195505295,-12.813052965022251,14.051460636757453,14.051460636757453,0.0,1.0,0.1,0.0,0.0,0.0,0.0,0.0,0.0,0.0,0.0,1.0,13.600000000000001,-1.7994351594568627,-8.630763581239165,8.816351109633386,38.20056484054314,231.36923641876083,234.5016134595602,167.53986023736758,135.0,1.0,0.6000000000000001,-16.34324936143166,11.246324407464357,19.838891409750314,23.65675063856834,51.24632440746436,56.443136128766625,14.051460636757453,5.0
14_LTAN06_800km_1213COLD_MY_STTLCT_PCDU_HEAT_MY_0p5,9075.0,8.549500479849085,178.6127014422968,178.81720016533643,21.602859556785717,72.4904505530797,75.64092121608978,30.152360036634803,251.1031519953765,252.9070140541618,1.0,5.800000000000001,8.549500479849085,18.61270144229681,20.48234882612386,8.549500479849085,178.6127014422968,178.81720016533643,178.81720016533643,57.0,1.0,0.5,-5.994313722125712,9.195667338158188,10.976889121847497,-5.994313722125712,-30.804332661841812,31.38213994839547,31.38213994839547,4.0,1.0,0.1,-5.994313722125712,-12.504418242360316,13.866948928266018,-5.994313722125712,-12.504418242360316,13.866948928266018,13.866948928266018,0.0,1.0,0.1,0.0,0.0,0.0,0.0,0.0,0.0,0.0,0.0,1.0,13.600000000000001,-9.847639963365197,11.103151995376493,14.841024125056204,30.152360036634803,251.1031519953765,252.9070140541618,178.81720016533643,135.0,0.0,nan,nan,nan,nan,15.608545834660006,59.98603231071937,61.983471792529905,13.866948928266018,nan
14_LTAN06_800km_1213COLD_MY_STTLCT_PCDU_HEAT_MY_0p5,9135.5,8.383144448430661,189.2236684793798,189.40927597041673,90.21793805367592,90.51305173632471,127.79627882407023,98.60108250210658,279.7367202157045,296.60547214713785,1.0,9.200000000000001,8.383144448430661,-10.776331520620204,13.65307408188963,8.383144448430661,189.2236684793798,189.40927597041673,189.40927597041673,91.0,1.0,0.1,-6.160669753544136,-20.193365624758826,21.112220799040184,-6.160669753544136,-20.193365624758826,21.112220799040184,21.112220799040184,0.0,1.0,0.1,-6.160669753544136,-12.113237365173973,13.589862813041213,-6.160669753544136,-12.113237365173973,13.589862813041213,13.589862813041213,0.0,1.0,0.1,0.0,0.0,0.0,0.0,0.0,0.0,0.0,0.0,1.0,18.8,18.60108250210658,-0.2632797842954915,18.60294564027413,98.60108250210658,279.7367202157045,296.60547214713785,189.40927597041673,187.0,1.0,1.8,4.057268300131781,-1.6001856288492604,4.361424091512993,84.05726830013178,78.39981437115074,114.94413968320104,13.589862813041213,17.0
14_LTAN06_800km_1213COLD_MY_STTLCT_PCDU_HEAT_MY_0p5,9196.0,8.287910668069625,199.1800412503098,199.35239726603996,1.2241964162226806,28.126808718065124,28.15343718852312,9.512107084292305,227.30684996837493,227.50578942903488,1.0,9.200000000000001,8.287910668069625,-0.819958749690187,8.328372925913907,8.287910668069625,199.1800412503098,199.35239726603996,199.35239726603996,91.0,1.0,0.1,-6.2559035339051725,-10.23699285382881,11.997180990335577,-6.2559035339051725,-10.23699285382881,11.997180990335577,11.997180990335577,0.0,1.0,0.1,-6.2559035339051725,-11.643520654259447,13.217711687417516,-6.2559035339051725,-11.643520654259447,13.217711687417516,13.217711687417516,0.0,1.0,0.1,0.0,0.0,0.0,0.0,0.0,0.0,0.0,0.0,1.0,13.4,9.512107084292305,-12.693150031625066,15.8617854892943,9.512107084292305,227.30684996837493,227.50578942903488,199.35239726603996,133.0,1.0,0.1,-5.031707117682492,16.483288063805674,17.234177146372126,-5.031707117682492,16.483288063805674,17.234177146372126,13.217711687417516,0.0
14_LTAN06_800km_1213COLD_MY_STTLCT_PCDU_HEAT_MY_0p5,9256.5,8.259964189478342,208.51533099594016,208.67886876432397,37.169585199003265,89.05814619848684,96.50353085860134,45.429549388481604,297.573477194427,301.0212920828403,1.0,9.200000000000001,8.259964189478342,8.515330995940161,11.863299304235895,8.259964189478342,208.51533099594016,208.67886876432397,208.67886876432397,91.0,1.0,0.1,-6.283850012496455,-0.9017031081984612,6.348215455928261,-6.283850012496455,-0.9017031081984612,6.348215455928261,6.348215455928261,0.0,1.0,0.1,-6.283850012496455,-11.121011850564031,12.773553756098469,-6.283850012496455,-11.121011850564031,12.773553756098469,12.773553756098469,0.0,1.0,0.1,0.0,0.0,0.0,0.0,0.0,0.0,0.0,0.0,1.0,18.6,5.429549388481604,17.573477194427028,18.393126631027357,45.429549388481604,297.573477194427,301.0212920828403,208.67886876432397,185.0,1.0,1.6,-9.114264813493193,-2.062865652077164,9.344797364790734,30.885735186506807,77.93713434792284,83.83391645615274,12.773553756098469,15.0
14_LTAN06_800km_1213COLD_MY_STTLCT_PCDU_HEAT_MY_0p5,9317.0,8.306506347907973,217.2471346169241,217.40587744348534,50.60895170589062,91.50985159982899,104.57207530020571,58.91545805379859,308.7569862167531,314.3277075527087,1.0,9.200000000000001,8.306506347907973,17.247134616924086,19.143189394720427,8.306506347907973,217.2471346169241,217.40587744348534,217.40587744348534,91.0,1.0,0.1,-6.237307854066824,7.830100512785464,10.01071842110879,-6.237307854066824,7.830100512785464,10.01071842110879,10.01071842110879,0.0,1.0,0.1,-6.237307854066824,-10.574562336929745,12.277026426786609,-6.237307854066824,-10.574562336929745,12.277026426786609,12.277026426786609,0.0,1.0,0.1,0.0,0.0,0.0,0.0,0.0,0.0,0.0,0.0,1.0,24.400000000000002,18.915458053798588,-11.243013783246909,22.00454299264799,58.91545805379859,308.7569862167531,314.3277075527087,217.40587744348534,243.0,1.0,1.6,4.371643851823791,0.9352892628992606,4.470574456653574,44.37164385182379,80.93528926289926,92.30039992428131,12.277026426786609,15.0
14_LTAN06_800km_1213COLD_MY_STTLCT_PCDU_HEAT_MY_0p5,9377.5,8.428013664442073,225.40135997780536,225.5588714596972,118.77866067660385,69.61985623405306,137.67822854096437,127.20667434104593,295.0212162118584,321.27722610236947,1.0,13.4,8.428013664442073,-14.598640022194644,16.856799958047954,8.428013664442073,225.40135997780536,225.5588714596972,225.5588714596972,133.0,1.0,0.1,-6.115800537532724,15.984325873666734,17.11437085757047,-6.115800537532724,15.984325873666734,17.11437085757047,17.11437085757047,0.0,1.0,0.1,-6.115800537532724,-10.010512503834974,11.730872806586982,-6.115800537532724,-10.010512503834974,11.730872806586982,11.730872806586982,0.0,1.0,0.1,0.0,0.0,0.0,0.0,0.0,0.0,0.0,0.0,1.0,19.0,7.206674341045925,15.021216211858416,16.660524947950705,127.20667434104593,295.0212162118584,321.27722610236947,225.5588714596972,189.0,1.0,4.6000000000000005,-7.337139860928872,19.609343730218086,20.93704809347953,112.66286013907113,59.609343730218086,127.46055827063991,11.730872806586982,45.0
14_LTAN06_800km_1213COLD_MY_STTLCT_PCDU_HEAT_MY_0p5,9438.0,8.6207935337339,233.00824050098103,233.16766118506717,83.3271551963161,-42.345444699892454,93.46952166317423,91.94794873005,190.66279580108858,211.6759952813533,1.0,13.4,8.6207935337339,-6.991759499018968,11.099674862057457,8.6207935337339,233.00824050098103,233.16766118506717,233.16766118506717,133.0,1.0,0.1,-5.923020668240897,23.59120639684241,24.32338777997068,-5.923020668240897,23.59120639684241,24.32338777997068,24.32338777997068,0.0,1.0,0.1,-5.923020668240897,-9.438339498656404,11.14290923988464,-5.923020668240897,-9.438339498656404,11.14290923988464,11.14290923988464,0.0,1.0,0.1,0.0,0.0,0.0,0.0,0.0,0.0,0.0,0.0,1.0,9.600000000000001,11.947948730050001,-9.337204198911422,15.163669117600547,91.94794873005,190.66279580108858,211.6759952813533,233.16766118506717,95.0,1.0,2.0,-2.595865471924796,-11.783784198548858,12.066320383045575,77.4041345280752,-51.78378419854886,93.12872998147373,11.14290923988464,19.0
14_LTAN06_800km_1213COLD_MY_STTLCT_PCDU_HEAT_MY_0p5,9498.5,8.877319681602687,240.07647641952812,240.24054889786115,154.07357834646228,27.11844775971347,156.4419309308721,162.95089802806498,267.1949241792416,312.96345261915724,1.0,13.4,8.877319681602687,0.07647641952812023,8.877649090390669,8.877319681602687,240.07647641952812,240.24054889786115,240.24054889786115,133.0,1.0,0.4,-5.66649452037211,-9.340557684610502,10.924979542724254,-5.66649452037211,30.659442315389498,31.17868764460915,31.17868764460915,3.0,1.0,0.1,-5.66649452037211,-8.856775535792025,10.514353667287935,-5.66649452037211,-8.856775535792025,10.514353667287935,10.514353667287935,0.0,1.0,0.1,0.0,0.0,0.0,0.0,0.0,0.0,0.0,0.0,1.0,19.200000000000003,2.9508980280649837,-12.805075820758418,13.140691227915283,162.95089802806498,267.1949241792416,312.96345261915724,240.24054889786115,191.0,1.0,7.4,-11.592916173909828,18.261672223921437,21.63063516934359,148.40708382609017,18.261672223921437,149.52642309029565,10.514353667287935,73.0
14_LTAN06_800km_1213COLD_MY_STTLCT_PCDU_HEAT_MY_0p5,9559.0,9.194286988472506,246.6331452090012,246.8044635514331,57.150926926971096,96.3100505408397,111.99042050010834,66.3452139154436,342.9431957498409,349.3017648403736,1.0,13.4,9.194286988472506,6.6331452090012135,11.33726283500963,9.194286988472506,246.6331452090012,246.8044635514331,246.8044635514331,133.0,1.0,0.4,-5.3495272135022915,-2.783888895137409,6.030545480175983,-5.3495272135022915,37.21611110486259,37.598621878700264,37.598621878700264,3.0,1.0,0.1,-5.3495272135022915,-8.270054908829906,9.849428897304819,-5.3495272135022915,-8.270054908829906,9.849428897304819,9.849428897304819,0.0,1.0,0.1,0.0,0.0,0.0,0.0,0.0,0.0,0.0,0.0,1.0,31.200000000000003,-13.654786084556406,-17.056804250159075,21.84920488812442,66.3452139154436,342.9431957498409,349.3017648403736,246.8044635514331,311.0,1.0,1.6,11.801399713468797,8.039995632009806,14.279865719249539,51.8013997134688,88.0399956320098,102.14903740691281,9.849428897304819,15.0
14_LTAN06_800km_1213COLD_MY_STTLCT_PCDU_HEAT_MY_0p5,9619.5,9.56721528774994,252.7046040253107,252.88564313529392,84.22514330380082,-8.955860927380058,84.69995401118207,93.79235859155077,243.74874309793063,261.1713159824161,1.0,13.4,9.56721528774994,12.704604025310687,15.90404262450578,9.56721528774994,252.7046040253107,252.88564313529392,252.88564313529392,133.0,1.0,0.4,-4.976598914224857,3.2875699211720644,5.9644490726017025,-4.976598914224857,43.287569921172064,43.57270070162537,43.57270070162537,3.0,1.0,0.1,-4.976598914224857,-7.679844148490872,9.151313725262264,-4.976598914224857,-7.679844148490872,9.151313725262264,9.151313725262264,0.0,1.0,0.1,0.0,0.0,0.0,0.0,0.0,0.0,0.0,0.0,1.0,13.8,13.792358591550766,3.748743097930628,14.292733480066252,93.79235859155077,243.74874309793063,261.1713159824161,252.88564313529392,137.0,1.0,2.0,-0.7514556104240313,23.36429492412907,23.37637616988829,79.24854438957597,-16.63570507587093,80.97578941410791,9.151313725262264,19.0
14_LTAN06_800km_1213COLD_MY_STTLCT_PCDU_HEAT_MY_0p5,9680.0,9.985862811335952,258.3140977336876,258.5070415753813,56.97180725677191,38.12791364809574,68.55307886053998,66.95767006810786,296.44201138178335,303.9098479698,1.0,13.4,9.985862811335952,18.314097733687618,20.859617251663185,9.985862811335952,258.3140977336876,258.5070415753813,258.5070415753813,133.0,1.0,0.4,-4.557951390638845,8.897063629548995,9.996632538393623,-4.557951390638845,48.897063629548995,49.10903941711332,49.10903941711332,3.0,1.0,0.1,-4.557951390638845,-7.093186512578086,8.431382791787255,-4.557951390638845,-7.093186512578086,8.431382791787255,8.431382791787255,0.0,1.0,0.1,0.0,0.0,0.0,0.0,0.0,0.0,0.0,0.0,1.0,18.8,-13.04232993189214,16.442011381783345,20.986712661372735,66.95767006810786,296.44201138178335,303.9098479698,258.5070415753813,187.0,1.0,0.6000000000000001,12.413855866133062,-8.965272864482358,15.312737671616723,52.41385586613306,31.03472713551764,60.9127784223623,8.431382791787255,5.0
14_LTAN06_800km_1213COLD_MY_STTLCT_PCDU_HEAT_MY_0p5,9740.5,10.447608375224243,263.4859680512229,263.6930182630024,96.33055116593516,44.10245977403291,105.94622242464825,106.77815954115941,307.58842782525585,325.5951723951231,1.0,18.400000000000002,10.447608375224243,-16.514031948777074,19.541386132188414,10.447608375224243,263.4859680512229,263.6930182630024,263.6930182630024,183.0,1.0,0.4,-4.096205826750554,14.068933947084304,14.653115866003597,-4.096205826750554,54.068933947084304,54.22387408097351,54.22387408097351,3.0,1.0,0.1,-4.096205826750554,-6.518160660847684,7.698397273181445,-4.096205826750554,-6.518160660847684,7.698397273181445,7.698397273181445,0.0,1.0,0.1,0.0,0.0,0.0,0.0,0.0,0.0,0.0,0.0,1.0,24.8,-13.221840458840589,-12.411572174744151,18.13461300849613,106.77815954115941,307.58842782525585,325.5951723951231,263.6930182630024,247.0,1.0,2.4000000000000004,12.234345339184614,-2.4157008868147614,12.47055799284803,92.23434533918461,37.58429911318524,99.59796182642165,7.698397273181445,23.0
14_LTAN06_800km_1213COLD_MY_STTLCT_PCDU_HEAT_MY_0p5,9801.0,10.945078701760965,268.2443584260405,268.4675596327903,100.16706663857076,44.694428149536336,109.68606632836251,111.11214534033172,312.93878657557684,332.0791968575048,1.0,18.400000000000002,10.945078701760965,-11.755641573959508,16.06206265095323,10.945078701760965,268.2443584260405,268.4675596327903,268.4675596327903,183.0,1.0,0.4,-3.5987355002138326,18.82732432190187,19.168177751747216,-3.5987355002138326,58.82732432190187,58.93729705436725,58.93729705436725,3.0,1.0,0.1,-3.5987355002138326,-5.94756352082419,6.951576010858109,-3.5987355002138326,-5.94756352082419,6.951576010858109,6.951576010858109,0.0,1.0,0.1,0.0,0.0,0.0,0.0,0.0,0.0,0.0,0.0,1.0,24.8,-8.887854659668278,-7.061213424423158,11.351418214330796,111.11214534033172,312.93878657557684,332.0791968575048,268.4675596327903,247.0,1.0,2.4000000000000004,16.568331138356925,-1.25313537128784,16.615653612452938,96.56833113835692,38.74686462871216,104.05172798854953,6.951576010858109,23.0
14_LTAN06_800km_1213COLD_MY_STTLCT_PCDU_HEAT_MY_0p5,9861.5,11.46837757344718,272.61268471162686,272.85380618537835,13.070764796246834,65.17426543609639,66.47202244172773,24.539142369694012,337.78695014772325,338.6771223427124,1.0,18.400000000000002,11.46837757344718,-7.387315288373145,13.6417048544886,11.46837757344718,272.61268471162686,272.85380618537835,272.85380618537835,183.0,1.0,0.4,-3.0754366285276173,23.195650607488233,23.398643498304736,-3.0754366285276173,63.19565060748823,63.27043990806305,63.27043990806305,3.0,1.0,0.1,-3.0754366285276173,-5.387639824892972,6.20362582195784,-3.0754366285276173,-5.387639824892972,6.20362582195784,6.20362582195784,0.0,1.0,0.1,0.0,0.0,0.0,0.0,0.0,0.0,0.0,0.0,1.0,24.400000000000002,-15.460857630305988,17.786950147723246,23.567216938412198,24.539142369694012,337.78695014772325,338.6771223427124,272.85380618537835,243.0,1.0,0.4,9.995328167719215,19.78662561120342,22.167930400881637,9.995328167719215,59.78662561120342,60.61639371617719,6.20362582195784,3.0
14_LTAN06_800km_1213COLD_MY_STTLCT_PCDU_HEAT_MY_0p5,9922.0,12.015806954828326,276.611663379374,276.87251928329727,2.8411262122206793,131.01134272970842,131.04214559444182,14.856933167049005,407.62300610908244,407.8936669924347,1.0,18.400000000000002,12.015806954828326,-3.388336620625978,12.484407948732525,12.015806954828326,276.611663379374,276.87251928329727,276.87251928329727,183.0,1.0,1.4000000000000001,-2.528007247146471,-12.8053707247646,13.052522363140518,-2.528007247146471,67.1946292752354,67.242167009087,67.242167009087,13.0,1.0,0.1,-2.528007247146471,-4.8378403209600265,5.458527238434529,-2.528007247146471,-4.8378403209600265,5.458527238434529,5.458527238434529,0.0,1.0,0.1,0.0,0.0,0.0,0.0,0.0,0.0,0.0,0.0,1.0,38.2,14.856933167049005,7.623006109082439,16.698463560138368,14.856933167049005,407.62300610908244,407.8936669924347,276.87251928329727,381.0,1.0,3.2,0.31311896507420833,6.173502408748391,6.181437978101157,0.31311896507420833,126.17350240874839,126.17389093460153,5.458527238434529,31.0
14_LTAN06_800km_1213COLD_MY_STTLCT_PCDU_HEAT_MY_0p5,9982.5,12.580697066188325,280.2716260795938,280.5538421122955,41.82322745912964,3.7306871131217214,41.98928888935972,54.40392452531796,284.0023131927155,289.1662167380031,1.0,18.400000000000002,12.580697066188325,0.27162607959377283,12.58362902339047,12.580697066188325,280.2716260795938,280.5538421122955,280.5538421122955,183.0,1.0,1.4000000000000001,-1.9631171357864723,-9.14540802454485,9.35373277489943,-1.9631171357864723,70.85459197545515,70.88178209453436,70.88178209453436,13.0,1.0,0.1,-1.9631171357864723,-4.30495266761335,4.731431745170776,-1.9631171357864723,-4.30495266761335,4.731431745170776,4.731431745170776,0.0,1.0,0.1,0.0,0.0,0.0,0.0,0.0,0.0,0.0,0.0,1.0,18.6,14.403924525317962,4.002313192715519,14.949633862527904,54.40392452531796,284.0023131927155,289.1662167380031,280.5538421122955,185.0,1.0,0.8,-0.1398896766568356,-0.5742655544916033,0.5910584139581321,39.860110323343164,-0.5742655544916033,39.864246837437726,4.731431745170776,7.0
14_LTAN06_800km_1213COLD_MY_STTLCT_PCDU_HEAT_MY_0p5,10043.0,13.158435412992349,283.6174238468206,283.92250268695676,131.37133959716024,156.74000114142356,204.51370816002984,144.5297750101526,440.35742498824413,463.4690039331243,1.0,18.400000000000002,13.158435412992349,3.6174238468206,13.646617815614148,13.158435412992349,283.6174238468206,283.92250268695676,283.92250268695676,183.0,1.0,1.4000000000000001,-1.3853787889824485,-5.799610257318022,5.962780687376561,-1.3853787889824485,74.20038974268198,74.21332166366675,74.21332166366675,13.0,1.0,0.1,-1.3853787889824485,-3.7905168284676733,4.035751753497618,-1.3853787889824485,-3.7905168284676733,4.035751753497618,4.035751753497618,0.0,1.0,0.1,0.0,0.0,0.0,0.0,0.0,0.0,0.0,0.0,1.0,47.0,24.529775010152605,0.3574249882441336,24.532378903623037,144.5297750101526,440.35742498824413,463.4690039331243,283.92250268695676,469.0,1.0,6.4,9.985960808177822,-7.05051568704414,12.224123065304887,129.98596080817782,152.94948431295586,200.72342852498377,4.035751753497618,63.0
14_LTAN06_800km_1213COLD_MY_STTLCT_PCDU_HEAT_MY_0p5,10103.5,13.747837829401911,286.66569497815453,286.9951632384976,69.24515583323706,94.23098386194347,116.93746160217066,82.99299366263898,380.896678840098,389.83344770363607,1.0,18.400000000000002,13.747837829401911,6.665694978154534,15.27856454400507,13.747837829401911,286.66569497815453,286.9951632384976,286.9951632384976,183.0,1.0,1.4000000000000001,-0.7959763725728859,-2.7513391259840887,2.864165737499347,-0.7959763725728859,77.24866087401591,77.25276166723368,77.25276166723368,13.0,1.0,0.1,-0.7959763725728859,-3.2927970842315517,3.3876379711560234,-0.7959763725728859,-3.2927970842315517,3.3876379711560234,3.3876379711560234,0.0,1.0,0.1,0.0,0.0,0.0,0.0,0.0,0.0,0.0,0.0,1.0,31.200000000000003,2.9929936626389804,20.89667884009799,21.109931255473008,82.99299366263898,380.896678840098,389.83344770363607,286.9951632384976,311.0,1.0,1.8,-11.550820539335817,10.938186777711906,15.90802895132058,68.44917946066418,90.9381867777119,113.82022659991601,3.3876379711560234,17.0
14_LTAN06_800km_1213COLD_MY_STTLCT_PCDU_HEAT_MY_0p5,10164.0,14.338056321321192,289.44901212020994,289.8039172896716,160.97751102477565,67.6361264139085,174.60929142519873,175.31556734609686,357.0851385341184,397.80063388060904,1.0,18.400000000000002,14.338056321321192,9.449012120209943,17.171595415722237,14.338056321321192,289.44901212020994,289.8039172896716,289.8039172896716,183.0,1.0,1.4000000000000001,-0.20575788065360534,0.03197801607132078,0.20822799754817062,-0.20575788065360534,80.03197801607132,80.03224251181754,80.03224251181754,13.0,1.0,0.1,-0.20575788065360534,-2.821554982975556,2.8290473356600545,-0.20575788065360534,-2.821554982975556,2.8290473356600545,2.8290473356600545,0.0,1.0,0.1,0.0,0.0,0.0,0.0,0.0,0.0,0.0,0.0,1.0,31.6,15.315567346096856,-2.914861465881586,15.590478520498005,175.31556734609686,357.0851385341184,397.80063388060904,289.8039172896716,315.0,1.0,7.6000000000000005,0.7717531441220444,24.814571430932915,24.826569602269547,160.77175314412204,64.81457143093292,173.34498919440972,2.8290473356600545,75.0
14_LTAN06_800km_1213COLD_MY_STTLCT_PCDU_HEAT_MY_0p5,10224.5,14.92668027620863,291.98535234647665,292.3666392886922,48.347187878612566,-31.852862199625033,57.89693779534599,63.273868154821194,260.13249014685164,267.7171918672306,1.0,18.400000000000002,14.92668027620863,11.985352346476645,19.14300015507885,14.92668027620863,291.98535234647665,292.3666392886922,292.3666392886922,183.0,1.0,1.4000000000000001,0.38286607423383323,2.568318242338023,2.5966988706289182,0.38286607423383323,82.56831824233802,82.56920590510005,82.56920590510005,13.0,1.0,0.1,0.38286607423383323,-2.3825499685943328,2.4131164049104807,0.38286607423383323,-2.3825499685943328,2.4131164049104807,2.4131164049104807,0.0,1.0,0.1,0.0,0.0,0.0,0.0,0.0,0.0,0.0,0.0,0.0,nan,nan,nan,nan,63.273868154821194,260.13249014685164,267.7171918672306,292.3666392886922,nan,1.0,0.7000000000000001,8.730053952846397,5.764587831780659,10.46156369238952,48.7300539528464,-34.23541216821934,59.55402257257844,2.4131164049104807,6.0
14_LTAN06_800km_1213COLD_MY_STTLCT_PCDU_HEAT_MY_0p5,10285.0,15.51295935532813,294.2897059498081,294.69829136929957,55.40726678474572,-60.65293925284172,82.15074103478857,70.92022614007385,233.63676669696636,244.16350511157867,1.0,18.400000000000002,15.51295935532813,14.28970594980808,21.091410670982704,15.51295935532813,294.2897059498081,294.69829136929957,294.69829136929957,183.0,1.0,1.4000000000000001,0.9691451533533328,4.872671845669458,4.9681156632920755,0.9691451533533328,84.87267184566946,84.87820490886315,84.87820490886315,13.0,1.0,0.1,0.9691451533533328,-1.9716836085996192,2.1969930770688997,0.9691451533533328,-1.9716836085996192,2.1969930770688997,2.1969930770688997,0.0,1.0,0.1,0.0,0.0,0.0,0.0,0.0,0.0,0.0,0.0,1.0,13.8,-9.07977385992615,-6.363233303033638,11.087516918419318,70.92022614007385,233.63676669696636,244.16350511157867,294.69829136929957,137.0,1.0,1.7000000000000002,16.376411938099054,17.37537713855866,23.876570077661075,56.376411938099054,-62.62462286144134,84.26234753169412,2.1969930770688997,16.0
14_LTAN06_800km_1213COLD_MY_STTLCT_PCDU_HEAT_MY_0p5,10345.5,16.087819071053914,296.3993567593814,296.8356390493534,-4.844291205398385,17.314135580601036,17.97905582020744,11.24352786565553,313.71349233998245,313.9149123488943,1.0,18.400000000000002,16.087819071053914,16.39935675938142,22.97295855096672,16.087819071053914,296.3993567593814,296.8356390493534,296.8356390493534,183.0,1.0,1.4000000000000001,1.5440048690791173,6.982322655242797,7.150998580454121,1.5440048690791173,86.9823226552428,86.99602522837756,86.99602522837756,13.0,1.0,0.1,1.5440048690791173,-1.5763888739936078,2.206570397198072,1.5440048690791173,-1.5763888739936078,2.206570397198072,2.206570397198072,0.0,1.0,0.1,0.0,0.0,0.0,0.0,0.0,0.0,0.0,0.0,1.0,24.200000000000003,11.24352786565553,-6.2865076600175485,12.881657402105976,11.24352786565553,313.71349233998245,313.9149123488943,296.8356390493534,241.0,1.0,0.1,-3.3002863363192674,15.737746706607425,16.08006720455572,-3.3002863363192674,15.737746706607425,16.08006720455572,2.206570397198072,0.0
14_LTAN06_800km_1213COLD_MY_STTLCT_PCDU_HEAT_MY_0p5,10406.0,16.65169713448542,298.3251241239291,298.7894889399832,56.06216504149711,53.44387400930614,77.45459326768588,72.71386217598253,351.7689981332352,359.20569845174754,1.0,18.400000000000002,16.65169713448542,18.325124123929072,24.76063794848665,16.65169713448542,298.3251241239291,298.7894889399832,298.7894889399832,183.0,1.0,1.4000000000000001,2.1078829325106234,8.90809001979045,9.154083146763515,2.1078829325106234,88.90809001979045,88.93307394566058,88.93307394566058,13.0,1.0,0.1,2.1078829325106234,-1.195896648401117,2.4234973180976724,2.1078829325106234,-1.195896648401117,2.4234973180976724,2.4234973180976724,0.0,1.0,0.1,0.0,0.0,0.0,0.0,0.0,0.0,0.0,0.0,1.0,31.200000000000003,-7.286137824017473,-8.231001866764814,10.99259733280829,72.71386217598253,351.7689981332352,359.20569845174754,298.7894889399832,311.0,1.0,0.6000000000000001,18.17004797400773,12.247977360904997,21.91263546018561,58.17004797400773,52.247977360905,78.18954929914868,2.4234973180976724,5.0
14_LTAN06_800km_1213COLD_MY_STTLCT_PCDU_HEAT_MY_0p5,10466.5,17.20344737797782,300.08670224128593,300.57941956118196,68.38374932960954,14.112975492005138,69.82487557892826,85.58719670758737,314.1996777332911,325.6479782341159,0.0,nan,nan,nan,nan,17.20344737797782,300.08670224128593,300.57941956118196,300.57941956118196,nan,1.0,1.4000000000000001,2.659633176003023,10.669668137147312,10.996156909927782,2.659633176003023,90.66966813714731,90.70866755019237,90.70866755019237,13.0,1.0,0.1,2.659633176003023,-0.83741313159112,2.7883524497195786,2.659633176003023,-0.83741313159112,2.7883524497195786,2.7883524497195786,0.0,1.0,0.1,0.0,0.0,0.0,0.0,0.0,0.0,0.0,0.0,1.0,24.6,5.587196707587367,-5.800322266708918,8.053602016921024,85.58719670758737,314.1996777332911,325.6479782341159,300.57941956118196,245.0,1.0,2.2,-8.95661749438743,13.275562360414028,16.014417033598466,71.04338250561257,13.275562360414028,72.27311224669947,2.7883524497195786,21.0
14_LTAN06_800km_1213COLD_MY_STTLCT_PCDU_HEAT_MY_0p5,10527.0,17.739504387229246,301.7178151743605,302.23886250694846,129.126861851284,26.565026072584683,131.83113085230548,146.86636623851325,328.28284124694517,359.6378086203842,0.0,nan,nan,nan,nan,17.739504387229246,301.7178151743605,302.23886250694846,302.23886250694846,nan,1.0,1.4000000000000001,3.195690185254449,12.300781070221888,12.709116833897655,3.195690185254449,92.30078107022189,92.35608600375593,92.35608600375593,13.0,1.0,0.1,3.195690185254449,-0.5037917181436455,3.235157160850419,3.195690185254449,-0.5037917181436455,3.235157160850419,3.235157160850419,0.0,1.0,0.1,0.0,0.0,0.0,0.0,0.0,0.0,0.0,0.0,1.0,25.0,-13.133633761486749,8.282841246945168,15.527324138529496,146.86636623851325,328.28284124694517,359.6378086203842,302.23886250694846,249.0,1.0,4.6000000000000005,12.322552036538468,-13.938765645558988,18.604689635009066,132.32255203653847,26.061234354441012,134.8645457988849,3.235157160850419,45.0
14_LTAN06_800km_1213COLD_MY_STTLCT_PCDU_HEAT_MY_0p5,10587.5,18.26005483989477,303.2257770797845,303.7750837188513,50.04481814873526,44.35570019376894,66.87235574749477,68.30487298863002,347.58147727355345,354.22935933891563,1.0,24.200000000000003,18.26005483989477,-16.774222920215493,24.795244651607035,18.26005483989477,303.2257770797845,303.7750837188513,303.7750837188513,241.0,1.0,1.4000000000000001,3.7162406379199737,13.808742975645885,14.300063882597778,3.7162406379199737,93.80874297564588,93.88232369913794,93.88232369913794,13.0,1.0,0.1,3.7162406379199737,-0.19032292037474008,3.721111029376552,3.7162406379199737,-0.19032292037474008,3.721111029376552,3.721111029376552,0.0,1.0,0.1,0.0,0.0,0.0,0.0,0.0,0.0,0.0,0.0,1.0,31.200000000000003,-11.695127011369976,-12.418522726446554,17.058596147378164,68.30487298863002,347.58147727355345,354.22935933891563,303.7750837188513,311.0,1.0,0.6000000000000001,13.761058786655227,4.165377273394199,14.3776599890069,53.76105878665523,44.1653772733942,69.57608778570008,3.721111029376552,5.0
14_LTAN06_800km_1213COLD_MY_STTLCT_PCDU_HEAT_MY_0p5,10648.0,18.762464721325383,304.63249041030866,305.20973820637795,111.87240052228758,-4.5910793145550866,111.96656647362045,130.63486524361295,300.0414110957536,327.24656818605126,1.0,24.200000000000003,18.762464721325383,-15.367509589691338,24.25263765878332,18.762464721325383,304.63249041030866,305.20973820637795,305.20973820637795,241.0,1.0,1.4000000000000001,4.218650519350586,15.21545630617004,15.789462397731805,4.218650519350586,95.21545630617004,95.30886701559616,95.30886701559616,13.0,1.0,0.1,4.218650519350586,0.10795446454517332,4.220031560407126,4.218650519350586,0.10795446454517332,4.220031560407126,4.220031560407126,0.0,1.0,0.1,0.0,0.0,0.0,0.0,0.0,0.0,0.0,0.0,1.0,19.0,10.63486524361295,20.041411095753574,22.688290315905277,130.63486524361295,300.0414110957536,327.24656818605126,305.20973820637795,189.0,1.0,4.4,-3.9089489583618473,-4.483124850009915,5.947965230215673,116.09105104163815,-4.483124850009915,116.17758191825568,4.220031560407126,43.0
14_LTAN06_800km_1213COLD_MY_STTLCT_PCDU_HEAT_MY_0p5,10708.5,19.24413902335745,305.95876986232025,306.56337964997476,23.718413463359262,33.71480041420879,41.22197113419972,42.96255248671672,339.67357027652906,342.379782201838,1.0,24.200000000000003,19.24413902335745,-14.041230137679747,23.822112218054787,19.24413902335745,305.95876986232025,306.56337964997476,306.56337964997476,241.0,1.0,1.4000000000000001,4.7003248213826545,16.54173575818163,17.196571615296193,4.7003248213826545,96.54173575818163,96.65609032352319,96.65609032352319,13.0,1.0,0.1,4.7003248213826545,0.38580366765978624,4.716131666576499,4.7003248213826545,0.38580366765978624,4.716131666576499,4.716131666576499,0.0,1.0,0.1,0.0,0.0,0.0,0.0,0.0,0.0,0.0,0.0,1.0,24.400000000000002,2.9625524867167172,19.673570276529063,19.89537847496446,42.96255248671672,339.67357027652906,342.379782201838,306.56337964997476,243.0,1.0,0.6000000000000001,-11.58126171525808,-5.899395918131404,12.997249521193629,28.41873828474192,34.100604081868596,44.39004262720424,4.716131666576499,5.0
14_LTAN06_800km_1213COLD_MY_STTLCT_PCDU_HEAT_MY_0p5,10769.0,19.70543020106688,307.20918655493205,307.840524108104,119.28325892051868,76.31476242978002,141.60663410805748,138.98868912158557,383.5239489847121,407.9319491637849,1.0,24.200000000000003,19.70543020106688,-12.790813445067954,23.492741176704982,19.70543020106688,307.20918655493205,307.840524108104,307.840524108104,241.0,1.0,1.4000000000000001,5.161615999092081,17.792152450793424,18.525738002961116,5.161615999092081,97.79215245079342,97.92827661447589,97.92827661447589,13.0,1.0,0.1,5.161615999092081,0.6450852742705138,5.2017703460614255,5.161615999092081,0.6450852742705138,5.2017703460614255,5.2017703460614255,0.0,1.0,0.1,0.0,0.0,0.0,0.0,0.0,0.0,0.0,0.0,0.0,nan,nan,nan,nan,138.98868912158557,383.5239489847121,407.9319491637849,307.840524108104,nan,1.0,4.800000000000001,4.444874919610768,-3.04015229594944,5.385112722455444,124.44487491961077,76.95984770405056,146.3193256285315,5.2017703460614255,47.0
14_LTAN06_800km_1213COLD_MY_STTLCT_PCDU_HEAT_MY_0p5,10829.5,20.141088692404093,308.40914085345605,309.0661120467305,106.5829033779139,30.982525767516027,110.99473949426847,126.72399207031799,339.3916666209721,362.27844752068694,1.0,24.200000000000003,20.141088692404093,-11.590859146543949,23.238146859642434,20.141088692404093,308.40914085345605,309.0661120467305,309.0661120467305,241.0,1.0,1.4000000000000001,5.597274490429296,18.99210674931743,19.799737384588695,5.597274490429296,98.99210674931743,99.15022279546056,99.15022279546056,13.0,1.0,0.1,5.597274490429296,0.895179516163239,5.668406132888573,5.597274490429296,0.895179516163239,5.668406132888573,5.668406132888573,0.0,1.0,0.1,0.0,0.0,0.0,0.0,0.0,0.0,0.0,0.0,1.0,24.8,6.7239920703179905,19.391666620972103,20.52434660837277,126.72399207031799,339.3916666209721,362.27844752068694,309.0661120467305,247.0,1.0,4.6000000000000005,-7.819822131656807,-8.12229471632071,11.274807742463768,112.1801778683432,31.87770528367929,116.6215263179411,5.668406132888573,45.0
14_LTAN06_800km_1213COLD_MY_STTLCT_PCDU_HEAT_MY_0p5,10890.0,20.549711263834112,309.5704689213257,310.2517781757204,46.58925152634894,58.70203909727923,74.94323019435383,67.13896279018306,368.2725080186049,374.34246417799704,1.0,24.200000000000003,20.549711263834112,-10.429531078674302,23.044863886514577,20.549711263834112,309.5704689213257,310.2517781757204,310.2517781757204,241.0,1.0,1.4000000000000001,6.005897061859315,20.153434817187076,21.029306561279157,6.005897061859315,100.15343481718708,100.33335091183883,100.33335091183883,13.0,1.0,0.1,6.005897061859315,1.1295193947129292,6.111187575314884,6.005897061859315,1.1295193947129292,6.111187575314884,6.111187575314884,0.0,1.0,0.1,0.0,0.0,0.0,0.0,0.0,0.0,0.0,0.0,1.0,31.200000000000003,-12.861037209816942,8.272508018604924,15.291849692897806,67.13896279018306,368.2725080186049,374.34246417799704,310.2517781757204,311.0,1.0,0.6000000000000001,12.59514858820826,19.831558491992155,23.493158156798557,52.59514858820826,59.831558491992155,79.66219333282497,6.111187575314884,5.0
14_LTAN06_800km_1213COLD_MY_STTLCT_PCDU_HEAT_MY_0p5,10950.5,20.93228605748285,310.69623575613974,311.40056440640416,28.15326987691718,142.81498026269125,145.56347478744598,49.085555934400034,453.51121601883096,456.159856690906,1.0,24.200000000000003,20.93228605748285,-9.303764243860257,22.906781281917887,20.93228605748285,310.69623575613974,311.40056440640416,311.40056440640416,241.0,1.0,1.4000000000000001,6.388471855508055,21.27920165200112,22.217493008779044,6.388471855508055,101.27920165200112,101.48048708946624,101.48048708946624,13.0,1.0,0.1,6.388471855508055,1.3496356863846586,6.5294784733990445,6.388471855508055,1.3496356863846586,6.5294784733990445,6.5294784733990445,0.0,1.0,0.1,0.0,0.0,0.0,0.0,0.0,0.0,0.0,0.0,1.0,46.6,9.085555934400034,13.511216018830964,16.281900532328102,49.085555934400034,453.51121601883096,456.159856690906,311.40056440640416,465.0,1.0,3.4000000000000004,-5.458258267574763,24.16461594907588,24.773397976092838,34.54174173242524,144.16461594907588,148.24496083730506,6.5294784733990445,33.0
14_LTAN06_800km_1213COLD_MY_STTLCT_PCDU_HEAT_MY_0p5,11011.0,21.280816498296623,311.81580530832366,312.54114863632367,96.00546244679715,101.98750495768928,140.06605579910527,117.28627894509378,413.80331026601294,430.1037674979103,1.0,24.200000000000003,21.280816498296623,-8.184194691676339,22.800311260713897,21.280816498296623,311.81580530832366,312.54114863632367,312.54114863632367,241.0,1.0,1.4000000000000001,6.737002296321826,22.39877120418504,23.390001098718965,6.737002296321826,102.39877120418504,102.62015174451693,102.62015174451693,13.0,1.0,0.1,6.737002296321826,1.5544961092190874,6.9140189538518655,6.737002296321826,1.5544961092190874,6.9140189538518655,6.9140189538518655,0.0,1.0,0.1,0.0,0.0,0.0,0.0,0.0,0.0,0.0,0.0,1.0,38.800000000000004,-2.713721054906216,13.803310266012943,14.067539097641053,117.28627894509378,413.80331026601294,430.1037674979103,312.54114863632367,387.0,1.0,3.8000000000000003,-17.257535256881013,-16.45799893309163,23.84718541094811,102.74246474311899,103.54200106690837,145.86624025603285,6.9140189538518655,37.0
14_LTAN06_800km_1213COLD_MY_STTLCT_PCDU_HEAT_MY_0p5,11071.5,21.596119537842707,312.932100693019,313.6764129214031,47.764701724744825,84.1609820232223,96.77054110609792,69.36082126258754,397.09308271624127,403.1052466382796,1.0,24.200000000000003,21.596119537842707,-7.067899306981019,22.723282766942244,21.596119537842707,312.932100693019,313.6764129214031,313.6764129214031,241.0,1.0,1.4000000000000001,7.05230533586791,23.51506658888036,24.549813995828732,7.05230533586791,103.51506658888036,103.75501925907317,103.75501925907317,13.0,1.0,0.1,7.05230533586791,1.7419851071686594,7.264263394447396,7.05230533586791,1.7419851071686594,7.264263394447396,7.264263394447396,0.0,1.0,0.1,0.0,0.0,0.0,0.0,0.0,0.0,0.0,0.0,1.0,38.6,-10.639178737412465,-2.9069172837587303,11.029156463720366,69.36082126258754,397.09308271624127,403.1052466382796,313.6764129214031,385.0,1.0,1.6,14.817007060612738,5.902967130390948,15.949567993419874,54.81700706061274,85.90296713039095,101.90301283518704,7.264263394447396,15.0
14_LTAN06_800km_1213COLD_MY_STTLCT_PCDU_HEAT_MY_0p5,11132.0,21.878014889692583,314.0509554080443,314.81208701099615,132.60668875160803,15.413121132911174,133.49943147715513,154.48470364130063,329.46407654095543,363.88473640718297,1.0,24.200000000000003,21.878014889692583,-5.949044591955726,22.672420847158957,21.878014889692583,314.0509554080443,314.81208701099615,314.81208701099615,241.0,1.0,3.2,7.334200687717786,-15.366078696094348,17.026651879400266,7.334200687717786,104.63392130390565,104.89064775831848,104.89064775831848,31.0,1.0,0.1,7.334200687717786,1.9165241861209097,7.580472589733866,7.334200687717786,1.9165241861209097,7.580472589733866,7.580472589733866,0.0,1.0,0.1,0.0,0.0,0.0,0.0,0.0,0.0,0.0,0.0,1.0,25.0,-5.5152963586993735,9.464076540955432,10.95386866350631,154.48470364130063,329.46407654095543,363.88473640718297,314.81208701099615,249.0,0.0,nan,nan,nan,nan,139.94088943932582,17.329645319032068,141.0098193174967,7.580472589733866,nan
14_LTAN06_800km_1213COLD_MY_STTLCT_PCDU_HEAT_MY_0p5,11192.5,22.120421959474044,315.1973878314779,315.97263546619394,124.88284103931198,71.9633079270883,144.13341622905838,147.00326299878603,387.1606957585662,414.12964597158134,1.0,24.200000000000003,22.120421959474044,-4.802612168522103,22.635771497928186,22.120421959474044,315.1973878314779,315.97263546619394,315.97263546619394,241.0,1.0,3.2,7.5766077574992465,-14.219646272660725,16.11221043899911,7.5766077574992465,105.78035372733927,106.05134709088809,106.05134709088809,31.0,1.0,0.1,7.5766077574992465,2.0763357633373403,7.85596304173533,7.5766077574992465,2.0763357633373403,7.85596304173533,7.85596304173533,0.0,1.0,0.1,0.0,0.0,0.0,0.0,0.0,0.0,0.0,0.0,1.0,39.0,-12.996737001213972,-12.839304241433808,18.269179129967075,147.00326299878603,387.1606957585662,414.12964597158134,315.97263546619394,389.0,1.0,4.800000000000001,12.459448796811216,-5.960356309574365,13.811723703341427,132.45944879681122,74.03964369042563,151.74773281126883,7.85596304173533,47.0
14_LTAN06_800km_1213COLD_MY_STTLCT_PCDU_HEAT_MY_0p5,11253.0,22.32510901690153,316.3698227191469,317.1565468659932,142.79127186989905,-11.916020588732884,143.28760891610457,165.11638088680058,304.45380213041403,346.3459785659714,1.0,24.200000000000003,22.32510901690153,-3.630177280853104,22.61832619154123,22.32510901690153,316.3698227191469,317.1565468659932,317.1565468659932,241.0,1.0,3.2,7.781294814926731,-13.047211384991726,15.191388149917813,7.781294814926731,106.95278861500827,107.23547706577077,107.23547706577077,31.0,1.0,0.1,7.781294814926731,2.2244140845597826,8.092994934904727,7.781294814926731,2.2244140845597826,8.092994934904727,8.092994934904727,0.0,1.0,0.1,0.0,0.0,0.0,0.0,0.0,0.0,0.0,0.0,1.0,19.200000000000003,5.1163808868005844,24.453802130414033,24.98331026930299,165.11638088680058,304.45380213041403,346.3459785659714,317.1565468659932,191.0,1.0,7.4,-9.427433315174198,-9.69160650417308,13.520493169399789,150.5725666848258,-9.69160650417308,150.8841445437129,8.092994934904727,73.0
14_LTAN06_800km_1213COLD_MY_STTLCT_PCDU_HEAT_MY_0p5,11313.5,22.4900422921979,317.5711686379037,318.36653271402247,110.5867254012454,120.73627825935739,163.72743424023793,133.0767676934433,438.3074468972611,458.06423578503706,1.0,24.200000000000003,22.4900422921979,-2.4288313620962754,22.620813957290586,22.4900422921979,317.5711686379037,318.36653271402247,318.36653271402247,241.0,1.0,3.2,7.9462280902231015,-11.845865466234898,14.264188357771612,7.9462280902231015,108.1541345337651,108.44565163071137,108.44565163071137,31.0,1.0,0.1,7.9462280902231015,2.356264784790369,8.288216008158443,7.9462280902231015,2.356264784790369,8.288216008158443,8.288216008158443,0.0,1.0,0.1,0.0,0.0,0.0,0.0,0.0,0.0,0.0,0.0,1.0,47.0,13.076767693443287,-1.6925531027388843,13.18584806957342,133.0767676934433,438.3074468972611,458.06423578503706,318.36653271402247,469.0,1.0,3.8000000000000003,-1.46704650853151,3.09254304414776,3.4228713002538074,118.53295349146849,123.09254304414776,170.88544471805082,8.288216008158443,37.0
14_LTAN06_800km_1213COLD_MY_STTLCT_PCDU_HEAT_MY_0p5,11374.0,22.61097918660257,318.8070771919868,319.60789859994765,64.64288184292613,-74.53239953132345,98.65992475597847,87.25386102952871,244.27467766066337,259.39035142190875,1.0,24.200000000000003,22.61097918660257,-1.1929228080131793,22.64242576675151,22.61097918660257,318.8070771919868,319.60789859994765,319.60789859994765,241.0,1.0,3.2,8.067164984627773,-10.609956912151802,13.328553431146315,8.067164984627773,109.3900430878482,109.68710351563894,109.68710351563894,31.0,1.0,0.1,8.067164984627773,2.4795493087229943,8.439627696977698,8.067164984627773,2.4795493087229943,8.439627696977698,8.439627696977698,0.0,1.0,0.1,0.0,0.0,0.0,0.0,0.0,0.0,0.0,0.0,1.0,13.8,7.253861029528707,4.274677660663372,8.419701238065977,87.25386102952871,244.27467766066337,259.39035142190875,319.60789859994765,137.0,1.0,1.9000000000000001,-7.28995317244609,7.947149777399545,10.784275907119516,72.71004682755391,-72.05285022260045,102.3638810072458,8.439627696977698,18.0
14_LTAN06_800km_1213COLD_MY_STTLCT_PCDU_HEAT_MY_0p5,11434.5,22.689541564386804,320.07693538106315,320.8801331639828,89.03760814574824,-50.234986862514475,102.23135316228976,111.72714971013504,269.8419485185487,292.0575853537073,1.0,24.200000000000003,22.689541564386804,0.07693538106315145,22.689671999720396,22.689541564386804,320.07693538106315,320.8801331639828,320.8801331639828,241.0,1.0,3.2,8.145727362412007,-9.34009872307547,12.393156112126714,8.145727362412007,110.65990127692453,110.95930166002952,110.95930166002952,31.0,1.0,0.1,8.145727362412007,2.590349559043773,8.547677175746985,8.145727362412007,2.590349559043773,8.547677175746985,8.547677175746985,0.0,1.0,0.1,0.0,0.0,0.0,0.0,0.0,0.0,0.0,0.0,1.0,19.0,-8.272850289864962,-10.15805148145131,13.100613032157462,111.72714971013504,269.8419485185487,292.0575853537073,320.8801331639828,189.0,1.0,2.0,17.18333550816024,-7.644637303470688,18.807112981199857,97.18333550816024,-47.64463730347069,108.2340619411048,8.547677175746985,19.0
14_LTAN06_800km_1213COLD_MY_STTLCT_PCDU_HEAT_MY_0p5,11495.0,22.72075026281568,321.38831201545213,322.19043994607733,79.72543269745312,18.406046939788304,81.82253468785856,102.4461829602688,339.79435895524045,354.9019960227495,1.0,24.200000000000003,22.72075026281568,1.3883120154521293,22.763125944331275,22.72075026281568,321.38831201545213,322.19043994607733,322.19043994607733,241.0,1.0,3.2,8.176936060840884,-8.028722088686493,11.459610016071334,8.176936060840884,111.9712779113135,112.26944980908958,112.26944980908958,31.0,1.0,0.1,8.176936060840884,2.692477992890815,8.608816474131702,8.176936060840884,2.692477992890815,8.608816474131702,8.608816474131702,0.0,1.0,0.1,0.0,0.0,0.0,0.0,0.0,0.0,0.0,0.0,0.0,nan,nan,nan,nan,102.4461829602688,339.79435895524045,354.9019960227495,322.19043994607733,nan,1.0,2.2,7.902368758294003,21.09852493267914,22.529873198199414,87.902368758294,21.09852493267914,90.39897227100529,8.608816474131702,21.0
14_LTAN06_800km_1213COLD_MY_STTLCT_PCDU_HEAT_MY_0p5,11555.5,22.702231986926915,322.7449396603543,323.5424043515069,120.94043991908052,30.293671196155877,124.67676817419326,143.64267190600742,353.03861085651016,381.14233292536704,1.0,24.200000000000003,22.702231986926915,2.744939660354305,22.867575974012496,22.702231986926915,322.7449396603543,323.5424043515069,323.5424043515069,241.0,1.0,3.2,8.158417784952118,-6.672094443784317,10.539289588041528,8.158417784952118,113.32790555621568,113.62118622207905,113.62118622207905,31.0,1.0,0.1,8.158417784952118,2.791073197573553,8.622637087807679,8.158417784952118,2.791073197573553,8.622637087807679,8.622637087807679,0.0,1.0,0.1,0.0,0.0,0.0,0.0,0.0,0.0,0.0,0.0,1.0,31.400000000000002,23.642671906007422,-6.961389143489839,24.646234472272045,143.64267190600742,353.03861085651016,381.14233292536704,323.5424043515069,313.0,1.0,4.6000000000000005,9.098857704032639,-6.915255606270591,11.428471972153186,129.09885770403264,33.08474439372941,133.27083466416977,8.622637087807679,45.0
14_LTAN06_800km_1213COLD_MY_STTLCT_PCDU_HEAT_MY_0p5,11616.0,22.63586005094957,324.14476285867363,324.93416171426475,-29.21273452658678,79.7068944132113,84.89153594746445,-6.576874475637208,403.85165727188496,403.90520714533545,1.0,24.200000000000003,22.63586005094957,4.14476285867363,23.012197187596303,22.63586005094957,324.14476285867363,324.93416171426475,324.93416171426475,241.0,1.0,3.2,8.092045848974774,-5.272271245464992,9.658056228230754,8.092045848974774,114.72772875453501,115.01275125478944,115.01275125478944,31.0,1.0,0.1,8.092045848974774,2.8842258166872057,8.590690576639043,8.092045848974774,2.8842258166872057,8.590690576639043,8.590690576639043,0.0,1.0,0.1,0.0,0.0,0.0,0.0,0.0,0.0,0.0,0.0,1.0,38.2,-6.576874475637208,3.85165727188496,7.621715135607765,-6.576874475637208,403.85165727188496,403.90520714533545,324.93416171426475,381.0,1.0,1.2000000000000002,18.879311322387995,2.591120229898536,19.056292925263218,-21.120688677612005,82.59112022989854,85.24890985253808,8.590690576639043,11.0
14_LTAN06_800km_1213COLD_MY_STTLCT_PCDU_HEAT_MY_0p5,11676.5,22.512790078421407,325.58534963317135,326.3627515708089,107.35018971425326,17.03799723581504,108.69386634715782,129.86297979267468,342.6233468689864,366.4084487840563,1.0,24.200000000000003,22.512790078421407,5.585349633171347,23.195297964023585,22.512790078421407,325.58534963317135,326.3627515708089,326.3627515708089,241.0,1.0,3.2,7.96897587644661,-3.831684470967275,8.842306396209068,7.96897587644661,116.16831552903272,116.4413247493015,116.4413247493015,31.0,1.0,0.1,7.96897587644661,2.966297609749404,8.50314636055343,7.96897587644661,2.966297609749404,8.50314636055343,8.50314636055343,0.0,1.0,0.1,0.0,0.0,0.0,0.0,0.0,0.0,0.0,0.0,1.0,24.8,9.862979792674679,22.623346868986403,24.67983375035549,129.86297979267468,342.6233468689864,366.4084487840563,326.3627515708089,247.0,1.0,4.4,-4.680834409300118,20.00429484556446,20.544634896623613,115.31916559069988,20.00429484556446,117.04136775005466,8.50314636055343,43.0
14_LTAN06_800km_1213COLD_MY_STTLCT_PCDU_HEAT_MY_0p5,11737.0,22.333344714372817,327.064500825747,327.8261215744195,-10.663625742927668,155.29113665122514,155.65683421043457,11.66971897144515,482.35563747697216,482.49678065940367,1.0,24.200000000000003,22.333344714372817,7.064500825747018,23.42403590434374,22.333344714372817,327.064500825747,327.8261215744195,327.8261215744195,241.0,1.0,3.2,7.78953051239802,-2.352533278391604,8.137026387416949,7.78953051239802,117.6474667216084,117.90506016119721,117.90506016119721,31.0,1.0,0.1,7.78953051239802,3.036035155699267,8.360280800919407,7.78953051239802,3.036035155699267,8.360280800919407,8.360280800919407,0.0,1.0,0.1,0.0,0.0,0.0,0.0,0.0,0.0,0.0,0.0,1.0,55.400000000000006,11.66971897144515,2.355637476972163,11.905098437032036,11.66971897144515,482.35563747697216,482.49678065940367,327.8261215744195,553.0,1.0,5.800000000000001,-2.8740952305296474,-1.6728281930755884,3.3254740350364798,-2.8740952305296474,158.3271718069244,158.35325622093634,8.360280800919407,57.0
14_LTAN06_800km_1213COLD_MY_STTLCT_PCDU_HEAT_MY_0p5,11797.5,22.099610476054902,328.57938426783574,329.3217340975591,146.89326358758782,116.51311890587891,187.4911671641841,168.99287406364272,445.09250317371465,476.0944526727164,1.0,24.200000000000003,22.099610476054902,8.579384267835735,23.7065100259094,22.099610476054902,328.57938426783574,329.3217340975591,329.3217340975591,241.0,1.0,3.2,7.555796274080105,-0.8376498363028873,7.602086199436379,7.555796274080105,119.16235016369711,119.40165724926504,119.40165724926504,31.0,1.0,0.1,7.555796274080105,3.097969465821791,8.166239780129343,7.555796274080105,3.097969465821791,8.166239780129343,8.166239780129343,0.0,1.0,0.1,0.0,0.0,0.0,0.0,0.0,0.0,0.0,0.0,1.0,47.2,8.992874063642716,5.092503173714647,10.33466847551636,168.99287406364272,445.09250317371465,476.0944526727164,329.3217340975591,471.0,1.0,8.0,-5.5509401383320665,-0.38891162829929726,5.5645474815093845,154.44905986166793,119.6110883717007,195.34923740218665,8.166239780129343,79.0
14_LTAN06_800km_1213COLD_MY_STTLCT_PCDU_HEAT_MY_0p5,11858.0,21.8081314393147,330.1150060291057,330.8345686328303,93.81095152185597,75.96885863183739,120.7135539500851,115.61908296117068,406.0838646609431,422.22254497213817,1.0,24.200000000000003,21.8081314393147,10.1150060291057,24.03971596844004,21.8081314393147,330.1150060291057,330.8345686328303,330.8345686328303,241.0,1.0,3.2,7.2643172373399025,0.6979719249670779,7.297771559370428,7.2643172373399025,120.69797192496708,120.91637908788394,120.91637908788394,31.0,1.0,0.1,7.2643172373399025,3.156197706169337,7.920346512946401,7.2643172373399025,3.156197706169337,7.920346512946401,7.920346512946401,0.0,1.0,0.1,0.0,0.0,0.0,0.0,0.0,0.0,0.0,0.0,1.0,38.800000000000004,-4.380917038829324,6.083864660943107,7.4970556429692765,115.61908296117068,406.0838646609431,422.22254497213817,330.8345686328303,387.0,1.0,1.8,21.07526875919588,-0.8749436619932567,21.093422664043878,101.07526875919588,79.12505633800674,128.3627067930418,7.920346512946401,17.0
14_LTAN06_800km_1213COLD_MY_STTLCT_PCDU_HEAT_MY_0p5,11918.5,21.461393260765508,331.67008554185094,332.36371198437405,101.13896964367444,39.086056418817385,108.42882913210433,122.60036290443995,370.75614196066834,390.5009164981046,1.0,24.200000000000003,21.461393260765508,11.670085541850938,24.429128049264254,21.461393260765508,331.67008554185094,332.36371198437405,332.36371198437405,241.0,1.0,3.2,6.917579058790711,2.2530514377123154,7.275241632798,6.917579058790711,122.25305143771232,122.4486075293082,122.4486075293082,31.0,1.0,0.1,6.917579058790711,3.2211845965830435,7.630788310514428,6.917579058790711,3.2211845965830435,7.630788310514428,7.630788310514428,0.0,1.0,0.1,0.0,0.0,0.0,0.0,0.0,0.0,0.0,0.0,1.0,31.400000000000002,2.6003629044399474,10.756141960668344,11.066005472293858,122.60036290443995,370.75614196066834,390.5009164981046,332.36371198437405,313.0,1.0,4.6000000000000005,-11.94345129753485,2.30724101540045,12.164266932278863,108.05654870246515,42.30724101540045,116.04361404154649,7.630788310514428,45.0
14_LTAN06_800km_1213COLD_MY_STTLCT_PCDU_HEAT_MY_0p5,11979.0,21.063528850852435,333.2369703147862,333.9020075294972,140.56502216582453,77.25366348797859,160.39530535147398,161.62855101667697,410.4906338027648,441.1647639414849,1.0,24.200000000000003,21.063528850852435,13.23697031478622,24.877492453324642,21.063528850852435,333.2369703147862,333.9020075294972,333.9020075294972,241.0,1.0,3.2,6.519714648877638,3.8199362106475974,7.556361012829283,6.519714648877638,123.8199362106476,123.9914645542653,123.9914645542653,31.0,1.0,0.1,6.519714648877638,3.284251632177643,7.300204646874715,6.519714648877638,3.284251632177643,7.300204646874715,7.300204646874715,0.0,1.0,0.1,0.0,0.0,0.0,0.0,0.0,0.0,0.0,0.0,1.0,39.0,1.6285510166769654,10.490633802764819,10.616288240135129,161.62855101667697,410.4906338027648,441.1647639414849,333.9020075294972,389.0,1.0,7.800000000000001,-12.915263185297817,0.5379151201562422,12.926460297467433,147.08473681470218,80.53791512015624,167.6910122092168,7.300204646874715,77.0
14_LTAN06_800km_1213COLD_MY_STTLCT_PCDU_HEAT_MY_0p5,12039.5,20.62133478706112,334.7979342910183,335.43240191420546,56.20345061856287,115.4743324961595,128.42565680917048,76.82478540562398,450.2722667871778,456.77911717840556,1.0,24.400000000000002,-19.37866521293888,14.797934291018294,24.38260701230413,20.62133478706112,334.7979342910183,335.43240191420546,335.43240191420546,243.0,1.0,3.2,6.077520585086322,5.380900186879671,8.117286694660333,6.077520585086322,125.38090018687967,125.5281099520519,125.5281099520519,31.0,1.0,0.1,6.077520585086322,3.353464733090391,6.941324238085194,6.077520585086322,3.353464733090391,6.941324238085194,6.941324238085194,0.0,1.0,0.1,0.0,0.0,0.0,0.0,0.0,0.0,0.0,0.0,1.0,46.800000000000004,-3.1752145943760155,10.272266787177784,10.75181159932103,76.82478540562398,450.2722667871778,456.77911717840556,335.43240191420546,467.0,1.0,3.4000000000000004,22.280971203649187,-1.1722027707501184,22.311784713769505,62.28097120364919,118.82779722924988,134.1602205142251,6.941324238085194,33.0
14_LTAN06_800km_1213COLD_MY_STTLCT_PCDU_HEAT_MY_0p5,12100.0,20.136513697571047,336.3526918905752,336.9549117106452,96.57607257624909,78.939104668059,124.73299499349683,116.71258627382014,415.29179655863425,431.3804632614022,0.0,nan,nan,nan,nan,20.136513697571047,336.3526918905752,336.9549117106452,336.9549117106452,nan,1.0,3.2,5.59269949559625,6.935657786436593,8.909637286590351,5.59269949559625,126.9356577864366,127.0588033365787,127.0588033365787,31.0,1.0,0.1,5.59269949559625,3.4307767923241954,6.561136871517987,5.59269949559625,3.4307767923241954,6.561136871517987,6.561136871517987,0.0,1.0,0.1,0.0,0.0,0.0,0.0,0.0,0.0,0.0,0.0,1.0,38.800000000000004,-3.2874137261798637,15.291796558634246,15.641167827171152,116.71258627382014,415.29179655863425,431.3804632614022,336.9549117106452,387.0,1.0,1.8,22.16877207184534,2.369881460383226,22.29508451003714,102.16877207184534,82.36988146038323,131.23740076085883,6.561136871517987,17.0
14_LTAN06_800km_1213COLD_MY_STTLCT_PCDU_HEAT_MY_0p5,12160.5,19.624264616351297,337.8940344590696,338.46342532799537,41.44974607615326,-55.444100197026486,69.22520997754717,61.07401069250456,282.4499342620431,288.97750802908627,0.0,nan,nan,nan,nan,19.624264616351297,337.8940344590696,338.46342532799537,338.46342532799537,nan,1.0,3.2,5.0804504143765,8.477000354930965,9.882839239329863,5.0804504143765,128.47700035493096,128.5774109111467,128.5774109111467,31.0,1.0,0.1,5.0804504143765,3.5059408432738337,6.172730158485303,5.0804504143765,3.5059408432738337,6.172730158485303,6.172730158485303,0.0,1.0,0.1,0.0,0.0,0.0,0.0,0.0,0.0,0.0,0.0,1.0,18.6,21.074010692504558,2.4499342620430866,21.215939869733063,61.07401069250456,282.4499342620431,288.97750802908627,338.46342532799537,185.0,1.0,0.7000000000000001,6.530196490529761,-11.938159353752667,13.607465412798943,46.53019649052976,-51.93815935375267,69.73257189078224,6.172730158485303,6.0
14_LTAN06_800km_1213COLD_MY_STTLCT_PCDU_HEAT_MY_0p5,12221.0,19.099412673824386,339.41561917942346,339.952570379217,157.54525612114568,-13.71293271263535,158.14092528456592,176.64466879497007,325.7026864667881,370.5206863123401,0.0,nan,nan,nan,nan,19.099412673824386,339.41561917942346,339.952570379217,339.952570379217,nan,1.0,3.2,4.5555984718495885,9.998585075284836,10.987501123750887,4.5555984718495885,129.99858507528484,130.07838251997444,130.07838251997444,31.0,1.0,0.1,4.5555984718495885,3.56788238704587,5.786472341980945,4.5555984718495885,3.56788238704587,5.786472341980945,5.786472341980945,0.0,1.0,0.1,0.0,0.0,0.0,0.0,0.0,0.0,0.0,0.0,1.0,25.0,16.644668794970073,5.702686466788123,17.594477321953583,176.64466879497007,325.7026864667881,370.5206863123401,339.952570379217,249.0,1.0,7.4,2.10085459299529,-10.145050325589466,10.360291314902895,162.1008545929953,-10.145050325589466,162.41800733258657,5.786472341980945,73.0
14_LTAN06_800km_1213COLD_MY_STTLCT_PCDU_HEAT_MY_0p5,12281.5,18.562878193118927,340.91899037119254,341.42398633154914,95.7483084322187,-13.082456866019243,96.63792860612513,114.31118662533763,327.8365335051733,347.1942397108302,0.0,nan,nan,nan,nan,18.562878193118927,340.91899037119254,341.42398633154914,341.42398633154914,nan,1.0,3.2,4.0190639911441295,11.501956267053913,12.183918636224233,4.0190639911441295,131.5019562670539,131.56335879501964,131.56335879501964,31.0,1.0,0.1,4.0190639911441295,3.6226267860836856,5.410757820875223,4.0190639911441295,3.6226267860836856,5.410757820875223,5.410757820875223,0.0,1.0,0.1,0.0,0.0,0.0,0.0,0.0,0.0,0.0,0.0,1.0,24.8,-5.688813374662374,7.836533505173293,9.683690153523145,114.31118662533763,327.8365335051733,347.1942397108302,341.42398633154914,247.0,1.0,2.2,19.76737242336283,-9.459830079935557,21.914319466165924,99.76737242336283,-9.459830079935557,100.2148541155613,5.410757820875223,21.0
14_LTAN06_800km_1213COLD_MY_STTLCT_PCDU_HEAT_MY_0p5,12342.0,18.029261388542125,342.42429514861936,342.8986033425117,92.81641746294764,0.15617650694700203,92.81654885718115,110.84567885148977,342.5804716555664,360.0668605686976,0.0,nan,nan,nan,nan,18.029261388542125,342.42429514861936,342.8986033425117,342.8986033425117,nan,1.0,3.2,3.4854471865673275,13.007261044480742,13.466149485640516,3.4854471865673275,133.00726104448074,133.05292117291148,133.05292117291148,31.0,1.0,0.1,3.4854471865673275,3.6749729734718812,5.064954930312693,3.4854471865673275,3.6749729734718812,5.064954930312693,5.064954930312693,0.0,1.0,0.1,0.0,0.0,0.0,0.0,0.0,0.0,0.0,0.0,1.0,24.8,-9.154321148510235,22.580471655566384,24.365535000855175,110.84567885148977,342.5804716555664,360.0668605686976,342.8986033425117,247.0,1.0,2.2,16.301864649514968,3.831149480418901,16.74599944441716,96.30186464951497,3.831149480418901,96.37804128179205,5.064954930312693,21.0
14_LTAN06_800km_1213COLD_MY_STTLCT_PCDU_HEAT_MY_0p5,12402.5,17.50431211170706,343.9384092875958,344.38355118353985,67.41247360826016,88.31568252303208,111.10401152745732,84.91678571996721,432.25409181062787,440.51612953902327,1.0,30.8,17.50431211170706,-16.06159071240421,23.756591479352494,17.50431211170706,343.9384092875958,344.38355118353985,344.38355118353985,307.0,1.0,3.2,2.9604979097322612,14.521375183457167,14.820083842281553,2.9604979097322612,134.52137518345717,134.55394802502815,134.55394802502815,31.0,1.0,0.1,2.9604979097322612,3.7299941974860076,4.762079859348053,2.9604979097322612,3.7299941974860076,4.762079859348053,4.762079859348053,0.0,1.0,0.1,0.0,0.0,0.0,0.0,0.0,0.0,0.0,0.0,1.0,46.800000000000004,4.9167857199672085,-7.74590818937213,9.17463217215032,84.91678571996721,432.25409181062787,440.51612953902327,344.38355118353985,467.0,1.0,1.8,-9.627028482007589,12.045676720518088,15.420052044290147,70.37297151799241,92.04567672051809,115.86527401775865,4.762079859348053,17.0
14_LTAN06_800km_1213COLD_MY_STTLCT_PCDU_HEAT_MY_0p5,12463.0,16.98815131856173,345.4603505342562,345.87779789468055,28.441559275610615,10.535488398204592,30.330163366140575,45.42971059417235,355.99583893246074,358.8828443125929,1.0,30.8,16.98815131856173,-14.539649465743821,22.360650522939963,16.98815131856173,345.4603505342562,345.87779789468055,345.87779789468055,307.0,1.0,3.2,2.444337116586933,16.043316430117557,16.2284560576909,2.444337116586933,136.04331643011756,136.065273781537,136.065273781537,31.0,1.0,0.1,2.444337116586933,3.784880361472574,4.505563592957632,2.444337116586933,3.784880361472574,4.505563592957632,4.505563592957632,0.0,1.0,0.1,0.0,0.0,0.0,0.0,0.0,0.0,0.0,0.0,1.0,31.0,5.429710594172349,-4.004161067539258,6.746485232420254,45.42971059417235,355.99583893246074,358.8828443125929,345.87779789468055,309.0,1.0,0.8,-9.114103607802448,14.320368759677137,16.97468250032661,30.88589639219755,14.320368759677137,34.044258801781815,4.505563592957632,7.0
14_LTAN06_800km_1213COLD_MY_STTLCT_PCDU_HEAT_MY_0p5,12523.5,16.48377665718059,347.0059404587492,347.3972331590233,14.11029680594578,53.004507008288904,54.850508102875686,30.59407346312637,400.0104474670381,401.17870757786636,1.0,30.8,16.48377665718059,-12.994059541250806,20.989532539944353,16.48377665718059,347.0059404587492,347.3972331590233,347.3972331590233,307.0,1.0,3.2,1.9399624552057944,17.58890635461057,17.695566706914708,1.9399624552057944,137.58890635461057,137.6025821203418,137.6025821203418,31.0,1.0,0.1,1.9399624552057944,3.846995224281045,4.308459885301157,1.9399624552057944,3.846995224281045,4.308459885301157,4.308459885301157,0.0,1.0,0.1,0.0,0.0,0.0,0.0,0.0,0.0,0.0,0.0,1.0,38.400000000000006,-9.40592653687363,0.010447467038090963,9.405932339041732,30.59407346312637,400.0104474670381,401.17870757786636,347.3972331590233,383.0,1.0,0.4,16.050259261151574,16.851502232569942,23.271956296033466,16.050259261151574,56.85150223256994,59.07371774698192,4.308459885301157,3.0
14_LTAN06_800km_1213COLD_MY_STTLCT_PCDU_HEAT_MY_0p5,12584.0,15.99128182628986,348.57456606041643,348.94118300747397,46.34905376383164,55.721023822158955,72.4780468872621,62.3403355901215,404.29558988257537,409.07363816309226,1.0,30.8,15.99128182628986,-11.42543393958357,19.65354001587542,15.99128182628986,348.57456606041643,348.94118300747397,348.94118300747397,307.0,1.0,3.2,1.4474676243150633,19.157531956277808,19.21213661150799,1.4474676243150633,139.1575319562778,139.16505977682013,139.16505977682013,31.0,1.0,0.1,1.4474676243150633,3.9176039774483797,4.17645584767272,1.4474676243150633,3.9176039774483797,4.17645584767272,4.17645584767272,0.0,1.0,0.1,0.0,0.0,0.0,0.0,0.0,0.0,0.0,0.0,1.0,38.400000000000006,22.340335590121498,4.295589882575371,22.749564539096855,62.3403355901215,404.29558988257537,409.07363816309226,348.94118300747397,383.0,1.0,0.6000000000000001,7.796521388146701,19.63862779960732,21.129634346276283,47.7965213881467,59.63862779960732,76.42822373068512,4.17645584767272,5.0
14_LTAN06_800km_1213COLD_MY_STTLCT_PCDU_HEAT_MY_0p5,12644.5,15.51113522851174,350.1648776482462,350.50825504471135,12.02372079260103,42.93057229518496,44.58255151166798,27.53485602111277,393.09544994343116,394.05862642801264,1.0,30.8,15.51113522851174,-9.835122351753796,18.36640813417651,15.51113522851174,350.1648776482462,350.50825504471135,350.50825504471135,307.0,1.0,3.2,0.9673210265369434,20.74784354410758,20.77038087515843,0.9673210265369434,140.74784354410758,140.75116756988186,140.75116756988186,31.0,1.0,0.1,0.9673210265369434,3.9978845062569235,4.113245737097365,0.9673210265369434,3.9978845062569235,4.113245737097365,4.113245737097365,0.0,1.0,0.1,0.0,0.0,0.0,0.0,0.0,0.0,0.0,0.0,1.0,38.400000000000006,-12.46514397888723,-6.904550056568837,14.249653536070738,27.53485602111277,393.09544994343116,394.05862642801264,350.50825504471135,383.0,1.0,0.4,12.991041819137973,6.928456801441882,14.723134217823253,12.991041819137973,46.92845680144188,48.69340022335048,4.113245737097365,3.0
14_LTAN06_800km_1213COLD_MY_STTLCT_PCDU_HEAT_MY_0p5,12705.0,15.04627000208677,351.77625130673755,352.09788585618725,25.8408335857795,98.59548531561762,101.92555324858492,40.88710358786627,450.3717366223552,452.2239007262232,1.0,30.8,15.04627000208677,-8.22374869326245,17.14701966948286,15.04627000208677,351.77625130673755,352.09788585618725,352.09788585618725,307.0,1.0,3.2,0.5024558001119726,22.359217202598927,22.36486207746567,0.5024558001119726,142.35921720259893,142.36010390684535,142.36010390684535,31.0,1.0,0.1,0.5024558001119726,4.06976539647718,4.100664850171156,0.5024558001119726,4.06976539647718,4.100664850171156,4.100664850171156,0.0,1.0,0.1,0.0,0.0,0.0,0.0,0.0,0.0,0.0,0.0,1.0,46.6,0.887103587866271,10.371736622355172,10.409604859893035,40.88710358786627,450.3717366223552,452.2239007262232,352.09788585618725,465.0,1.0,3.4000000000000004,-13.656710614108526,-17.334749287905197,22.068060124805584,26.343289385891474,102.6652507120948,105.99114396706031,4.100664850171156,33.0
14_LTAN06_800km_1213COLD_MY_STTLCT_PCDU_HEAT_MY_0p5,12765.5,14.595514263118243,353.4083068676067,353.7095706927272,62.05174870415837,141.96584256429125,154.93456674426514,76.64726296727662,495.374149431898,501.2687411416667,1.0,30.8,14.595514263118243,-6.591693132393289,16.01497595866222,14.595514263118243,353.4083068676067,353.7095706927272,353.7095706927272,307.0,1.0,3.2,0.05170006114344616,23.99127276346809,23.99132846899996,0.05170006114344616,143.9912727634681,143.99128204492033,143.99128204492033,31.0,1.0,0.1,0.05170006114344616,4.146606414044072,4.146928700775271,0.05170006114344616,4.146606414044072,4.146928700775271,4.146928700775271,0.0,1.0,0.1,0.0,0.0,0.0,0.0,0.0,0.0,0.0,0.0,1.0,55.800000000000004,-3.3527370327233825,15.37414943189799,15.735479540354786,76.64726296727662,495.374149431898,501.2687411416667,353.7095706927272,557.0,1.0,6.2,-17.89655123469818,-13.887551021664649,22.65282806793703,62.10344876530182,146.11244897833535,158.76298716952613,4.146928700775271,61.0
14_LTAN06_800km_1213COLD_MY_STTLCT_PCDU_HEAT_MY_0p5,12826.0,14.1567056646376,355.0582430891648,355.34035557594586,-0.2878404522455371,85.7257577245033,85.7262409625325,13.868865212392063,440.7840008136681,441.0021324161407,1.0,30.8,14.1567056646376,-4.941756910835181,14.994441524810773,14.1567056646376,355.0582430891648,355.34035557594586,355.34035557594586,307.0,1.0,5.800000000000001,-0.3871085373371965,-14.358791014973804,14.364008229995267,-0.3871085373371965,145.6412089850262,145.64172344366074,145.64172344366074,57.0,1.0,0.1,-0.3871085373371965,4.216543212725469,4.234275579654749,-0.3871085373371965,4.216543212725469,4.234275579654749,4.234275579654749,0.0,1.0,0.1,0.0,0.0,0.0,0.0,0.0,0.0,0.0,0.0,1.0,46.400000000000006,13.868865212392063,0.7840008136681149,13.891007146903748,13.868865212392063,440.7840008136681,441.0021324161407,355.34035557594586,463.0,1.0,1.4000000000000001,-0.6749489895827345,9.942300937228765,9.965184597635847,-0.6749489895827345,89.94230093722877,89.94483339259438,4.234275579654749,13.0
14_LTAN06_800km_1213COLD_MY_STTLCT_PCDU_HEAT_MY_0p5,12886.5,13.727458587318958,356.721699855544,356.9857339825996,78.93953630393138,48.735687159678086,92.77185777381906,92.66699489125034,405.4573870152221,415.91208761874975,1.0,30.8,13.727458587318958,-3.2783001444560114,14.113481891570816,13.727458587318958,356.721699855544,356.9857339825996,356.9857339825996,307.0,1.0,5.800000000000001,-0.8163556146558388,-12.695334248594634,12.721554471569895,-0.8163556146558388,147.30466575140537,147.30692783648308,147.30692783648308,57.0,1.0,0.1,-0.8163556146558388,4.281911742423915,4.359037125270663,-0.8163556146558388,4.281911742423915,4.359037125270663,4.359037125270663,0.0,1.0,0.1,0.0,0.0,0.0,0.0,0.0,0.0,0.0,0.0,1.0,38.6,12.66699489125034,5.457387015222082,13.792600647045386,92.66699489125034,405.4573870152221,415.91208761874975,356.9857339825996,385.0,1.0,2.4000000000000004,-1.876819310724457,13.017598902102009,13.152198747780375,78.12318068927554,53.01759890210201,94.41449652650468,4.359037125270663,23.0
14_LTAN06_800km_1213COLD_MY_STTLCT_PCDU_HEAT_MY_0p5,12947.0,13.307852139684394,358.3975475748474,358.6445329797134,69.37690029274151,-78.29854232479626,104.61269533100133,82.68475243242591,280.09900525005116,292.0483196782336,1.0,30.8,13.307852139684394,-1.6024524251525918,13.403983823721212,13.307852139684394,358.3975475748474,358.6445329797134,358.6445329797134,307.0,1.0,5.800000000000001,-1.2359620622904028,-11.019486529291214,11.088583569989977,-1.2359620622904028,148.9805134707088,148.98564023494166,148.98564023494166,57.0,1.0,0.1,-1.2359620622904028,4.342713400086836,4.515170195542457,-1.2359620622904028,4.342713400086836,4.515170195542457,4.515170195542457,0.0,1.0,0.1,0.0,0.0,0.0,0.0,0.0,0.0,0.0,0.0,1.0,18.8,2.6847524324259098,0.09900525005116378,2.6865773137869184,82.68475243242591,280.09900525005116,292.0483196782336,358.6445329797134,187.0,1.0,1.9000000000000001,-11.859061769548887,6.044171075290592,13.310497738302479,68.14093823045111,-73.95582892470941,100.56168303517518,4.515170195542457,18.0
14_LTAN06_800km_1213COLD_MY_STTLCT_PCDU_HEAT_MY_0p5,13007.5,12.899873600107846,360.0750760357056,360.30607422165104,170.54934325235632,80.27328275417034,188.49636178966702,183.44921685246416,440.34835878987593,477.0327999757666,1.0,30.8,12.899873600107846,0.0750760357055924,12.90009206594653,12.899873600107846,360.0750760357056,360.30607422165104,360.30607422165104,307.0,1.0,5.800000000000001,-1.6439406018669516,-9.34195806843303,9.485500580086834,-1.6439406018669516,150.65804193156697,150.66701078655626,150.66701078655626,57.0,1.0,0.1,-1.6439406018669516,4.395893535062271,4.693231368052181,-1.6439406018669516,4.395893535062271,4.693231368052181,4.693231368052181,0.0,1.0,0.1,0.0,0.0,0.0,0.0,0.0,0.0,0.0,0.0,1.0,47.2,23.44921685246416,0.34835878987593105,23.451804298185095,183.44921685246416,440.34835878987593,477.0327999757666,360.30607422165104,471.0,1.0,7.800000000000001,8.90540265048935,4.66917628923261,10.055217729481283,168.90540265048935,84.66917628923261,188.93889080340523,4.693231368052181,77.0
14_LTAN06_800km_1213COLD_MY_STTLCT_PCDU_HEAT_MY_0p5,13068.0,12.504343355873884,361.74761500307255,361.96366608151817,162.9886591458815,80.57544375547987,181.81778006170038,175.4930025017554,442.3230587585524,475.86498320070046,1.0,30.8,12.504343355873884,1.7476150030725535,12.625876641269375,12.504343355873884,361.74761500307255,361.96366608151817,361.96366608151817,307.0,1.0,5.800000000000001,-2.0394708461009134,-7.669419101066069,7.935958082039789,-2.0394708461009134,152.33058089893393,152.34423296711546,152.34423296711546,57.0,1.0,0.1,-2.0394708461009134,4.443346446873932,4.88904581478255,-2.0394708461009134,4.443346446873932,4.88904581478255,4.88904581478255,0.0,1.0,0.1,0.0,0.0,0.0,0.0,0.0,0.0,0.0,0.0,1.0,47.2,15.493002501755399,2.3230587585524063,15.666197002306784,175.4930025017554,442.3230587585524,475.86498320070046,361.96366608151817,471.0,1.0,7.800000000000001,0.9491882997805874,5.0187902023537845,5.107760127852785,160.9491882997806,85.01879020235378,182.02427283697654,4.88904581478255,77.0
14_LTAN06_800km_1213COLD_MY_STTLCT_PCDU_HEAT_MY_0p5,13128.5,12.120623846541475,363.4148297834028,363.61689733692106,26.06273973387589,29.257595310726163,39.182563543009515,38.183363580417364,392.672425094129,394.52452735364716,1.0,30.8,12.120623846541475,3.4148297834028085,12.592481283645599,12.120623846541475,363.4148297834028,363.61689733692106,363.61689733692106,307.0,1.0,5.800000000000001,-2.423190355433322,-6.002204320735814,6.472890251388844,-2.423190355433322,153.9977956792642,154.01685922512206,154.01685922512206,57.0,1.0,0.1,-2.423190355433322,4.495758867011318,5.107220309422334,-2.423190355433322,4.495758867011318,5.107220309422334,5.107220309422334,0.0,1.0,0.1,0.0,0.0,0.0,0.0,0.0,0.0,0.0,0.0,1.0,38.400000000000006,-1.816636419582636,-7.327574905871018,7.549405399242027,38.183363580417364,392.672425094129,394.52452735364716,363.61689733692106,383.0,1.0,0.4,23.639549378442567,-6.246645822262508,24.45094842423529,23.639549378442567,33.75335417773749,41.20821778557784,5.107220309422334,3.0
14_LTAN06_800km_1213COLD_MY_STTLCT_PCDU_HEAT_MY_0p5,13189.0,12.938130522006812,321.8234632772051,322.0834313297396,115.92762224787148,63.02377648163268,131.9515441442501,128.8657527698783,384.8472397588378,405.8494550777958,1.0,24.200000000000003,12.938130522006812,1.8234632772051214,13.065995550580901,12.938130522006812,321.8234632772051,322.0834313297396,322.0834313297396,241.0,1.0,3.2,-1.605683679967985,-7.593570826933501,7.761477822152883,-1.605683679967985,112.4064291730665,112.41789688265713,112.41789688265713,31.0,1.0,0.1,-1.605683679967985,2.9505552170934948,3.35916599310501,-1.605683679967985,2.9505552170934948,3.35916599310501,3.35916599310501,0.0,1.0,0.1,0.0,0.0,0.0,0.0,0.0,0.0,0.0,0.0,1.0,38.800000000000004,8.865752769878299,-15.152760241162184,17.555845610586527,128.8657527698783,384.8472397588378,405.8494550777958,322.0834313297396,387.0,1.0,4.800000000000001,-5.678061432096499,-14.02566830127381,15.131416091166708,114.3219385679035,65.97433169872619,131.9928713265116,3.35916599310501,47.0
14_LTAN06_800km_1213COLD_MY_STTLCT_PCDU_HEAT_MY_0p5,13249.5,13.6820786873762,282.26851311795906,282.5999164455485,32.87068043075135,-16.852007806083307,36.93875741111052,46.55275911812755,265.41650531187577,269.4681440791831,1.0,18.400000000000002,13.6820786873762,2.26851311795906,13.868865453738685,13.6820786873762,282.26851311795906,282.5999164455485,282.5999164455485,183.0,1.0,1.4000000000000001,-0.8617355145985979,-7.148520986179562,7.200273632784391,-0.8617355145985979,72.85147901382044,72.85657542458497,72.85657542458497,13.0,1.0,0.1,-0.8617355145985979,5.110619242489577,5.182761535979178,-0.8617355145985979,5.110619242489577,5.182761535979178,5.182761535979178,0.0,1.0,0.1,0.0,0.0,0.0,0.0,0.0,0.0,0.0,0.0,1.0,18.6,6.552759118127547,-14.583494688124233,15.98802581242448,46.55275911812755,265.41650531187577,269.4681440791831,282.5999164455485,185.0,1.0,0.8,-7.99105508384725,-11.741388563593716,14.202716879328767,32.00894491615275,-11.741388563593716,34.0944681736875,5.182761535979178,7.0
14_LTAN06_800km_1213COLD_MY_STTLCT_PCDU_HEAT_MY_0p5,13310.0,14.35368401458635,244.7281078890253,245.1486794492946,83.49432195697239,166.20215891446216,185.99585862831114,97.84800597155873,410.9302668034875,422.4191241501686,1.0,13.4,14.35368401458635,4.728107889025296,15.112354184601912,14.35368401458635,244.7281078890253,245.1486794492946,245.1486794492946,133.0,1.0,0.4,-0.19013018738844778,-4.688926215113327,4.692779404461001,-0.19013018738844778,35.31107378488667,35.31158565301008,35.31158565301008,3.0,1.0,0.1,-0.19013018738844778,6.839933346920105,6.842575368855358,-0.19013018738844778,6.839933346920105,6.842575368855358,6.842575368855358,0.0,1.0,0.1,0.0,0.0,0.0,0.0,0.0,0.0,0.0,0.0,1.0,38.6,17.848005971558734,10.930266803487484,20.928976314101384,97.84800597155873,410.9302668034875,422.4191241501686,245.1486794492946,385.0,1.0,6.2,3.3041917695839373,13.042092261382294,13.454138909814858,83.30419176958394,173.0420922613823,192.04987388847815,6.842575368855358,61.0
14_LTAN06_800km_1213COLD_MY_STTLCT_PCDU_HEAT_MY_0p5,13370.5,14.958025390114363,209.12420121319388,209.6584700331177,41.43183138536615,39.03162180483315,56.92156140392618,56.38985677548052,248.15582301802704,254.482078828576,1.0,9.200000000000001,14.958025390114363,9.124201213193885,17.521232015761754,14.958025390114363,209.12420121319388,209.6584700331177,209.6584700331177,91.0,1.0,0.1,0.41421118813956603,-0.2928328909447373,0.5072691695727658,0.41421118813956603,-0.2928328909447373,0.5072691695727658,0.5072691695727658,0.0,1.0,0.1,0.41421118813956603,8.167563826785766,8.17806026958712,0.41421118813956603,8.167563826785766,8.17806026958712,8.17806026958712,0.0,1.0,0.1,0.0,0.0,0.0,0.0,0.0,0.0,0.0,0.0,1.0,13.600000000000001,16.389856775480517,8.155823018027036,18.3069619058473,56.38985677548052,248.15582301802704,254.482078828576,209.6584700331177,135.0,1.0,0.6000000000000001,1.84604257350572,7.199185631618917,7.432102457696872,41.84604257350572,47.19918563161892,63.07816106507604,8.17806026958712,5.0
14_LTAN06_800km_1213COLD_MY_STTLCT_PCDU_HEAT_MY_0p5,13431.0,15.497757255308349,175.39329952117728,176.07665943239004,40.84561886577485,110.208332260352,117.53399967726907,56.3433761210832,285.60163178152925,291.1062831836408,1.0,5.800000000000001,15.497757255308349,15.393299521177283,21.843400607349107,15.497757255308349,175.39329952117728,176.07665943239004,176.07665943239004,57.0,1.0,0.5,0.9539430533335516,5.976265417038661,6.051921652161041,0.9539430533335516,-34.02373458296134,34.037105081378506,34.037105081378506,4.0,1.0,0.1,0.9539430533335516,9.076108127246243,9.126102458687862,0.9539430533335516,9.076108127246243,9.126102458687862,9.126102458687862,0.0,1.0,0.1,0.0,0.0,0.0,0.0,0.0,0.0,0.0,0.0,1.0,18.6,16.343376121083203,5.60163178152925,17.276695912443188,56.3433761210832,285.60163178152925,291.1062831836408,176.07665943239004,185.0,1.0,3.4000000000000004,1.799561919108406,-0.7155596124017904,1.936607513051039,41.799561919108406,119.28444038759821,126.39612769073207,9.126102458687862,33.0
14_LTAN06_800km_1213COLD_MY_STTLCT_PCDU_HEAT_MY_0p5,13491.5,15.977203130579506,143.45475797446082,144.34174242188894,102.56878465452624,50.70861653790243,114.41905163343476,118.54598778510575,194.16337451236325,227.4919058383719,1.0,5.800000000000001,15.977203130579506,-16.54524202553918,23.000348987775542,15.977203130579506,143.45475797446082,144.34174242188894,144.34174242188894,57.0,1.0,1.5,1.4333889286047086,14.037723870322196,14.110715618991835,1.4333889286047086,-65.9622761296778,65.97784837374215,65.97784837374215,14.0,1.0,0.1,1.4333889286047086,9.694941894522742,9.800331737182102,1.4333889286047086,9.694941894522742,9.800331737182102,9.800331737182102,0.0,1.0,0.1,0.0,0.0,0.0,0.0,0.0,0.0,0.0,0.0,1.0,9.8,-1.4540122148942487,-5.836625487636752,6.015010274637329,118.54598778510575,194.16337451236325,227.4919058383719,144.34174242188894,97.0,0.0,nan,nan,nan,nan,104.00217358313095,60.40355843242517,120.27070292184669,9.800331737182102,nan
14_LTAN06_800km_1213COLD_MY_STTLCT_PCDU_HEAT_MY_0p5,13552.0,16.402274641643626,113.21211091553944,114.3941286577782,15.095621071613408,70.06072861077294,71.66856681286515,31.497895713257034,183.2728395263124,185.95981055701435,1.0,3.2,16.402274641643626,-6.787889084460559,17.751339432359586,16.402274641643626,113.21211091553944,114.3941286577782,114.3941286577782,31.0,1.0,1.5,1.8584604396688285,-16.20492318859918,16.311143759841414,1.8584604396688285,-96.20492318859918,96.22287212991557,96.22287212991557,14.0,1.0,0.1,1.8584604396688285,10.006490004860268,10.17760862988858,1.8584604396688285,10.006490004860268,10.17760862988858,10.17760862988858,0.0,1.0,0.1,0.0,0.0,0.0,0.0,0.0,0.0,0.0,0.0,1.0,6.0,-8.502104286742966,23.272839526312396,24.777224156877253,31.497895713257034,183.2728395263124,185.95981055701435,114.3941286577782,59.0,1.0,1.4000000000000001,16.954081511282237,0.06721861563322307,16.954214763105067,16.954081511282237,80.06721861563322,81.84253403172953,10.17760862988858,13.0
14_LTAN06_800km_1213COLD_MY_STTLCT_PCDU_HEAT_MY_0p5,13612.5,16.77673169394327,84.58540831018166,86.23311443599094,60.22251179594693,37.8570725290191,71.13303639997649,76.9992434898902,122.44248083920075,144.64108894803525,1.0,1.4000000000000001,16.77673169394327,4.585408310181663,17.392087157717548,16.77673169394327,84.58540831018166,86.23311443599094,86.23311443599094,13.0,1.0,3.3000000000000003,2.232917491968472,-4.83162579395696,5.322642984342364,2.232917491968472,-124.83162579395696,124.85159477911542,124.85159477911542,32.0,1.0,0.1,2.232917491968472,10.043791463769523,10.289007118941472,2.232917491968472,10.043791463769523,10.289007118941472,10.289007118941472,0.0,1.0,0.1,0.0,0.0,0.0,0.0,0.0,0.0,0.0,0.0,1.0,3.6,-3.0007565101097953,2.442480839200755,3.8691410264849666,76.9992434898902,122.44248083920075,144.64108894803525,86.23311443599094,35.0,1.0,0.6000000000000001,22.455429287915408,7.900863992788615,23.804830525276014,62.45542928791541,47.900863992788615,78.70942395160463,10.289007118941472,5.0
14_LTAN06_800km_1213COLD_MY_STTLCT_PCDU_HEAT_MY_0p5,13673.0,17.104910911649544,57.47888906773053,59.96999804698962,13.881124807805588,93.99712329968933,95.0165502138805,30.98603571945513,151.47601236741986,154.6127961468328,1.0,0.4,17.104910911649544,17.478889067730528,24.4558692410942,17.104910911649544,57.47888906773053,59.96999804698962,59.96999804698962,3.0,1.0,5.9,2.5610967096747466,8.061854963591912,8.45888419416523,2.5610967096747466,-151.9381450364081,151.95972865684146,151.95972865684146,58.0,1.0,0.1,2.5610967096747466,9.819428074772112,10.147925111663445,2.5610967096747466,9.819428074772112,10.147925111663445,10.147925111663445,0.0,1.0,0.1,0.0,0.0,0.0,0.0,0.0,0.0,0.0,0.0,1.0,6.0,-9.013964280544869,-8.523987632580145,12.406043576068804,30.98603571945513,151.47601236741986,154.6127961468328,59.96999804698962,59.0,1.0,3.2,16.442221517480334,-16.18344862553856,23.070558247371025,16.442221517480334,103.81655137446144,105.11052748281728,10.147925111663445,31.0
14_LTAN06_800km_1213COLD_MY_STTLCT_PCDU_HEAT_MY_0p5,13733.5,17.39134770084393,31.79935379439072,36.244418557792876,77.75408263773429,25.165822579130797,81.72524697374675,95.14543033857822,56.965176373521516,110.89492429132929,1.0,0.4,17.39134770084393,-8.200646205609281,19.22783329034302,17.39134770084393,31.79935379439072,36.244418557792876,36.244418557792876,3.0,1.0,5.9,2.847533498869133,-17.617680309747897,17.84631913094856,2.847533498869133,-177.6176803097479,177.64050440607005,177.64050440607005,58.0,1.0,0.1,2.847533498869133,9.457880703515201,9.87724427303016,2.847533498869133,9.457880703515201,9.87724427303016,9.87724427303016,0.0,1.0,0.1,0.0,0.0,0.0,0.0,0.0,0.0,0.0,0.0,1.0,2.4000000000000004,15.145430338578223,16.965176373521516,22.74205948293642,95.14543033857822,56.965176373521516,110.89492429132929,36.244418557792876,23.0,1.0,2.4000000000000004,0.6016161366034254,-5.376296717354002,5.409852897154695,80.60161613660343,34.623703282646,87.72355073090168,9.87724427303016,23.0
14_LTAN06_800km_1213COLD_MY_STTLCT_PCDU_HEAT_MY_0p5,13794.0,17.64014362482441,7.472958239733358,19.15776009760097,53.13508131599529,93.44176455459076,107.49279152358545,70.7752249408197,100.91472279432412,123.25953813834816,1.0,0.1,17.64014362482441,7.472958239733358,19.15776009760097,17.64014362482441,7.472958239733358,19.15776009760097,19.15776009760097,0.0,1.0,9.3,3.096329422849614,-1.9440758644052778,3.6560479840077797,3.096329422849614,-201.94407586440528,201.9678118726434,201.9678118726434,92.0,1.0,0.1,3.096329422849614,8.956370342340012,9.476488041671976,3.096329422849614,8.956370342340012,9.476488041671976,9.476488041671976,0.0,1.0,0.1,0.0,0.0,0.0,0.0,0.0,0.0,0.0,0.0,1.0,1.8,-9.224775059180303,20.91472279432412,22.85874240757562,70.7752249408197,100.91472279432412,123.25953813834816,19.15776009760097,17.0,1.0,3.4000000000000004,16.2314107388449,-17.60186510306923,23.94335710963974,56.2314107388449,102.39813489693077,116.82187117167193,9.476488041671976,33.0
14_LTAN06_800km_1213COLD_MY_STTLCT_PCDU_HEAT_MY_0p5,13854.5,17.857271528298,-15.588634655838998,23.704170031211536,202.85164472937328,-5.698120632778542,202.9316593046969,220.70891625767126,-21.28675528861754,221.73306398990934,1.0,0.1,17.857271528298,-15.588634655838998,23.704170031211536,17.857271528298,-15.588634655838998,23.704170031211536,23.704170031211536,0.0,1.0,13.5,3.313457326323203,14.994331240022376,15.356072700689973,3.313457326323203,-225.00566875997762,225.0300645993289,225.0300645993289,134.0,1.0,0.1,3.313457326323203,8.315138840633733,8.951007395393024,3.313457326323203,8.315138840633733,8.951007395393024,8.951007395393024,0.0,1.0,0.1,0.0,0.0,0.0,0.0,0.0,0.0,0.0,0.0,0.0,nan,nan,nan,nan,220.70891625767126,-21.28675528861754,221.73306398990934,23.704170031211536,nan,1.0,11.200000000000001,6.1651020556964795,2.617018207855189,6.697556842416385,206.16510205569648,2.617018207855189,206.18171133719883,8.951007395393024,111.0
14_LTAN06_800km_1213COLD_MY_STTLCT_PCDU_HEAT_MY_0p5,13915.0,18.04669562545718,-37.45955131985102,41.58005781720905,107.39494431771452,50.26848910358753,118.57738005944682,125.4416399431717,12.808937783736503,126.09390912641246,1.0,0.5,18.04669562545718,2.5404486801489767,18.22462900841512,18.04669562545718,-37.45955131985102,41.58005781720905,41.58005781720905,4.0,1.0,13.5,3.502881423482382,-6.8765854239896385,7.717357407844004,3.502881423482382,-246.87658542398964,246.9014350077282,246.9014350077282,134.0,1.0,0.1,3.502881423482382,7.5227242629239655,8.298286485953765,3.502881423482382,7.5227242629239655,8.298286485953765,8.298286485953765,0.0,1.0,0.1,0.0,0.0,0.0,0.0,0.0,0.0,0.0,0.0,1.0,4.4,5.441639943171694,12.808937783736503,13.916908148678507,125.4416399431717,12.808937783736503,126.09390912641246,41.58005781720905,43.0,1.0,4.6000000000000005,-9.102174258803103,17.791213366511492,19.98441516007799,110.8978257411969,57.79121336651149,125.0525973200818,8.298286485953765,45.0
14_LTAN06_800km_1213COLD_MY_STTLCT_PCDU_HEAT_MY_0p5,13975.5,18.2111000445023,-58.203761396167074,60.986244395706315,113.00114576826152,22.761567951739515,115.27075917404875,131.21224581276383,-35.44219344442756,135.91468841659972,0.0,nan,nan,nan,nan,18.2111000445023,-58.203761396167074,60.986244395706315,60.986244395706315,nan,1.0,18.5,3.6672858425275017,12.37920449969431,12.910991034620638,3.6672858425275017,-267.6207955003057,267.6459212647696,267.6459212647696,184.0,1.0,0.1,3.6672858425275017,6.668746514679533,7.610595609270872,3.6672858425275017,6.668746514679533,7.610595609270872,7.610595609270872,0.0,1.0,0.1,0.0,0.0,0.0,0.0,0.0,0.0,0.0,0.0,1.0,4.2,11.212245812763825,4.557806555572441,12.103225056316976,131.21224581276383,-35.44219344442756,135.91468841659972,60.986244395706315,41.0,1.0,4.6000000000000005,-3.3315683892109718,-10.569685533580952,11.082310237977469,116.66843161078903,29.43031446641905,120.32317459290073,7.610595609270872,45.0
14_LTAN06_800km_1213COLD_MY_STTLCT_PCDU_HEAT_MY_0p5,14036.0,18.353798790496928,-77.90523670289473,80.0380399296241,138.24797605288205,13.08684387277928,138.86600867479683,156.601774843379,-64.81839283011544,169.48610542807197,1.0,1.5,18.353798790496928,2.094763297105274,18.472952208917388,18.353798790496928,-77.90523670289473,80.0380399296241,80.0380399296241,14.0,1.0,18.5,3.8099845885221306,-7.322270807033362,8.254188775180099,3.8099845885221306,-287.32227080703336,287.3475304996982,287.3475304996982,184.0,1.0,0.1,3.8099845885221306,5.7335582240353204,6.8840157229032535,3.8099845885221306,5.7335582240353204,6.8840157229032535,6.8840157229032535,0.0,1.0,0.1,0.0,0.0,0.0,0.0,0.0,0.0,0.0,0.0,1.0,7.0,-3.3982251566210095,15.181607169884558,15.557285446882503,156.601774843379,-64.81839283011544,169.48610542807197,80.0380399296241,69.0,0.0,nan,nan,nan,nan,142.05796064140418,18.820402096814604,143.29923836741256,6.8840157229032535,nan
14_LTAN06_800km_1213COLD_MY_STTLCT_PCDU_HEAT_MY_0p5,14096.5,18.477205480569907,-96.6226023573283,98.37344361500003,134.78358719369066,67.02072024257592,150.52704846183903,153.26079267426059,-29.601882114752385,156.0933758872502,1.0,1.5,18.477205480569907,-16.622602357328304,24.853933924050317,18.477205480569907,-96.6226023573283,98.37344361500003,98.37344361500003,14.0,1.0,24.3,3.93339127859511,13.960363538533102,14.50390695911045,3.93339127859511,-306.0396364614669,306.0649124816782,306.0649124816782,242.0,1.0,0.1,3.93339127859511,4.741689617879828,6.1607781475100545,3.93339127859511,4.741689617879828,6.1607781475100545,6.1607781475100545,0.0,1.0,0.1,0.0,0.0,0.0,0.0,0.0,0.0,0.0,0.0,1.0,7.2,-6.7392073257394145,10.398117885247615,12.391035910480047,153.26079267426059,-29.601882114752385,156.0933758872502,98.37344361500003,71.0,1.0,4.800000000000001,18.716978472285803,-8.237590139544253,20.4495274869403,138.7169784722858,71.76240986045575,156.18016386680043,6.1607781475100545,47.0
14_LTAN06_800km_1213COLD_MY_STTLCT_PCDU_HEAT_MY_0p5,14157.0,18.584607802723344,-114.41943749082084,115.91891701916863,-23.900018012741008,10.059092217012633,25.930603487765353,-5.315410210017664,-104.3603452738082,104.4956231206323,1.0,3.3000000000000003,18.584607802723344,5.58056250917916,19.404389325611394,18.584607802723344,-114.41943749082084,115.91891701916863,115.91891701916863,32.0,1.0,24.3,4.040793600748547,-3.8364715949594483,5.571941064187695,4.040793600748547,-323.83647159495945,323.8616808886115,323.8616808886115,242.0,1.0,0.1,4.040793600748547,3.6878202962256665,5.470651831464361,4.040793600748547,3.6878202962256665,5.470651831464361,5.470651831464361,0.0,1.0,0.1,0.0,0.0,0.0,0.0,0.0,0.0,0.0,0.0,1.0,1.5,-5.315410210017664,-24.360345273808207,24.93351173741697,-5.315410210017664,-104.3603452738082,104.4956231206323,115.91891701916863,14.0,1.0,0.1,-19.85922441199246,13.7469125132383,24.152979068688506,-19.85922441199246,13.7469125132383,24.152979068688506,5.470651831464361,0.0
14_LTAN06_800km_1213COLD_MY_STTLCT_PCDU_HEAT_MY_0p5,14217.5,17.485975840790786,-88.03188461403431,89.75172455058103,-2.7620324067645754,-23.13423695252639,23.298535198412264,14.72394343402621,-111.1661215665607,112.13697469791022,1.0,1.5,17.485975840790786,-8.031884614034311,19.242414649879056,17.485975840790786,-88.03188461403431,89.75172455058103,89.75172455058103,14.0,1.0,18.5,2.942161638815989,-17.448918718172933,17.69522759227262,2.942161638815989,-297.44891871817293,297.46346928945604,297.46346928945604,184.0,1.0,0.1,2.942161638815989,4.539662762307032,5.409699908904143,2.942161638815989,4.539662762307032,5.409699908904143,5.409699908904143,0.0,1.0,0.1,0.0,0.0,0.0,0.0,0.0,0.0,0.0,0.0,1.0,3.3000000000000003,14.72394343402621,8.833878433439295,17.170670296327614,14.72394343402621,-111.1661215665607,112.13697469791022,89.75172455058103,32.0,1.0,0.1,0.18012923205141362,-18.59457419021936,18.59544664308474,0.18012923205141362,-18.59457419021936,18.59544664308474,5.409699908904143,0.0
14_LTAN06_800km_1213COLD_MY_STTLCT_PCDU_HEAT_MY_0p5,14278.0,16.455507226719316,-62.70234141747617,64.82566881507941,106.88115021349944,84.75041092854713,136.40459091804144,123.33665744021876,22.048069511070956,125.29185303798043,1.0,1.5,16.455507226719316,17.29765858252383,23.87452011090845,16.455507226719316,-62.70234141747617,64.82566881507941,64.82566881507941,14.0,1.0,18.5,1.911693024744519,7.880624478385187,8.10918074716433,1.911693024744519,-272.1193755216148,272.1260904516406,272.1260904516406,184.0,1.0,0.1,1.911693024744519,1.3239905589833185,2.325407753735634,1.911693024744519,1.3239905589833185,2.325407753735634,2.325407753735634,0.0,1.0,0.1,0.0,0.0,0.0,0.0,0.0,0.0,0.0,0.0,1.0,4.4,3.336657440218758,22.048069511070956,22.29911774125568,123.33665744021876,22.048069511070956,125.29185303798043,64.82566881507941,43.0,1.0,4.800000000000001,-11.207156761756039,6.0744014875304515,12.747498425741666,108.79284323824396,86.07440148753045,138.72521519643684,2.325407753735634,47.0
14_LTAN06_800km_1213COLD_MY_STTLCT_PCDU_HEAT_MY_0p5,14338.5,15.494917114358593,-38.50181578589312,41.5027984019354,16.992660731511798,35.422642429924736,39.28758220423557,32.48757784587039,-3.0791733559683863,32.63317365576928,1.0,0.5,15.494917114358593,1.4981842141068782,15.567177403763402,15.494917114358593,-38.50181578589312,41.5027984019354,41.5027984019354,4.0,1.0,13.5,0.9511029123837957,-7.918849890031737,7.975762053296261,0.9511029123837957,-247.91884989003174,247.92067426405978,247.92067426405978,134.0,1.0,0.1,0.9511029123837957,-1.4986115657313945,1.774946020274656,0.9511029123837957,-1.4986115657313945,1.774946020274656,1.774946020274656,0.0,1.0,0.1,0.0,0.0,0.0,0.0,0.0,0.0,0.0,0.0,1.0,0.8,-7.5124221541296095,-3.0791733559683863,8.118977471206763,32.48757784587039,-3.0791733559683863,32.63317365576928,41.5027984019354,7.0,1.0,0.4,17.943763643895593,-6.075969135806659,18.944552109967244,17.943763643895593,33.92403086419334,38.37731782945144,1.774946020274656,3.0
14_LTAN06_800km_1213COLD_MY_STTLCT_PCDU_HEAT_MY_0p5,14399.0,14.60430546718613,-15.464248700816984,21.270372024475794,56.109165641242654,149.20191393019243,159.4034177468882,70.71347110842879,133.73766522937544,151.2817176568507,1.0,0.1,14.60430546718613,-15.464248700816984,21.270372024475794,14.60430546718613,-15.464248700816984,21.270372024475794,21.270372024475794,0.0,1.0,9.3,0.060491265211332745,-24.881282804955617,24.881356337895788,0.060491265211332745,-224.88128280495562,224.88129094078857,224.88129094078857,92.0,1.0,0.1,0.060491265211332745,-3.919008191329601,3.9194750154676807,0.060491265211332745,-3.919008191329601,3.9194750154676807,3.9194750154676807,0.0,1.0,0.1,0.0,0.0,0.0,0.0,0.0,0.0,0.0,0.0,1.0,3.6,-9.286528891571209,13.737665229375438,16.58201027645254,70.71347110842879,133.73766522937544,151.2817176568507,21.270372024475794,35.0,1.0,6.0,16.169656906453994,-14.717094261137191,21.864369827727316,56.169656906453994,145.2829057388628,155.76313125035736,3.9194750154676807,59.0
14_LTAN06_800km_1213COLD_MY_STTLCT_PCDU_HEAT_MY_0p5,14459.5,13.782653583734476,6.408553348833801,15.199707096983078,98.08746621787827,42.375055680253666,106.84940979223053,111.87011980161274,48.783609029087465,122.04410765919857,1.0,0.1,13.782653583734476,6.408553348833801,15.199707096983078,13.782653583734476,6.408553348833801,15.199707096983078,15.199707096983078,0.0,1.0,9.3,-0.7611606182403214,-3.0084807553048165,3.1032760015505274,-0.7611606182403214,-203.00848075530482,203.0099076992641,203.0099076992641,92.0,1.0,0.1,-0.7611606182403214,-6.015354928245663,6.063320905207753,-0.7611606182403214,-6.015354928245663,6.063320905207753,6.063320905207753,0.0,1.0,0.1,0.0,0.0,0.0,0.0,0.0,0.0,0.0,0.0,1.0,4.6000000000000005,-8.129880198387255,8.783609029087465,11.968572998315047,111.87011980161274,48.783609029087465,122.04410765919857,15.199707096983078,45.0,1.0,2.4000000000000004,17.326305599637948,-3.6402992479919973,17.704593876928563,97.32630559963795,36.359700752008,103.89628290006186,6.063320905207753,23.0
14_LTAN06_800km_1213COLD_MY_STTLCT_PCDU_HEAT_MY_0p5,14520.0,13.02808073620628,27.123834908027067,30.090418870248666,42.95236917876244,66.64161217423236,79.28436473384583,55.980449914968716,93.76544708225943,109.20517313396063,1.0,0.4,13.02808073620628,-12.876165091972933,18.317382868326234,13.02808073620628,27.123834908027067,30.090418870248666,30.090418870248666,3.0,1.0,5.9,-1.515733465768518,-22.293199196111544,22.344667783092213,-1.515733465768518,-182.29319919611154,182.29950060571326,182.29950060571326,58.0,1.0,0.1,-1.515733465768518,-7.776738669849056,7.923074673280337,-1.515733465768518,-7.776738669849056,7.923074673280337,7.923074673280337,0.0,1.0,0.1,0.0,0.0,0.0,0.0,0.0,0.0,0.0,0.0,1.0,1.6,15.980449914968716,13.765447082259428,21.091759359031865,55.980449914968716,93.76544708225943,109.20517313396063,30.090418870248666,15.0,1.0,0.6000000000000001,1.436635712993919,18.864873504383304,18.919497205481775,41.43663571299392,58.864873504383304,71.98658286026925,7.923074673280337,5.0
14_LTAN06_800km_1213COLD_MY_STTLCT_PCDU_HEAT_MY_0p5,14580.5,12.337617237277914,46.7035785425591,48.305704091489694,60.02201278879227,144.5354942602595,156.50287895203542,72.35963002607018,191.2390728028186,204.47077792191118,1.0,0.4,12.337617237277914,6.7035785425591,14.04118101762939,12.337617237277914,46.7035785425591,48.305704091489694,48.305704091489694,3.0,1.0,5.9,-2.2061969646968826,-2.713455561579508,3.497162582967012,-2.2061969646968826,-162.7134555615795,162.72841155077114,162.72841155077114,58.0,1.0,0.1,-2.2061969646968826,-9.218985105874602,9.479292770527529,-2.2061969646968826,-9.218985105874602,9.479292770527529,9.479292770527529,0.0,1.0,0.1,0.0,0.0,0.0,0.0,0.0,0.0,0.0,0.0,1.0,9.600000000000001,-7.640369973929822,-8.760927197181388,11.624504234282034,72.35963002607018,191.2390728028186,204.47077792191118,48.305704091489694,95.0,1.0,3.4000000000000004,17.81581582409538,15.316509154384903,23.494653565320853,57.81581582409538,135.3165091543849,147.1503523921518,9.479292770527529,33.0
14_LTAN06_800km_1213COLD_MY_STTLCT_PCDU_HEAT_MY_0p5,14641.0,11.707653327602674,65.18291112025906,66.22598469295053,55.41127834227882,94.62201752270192,109.65279735415785,67.11893166988149,159.804928642961,173.32791525627968,1.0,1.4000000000000001,11.707653327602674,-14.817088879740936,18.884259829537097,11.707653327602674,65.18291112025906,66.22598469295053,66.22598469295053,13.0,1.0,3.3000000000000003,-2.8361608743721227,-24.23412298387956,24.399518956387617,-2.8361608743721227,-144.23412298387956,144.26200484338978,144.26200484338978,32.0,1.0,0.1,-2.8361608743721227,-10.333739457821181,10.715875124666658,-2.8361608743721227,-10.333739457821181,10.715875124666658,10.715875124666658,0.0,1.0,0.1,0.0,0.0,0.0,0.0,0.0,0.0,0.0,0.0,1.0,6.2,-12.88106833011851,-0.19507135703901213,12.88254532922431,67.11893166988149,159.804928642961,173.32791525627968,66.22598469295053,61.0,1.0,1.6,12.575117467906693,4.288278064880743,13.286192385081188,52.57511746790669,84.28827806488074,99.3411133212571,10.715875124666658,15.0
14_LTAN06_800km_1213COLD_MY_STTLCT_PCDU_HEAT_MY_0p5,14701.5,11.135482931076156,82.5959071100273,83.3431631955288,108.69611767575108,68.79682005448821,128.6384407842009,119.83160060682724,151.39272716451552,193.078663612279,1.0,1.4000000000000001,11.135482931076156,2.595907110027298,11.434059376799594,11.135482931076156,82.5959071100273,83.3431631955288,83.3431631955288,13.0,1.0,3.3000000000000003,-3.408331270898641,-6.821126994111324,7.625253800496068,-3.408331270898641,-126.82112699411132,126.86691835978637,126.86691835978637,32.0,1.0,0.1,-3.408331270898641,-11.209122512951495,11.71585035592985,-3.408331270898641,-11.209122512951495,11.71585035592985,11.71585035592985,0.0,1.0,0.1,0.0,0.0,0.0,0.0,0.0,0.0,0.0,0.0,1.0,6.4,-0.16839939317276276,-8.60727283548448,8.608920026349995,119.83160060682724,151.39272716451552,193.078663612279,83.3431631955288,63.0,1.0,4.6000000000000005,-14.71221359514756,17.587697541536727,22.929813206431092,105.28778640485244,57.58769754153673,120.00775339189275,11.71585035592985,45.0
14_LTAN06_800km_1213COLD_MY_STTLCT_PCDU_HEAT_MY_0p5,14762.0,10.617618934005227,98.98479252745103,99.5526141471447,132.8455664391663,148.3491652706763,199.13668511615177,143.46318537317154,247.33395779812736,285.92966309479476,1.0,1.4000000000000001,10.617618934005227,18.984792527451035,21.752153436800388,10.617618934005227,98.98479252745103,99.5526141471447,99.5526141471447,13.0,1.0,3.3000000000000003,-3.92619526796957,9.567758423312412,10.34200224952075,-3.92619526796957,-110.43224157668759,110.50201350624393,110.50201350624393,32.0,1.0,0.1,-3.92619526796957,-11.84876876472326,12.482320718604702,-3.92619526796957,-11.84876876472326,12.482320718604702,12.482320718604702,0.0,1.0,0.1,0.0,0.0,0.0,0.0,0.0,0.0,0.0,0.0,1.0,14.0,23.46318537317154,7.333957798127358,24.582676925846055,143.46318537317154,247.33395779812736,285.92966309479476,99.5526141471447,139.0,1.0,3.8000000000000003,8.919371171196758,16.500396505953063,18.756819211775856,128.91937117119676,136.50039650595306,187.75665769676237,12.482320718604702,37.0
14_LTAN06_800km_1213COLD_MY_STTLCT_PCDU_HEAT_MY_0p5,14822.5,10.15064353688684,114.3952431028644,114.84470910223243,71.81225413678814,6.942022947326016,72.14701329097308,81.96289767367497,121.33726605019041,146.42625696096997,1.0,3.2,10.15064353688684,-5.604756897135601,11.595208669486361,10.15064353688684,114.3952431028644,114.84470910223243,114.84470910223243,31.0,1.0,1.5,-4.393170665087958,-15.021791001274224,15.651011257377354,-4.393170665087958,-95.02179100127422,95.12329217169908,95.12329217169908,14.0,1.0,0.1,-4.393170665087958,-12.277974846049545,13.04026897011004,-4.393170665087958,-12.277974846049545,13.04026897011004,13.04026897011004,0.0,1.0,0.1,0.0,0.0,0.0,0.0,0.0,0.0,0.0,0.0,1.0,3.6,1.9628976736749735,1.337266050190408,2.375131105078302,81.96289767367497,121.33726605019041,146.42625696096997,114.84470910223243,35.0,1.0,2.2,-12.580916528299824,-5.335951898723536,13.665717813475403,67.41908347170018,-5.335951898723536,67.62991349121754,13.04026897011004,21.0
14_LTAN06_800km_1213COLD_MY_STTLCT_PCDU_HEAT_MY_0p5,14883.0,9.73280791934198,128.89155602079614,129.25850364079275,122.8324677127825,57.62082268912915,135.67599025540153,132.5652756321245,186.5123787099253,228.82399287543194,1.0,3.2,9.73280791934198,8.891556020796145,13.182841820554554,9.73280791934198,128.89155602079614,129.25850364079275,129.25850364079275,31.0,1.0,1.5,-4.8110062826328175,-0.5254780833424775,4.83961864898524,-4.8110062826328175,-80.52547808334248,80.66906719432426,80.66906719432426,14.0,1.0,0.1,-4.8110062826328175,-12.49021839692773,13.384742696611108,-4.8110062826328175,-12.49021839692773,13.384742696611108,13.384742696611108,0.0,1.0,0.1,0.0,0.0,0.0,0.0,0.0,0.0,0.0,0.0,1.0,9.8,12.565275632124496,-13.487621290074713,18.4337212677131,132.5652756321245,186.5123787099253,228.82399287543194,129.25850364079275,97.0,1.0,4.6000000000000005,-1.9785385698503006,5.1306042922014115,5.498883093460054,118.0214614301497,45.13060429220141,126.35599234657445,13.384742696611108,45.0
14_LTAN06_800km_1213COLD_MY_STTLCT_PCDU_HEAT_MY_0p5,14943.5,9.36088976901202,142.5161310112861,142.82322589723864,118.47823048164838,-2.1976663076322502,118.4986111111109,127.8391202506604,140.31846470365383,189.82126383325277,1.0,3.2,9.36088976901202,22.51613101128609,24.384470734157695,9.36088976901202,142.5161310112861,142.82322589723864,142.82322589723864,31.0,1.0,1.5,-5.182924432962777,13.09909690714747,14.087194378606513,-5.182924432962777,-66.90090309285253,67.10136764863327,67.10136764863327,14.0,1.0,0.1,-5.182924432962777,-12.553172175822311,13.581046990333329,-5.182924432962777,-12.553172175822311,13.581046990333329,13.581046990333329,0.0,1.0,0.1,0.0,0.0,0.0,0.0,0.0,0.0,0.0,0.0,1.0,3.8000000000000003,7.8391202506604,20.31846470365383,21.778241761398935,127.8391202506604,140.31846470365383,189.82126383325277,142.82322589723864,37.0,1.0,4.4,-6.704693951314397,-14.750838483454572,16.20309096887863,113.2953060486856,-14.750838483454572,114.25153657010614,13.581046990333329,43.0
14_LTAN06_800km_1213COLD_MY_STTLCT_PCDU_HEAT_MY_0p5,15004.0,9.034935174806083,155.31599167574788,155.57855676099433,36.11369408052923,-6.988817696067716,36.7837256532141,45.14862925533531,148.32717397968017,155.04628104032045,1.0,5.800000000000001,9.034935174806083,-4.684008324252119,10.176934096013955,9.034935174806083,155.31599167574788,155.57855676099433,155.57855676099433,57.0,1.0,0.5,-5.508879027168714,-14.101042428390741,15.13892815569369,-5.508879027168714,-54.10104242839074,54.38079201312274,54.38079201312274,4.0,1.0,0.1,-5.508879027168714,-12.484846851240945,13.646213725239695,-5.508879027168714,-12.484846851240945,13.646213725239695,13.646213725239695,0.0,1.0,0.1,0.0,0.0,0.0,0.0,0.0,0.0,0.0,0.0,1.0,6.0,5.148629255335308,-11.672826020319832,12.757870140017507,45.14862925533531,148.32717397968017,155.04628104032045,155.57855676099433,59.0,1.0,0.7000000000000001,-9.395184946639489,20.52633545269134,22.5743205279356,30.60481505336051,-19.47366454730866,36.27503708270342,13.646213725239695,6.0
14_LTAN06_800km_1213COLD_MY_STTLCT_PCDU_HEAT_MY_0p5,15064.5,8.760081351568074,167.3456349327468,167.57476109584718,131.2618525196263,49.36597729944971,140.23791798801744,140.02193387119436,216.7116122321965,258.0117533007111,1.0,5.800000000000001,8.760081351568074,7.345634932746805,11.432295388559591,8.760081351568074,167.3456349327468,167.57476109584718,167.57476109584718,57.0,1.0,0.5,-5.783732850406723,-2.0713991713918176,6.14347297642926,-5.783732850406723,-42.07139917139182,42.467095426029104,42.467095426029104,4.0,1.0,0.1,-5.783732850406723,-12.301297810819392,13.593141414527544,-5.783732850406723,-12.301297810819392,13.593141414527544,13.593141414527544,0.0,1.0,0.1,0.0,0.0,0.0,0.0,0.0,0.0,0.0,0.0,0.0,nan,nan,nan,nan,140.02193387119436,216.7116122321965,258.0117533007111,167.57476109584718,nan,1.0,4.6000000000000005,5.478119669219566,-2.935320511369696,6.214973983433715,125.47811966921957,37.064679488630304,130.83787288594186,13.593141414527544,45.0
14_LTAN06_800km_1213COLD_MY_STTLCT_PCDU_HEAT_MY_0p5,15125.0,8.533526071507366,178.64410084054245,178.84780074783976,66.79696067970912,-0.2549496010866381,66.79744722177412,75.33048675121648,178.3891512394558,193.64238047005267,1.0,5.800000000000001,8.533526071507366,18.64410084054245,20.504232815821506,8.533526071507366,178.64410084054245,178.84780074783976,178.84780074783976,57.0,1.0,0.5,-6.010288130467432,9.227066736403827,11.011917361172289,-6.010288130467432,-30.772933263596173,31.35437744649033,31.35437744649033,4.0,1.0,0.1,-6.010288130467432,-12.02985702164321,13.447714429315345,-6.010288130467432,-12.02985702164321,13.447714429315345,13.447714429315345,0.0,1.0,0.1,0.0,0.0,0.0,0.0,0.0,0.0,0.0,0.0,1.0,6.2,-4.669513248783517,18.3891512394558,18.97274986100179,75.33048675121648,178.3891512394558,193.64238047005267,178.84780074783976,61.0,1.0,0.8,20.786672549241686,-12.28480662272986,24.1454391019767,60.786672549241686,-12.28480662272986,62.01561120690983,13.447714429315345,7.0
14_LTAN06_800km_1213COLD_MY_STTLCT_PCDU_HEAT_MY_0p5,15185.5,8.366992686794308,189.25070776029625,189.43557468013742,88.80934702899796,117.3838640838621,147.19399331146496,97.17633971579227,306.63457184415836,321.66442397413084,1.0,9.200000000000001,8.366992686794308,-10.749292239703749,13.621815234227217,8.366992686794308,189.25070776029625,189.43557468013742,189.43557468013742,91.0,1.0,0.1,-6.176821515180489,-20.16632634384237,21.09108442533829,-6.176821515180489,-20.16632634384237,21.09108442533829,21.09108442533829,0.0,1.0,0.1,-6.176821515180489,-11.653544888558514,13.189322670252816,-6.176821515180489,-11.653544888558514,13.189322670252816,13.189322670252816,0.0,1.0,0.1,0.0,0.0,0.0,0.0,0.0,0.0,0.0,0.0,1.0,24.6,17.176339715792267,-13.365428155841641,21.763761527393818,97.17633971579227,306.63457184415836,321.66442397413084,189.43557468013742,245.0,1.0,3.6,2.6325255138174697,-14.269680804696407,14.51047831219981,82.63252551381747,105.7303191953036,134.1902927559683,13.189322670252816,35.0
14_LTAN06_800km_1213COLD_MY_STTLCT_PCDU_HEAT_MY_0p5,15246.0,8.271598833787785,199.20272041392195,199.37437941614834,66.15958162545184,20.470738811906234,69.25417957322222,74.43118045923961,219.6734592258282,231.94057280432307,1.0,9.200000000000001,8.271598833787785,-0.7972795860780479,8.30993393508614,8.271598833787785,199.20272041392195,199.37437941614834,199.37437941614834,91.0,1.0,0.1,-6.2722153681870125,-10.21431369021667,11.986362658749695,-6.2722153681870125,-10.21431369021667,11.986362658749695,11.986362658749695,0.0,1.0,0.1,-6.2722153681870125,-11.217205824279347,12.851707751468979,-6.2722153681870125,-11.217205824279347,12.851707751468979,12.851707751468979,0.0,1.0,0.1,0.0,0.0,0.0,0.0,0.0,0.0,0.0,0.0,1.0,9.600000000000001,-5.568819540760387,19.673459225828196,20.446436095023486,74.43118045923961,219.6734592258282,231.94057280432307,199.37437941614834,95.0,1.0,0.8,19.887366257264816,9.253532987626897,21.934794491941208,59.887366257264816,9.253532987626897,60.598056981927066,12.851707751468979,7.0
14_LTAN06_800km_1213COLD_MY_STTLCT_PCDU_HEAT_MY_0p5,15306.5,8.24349682754722,208.53370461206012,208.69657687459977,-7.992072927939848,31.1455479228997,32.15460130530545,0.25142389960737255,239.67925253495983,239.67938440694965,1.0,9.200000000000001,8.24349682754722,8.53370461206012,11.865047591631365,8.24349682754722,208.53370461206012,208.69657687459977,208.69657687459977,91.0,1.0,0.1,-6.300317374427577,-0.8833294920785022,6.361939170574461,-6.300317374427577,-0.8833294920785022,6.361939170574461,6.361939170574461,0.0,1.0,0.1,-6.300317374427577,-10.723471186215278,12.437316161459565,-6.300317374427577,-10.723471186215278,12.437316161459565,12.437316161459565,0.0,1.0,0.1,0.0,0.0,0.0,0.0,0.0,0.0,0.0,0.0,1.0,13.4,0.25142389960737255,-0.3207474650401707,0.4075449835582247,0.25142389960737255,239.67925253495983,239.67938440694965,208.69657687459977,133.0,1.0,0.1,-14.292390302367425,20.42207673668443,24.92656492167009,-14.292390302367425,20.42207673668443,24.92656492167009,12.437316161459565,0.0
14_LTAN06_800km_1213COLD_MY_STTLCT_PCDU_HEAT_MY_0p5,15367.0,8.289901650550613,217.2612117804335,217.4193105813699,11.440865688136736,35.11649676428574,36.93320663969046,19.73076733868735,252.37770854471927,253.14780455310427,1.0,9.200000000000001,8.289901650550613,17.261211780433513,19.148678844891062,8.289901650550613,217.2612117804335,217.4193105813699,217.4193105813699,91.0,1.0,0.1,-6.253912551424184,7.8441776762948905,10.032075837938232,-6.253912551424184,7.8441776762948905,10.032075837938232,10.032075837938232,0.0,1.0,0.1,-6.253912551424184,-10.204308490159775,11.968263615212017,-6.253912551424184,-10.204308490159775,11.968263615212017,11.968263615212017,0.0,1.0,0.1,0.0,0.0,0.0,0.0,0.0,0.0,0.0,0.0,1.0,13.4,19.73076733868735,12.377708544719269,23.29186228259621,19.73076733868735,252.37770854471927,253.14780455310427,217.4193105813699,133.0,1.0,0.4,5.186953136712553,-15.087811725874019,15.954514894470272,5.186953136712553,24.91218827412598,25.446445870650628,11.968263615212017,3.0
14_LTAN06_800km_1213COLD_MY_STTLCT_PCDU_HEAT_MY_0p5,15427.5,8.411278908504642,225.411206172318,225.56808613129633,57.71159352108634,88.75563294154964,105.86874139989663,66.12287242959098,314.16683911386764,321.04989807993826,1.0,13.4,8.411278908504642,-14.588793827681997,16.839908498066947,8.411278908504642,225.411206172318,225.56808613129633,225.56808613129633,133.0,1.0,0.1,-6.132535293470156,15.994172068179381,17.129551344742996,-6.132535293470156,15.994172068179381,17.129551344742996,17.129551344742996,0.0,1.0,0.1,-6.132535293470156,-9.656037170398719,11.438839231398385,-6.132535293470156,-9.656037170398719,11.438839231398385,11.438839231398385,0.0,1.0,0.1,0.0,0.0,0.0,0.0,0.0,0.0,0.0,0.0,1.0,24.6,-13.877127570409016,-5.833160886132362,15.053253320425805,66.12287242959098,314.16683911386764,321.04989807993826,225.56808613129633,245.0,1.0,1.6,11.579058227616187,-0.9004042288490837,11.614013828726717,51.57905822761619,79.09959577115092,94.43063750079895,11.438839231398385,15.0
14_LTAN06_800km_1213COLD_MY_STTLCT_PCDU_HEAT_MY_0p5,15488.0,8.603939631257564,233.01391029627283,233.17270459626658,33.600961008001875,144.81651580596457,148.66353900953808,42.204900639259435,377.8304261022374,380.1803315882715,1.0,13.4,8.603939631257564,-6.986089703727174,11.083015227222571,8.603939631257564,233.01391029627283,233.17270459626658,233.17270459626658,133.0,1.0,0.1,-5.939874570717233,23.596876192134204,24.332995622051207,-5.939874570717233,23.596876192134204,24.332995622051207,24.332995622051207,0.0,1.0,0.1,-5.939874570717233,-9.109674334600015,10.875121902687962,-5.939874570717233,-9.109674334600015,10.875121902687962,10.875121902687962,0.0,1.0,0.1,0.0,0.0,0.0,0.0,0.0,0.0,0.0,0.0,1.0,31.0,2.204900639259435,17.830426102237425,17.966237274854088,42.204900639259435,377.8304261022374,380.1803315882715,233.17270459626658,309.0,1.0,3.4000000000000004,-12.338913562715362,15.706841471364584,19.97382429367845,27.661086437284638,135.70684147136458,138.49722930450633,10.875121902687962,33.0
14_LTAN06_800km_1213COLD_MY_STTLCT_PCDU_HEAT_MY_0p5,15548.5,8.860352089777187,240.0780753169831,240.24152032290718,42.2137918655222,113.91640572094684,121.48642605676157,51.074143955299384,353.99448103793,357.65997929049877,1.0,13.4,8.860352089777187,0.078075316983103,8.860696073669438,8.860352089777187,240.0780753169831,240.24152032290718,240.24152032290718,133.0,1.0,0.4,-5.68346211219761,-9.33895878715552,10.932423921938584,-5.68346211219761,30.66104121284448,31.183347957468154,31.183347957468154,3.0,1.0,0.1,-5.68346211219761,-8.553509845982717,10.269579945942725,-5.68346211219761,-8.553509845982717,10.269579945942725,10.269579945942725,0.0,1.0,0.1,0.0,0.0,0.0,0.0,0.0,0.0,0.0,0.0,1.0,31.0,11.074143955299384,-6.0055189620700276,12.59773481013458,51.074143955299384,353.99448103793,357.65997929049877,240.24152032290718,309.0,1.0,3.4000000000000004,-3.4696702466754132,-14.637104125035847,15.042720125954814,36.53032975332459,105.36289587496415,111.51593975322618,10.269579945942725,33.0
14_LTAN06_800km_1213COLD_MY_STTLCT_PCDU_HEAT_MY_0p5,15609.0,9.177212073331065,246.63072414034608,246.80140864960714,46.29501164411387,62.330203247405564,77.64201401297835,55.47222371744493,308.96092738775167,313.9012938113792,1.0,13.4,9.177212073331065,6.630724140346075,11.322001769310127,9.177212073331065,246.63072414034608,246.80140864960714,246.80140864960714,133.0,1.0,0.4,-5.366602128643732,-2.7863099637925473,6.046812517475059,-5.366602128643732,37.21369003620745,37.59865881275673,37.59865881275673,3.0,1.0,0.1,-5.366602128643732,-7.985215358309745,9.621022956305076,-5.366602128643732,-7.985215358309745,9.621022956305076,9.621022956305076,0.0,1.0,0.1,0.0,0.0,0.0,0.0,0.0,0.0,0.0,0.0,1.0,24.400000000000002,15.472223717444933,-11.039072612248333,19.006599666988222,55.47222371744493,308.96092738775167,313.9012938113792,246.80140864960714,243.0,1.0,0.6000000000000001,0.9284095154701362,14.344987889095847,14.374999887538157,40.928409515470136,54.34498788909585,68.03317142491596,9.621022956305076,5.0
14_LTAN06_800km_1213COLD_MY_STTLCT_PCDU_HEAT_MY_0p5,15669.5,9.550023955967657,252.6982412070406,252.87863505383612,72.53744898724175,70.54001431167127,101.18090296428218,82.0874729432094,323.23825551871187,333.4986102594465,1.0,13.4,9.550023955967657,12.69824120704061,15.888621315637813,9.550023955967657,252.6982412070406,252.87863505383612,252.87863505383612,133.0,1.0,0.4,-4.993790246007141,3.2812071029019876,5.975304266165073,-4.993790246007141,43.28120710290199,43.568346644156804,43.568346644156804,3.0,1.0,0.1,-4.993790246007141,-7.406652684162509,8.932885592289189,-4.993790246007141,-7.406652684162509,8.932885592289189,8.932885592289189,0.0,1.0,0.1,0.0,0.0,0.0,0.0,0.0,0.0,0.0,0.0,1.0,24.6,2.0874729432094057,3.238255518711867,3.852770703415816,82.0874729432094,323.23825551871187,333.4986102594465,252.87863505383612,245.0,1.0,1.8,-12.456341258765391,-16.866638372491252,20.967687701394624,67.54365874123461,63.13336162750875,92.45521719482439,8.932885592289189,17.0
14_LTAN06_800km_1213COLD_MY_STTLCT_PCDU_HEAT_MY_0p5,15730.0,9.968555968978036,258.30387138248807,258.4961548636412,157.23275867868205,31.91984696921643,160.4400730249362,167.20131464766007,290.2237183517045,334.9419148356851,1.0,13.4,9.968555968978036,18.30387138248807,20.84235628937653,9.968555968978036,258.30387138248807,258.4961548636412,258.4961548636412,133.0,1.0,0.4,-4.575258232996761,8.886837278349446,9.995442196844822,-4.575258232996761,48.88683727834945,49.10046687128771,49.10046687128771,3.0,1.0,0.1,-4.575258232996761,-6.840019111324125,8.229146331296091,-4.575258232996761,-6.840019111324125,8.229146331296091,8.229146331296091,0.0,1.0,0.1,0.0,0.0,0.0,0.0,0.0,0.0,0.0,0.0,1.0,19.200000000000003,7.20131464766007,10.22371835170452,12.505332846013467,167.20131464766007,290.2237183517045,334.9419148356851,258.4961548636412,191.0,1.0,7.6000000000000005,-7.342499554314713,-14.920172142107674,16.629005876937974,152.6575004456853,25.079827857892326,154.70394373675776,8.229146331296091,75.0
14_LTAN06_800km_1213COLD_MY_STTLCT_PCDU_HEAT_MY_0p5,15790.5,10.430209673066912,263.47198730631,263.67835969028727,117.782736844173,-29.1600634360745,121.3387093968763,128.2129465172399,234.3119238702355,267.0966816012577,1.0,18.400000000000002,10.430209673066912,-16.528012693690016,19.54391151808964,10.430209673066912,263.47198730631,263.67835969028727,263.67835969028727,183.0,1.0,0.4,-4.113604528907885,14.054953202171362,14.64457072554462,-4.113604528907885,54.05495320217136,54.21125075027496,54.21125075027496,3.0,1.0,0.1,-4.113604528907885,-6.28255758258598,7.509478810061325,-4.113604528907885,-6.28255758258598,7.509478810061325,7.509478810061325,0.0,1.0,0.1,0.0,0.0,0.0,0.0,0.0,0.0,0.0,0.0,1.0,14.0,8.212946517239914,-5.688076129764511,9.99033035254791,128.2129465172399,234.3119238702355,267.0966816012577,263.67835969028727,139.0,1.0,4.2,-6.3308676847348835,4.557378981339525,7.800614643806968,113.66913231526512,-35.442621018660475,119.06658232257128,7.509478810061325,41.0
14_LTAN06_800km_1213COLD_MY_STTLCT_PCDU_HEAT_MY_0p5,15851.0,10.92757267728683,268.2267015040112,268.4492042162526,135.44497834788433,-1.3731819056759456,135.4519390344964,146.37255102517116,266.85351959833525,304.36117461929246,1.0,18.400000000000002,10.92757267728683,-11.773298495988797,16.063075735768592,10.92757267728683,268.2267015040112,268.4492042162526,268.4492042162526,183.0,1.0,0.4,-3.6162415246879664,18.80966739987258,19.15413246426752,-3.6162415246879664,58.80966739987258,58.92074492441956,58.92074492441956,3.0,1.0,0.1,-3.6162415246879664,-5.732703898752675,6.777986187331136,-3.6162415246879664,-5.732703898752675,6.777986187331136,6.777986187331136,0.0,1.0,0.1,0.0,0.0,0.0,0.0,0.0,0.0,0.0,0.0,1.0,19.200000000000003,-13.627448974828837,-13.146480401664746,18.93508152908032,146.37255102517116,266.85351959833525,304.36117461929246,268.4492042162526,191.0,1.0,4.4,11.82873682319638,-7.105885804428624,13.799008221536148,131.82873682319638,-7.105885804428624,132.02011007973428,6.777986187331136,43.0
14_LTAN06_800km_1213COLD_MY_STTLCT_PCDU_HEAT_MY_0p5,15911.5,11.45076331712202,272.59148621770026,272.83188658754574,69.35639365508659,-24.07542492705263,73.41617959453818,80.80715697220862,248.51606129064763,261.3236103710266,1.0,18.400000000000002,11.45076331712202,-7.408513782299735,13.638403755838599,11.45076331712202,272.59148621770026,272.83188658754574,272.83188658754574,183.0,1.0,0.4,-3.0930508848527776,23.174452113561642,23.379952834427407,-3.0930508848527776,63.17445211356164,63.25012540402574,63.25012540402574,3.0,1.0,0.1,-3.0930508848527776,-5.181723914164195,6.0346687149262515,-3.0930508848527776,-5.181723914164195,6.0346687149262515,6.0346687149262515,0.0,1.0,0.1,0.0,0.0,0.0,0.0,0.0,0.0,0.0,0.0,1.0,13.8,0.8071569722086167,8.516061290647627,8.554227158770798,80.80715697220862,248.51606129064763,261.3236103710266,272.83188658754574,137.0,1.0,2.0,-13.73665722976618,10.742851158783168,17.438595209128984,66.26334277023382,-29.257148841216832,72.43487663689787,6.0346687149262515,19.0
14_LTAN06_800km_1213COLD_MY_STTLCT_PCDU_HEAT_MY_0p5,15972.0,11.99808628343702,276.5869706073726,276.8470812275766,99.61762430385082,5.043764457428388,99.7452286169378,111.61571058728784,281.630735064801,302.9421360310337,1.0,18.400000000000002,11.99808628343702,-3.4130293926273794,12.474086904448678,11.99808628343702,276.5869706073726,276.8470812275766,276.8470812275766,183.0,1.0,1.4000000000000001,-2.545727918537777,-12.830063496766002,13.080185777207834,-2.545727918537777,67.169936503234,67.21816049613162,67.21816049613162,13.0,1.0,0.1,-2.545727918537777,-4.647806599928572,5.299324185739374,-2.545727918537777,-4.647806599928572,5.299324185739374,5.299324185739374,0.0,1.0,0.1,0.0,0.0,0.0,0.0,0.0,0.0,0.0,0.0,1.0,19.0,-8.384289412712164,1.6307350648010015,8.54140537661624,111.61571058728784,281.630735064801,302.9421360310337,276.8470812275766,189.0,1.0,2.2,17.07189638531304,0.39595785749980905,17.07648760183956,97.07189638531304,0.39595785749980905,97.0727039412515,5.299324185739374,21.0
14_LTAN06_800km_1213COLD_MY_STTLCT_PCDU_HEAT_MY_0p5,16032.5,12.56287544144024,280.2435790914918,280.5250246615556,116.26937596774307,45.85704928847936,124.98574621681632,128.8322514091833,326.10062837997117,350.6271079551196,1.0,18.400000000000002,12.56287544144024,0.24357909149182433,12.565236572820835,12.56287544144024,280.2435790914918,280.5250246615556,280.5250246615556,183.0,1.0,1.4000000000000001,-1.9809387605345563,-9.173455012646798,9.384902516384646,-1.9809387605345563,70.8265449873532,70.8542418858501,70.8542418858501,13.0,1.0,0.1,-1.9809387605345563,-4.129353542604406,4.579921293298362,-1.9809387605345563,-4.129353542604406,4.579921293298362,4.579921293298362,0.0,1.0,0.1,0.0,0.0,0.0,0.0,0.0,0.0,0.0,0.0,1.0,24.8,8.8322514091833,6.10062837997117,10.734352872228957,128.8322514091833,326.10062837997117,350.6271079551196,280.5250246615556,247.0,1.0,4.6000000000000005,-5.711562792791497,1.7276957458749393,5.967150251695911,114.2884372072085,41.72769574587494,121.66777499209209,4.579921293298362,45.0
14_LTAN06_800km_1213COLD_MY_STTLCT_PCDU_HEAT_MY_0p5,16093.0,13.140506463651375,283.58609540240866,283.8903774623319,44.37260836082319,26.683551111618637,51.77779710135765,57.51311482447457,310.2696465140273,315.55508540467645,1.0,18.400000000000002,13.140506463651375,3.5860954024086595,13.621049532119033,13.140506463651375,283.58609540240866,283.8903774623319,283.8903774623319,183.0,1.0,1.4000000000000001,-1.4033077383234218,-5.830938701729963,5.997426010529075,-1.4033077383234218,74.16906129827004,74.18233567686433,74.18233567686433,13.0,1.0,0.1,-1.4033077383234218,-3.6224620152752323,3.8847784570745207,-1.4033077383234218,-3.6224620152752323,3.8847784570745207,3.8847784570745207,0.0,1.0,0.1,0.0,0.0,0.0,0.0,0.0,0.0,0.0,0.0,1.0,24.400000000000002,17.51311482447457,-9.730353485972728,20.034694153323443,57.51311482447457,310.2696465140273,315.55508540467645,283.8903774623319,243.0,1.0,0.6000000000000001,2.969300622499773,-16.93891090365662,17.197193049704207,42.96930062249977,23.06108909634338,48.76653182558964,3.8847784570745207,5.0
14_LTAN06_800km_1213COLD_MY_STTLCT_PCDU_HEAT_MY_0p5,16153.5,13.729816109113983,286.6312251395324,286.959870148039,118.45556897900235,97.51044208465692,153.4275338317227,132.18538508811633,384.1416672241893,406.24844187845616,1.0,18.400000000000002,13.729816109113983,6.631225139532376,15.247327544237121,13.729816109113983,286.6312251395324,286.959870148039,286.959870148039,183.0,1.0,1.4000000000000001,-0.8139980928608139,-2.7858089646062467,2.9022964153341695,-0.8139980928608139,77.21419103539375,77.2184815322437,77.2184815322437,13.0,1.0,0.1,-0.8139980928608139,-3.134392823650387,3.238365524169884,-0.8139980928608139,-3.134392823650387,3.238365524169884,3.238365524169884,0.0,1.0,0.1,0.0,0.0,0.0,0.0,0.0,0.0,0.0,0.0,1.0,38.800000000000004,12.185385088116334,-15.858332775810709,19.999258190593974,132.18538508811633,384.1416672241893,406.24844187845616,286.959870148039,387.0,1.0,4.800000000000001,-2.358429113858463,14.376049261006528,14.568218155971634,117.64157088614154,94.37604926100653,150.8190235834823,3.238365524169884,47.0
14_LTAN06_800km_1213COLD_MY_STTLCT_PCDU_HEAT_MY_0p5,16214.0,14.319926370049249,289.41148092284493,289.7655355303627,62.46013837900085,23.646229380110388,66.78632382622007,76.7800647490501,313.05771030295534,322.33570748987376,1.0,18.400000000000002,14.319926370049249,9.41148092284493,17.135818171441535,14.319926370049249,289.41148092284493,289.7655355303627,289.7655355303627,183.0,1.0,1.4000000000000001,-0.2238878319255484,-0.005553181293691978,0.22395669024792095,-0.2238878319255484,79.99444681870631,79.99476012584897,79.99476012584897,13.0,1.0,0.1,-0.2238878319255484,-2.6763306972321175,2.6856790132536825,-0.2238878319255484,-2.6763306972321175,2.6856790132536825,2.6856790132536825,0.0,1.0,0.1,0.0,0.0,0.0,0.0,0.0,0.0,0.0,0.0,1.0,24.6,-3.219935250949902,-6.942289697044657,7.652670727138481,76.7800647490501,313.05771030295534,322.33570748987376,289.7655355303627,245.0,0.0,nan,nan,nan,nan,62.2362505470753,20.969898682878295,65.67410092973114,2.6856790132536825,nan
14_LTAN06_800km_1213COLD_MY_STTLCT_PCDU_HEAT_MY_0p5,16274.5,14.90845255216934,291.9448652917913,292.32527486986555,94.37404118691987,-43.890129861949745,104.08075302018746,109.2824937390892,248.05473542984157,271.0605379006741,1.0,18.400000000000002,14.90845255216934,11.944865291791302,19.103449016848373,14.90845255216934,291.9448652917913,292.32527486986555,292.32527486986555,183.0,1.0,1.4000000000000001,0.36463835019454294,2.52783118765268,2.5539952309474185,0.36463835019454294,82.52783118765268,82.52863673697834,82.52863673697834,13.0,1.0,0.1,0.36463835019454294,-2.246303476345929,2.2757065791257896,0.36463835019454294,-2.246303476345929,2.2757065791257896,2.2757065791257896,0.0,1.0,0.1,0.0,0.0,0.0,0.0,0.0,0.0,0.0,0.0,1.0,14.0,-10.717506260910795,8.054735429841571,13.406852848353607,109.2824937390892,248.05473542984157,271.0605379006741,292.32527486986555,139.0,1.0,2.0,14.738679537114407,-6.13643333829566,15.96510221116988,94.73867953711441,-46.13643333829566,105.37546147759002,2.2757065791257896,19.0
14_LTAN06_800km_1213COLD_MY_STTLCT_PCDU_HEAT_MY_0p5,16335.0,15.494624311310597,294.2463685390533,294.6540493205024,59.88953608964721,127.50993673525159,140.87420097115375,75.38416040095781,421.7563052743049,428.44037237168726,1.0,18.400000000000002,15.494624311310597,14.246368539053321,21.048572376747686,15.494624311310597,294.2463685390533,294.6540493205024,294.6540493205024,183.0,1.0,1.4000000000000001,0.9508101093357997,4.829334434914699,4.922043371229883,0.9508101093357997,84.8293344349147,84.83466284800465,84.83466284800465,13.0,1.0,0.1,0.9508101093357997,-1.8434846833829397,2.0742409797038177,0.9508101093357997,-1.8434846833829397,2.0742409797038177,2.0742409797038177,0.0,1.0,0.1,0.0,0.0,0.0,0.0,0.0,0.0,0.0,0.0,1.0,38.6,-4.615839599042189,21.756305274304907,22.240566413489418,75.38416040095781,421.7563052743049,428.44037237168726,294.6540493205024,385.0,1.0,3.4000000000000004,20.840346198983013,5.666452051868646,21.59696063221842,60.84034619898301,125.66645205186865,139.61950041780236,2.0742409797038177,33.0
14_LTAN06_800km_1213COLD_MY_STTLCT_PCDU_HEAT_MY_0p5,16395.5,16.069382161162807,296.3532563041854,296.7886075393321,70.10438186772546,44.79672660384092,83.19477790988533,86.17376402888827,341.1499829080263,351.8653555623985,1.0,18.400000000000002,16.069382161162807,16.35325630418538,22.927146241778026,16.069382161162807,296.3532563041854,296.7886075393321,296.7886075393321,183.0,1.0,1.4000000000000001,1.5255679591880096,6.936222200046757,7.102009293609981,1.5255679591880096,86.93622220004676,86.94960660068568,86.94960660068568,13.0,1.0,0.1,1.5255679591880096,-1.4526256206045787,2.1065324093727837,1.5255679591880096,-1.4526256206045787,2.1065324093727837,2.1065324093727837,0.0,1.0,0.1,0.0,0.0,0.0,0.0,0.0,0.0,0.0,0.0,1.0,24.6,6.173764028888272,21.14998290802629,22.032638046638873,86.17376402888827,341.1499829080263,351.8653555623985,296.7886075393321,245.0,1.0,2.4000000000000004,-8.370050173086526,3.3441009832363306,9.01336514771636,71.62994982691347,43.34410098323633,83.72311987886698,2.1065324093727837,23.0
14_LTAN06_800km_1213COLD_MY_STTLCT_PCDU_HEAT_MY_0p5,16456.0,16.633154495613283,298.2763934103858,298.7398009880541,25.61483118967907,74.79903249674814,79.06335965113891,42.24798568529235,373.075425907134,375.4599388886304,1.0,18.400000000000002,16.633154495613283,18.276393410385822,24.71211007919264,16.633154495613283,298.2763934103858,298.7398009880541,298.7398009880541,183.0,1.0,1.4000000000000001,2.089340293638486,8.8593593062472,9.102394749724395,2.089340293638486,88.8593593062472,88.88391912589904,88.88391912589904,13.0,1.0,0.1,2.089340293638486,-1.0808172413024977,2.352341125712446,2.089340293638486,-1.0808172413024977,2.352341125712446,2.352341125712446,0.0,1.0,0.1,0.0,0.0,0.0,0.0,0.0,0.0,0.0,0.0,1.0,31.0,2.247985685292349,13.07542590713399,13.267260542185415,42.24798568529235,373.075425907134,375.4599388886304,298.7398009880541,309.0,1.0,1.6,-12.295828516682448,-6.281784744554329,13.80754208715573,27.704171483317552,73.71821525544567,78.75211983194667,2.352341125712446,15.0
14_LTAN06_800km_1213COLD_MY_STTLCT_PCDU_HEAT_MY_0p5,16516.5,17.18479923620664,300.0353976581285,300.5271321738855,-28.506503624691565,136.15140646263157,139.10365283002912,-11.321704388484925,436.18680412076003,436.3337129759085,0.0,nan,nan,nan,nan,17.18479923620664,300.0353976581285,300.5271321738855,300.5271321738855,nan,1.0,1.4000000000000001,2.640985034231843,10.618363553989866,10.941866683328621,2.640985034231843,90.61836355398987,90.65683986966519,90.65683986966519,13.0,1.0,0.1,2.640985034231843,-0.7278973751746776,2.7394591692198578,2.640985034231843,-0.7278973751746776,2.7394591692198578,2.7394591692198578,0.0,1.0,0.1,0.0,0.0,0.0,0.0,0.0,0.0,0.0,0.0,1.0,46.400000000000006,-11.321704388484925,-3.81319587923997,11.946608433931845,-11.321704388484925,436.18680412076003,436.3337129759085,300.5271321738855,463.0,1.0,3.0,14.134481409540278,15.423509087456864,20.920520961187947,-25.865518590459722,135.42350908745686,137.87150490769994,2.7394591692198578,29.0
14_LTAN06_800km_1213COLD_MY_STTLCT_PCDU_HEAT_MY_0p5,16577.0,17.720762338962913,301.664065869802,302.18410622495395,11.661225506291654,61.80052362596848,62.89108760987104,29.381987845254567,363.4645894957705,364.65025576169234,0.0,nan,nan,nan,nan,17.720762338962913,301.664065869802,302.18410622495395,302.18410622495395,nan,1.0,1.4000000000000001,3.1769481369881163,12.247031765663394,12.652382642580822,3.1769481369881163,92.2470317656634,92.30172191806837,92.30172191806837,13.0,1.0,0.1,3.1769481369881163,-0.39794550354542935,3.201774521871315,3.1769481369881163,-0.39794550354542935,3.201774521871315,3.201774521871315,0.0,1.0,0.1,0.0,0.0,0.0,0.0,0.0,0.0,0.0,0.0,1.0,31.0,-10.618012154745433,3.464589495770497,11.168955299960915,29.381987845254567,363.4645894957705,364.65025576169234,302.18410622495395,309.0,1.0,1.4000000000000001,14.83817364327977,-18.59742187757695,23.791500531927365,14.83817364327977,61.40257812242305,63.16999285379403,3.201774521871315,13.0
14_LTAN06_800km_1213COLD_MY_STTLCT_PCDU_HEAT_MY_0p5,16637.5,18.241210015406825,303.16964308059903,303.7179188464915,120.86355332643303,4.95813457131365,120.96520830849992,139.10476334183986,308.12777765191265,338.07227414429565,1.0,24.200000000000003,18.241210015406825,-16.83035691940097,24.81940081590622,18.241210015406825,303.16964308059903,303.7179188464915,303.7179188464915,241.0,1.0,1.4000000000000001,3.6973958134320277,13.752608976460408,14.24096167611598,3.6973958134320277,93.75260897646041,93.82548921105752,93.82548921105752,13.0,1.0,0.1,3.6973958134320277,-0.0888896029417765,3.6984641626891332,3.6973958134320277,-0.0888896029417765,3.6984641626891332,3.6984641626891332,0.0,1.0,0.1,0.0,0.0,0.0,0.0,0.0,0.0,0.0,0.0,1.0,24.8,19.104763341839856,-11.872222348087348,22.49314664136907,139.10476334183986,308.12777765191265,338.07227414429565,303.7179188464915,247.0,1.0,4.4,4.560949139865059,4.869244968371845,6.671716692010412,124.56094913986506,4.869244968371845,124.6560852794041,3.6984641626891332,43.0
14_LTAN06_800km_1213COLD_MY_STTLCT_PCDU_HEAT_MY_0p5,16698.0,18.74352337482365,304.574077217786,305.15027147549523,-56.64728537504892,7.412506871373882,57.13020390721878,-37.90376200022527,311.98658408915986,314.28064500600755,1.0,24.200000000000003,18.74352337482365,-15.425922782214002,24.27506461753273,18.74352337482365,304.574077217786,305.15027147549523,305.15027147549523,241.0,1.0,1.4000000000000001,4.199709172848852,15.157043113647376,15.728112190770897,4.199709172848852,95.15704311364738,95.24967407434556,95.24967407434556,13.0,1.0,0.1,4.199709172848852,0.20474535806960148,4.204697111346053,4.199709172848852,0.20474535806960148,4.204697111346053,4.204697111346053,0.0,1.0,0.1,0.0,0.0,0.0,0.0,0.0,0.0,0.0,0.0,1.0,24.0,2.096237999774729,-8.013415910840138,8.283057908273094,-37.90376200022527,311.98658408915986,314.28064500600755,305.15027147549523,239.0,1.0,0.9,-12.447576202200068,7.617252229443466,14.593309591608715,-52.44757620220007,7.617252229443466,52.99783751260559,4.204697111346053,8.0
14_LTAN06_800km_1213COLD_MY_STTLCT_PCDU_HEAT_MY_0p5,16758.5,19.225100135060675,305.8981920725692,306.50172656686544,69.18020777326606,2.64393899069416,69.2307125554748,88.40530790832673,308.54213106326335,320.957544088663,1.0,24.200000000000003,19.225100135060675,-14.101807927430798,23.842513752229653,19.225100135060675,305.8981920725692,306.50172656686544,306.50172656686544,241.0,1.0,1.4000000000000001,4.681285933085878,16.48115796843058,17.13309680027725,4.681285933085878,96.48115796843058,96.59465969149932,96.59465969149932,13.0,1.0,0.1,4.681285933085878,0.48332229253816195,4.706170250402344,4.681285933085878,0.48332229253816195,4.706170250402344,4.706170250402344,0.0,1.0,0.1,0.0,0.0,0.0,0.0,0.0,0.0,0.0,0.0,1.0,24.6,8.405307908326733,-11.457868936736645,14.21027661958818,88.40530790832673,308.54213106326335,320.957544088663,306.50172656686544,245.0,1.0,2.2,-6.138506293648064,3.127261283232315,6.889196081602027,73.86149370635194,3.127261283232315,73.92766745723193,4.706170250402344,21.0
14_LTAN06_800km_1213COLD_MY_STTLCT_PCDU_HEAT_MY_0p5,16819.0,19.68630678398001,307.1464641770817,307.77670660931494,18.686248859554613,-4.947566059489549,19.330139843110786,38.372555643534625,302.1988981175922,304.62538805901096,1.0,24.200000000000003,19.68630678398001,-12.853535822918275,23.510934858997437,19.68630678398001,307.1464641770817,307.77670660931494,307.77670660931494,241.0,1.0,1.4000000000000001,5.1424925820052145,17.729430072943103,18.460171198213683,5.1424925820052145,97.7294300729431,97.86463473767351,97.86463473767351,13.0,1.0,0.1,5.1424925820052145,0.7413672860312204,5.195657360601828,5.1424925820052145,0.7413672860312204,5.195657360601828,5.195657360601828,0.0,1.0,0.1,0.0,0.0,0.0,0.0,0.0,0.0,0.0,0.0,1.0,18.6,-1.627444356465375,22.198898117592194,22.258473729540157,38.372555643534625,302.1988981175922,304.62538805901096,307.77670660931494,185.0,1.0,0.1,23.828741441559828,-4.206198773458311,24.197128482746727,23.828741441559828,-4.206198773458311,24.197128482746727,5.195657360601828,0.0
14_LTAN06_800km_1213COLD_MY_STTLCT_PCDU_HEAT_MY_0p5,16879.5,20.121865656315755,308.3443848457483,309.00024133225816,99.39943769530582,14.39897430902231,100.43693879890441,119.52130335162158,322.74335915477064,344.16364978506317,1.0,24.200000000000003,20.121865656315755,-11.655615154251677,23.253878001633208,20.121865656315755,308.3443848457483,309.00024133225816,309.00024133225816,241.0,1.0,1.4000000000000001,5.578051454340958,18.9273507416097,19.732188528472673,5.578051454340958,98.9273507416097,99.08448608526332,99.08448608526332,13.0,1.0,0.1,5.578051454340958,0.9895454528579535,5.665144149141055,5.578051454340958,0.9895454528579535,5.665144149141055,5.665144149141055,0.0,1.0,0.1,0.0,0.0,0.0,0.0,0.0,0.0,0.0,0.0,1.0,24.8,-0.47869664837841697,2.743359154770644,2.784810574030599,119.52130335162158,322.74335915477064,344.16364978506317,309.00024133225816,247.0,1.0,4.4,-15.022510850353214,15.388519761880275,21.505403337551236,104.97748914964679,15.388519761880275,106.09938627827208,5.665144149141055,43.0
14_LTAN06_800km_1213COLD_MY_STTLCT_PCDU_HEAT_MY_0p5,16940.0,20.530395721028984,309.5037665952576,310.18394330640933,42.01696852707745,32.04638192397073,52.843128584731005,62.54736424810643,341.55014851922834,347.2300055120413,1.0,24.200000000000003,20.530395721028984,-10.496233404742384,23.05792844443913,20.530395721028984,309.5037665952576,310.18394330640933,310.18394330640933,241.0,1.0,1.4000000000000001,5.986581519054187,20.086732491118994,20.95986594551732,5.986581519054187,100.086732491119,100.2656131434556,100.2656131434556,13.0,1.0,0.1,5.986581519054187,1.2198661187752577,6.1096015935588595,5.986581519054187,1.2198661187752577,6.1096015935588595,6.1096015935588595,0.0,1.0,0.1,0.0,0.0,0.0,0.0,0.0,0.0,0.0,0.0,0.0,nan,nan,nan,nan,62.54736424810643,341.55014851922834,347.2300055120413,310.18394330640933,nan,1.0,0.6000000000000001,8.003550046131636,-6.7337519572540145,10.459456427690494,48.003550046131636,33.266248042745985,58.40363067372581,6.1096015935588595,5.0
14_LTAN06_800km_1213COLD_MY_STTLCT_PCDU_HEAT_MY_0p5,17000.5,20.9128888525676,310.6276635091385,311.3308437294744,94.38473129285845,-38.74201191697786,102.02657001291549,115.29762014542605,271.8856515921606,295.3224487791145,1.0,24.200000000000003,20.9128888525676,-9.372336490861528,22.917015762480524,20.9128888525676,310.6276635091385,311.3308437294744,311.3308437294744,241.0,1.0,1.4000000000000001,6.369074650592804,21.21062940499985,22.14623922161657,6.369074650592804,101.21062940499985,101.41083086367571,101.41083086367571,13.0,1.0,0.1,6.369074650592804,1.442172250175588,6.530311838189687,6.369074650592804,1.442172250175588,6.530311838189687,6.530311838189687,0.0,1.0,0.1,0.0,0.0,0.0,0.0,0.0,0.0,0.0,0.0,1.0,19.0,-4.702379854573948,-8.114348407839373,9.378434111327342,115.29762014542605,271.8856515921606,295.3224487791145,311.3308437294744,189.0,1.0,2.0,20.753805943451255,2.7001603331977435,20.928720146330193,100.75380594345125,-37.29983966680226,107.43652754654624,6.530311838189687,19.0
14_LTAN06_800km_1213COLD_MY_STTLCT_PCDU_HEAT_MY_0p5,17061.0,21.261341727465616,311.74545227110184,312.46963318659607,80.3844232180497,-16.4547383089808,82.05128828309503,101.64576494551532,295.29071396212106,312.29548072877736,1.0,24.200000000000003,21.261341727465616,-8.25454772889816,22.807503376317374,21.261341727465616,311.74545227110184,312.46963318659607,312.46963318659607,241.0,1.0,1.4000000000000001,6.717527525490819,22.328418166963218,23.317020261913825,6.717527525490819,102.32841816696322,102.54867303192476,102.54867303192476,13.0,1.0,0.1,6.717527525490819,1.646349019225795,6.916331480548958,6.717527525490819,1.646349019225795,6.916331480548958,6.916331480548958,0.0,1.0,0.1,0.0,0.0,0.0,0.0,0.0,0.0,0.0,0.0,1.0,19.0,-18.354235054484676,15.29071396212106,23.888990725995058,101.64576494551532,295.29071396212106,312.29548072877736,312.46963318659607,189.0,1.0,2.2,7.101950743540527,-14.808389289754984,16.4233400293791,87.10195074354053,-14.808389289754984,88.35178672040023,6.916331480548958,21.0
14_LTAN06_800km_1213COLD_MY_STTLCT_PCDU_HEAT_MY_0p5,17121.5,21.576548929630967,312.859986874206,313.60312315192454,-46.54022227098447,77.2684309864103,90.20201059917838,-24.963673341353505,390.1284178606163,390.92629408767255,1.0,24.200000000000003,21.576548929630967,-7.140013125793985,22.72723588889044,21.576548929630967,312.859986874206,313.60312315192454,313.60312315192454,241.0,1.0,1.4000000000000001,7.03273472765617,23.442952770067393,24.475117820537484,7.03273472765617,103.4429527700674,103.68174301939554,103.68174301939554,13.0,1.0,0.1,7.03273472765617,1.8326447199464724,7.267595504644489,7.03273472765617,1.8326447199464724,7.267595504644489,7.267595504644489,0.0,1.0,0.1,0.0,0.0,0.0,0.0,0.0,0.0,0.0,0.0,1.0,38.0,15.036326658646495,-9.87158213938369,17.987196927818474,-24.963673341353505,390.1284178606163,390.92629408767255,313.60312315192454,379.0,1.0,1.2000000000000002,0.4925124566716974,-0.8989242936432333,1.0250041003229091,-39.5074875433283,79.10107570635677,88.41844688688569,7.267595504644489,11.0
14_LTAN06_800km_1213COLD_MY_STTLCT_PCDU_HEAT_MY_0p5,17182.0,21.85838163928,313.9771954040428,314.7371412491333,159.5230733915276,153.5249748817116,221.39902632285643,181.3814550308076,467.50217028575435,501.4553932813799,1.0,24.200000000000003,21.85838163928,-6.022804595957211,22.67295796956137,21.85838163928,313.9771954040428,314.7371412491333,314.7371412491333,241.0,1.0,3.2,7.314567437305204,-15.439838700095834,17.084832919284363,7.314567437305204,104.56016129990417,104.81569647651473,104.81569647651473,31.0,1.0,0.1,7.314567437305204,2.0086919043753824,7.585363535229463,7.314567437305204,2.0086919043753824,7.585363535229463,7.585363535229463,0.0,1.0,0.1,0.0,0.0,0.0,0.0,0.0,0.0,0.0,0.0,1.0,56.2,21.381455030807587,-12.497829714245654,24.7661536537414,181.3814550308076,467.50217028575435,501.4553932813799,314.7371412491333,561.0,1.0,6.6000000000000005,6.837640828832775,-4.46633321391306,8.167096453564383,166.83764082883278,155.53366678608694,228.0910342412786,7.585363535229463,65.0
14_LTAN06_800km_1213COLD_MY_STTLCT_PCDU_HEAT_MY_0p5,17242.5,22.10070355514901,315.12203621209073,315.8960886178979,117.58603600518563,51.371910407805714,128.31815554456986,139.68673956033464,366.49394661989646,392.21193010670174,1.0,24.200000000000003,22.10070355514901,-4.877963787909266,22.632623099162196,22.10070355514901,315.12203621209073,315.8960886178979,315.8960886178979,241.0,1.0,3.2,7.556889353174213,-14.294997892047888,16.16952508361861,7.556889353174213,105.70500210795211,105.97478024199097,105.97478024199097,31.0,1.0,0.1,7.556889353174213,2.1715368403578736,7.862706210023954,7.556889353174213,2.1715368403578736,7.862706210023954,7.862706210023954,0.0,1.0,0.1,0.0,0.0,0.0,0.0,0.0,0.0,0.0,0.0,1.0,31.400000000000002,19.686739560334644,6.493946619896462,20.730148509321147,139.68673956033464,366.49394661989646,392.21193010670174,315.8960886178979,313.0,1.0,4.6000000000000005,5.142925358359847,13.543447248163602,14.487050928517197,125.14292535835985,53.5434472481636,136.11631978005028,7.862706210023954,45.0
14_LTAN06_800km_1213COLD_MY_STTLCT_PCDU_HEAT_MY_0p5,17303.0,22.305326267951223,316.29293405371675,317.0784567141523,54.966947094523164,109.80025001406209,122.79030978070969,77.27227336247438,426.09318406777885,433.0431915405472,1.0,24.200000000000003,22.305326267951223,-3.707065946283251,22.611278554072253,22.305326267951223,316.29293405371675,317.0784567141523,317.0784567141523,241.0,1.0,3.2,7.761512065976426,-13.124100050421873,15.247395570515677,7.761512065976426,106.87589994957813,107.15735653506263,107.15735653506263,31.0,1.0,0.1,7.761512065976426,2.3198798783902816,8.100797010199537,7.761512065976426,2.3198798783902816,8.100797010199537,8.100797010199537,0.0,1.0,0.1,0.0,0.0,0.0,0.0,0.0,0.0,0.0,0.0,1.0,46.800000000000004,-2.7277266375256204,-13.90681593222115,14.171803765990653,77.27227336247438,426.09318406777885,433.0431915405472,317.0784567141523,467.0,1.0,3.4000000000000004,22.728459160499582,-7.879870107547617,24.055668951877433,62.72845916049958,112.12012989245238,128.47483456206845,8.100797010199537,33.0
14_LTAN06_800km_1213COLD_MY_STTLCT_PCDU_HEAT_MY_0p5,17363.5,22.470197013602583,317.49279749638384,318.28695577404665,86.2113229629996,27.110173318731256,90.37341259685986,108.68151997660219,344.6029708151151,361.3348589314732,1.0,24.200000000000003,22.470197013602583,-2.5072025036161563,22.609639940172723,22.470197013602583,317.49279749638384,318.28695577404665,318.28695577404665,241.0,1.0,3.2,7.926382811627786,-11.924236607754779,14.318343589751839,7.926382811627786,108.07576339224522,108.36603793298451,108.36603793298451,31.0,1.0,0.1,7.926382811627786,2.454598815985719,8.29774667147093,7.926382811627786,2.454598815985719,8.29774667147093,8.29774667147093,0.0,1.0,0.1,0.0,0.0,0.0,0.0,0.0,0.0,0.0,0.0,1.0,31.400000000000002,-11.318480023397811,-15.3970291848849,19.109591773772998,108.68151997660219,344.6029708151151,361.3348589314732,318.28695577404665,313.0,1.0,2.4000000000000004,14.137705774627392,-10.435227865283025,17.571815648085774,94.13770577462739,29.564772134716975,98.67108694996753,8.29774667147093,23.0
14_LTAN06_800km_1213COLD_MY_STTLCT_PCDU_HEAT_MY_0p5,17424.0,22.591080701854665,318.7272799629494,319.5268938913562,29.046156195753372,14.325241203458667,32.38659792700326,51.637236897608034,333.0525211664081,337.0317286098156,1.0,24.200000000000003,22.591080701854665,-1.2727200370505898,22.626903092788027,22.591080701854665,318.7272799629494,319.5268938913562,319.5268938913562,241.0,1.0,3.2,8.047266499879868,-10.689754141189212,13.380184666855712,8.047266499879868,109.31024585881079,109.60605981346903,109.60605981346903,31.0,1.0,0.1,8.047266499879868,2.580117292435375,8.450769394724531,8.047266499879868,2.580117292435375,8.450769394724531,8.450769394724531,0.0,1.0,0.1,0.0,0.0,0.0,0.0,0.0,0.0,0.0,0.0,1.0,24.400000000000002,11.637236897608034,13.052521166408098,17.486954892450008,51.637236897608034,333.0525211664081,337.0317286098156,319.5268938913562,243.0,1.0,0.6000000000000001,-2.9065773043667633,-23.094641504105937,23.276826627129232,37.09342269563324,16.905358495894063,40.76411599865274,8.450769394724531,5.0
14_LTAN06_800km_1213COLD_MY_STTLCT_PCDU_HEAT_MY_0p5,17484.5,22.66957987110141,319.995766634037,320.7977564061777,45.59234228989369,-50.08818273675466,67.73099530753521,68.2619221609951,269.90758389728234,278.4058078819159,1.0,24.200000000000003,22.66957987110141,-0.004233365962988955,22.669580266375323,22.66957987110141,319.995766634037,320.7977564061777,320.7977564061777,241.0,1.0,3.2,8.125765669126611,-9.421267470101611,12.441396563599742,8.125765669126611,110.57873252989839,110.87688738248546,110.87688738248546,31.0,1.0,0.1,8.125765669126611,2.6925203233132606,8.560241433570177,8.125765669126611,2.6925203233132606,8.560241433570177,8.560241433570177,0.0,1.0,0.1,0.0,0.0,0.0,0.0,0.0,0.0,0.0,0.0,1.0,18.8,-11.738077839004902,-10.092416102717664,15.480288567883118,68.2619221609951,269.90758389728234,278.4058078819159,320.7977564061777,187.0,1.0,0.7000000000000001,13.718107959020301,-7.395662413441414,15.584681854594473,53.7181079590203,-47.395662413441414,71.63786665099585,8.560241433570177,6.0
14_LTAN06_800km_1213COLD_MY_STTLCT_PCDU_HEAT_MY_0p5,17545.0,22.700757190095143,321.30580267346414,322.106726425641,114.64392746978302,73.09657411444284,135.96447790862547,137.34468465987817,394.402376787907,417.6323708960687,1.0,24.200000000000003,22.700757190095143,1.305802673464143,22.738282644599227,22.700757190095143,321.30580267346414,322.106726425641,322.106726425641,241.0,1.0,3.2,8.156942988120345,-8.11123143067448,11.503381860714146,8.156942988120345,111.88876856932552,112.18570430706193,112.18570430706193,31.0,1.0,0.1,8.156942988120345,2.7954225408889215,8.622650757948831,8.156942988120345,2.7954225408889215,8.622650757948831,8.622650757948831,0.0,1.0,0.1,0.0,0.0,0.0,0.0,0.0,0.0,0.0,0.0,1.0,38.800000000000004,17.34468465987817,-5.597623212093026,18.22557191352786,137.34468465987817,394.402376787907,417.6323708960687,322.106726425641,387.0,1.0,4.800000000000001,2.800870457903372,-4.108003344668248,4.971978157812176,122.80087045790337,75.89199665533175,144.3594435482198,8.622650757948831,47.0
14_LTAN06_800km_1213COLD_MY_STTLCT_PCDU_HEAT_MY_0p5,17605.5,22.682199577841743,322.6611388360326,323.4574047578051,180.26828292497254,-96.06572426318571,204.26766069774328,202.95048250281428,226.5954145728469,304.19464205269213,1.0,24.200000000000003,22.682199577841743,2.661138836032592,22.837772167917016,22.682199577841743,322.6611388360326,323.4574047578051,323.4574047578051,241.0,1.0,3.2,8.138385375866946,-6.7558952681060305,10.577118577369852,8.138385375866946,113.24410473189397,113.53616416390989,113.53616416390989,31.0,1.0,0.1,8.138385375866946,2.89465571007338,8.637843955871476,8.138385375866946,2.89465571007338,8.637843955871476,8.637843955871476,0.0,1.0,0.1,0.0,0.0,0.0,0.0,0.0,0.0,0.0,0.0,1.0,14.4,2.950482502814282,-13.404585427153108,13.72546019167513,202.95048250281428,226.5954145728469,304.19464205269213,323.4574047578051,143.0,1.0,10.8,-11.593331699160501,-13.17106855311232,17.546577635469088,188.4066683008395,-93.17106855311232,210.18544353867924,8.637843955871476,107.0
14_LTAN06_800km_1213COLD_MY_STTLCT_PCDU_HEAT_MY_0p5,17666.0,22.615781145002703,324.05975968236896,324.84796659698117,73.90175753701564,24.397248485480475,77.82477433775267,96.51753868201834,348.45700816784944,361.57699292754177,1.0,24.200000000000003,22.615781145002703,4.059759682368963,22.977275849787944,22.615781145002703,324.05975968236896,324.84796659698117,324.84796659698117,241.0,1.0,3.2,8.071966943027906,-5.3572744217696595,9.687984287739257,8.071966943027906,114.64272557823034,114.92654688249694,114.92654688249694,31.0,1.0,0.1,8.071966943027906,2.9929734217694772,8.608980208639915,8.071966943027906,2.9929734217694772,8.608980208639915,8.608980208639915,0.0,1.0,0.1,0.0,0.0,0.0,0.0,0.0,0.0,0.0,0.0,1.0,31.200000000000003,16.51753868201834,-11.542991832150562,20.151172287216113,96.51753868201834,348.45700816784944,361.57699292754177,324.84796659698117,311.0,1.0,2.4000000000000004,1.9737244800435434,-12.609778092750048,12.763310380599627,81.97372448004354,27.390221907249952,86.42867441571973,8.608980208639915,23.0
14_LTAN06_800km_1213COLD_MY_STTLCT_PCDU_HEAT_MY_0p5,17726.5,22.49268911504072,325.4991441050872,326.2753651086306,87.45741920378025,-54.89504715427953,103.25825088512939,109.95010831882097,270.6040969508077,292.0883489731875,1.0,24.200000000000003,22.49268911504072,5.499144105087225,23.15516464019176,22.49268911504072,325.4991441050872,326.2753651086306,326.2753651086306,241.0,1.0,3.2,7.9488749130659215,-3.917889999051397,8.861967864319736,7.9488749130659215,116.0821100009486,116.35394653665986,116.35394653665986,31.0,1.0,0.1,7.9488749130659215,3.0771226292546316,8.523690284087033,7.9488749130659215,3.0771226292546316,8.523690284087033,8.523690284087033,0.0,1.0,0.1,0.0,0.0,0.0,0.0,0.0,0.0,0.0,0.0,1.0,19.0,-10.049891681179034,-9.395903049192327,13.758027362716401,109.95010831882097,270.6040969508077,292.0883489731875,326.2753651086306,189.0,1.0,2.0,15.40629411684617,-11.817924525024921,19.41693174767719,95.40629411684617,-51.81792452502492,108.57006152338376,8.523690284087033,19.0
14_LTAN06_800km_1213COLD_MY_STTLCT_PCDU_HEAT_MY_0p5,17787.0,22.313223171198864,326.97714933455745,327.73760253477354,121.44223618928048,41.077847323550714,128.20142850760254,143.75545936047934,368.05499665810817,395.1330315994126,1.0,24.200000000000003,22.313223171198864,6.977149334557453,23.378634286981807,22.313223171198864,326.97714933455745,327.73760253477354,327.73760253477354,241.0,1.0,3.2,7.769408969224067,-2.4398847695811696,8.143509895609727,7.769408969224067,117.56011523041883,117.8165710276802,117.8165710276802,31.0,1.0,0.1,7.769408969224067,3.1478044695825815,8.382862799174484,7.769408969224067,3.1478044695825815,8.382862799174484,8.382862799174484,0.0,1.0,0.1,0.0,0.0,0.0,0.0,0.0,0.0,0.0,0.0,1.0,31.6,-16.244540639520665,8.054996658108166,18.13196271094699,143.75545936047934,368.05499665810817,395.1330315994126,327.73760253477354,315.0,1.0,4.6000000000000005,9.211645158504552,4.225651793133295,10.134620841600883,129.21164515850455,44.225651793133295,136.57070520830874,8.382862799174484,45.0
14_LTAN06_800km_1213COLD_MY_STTLCT_PCDU_HEAT_MY_0p5,17847.5,22.07946017031269,328.49091227920013,329.23210963002015,35.584445309215056,-43.11570031588096,55.903634601816144,57.66390547952774,285.3752119633192,291.14281306304173,1.0,24.200000000000003,22.07946017031269,8.490912279200131,23.655827035753706,22.07946017031269,328.49091227920013,329.23210963002015,329.23210963002015,241.0,1.0,3.2,7.535645968337892,-0.926121824938491,7.592342312801401,7.535645968337892,119.07387817506151,119.31208833898398,119.31208833898398,31.0,1.0,0.1,7.535645968337892,3.2103207353497396,8.190977925983175,7.535645968337892,3.2103207353497396,8.190977925983175,8.190977925983175,0.0,1.0,0.1,0.0,0.0,0.0,0.0,0.0,0.0,0.0,0.0,1.0,18.6,17.66390547952774,5.375211963319202,18.4636524133309,57.66390547952774,285.3752119633192,291.14281306304173,329.23210963002015,185.0,1.0,0.7000000000000001,3.1200912775529446,0.09462041946881072,3.121525685308775,43.120091277552945,-39.90537958053119,58.751864576801076,8.190977925983175,6.0
14_LTAN06_800km_1213COLD_MY_STTLCT_PCDU_HEAT_MY_0p5,17908.0,21.787989999561105,330.0254681127991,330.74389807114073,-34.72616726796055,93.8853620270037,100.10178767666402,-12.938177268399443,423.9108301398028,424.10822715533976,1.0,24.200000000000003,21.787989999561105,10.025468112799103,23.983880401255472,21.787989999561105,330.0254681127991,330.74389807114073,330.74389807114073,241.0,1.0,3.2,7.244175797586308,0.6084340086604811,7.269681900140466,7.244175797586308,120.60843400866048,120.82579375699439,120.82579375699439,31.0,1.0,0.1,7.244175797586308,3.2730665884830046,7.949279708186082,7.244175797586308,3.2730665884830046,7.949279708186082,7.949279708186082,0.0,1.0,0.1,0.0,0.0,0.0,0.0,0.0,0.0,0.0,0.0,1.0,46.400000000000006,-12.938177268399443,-16.089169860197217,20.646012152926932,-12.938177268399443,423.9108301398028,424.10822715533976,330.74389807114073,463.0,1.0,1.2000000000000002,12.51800852962576,17.158428615486685,21.239402300924937,-27.48199147037424,97.15842861548668,100.9703922256834,7.949279708186082,11.0
14_LTAN06_800km_1213COLD_MY_STTLCT_PCDU_HEAT_MY_0p5,17968.5,21.44125122647603,331.57948533559056,332.2720005501095,88.1679242567708,-32.29089916223415,93.89507461232057,109.60917548324683,299.2885861733564,318.7284567837704,1.0,24.200000000000003,21.44125122647603,11.579485335590562,24.36825260034081,21.44125122647603,331.57948533559056,332.2720005501095,332.2720005501095,241.0,1.0,3.2,6.897437024501233,2.1624512314519393,7.228473755597957,6.897437024501233,122.16245123145194,122.35701503544387,122.35701503544387,31.0,1.0,0.1,6.897437024501233,3.335939704095665,7.661796866030989,6.897437024501233,3.335939704095665,7.661796866030989,7.661796866030989,0.0,1.0,0.1,0.0,0.0,0.0,0.0,0.0,0.0,0.0,0.0,1.0,19.0,-10.39082451675317,19.288586173356407,21.90933113321707,109.60917548324683,299.2885861733564,318.7284567837704,332.2720005501095,189.0,1.0,2.0,15.065361281272033,11.04504054186151,18.680418386819255,95.06536128127203,-28.95495945813849,99.37712308555335,7.661796866030989,19.0
14_LTAN06_800km_1213COLD_MY_STTLCT_PCDU_HEAT_MY_0p5,18029.0,21.04340622965001,333.14536238854924,333.80931297185805,51.47944685232366,38.29519430145321,64.16116703121344,72.52285308197366,371.44055669000244,378.45429231722085,1.0,24.200000000000003,21.04340622965001,13.145362388549245,24.811801588606134,21.04340622965001,333.14536238854924,333.80931297185805,333.80931297185805,241.0,1.0,3.2,6.499592027675213,3.7283282844106225,7.49300529310873,6.499592027675213,123.72832828441062,123.89892621238128,123.89892621238128,31.0,1.0,0.1,6.499592027675213,3.398257477938955,7.334360940980967,6.499592027675213,3.398257477938955,7.334360940980967,7.334360940980967,0.0,1.0,0.1,0.0,0.0,0.0,0.0,0.0,0.0,0.0,0.0,1.0,31.200000000000003,-7.477146918026335,11.440556690002438,13.667262469525866,72.52285308197366,371.44055669000244,378.45429231722085,333.80931297185805,311.0,1.0,0.6000000000000001,17.979038879998868,1.6934517793921486,18.05861617006235,57.97903887999887,41.69345177939215,71.41367425590786,7.334360940980967,5.0
14_LTAN06_800km_1213COLD_MY_STTLCT_PCDU_HEAT_MY_0p5,18089.5,20.601230179448585,334.7053513865871,335.33875846929084,117.54735929000786,-3.1046543988540165,117.58835212294848,138.14858946945645,331.6006969877331,359.22702433858007,1.0,24.400000000000002,-19.398769820551415,14.705351386587097,24.34254772931,20.601230179448585,334.7053513865871,335.33875846929084,335.33875846929084,243.0,1.0,3.2,6.057415977473788,5.2883172824484745,8.041056398508715,6.057415977473788,125.28831728244847,125.43466321472559,125.43466321472559,31.0,1.0,0.1,6.057415977473788,3.468448692675622,6.980145031292542,6.057415977473788,3.468448692675622,6.980145031292542,6.980145031292542,0.0,1.0,0.1,0.0,0.0,0.0,0.0,0.0,0.0,0.0,0.0,1.0,24.8,18.148589469456454,11.600696987733102,21.539439879719843,138.14858946945645,331.6006969877331,359.22702433858007,335.33875846929084,247.0,1.0,4.4,3.6047752674816564,0.363794293821627,3.623085841829396,123.60477526748166,0.363794293821627,123.60531062706352,6.980145031292542,43.0
14_LTAN06_800km_1213COLD_MY_STTLCT_PCDU_HEAT_MY_0p5,18150.0,20.1164383082845,336.2591558356262,336.86034342661793,90.85292754903892,65.23155134483264,111.84547257303021,110.96936585732342,401.4907071804588,416.5441010397836,0.0,nan,nan,nan,nan,20.1164383082845,336.2591558356262,336.86034342661793,336.86034342661793,nan,1.0,3.2,5.5726241063097035,6.842121731487566,8.82432825878086,5.5726241063097035,126.84212173148757,126.9644752864979,126.9644752864979,31.0,1.0,0.1,5.5726241063097035,3.5467268409998383,6.605559076633311,5.5726241063097035,3.5467268409998383,6.605559076633311,6.605559076633311,0.0,1.0,0.1,0.0,0.0,0.0,0.0,0.0,0.0,0.0,0.0,1.0,38.800000000000004,-9.030634142676575,1.4907071804587986,9.152844416723543,110.96936585732342,401.4907071804588,416.5441010397836,336.86034342661793,387.0,1.0,1.8,16.425551655348627,-11.221721814167552,19.892857704640875,96.42555165534863,68.77827818583245,118.44128740538943,6.605559076633311,17.0
