case_name,time_s,thermal_los_x_urad,thermal_los_y_urad,thermal_los_norm_urad,nonthermal_error_x_urad,nonthermal_error_y_urad,nonthermal_error_norm_urad,thermal_plus_nonthermal_error_x_urad,thermal_plus_nonthermal_error_y_urad,thermal_plus_nonthermal_error_norm_urad,no_correction_success,no_correction_acquisition_time_s,no_correction_residual_x_urad,no_correction_residual_y_urad,no_correction_residual_norm_urad,no_correction_pointing_error_x_urad,no_correction_pointing_error_y_urad,no_correction_pointing_error_norm_urad,no_correction_thermal_residual_norm_urad,no_correction_scan_index,thermal_truth_correction_success,thermal_truth_correction_acquisition_time_s,thermal_truth_correction_residual_x_urad,thermal_truth_correction_residual_y_urad,thermal_truth_correction_residual_norm_urad,thermal_truth_correction_pointing_error_x_urad,thermal_truth_correction_pointing_error_y_urad,thermal_truth_correction_pointing_error_norm_urad,thermal_truth_correction_thermal_residual_norm_urad,thermal_truth_correction_scan_index,thermal_plus_nonthermal_no_correction_success,thermal_plus_nonthermal_no_correction_acquisition_time_s,thermal_plus_nonthermal_no_correction_residual_x_urad,thermal_plus_nonthermal_no_correction_residual_y_urad,thermal_plus_nonthermal_no_correction_residual_norm_urad,thermal_plus_nonthermal_no_correction_pointing_error_x_urad,thermal_plus_nonthermal_no_correction_pointing_error_y_urad,thermal_plus_nonthermal_no_correction_pointing_error_norm_urad,thermal_plus_nonthermal_no_correction_thermal_residual_norm_urad,thermal_plus_nonthermal_no_correction_scan_index,thermal_truth_correction_with_nonthermal_success,thermal_truth_correction_with_nonthermal_acquisition_time_s,thermal_truth_correction_with_nonthermal_residual_x_urad,thermal_truth_correction_with_nonthermal_residual_y_urad,thermal_truth_correction_with_nonthermal_residual_norm_urad,thermal_truth_correction_with_nonthermal_pointing_error_x_urad,thermal_truth_correction_with_nonthermal_pointing_error_y_urad,thermal_truth_correction_with_nonthermal_pointing_error_norm_urad,thermal_truth_correction_with_nonthermal_thermal_residual_norm_urad,thermal_truth_correction_with_nonthermal_scan_index
05_LTAN06_800km_1213COLD_PX_ALL_HEAT_PX_0p5,0.0,-595.6206903255593,-702.2766222619031,920.8455141441932,-192.38673145326436,-54.38126718659686,199.92492756054833,-788.0074217788236,-756.6578894484999,1092.4682413888136,1.0,109.5,4.379309674440719,-22.27662226190307,22.703000960757713,-595.6206903255593,-702.2766222619031,920.8455141441932,920.8455141441932,1094.0,1.0,0.1,0.0,0.0,0.0,0.0,0.0,0.0,0.0,0.0,1.0,160.5,11.992578221176359,3.3421105515001273,12.449563660204403,-788.0074217788236,-756.6578894484999,1092.4682413888136,920.8455141441932,1604.0,1.0,11.100000000000001,7.61326854673564,-14.381267186596801,16.272145029374588,-192.38673145326436,-54.3812671865968,199.92492756054833,0.0,110.0
05_LTAN06_800km_1213COLD_PX_ALL_HEAT_PX_0p5,0.0,-595.6206903255593,-702.2766222619031,920.8455141441932,-134.51946314410384,-189.23977220091592,232.1791923218626,-730.1401534696631,-891.516394462819,1152.3480920731754,1.0,109.5,4.379309674440719,-22.27662226190307,22.703000960757713,-595.6206903255593,-702.2766222619031,920.8455141441932,920.8455141441932,1094.0,1.0,0.1,0.0,0.0,0.0,0.0,0.0,0.0,0.0,0.0,1.0,185.9,-10.140153469663119,-11.516394462818994,15.344381832174568,-730.1401534696631,-891.516394462819,1152.3480920731754,920.8455141441932,1858.0,1.0,8.700000000000001,-14.519463144103838,10.760227799084078,18.07200354916885,-134.51946314410384,-189.23977220091592,232.1791923218626,0.0,86.0
05_LTAN06_800km_1213COLD_PX_ALL_HEAT_PX_0p5,60.5,-602.8588761327866,-702.5485398693864,925.7501149903754,-100.41840158405546,-118.28353446254997,155.16072280590174,-703.277277716842,-820.8320743319364,1080.908980259153,1.0,109.5,-2.858876132786577,-22.548539869386445,22.729052399603614,-602.8588761327866,-702.5485398693864,925.7501149903754,925.7501149903754,1094.0,1.0,0.1,0.0,0.0,0.0,0.0,0.0,0.0,0.0,0.0,0.0,nan,nan,nan,nan,-703.277277716842,-820.8320743319364,1080.908980259153,925.7501149903754,nan,1.0,2.7,19.58159841594454,1.7164655374500626,19.656684625454403,-100.41840158405546,-118.28353446254994,155.1607228059017,0.0,26.0
05_LTAN06_800km_1213COLD_PX_ALL_HEAT_PX_0p5,121.0,-609.9497594297046,-702.9858438682784,930.7136002592581,-126.53143257545743,-151.32856291630273,197.2575407529733,-736.481192005162,-854.3144067845811,1127.9439932093417,1.0,123.30000000000001,-9.949759429704613,17.01415613172162,19.709876244755986,-609.9497594297046,-702.9858438682784,930.7136002592581,930.7136002592581,1232.0,1.0,0.1,0.0,0.0,0.0,0.0,0.0,0.0,0.0,0.0,1.0,168.9,-16.48119200516203,-14.314406784581138,21.829611345726686,-736.481192005162,-854.3144067845811,1127.9439932093417,930.7136002592581,1688.0,1.0,5.300000000000001,-6.531432575457416,8.671437083697242,10.856032082868309,-126.53143257545742,-151.32856291630276,197.2575407529733,0.0,52.0
05_LTAN06_800km_1213COLD_PX_ALL_HEAT_PX_0p5,181.5,-616.8714834098956,-703.5834918748553,935.7137153441429,-150.99780298239068,-91.54866657128585,176.58282718455195,-767.8692863922863,-795.1321584461411,1105.3770353955333,1.0,123.30000000000001,-16.87148340989563,16.416508125144674,23.54036302764519,-616.8714834098956,-703.5834918748553,935.7137153441429,935.7137153441429,1232.0,1.0,0.1,0.0,0.0,0.0,0.0,0.0,0.0,0.0,0.0,1.0,152.5,-7.8692863922863125,4.867841553858852,9.253191326093798,-767.8692863922863,-795.1321584461411,1105.3770353955333,935.7137153441429,1524.0,1.0,7.1000000000000005,9.00219701760932,-11.548666571285821,14.642788351901721,-150.99780298239068,-91.54866657128582,176.58282718455195,0.0,70.0
05_LTAN06_800km_1213COLD_PX_ALL_HEAT_PX_0p5,242.0,-623.6313462414911,-704.2988865374796,940.7193936519583,-94.76522165236256,-83.97125606163218,126.61603010436555,-718.3965678938537,-788.2701425991118,1066.5193136905175,1.0,123.10000000000001,16.368653758508913,15.701113462520425,22.68166197237072,-623.6313462414911,-704.2988865374796,940.7193936519583,940.7193936519583,1230.0,1.0,0.1,0.0,0.0,0.0,0.0,0.0,0.0,0.0,0.0,1.0,152.70000000000002,1.6034321061463288,11.72985740088825,11.83894206270956,-718.3965678938537,-788.2701425991118,1066.5193136905175,940.7193936519583,1526.0,1.0,1.1,-14.765221652362584,-3.9712560616321753,15.28995242472805,-94.76522165236258,-83.97125606163218,126.61603010436556,0.0,10.0
05_LTAN06_800km_1213COLD_PX_ALL_HEAT_PX_0p5,302.5,-630.2307886867125,-705.1138779007891,945.7147708569241,-90.54816952703897,-89.92496833664744,127.61454045305508,-720.7789582137514,-795.0388462374366,1073.130501677338,1.0,123.10000000000001,9.769211313287542,14.886122099210866,17.805451997528156,-630.2307886867125,-705.1138779007891,945.7147708569241,945.7147708569241,1230.0,1.0,0.1,0.0,0.0,0.0,0.0,0.0,0.0,0.0,0.0,1.0,152.70000000000002,-0.7789582137513662,4.961153762563413,5.021934144786033,-720.7789582137514,-795.0388462374366,1073.130501677338,945.7147708569241,1526.0,1.0,1.1,-10.548169527038908,-9.924968336647453,14.483400044692777,-90.54816952703891,-89.92496833664745,127.61454045305506,0.0,10.0
05_LTAN06_800km_1213COLD_PX_ALL_HEAT_PX_0p5,363.0,-636.6674314951227,-706.0251408655372,950.6928620016027,-150.80139869348253,-142.41961261431493,207.42325786931949,-787.4688301886052,-848.4447534798521,1157.5688567969066,1.0,123.10000000000001,3.3325685048772584,13.974859134462804,14.366721987557854,-636.6674314951227,-706.0251408655372,950.6928620016027,950.6928620016027,1230.0,1.0,0.1,0.0,0.0,0.0,0.0,0.0,0.0,0.0,0.0,1.0,168.5,12.531169811394761,-8.444753479852125,15.11105814221777,-787.4688301886052,-848.4447534798521,1157.5688567969066,950.6928620016027,1684.0,1.0,5.1000000000000005,9.198601306517503,17.58038738568507,19.841478942534003,-150.8013986934825,-142.41961261431493,207.42325786931946,0.0,50.0
05_LTAN06_800km_1213COLD_PX_ALL_HEAT_PX_0p5,423.5,-642.9594642688043,-706.9952482447553,955.6354711570154,53.32932073432239,-138.19994910203465,148.1325162879143,-589.6301435344818,-845.19519734679,1030.5428801280289,1.0,123.10000000000001,-2.959464268804254,13.004751755244683,13.337240980572735,-642.9594642688043,-706.9952482447553,955.6354711570154,955.6354711570154,1230.0,1.0,0.1,0.0,0.0,0.0,0.0,0.0,0.0,0.0,0.0,1.0,169.5,10.369856465518183,-5.195197346789996,11.59844811117173,-589.6301435344818,-845.19519734679,1030.5428801280289,955.6354711570154,1694.0,1.0,3.5,13.329320734322437,-18.19994910203468,22.559010141295893,53.32932073432244,-138.19994910203468,148.13251628791434,0.0,34.0
05_LTAN06_800km_1213COLD_PX_ALL_HEAT_PX_0p5,484.0,-649.1095718938208,-708.0198999111238,960.5391272584044,-169.02737748439506,-93.30564272203999,193.07044647751027,-818.1369493782158,-801.3255426331639,1145.1946093194065,1.0,123.10000000000001,-9.109571893820771,11.980100088876156,15.050152764280497,-649.1095718938208,-708.0198999111238,960.5391272584044,960.5391272584044,1230.0,1.0,0.1,0.0,0.0,0.0,0.0,0.0,0.0,0.0,0.0,1.0,152.3,-18.13694937821583,-1.3255426331638773,18.1853236435401,-818.1369493782158,-801.3255426331639,1145.1946093194065,960.5391272584044,1522.0,1.0,7.1000000000000005,-9.02737748439506,-13.305642722040034,16.07898232141387,-169.02737748439506,-93.30564272204003,193.0704464775103,0.0,70.0
05_LTAN06_800km_1213COLD_PX_ALL_HEAT_PX_0p5,544.5,-655.1214143005304,-709.0890258500933,965.3969722638255,-33.292733967210715,-171.6839208256985,174.8821740632709,-688.4141482677411,-880.7729466757918,1117.8886452286545,1.0,123.10000000000001,-15.121414300530432,10.910974149906679,18.64689055441196,-655.1214143005304,-709.0890258500933,965.3969722638255,965.3969722638255,1230.0,1.0,0.1,0.0,0.0,0.0,0.0,0.0,0.0,0.0,0.0,1.0,186.10000000000002,-8.414148267741098,-0.7729466757917862,8.449576180800317,-688.4141482677411,-880.7729466757918,1117.8886452286545,965.3969722638255,1860.0,1.0,5.7,6.7072660327893345,-11.683920825698465,13.472246416088145,-33.292733967210665,-171.68392082569846,174.88217406327084,0.0,56.0
05_LTAN06_800km_1213COLD_PX_ALL_HEAT_PX_0p5,605.0,-661.0041158485466,-710.1615021392643,970.1833848759806,-68.34349485565261,-207.47340994894034,218.44003553590096,-729.3476107041992,-917.6349120882046,1172.1782155982303,1.0,122.9,18.995884151453424,9.838497860735743,21.392513990906753,-661.0041158485466,-710.1615021392643,970.1833848759806,970.1833848759806,1228.0,1.0,0.1,0.0,0.0,0.0,0.0,0.0,0.0,0.0,0.0,1.0,203.70000000000002,-9.347610704199155,2.365087911795399,9.642171265217153,-729.3476107041992,-917.6349120882046,1172.1782155982303,970.1833848759806,2036.0,1.0,8.9,11.65650514434742,-7.473409948940343,13.84651466778259,-68.34349485565258,-207.47340994894034,218.44003553590096,0.0,88.0
05_LTAN06_800km_1213COLD_PX_ALL_HEAT_PX_0p5,665.5,-666.7606596286225,-711.2371578436447,974.8990060133929,-103.35339855003996,-231.5039741897322,253.5271485610241,-770.1140581786625,-942.7411320333769,1217.3070708050543,1.0,122.9,13.239340371377466,8.762842156355305,15.876634911919556,-666.7606596286225,-711.2371578436447,974.8990060133929,974.8990060133929,1228.0,1.0,0.1,0.0,0.0,0.0,0.0,0.0,0.0,0.0,0.0,1.0,203.5,-10.114058178662503,-22.741132033376857,24.888817951056833,-770.1140581786625,-942.7411320333769,1217.3070708050543,974.8990060133929,2034.0,1.0,12.9,16.64660144996003,8.496025810267838,18.6893497586874,-103.35339855003997,-231.50397418973216,253.52714856102406,0.0,128.0
05_LTAN06_800km_1213COLD_PX_ALL_HEAT_PX_0p5,726.0,-672.3913440056053,-712.2957475969656,979.5281269766501,-174.70146461707097,-155.40952631737946,233.82198914888642,-847.0928086226763,-867.7052739143451,1212.6329489169518,1.0,122.9,7.608655994394667,7.704252403034388,10.828072364493094,-672.3913440056053,-712.2957475969656,979.5281269766501,979.5281269766501,1228.0,1.0,0.1,0.0,0.0,0.0,0.0,0.0,0.0,0.0,0.0,1.0,185.3,-7.09280862267633,12.29472608565493,14.193950249285626,-847.0928086226763,-867.7052739143451,1212.6329489169518,979.5281269766501,1852.0,1.0,5.1000000000000005,-14.701464617070997,4.590473682620541,15.401477543334025,-174.701464617071,-155.40952631737946,233.82198914888644,0.0,50.0
05_LTAN06_800km_1213COLD_PX_ALL_HEAT_PX_0p5,786.5,-677.8949394606999,-713.3061084113857,984.0463166149353,8.861343285230511,-257.2620226595218,257.4145910932148,-669.0335961754694,-970.5681310709075,1178.816546313274,1.0,122.9,2.105060539300098,6.693891588614292,7.017083758531003,-677.8949394606999,-713.3061084113857,984.0463166149353,984.0463166149353,1228.0,1.0,0.1,0.0,0.0,0.0,0.0,0.0,0.0,0.0,0.0,1.0,222.5,10.96640382453063,-10.568131070907498,15.229819669797818,-669.0335961754694,-970.5681310709075,1178.816546313274,984.0463166149353,2224.0,1.0,13.5,8.861343285230532,-17.26202265952179,19.40362932846698,8.861343285230532,-257.2620226595218,257.4145910932148,0.0,134.0
05_LTAN06_800km_1213COLD_PX_ALL_HEAT_PX_0p5,847.0,-683.275040295417,-714.2701684348809,988.4567032534591,-111.09913023033359,-252.46795842697895,275.8316275741841,-794.3741705257506,-966.7381268618599,1251.2445519269413,1.0,122.9,-3.2750402954170568,5.7298315651190705,6.599762018530691,-683.275040295417,-714.2701684348809,988.4567032534591,988.4567032534591,1228.0,1.0,0.1,0.0,0.0,0.0,0.0,0.0,0.0,0.0,0.0,1.0,221.9,5.625829474249372,-6.738126861859882,8.777944570333688,-794.3741705257506,-966.7381268618599,1251.2445519269413,988.4567032534591,2218.0,1.0,12.9,8.900869769666429,-12.467958426978953,15.319121058123315,-111.09913023033357,-252.46795842697895,275.8316275741841,0.0,128.0
05_LTAN06_800km_1213COLD_PX_ALL_HEAT_PX_0p5,907.5,-688.5253235732258,-715.177068438175,992.7463726558951,-74.52564579516809,-197.09701939869728,210.71617625858084,-763.0509693683939,-912.2740878368722,1189.3236704920334,1.0,122.9,-8.525323573225819,4.822931561825044,9.794989069838108,-688.5253235732258,-715.177068438175,992.7463726558951,992.7463726558951,1228.0,1.0,0.1,0.0,0.0,0.0,0.0,0.0,0.0,0.0,0.0,1.0,203.5,-3.0509693683939076,7.725912163127759,8.306511472287472,-763.0509693683939,-912.2740878368722,1189.3236704920334,992.7463726558951,2034.0,1.0,8.9,5.474354204831911,2.9029806013027155,6.1964385199484315,-74.52564579516809,-197.09701939869728,210.71617625858084,0.0,88.0
05_LTAN06_800km_1213COLD_PX_ALL_HEAT_PX_0p5,968.0,-693.6438392881457,-716.0205838988329,996.9088485660184,-35.11834244385,-294.13806542186165,296.2271079866238,-728.7621817319957,-1010.1586493206946,1245.598175303813,1.0,122.9,-13.643839288145728,3.9794161011670894,14.21232222499113,-693.6438392881457,-716.0205838988329,996.9088485660184,996.9088485660184,1228.0,1.0,0.1,0.0,0.0,0.0,0.0,0.0,0.0,0.0,0.0,1.0,241.70000000000002,-8.762181731995724,-10.158649320694622,13.415438297922618,-728.7621817319957,-1010.1586493206946,1245.598175303813,996.9088485660184,2416.0,1.0,18.3,4.881657556150003,-14.138065421861711,14.957121192540969,-35.11834244385,-294.1380654218617,296.2271079866239,0.0,182.0
05_LTAN06_800km_1213COLD_PX_ALL_HEAT_PX_0p5,1028.5,-698.6356370071801,-716.8028175212563,1000.9485663623481,-127.18105355093431,-192.06776987267816,230.35852188749104,-825.8166905581144,-908.8705873939344,1228.0142307946403,1.0,122.7,21.364362992819906,3.1971824787436844,21.602267980269072,-698.6356370071801,-716.8028175212563,1000.9485663623481,1000.9485663623481,1226.0,1.0,0.1,0.0,0.0,0.0,0.0,0.0,0.0,0.0,0.0,1.0,203.10000000000002,14.183309441885626,11.129412606065557,18.028590951051413,-825.8166905581144,-908.8705873939344,1228.0142307946403,1000.9485663623481,2030.0,1.0,8.700000000000001,-7.18105355093428,7.932230127321873,10.699897424469947,-127.18105355093428,-192.06776987267813,230.35852188749095,0.0,86.0
05_LTAN06_800km_1213COLD_PX_ALL_HEAT_PX_0p5,1089.0,-659.233276258371,-718.2495851514104,974.9210117217286,39.407564040553765,-370.3091545429344,372.400088670657,-619.8257122178172,-1088.5587396943447,1252.6547981352503,1.0,122.9,20.766723741628994,1.7504148485895712,20.840363890856132,-659.233276258371,-718.2495851514104,974.9210117217286,974.9210117217286,1228.0,1.0,0.1,0.0,0.0,0.0,0.0,0.0,0.0,0.0,0.0,1.0,283.3,20.174287782182773,-8.558739694344695,21.914696271540716,-619.8257122178172,-1088.5587396943447,1252.6547981352503,974.9210117217286,2832.0,1.0,31.1,-0.5924359594462203,-10.309154542934266,10.326163264066048,39.40756404055378,-370.30915454293427,372.4000886706569,0.0,310.0
05_LTAN06_800km_1213COLD_PX_ALL_HEAT_PX_0p5,1149.5,-621.0202634474113,-719.5614657562985,950.4919098096758,140.9118368408162,-296.1980640644212,328.00829092778093,-480.10842660659506,-1015.7595298207198,1123.5085775018676,1.0,123.10000000000001,18.979736552588747,0.43853424370149696,18.984802129297325,-621.0202634474113,-719.5614657562985,950.4919098096758,950.4919098096758,1230.0,1.0,0.1,0.0,0.0,0.0,0.0,0.0,0.0,0.0,0.0,1.0,242.9,-0.1084266065950601,-15.759529820719763,15.75990280741519,-480.10842660659506,-1015.7595298207198,1123.5085775018676,950.4919098096758,2428.0,0.0,nan,nan,nan,nan,140.9118368408162,-296.19806406442126,328.008290927781,0.0,nan
05_LTAN06_800km_1213COLD_PX_ALL_HEAT_PX_0p5,1210.0,-584.1011397329113,-720.7331150847675,927.701657116704,75.35736513329111,-250.456688089879,261.54786385819153,-508.74377459962017,-971.1898031746465,1096.3712245331312,1.0,123.30000000000001,15.898860267088708,-0.733115084767519,15.915753689974148,-584.1011397329113,-720.7331150847675,927.701657116704,927.701657116704,1232.0,1.0,0.1,0.0,0.0,0.0,0.0,0.0,0.0,0.0,0.0,1.0,223.3,11.256225400379833,-11.1898031746465,15.8718085091613,-508.74377459962017,-971.1898031746465,1096.3712245331312,927.701657116704,2232.0,1.0,13.9,-4.642634866708875,-10.45668808987898,11.44099577460799,75.35736513329113,-250.45668808987898,261.54786385819153,0.0,138.0
05_LTAN06_800km_1213COLD_PX_ALL_HEAT_PX_0p5,1270.5,-548.5221518784184,-721.7414969512479,906.5248697762014,123.97481845512758,-347.2805811419453,368.74592560361816,-424.54733342329087,-1069.0220780931932,1150.2385151643618,1.0,123.5,11.477848121581587,-1.741496951247882,11.609212252917922,-548.5221518784184,-721.7414969512479,906.5248697762014,906.5248697762014,1234.0,1.0,0.1,0.0,0.0,0.0,0.0,0.0,0.0,0.0,0.0,1.0,284.3,15.452666576709134,10.977921906806841,18.95520175896034,-424.54733342329087,-1069.0220780931932,1150.2385151643618,906.5248697762014,2842.0,1.0,31.5,3.974818455127547,12.719418858054723,13.326019579674218,123.97481845512755,-347.2805811419453,368.7459256036181,0.0,314.0
05_LTAN06_800km_1213COLD_PX_ALL_HEAT_PX_0p5,1331.0,-514.2973207897279,-722.5870952213949,886.9238097784869,2.3809313690208818,-350.2523968677193,350.2604892730071,-511.91638942070705,-1072.8394920891142,1188.7148377737874,1.0,123.7,5.702679210272095,-2.5870952213948613,6.262077279931452,-514.2973207897279,-722.5870952213949,886.9238097784869,886.9238097784869,1236.0,1.0,0.1,0.0,0.0,0.0,0.0,0.0,0.0,0.0,0.0,1.0,283.90000000000003,8.083610579292952,7.160507910885826,10.798964466073375,-511.91638942070705,-1072.8394920891142,1188.7148377737874,886.9238097784869,2838.0,1.0,30.900000000000002,2.380931369020857,9.747603132280688,10.034171665286369,2.380931369020857,-350.2523968677193,350.2604892730071,0.0,308.0
05_LTAN06_800km_1213COLD_PX_ALL_HEAT_PX_0p5,1391.5,-481.41038478128644,-723.2693351141229,868.8351337806797,203.19928364304795,-282.31998220216923,347.84266734212036,-278.2111011382385,-1005.5893173162922,1043.3653683620123,1.0,123.9,-1.4103847812864387,-3.269335114122896,3.5605810368142676,-481.41038478128644,-723.2693351141229,868.8351337806797,868.8351337806797,1238.0,1.0,0.1,0.0,0.0,0.0,0.0,0.0,0.0,0.0,0.0,1.0,243.9,1.7888988617614814,-5.589317316292181,5.86861373748649,-278.2111011382385,-1005.5893173162922,1043.3653683620123,868.8351337806797,2438.0,1.0,19.5,3.19928364304792,-2.3199822021692853,3.9519277886945527,203.19928364304792,-282.3199822021693,347.84266734212036,0.0,194.0
05_LTAN06_800km_1213COLD_PX_ALL_HEAT_PX_0p5,1452.0,-449.8181246421497,-723.7842549162485,852.1736870622383,73.10521974057217,-332.74720324049116,340.6832464587686,-376.71290490157753,-1056.5314581567397,1121.6823680499715,1.0,124.10000000000001,-9.818124642149712,-3.7842549162485284,10.522174526206005,-449.8181246421497,-723.7842549162485,852.1736870622383,852.1736870622383,1240.0,1.0,0.1,0.0,0.0,0.0,0.0,0.0,0.0,0.0,0.0,1.0,263.7,-16.71290490157753,-16.531458156739745,23.507664687016685,-376.71290490157753,-1056.5314581567397,1121.6823680499715,852.1736870622383,2636.0,1.0,24.700000000000003,-6.894780259427819,-12.747203240491217,14.492383699039484,73.10521974057218,-332.7472032404912,340.6832464587687,0.0,246.0
05_LTAN06_800km_1213COLD_PX_ALL_HEAT_PX_0p5,1512.5,-419.49050172202334,-724.1349613881921,836.8654153086226,99.263033140745,-288.6726888612476,305.26229875745105,-320.22746858127834,-1012.8076502494397,1062.2264203256127,1.0,124.10000000000001,20.50949827797666,-4.134961388192096,20.922175443680974,-419.49050172202334,-724.1349613881921,836.8654153086226,836.8654153086226,1240.0,1.0,0.1,0.0,0.0,0.0,0.0,0.0,0.0,0.0,0.0,1.0,243.70000000000002,-0.22746858127834457,-12.807650249439689,12.809670053027958,-320.22746858127834,-1012.8076502494397,1062.2264203256127,836.8654153086226,2436.0,1.0,18.900000000000002,19.263033140744994,-8.672688861247593,21.12533971006024,99.263033140745,-288.6726888612476,305.26229875745105,0.0,188.0
05_LTAN06_800km_1213COLD_PX_ALL_HEAT_PX_0p5,1573.0,-390.37632991378047,-724.3223420461597,822.8222980353576,-312.6575617535247,91.171201976761,325.6791964365339,-703.0338916673052,-633.1511400693987,946.1168104436447,1.0,124.30000000000001,9.623670086219533,-4.322342046159747,10.549770930802104,-390.37632991378047,-724.3223420461597,822.8222980353576,822.8222980353576,1242.0,1.0,0.1,0.0,0.0,0.0,0.0,0.0,0.0,0.0,0.0,1.0,116.10000000000001,-23.03389166730517,6.848859930601293,24.030544057306454,-703.0338916673052,-633.1511400693987,946.1168104436447,822.8222980353576,1160.0,1.0,27.900000000000002,7.342438246475297,11.17120197676104,13.368139474470372,-312.6575617535247,91.17120197676104,325.67919643653397,0.0,278.0
05_LTAN06_800km_1213COLD_PX_ALL_HEAT_PX_0p5,1633.5,-362.4213926365952,-724.3486668738419,809.9569476475655,-319.8401485115316,-118.99651317120886,341.2592720304963,-682.2615411481268,-843.3451800450508,1084.763524107921,1.0,124.5,-2.4213926365952148,-4.348666873841921,4.977353300721941,-362.4213926365952,-724.3486668738419,809.9569476475655,809.9569476475655,1244.0,1.0,0.1,0.0,0.0,0.0,0.0,0.0,0.0,0.0,0.0,1.0,169.10000000000002,-2.261541148126753,-3.3451800450508244,4.037919996542366,-682.2615411481268,-843.3451800450508,1084.763524107921,809.9569476475655,1690.0,1.0,26.900000000000002,0.15985148846846187,1.0034868287910967,1.016138924519081,-319.84014851153154,-118.9965131712089,341.2592720304963,0.0,268.0
05_LTAN06_800km_1213COLD_PX_ALL_HEAT_PX_0p5,1694.0,-335.58577764259286,-724.2200767846474,798.1932934909591,-428.784786310622,-28.811496969918664,429.7516670463227,-764.3705639532149,-753.0315737545661,1072.9952982699572,1.0,124.5,24.41422235740714,-4.220076784647404,24.77626487962297,-335.58577764259286,-724.2200767846474,798.1932934909591,798.1932934909591,1244.0,1.0,0.1,0.0,0.0,0.0,0.0,0.0,0.0,0.0,0.0,1.0,137.1,-4.370563953214855,6.968426245433875,8.225618129185959,-764.3705639532149,-753.0315737545661,1072.9952982699572,798.1932934909591,1370.0,1.0,50.7,11.215213689378004,11.188503030081279,15.841831275220352,-428.784786310622,-28.81149696991872,429.7516670463227,0.0,506.0
05_LTAN06_800km_1213COLD_PX_ALL_HEAT_PX_0p5,1754.5,-309.8106041058975,-723.9501851291258,787.4557009540008,-459.5933461433506,14.268862754947136,459.81479343705456,-769.403950249248,-709.6813223741786,1046.7234677726062,1.0,124.7,10.189395894102518,-3.950185129125771,10.928300473592389,-309.8106041058975,-723.9501851291258,787.4557009540008,787.4557009540008,1246.0,1.0,0.1,0.0,0.0,0.0,0.0,0.0,0.0,0.0,0.0,1.0,144.9,-9.403950249248055,10.318677625821351,13.960995245180722,-769.403950249248,-709.6813223741786,1046.7234677726062,787.4557009540008,1448.0,1.0,50.900000000000006,-19.593346143350573,14.268862754947122,24.238392220043554,-459.5933461433506,14.268862754947122,459.81479343705456,0.0,508.0
05_LTAN06_800km_1213COLD_PX_ALL_HEAT_PX_0p5,1815.0,-285.04870199565704,-723.5464388164918,777.6710176118409,-488.18169288832655,4.337640307955002,488.20096312354156,-773.2303948839835,-719.2087985085368,1056.0049902460378,1.0,124.9,-5.048701995657041,-3.5464388164917864,6.169815241972084,-285.04870199565704,-723.5464388164918,777.6710176118409,777.6710176118409,1248.0,1.0,0.1,0.0,0.0,0.0,0.0,0.0,0.0,0.0,0.0,1.0,144.9,-13.230394883983536,0.7912014914631982,13.254031408829213,-773.2303948839835,-719.2087985085368,1056.0049902460378,777.6710176118409,1448.0,1.0,60.300000000000004,-8.181692888326495,4.337640307954985,9.260411543775371,-488.1816928883265,4.337640307954985,488.2009631235415,0.0,602.0
05_LTAN06_800km_1213COLD_PX_ALL_HEAT_PX_0p5,1875.5,-261.26077755948137,-723.0127995564235,768.768302034756,-501.2685072333705,54.09011424283585,504.17839779464435,-762.5292847928519,-668.9226853135876,1014.3512552828232,1.0,124.9,18.73922244051863,-3.012799556423488,18.979868778324644,-261.26077755948137,-723.0127995564235,768.768302034756,768.768302034756,1248.0,1.0,0.1,0.0,0.0,0.0,0.0,0.0,0.0,0.0,0.0,1.0,145.1,-2.529284792851854,11.077314686412365,11.362402132698822,-762.5292847928519,-668.9226853135876,1014.3512552828232,768.768302034756,1450.0,1.0,70.7,18.731492766629515,14.090114242835853,23.43928626563658,-501.2685072333705,54.09011424283585,504.17839779464435,0.0,706.0
05_LTAN06_800km_1213COLD_PX_ALL_HEAT_PX_0p5,1936.0,-238.3811322252118,-722.3697601152076,760.6862917983184,-403.0538696325888,-22.653023703694956,403.6899569084226,-641.4350018578007,-745.0227838189026,983.1062048515328,1.0,125.10000000000001,1.6188677747882139,-2.369760115207555,2.8699295942368113,-238.3811322252118,-722.3697601152076,760.6862917983184,760.6862917983184,1250.0,1.0,0.1,0.0,0.0,0.0,0.0,0.0,0.0,0.0,0.0,1.0,137.70000000000002,-1.4350018578006711,14.977216181097447,15.04580456031576,-641.4350018578007,-745.0227838189026,983.1062048515328,760.6862917983184,1376.0,1.0,42.1,-3.053869632588885,17.346976296305,17.613736297487144,-403.0538696325889,-22.653023703695,403.68995690842263,0.0,420.0
05_LTAN06_800km_1213COLD_PX_ALL_HEAT_PX_0p5,1996.5,-216.37131994695343,-721.6219333536413,753.3623051312258,-464.94193283437806,-51.526535047518344,467.788397378313,-681.3132527813315,-773.1484684011597,1030.5077887170662,1.0,125.10000000000001,23.628680053046565,-1.6219333536413387,23.684281472168305,-216.37131994695343,-721.6219333536413,753.3623051312258,753.3623051312258,1250.0,1.0,0.1,0.0,0.0,0.0,0.0,0.0,0.0,0.0,0.0,1.0,137.5,-1.313252781331471,-13.148468401159676,13.213888684409646,-681.3132527813315,-773.1484684011597,1030.5077887170662,753.3623051312258,1374.0,1.0,60.1,15.058067165621992,-11.526535047518337,18.963290773651384,-464.941932834378,-51.52653504751834,467.78839737831294,0.0,600.0
05_LTAN06_800km_1213COLD_PX_ALL_HEAT_PX_0p5,2057.0,-195.1906144657853,-720.7706468313783,746.7326839701435,-327.98410437179416,32.833873406316954,329.62347605022006,-523.1747188375795,-687.9367734250613,864.2735623986565,1.0,125.30000000000001,4.809385534214698,-0.770646831378258,4.8707377013576645,-195.1906144657853,-720.7706468313783,746.7326839701435,746.7326839701435,1252.0,1.0,0.1,0.0,0.0,0.0,0.0,0.0,0.0,0.0,0.0,1.0,109.9,-3.174718837579462,-7.936773425061347,8.548170102334295,-523.1747188375795,-687.9367734250613,864.2735623986565,746.7326839701435,1098.0,1.0,27.700000000000003,-7.98410437179416,-7.166126593683089,10.728433854780231,-327.98410437179416,32.83387340631691,329.62347605022006,0.0,276.0
05_LTAN06_800km_1213COLD_PX_ALL_HEAT_PX_0p5,2117.5,-219.15192250430002,-719.1079927516028,751.7605139780686,-424.4487475909152,-3.0607129232686057,424.45978289479336,-643.6006700952153,-722.1687056748714,967.3414402387241,1.0,125.10000000000001,20.848077495699982,0.892007248397249,20.867151511356436,-219.15192250430002,-719.1079927516028,751.7605139780686,751.7605139780686,1250.0,1.0,0.1,0.0,0.0,0.0,0.0,0.0,0.0,0.0,0.0,1.0,123.10000000000001,-3.600670095215264,-2.1687056748713758,4.203345029711076,-643.6006700952153,-722.1687056748714,967.3414402387241,751.7605139780686,1230.0,1.0,42.300000000000004,-24.448747590915218,-3.0607129232686248,24.639586489284802,-424.4487475909152,-3.0607129232686248,424.45978289479336,0.0,422.0
05_LTAN06_800km_1213COLD_PX_ALL_HEAT_PX_0p5,2178.0,-242.68887120724506,-717.414037043819,757.3511660751285,-377.18692327663547,-9.344752951513088,377.30266298903763,-619.8757944838806,-726.7587899953321,955.2090553499278,1.0,125.10000000000001,-2.6888712072450573,2.5859629561809925,3.730580756382554,-242.68887120724506,-717.414037043819,757.3511660751285,757.3511660751285,1250.0,1.0,0.1,0.0,0.0,0.0,0.0,0.0,0.0,0.0,0.0,1.0,123.10000000000001,20.124205516119446,-6.7587899953321084,21.22886925523858,-619.8757944838806,-726.7587899953321,955.2090553499278,757.3511660751285,1230.0,1.0,34.5,-17.186923276635525,-9.344752951513101,19.5630963664183,-377.1869232766355,-9.344752951513101,377.3026629890377,0.0,344.0
05_LTAN06_800km_1213COLD_PX_ALL_HEAT_PX_0p5,2238.5,-265.635765602173,-715.7154384591757,763.4205582874113,-417.37383342487357,86.19300711250717,426.18089035393274,-683.0095990270465,-629.5224313466686,928.8706066679621,1.0,124.9,14.364234397826976,4.2845615408242566,14.989619656042846,-265.635765602173,-715.7154384591757,763.4205582874113,763.4205582874113,1248.0,1.0,0.1,0.0,0.0,0.0,0.0,0.0,0.0,0.0,0.0,1.0,116.10000000000001,-3.0095990270465336,10.477568653331446,10.901244478905753,-683.0095990270465,-629.5224313466686,928.8706066679621,763.4205582874113,1160.0,1.0,42.7,-17.37383342487351,6.193007112507189,18.444604223751092,-417.3738334248735,86.19300711250719,426.1808903539327,0.0,426.0
05_LTAN06_800km_1213COLD_PX_ALL_HEAT_PX_0p5,2299.0,-287.8830992688635,-714.0448547940366,769.8939754943424,-370.8541536330904,-60.61729447660379,375.77554425026,-658.7372529019539,-774.6621492706404,1016.8757121071486,1.0,124.9,-7.883099268863475,5.95514520596339,9.879625929500802,-287.8830992688635,-714.0448547940366,769.8939754943424,769.8939754943424,1248.0,1.0,0.1,0.0,0.0,0.0,0.0,0.0,0.0,0.0,0.0,1.0,137.70000000000002,-18.737252901953866,-14.662149270640384,23.79208413624832,-658.7372529019539,-774.6621492706404,1016.8757121071486,769.8939754943424,1376.0,1.0,34.1,-10.854153633090391,19.382705523396226,22.21490320702352,-370.8541536330904,-60.617294476603774,375.77554425026,0.0,340.0
05_LTAN06_800km_1213COLD_PX_ALL_HEAT_PX_0p5,2359.5,-309.371325542334,-712.4079503374106,776.6824993340401,-391.718497721243,5.723369431232985,391.7603073495755,-701.089823263577,-706.6845809061776,995.454688659556,1.0,124.7,10.628674457666023,7.592049662589375,13.061697393764165,-309.371325542334,-712.4079503374106,776.6824993340401,776.6824993340401,1246.0,1.0,0.1,0.0,0.0,0.0,0.0,0.0,0.0,0.0,0.0,1.0,122.7,18.910176736422954,13.315419093822356,23.12780080005189,-701.089823263577,-706.6845809061776,995.454688659556,776.6824993340401,1226.0,1.0,42.300000000000004,8.281502278756932,5.723369431232982,10.066788844484044,-391.71849772124307,5.723369431232982,391.76030734957556,0.0,422.0
05_LTAN06_800km_1213COLD_PX_ALL_HEAT_PX_0p5,2420.0,-330.0613499787063,-710.8389404974082,783.7298603965806,-417.4660188873373,-51.96309988251411,420.68758084241426,-747.5273688660436,-762.8020403799223,1068.0187826117867,1.0,124.7,-10.06134997870629,9.161059502591797,13.607195692134383,-330.0613499787063,-710.8389404974082,783.7298603965806,783.7298603965806,1246.0,1.0,0.1,0.0,0.0,0.0,0.0,0.0,0.0,0.0,0.0,1.0,137.1,12.472631133956384,-2.802040379922346,12.78350334198155,-747.5273688660436,-762.8020403799223,1068.0187826117867,783.7298603965806,1370.0,1.0,42.1,-17.466018887337327,-11.963099882514143,21.17020487788992,-417.4660188873373,-51.96309988251414,420.68758084241426,0.0,420.0
05_LTAN06_800km_1213COLD_PX_ALL_HEAT_PX_0p5,2480.5,-349.9342439088033,-709.3591803192077,790.9768781469936,-378.3153316347152,-131.38022467155653,400.4787804424015,-728.2495755435185,-840.7394049907642,1112.2905157302832,1.0,124.5,10.065756091196704,10.640819680792333,14.647405543870253,-349.9342439088033,-709.3591803192077,790.9768781469936,790.9768781469936,1244.0,1.0,0.1,0.0,0.0,0.0,0.0,0.0,0.0,0.0,0.0,1.0,168.9,-8.249575543518517,-0.7394049907642284,8.28264549456186,-728.2495755435185,-840.7394049907642,1112.2905157302832,790.9768781469936,1688.0,1.0,33.9,-18.31533163471522,-11.380224671556562,21.562951710392174,-378.3153316347152,-131.38022467155656,400.47878044240156,0.0,338.0
05_LTAN06_800km_1213COLD_PX_ALL_HEAT_PX_0p5,2541.0,-368.98750459246264,-707.9693682322385,798.3560639843149,-388.20752318885775,-56.72549095624547,392.3300426740917,-757.1950277813204,-764.694859188484,1076.151726182721,1.0,124.5,-8.987504592462642,12.03063176776152,15.01703497801779,-368.98750459246264,-707.9693682322385,798.3560639843149,798.3560639843149,1244.0,1.0,0.1,0.0,0.0,0.0,0.0,0.0,0.0,0.0,0.0,1.0,137.1,2.804972218679609,-4.694859188483974,5.468964430973821,-757.1950277813204,-764.694859188484,1076.151726182721,798.3560639843149,1370.0,1.0,42.1,11.79247681114225,-16.725490956245494,20.4647149276206,-388.20752318885775,-56.725490956245494,392.3300426740917,0.0,420.0
05_LTAN06_800km_1213COLD_PX_ALL_HEAT_PX_0p5,2601.5,-387.2270591298679,-706.7029513528632,805.8373637237315,-397.45395740621774,-116.26062295882163,414.1088995767138,-784.6810165360856,-822.9635743116849,1137.0986511099063,1.0,124.30000000000001,12.772940870132118,13.297048647136762,18.437991246234308,-387.2270591298679,-706.7029513528632,805.8373637237315,805.8373637237315,1242.0,1.0,0.1,0.0,0.0,0.0,0.0,0.0,0.0,0.0,0.0,1.0,168.5,15.318983463914378,17.03642568831515,22.910937444835522,-784.6810165360856,-822.9635743116849,1137.0986511099063,805.8373637237315,1684.0,1.0,41.7,2.5460425937822606,3.739377041178386,4.523856048267398,-397.45395740621774,-116.26062295882161,414.1088995767138,0.0,416.0
05_LTAN06_800km_1213COLD_PX_ALL_HEAT_PX_0p5,2662.0,-404.66512746336144,-705.5627781995094,813.3711940839487,-337.8268603360619,-95.0957393500651,350.9561043877946,-742.4919877994233,-800.6585175495744,1091.9470745741394,1.0,124.30000000000001,-4.6651274633614435,14.437221800490647,15.172237394859454,-404.66512746336144,-705.5627781995094,813.3711940839487,813.3711940839487,1242.0,1.0,0.1,0.0,0.0,0.0,0.0,0.0,0.0,0.0,0.0,1.0,152.5,17.508012200576673,-0.6585175495744124,17.52039202126023,-742.4919877994233,-800.6585175495744,1091.9470745741394,813.3711940839487,1524.0,1.0,27.1,-17.826860336061884,-15.09573935006506,23.3597580459764,-337.8268603360619,-95.09573935006506,350.9561043877946,0.0,270.0
05_LTAN06_800km_1213COLD_PX_ALL_HEAT_PX_0p5,2722.5,-421.31838226434377,-704.54654602437,820.9110882115757,-373.4105985284288,-228.8003561815496,437.9327323712666,-794.7289807927725,-933.3469022059196,1225.8591243569977,1.0,124.10000000000001,18.681617735656232,15.453453975630055,24.244836171814026,-421.31838226434377,-704.54654602437,820.9110882115757,820.9110882115757,1240.0,1.0,0.1,0.0,0.0,0.0,0.0,0.0,0.0,0.0,0.0,1.0,203.3,5.271019207227482,-13.346902205919605,14.350032821472661,-794.7289807927725,-933.3469022059196,1225.8591243569977,820.9110882115757,2032.0,1.0,33.300000000000004,-13.41059852842875,11.19964381845034,17.47215426187762,-373.41059852842875,-228.80035618154966,437.9327323712666,0.0,332.0
05_LTAN06_800km_1213COLD_PX_ALL_HEAT_PX_0p5,2783.0,-437.21070980175375,-703.6837228625244,828.4467312911647,-216.22875057691462,-133.2571824111051,253.99281336329202,-653.4394603786684,-836.9409052736295,1061.8159950293684,1.0,110.30000000000001,2.789290198246249,-23.683722862524405,23.847408002525007,-437.21070980175375,-703.6837228625244,828.4467312911647,828.4467312911647,1102.0,1.0,0.1,0.0,0.0,0.0,0.0,0.0,0.0,0.0,0.0,1.0,169.3,-13.4394603786684,3.0590947263705175,13.78322008148697,-653.4394603786684,-836.9409052736295,1061.8159950293684,828.4467312911647,1692.0,1.0,10.700000000000001,-16.22875057691465,-13.257182411105077,20.95531509591353,-216.22875057691465,-133.25718241110508,253.99281336329204,0.0,106.0
05_LTAN06_800km_1213COLD_PX_ALL_HEAT_PX_0p5,2843.5,-452.36364690472897,-702.969819505893,835.9422445223678,-227.21889284629262,-158.57260462037837,277.0806673198003,-679.5825397510216,-861.5424241262714,1097.3093351028328,1.0,124.10000000000001,-12.363646904728967,17.030180494106958,21.04487615660105,-452.36364690472897,-702.969819505893,835.9422445223678,835.9422445223678,1240.0,1.0,0.1,0.0,0.0,0.0,0.0,0.0,0.0,0.0,0.0,1.0,169.10000000000002,0.4174602489783865,-21.542424126271385,21.546468627031125,-679.5825397510216,-861.5424241262714,1097.3093351028328,835.9422445223678,1690.0,1.0,15.100000000000001,12.781107153707353,1.4273953796216574,12.860565992378195,-227.21889284629265,-158.57260462037834,277.0806673198003,0.0,150.0
05_LTAN06_800km_1213COLD_PX_ALL_HEAT_PX_0p5,2904.0,-466.80823285317365,-702.3991498286719,843.3709100624374,-250.09140749839736,-166.20541067628818,300.28311747849403,-716.899640351571,-868.6045605049601,1126.2410829241787,1.0,123.9,13.19176714682635,17.600850171328148,21.995741569895504,-466.80823285317365,-702.3991498286719,843.3709100624374,843.3709100624374,1238.0,1.0,0.1,0.0,0.0,0.0,0.0,0.0,0.0,0.0,0.0,1.0,185.9,3.1003596484290483,11.39543949503991,11.809668548893425,-716.899640351571,-868.6045605049601,1126.2410829241787,843.3709100624374,1858.0,1.0,15.100000000000001,-10.091407498397302,-6.205410676288238,11.846671556184097,-250.0914074983973,-166.20541067628824,300.28311747849403,0.0,150.0
05_LTAN06_800km_1213COLD_PX_ALL_HEAT_PX_0p5,2964.5,-480.58928766397923,-701.9641286411409,850.7171688148107,-210.17659608499346,-212.63962397465193,298.98128909006306,-690.7658837489727,-914.6037526157928,1146.1490001087946,1.0,110.10000000000001,-0.5892876639792348,-21.96412864114086,21.972032380175992,-480.58928766397923,-701.9641286411409,850.7171688148107,850.7171688148107,1100.0,1.0,0.1,0.0,0.0,0.0,0.0,0.0,0.0,0.0,0.0,1.0,203.9,-10.76588374897267,5.396247384207186,12.042580235479301,-690.7658837489727,-914.6037526157928,1146.1490001087946,850.7171688148107,2038.0,1.0,8.3,-10.176596084993434,-12.639623974651954,16.227236428230785,-210.17659608499343,-212.63962397465195,298.98128909006306,0.0,82.0
05_LTAN06_800km_1213COLD_PX_ALL_HEAT_PX_0p5,3025.0,-493.72841367564826,-701.6602958087519,857.9597410048431,-246.25961072799888,-160.71424411757403,294.0626874293791,-739.9880244036472,-862.374539926326,1136.3415522517669,1.0,123.9,-13.728413675648255,18.339704191248074,22.90882126762982,-493.72841367564826,-701.6602958087519,857.9597410048431,857.9597410048431,1238.0,1.0,0.1,0.0,0.0,0.0,0.0,0.0,0.0,0.0,0.0,0.0,nan,nan,nan,nan,-739.9880244036472,-862.374539926326,1136.3415522517669,857.9597410048431,nan,1.0,15.100000000000001,-6.259610727998904,-0.714244117574026,6.3002278629878194,-246.2596107279989,-160.71424411757403,294.06268742937914,0.0,150.0
05_LTAN06_800km_1213COLD_PX_ALL_HEAT_PX_0p5,3085.5,-506.25226277317876,-701.4657943846634,865.0697164128857,-180.2536257527759,-136.25527674455077,225.95767311104066,-686.5058885259547,-837.7210711292141,1083.0821427734318,1.0,123.7,13.747737226821243,18.534205615336646,23.07633109160343,-506.25226277317876,-701.4657943846634,865.0697164128857,865.0697164128857,1236.0,1.0,0.1,0.0,0.0,0.0,0.0,0.0,0.0,0.0,0.0,1.0,169.10000000000002,-6.505888525954674,2.278928870785876,6.893482596645187,-686.5058885259547,-837.7210711292141,1083.0821427734318,865.0697164128857,1690.0,0.0,nan,nan,nan,nan,-180.25362575277592,-136.25527674455077,225.9576731110407,0.0,nan
05_LTAN06_800km_1213COLD_PX_ALL_HEAT_PX_0p5,3146.0,-518.1871885448239,-701.3597532976385,872.0226292463477,-159.0092798031776,-126.31797100939305,203.0767856340431,-677.1964683480015,-827.6777243070316,1069.4136113109241,1.0,109.9,1.8128114551760746,-21.359753297638463,21.436542312322544,-518.1871885448239,-701.3597532976385,872.0226292463477,872.0226292463477,1098.0,1.0,0.1,0.0,0.0,0.0,0.0,0.0,0.0,0.0,0.0,1.0,169.10000000000002,2.803531651998469,12.322275692968446,12.637178006868396,-677.1964683480015,-827.6777243070316,1069.4136113109241,872.0226292463477,1690.0,1.0,6.9,0.9907201968223944,-6.317971009393091,6.395176634302086,-159.0092798031776,-126.31797100939309,203.07678563404312,0.0,68.0
05_LTAN06_800km_1213COLD_PX_ALL_HEAT_PX_0p5,3206.5,-529.5544222148412,-701.3394841301316,878.808829090385,-237.8463938291423,-137.26645348372375,274.6142500117697,-767.4008160439835,-838.6059376138553,1136.733887533131,1.0,109.9,-9.554422214841225,-21.33948413013161,23.3807734431432,-529.5544222148412,-701.3394841301316,878.808829090385,878.808829090385,1098.0,1.0,0.1,0.0,0.0,0.0,0.0,0.0,0.0,0.0,0.0,1.0,168.70000000000002,-7.400816043983468,1.3940623861446966,7.53096859994427,-767.4008160439835,-838.6059376138553,1136.733887533131,878.808829090385,1686.0,1.0,15.100000000000001,2.1536061708577563,22.733546516276306,22.835326946353433,-237.84639382914224,-137.2664534837237,274.6142500117696,0.0,150.0
05_LTAN06_800km_1213COLD_PX_ALL_HEAT_PX_0p5,3267.0,-540.349423433054,-701.4047723657087,885.407337953456,-135.14608606253242,-146.7411250729762,199.4929130713777,-675.4955094955864,-848.1458974386849,1084.2719431446956,0.0,nan,nan,nan,nan,-540.349423433054,-701.4047723657087,885.407337953456,885.407337953456,nan,1.0,0.1,0.0,0.0,0.0,0.0,0.0,0.0,0.0,0.0,1.0,169.10000000000002,4.5044905044136385,-8.14589743868487,9.30838760397983,-675.4955094955864,-848.1458974386849,1084.2719431446956,885.407337953456,1690.0,1.0,5.300000000000001,-15.14608606253239,13.25887492702384,20.129622136147994,-135.1460860625324,-146.74112507297616,199.49291307137767,0.0,52.0
05_LTAN06_800km_1213COLD_PX_ALL_HEAT_PX_0p5,3327.5,-550.5840592566011,-701.5527513331506,891.8066321858062,-79.0106281598881,-149.23004481635658,168.85581316055394,-629.5946874164893,-850.7827961495071,1058.4048547918894,1.0,109.7,9.415940743398892,-21.55275133315058,23.51980080935686,-550.5840592566011,-701.5527513331506,891.8066321858062,891.8066321858062,1096.0,1.0,0.1,0.0,0.0,0.0,0.0,0.0,0.0,0.0,0.0,1.0,169.3,10.40531258351075,-10.782796149507135,14.98463288714118,-629.5946874164893,-850.7827961495071,1058.4048547918894,891.8066321858062,1692.0,1.0,5.5,0.9893718401118576,10.769955183643447,10.815303569280646,-79.01062815988814,-149.23004481635655,168.85581316055394,0.0,54.0
05_LTAN06_800km_1213COLD_PX_ALL_HEAT_PX_0p5,3388.0,-560.2796918970341,-701.7796812332936,898.0022573157256,-48.55595929174237,-208.13976416456958,213.72843191588709,-608.8356511887765,-909.9194453978631,1094.821559557363,1.0,109.7,-0.27969189703412667,-21.77968123329356,21.78147704314715,-560.2796918970341,-701.7796812332936,898.0022573157256,898.0022573157256,1096.0,1.0,0.1,0.0,0.0,0.0,0.0,0.0,0.0,0.0,0.0,1.0,204.3,-8.835651188776524,10.080554602136885,13.404712343664489,-608.8356511887765,-909.9194453978631,1094.821559557363,898.0022573157256,2042.0,1.0,9.1,-8.555959291742397,-8.139764164569556,11.809326824877182,-48.5559592917424,-208.13976416456956,213.72843191588709,0.0,90.0
05_LTAN06_800km_1213COLD_PX_ALL_HEAT_PX_0p5,3448.5,-569.4486106077309,-702.0477124858342,903.9594629902757,-119.04140690587751,-196.80181846569886,230.0039397695974,-688.4900175136083,-898.849530951533,1132.2318594297192,1.0,109.7,-9.44861060773087,-22.047712485834154,23.98703542071282,-569.4486106077309,-702.0477124858342,903.9594629902757,903.9594629902757,1096.0,1.0,0.1,0.0,0.0,0.0,0.0,0.0,0.0,0.0,0.0,1.0,186.10000000000002,-8.490017513608336,-18.849530951532984,20.673297136020086,-688.4900175136083,-898.849530951533,1132.2318594297192,903.9594629902757,1860.0,1.0,8.700000000000001,0.9585930941225342,3.1981815343011704,3.338752139114912,-119.04140690587747,-196.80181846569883,230.00393976959734,0.0,86.0
05_LTAN06_800km_1213COLD_PX_ALL_HEAT_PX_0p5,3509.0,-578.1098420618944,-702.3534581304573,909.6765192290281,-84.05176648295969,-207.1232863115707,223.5279740466747,-662.1616085448541,-909.476744442028,1124.9915308621564,0.0,nan,nan,nan,nan,-578.1098420618944,-702.3534581304573,909.6765192290281,909.6765192290281,nan,1.0,0.1,0.0,0.0,0.0,0.0,0.0,0.0,0.0,0.0,1.0,203.9,17.83839145514594,10.523255557971993,20.711038536138453,-662.1616085448541,-909.476744442028,1124.9915308621564,909.6765192290281,2038.0,1.0,8.9,-4.051766482959692,-7.123286311570723,8.19499966498147,-84.05176648295969,-207.12328631157072,223.52797404667473,0.0,88.0
05_LTAN06_800km_1213COLD_PX_ALL_HEAT_PX_0p5,3569.5,-586.2805066522538,-702.6893984473857,915.1487437410228,-125.81906467831102,-211.04751723867838,245.70610812337424,-712.0995713305649,-913.7369156860641,1158.447646886408,1.0,123.30000000000001,13.719493347746152,17.310601552614344,22.088038025868777,-586.2805066522538,-702.6893984473857,915.1487437410228,915.1487437410228,1232.0,1.0,0.1,0.0,0.0,0.0,0.0,0.0,0.0,0.0,0.0,1.0,203.70000000000002,7.900428669435087,6.263084313935906,10.081815227641393,-712.0995713305649,-913.7369156860641,1158.447646886408,915.1487437410228,2036.0,1.0,8.700000000000001,-5.819064678311065,-11.047517238678438,12.48635859124928,-125.81906467831107,-211.04751723867844,245.7061081233743,0.0,86.0
05_LTAN06_800km_1213COLD_PX_ALL_HEAT_PX_0p5,3630.0,-593.9701651710099,-703.0234536475559,920.3491367366049,129.95141605354516,-239.63334422638198,272.6013760043065,-464.0187491174647,-942.6567978739379,1050.67370677603,1.0,109.5,6.029834828990147,-23.023453647555925,23.799964830353403,-593.9701651710099,-703.0234536475559,920.3491367366049,920.3491367366049,1094.0,1.0,0.1,0.0,0.0,0.0,0.0,0.0,0.0,0.0,0.0,1.0,223.5,15.981250882535278,17.343202126062124,23.583618037866465,-464.0187491174647,-942.6567978739379,1050.67370677603,920.3491367366049,2234.0,1.0,14.100000000000001,9.951416053545131,0.36665577361804935,9.958168402225542,129.95141605354513,-239.63334422638195,272.6013760043064,0.0,140.0
05_LTAN06_800km_1213COLD_PX_ALL_HEAT_PX_0p5,3690.5,-601.1979897391612,-703.3559948479085,925.2830260816955,26.087757255361115,-185.46472691800233,187.29051233146814,-575.1102324838001,-888.8207217659108,1058.6567219585606,1.0,109.5,-1.197989739161244,-23.355994847908505,23.38669867148128,-601.1979897391612,-703.3559948479085,925.2830260816955,925.2830260816955,1094.0,1.0,0.1,0.0,0.0,0.0,0.0,0.0,0.0,0.0,0.0,1.0,186.70000000000002,-15.110232483800132,-8.820721765910776,17.496407007900245,-575.1102324838001,-888.8207217659108,1058.6567219585606,925.2830260816955,1866.0,1.0,9.5,-13.912242744638888,14.53527308199773,20.120255012151443,26.08775725536111,-185.46472691800227,187.29051233146808,0.0,94.0
05_LTAN06_800km_1213COLD_PX_ALL_HEAT_PX_0p5,3751.0,-607.9849570380621,-703.6672787071462,929.9426579675195,78.78995787491878,-279.4525286261652,290.34733203094726,-529.1949991631434,-983.1198073333114,1116.4998444739554,1.0,109.5,-7.984957038062134,-23.667278707146238,24.977982710808245,-607.9849570380621,-703.6672787071462,929.9426579675195,929.9426579675195,1094.0,1.0,0.1,0.0,0.0,0.0,0.0,0.0,0.0,0.0,0.0,1.0,223.3,-9.194999163143393,-23.119807333311428,24.88118768748085,-529.1949991631434,-983.1198073333114,1116.4998444739554,929.9426579675195,2232.0,1.0,18.900000000000002,-1.2100421250812587,0.54747137383481,1.3281290786816404,78.78995787491874,-279.4525286261652,290.34733203094726,0.0,188.0
05_LTAN06_800km_1213COLD_PX_ALL_HEAT_PX_0p5,3811.5,-614.3522766439308,-703.9265460425712,934.3132783178269,135.5850648251118,-166.03951525553745,214.36518007811722,-478.7672118188191,-869.9660612981087,993.0050306636471,1.0,123.30000000000001,-14.35227664393085,16.073453957428796,21.548637241958165,-614.3522766439308,-703.9265460425712,934.3132783178269,934.3132783178269,1232.0,1.0,0.1,0.0,0.0,0.0,0.0,0.0,0.0,0.0,0.0,1.0,187.10000000000002,1.232788181180922,10.033938701891316,10.109386359862391,-478.7672118188191,-869.9660612981087,993.0050306636471,934.3132783178269,1870.0,1.0,6.5,15.585064825111772,-6.039515255537481,16.714364783766275,135.58506482511177,-166.03951525553748,214.36518007811722,0.0,64.0
05_LTAN06_800km_1213COLD_PX_ALL_HEAT_PX_0p5,3872.0,-620.3162030004177,-704.1344735709055,938.4015923770759,256.1635563623934,-184.84764268918286,315.8930493315371,-364.15264663802424,-888.9821162600883,960.6749466306192,0.0,nan,nan,nan,nan,-620.3162030004177,-704.1344735709055,938.4015923770759,938.4015923770759,nan,1.0,0.1,0.0,0.0,0.0,0.0,0.0,0.0,0.0,0.0,1.0,187.70000000000002,-4.152646638024237,-8.982116260088333,9.895599355776143,-364.15264663802424,-888.9821162600883,960.6749466306192,938.4015923770759,1876.0,1.0,14.8,16.16355636239342,15.152357310817138,22.155236093414633,256.1635563623934,-184.84764268918286,315.8930493315371,0.0,147.0
05_LTAN06_800km_1213COLD_PX_ALL_HEAT_PX_0p5,3932.5,-625.9035623284606,-704.263078234945,942.2004843452468,301.49350529062474,-107.08207820245661,319.94515968300726,-324.4100570378358,-811.3451564374017,873.7979445968751,1.0,123.10000000000001,14.096437671539434,15.736921765054944,21.127239802374945,-625.9035623284606,-704.263078234945,942.2004843452468,942.2004843452468,1230.0,1.0,0.1,0.0,0.0,0.0,0.0,0.0,0.0,0.0,0.0,1.0,154.70000000000002,-4.410057037835827,-11.34515643740167,12.172147619302102,-324.4100570378358,-811.3451564374017,873.7979445968751,942.2004843452468,1546.0,1.0,26.8,-18.50649470937526,12.917921797543386,22.569072865219365,301.49350529062474,-107.08207820245661,319.94515968300726,0.0,267.0
05_LTAN06_800km_1213COLD_PX_ALL_HEAT_PX_0p5,3993.0,-631.1363424642344,-704.2970588417376,945.7100136258754,351.420373165211,-114.21040259582796,369.5135920865121,-279.7159692990234,-818.5074614375656,864.9829408201413,1.0,123.10000000000001,8.863657535765583,15.702941158262433,18.03182702698721,-631.1363424642344,-704.2970588417376,945.7100136258754,945.7100136258754,1230.0,1.0,0.1,0.0,0.0,0.0,0.0,0.0,0.0,0.0,0.0,1.0,154.9,0.28403070097658656,-18.507461437565553,18.509640793437168,-279.7159692990234,-818.5074614375656,864.9829408201413,945.7100136258754,1548.0,1.0,33.800000000000004,-8.579626834788996,5.789597404172014,10.350335005526476,351.420373165211,-114.21040259582799,369.5135920865121,0.0,337.0
05_LTAN06_800km_1213COLD_PX_ALL_HEAT_PX_0p5,4053.5,-636.0286588105623,-704.2405408327705,948.940037189282,294.1461566451659,-119.22333423922646,317.3896105675811,-341.88250216539643,-823.463875071997,891.6144900322457,1.0,109.30000000000001,3.9713411894376804,-24.240540832770535,24.563700264987357,-636.0286588105623,-704.2405408327705,948.940037189282,948.940037189282,1092.0,1.0,0.1,0.0,0.0,0.0,0.0,0.0,0.0,0.0,0.0,1.0,170.70000000000002,18.11749783460357,16.536124928003005,24.529312167718594,-341.88250216539643,-823.463875071997,891.6144900322457,948.940037189282,1706.0,1.0,20.6,14.146156645165888,0.7766657607735397,14.167461223999483,294.1461566451659,-119.22333423922646,317.3896105675811,0.0,205.0
05_LTAN06_800km_1213COLD_PX_ALL_HEAT_PX_0p5,4114.0,-640.6103577712273,-704.0687892739547,951.8899571449803,237.72804302273013,-420.09710745265215,482.69680144942146,-402.88231474849715,-1124.165896726607,1194.1788487911865,1.0,109.30000000000001,-0.6103577712273136,-24.068789273954735,24.076527027853004,-640.6103577712273,-704.0687892739547,951.8899571449803,951.8899571449803,1092.0,1.0,0.1,0.0,0.0,0.0,0.0,0.0,0.0,0.0,0.0,1.0,306.3,-2.8823147484971514,-4.1658967266068885,5.065810285251333,-402.88231474849715,-1124.165896726607,1194.1788487911865,951.8899571449803,3062.0,1.0,39.5,-2.271956977269838,-20.097107452652153,20.225120925967584,237.72804302273016,-420.09710745265215,482.69680144942146,0.0,394.0
05_LTAN06_800km_1213COLD_PX_ALL_HEAT_PX_0p5,4174.5,-644.8979339868225,-703.7793594187056,954.567300929733,206.15679309051794,-301.9295502506012,365.5982448698256,-438.7411408963046,-1005.7089096693068,1097.2439107615119,1.0,109.30000000000001,-4.8979339868225225,-23.779359418705553,24.278543854672414,-644.8979339868225,-703.7793594187056,954.567300929733,954.567300929733,1092.0,1.0,0.1,0.0,0.0,0.0,0.0,0.0,0.0,0.0,0.0,1.0,243.10000000000002,1.2588591036953858,-5.708909669306763,5.846056436202186,-438.7411408963046,-1005.7089096693068,1097.2439107615119,954.567300929733,2430.0,1.0,19.5,6.156793090517908,-21.92955025060121,22.77742907689743,206.1567930905179,-301.9295502506012,365.5982448698256,0.0,194.0
05_LTAN06_800km_1213COLD_PX_ALL_HEAT_PX_0p5,4235.0,-648.9056919137078,-703.3739102625541,956.9814285742661,305.2816884083242,-277.97868252206314,412.8789861619735,-343.62400350538354,-981.3525927846172,1039.7741904616398,1.0,123.10000000000001,-8.905691913707756,16.62608973744591,18.861023525235417,-648.9056919137078,-703.3739102625541,956.9814285742661,956.9814285742661,1230.0,1.0,0.1,0.0,0.0,0.0,0.0,0.0,0.0,0.0,0.0,1.0,243.5,16.37599649461646,18.647407215382827,24.817313654946663,-343.62400350538354,-981.3525927846172,1039.7741904616398,956.9814285742661,2434.0,1.0,26.0,-14.718311591675786,2.0213174779369183,14.856460562875366,305.2816884083242,-277.9786825220631,412.8789861619735,0.0,259.0
05_LTAN06_800km_1213COLD_PX_ALL_HEAT_PX_0p5,4295.5,-652.6761230335126,-702.8189471251922,959.1353366528732,250.66030949060217,-328.97848217905363,413.59089991289505,-402.0158135429104,-1031.7974293042457,1107.3493800320737,1.0,123.10000000000001,-12.676123033512567,17.181052874807847,21.35117498049442,-652.6761230335126,-702.8189471251922,959.1353366528732,959.1353366528732,1230.0,1.0,0.1,0.0,0.0,0.0,0.0,0.0,0.0,0.0,0.0,1.0,263.5,-2.0158135429103936,8.202570695754275,8.44663662404319,-402.0158135429104,-1031.7974293042457,1107.3493800320737,959.1353366528732,2634.0,1.0,25.5,10.660309490602174,-8.978482179053572,13.937551459098021,250.66030949060217,-328.9784821790536,413.590899912895,0.0,254.0
05_LTAN06_800km_1213COLD_PX_ALL_HEAT_PX_0p5,4356.0,-656.2182640767609,-702.120949252933,961.0391446178231,225.35273349271625,-293.155289837268,369.7619213118244,-430.8655305840446,-995.276239090201,1084.5367202372656,1.0,123.10000000000001,-16.218264076760875,17.879050747067026,24.13902535894418,-656.2182640767609,-702.120949252933,961.0391446178231,961.0391446178231,1230.0,1.0,0.1,0.0,0.0,0.0,0.0,0.0,0.0,0.0,0.0,1.0,243.10000000000002,9.13446941595538,4.723760909799012,10.283600957056306,-430.8655305840446,-995.276239090201,1084.5367202372656,961.0391446178231,2430.0,1.0,19.700000000000003,-14.647266507283746,-13.155289837268015,19.687662807909,225.35273349271625,-293.155289837268,369.7619213118244,0.0,196.0
05_LTAN06_800km_1213COLD_PX_ALL_HEAT_PX_0p5,4416.5,-659.5491189240721,-701.28206673248,962.7053429757717,309.9482091197293,-249.89426413576052,398.13946750414067,-349.6009098043428,-951.1763308682405,1013.3889719845943,0.0,nan,nan,nan,nan,-659.5491189240721,-701.28206673248,962.7053429757717,962.7053429757717,nan,1.0,0.1,0.0,0.0,0.0,0.0,0.0,0.0,0.0,0.0,1.0,224.10000000000002,10.399090195657209,8.823669131759516,13.638116213179137,-349.6009098043428,-951.1763308682405,1013.3889719845943,962.7053429757717,2240.0,1.0,26.200000000000003,-10.051790880270687,-9.894264135760523,14.104430604915956,309.9482091197293,-249.89426413576052,398.13946750414067,0.0,261.0
05_LTAN06_800km_1213COLD_PX_ALL_HEAT_PX_0p5,4477.0,-662.6985989690522,-700.2979158955799,964.1507164770647,-77.89006542192371,53.21932395378339,94.33535251181975,-740.588664390976,-647.0785919417965,983.4542561674069,0.0,nan,nan,nan,nan,-662.6985989690522,-700.2979158955799,964.1507164770647,964.1507164770647,nan,1.0,0.1,0.0,0.0,0.0,0.0,0.0,0.0,0.0,0.0,1.0,130.3,-20.588664390975964,-7.078591941796503,21.771531073461695,-740.588664390976,-647.0785919417965,983.4542561674069,964.1507164770647,1302.0,1.0,2.5,2.1099345780762633,13.219323953783373,13.386648188356663,-77.89006542192374,53.21932395378337,94.33535251181976,0.0,24.0
05_LTAN06_800km_1213COLD_PX_ALL_HEAT_PX_0p5,4537.5,-665.675049751042,-699.1741574206758,965.3847804196854,-377.9517749002562,332.68476747882806,503.51434802068536,-1043.6268246512982,-366.4893899418477,1106.1064243876804,1.0,109.10000000000001,14.324950248957975,-19.174157420675783,23.934337518050867,-665.675049751042,-699.1741574206758,965.3847804196854,965.3847804196854,1090.0,1.0,0.1,0.0,0.0,0.0,0.0,0.0,0.0,0.0,0.0,1.0,274.1,-3.626824651298193,-6.489389941847719,7.434113186427727,-1043.6268246512982,-366.4893899418477,1106.1064243876804,965.3847804196854,2740.0,1.0,36.1,-17.95177490025617,12.684767478828064,21.981117989342614,-377.95177490025617,332.68476747882806,503.5143480206853,0.0,360.0
05_LTAN06_800km_1213COLD_PX_ALL_HEAT_PX_0p5,4598.0,-668.5048464443377,-697.9141711706131,966.4279176639773,-302.2545728507076,263.41834930126817,400.93272946688774,-970.7594192950453,-434.495821869345,1063.5602800838187,1.0,109.10000000000001,11.495153555662341,-17.914171170613145,21.285114141067783,-668.5048464443377,-697.9141711706131,966.4279176639773,966.4279176639773,1090.0,1.0,0.1,0.0,0.0,0.0,0.0,0.0,0.0,0.0,0.0,1.0,233.3,-10.75941929504529,5.504178130655021,12.085573236738664,-970.7594192950453,-434.495821869345,1063.5602800838187,966.4279176639773,2332.0,1.0,28.900000000000002,17.745427149292368,-16.581650698731835,24.28685497559527,-302.25457285070763,263.41834930126817,400.9327294668878,0.0,288.0
05_LTAN06_800km_1213COLD_PX_ALL_HEAT_PX_0p5,4658.5,-671.2129963892677,-696.521566158217,967.2999424404793,-287.0538648617982,342.10233087144843,446.58025719883034,-958.2668612510658,-354.4192352867685,1021.7085551727691,1.0,109.10000000000001,8.787003610732313,-16.521566158216956,18.71292550018202,-671.2129963892677,-696.521566158217,967.2999424404793,967.2999424404793,1090.0,1.0,0.1,0.0,0.0,0.0,0.0,0.0,0.0,0.0,0.0,1.0,233.70000000000002,1.7331387489341523,5.580764713231474,5.843689306209444,-958.2668612510658,-354.4192352867685,1021.7085551727691,967.2999424404793,2336.0,1.0,22.8,-7.053864861798161,22.10233087144843,23.200647392680512,-287.05386486179816,342.10233087144843,446.58025719883034,0.0,227.0
05_LTAN06_800km_1213COLD_PX_ALL_HEAT_PX_0p5,4719.0,-673.8043745685263,-695.0026105305485,968.0087622702391,-440.47840452827734,168.17064731732367,471.4897575503676,-1114.2827790968036,-526.8319632132249,1232.5494023587032,1.0,109.10000000000001,6.1956254314736725,-15.002610530548509,16.23157716361686,-673.8043745685263,-695.0026105305485,968.0087622702391,968.0087622702391,1090.0,1.0,0.1,0.0,0.0,0.0,0.0,0.0,0.0,0.0,0.0,1.0,316.90000000000003,5.7172209031964485,-6.831963213224867,8.908554102816252,-1114.2827790968036,-526.8319632132249,1232.5494023587032,968.0087622702391,3168.0,1.0,51.7,-0.478404528277224,8.170647317323642,8.184641010866889,-440.4784045282772,168.17064731732364,471.4897575503675,0.0,516.0
05_LTAN06_800km_1213COLD_PX_ALL_HEAT_PX_0p5,4779.5,-676.3017187843972,-693.3968850271945,968.5986036517635,-451.6594720331133,253.8730640841783,518.1194952370736,-1127.9611908175104,-439.5238209430162,1210.5691377062296,1.0,109.10000000000001,3.698281215602833,-13.396885027194458,13.897978715681926,-676.3017187843972,-693.3968850271945,968.5986036517635,968.5986036517635,1090.0,1.0,0.1,0.0,0.0,0.0,0.0,0.0,0.0,0.0,0.0,1.0,317.3,-7.961190817510442,0.476179056983824,7.975418843366321,-1127.9611908175104,-439.5238209430162,1210.5691377062296,968.5986036517635,3172.0,1.0,52.1,-11.659472033113275,13.873064084178282,18.121953403942634,-451.6594720331133,253.87306408417828,518.1194952370736,0.0,520.0
05_LTAN06_800km_1213COLD_PX_ALL_HEAT_PX_0p5,4840.0,-678.7169180361933,-691.7196399497693,969.0886002429227,-334.3972658876969,176.59642602396016,378.1637596565846,-1013.1141839238902,-515.1232139258092,1136.5528035216953,1.0,109.10000000000001,1.2830819638066941,-11.719639949769316,11.78966750498397,-678.7169180361933,-691.7196399497693,969.0886002429227,969.0886002429227,1090.0,1.0,0.1,0.0,0.0,0.0,0.0,0.0,0.0,0.0,0.0,1.0,252.70000000000002,-13.11418392389021,4.876786074190818,13.991599708505168,-1013.1141839238902,-515.1232139258092,1136.5528035216953,969.0886002429227,2526.0,1.0,28.3,-14.397265887696904,16.596426023960134,21.970949497229793,-334.3972658876969,176.59642602396013,378.1637596565846,0.0,282.0
05_LTAN06_800km_1213COLD_PX_ALL_HEAT_PX_0p5,4900.5,-681.0546142923134,-689.972359677848,969.4829780704092,-413.0959208308037,194.58351606921647,456.6300302574379,-1094.1505351231172,-495.38884360863153,1201.0726455473462,1.0,109.10000000000001,-1.0546142923134312,-9.972359677847976,10.027969328329636,-681.0546142923134,-689.972359677848,969.4829780704092,969.4829780704092,1090.0,1.0,0.1,0.0,0.0,0.0,0.0,0.0,0.0,0.0,0.0,1.0,294.90000000000003,-14.150535123117152,-15.388843608631532,20.905840138140626,-1094.1505351231172,-495.38884360863153,1201.0726455473462,969.4829780704092,2948.0,1.0,43.300000000000004,-13.09592083080372,-5.416483930783556,14.171853815895622,-413.0959208308037,194.58351606921644,456.6300302574379,0.0,432.0
05_LTAN06_800km_1213COLD_PX_ALL_HEAT_PX_0p5,4961.0,-683.3535297724611,-688.2001227771686,969.8409434762959,-472.33196071010565,233.85251473171252,527.0526347098538,-1155.6854904825668,-454.3476080454561,1241.789314597512,1.0,109.10000000000001,-3.3535297724611155,-8.200122777168644,8.859355252806104,-683.3535297724611,-688.2001227771686,969.8409434762959,969.8409434762959,1090.0,1.0,0.1,0.0,0.0,0.0,0.0,0.0,0.0,0.0,0.0,1.0,340.3,4.31450951743318,-14.347608045456127,14.982284505443717,-1155.6854904825668,-454.3476080454561,1241.789314597512,969.8409434762959,3402.0,1.0,61.5,7.6680392898942955,-6.1474852682874825,9.82804159917805,-472.3319607101057,233.85251473171252,527.0526347098538,0.0,614.0
05_LTAN06_800km_1213COLD_PX_ALL_HEAT_PX_0p5,5021.5,-685.6173388080492,-686.4083680462093,970.1688425207705,-457.19077846847176,304.2066209340754,549.1494114871975,-1142.808117276521,-382.2017471121339,1205.0263766443763,1.0,109.10000000000001,-5.617338808049226,-6.408368046209262,8.521835265956026,-685.6173388080492,-686.4083680462093,970.1688425207705,970.1688425207705,1090.0,1.0,0.1,0.0,0.0,0.0,0.0,0.0,0.0,0.0,0.0,1.0,340.5,17.19188272347901,17.798252887866113,24.745477110742694,-1142.808117276521,-382.2017471121339,1205.0263766443763,970.1688425207705,3404.0,1.0,52.5,-17.190778468471763,-15.793379065924626,23.34424311628155,-457.19077846847176,304.2066209340754,549.1494114871975,0.0,524.0
05_LTAN06_800km_1213COLD_PX_ALL_HEAT_PX_0p5,5082.0,-687.8502469299091,-684.614834215086,970.4820623941931,-509.62566381777276,151.32088624923384,531.6167113973743,-1197.4759107476818,-533.2939479658522,1310.8588756071324,1.0,109.10000000000001,-7.850246929909076,-4.614834215086034,9.106210611076136,-687.8502469299091,-684.614834215086,970.4820623941931,970.4820623941931,1090.0,1.0,0.1,0.0,0.0,0.0,0.0,0.0,0.0,0.0,0.0,1.0,363.70000000000005,2.524089252318163,-13.293947965852226,13.531447781832313,-1197.4759107476818,-533.2939479658522,1310.8588756071324,970.4820623941931,3636.0,1.0,71.3,10.374336182227239,-8.679113750766192,13.526044015920103,-509.62566381777276,151.3208862492338,531.6167113973743,0.0,712.0
05_LTAN06_800km_1213COLD_PX_ALL_HEAT_PX_0p5,5142.5,-690.0669298812741,-682.8974974611191,970.8456930709568,-532.5365520942784,301.846120508331,612.1325508273449,-1222.6034819755523,-381.0513769527881,1280.6090059094386,1.0,109.10000000000001,-10.066929881274064,-2.8974974611190873,10.475617822910504,-690.0669298812741,-682.8974974611191,970.8456930709568,970.8456930709568,1090.0,1.0,0.1,0.0,0.0,0.0,0.0,0.0,0.0,0.0,0.0,0.0,nan,nan,nan,nan,-1222.6034819755523,-381.0513769527881,1280.6090059094386,970.8456930709568,nan,1.0,72.10000000000001,-12.53655209427825,-18.153879491668988,22.061923737756693,-532.5365520942782,301.846120508331,612.1325508273447,0.0,720.0
05_LTAN06_800km_1213COLD_PX_ALL_HEAT_PX_0p5,5203.0,-692.2691046754558,-681.253363844121,971.2582864702301,-523.9472189606248,162.17781530282247,548.4727267904661,-1216.2163236360807,-519.0755485412985,1322.354555696888,1.0,109.10000000000001,-12.269104675455765,-1.2533638441210542,12.33295789594047,-692.2691046754558,-681.253363844121,971.2582864702301,971.2582864702301,1090.0,1.0,0.1,0.0,0.0,0.0,0.0,0.0,0.0,0.0,0.0,1.0,363.70000000000005,-16.216323636080688,0.9244514587014692,16.242652577999827,-1216.2163236360807,-519.0755485412985,1322.354555696888,971.2582864702301,3636.0,1.0,71.3,-3.947218960624923,2.1778153028225233,4.508150065861257,-523.9472189606249,162.17781530282252,548.4727267904663,0.0,712.0
05_LTAN06_800km_1213COLD_PX_ALL_HEAT_PX_0p5,5263.5,-694.4652983335095,-679.7080269152626,971.7433058387846,-488.8526682277679,147.67235134067636,510.67020138626873,-1183.3179665612774,-532.0356755745863,1297.4218165542088,1.0,109.10000000000001,-14.465298333509509,0.2919730847373785,14.468244681358,-694.4652983335095,-679.7080269152626,971.7433058387846,971.7433058387846,1090.0,1.0,0.1,0.0,0.0,0.0,0.0,0.0,0.0,0.0,0.0,1.0,363.70000000000005,16.682033438722556,-12.035675574586321,20.570554834212697,-1183.3179665612774,-532.0356755745863,1297.4218165542088,971.7433058387846,3636.0,1.0,61.1,-8.852668227767936,-12.3276486593237,15.176977835480201,-488.85266822776794,147.6723513406763,510.6702013862688,0.0,610.0
05_LTAN06_800km_1213COLD_PX_ALL_HEAT_PX_0p5,5324.0,-696.6672246400984,-678.3031238041988,972.3375698029319,-574.4458720491825,204.54050653991672,609.7744490628904,-1271.113096689281,-473.7626172642821,1356.5321677321613,1.0,109.10000000000001,-16.667224640098425,1.6968761958012237,16.753380734269154,-696.6672246400984,-678.3031238041988,972.3375698029319,972.3375698029319,1090.0,1.0,0.1,0.0,0.0,0.0,0.0,0.0,0.0,0.0,0.0,1.0,413.90000000000003,8.886903310718935,6.237382735717915,10.857347459020508,-1271.113096689281,-473.7626172642821,1356.5321677321613,972.3375698029319,4138.0,1.0,82.5,-14.44587204918264,4.5405065399166915,15.142635797653673,-574.4458720491826,204.5405065399167,609.7744490628905,0.0,824.0
05_LTAN06_800km_1213COLD_PX_ALL_HEAT_PX_0p5,5384.5,-698.8755603535243,-677.034347065599,973.0377978095171,-459.3716036020262,-44.62090156198522,461.5336337170905,-1158.2471639555506,-721.6552486275842,1364.669480380805,1.0,109.10000000000001,-18.875560353524293,2.965652934400964,19.107115846900054,-698.8755603535243,-677.034347065599,973.0377978095171,973.0377978095171,1090.0,1.0,0.1,0.0,0.0,0.0,0.0,0.0,0.0,0.0,0.0,1.0,338.90000000000003,1.7528360444493956,-1.6552486275842284,2.4108675239092827,-1158.2471639555506,-721.6552486275842,1364.669480380805,973.0377978095171,3388.0,1.0,50.7,-19.371603602026312,-4.6209015619851925,19.915113792283385,-459.3716036020263,-44.62090156198519,461.53363371709065,0.0,506.0
05_LTAN06_800km_1213COLD_PX_ALL_HEAT_PX_0p5,5445.0,-701.0970651747551,-675.9459777665332,973.8788731949213,-499.09993827560135,158.87730876646725,523.7773836541479,-1200.1970034503565,-517.0686690000659,1306.840791968446,1.0,109.10000000000001,-21.09706517475513,4.054022233466753,21.483045763050182,-701.0970651747551,-675.9459777665332,973.8788731949213,973.8788731949213,1090.0,1.0,0.1,0.0,0.0,0.0,0.0,0.0,0.0,0.0,0.0,1.0,363.70000000000005,-0.197003450356533,2.9313309999340618,2.937943462802987,-1200.1970034503565,-517.0686690000659,1306.840791968446,973.8788731949213,3636.0,1.0,61.1,-19.099938275601403,-1.1226912335326915,19.1329056271554,-499.0999382756014,158.8773087664673,523.7773836541479,0.0,610.0
05_LTAN06_800km_1213COLD_PX_ALL_HEAT_PX_0p5,5505.5,-703.3351080283982,-675.0629067576238,974.8795834693486,-425.82248817877417,-19.5402685954831,426.2705872278146,-1129.1575962071724,-694.6031753531068,1325.6962126682638,1.0,109.10000000000001,-23.335108028398167,4.93709324237625,23.8516698866333,-703.3351080283982,-675.0629067576238,974.8795834693486,974.8795834693486,1090.0,1.0,0.1,0.0,0.0,0.0,0.0,0.0,0.0,0.0,0.0,1.0,316.1,-9.157596207172446,-14.603175353106849,17.237003761884097,-1129.1575962071724,-694.6031753531068,1325.6962126682638,974.8795834693486,3160.0,1.0,50.7,14.177511821225721,20.4597314045169,24.891814931538644,-425.8224881787743,-19.5402685954831,426.2705872278147,0.0,506.0
05_LTAN06_800km_1213COLD_PX_ALL_HEAT_PX_0p5,5566.0,-705.5882846305357,-674.3777817206634,976.03289897746,-423.75303398951087,-58.75456441452239,427.8068871054507,-1129.3413186200464,-733.1323461351858,1346.437837737839,1.0,130.1,14.411715369464332,5.622218279336607,15.469546802377925,-705.5882846305357,-674.3777817206634,976.03289897746,976.03289897746,1300.0,1.0,0.1,0.0,0.0,0.0,0.0,0.0,0.0,0.0,0.0,1.0,315.90000000000003,-9.341318620046422,-13.132346135185799,16.115791900355234,-1129.3413186200464,-733.1323461351858,1346.437837737839,976.03289897746,3158.0,1.0,50.7,16.246966010489245,-18.754564414522406,24.813254339656112,-423.75303398951075,-58.754564414522406,427.8068871054506,0.0,506.0
05_LTAN06_800km_1213COLD_PX_ALL_HEAT_PX_0p5,5626.5,-707.8480599729714,-673.9364741715063,977.3634161488861,-396.4890538130038,86.05497861513541,405.7203829461646,-1104.3371137859754,-587.881495556371,1251.0655912871769,1.0,130.1,12.151940027028559,6.063525828493653,13.580721331847895,-707.8480599729714,-673.9364741715063,977.3634161488861,977.3634161488861,1300.0,1.0,0.1,0.0,0.0,0.0,0.0,0.0,0.0,0.0,0.0,1.0,316.5,15.662886214024638,12.118504443629035,19.80363993067284,-1104.3371137859754,-587.881495556371,1251.0655912871769,977.3634161488861,3164.0,1.0,42.7,3.5109461869960796,6.054978615135383,6.9992506140106965,-396.4890538130039,86.05497861513538,405.7203829461647,0.0,426.0
05_LTAN06_800km_1213COLD_PX_ALL_HEAT_PX_0p5,5687.0,-710.114317591424,-673.740075556971,978.8707950796401,-396.49282815434105,28.410697065930165,397.5094093044841,-1106.6071457457651,-645.3293784910408,1281.0266904944729,1.0,130.1,9.88568240857603,6.2599244430290355,11.700998705908056,-710.114317591424,-673.740075556971,978.8707950796401,978.8707950796401,1300.0,1.0,0.1,0.0,0.0,0.0,0.0,0.0,0.0,0.0,0.0,1.0,316.3,13.392854254234862,-5.329378491040757,14.41425753120655,-1106.6071457457651,-645.3293784910408,1281.0266904944729,978.8707950796401,3162.0,1.0,42.5,3.5071718456588314,-11.589302934069792,12.10835235912057,-396.49282815434117,28.410697065930208,397.5094093044842,0.0,424.0
05_LTAN06_800km_1213COLD_PX_ALL_HEAT_PX_0p5,5747.5,-712.388265302203,-673.7805823339736,980.5494957780512,-350.4276160933392,39.71766375558863,352.6712448372602,-1062.8158813955422,-634.0629185783849,1237.583687054222,1.0,130.1,7.611734697797033,6.219417666026402,9.829530060696115,-712.388265302203,-673.7805823339736,980.5494957780512,980.5494957780512,1300.0,1.0,0.1,0.0,0.0,0.0,0.0,0.0,0.0,0.0,0.0,1.0,272.7,-22.815881395542192,5.937081421615062,23.575694680376547,-1062.8158813955422,-634.0629185783849,1237.583687054222,980.5494957780512,2726.0,1.0,34.7,9.572383906660775,-0.28233624441134,9.576546737285131,-350.4276160933392,39.71766375558866,352.67124483726025,0.0,346.0
05_LTAN06_800km_1213COLD_PX_ALL_HEAT_PX_0p5,5808.0,-714.6669126692167,-674.0781634411802,982.4103859856044,-340.34822909970796,56.24488314836253,344.96435168243147,-1055.0151417689247,-617.8332802928177,1222.6098771067932,1.0,130.1,5.333087330783314,5.921836558819791,7.969314193024148,-714.6669126692167,-674.0781634411802,982.4103859856044,982.4103859856044,1300.0,1.0,0.1,0.0,0.0,0.0,0.0,0.0,0.0,0.0,0.0,1.0,272.90000000000003,-15.01514176892465,-17.833280292817676,23.312665406235833,-1055.0151417689247,-617.8332802928177,1222.6098771067932,982.4103859856044,2728.0,0.0,nan,nan,nan,nan,-340.34822909970796,56.24488314836253,344.96435168243147,0.0,nan
05_LTAN06_800km_1213COLD_PX_ALL_HEAT_PX_0p5,5868.5,-716.9491101190499,-674.6224288005885,984.4447409282569,-371.7136340658922,3.8411317782591716,371.73347985325455,-1088.662744184942,-670.7812970223293,1278.723628862487,1.0,130.1,3.0508898809500806,5.377571199411477,6.1827341096333255,-716.9491101190499,-674.6224288005885,984.4447409282569,984.4447409282569,1300.0,1.0,0.1,0.0,0.0,0.0,0.0,0.0,0.0,0.0,0.0,1.0,293.90000000000003,-8.662744184942085,9.21870297767066,12.650202425426313,-1088.662744184942,-670.7812970223293,1278.723628862487,984.4447409282569,2938.0,1.0,34.5,-11.713634065892165,3.8411317782591823,12.32734831046734,-371.71363406589217,3.8411317782591823,371.73347985325444,0.0,344.0
05_LTAN06_800km_1213COLD_PX_ALL_HEAT_PX_0p5,5929.0,-719.2260174532179,-675.3984953660969,986.6352881001186,-239.60822949703268,69.26080062949744,249.4176460207691,-958.8342469502505,-606.1376947365994,1134.3570946158238,1.0,130.1,0.773982546782122,4.601504633903119,4.666143362409176,-719.2260174532179,-675.3984953660969,986.6352881001186,986.6352881001186,1300.0,1.0,0.1,0.0,0.0,0.0,0.0,0.0,0.0,0.0,0.0,1.0,232.5,1.165753049749469,-6.137694736599428,6.247421616369469,-958.8342469502505,-606.1376947365994,1134.3570946158238,986.6352881001186,2324.0,1.0,16.3,0.39177050296734706,-10.739199370502547,10.746342970815588,-239.60822949703265,69.26080062949745,249.4176460207691,0.0,162.0
05_LTAN06_800km_1213COLD_PX_ALL_HEAT_PX_0p5,5989.5,-721.476163491304,-676.38369837335,988.95033338957,-304.0630981373801,-37.99201436366519,306.4274152296282,-1025.539261628684,-714.3757127370152,1249.8253622368306,1.0,130.1,-1.4761634913039643,3.6163016266500563,3.905982092633113,-721.476163491304,-676.38369837335,988.95033338957,988.95033338957,1300.0,1.0,0.1,0.0,0.0,0.0,0.0,0.0,0.0,0.0,0.0,1.0,272.3,14.460738371315983,5.624287262984808,15.515977618578328,-1025.539261628684,-714.3757127370152,1249.8253622368306,988.95033338957,2722.0,1.0,21.1,-24.063098137380052,2.0079856363347517,24.14673266272085,-304.06309813738005,-37.99201436366525,306.4274152296282,0.0,210.0
05_LTAN06_800km_1213COLD_PX_ALL_HEAT_PX_0p5,6050.0,-723.7016800164872,-677.5679570787123,991.3841122988132,-282.16829779610765,23.187343668426458,283.11941153433935,-1005.8699778125949,-654.3806134102858,1199.9951664369037,1.0,130.1,-3.7016800164872166,2.432042921287689,4.429138484564053,-723.7016800164872,-677.5679570787123,991.3841122988132,991.3841122988132,1300.0,1.0,0.1,0.0,0.0,0.0,0.0,0.0,0.0,0.0,0.0,1.0,252.10000000000002,-5.869977812594925,-14.380613410285832,15.532504034329088,-1005.8699778125949,-654.3806134102858,1199.9951664369037,991.3841122988132,2520.0,1.0,21.3,-2.1682977961077086,23.18734366842648,23.288504068108864,-282.1682977961077,23.18734366842648,283.1194115343394,0.0,212.0
05_LTAN06_800km_1213COLD_PX_ALL_HEAT_PX_0p5,6110.5,-725.8977210698912,-678.9168819081166,993.9092684919992,-307.9287161035354,16.75238765588284,308.38407334579506,-1033.8264371734267,-662.1644942522338,1227.704736346251,1.0,130.1,-5.89772106989119,1.0831180918834207,5.996353777021805,-725.8977210698912,-678.9168819081166,993.9092684919992,993.9092684919992,1300.0,1.0,0.1,0.0,0.0,0.0,0.0,0.0,0.0,0.0,0.0,1.0,272.5,6.1735628265732885,17.835505747766206,18.873742163446256,-1033.8264371734267,-662.1644942522338,1227.704736346251,993.9092684919992,2724.0,1.0,27.5,12.071283896464479,16.752387655882785,20.64844757075012,-307.9287161035355,16.752387655882785,308.3840733457951,0.0,274.0
05_LTAN06_800km_1213COLD_PX_ALL_HEAT_PX_0p5,6171.0,-728.0586476853334,-680.3978512652671,996.4991873934414,-273.1569752402143,-208.11953918561528,343.40715734127605,-1001.2156229255477,-888.5173904508824,1338.6171509150174,1.0,130.1,-8.058647685333426,-0.39785126526714976,8.068462563934002,-728.0586476853334,-680.3978512652671,996.4991873934414,996.4991873934414,1300.0,1.0,0.1,0.0,0.0,0.0,0.0,0.0,0.0,0.0,0.0,1.0,250.9,-1.2156229255476774,-8.51739045088243,8.603701481914648,-1001.2156229255477,-888.5173904508824,1338.6171509150174,996.4991873934414,2508.0,1.0,20.3,6.843024759785749,-8.119539185615281,10.61856414256574,-273.15697524021425,-208.11953918561528,343.407157341276,0.0,202.0
05_LTAN06_800km_1213COLD_PX_ALL_HEAT_PX_0p5,6231.5,-730.1849838461526,-682.0048878392541,999.1500276089871,-187.66881783075917,-82.20671201955614,204.88418359419768,-917.8538016769118,-764.2115998588102,1194.351276053876,1.0,130.1,-10.18498384615259,-2.0048878392541383,10.380436946216587,-730.1849838461526,-682.0048878392541,999.1500276089871,999.1500276089871,1300.0,1.0,0.1,0.0,0.0,0.0,0.0,0.0,0.0,0.0,0.0,1.0,212.70000000000002,2.1461983230882424,-4.211599858810246,4.726916607341118,-917.8538016769118,-764.2115998588102,1194.351276053876,999.1500276089871,2126.0,1.0,10.9,12.331182169240833,-2.2067120195561074,12.527075940867304,-187.66881783075917,-82.20671201955611,204.88418359419768,0.0,108.0
05_LTAN06_800km_1213COLD_PX_ALL_HEAT_PX_0p5,6292.0,-732.2972190173458,-683.6946375314551,1001.847081330183,-139.54974615654652,-164.1414795191467,215.44502071547402,-871.8469651738924,-847.8361170506018,1216.1180913292787,1.0,130.1,-12.29721901734581,-3.6946375314551005,12.840246962165802,-732.2972190173458,-683.6946375314551,1001.847081330183,1001.847081330183,1300.0,1.0,0.1,0.0,0.0,0.0,0.0,0.0,0.0,0.0,0.0,1.0,194.10000000000002,8.153034826107614,-7.8361170506018425,11.30825836751427,-871.8469651738924,-847.8361170506018,1216.1180913292787,1001.847081330183,1940.0,1.0,5.1000000000000005,20.450253843453424,-4.141479519146742,20.865395631743805,-139.54974615654658,-164.14147951914674,215.44502071547407,0.0,50.0
05_LTAN06_800km_1213COLD_PX_ALL_HEAT_PX_0p5,6352.5,-734.4037643057529,-685.4488994637153,1004.5840347141091,-160.8553174918334,-151.36119357975468,220.87246113376492,-895.2590817975863,-836.81009304347,1225.4549993208557,1.0,130.1,-14.40376430575293,-5.448899463715293,15.39996530974531,-734.4037643057529,-685.4488994637153,1004.5840347141091,1004.5840347141091,1300.0,1.0,0.1,0.0,0.0,0.0,0.0,0.0,0.0,0.0,0.0,1.0,194.10000000000002,-15.259081797586305,3.189906956529967,15.588941070411035,-895.2590817975863,-836.81009304347,1225.4549993208557,1004.5840347141091,1940.0,1.0,5.1000000000000005,-0.8553174918333752,8.63880642024526,8.68104512016306,-160.85531749183338,-151.36119357975474,220.87246113376494,0.0,50.0
05_LTAN06_800km_1213COLD_PX_ALL_HEAT_PX_0p5,6413.0,-736.5053545642502,-687.2647014323553,1007.3593733800844,-119.37318641648726,-130.95282226088415,177.19649910005597,-855.8785409807374,-818.2175236932394,1184.0641844891738,1.0,130.1,-16.505354564250183,-7.264701432355309,18.033375063833162,-736.5053545642502,-687.2647014323553,1007.3593733800844,1007.3593733800844,1300.0,1.0,0.1,0.0,0.0,0.0,0.0,0.0,0.0,0.0,0.0,1.0,176.9,-15.878540980737398,-18.2175236932394,24.166220912478142,-855.8785409807374,-818.2175236932394,1184.0641844891738,1007.3593733800844,1768.0,1.0,2.7,0.626813583512785,-10.95282226088409,10.97074339992483,-119.37318641648721,-130.9528222608841,177.1964991000559,0.0,26.0
05_LTAN06_800km_1213COLD_PX_ALL_HEAT_PX_0p5,6473.5,-738.6203103895534,-689.1050273638525,1010.1612255764404,-69.96282809260555,-156.97895861917604,171.86387277108724,-808.583138482159,-846.0839859830286,1170.3267933250902,1.0,130.1,-18.620310389553424,-9.105027363852514,20.727215980440167,-738.6203103895534,-689.1050273638525,1010.1612255764404,1010.1612255764404,1300.0,1.0,0.1,0.0,0.0,0.0,0.0,0.0,0.0,0.0,0.0,1.0,168.5,-8.583138482159029,-6.083985983028583,10.520701100478403,-808.583138482159,-846.0839859830286,1170.3267933250902,1010.1612255764404,1684.0,1.0,5.5,10.037171907394395,3.021041380823931,10.481961215499599,-69.9628280926056,-156.97895861917607,171.8638727710873,0.0,54.0
05_LTAN06_800km_1213COLD_PX_ALL_HEAT_PX_0p5,6534.0,-740.7498614663693,-690.9662283212408,1012.9879989135737,-18.666115346786402,-191.43499551256633,192.3428744950949,-759.4159768131558,-882.4012238338071,1164.1926583098177,1.0,130.1,-20.74986146636934,-10.966228321240806,23.469446403081243,-740.7498614663693,-690.9662283212408,1012.9879989135737,1012.9879989135737,1300.0,1.0,0.1,0.0,0.0,0.0,0.0,0.0,0.0,0.0,0.0,1.0,185.70000000000002,0.5840231868442061,-2.40122383380708,2.4712262103690215,-759.4159768131558,-882.4012238338071,1164.1926583098177,1012.9879989135737,1856.0,1.0,9.1,21.333884653213545,8.565004487433725,22.988995982129804,-18.666115346786455,-191.43499551256627,192.34287449509483,0.0,90.0
05_LTAN06_800km_1213COLD_PX_ALL_HEAT_PX_0p5,6594.5,-742.8949828890701,-692.8390200753017,1015.8340727405515,52.339906978361654,-227.3227862046325,233.27047603659707,-690.5550759107084,-920.1618062799342,1150.4625428941158,1.0,145.1,17.105017110929907,-12.839020075301733,21.387427308098694,-742.8949828890701,-692.8390200753017,1015.8340727405515,1015.8340727405515,1450.0,1.0,0.1,0.0,0.0,0.0,0.0,0.0,0.0,0.0,0.0,1.0,203.9,-10.55507591070841,-0.16180627993423968,10.55631605973614,-690.5550759107084,-920.1618062799342,1150.4625428941158,1015.8340727405515,2038.0,1.0,13.700000000000001,12.339906978361682,12.677213795367493,17.691383604683814,52.33990697836168,-227.3227862046325,233.27047603659707,0.0,136.0
05_LTAN06_800km_1213COLD_PX_ALL_HEAT_PX_0p5,6655.0,-745.0611901445712,-694.6830717358686,1018.6759775394858,88.00329852963544,-196.962682414421,215.728715789021,-657.0578916149358,-891.6457541502896,1107.5907293886598,1.0,145.1,14.938809855428758,-14.683071735868566,20.94661393870899,-745.0611901445712,-694.6830717358686,1018.6759775394858,1018.6759775394858,1450.0,1.0,0.1,0.0,0.0,0.0,0.0,0.0,0.0,0.0,0.0,1.0,186.3,-17.057891614935784,-11.645754150289577,20.654182532259256,-657.0578916149358,-891.6457541502896,1107.5907293886598,1018.6759775394858,1862.0,1.0,9.700000000000001,8.003298529635458,3.0373175855789896,8.560261997750564,88.00329852963546,-196.962682414421,215.728715789021,0.0,96.0
05_LTAN06_800km_1213COLD_PX_ALL_HEAT_PX_0p5,6715.5,-747.2474790969435,-696.4992783015523,1021.5136023036209,66.98845039330826,-149.62532048512546,163.9365396010701,-680.2590287036353,-846.1245987866778,1085.6699235056342,1.0,145.1,12.752520903056507,-16.499278301552295,20.853128634690947,-747.2474790969435,-696.4992783015523,1021.5136023036209,1021.5136023036209,1450.0,1.0,0.1,0.0,0.0,0.0,0.0,0.0,0.0,0.0,0.0,1.0,169.10000000000002,-0.25902870363529473,-6.12459878667778,6.130073912040695,-680.2590287036353,-846.1245987866778,1085.6699235056342,1021.5136023036209,1690.0,1.0,6.300000000000001,-13.011549606691801,10.374679514874515,16.641346045430293,66.9884503933082,-149.62532048512548,163.9365396010701,0.0,62.0
05_LTAN06_800km_1213COLD_PX_ALL_HEAT_PX_0p5,6776.0,-749.449717067416,-698.2681765490481,1024.3306716063728,39.84337052712675,-167.76919390096626,172.4354853188343,-709.6063465402892,-866.0373704500144,1119.625783048172,1.0,144.9,10.550282932583968,21.73182345095188,24.157413364450147,-749.449717067416,-698.2681765490481,1024.3306716063728,1024.3306716063728,1448.0,1.0,0.1,0.0,0.0,0.0,0.0,0.0,0.0,0.0,0.0,1.0,185.9,10.393653459710777,13.96262954998565,17.406408480519186,-709.6063465402892,-866.0373704500144,1119.625783048172,1024.3306716063728,1858.0,1.0,6.1000000000000005,-0.15662947287319184,-7.769193900966229,7.77077259109951,39.84337052712681,-167.76919390096623,172.4354853188343,0.0,60.0
05_LTAN06_800km_1213COLD_PX_ALL_HEAT_PX_0p5,6836.5,-751.6620834052352,-699.9596184762305,1027.1024073219228,41.910646749335584,-177.6327026434216,182.50994317941647,-709.7514366558996,-877.5923211196521,1128.6786008086146,1.0,144.9,8.337916594764806,20.040381523769497,21.705707653967334,-751.6620834052352,-699.9596184762305,1027.1024073219228,1027.1024073219228,1448.0,1.0,0.1,0.0,0.0,0.0,0.0,0.0,0.0,0.0,0.0,1.0,185.9,10.248563344100376,2.4076788803479303,10.527581308587045,-709.7514366558996,-877.5923211196521,1128.6786008086146,1027.1024073219228,1858.0,1.0,6.1000000000000005,1.9106467493355694,-17.632702643421567,17.7359176112225,41.91064674933557,-177.63270264342157,182.50994317941644,0.0,60.0
05_LTAN06_800km_1213COLD_PX_ALL_HEAT_PX_0p5,6897.0,-753.8836176622389,-701.5765799680565,1029.8301833502355,112.98188007913963,-165.2865201166559,200.21123584477166,-640.9017375830992,-866.8631000847124,1078.0568962376308,1.0,144.9,6.116382337761138,18.423420031943465,19.412175008872453,-753.8836176622389,-701.5765799680565,1029.8301833502355,1029.8301833502355,1448.0,1.0,0.1,0.0,0.0,0.0,0.0,0.0,0.0,0.0,0.0,1.0,186.3,-0.9017375830992478,13.136899915287586,13.167811893137625,-640.9017375830992,-866.8631000847124,1078.0568962376308,1029.8301833502355,1862.0,1.0,6.5,-7.018119920860386,-5.286520116655879,8.786427155982384,112.98188007913961,-165.28652011665588,200.21123584477164,0.0,64.0
05_LTAN06_800km_1213COLD_PX_ALL_HEAT_PX_0p5,6957.5,-756.1032529794076,-703.1090603700538,1032.4991428279745,161.24634533743503,-184.79802149790768,245.2563814342463,-594.8569076419725,-887.9070818679616,1068.7533516207793,1.0,144.9,3.896747020592443,16.89093962994616,17.334603512194384,-756.1032529794076,-703.1090603700538,1032.4991428279745,1032.4991428279745,1448.0,1.0,0.1,0.0,0.0,0.0,0.0,0.0,0.0,0.0,0.0,1.0,186.5,5.143092358027502,-7.907081867961551,9.432568190574994,-594.8569076419725,-887.9070818679616,1068.7533516207793,1032.4991428279745,1864.0,1.0,6.7,1.2463453374350593,-24.798021497907712,24.829322320813333,161.24634533743506,-184.7980214979077,245.25638143424632,0.0,66.0
05_LTAN06_800km_1213COLD_PX_ALL_HEAT_PX_0p5,7018.0,-758.3144627937778,-704.5518537725302,1035.1010284684894,121.2164603730839,-99.73852644421487,156.97516976465664,-637.0980024206939,-804.290380216745,1026.0491608093807,1.0,144.9,1.6855372062221932,15.448146227469806,15.539828105189867,-758.3144627937778,-704.5518537725302,1035.1010284684894,1035.1010284684894,1448.0,1.0,0.1,0.0,0.0,0.0,0.0,0.0,0.0,0.0,0.0,1.0,153.1,2.901997579306112,-4.290380216745007,5.1796672049983545,-637.0980024206939,-804.290380216745,1026.0491608093807,1035.1010284684894,1530.0,1.0,3.9000000000000004,1.216460373083919,20.261473555785187,20.29795769261198,121.21646037308392,-99.73852644421481,156.97516976465658,0.0,38.0
05_LTAN06_800km_1213COLD_PX_ALL_HEAT_PX_0p5,7078.5,-760.5177346247311,-705.9079723856723,1037.6383233845904,152.5876102277515,-98.68078206794985,181.7164702071841,-607.9301243969796,-804.5887544536222,1008.4354713825561,1.0,144.9,-0.5177346247311334,14.092027614327662,14.101535073339317,-760.5177346247311,-705.9079723856723,1037.6383233845904,1037.6383233845904,1448.0,1.0,0.1,0.0,0.0,0.0,0.0,0.0,0.0,0.0,0.0,1.0,153.3,-7.930124396979636,-4.588754453622187,9.16207074777362,-607.9301243969796,-804.5887544536222,1008.4354713825561,1037.6383233845904,1532.0,1.0,6.800000000000001,-7.412389772248503,21.31921793205015,22.571056142103384,152.5876102277515,-98.68078206794985,181.7164702071841,0.0,67.0
05_LTAN06_800km_1213COLD_PX_ALL_HEAT_PX_0p5,7139.0,-718.4500098564575,-707.9038991293075,1008.6120894899192,236.8517417409183,60.68707206207194,244.50290035329596,-481.5982681155392,-647.2168270672356,806.7381936482658,1.0,122.7,1.549990143542459,12.096100870692453,12.195004129521461,-718.4500098564575,-707.9038991293075,1008.6120894899192,1008.6120894899192,1226.0,1.0,0.1,0.0,0.0,0.0,0.0,0.0,0.0,0.0,0.0,1.0,97.10000000000001,-1.5982681155392129,-7.216827067235613,7.391688162222067,-481.5982681155392,-647.2168270672356,806.7381936482658,1008.6120894899192,970.0,1.0,16.0,-3.148258259081672,20.687072062071934,20.9252593906798,236.85174174091833,60.687072062071934,244.50290035329598,0.0,159.0
05_LTAN06_800km_1213COLD_PX_ALL_HEAT_PX_0p5,7199.5,-677.697703261965,-709.7410519611154,981.3289651515505,232.15262230448946,-84.6295113981773,247.0971352370261,-445.54508095747553,-794.3705633592928,910.7881263483641,1.0,122.9,2.302296738035011,10.258948038884569,10.51411361620656,-677.697703261965,-709.7410519611154,981.3289651515505,981.3289651515505,1228.0,1.0,0.1,0.0,0.0,0.0,0.0,0.0,0.0,0.0,0.0,1.0,154.10000000000002,-5.545080957475534,5.62943664070724,7.901802308125343,-445.54508095747553,-794.3705633592928,910.7881263483641,981.3289651515505,1540.0,1.0,15.4,-7.847377695510545,-4.629511398177328,9.111186118275171,232.15262230448946,-84.62951139817733,247.0971352370261,0.0,153.0
05_LTAN06_800km_1213COLD_PX_ALL_HEAT_PX_0p5,7260.0,-638.3607358159529,-711.4154253680695,955.8327973464376,336.0682054264821,-106.60999692768137,352.5727302890801,-302.2925303894708,-818.0254222957508,872.0930944867127,1.0,123.10000000000001,1.6392641840470787,8.584574631930536,8.739685845399984,-638.3607358159529,-711.4154253680695,955.8327973464376,955.8327973464376,1230.0,1.0,0.1,0.0,0.0,0.0,0.0,0.0,0.0,0.0,0.0,0.0,nan,nan,nan,nan,-302.2925303894708,-818.0254222957508,872.0930944867127,955.8327973464376,nan,1.0,26.8,16.06820542648211,13.390003072318677,20.916008412322192,336.0682054264821,-106.60999692768132,352.5727302890801,0.0,267.0
05_LTAN06_800km_1213COLD_PX_ALL_HEAT_PX_0p5,7320.5,-600.4736982290912,-712.9039139798703,932.0947660150978,354.54310442577145,-77.19349360228908,362.8493466307885,-245.9305938033197,-790.0974075821593,827.4876255488672,1.0,123.30000000000001,-0.47369822909115555,7.096086020129746,7.1118792746590485,-600.4736982290912,-712.9039139798703,932.0947660150978,932.0947660150978,1232.0,1.0,0.1,0.0,0.0,0.0,0.0,0.0,0.0,0.0,0.0,1.0,155.10000000000002,-5.930593803319709,9.902592417840651,11.542672110644453,-245.9305938033197,-790.0974075821593,827.4876255488672,932.0947660150978,1550.0,1.0,34.0,-5.456895574228554,2.806506397710905,6.136300796768963,354.54310442577145,-77.1934936022891,362.8493466307885,0.0,339.0
05_LTAN06_800km_1213COLD_PX_ALL_HEAT_PX_0p5,7381.0,-564.0472135571841,-714.2082713233114,910.0784108791156,442.7369608748283,23.886883494998354,443.38087433693266,-121.31025268235584,-690.321387828313,700.8992765719374,1.0,123.5,-4.047213557184136,5.791728676688649,7.065695906408138,-564.0472135571841,-714.2082713233114,910.0784108791156,910.0784108791156,1234.0,1.0,0.1,0.0,0.0,0.0,0.0,0.0,0.0,0.0,0.0,1.0,111.9,-1.3102526823558378,-10.32138782831305,10.404220720172628,-121.31025268235584,-690.321387828313,700.8992765719374,910.0784108791156,1118.0,1.0,50.800000000000004,2.7369608748282985,23.8868834949983,24.043172792582162,442.7369608748283,23.8868834949983,443.38087433693266,0.0,507.0
05_LTAN06_800km_1213COLD_PX_ALL_HEAT_PX_0p5,7441.5,-529.0593740027831,-715.3287593528364,889.7185258144763,430.7014820253924,-13.047162063995888,430.89905436980666,-98.3578919773907,-728.3759214168323,734.9869099610247,1.0,123.7,-9.059374002783102,4.671240647163586,10.192779135545692,-529.0593740027831,-715.3287593528364,889.7185258144763,889.7185258144763,1236.0,1.0,0.1,0.0,0.0,0.0,0.0,0.0,0.0,0.0,0.0,1.0,125.7,21.642108022609307,-8.375921416832284,23.20639780843291,-98.3578919773907,-728.3759214168323,734.9869099610247,889.7185258144763,1256.0,1.0,50.800000000000004,-9.298517974607591,-13.04716206399587,16.021575279861636,430.7014820253924,-13.04716206399587,430.89905436980666,0.0,507.0
05_LTAN06_800km_1213COLD_PX_ALL_HEAT_PX_0p5,7502.0,-495.4616198288835,-716.2621839785767,870.9269389111934,-352.91091497679076,-266.1414901583905,442.0151656826769,-848.3725348056743,-982.4036741369672,1298.018850699179,1.0,123.7,24.5383801711165,3.7378160214233276,24.821429653270425,-495.4616198288835,-716.2621839785767,870.9269389111934,870.9269389111934,1236.0,1.0,0.1,0.0,0.0,0.0,0.0,0.0,0.0,0.0,0.0,1.0,221.70000000000002,-8.372534805674263,-22.403674136967197,23.91702226255685,-848.3725348056743,-982.4036741369672,1298.018850699179,870.9269389111934,2216.0,1.0,33.1,7.089085023209236,13.858509841609475,15.566419674937336,-352.91091497679076,-266.1414901583905,442.0151656826769,0.0,330.0
05_LTAN06_800km_1213COLD_PX_ALL_HEAT_PX_0p5,7562.5,-463.2188956212309,-717.0125105287435,853.626783503941,-375.62068176780383,-236.87567976921565,444.0731744181782,-838.8395773890347,-953.8881902979592,1270.2576574003126,1.0,123.9,16.7811043787691,2.987489471256481,17.04495695248339,-463.2188956212309,-717.0125105287435,853.626783503941,853.626783503941,1238.0,1.0,0.1,0.0,0.0,0.0,0.0,0.0,0.0,0.0,0.0,1.0,221.70000000000002,1.16042261096527,6.111809702040773,6.220996581738265,-838.8395773890347,-953.8881902979592,1270.2576574003126,853.626783503941,2216.0,1.0,33.300000000000004,-15.62068176780383,3.124320230784292,15.930068292241783,-375.62068176780383,-236.8756797692157,444.07317441817827,0.0,332.0
05_LTAN06_800km_1213COLD_PX_ALL_HEAT_PX_0p5,7623.0,-432.27539143466333,-717.5813140785008,837.7260628359484,-426.77948354784866,-193.49070856176905,468.59298103695903,-859.054874982512,-911.0720226402698,1252.2090515042014,1.0,124.10000000000001,7.724608565336666,2.4186859214992182,8.094419007843065,-432.27539143466333,-717.5813140785008,837.7260628359484,837.7260628359484,1240.0,1.0,0.1,0.0,0.0,0.0,0.0,0.0,0.0,0.0,0.0,1.0,202.9,20.945125017487953,8.927977359730221,22.768553791008667,-859.054874982512,-911.0720226402698,1252.2090515042014,837.7260628359484,2028.0,1.0,49.900000000000006,13.220516452151287,6.509291438231003,14.73610974068225,-426.7794835478487,-193.490708561769,468.5929810369591,0.0,498.0
05_LTAN06_800km_1213COLD_PX_ALL_HEAT_PX_0p5,7683.5,-402.5725615036833,-717.9716831553727,823.1330421557598,-298.0969480256155,-243.9466143795761,385.1905257005215,-700.6695095292988,-961.9182975349488,1190.0523403264929,1.0,124.30000000000001,-2.572561503683289,2.028316844627284,3.275994797375601,-402.5725615036833,-717.9716831553727,823.1330421557598,823.1330421557598,1242.0,1.0,0.1,0.0,0.0,0.0,0.0,0.0,0.0,0.0,0.0,1.0,222.3,19.330490470701193,-1.918297534948806,19.42544020789388,-700.6695095292988,-961.9182975349488,1190.0523403264929,823.1330421557598,2222.0,1.0,20.1,-18.096948025615518,-3.94661437957609,18.52229178322451,-298.0969480256155,-243.9466143795761,385.1905257005215,0.0,200.0
05_LTAN06_800km_1213COLD_PX_ALL_HEAT_PX_0p5,7744.0,-374.06636084289937,-718.1904608126823,809.7673618494284,-476.3255273848076,-212.23873408598251,521.4703139056292,-850.3918882277069,-930.4291948986648,1260.501824783789,1.0,124.5,-14.066360842899371,1.8095391873176823,14.182275537906145,-374.06636084289937,-718.1904608126823,809.7673618494284,809.7673618494284,1244.0,1.0,0.1,0.0,0.0,0.0,0.0,0.0,0.0,0.0,0.0,1.0,203.10000000000002,-10.391888227706886,-10.429194898664832,14.72275270360436,-850.3918882277069,-930.4291948986648,1260.501824783789,809.7673618494284,2030.0,1.0,59.300000000000004,3.674472615192485,-12.238734085982514,12.77843343400081,-476.3255273848075,-212.23873408598251,521.4703139056292,0.0,592.0
05_LTAN06_800km_1213COLD_PX_ALL_HEAT_PX_0p5,7804.5,-346.6940705796047,-718.2519770915663,797.5479177898967,-425.22330786108006,-270.266740632188,503.8441948065545,-771.9173784406848,-988.5187177237543,1254.2032109785698,1.0,124.5,13.305929420395273,1.7480229084336543,13.420258634949974,-346.6940705796047,-718.2519770915663,797.5479177898967,797.5479177898967,1244.0,1.0,0.1,0.0,0.0,0.0,0.0,0.0,0.0,0.0,0.0,1.0,241.5,-11.917378440684843,11.481282276245679,16.54822502884624,-771.9173784406848,-988.5187177237543,1254.2032109785698,797.5479177898967,2414.0,1.0,49.5,14.776692138919884,9.733259367812025,17.694263717078403,-425.2233078610801,-270.266740632188,503.8441948065545,0.0,494.0
05_LTAN06_800km_1213COLD_PX_ALL_HEAT_PX_0p5,7865.0,-320.4049300037542,-718.1642864499113,786.3963768372925,-418.76309957598295,-280.95913928634934,504.28223398709065,-739.1680295797371,-999.1234257362606,1242.826213035335,1.0,124.7,-0.4049300037542025,1.8357135500887125,1.8798437557200551,-320.4049300037542,-718.1642864499113,786.3963768372925,786.3963768372925,1246.0,1.0,0.1,0.0,0.0,0.0,0.0,0.0,0.0,0.0,0.0,1.0,241.5,20.831970420262905,0.8765742637393714,20.850404649084364,-739.1680295797371,-999.1234257362606,1242.826213035335,786.3963768372925,2414.0,1.0,40.900000000000006,-18.763099575982892,-0.9591392863493411,18.787598406099384,-418.7630995759829,-280.95913928634934,504.28223398709065,0.0,408.0
05_LTAN06_800km_1213COLD_PX_ALL_HEAT_PX_0p5,7925.5,-295.1562147631922,-717.9320199834326,776.2368043521433,-468.46183546953716,-290.1920928802243,551.0607426243431,-763.6180502327294,-1008.1241128636569,1264.6844482234967,1.0,124.7,24.843785236807776,2.0679800165673896,24.929705297928212,-295.1562147631922,-717.9320199834326,776.2368043521433,776.2368043521433,1246.0,1.0,0.1,0.0,0.0,0.0,0.0,0.0,0.0,0.0,0.0,1.0,241.5,-3.618050232729388,-8.124112863656933,8.893340053545082,-763.6180502327294,-1008.1241128636569,1264.6844482234967,776.2368043521433,2414.0,1.0,58.900000000000006,11.538164530462836,-10.192092880224322,15.39506407947528,-468.46183546953716,-290.1920928802243,551.0607426243431,0.0,588.0
05_LTAN06_800km_1213COLD_PX_ALL_HEAT_PX_0p5,7986.0,-270.87905397015675,-717.5763616946604,767.0014972232539,-507.97151553251075,-307.8956258437798,593.9989705429872,-778.8505695026674,-1025.47198753844,1287.7115386765267,1.0,124.9,9.120946029843253,2.4236383053396366,9.437461476182193,-270.87905397015675,-717.5763616946604,767.0014972232539,767.0014972232539,1248.0,1.0,0.1,0.0,0.0,0.0,0.0,0.0,0.0,0.0,0.0,1.0,261.7,-18.85056950266744,14.52801246155991,23.79930916346388,-778.8505695026674,-1025.47198753844,1287.7115386765267,767.0014972232539,2616.0,1.0,68.9,12.028484467489307,12.104374156220274,17.06459235664318,-507.9715155325107,-307.8956258437797,593.9989705429872,0.0,688.0
05_LTAN06_800km_1213COLD_PX_ALL_HEAT_PX_0p5,8046.5,-247.53197114714777,-717.1024555850175,758.6224413672816,-501.28206838419635,-226.76666652748688,550.1879979893478,-748.8140395313442,-943.8691221125044,1204.8283634927755,1.0,125.10000000000001,-7.531971147147772,2.8975444149824625,8.070090024173371,-247.53197114714777,-717.1024555850175,758.6224413672816,758.6224413672816,1250.0,1.0,0.1,0.0,0.0,0.0,0.0,0.0,0.0,0.0,0.0,1.0,222.10000000000002,11.185960468655821,16.130877887495558,19.629848013360263,-748.8140395313442,-943.8691221125044,1204.8283634927755,758.6224413672816,2220.0,1.0,69.3,18.717931615803593,13.233333472513095,22.923395882125213,-501.2820683841964,-226.7666665274869,550.1879979893478,0.0,692.0
05_LTAN06_800km_1213COLD_PX_ALL_HEAT_PX_0p5,8107.0,-225.07137332534714,-716.512229438177,751.0305573177595,-442.52461648244076,-198.98609490679095,485.2045982461272,-667.5959898077879,-915.498324344968,1133.0585101776007,1.0,125.10000000000001,14.928626674652861,3.4877705618230266,15.330637230170058,-225.07137332534714,-716.512229438177,751.0305573177595,751.0305573177595,1250.0,1.0,0.1,0.0,0.0,0.0,0.0,0.0,0.0,0.0,0.0,1.0,203.9,12.404010192212127,4.501675655032045,13.19562626598717,-667.5959898077879,-915.498324344968,1133.0585101776007,751.0305573177595,2038.0,1.0,49.900000000000006,-2.524616482440706,1.0139050932090186,2.7206050653202998,-442.5246164824407,-198.98609490679098,485.20459824612715,0.0,498.0
05_LTAN06_800km_1213COLD_PX_ALL_HEAT_PX_0p5,8167.5,-247.80342218665194,-715.098451353564,756.8172376311744,-504.0785177658947,-170.05129473633292,531.9892808267518,-751.8819399525466,-885.1497460898969,1161.3856054858843,1.0,125.10000000000001,-7.803422186651943,4.9015486464360265,9.21512761477076,-247.80342218665194,-715.098451353564,756.8172376311744,756.8172376311744,1250.0,1.0,0.1,0.0,0.0,0.0,0.0,0.0,0.0,0.0,0.0,1.0,185.70000000000002,8.118060047453355,-5.149746089896894,9.613676909719127,-751.8819399525466,-885.1497460898969,1161.3856054858843,756.8172376311744,1856.0,1.0,69.7,15.92148223410527,-10.05129473633292,18.828757856203993,-504.07851776589473,-170.05129473633292,531.9892808267518,0.0,696.0
05_LTAN06_800km_1213COLD_PX_ALL_HEAT_PX_0p5,8228.0,-270.1554514215343,-713.6417592998496,763.0652190667305,-321.12220427445124,-262.51169134071023,414.7672337210869,-591.2776556959855,-976.1534506405599,1141.2645728851887,1.0,124.9,9.84454857846572,6.358240700150418,11.719315744309508,-270.1554514215343,-713.6417592998496,763.0652190667305,763.0652190667305,1248.0,1.0,0.1,0.0,0.0,0.0,0.0,0.0,0.0,0.0,0.0,1.0,222.9,8.722344304014541,-16.153450640559868,18.357920845095148,-591.2776556959855,-976.1534506405599,1141.2645728851887,763.0652190667305,2228.0,1.0,26.1,-1.1222042744511782,17.488308659289714,17.524276937899153,-321.1222042744512,-262.5116913407103,414.7672337210868,0.0,260.0
05_LTAN06_800km_1213COLD_PX_ALL_HEAT_PX_0p5,8288.5,-291.96039453552083,-712.1693431573984,769.6921756849144,-313.6678462345569,-236.8961990183753,393.0742002100613,-605.6282407700778,-949.0655421757738,1125.83789657466,1.0,124.9,-11.960394535520834,7.83065684260157,14.295811415652468,-291.96039453552083,-712.1693431573984,769.6921756849144,769.6921756849144,1248.0,1.0,0.1,0.0,0.0,0.0,0.0,0.0,0.0,0.0,0.0,1.0,222.9,-5.628240770077809,10.934457824226229,12.297945441241323,-605.6282407700778,-949.0655421757738,1125.83789657466,769.6921756849144,2228.0,1.0,26.3,6.332153765443024,3.1038009816246586,7.051932489945466,-313.667846234557,-236.89619901837534,393.07420021006135,0.0,262.0
05_LTAN06_800km_1213COLD_PX_ALL_HEAT_PX_0p5,8349.0,-313.107453623403,-710.7143918536332,776.6281119702087,-403.82002531150397,-278.23503638389354,490.3930549203672,-716.927478934907,-988.9494282375267,1221.4769673077312,1.0,124.7,6.892546376597011,9.285608146366826,11.56415644141044,-313.107453623403,-710.7143918536332,776.6281119702087,776.6281119702087,1246.0,1.0,0.1,0.0,0.0,0.0,0.0,0.0,0.0,0.0,0.0,1.0,241.70000000000002,3.072521065093042,11.050571762473282,11.469765558764152,-716.927478934907,-988.9494282375267,1221.4769673077312,776.6281119702087,2416.0,1.0,40.900000000000006,-3.8200253115039686,1.7649636161064564,4.208050611234443,-403.82002531150397,-278.23503638389354,490.3930549203672,0.0,408.0
05_LTAN06_800km_1213COLD_PX_ALL_HEAT_PX_0p5,8409.5,-333.53571414869936,-709.2830135163197,783.7910856060272,-361.4484971183838,-156.42007298746205,393.8429322744554,-694.9842112670831,-865.7030865037817,1110.1553440364569,1.0,124.7,-13.535714148699356,10.71698648368033,17.264685250727474,-333.53571414869936,-709.2830135163197,783.7910856060272,783.7910856060272,1246.0,1.0,0.1,0.0,0.0,0.0,0.0,0.0,0.0,0.0,0.0,1.0,186.10000000000002,-14.984211267083083,14.29691349621828,20.710584801374587,-694.9842112670831,-865.7030865037817,1110.1553440364569,783.7910856060272,1860.0,1.0,33.7,-1.4484971183837274,3.5799270125379508,3.8618675944502368,-361.4484971183837,-156.42007298746205,393.84293227445534,0.0,336.0
05_LTAN06_800km_1213COLD_PX_ALL_HEAT_PX_0p5,8470.0,-353.204950256358,-707.9098273921301,791.1321385229851,-360.9648911404048,-291.7709118747602,464.13997635652265,-714.1698413967629,-999.6807392668902,1228.5764700749698,1.0,124.5,6.795049743641982,12.090172607869931,13.868849076497206,-353.204950256358,-707.9098273921301,791.1321385229851,791.1321385229851,1244.0,1.0,0.1,0.0,0.0,0.0,0.0,0.0,0.0,0.0,0.0,1.0,241.70000000000002,5.830158603237123,0.3192607331097861,5.83889345292459,-714.1698413967629,-999.6807392668902,1228.5764700749698,791.1321385229851,2416.0,1.0,33.1,-0.964891140404859,-11.770911874760145,11.810392934877365,-360.96489114040486,-291.77091187476015,464.13997635652265,0.0,330.0
05_LTAN06_800km_1213COLD_PX_ALL_HEAT_PX_0p5,8530.5,-372.0949854643828,-706.6166942018698,798.5999190661855,-335.82801668950816,-233.3656891553078,408.9498767190672,-707.9230021538909,-939.9823833571776,1176.7420524483766,1.0,124.5,-12.094985464382773,13.383305798130209,18.038889862458173,-372.0949854643828,-706.6166942018698,798.5999190661855,798.5999190661855,1244.0,1.0,0.1,0.0,0.0,0.0,0.0,0.0,0.0,0.0,0.0,1.0,203.70000000000002,12.076997846109066,-19.982383357177582,23.348437241240166,-707.9230021538909,-939.9823833571776,1176.7420524483766,798.5999190661855,2036.0,1.0,26.3,-15.82801668950816,6.634310844692209,17.162173309559297,-335.82801668950816,-233.3656891553078,408.9498767190672,0.0,262.0
05_LTAN06_800km_1213COLD_PX_ALL_HEAT_PX_0p5,8591.0,-390.20209464942747,-705.4046980007188,806.1348910885113,-285.9231377947901,-146.94297549702532,321.4720497560214,-676.1252324442175,-852.3476734977442,1087.953071811815,1.0,124.30000000000001,9.797905350572535,14.595301999281219,17.579015606938867,-390.20209464942747,-705.4046980007188,806.1348910885113,806.1348910885113,1242.0,1.0,0.1,0.0,0.0,0.0,0.0,0.0,0.0,0.0,0.0,1.0,169.10000000000002,3.874767555782455,-12.347673497744154,12.941362541024716,-676.1252324442175,-852.3476734977442,1087.953071811815,806.1348910885113,1690.0,1.0,20.5,-5.92313779479008,13.057024502974627,14.33769333635472,-285.9231377947901,-146.94297549702537,321.4720497560214,0.0,204.0
05_LTAN06_800km_1213COLD_PX_ALL_HEAT_PX_0p5,8651.5,-407.53098983254756,-704.3076132891839,813.7141523968983,-247.42339078317272,-115.469636242533,273.0413360658519,-654.9543806157203,-819.777249531717,1049.285461415295,1.0,124.30000000000001,-7.5309898325475615,15.692386710816095,17.405941759632896,-407.53098983254756,-704.3076132891839,813.7141523968983,813.7141523968983,1242.0,1.0,0.1,0.0,0.0,0.0,0.0,0.0,0.0,0.0,0.0,1.0,153.1,-14.95438061572031,-19.77724953171696,24.79461834026953,-654.9543806157203,-819.777249531717,1049.285461415295,813.7141523968983,1530.0,1.0,15.3,-7.423390783172749,4.530363757466944,8.696604308272518,-247.42339078317275,-115.46963624253306,273.04133606585197,0.0,152.0
05_LTAN06_800km_1213COLD_PX_ALL_HEAT_PX_0p5,8712.0,-424.09273409087353,-703.328674203888,821.29523989006,-388.3654123958877,-124.95433110398992,407.9721539603818,-812.4581464867613,-828.2830053078779,1160.2331561692909,1.0,124.10000000000001,15.907265909126465,16.671325796112,23.042877695803675,-424.09273409087353,-703.328674203888,821.29523989006,821.29523989006,1240.0,1.0,0.1,0.0,0.0,0.0,0.0,0.0,0.0,0.0,0.0,1.0,168.5,-12.45814648676128,11.716994692122057,17.102437794092946,-812.4581464867613,-828.2830053078779,1160.2331561692909,821.29523989006,1684.0,1.0,41.7,11.634587604112255,-4.954331103989944,12.645514042763336,-388.36541239588774,-124.95433110398994,407.9721539603819,0.0,416.0
05_LTAN06_800km_1213COLD_PX_ALL_HEAT_PX_0p5,8772.5,-439.9029086868591,-702.4659599975987,828.8383401040924,-283.6527622080971,-188.8905166230154,340.7910162818159,-723.5556708949562,-891.3564766206141,1148.0632287891488,1.0,110.30000000000001,0.09709131314087927,-22.465959997598702,22.46616979675869,-439.9029086868591,-702.4659599975987,828.8383401040924,828.8383401040924,1102.0,1.0,0.1,0.0,0.0,0.0,0.0,0.0,0.0,0.0,0.0,1.0,185.9,-3.5556708949561653,-11.356476620614103,11.900099022604522,-723.5556708949562,-891.3564766206141,1148.0632287891488,828.8383401040924,1858.0,1.0,20.3,-3.6527622080970445,11.109483376984599,11.694583902490894,-283.65276220809704,-188.8905166230154,340.79101628181587,0.0,202.0
05_LTAN06_800km_1213COLD_PX_ALL_HEAT_PX_0p5,8833.0,-454.9842866742843,-701.7492552214372,836.3388776831729,-200.2032487200174,-154.92062970662363,253.1437186792237,-655.1875353943017,-856.6698849280608,1078.4961744386098,1.0,124.10000000000001,-14.984286674284306,18.250744778562762,23.61394782981808,-454.9842866742843,-701.7492552214372,836.3388776831729,836.3388776831729,1240.0,1.0,0.1,0.0,0.0,0.0,0.0,0.0,0.0,0.0,0.0,1.0,169.3,-15.187535394301676,-16.66988492806081,22.55097104046642,-655.1875353943017,-856.6698849280608,1078.4961744386098,836.3388776831729,1692.0,1.0,10.5,-0.2032487200173705,5.079370293376428,5.083435120017136,-200.20324872001737,-154.92062970662357,253.14371867922364,0.0,104.0
05_LTAN06_800km_1213COLD_PX_ALL_HEAT_PX_0p5,8893.5,-469.35724800311897,-701.1744017202466,843.7664178437105,-274.0750153415918,-180.01485329692233,327.9061778039661,-743.4322633447107,-881.1892550171689,1152.9033061534485,1.0,110.10000000000001,10.642751996881032,-21.17440172024658,23.698596124612454,-469.35724800311897,-701.1744017202466,843.7664178437105,843.7664178437105,1100.0,1.0,0.1,0.0,0.0,0.0,0.0,0.0,0.0,0.0,0.0,1.0,185.70000000000002,16.56773665528931,-1.1892550171688754,16.610364998243668,-743.4322633447107,-881.1892550171689,1152.9033061534485,843.7664178437105,1856.0,1.0,20.3,5.9249846584082775,19.985146703077703,20.84494020010398,-274.0750153415917,-180.0148532969223,327.90617780396605,0.0,202.0
05_LTAN06_800km_1213COLD_PX_ALL_HEAT_PX_0p5,8954.0,-483.0518569752944,-700.7360262286584,851.0993332050092,-243.93960725620255,-262.31761475818183,358.2137113522209,-726.9914642314969,-963.0536409868403,1206.6436526512148,1.0,110.10000000000001,-3.051856975294413,-20.736026228658375,20.959403969418148,-483.0518569752944,-700.7360262286584,851.0993332050092,851.0993332050092,1100.0,1.0,0.1,0.0,0.0,0.0,0.0,0.0,0.0,0.0,0.0,1.0,222.3,-6.991464231496934,-3.0536409868402643,7.629239501864639,-726.9914642314969,-963.0536409868403,1206.6436526512148,851.0993332050092,2222.0,1.0,12.3,-3.939607256202521,-22.31761475818189,22.66266607942988,-243.93960725620252,-262.3176147581819,358.21371135222097,0.0,122.0
05_LTAN06_800km_1213COLD_PX_ALL_HEAT_PX_0p5,9014.5,-496.1118203856929,-700.4268018464684,858.326652895783,-367.3667806613347,-229.6132339847753,433.22117763842107,-863.4786010470276,-930.0400358312437,1269.0822521472408,0.0,nan,nan,nan,nan,-496.1118203856929,-700.4268018464684,858.326652895783,858.326652895783,nan,1.0,0.1,0.0,0.0,0.0,0.0,0.0,0.0,0.0,0.0,1.0,202.9,16.52139895297239,-10.0400358312437,19.332846217149054,-863.4786010470276,-930.0400358312437,1269.0822521472408,858.326652895783,2028.0,1.0,33.300000000000004,-7.366780661334701,10.38676601522468,12.733984669664139,-367.3667806613347,-229.61323398477532,433.22117763842107,0.0,332.0
05_LTAN06_800km_1213COLD_PX_ALL_HEAT_PX_0p5,9075.0,-508.55775831014915,-700.2425340136658,865.430875332816,-134.02197836362458,-244.34574110286817,278.6875165478528,-642.5797366737737,-944.588275116534,1142.4341239088428,1.0,109.9,11.442241689850846,-20.242534013665818,23.252635940541843,-508.55775831014915,-700.2425340136658,865.430875332816,865.430875332816,1098.0,1.0,0.1,0.0,0.0,0.0,0.0,0.0,0.0,0.0,0.0,1.0,204.10000000000002,-2.5797366737737093,-24.588275116533964,24.723234305251736,-642.5797366737737,-944.588275116534,1142.4341239088428,865.430875332816,2040.0,1.0,12.9,-14.021978363624555,-4.345741102868146,14.679963997337078,-134.02197836362456,-244.34574110286815,278.6875165478528,0.0,128.0
05_LTAN06_800km_1213COLD_PX_ALL_HEAT_PX_0p5,9135.5,-520.4153622209401,-700.1616713596355,872.3866776130127,-165.54820910617073,-299.38412015005076,342.10679755930084,-685.9635713271108,-999.5457915096863,1212.2861916695124,1.0,109.9,-0.41536222094009645,-20.161671359635534,20.165949464097444,-520.4153622209401,-700.1616713596355,872.3866776130127,872.3866776130127,1098.0,1.0,0.1,0.0,0.0,0.0,0.0,0.0,0.0,0.0,0.0,1.0,241.9,-5.963571327110799,0.4542084903137038,5.980843446054336,-685.9635713271108,-999.5457915096863,1212.2861916695124,872.3866776130127,2418.0,1.0,17.7,-5.548209106170702,-19.384120150050762,20.1625082337838,-165.5482091061707,-299.38412015005076,342.10679755930084,0.0,176.0
05_LTAN06_800km_1213COLD_PX_ALL_HEAT_PX_0p5,9196.0,-531.7099816066179,-700.1636593258115,879.1727102114925,45.62652885854889,-178.8409572536441,184.56941276137752,-486.083452748069,-879.0046165794556,1004.4532039888568,1.0,109.9,-11.70998160661793,-20.163659325811523,23.317307448217864,-531.7099816066179,-700.1636593258115,879.1727102114925,879.1727102114925,1098.0,1.0,0.1,0.0,0.0,0.0,0.0,0.0,0.0,0.0,0.0,1.0,187.10000000000002,-6.083452748069021,0.9953834205443854,6.164347937282837,-486.083452748069,-879.0046165794556,1004.4532039888568,879.1727102114925,1870.0,1.0,6.1000000000000005,5.626528858548909,-18.840957253644092,19.66315074523225,45.62652885854891,-178.8409572536441,184.56941276137752,0.0,60.0
05_LTAN06_800km_1213COLD_PX_ALL_HEAT_PX_0p5,9256.5,-542.4619454836188,-700.2459513653391,885.7817760043506,65.93278250385306,-210.47100702952815,220.55651567959646,-476.5291629797658,-910.7169583948673,1027.8547667244602,0.0,nan,nan,nan,nan,-542.4619454836188,-700.2459513653391,885.7817760043506,885.7817760043506,nan,1.0,0.1,0.0,0.0,0.0,0.0,0.0,0.0,0.0,0.0,1.0,204.9,3.470837020234228,9.283041605132667,9.910679646908807,-476.5291629797658,-910.7169583948673,1027.8547667244602,885.7817760043506,2048.0,1.0,9.700000000000001,-14.067217496146952,-10.47100702952821,17.536493272496987,65.93278250385305,-210.4710070295282,220.55651567959652,0.0,96.0
05_LTAN06_800km_1213COLD_PX_ALL_HEAT_PX_0p5,9317.0,-552.6658040041898,-700.408576708806,892.1948583369291,115.76352154317202,-210.4470680856717,240.185681059325,-436.90228246101776,-910.8556447944777,1010.2185951929467,1.0,109.7,7.334195995810205,-20.40857670880598,21.68641127951272,-552.6658040041898,-700.408576708806,892.1948583369291,892.1948583369291,1096.0,1.0,0.1,0.0,0.0,0.0,0.0,0.0,0.0,0.0,0.0,1.0,205.10000000000002,3.097717538982238,9.144355205522288,9.654796014213906,-436.90228246101776,-910.8556447944777,1010.2185951929467,892.1948583369291,2050.0,1.0,9.9,-4.236478456827967,-10.44706808567173,11.273374885180935,115.76352154317203,-210.44706808567173,240.18568105932505,0.0,98.0
05_LTAN06_800km_1213COLD_PX_ALL_HEAT_PX_0p5,9377.5,-562.3325365462755,-700.6490506798374,898.4024565177489,101.334176199645,-91.14811660250835,136.29598096145446,-460.9983603466305,-791.7971672823458,916.2217211781376,1.0,109.7,-2.3325365462754917,-20.649050679837387,20.780375856037917,-562.3325365462755,-700.6490506798374,898.4024565177489,898.4024565177489,1096.0,1.0,0.1,0.0,0.0,0.0,0.0,0.0,0.0,0.0,0.0,1.0,153.9,19.001639653369523,8.202832717654246,20.69658846550136,-460.9983603466305,-791.7971672823458,916.2217211781376,898.4024565177489,1538.0,1.0,1.9000000000000001,21.334176199645015,-11.148116602508367,24.071301956907575,101.33417619964501,-91.14811660250837,136.2959809614545,0.0,18.0
05_LTAN06_800km_1213COLD_PX_ALL_HEAT_PX_0p5,9438.0,-571.4826831586491,-700.9637025816046,904.4017743719443,93.42239687361977,-179.0942712426866,201.99629261340695,-478.06028628502935,-880.0579738242911,1001.5206810718593,1.0,109.7,-11.482683158649138,-20.963702581604593,23.902486030785578,-571.4826831586491,-700.9637025816046,904.4017743719443,904.4017743719443,1096.0,1.0,0.1,0.0,0.0,0.0,0.0,0.0,0.0,0.0,0.0,1.0,187.10000000000002,1.939713714970651,-0.05797382429113895,1.9405798773428997,-478.06028628502935,-880.0579738242911,1001.5206810718593,904.4017743719443,1870.0,1.0,6.300000000000001,13.422396873619789,-19.094271242686546,23.33992142493725,93.42239687361979,-179.09427124268655,201.9962926134069,0.0,62.0
05_LTAN06_800km_1213COLD_PX_ALL_HEAT_PX_0p5,9498.5,-580.127732719937,-701.3148683816055,910.1597282257017,81.30787592705303,-45.672645603229064,93.25749966714318,-498.8198567928839,-746.9875139848345,898.2269176439306,0.0,nan,nan,nan,nan,-580.127732719937,-701.3148683816055,910.1597282257017,910.1597282257017,nan,1.0,0.1,0.0,0.0,0.0,0.0,0.0,0.0,0.0,0.0,1.0,138.3,21.18014320711609,13.01248601516545,24.8580622448497,-498.8198567928839,-746.9875139848345,898.2269176439306,910.1597282257017,1382.0,1.0,2.0,1.3078759270530327,-5.672645603229057,5.8214643845340825,81.30787592705303,-45.67264560322906,93.25749966714316,0.0,19.0
05_LTAN06_800km_1213COLD_PX_ALL_HEAT_PX_0p5,9559.0,-588.2858024160832,-701.6994703381603,915.6758880724061,88.6435943398746,-141.8624838394846,167.2801576356272,-499.64220807620865,-843.5619541776449,980.4280221552608,1.0,109.5,11.714197583916757,-21.699470338160268,24.659469539950337,-588.2858024160832,-701.6994703381603,915.6758880724061,915.6758880724061,1094.0,1.0,0.1,0.0,0.0,0.0,0.0,0.0,0.0,0.0,0.0,1.0,169.9,20.357791923791353,-3.561954177644907,20.66705614198661,-499.64220807620865,-843.5619541776449,980.4280221552608,915.6758880724061,1698.0,1.0,3.7,8.643594339874596,-21.86248383948464,23.50914551284328,88.6435943398746,-141.86248383948464,167.2801576356272,0.0,36.0
05_LTAN06_800km_1213COLD_PX_ALL_HEAT_PX_0p5,9619.5,-595.9733796295794,-702.110123335251,920.9467381542454,152.900015451163,-17.81535780587863,153.93440713082103,-443.07336417841645,-719.9254811411297,845.3441337352893,1.0,109.5,4.026620370420574,-22.110123335251046,22.473789745111944,-595.9733796295794,-702.110123335251,920.9467381542454,920.9467381542454,1094.0,1.0,0.1,0.0,0.0,0.0,0.0,0.0,0.0,0.0,0.0,1.0,124.10000000000001,-3.0733641784164547,0.07451885887030585,3.0742674629089746,-443.07336417841645,-719.9254811411297,845.3441337352893,920.9467381542454,1240.0,1.0,7.2,-7.099984548837028,22.184642194121352,23.293091891694285,152.90001545116297,-17.815357805878648,153.934407130821,0.0,71.0
05_LTAN06_800km_1213COLD_PX_ALL_HEAT_PX_0p5,9680.0,-603.1992102381653,-702.5149949683324,925.9463296472978,105.25247557244194,-65.62151569249664,124.03332993960966,-497.94673466572334,-768.1365106608291,915.4150149382795,1.0,109.5,-3.1992102381652785,-22.514994968332417,22.741150906935548,-603.1992102381653,-702.5149949683324,925.9463296472978,925.9463296472978,1094.0,1.0,0.1,0.0,0.0,0.0,0.0,0.0,0.0,0.0,0.0,1.0,138.3,22.05326533427666,-8.136510660829117,23.506367597691366,-497.94673466572334,-768.1365106608291,915.4150149382795,925.9463296472978,1382.0,1.0,4.0,-14.747524427558062,14.3784843075033,20.59685140312811,105.25247557244194,-65.6215156924967,124.03332993960969,0.0,39.0
05_LTAN06_800km_1213COLD_PX_ALL_HEAT_PX_0p5,9740.5,-609.9818042528716,-702.9145254729287,930.6807356126059,205.23169685805,-1.3922286569709819,205.23641902905007,-404.7501073948216,-704.3067541298997,812.3242292023023,1.0,109.5,-9.981804252871598,-22.914525472928744,24.994237211648326,-609.9818042528716,-702.9145254729287,930.6807356126059,930.6807356126059,1094.0,1.0,0.1,0.0,0.0,0.0,0.0,0.0,0.0,0.0,0.0,1.0,110.5,-4.750107394821612,-24.306754129899673,24.76654631945548,-404.7501073948216,-704.3067541298997,812.3242292023023,930.6807356126059,1104.0,1.0,11.200000000000001,5.231696858049986,-1.3922286569709286,5.41377434400633,205.23169685805,-1.3922286569709286,205.23641902905007,0.0,111.0
05_LTAN06_800km_1213COLD_PX_ALL_HEAT_PX_0p5,9801.0,-616.3412943464002,-703.2892734548711,935.1429801229738,207.34143174120385,-27.745074405356743,209.18952763045064,-408.99986260519637,-731.0343478602279,837.6706425335068,1.0,123.30000000000001,-16.34129434640022,16.710726545128864,23.37276797004938,-616.3412943464002,-703.2892734548711,935.1429801229738,935.1429801229738,1232.0,1.0,0.1,0.0,0.0,0.0,0.0,0.0,0.0,0.0,0.0,1.0,124.30000000000001,-8.99986260519637,-11.034347860227854,14.23918395179046,-408.99986260519637,-731.0343478602279,837.6706425335068,935.1429801229738,1242.0,1.0,11.0,7.341431741203849,12.254925594643282,14.285650889651418,207.34143174120385,-27.745074405356718,209.18952763045064,0.0,109.0
05_LTAN06_800km_1213COLD_PX_ALL_HEAT_PX_0p5,9861.5,-622.2984098863462,-703.6085488462599,939.3190623832854,249.5906077170141,32.49506929454398,251.69704207440668,-372.7078021693321,-671.1134795517158,767.6616495787094,1.0,123.10000000000001,17.701590113653765,16.39145115374015,24.125214268007113,-622.2984098863462,-703.6085488462599,939.3190623832854,939.3190623832854,1230.0,1.0,0.1,0.0,0.0,0.0,0.0,0.0,0.0,0.0,0.0,1.0,110.7,-12.707802169332126,8.886520448284159,15.506723756250215,-372.7078021693321,-671.1134795517158,767.6616495787094,939.3190623832854,1106.0,1.0,16.0,9.590607717014109,-7.50493070545599,12.178002351590623,249.5906077170141,32.49506929454401,251.69704207440668,0.0,159.0
05_LTAN06_800km_1213COLD_PX_ALL_HEAT_PX_0p5,9922.0,-627.8686486028721,-703.8732721196611,943.2161062571162,193.0848475415372,10.37222723950098,193.36323706445987,-434.7838010613349,-693.5010448801602,818.5234589889384,1.0,123.10000000000001,12.1313513971279,16.126727880338876,20.18021404363929,-627.8686486028721,-703.8732721196611,943.2161062571162,943.2161062571162,1230.0,1.0,0.1,0.0,0.0,0.0,0.0,0.0,0.0,0.0,0.0,1.0,110.30000000000001,5.216198938665116,-13.50104488016018,14.473663814799295,-434.7838010613349,-693.5010448801602,818.5234589889384,943.2161062571162,1102.0,1.0,11.200000000000001,-6.915152458462785,10.372227239500944,12.466051156305644,193.08484754153721,10.372227239500944,193.3632370644599,0.0,111.0
05_LTAN06_800km_1213COLD_PX_ALL_HEAT_PX_0p5,9982.5,-633.0782109880796,-704.0555293379824,946.8274444793276,227.03107216066084,-119.91427893107848,256.7538549233092,-406.04713882741873,-823.9698082690609,918.5861548536892,1.0,123.10000000000001,6.921789011920396,15.94447066201758,17.382097336555255,-633.0782109880796,-704.0555293379824,946.8274444793276,946.8274444793276,1230.0,1.0,0.1,0.0,0.0,0.0,0.0,0.0,0.0,0.0,0.0,1.0,154.3,-6.047138827418735,-23.969808269060877,24.720833247558918,-406.04713882741873,-823.9698082690609,918.5861548536892,946.8274444793276,1542.0,1.0,15.200000000000001,-12.96892783933913,0.08572106892154352,12.96921113266503,227.03107216066087,-119.91427893107846,256.7538549233092,0.0,151.0
05_LTAN06_800km_1213COLD_PX_ALL_HEAT_PX_0p5,10043.0,-637.948517360541,-704.1402630458432,950.1535775045958,220.19967071638686,-330.03508487588743,396.7506171799099,-417.7488466441541,-1034.1753479217307,1115.3621605207672,1.0,109.30000000000001,2.051482639458982,-24.1402630458432,24.22727555757156,-637.948517360541,-704.1402630458432,950.1535775045958,950.1535775045958,1092.0,1.0,0.1,0.0,0.0,0.0,0.0,0.0,0.0,0.0,0.0,1.0,263.3,22.251153355845872,5.82465207826931,23.00087818971828,-417.7488466441541,-1034.1753479217307,1115.3621605207672,950.1535775045958,2632.0,1.0,25.3,20.19967071638689,-10.035084875887492,22.55503548028076,220.1996707163869,-330.0350848758875,396.75061717990997,0.0,252.0
05_LTAN06_800km_1213COLD_PX_ALL_HEAT_PX_0p5,10103.5,-642.4930573879782,-704.131602323041,953.204407344912,285.3761429584614,-323.9774724057761,431.74175799461835,-357.1169144295168,-1028.1090747288172,1088.3660965462877,1.0,109.30000000000001,-2.493057387978183,-24.131602323040966,24.26004051557105,-642.4930573879782,-704.131602323041,953.204407344912,953.204407344912,1092.0,1.0,0.1,0.0,0.0,0.0,0.0,0.0,0.0,0.0,0.0,1.0,263.7,2.8830855704832175,11.890925271182823,12.235452023181768,-357.1169144295168,-1028.1090747288172,1088.3660965462877,953.204407344912,2636.0,1.0,25.700000000000003,5.376142958461401,-3.9774724057762114,6.687540642756895,285.3761429584614,-323.9774724057762,431.74175799461847,0.0,256.0
05_LTAN06_800km_1213COLD_PX_ALL_HEAT_PX_0p5,10164.0,-646.7411463285856,-704.0050559752427,955.9797221662799,336.1379074545595,-231.19178586242276,407.96854618730885,-310.6032388740261,-935.1968418376655,985.42757470155,1.0,109.30000000000001,-6.741146328585614,-24.005055975242726,24.933627217032416,-646.7411463285856,-704.0050559752427,955.9797221662799,955.9797221662799,1092.0,1.0,0.1,0.0,0.0,0.0,0.0,0.0,0.0,0.0,0.0,1.0,205.70000000000002,9.39676112597391,-15.196841837665488,17.867375898481416,-310.6032388740261,-935.1968418376655,985.42757470155,955.9797221662799,2056.0,1.0,26.200000000000003,16.137907454559524,8.808214137577238,18.38523030329899,336.1379074545595,-231.19178586242276,407.96854618730885,0.0,261.0
05_LTAN06_800km_1213COLD_PX_ALL_HEAT_PX_0p5,10224.5,-650.7086821825959,-703.758353888364,958.4871463590268,400.982710108372,-264.5915605491851,480.4121436014162,-249.72597207422393,-968.3499144375492,1000.0323084378949,1.0,123.10000000000001,-10.708682182595908,16.241646111635987,19.45422685442594,-650.7086821825959,-703.758353888364,958.4871463590268,958.4871463590268,1230.0,1.0,0.1,0.0,0.0,0.0,0.0,0.0,0.0,0.0,0.0,1.0,224.70000000000002,-9.725972074223932,-8.34991443754916,12.818564814478089,-249.72597207422393,-968.3499144375492,1000.0323084378949,958.4871463590268,2246.0,1.0,40.800000000000004,0.9827101083719754,15.408439450814853,15.439744993571752,400.982710108372,-264.59156054918515,480.41214360141623,0.0,407.0
05_LTAN06_800km_1213COLD_PX_ALL_HEAT_PX_0p5,10285.0,-654.4095110267158,-703.3931732427071,960.7360533917056,382.14885725481633,-276.130960508252,471.47222235500976,-272.26065377189946,-979.5241337509591,1016.6579524072336,1.0,123.10000000000001,-14.40951102671579,16.60682675729288,21.986830216649754,-654.4095110267158,-703.3931732427071,960.7360533917056,960.7360533917056,1230.0,1.0,0.1,0.0,0.0,0.0,0.0,0.0,0.0,0.0,0.0,1.0,224.5,7.739346228100544,-19.524133750959095,21.002125577277987,-272.26065377189946,-979.5241337509591,1016.6579524072336,960.7360533917056,2244.0,1.0,33.0,22.148857254816335,3.869039491748026,22.484246580282292,382.14885725481633,-276.130960508252,471.47222235500976,0.0,329.0
05_LTAN06_800km_1213COLD_PX_ALL_HEAT_PX_0p5,10345.5,-657.8855641036781,-702.8761394020116,962.7296000418243,331.7283123205207,-221.3789251243107,398.81361772664695,-326.15725178315745,-924.2550645263224,980.1152877051242,1.0,123.10000000000001,-17.88556410367812,17.12386059798837,24.76126016757059,-657.8855641036781,-702.8761394020116,962.7296000418243,962.7296000418243,1230.0,1.0,0.1,0.0,0.0,0.0,0.0,0.0,0.0,0.0,0.0,1.0,205.70000000000002,-6.157251783157449,-4.255064526322371,7.484472168721226,-326.15725178315745,-924.2550645263224,980.1152877051242,962.7296000418243,2056.0,1.0,26.200000000000003,11.728312320520672,18.62107487568926,22.006765764503033,331.7283123205207,-221.37892512431074,398.81361772664695,0.0,261.0
05_LTAN06_800km_1213COLD_PX_ALL_HEAT_PX_0p5,10406.0,-661.1453324354306,-702.2139062454216,964.4778487480207,12.856502050385622,-30.88366715350536,33.45281067145294,-648.288830385045,-733.097573398927,978.626823526417,0.0,nan,nan,nan,nan,-661.1453324354306,-702.2139062454216,964.4778487480207,964.4778487480207,nan,1.0,0.1,0.0,0.0,0.0,0.0,0.0,0.0,0.0,0.0,1.0,123.10000000000001,-8.288830385045003,-13.097573398927011,15.500036712612191,-648.288830385045,-733.097573398927,978.626823526417,964.4778487480207,1230.0,1.0,0.5,12.856502050385643,9.116332846494629,15.760620848800567,12.856502050385643,-30.88366715350537,33.45281067145296,0.0,4.0
05_LTAN06_800km_1213COLD_PX_ALL_HEAT_PX_0p5,10466.5,-664.2055361438114,-701.4087439089684,965.9933852134003,-401.70557355836047,295.5648957131146,498.7243481180317,-1065.9111097021719,-405.8438481958538,1140.5593903453405,1.0,122.9,15.7944638561886,18.591256091031596,24.394669326448504,-664.2055361438114,-701.4087439089684,965.9933852134003,965.9933852134003,1228.0,1.0,0.1,0.0,0.0,0.0,0.0,0.0,0.0,0.0,0.0,1.0,295.3,14.08889029782813,-5.843848195853809,15.252783075898622,-1065.9111097021719,-405.8438481958538,1140.5593903453405,965.9933852134003,2952.0,1.0,43.7,-1.70557355836047,15.564895713114595,15.658063728415192,-401.70557355836047,295.5648957131146,498.7243481180317,0.0,436.0
05_LTAN06_800km_1213COLD_PX_ALL_HEAT_PX_0p5,10527.0,-667.0954317861689,-700.4562869137087,967.292781419832,-474.6712901549627,159.6599475317437,500.803486951934,-1141.7667219411317,-540.796339381965,1263.3653185128721,1.0,109.10000000000001,12.904568213831112,-20.45628691370871,24.186515976497947,-667.0954317861689,-700.4562869137087,967.292781419832,967.292781419832,1090.0,1.0,0.1,0.0,0.0,0.0,0.0,0.0,0.0,0.0,0.0,0.0,nan,nan,nan,nan,-1141.7667219411317,-540.796339381965,1263.3653185128721,967.292781419832,nan,1.0,61.1,5.328709845037224,-0.3400524682563173,5.339549072137445,-474.6712901549628,159.65994753174368,500.8034869519341,0.0,610.0
05_LTAN06_800km_1213COLD_PX_ALL_HEAT_PX_0p5,10587.5,-669.8230374821404,-699.3624214931602,968.3856143802311,-501.57548928444845,106.46721321089005,512.7506596191047,-1171.398526766589,-592.8952082822702,1312.8972680735578,1.0,109.10000000000001,10.176962517859579,-19.36242149316024,21.87404700024009,-669.8230374821404,-699.3624214931602,968.3856143802311,968.3856143802311,1090.0,1.0,0.1,0.0,0.0,0.0,0.0,0.0,0.0,0.0,0.0,1.0,339.5,-11.39852676658893,7.104791717729768,13.431473403948123,-1171.398526766589,-592.8952082822702,1312.8972680735578,968.3856143802311,3394.0,1.0,71.10000000000001,18.42451071555149,-13.532786789109991,22.860422423633857,-501.5754892844485,106.46721321089001,512.7506596191048,0.0,710.0
05_LTAN06_800km_1213COLD_PX_ALL_HEAT_PX_0p5,10648.0,-672.4142918504658,-698.1304693008503,969.2920777820218,-567.7394525698095,152.07704186876686,587.754636449447,-1240.1537444202754,-546.0534274320835,1355.0482114707047,1.0,109.10000000000001,7.5857081495341845,-18.130469300850336,19.653419173237666,-672.4142918504658,-698.1304693008503,969.2920777820218,969.2920777820218,1090.0,1.0,0.1,0.0,0.0,0.0,0.0,0.0,0.0,0.0,0.0,1.0,388.1,-0.1537444202754159,13.946572567916519,13.947419967109594,-1240.1537444202754,-546.0534274320835,1355.0482114707047,969.2920777820218,3880.0,1.0,82.30000000000001,-7.7394525698096,-7.922958131233145,11.075756932580537,-567.7394525698096,152.07704186876686,587.7546364494472,0.0,822.0
05_LTAN06_800km_1213COLD_PX_ALL_HEAT_PX_0p5,10708.5,-674.8937656716912,-696.7642867336477,970.031992364151,-474.9681640672192,54.85824340149622,478.1256986886217,-1149.8619297389105,-641.9060433321515,1316.90008198391,1.0,109.10000000000001,5.106234328308801,-16.764286733647737,17.524695110145476,-674.8937656716912,-696.7642867336477,970.031992364151,970.031992364151,1090.0,1.0,0.1,0.0,0.0,0.0,0.0,0.0,0.0,0.0,0.0,1.0,339.3,10.138070261089524,-1.906043332151512,10.315690466606055,-1149.8619297389105,-641.9060433321515,1316.90008198391,970.031992364151,3392.0,1.0,60.5,5.031835932780723,14.858243401496225,15.687153018713413,-474.9681640672193,54.858243401496225,478.12569868862175,0.0,604.0
05_LTAN06_800km_1213COLD_PX_ALL_HEAT_PX_0p5,10769.0,-677.2660356085768,-695.270145580923,970.6131352526999,-574.0850005510456,67.70830426562603,578.0640123067865,-1251.3510361596223,-627.561841315297,1399.8975963879666,1.0,109.10000000000001,2.7339643914232283,-15.270145580922986,15.512959335863417,-677.2660356085768,-695.270145580923,970.6131352526999,970.6131352526999,1090.0,1.0,0.1,0.0,0.0,0.0,0.0,0.0,0.0,0.0,0.0,1.0,387.70000000000005,-11.351036159622254,12.438158684703012,16.83905618979,-1251.3510361596223,-627.561841315297,1399.8975963879666,970.6131352526999,3876.0,1.0,81.9,-14.085000551045482,-12.291695734374002,18.694197617158636,-574.0850005510455,67.708304265626,578.0640123067864,0.0,818.0
05_LTAN06_800km_1213COLD_PX_ALL_HEAT_PX_0p5,10829.5,-679.5533301573619,-693.6876811382367,971.0794650752864,-522.0260328714562,98.21740136709522,531.1853131693456,-1201.579363028818,-595.4702797711415,1341.0360993453762,1.0,109.10000000000001,0.4466698426381299,-13.687681138236712,13.694967283289268,-679.5533301573619,-693.6876811382367,971.0794650752864,971.0794650752864,1090.0,1.0,0.1,0.0,0.0,0.0,0.0,0.0,0.0,0.0,0.0,1.0,363.3,-1.5793630288180793,4.529720228858537,4.7971609237681045,-1201.579363028818,-595.4702797711415,1341.0360993453762,971.0794650752864,3632.0,1.0,70.9,-2.0260328714562093,18.21740136709525,18.32971690359851,-522.0260328714562,98.21740136709525,531.1853131693456,0.0,708.0
05_LTAN06_800km_1213COLD_PX_ALL_HEAT_PX_0p5,10890.0,-681.7672472751105,-692.0323183331491,971.4501063228284,-525.3949929777914,-83.41980747143224,531.976280415494,-1207.162240252902,-775.4521258045813,1434.7705996803982,1.0,109.10000000000001,-1.7672472751105488,-12.032318333149078,12.161408117550412,-681.7672472751105,-692.0323183331491,971.4501063228284,971.4501063228284,1090.0,1.0,0.1,0.0,0.0,0.0,0.0,0.0,0.0,0.0,0.0,1.0,362.5,-7.162240252901938,-15.452125804581328,17.031320480834626,-1207.162240252902,-775.4521258045813,1434.7705996803982,971.4501063228284,3624.0,1.0,70.10000000000001,-5.394992977791389,-3.41980747143225,6.3875685806167475,-525.3949929777914,-83.41980747143225,531.976280415494,0.0,700.0
05_LTAN06_800km_1213COLD_PX_ALL_HEAT_PX_0p5,10950.5,-683.9119850981779,-690.305497888397,971.7290176668997,-581.2411876778809,-87.71161642567534,587.8219508568886,-1265.153172776059,-778.0171143140724,1485.2350590902859,1.0,109.10000000000001,-3.9119850981778654,-10.305497888396985,11.023017469645977,-683.9119850981779,-690.305497888397,971.7290176668997,971.7290176668997,1090.0,1.0,0.1,0.0,0.0,0.0,0.0,0.0,0.0,0.0,0.0,1.0,412.5,14.84682722394109,-18.017114314072387,23.346192126852515,-1265.153172776059,-778.0171143140724,1485.2350590902859,971.7290176668997,4124.0,1.0,81.10000000000001,-21.241187677881044,-7.711616425675402,22.59772293536922,-581.241187677881,-87.7116164256754,587.8219508568887,0.0,810.0
05_LTAN06_800km_1213COLD_PX_ALL_HEAT_PX_0p5,11011.0,-686.0260184571499,-688.55240387841,971.975365370392,-607.0384951905418,38.731261621989475,608.2728378532354,-1293.0645136476917,-649.8211422564206,1447.163899970691,1.0,109.10000000000001,-6.026018457149917,-8.552403878410018,10.462146555337206,-686.0260184571499,-688.55240387841,971.975365370392,971.975365370392,1090.0,1.0,0.1,0.0,0.0,0.0,0.0,0.0,0.0,0.0,0.0,1.0,413.1,-13.064513647691683,-9.821142256420558,16.34430641145631,-1293.0645136476917,-649.8211422564206,1447.163899970691,971.975365370392,4130.0,1.0,93.5,-7.0384951905417665,-1.2687383780105392,7.151930621805303,-607.0384951905418,38.73126162198946,608.2728378532354,0.0,934.0
05_LTAN06_800km_1213COLD_PX_ALL_HEAT_PX_0p5,11071.5,-688.1127597500747,-686.7786097053115,972.195468452525,-521.467098026487,17.846959394504097,521.7724104279516,-1209.5798577765618,-668.9316503108074,1382.2275446272613,1.0,109.10000000000001,-8.112759750074702,-6.77860970531151,10.571963880915197,-688.1127597500747,-686.7786097053115,972.195468452525,972.195468452525,1090.0,1.0,0.1,0.0,0.0,0.0,0.0,0.0,0.0,0.0,0.0,1.0,362.90000000000003,-9.579857776561767,11.068349689192587,14.63837558820652,-1209.5798577765618,-668.9316503108074,1382.2275446272613,972.195468452525,3628.0,1.0,70.5,-1.467098026487065,17.846959394504097,17.907158798882648,-521.4670980264871,17.846959394504097,521.7724104279517,0.0,704.0
05_LTAN06_800km_1213COLD_PX_ALL_HEAT_PX_0p5,11132.0,-690.1760143339344,-685.0018977504805,972.4045098021887,-533.5316767844118,-27.75156402451121,534.2529358255251,-1223.7076911183462,-712.7534617749917,1416.1490071932503,1.0,109.10000000000001,-10.176014333934404,-5.0018977504804525,11.338882168481152,-690.1760143339344,-685.0018977504805,972.4045098021887,972.4045098021887,1090.0,1.0,0.1,0.0,0.0,0.0,0.0,0.0,0.0,0.0,0.0,1.0,362.70000000000005,-23.707691118346247,7.246538225008294,24.790460552587962,-1223.7076911183462,-712.7534617749917,1416.1490071932503,972.4045098021887,3626.0,1.0,70.3,-13.531676784411843,12.248435975488746,18.251861834986517,-533.5316767844118,-27.751564024511254,534.2529358255251,0.0,702.0
05_LTAN06_800km_1213COLD_PX_ALL_HEAT_PX_0p5,11192.5,-692.2301305298702,-683.3001969006405,972.6673186130266,-452.59687709438816,15.473455320989597,452.86130434732814,-1144.8270076242584,-667.8267415796508,1325.3759595506506,1.0,109.10000000000001,-12.230130529870166,-3.300196900640458,12.667572473077042,-692.2301305298702,-683.3001969006405,972.6673186130266,972.6673186130266,1090.0,1.0,0.1,0.0,0.0,0.0,0.0,0.0,0.0,0.0,0.0,1.0,339.1,15.172992375741615,12.173258420349157,19.452709790744187,-1144.8270076242584,-667.8267415796508,1325.3759595506506,972.6673186130266,3390.0,1.0,50.900000000000006,-12.59687709438822,15.473455320989615,19.952672304776232,-452.5968770943882,15.473455320989615,452.8613043473282,0.0,508.0
05_LTAN06_800km_1213COLD_PX_ALL_HEAT_PX_0p5,11253.0,-694.276636181053,-681.6706332641089,972.982476615879,-506.2508722529358,0.7775384185589544,506.2514693537695,-1200.5275084339887,-680.89309484555,1380.1745198035906,1.0,109.10000000000001,-14.27663618105305,-1.6706332641089148,14.374051486943415,-694.276636181053,-681.6706332641089,972.982476615879,972.982476615879,1090.0,1.0,0.1,0.0,0.0,0.0,0.0,0.0,0.0,0.0,0.0,1.0,362.90000000000003,-0.5275084339887144,-0.8930948455499674,1.037248066316417,-1200.5275084339887,-680.89309484555,1380.1745198035906,972.982476615879,3628.0,1.0,70.5,13.749127747064335,0.7775384185589473,13.771095809608964,-506.25087225293566,0.7775384185589473,506.2514693537694,0.0,704.0
05_LTAN06_800km_1213COLD_PX_ALL_HEAT_PX_0p5,11313.5,-696.3237090635116,-680.1389058927502,973.3733297727822,-478.93437251156547,101.08935263142602,489.4866600720471,-1175.258081575077,-579.0495532613243,1310.1640902725392,1.0,109.10000000000001,-16.323709063511615,-0.13890589275024467,16.324300059641516,-696.3237090635116,-680.1389058927502,973.3733297727822,973.3733297727822,1090.0,1.0,0.1,0.0,0.0,0.0,0.0,0.0,0.0,0.0,0.0,1.0,339.70000000000005,-15.258081575077085,-19.049553261324263,24.406854217775315,-1175.258081575077,-579.0495532613243,1310.1640902725392,973.3733297727822,3396.0,1.0,60.7,1.0656274884345294,21.08935263142598,21.11625810499439,-478.93437251156547,101.08935263142598,489.4866600720471,0.0,606.0
05_LTAN06_800km_1213COLD_PX_ALL_HEAT_PX_0p5,11374.0,-698.3828592243859,-678.746608271929,973.8765713883232,-447.15270409719614,17.518796989235934,447.4957530853055,-1145.535563321582,-661.227811282693,1322.676810580799,1.0,109.10000000000001,-18.382859224385925,1.2533917280710511,18.425539451738928,-698.3828592243859,-678.746608271929,973.8765713883232,973.8765713883232,1090.0,1.0,0.1,0.0,0.0,0.0,0.0,0.0,0.0,0.0,0.0,1.0,339.1,14.464436678417997,18.772188717307017,23.69841761937182,-1145.535563321582,-661.227811282693,1322.676810580799,973.8765713883232,3390.0,1.0,50.900000000000006,-7.152704097196079,17.518796989235966,18.92272242178986,-447.1527040971961,17.518796989235966,447.4957530853054,0.0,508.0
05_LTAN06_800km_1213COLD_PX_ALL_HEAT_PX_0p5,11434.5,-700.4544141880622,-677.4894911505951,974.4887875060614,-424.5288562997334,2.6033044193152115,424.5368382426421,-1124.9832704877956,-674.8861867312798,1311.891277476188,1.0,109.10000000000001,-20.454414188062174,2.510508849404914,20.60790417436328,-700.4544141880622,-677.4894911505951,974.4887875060614,974.4887875060614,1090.0,1.0,0.1,0.0,0.0,0.0,0.0,0.0,0.0,0.0,0.0,1.0,316.1,-4.9832704877956076,5.1138132687201505,7.140313081502305,-1124.9832704877956,-674.8861867312798,1311.891277476188,974.4887875060614,3160.0,1.0,42.300000000000004,-24.528856299733434,2.6033044193152364,24.666616818538348,-424.52885629973343,2.6033044193152364,424.5368382426422,0.0,422.0
05_LTAN06_800km_1213COLD_PX_ALL_HEAT_PX_0p5,11495.0,-702.544995403812,-676.4119483806303,975.2448894913639,-433.4188266681203,-53.05308391372504,436.6537633218416,-1135.9638220719323,-729.4650322943553,1350.0122363876847,1.0,109.10000000000001,-22.54499540381198,3.5880516193697076,22.828730411066775,-702.544995403812,-676.4119483806303,975.2448894913639,975.2448894913639,1090.0,1.0,0.1,0.0,0.0,0.0,0.0,0.0,0.0,0.0,0.0,1.0,315.90000000000003,-15.963822071932327,-9.465032294355296,18.558837557279883,-1135.9638220719323,-729.4650322943553,1350.0122363876847,975.2448894913639,3158.0,1.0,50.7,6.581173331879654,-13.053083913725004,14.618305034544546,-433.41882666812035,-53.053083913725004,436.65376332184167,0.0,506.0
05_LTAN06_800km_1213COLD_PX_ALL_HEAT_PX_0p5,11555.5,-704.6575497980964,-675.538816234713,976.1633852625563,-471.38680585763296,-87.5577114670293,479.44955268933694,-1176.0443556557293,-763.0965277017423,1401.9260455031697,1.0,130.1,15.342450201903603,4.461183765287046,15.977889059120189,-704.6575497980964,-675.538816234713,976.1633852625563,976.1633852625563,1300.0,1.0,0.1,0.0,0.0,0.0,0.0,0.0,0.0,0.0,0.0,1.0,338.70000000000005,-16.044355655729305,-3.096527701742275,16.34043549649734,-1176.0443556557293,-763.0965277017423,1401.9260455031697,976.1633852625563,3386.0,1.0,59.900000000000006,8.613194142367092,-7.557711467029321,11.458888076640477,-471.3868058576329,-87.55771146702932,479.44955268933694,0.0,598.0
05_LTAN06_800km_1213COLD_PX_ALL_HEAT_PX_0p5,11616.0,-706.7907385638936,-674.8628624547523,977.2374487504642,-468.6138496514949,-26.859466374288136,469.382968394791,-1175.4045882153885,-701.7223288290404,1368.9376073346218,1.0,130.1,13.20926143610643,5.137137545247697,14.173029663632333,-706.7907385638936,-674.8628624547523,977.2374487504642,977.2374487504642,1300.0,1.0,0.1,0.0,0.0,0.0,0.0,0.0,0.0,0.0,0.0,1.0,338.90000000000003,-15.404588215388458,18.277671170959593,23.903443298391394,-1175.4045882153885,-701.7223288290404,1368.9376073346218,977.2374487504642,3388.0,1.0,60.1,11.386150348505112,13.140533625711896,17.387295469026462,-468.6138496514949,-26.859466374288104,469.382968394791,0.0,600.0
05_LTAN06_800km_1213COLD_PX_ALL_HEAT_PX_0p5,11676.5,-708.9355319319704,-674.4298894307267,978.4913204485813,-398.27984992684486,-94.42944612679575,409.32109541723287,-1107.2153818588154,-768.8593355575224,1347.9876036888163,1.0,130.1,11.064468068029555,5.570110569273311,12.387436594484589,-708.9355319319704,-674.4298894307267,978.4913204485813,978.4913204485813,1300.0,1.0,0.1,0.0,0.0,0.0,0.0,0.0,0.0,0.0,0.0,1.0,315.70000000000005,12.784618141184637,-8.8593355575224,15.554236964142216,-1107.2153818588154,-768.8593355575224,1347.9876036888163,978.4913204485813,3156.0,1.0,41.900000000000006,1.7201500731550823,-14.42944612679571,14.531614906825572,-398.2798499268449,-94.42944612679571,409.321095417233,0.0,418.0
05_LTAN06_800km_1213COLD_PX_ALL_HEAT_PX_0p5,11737.0,-711.0918134365353,-674.2411268538142,979.9248258297988,-345.61194726719856,-17.5351034055083,346.05649530859364,-1056.703760703734,-691.7762302593225,1263.0032425283846,1.0,130.1,8.90818656346471,5.758873146185806,10.607563705363885,-711.0918134365353,-674.2411268538142,979.9248258297988,979.9248258297988,1300.0,1.0,0.1,0.0,0.0,0.0,0.0,0.0,0.0,0.0,0.0,1.0,272.5,-16.703760703733906,-11.77623025932246,20.4375933213328,-1056.703760703734,-691.7762302593225,1263.0032425283846,979.9248258297988,2724.0,1.0,34.5,14.388052732801384,-17.535103405508266,22.682502350572808,-345.6119472671986,-17.535103405508266,346.0564953085937,0.0,344.0
05_LTAN06_800km_1213COLD_PX_ALL_HEAT_PX_0p5,11797.5,-713.2604925800043,-674.288545714305,981.5322578280261,-234.88258317814663,-121.93401300385106,264.64642715831684,-948.143075758151,-796.222558718156,1238.121825637451,1.0,130.1,6.739507419995675,5.711454285695027,8.834119668748032,-713.2604925800043,-674.288545714305,981.5322578280261,981.5322578280261,1300.0,1.0,0.1,0.0,0.0,0.0,0.0,0.0,0.0,0.0,0.0,1.0,231.5,11.856924241849015,3.7774412818439487,12.444103628414771,-948.143075758151,-796.222558718156,1238.121825637451,981.5322578280261,2314.0,1.0,15.3,5.11741682185334,-1.9340130038510779,5.470681970984294,-234.88258317814666,-121.93401300385108,264.64642715831684,0.0,152.0
05_LTAN06_800km_1213COLD_PX_ALL_HEAT_PX_0p5,11858.0,-715.4383970200713,-674.5922785785444,983.3243830234464,-245.74303721557916,-106.34997030885751,267.76847559903763,-961.1814342356505,-780.942248887402,1238.4427906111025,1.0,130.1,4.5616029799286935,5.4077214214555624,7.074720681310585,-715.4383970200713,-674.5922785785444,983.3243830234464,983.3243830234464,1300.0,1.0,0.1,0.0,0.0,0.0,0.0,0.0,0.0,0.0,0.0,1.0,231.5,-1.1814342356504994,19.057751112597998,19.09433592254251,-961.1814342356505,-780.942248887402,1238.4427906111025,983.3243830234464,2314.0,1.0,15.3,-5.743037215579193,13.650029691142436,14.808976569250074,-245.7430372155792,-106.34997030885756,267.7684755990377,0.0,152.0
05_LTAN06_800km_1213COLD_PX_ALL_HEAT_PX_0p5,11918.5,-717.6241880167929,-675.1421027060996,985.2925119339815,-231.73121528273535,-90.85188182906653,248.90444063595191,-949.3554032995282,-765.9939845351662,1219.845263186307,1.0,130.1,2.375811983207086,4.857897293900351,5.40773970320639,-717.6241880167929,-675.1421027060996,985.2925119339815,985.2925119339815,1300.0,1.0,0.1,0.0,0.0,0.0,0.0,0.0,0.0,0.0,0.0,1.0,231.70000000000002,10.644596700471766,-5.993984535166192,12.216189648311206,-949.3554032995282,-765.9939845351662,1219.845263186307,985.2925119339815,2316.0,1.0,15.5,8.26878471726468,-10.851881829066542,13.643171916108605,-231.73121528273532,-90.85188182906654,248.90444063595186,0.0,154.0
05_LTAN06_800km_1213COLD_PX_ALL_HEAT_PX_0p5,11979.0,-719.8089016793012,-675.9230695682818,987.4192883022745,-244.4921263691642,-98.86484253232388,263.72458540199955,-964.3010280484655,-774.7879121006057,1237.0015284681517,1.0,130.1,0.19109832069875665,4.0769304317182105,4.081406658646491,-719.8089016793012,-675.9230695682818,987.4192883022745,987.4192883022745,1300.0,1.0,0.1,0.0,0.0,0.0,0.0,0.0,0.0,0.0,0.0,1.0,231.70000000000002,-4.301028048465469,-14.787912100605695,15.400687860252445,-964.3010280484655,-774.7879121006057,1237.0015284681517,987.4192883022745,2316.0,1.0,15.3,-4.492126369164225,21.135157467676095,21.60726915878092,-244.49212636916423,-98.8648425323239,263.7245854019996,0.0,152.0
05_LTAN06_800km_1213COLD_PX_ALL_HEAT_PX_0p5,12039.5,-721.9707757895416,-676.9125871591901,989.6729013915157,-147.2507580205128,-33.38643123455272,150.98820989797557,-869.2215338100543,-710.2990183937428,1122.52873921794,1.0,130.1,-1.9707757895415625,3.0874128408098613,3.66279609891689,-721.9707757895416,-676.9125871591901,989.6729013915157,989.6729013915157,1300.0,1.0,0.1,0.0,0.0,0.0,0.0,0.0,0.0,0.0,0.0,1.0,194.70000000000002,10.778466189945675,9.700981606257187,14.501185383710613,-869.2215338100543,-710.2990183937428,1122.52873921794,989.6729013915157,1946.0,1.0,7.300000000000001,12.749241979487238,6.613568765447326,14.362536783828272,-147.25075802051276,-33.386431234552674,150.98820989797554,0.0,72.0
05_LTAN06_800km_1213COLD_PX_ALL_HEAT_PX_0p5,12100.0,-724.1119275812426,-678.1004983350168,992.0475641357227,-126.59044539197409,-18.189220813381723,127.89053373231474,-850.7023729732167,-696.2897191483985,1099.324292633442,1.0,130.1,-4.1119275812426395,1.8995016649831769,4.529465201175278,-724.1119275812426,-678.1004983350168,992.0475641357227,992.0475641357227,1300.0,1.0,0.1,0.0,0.0,0.0,0.0,0.0,0.0,0.0,0.0,1.0,177.5,-10.702372973216711,-16.28971914839849,19.490914221542813,-850.7023729732167,-696.2897191483985,1099.324292633442,992.0475641357227,1774.0,1.0,4.3,-6.590445391974072,21.810779186618333,22.78473302876327,-126.59044539197407,-18.189220813381667,127.89053373231471,0.0,42.0
05_LTAN06_800km_1213COLD_PX_ALL_HEAT_PX_0p5,12160.5,-726.227227327545,-679.4526099778444,994.5158796708872,-99.5836953334539,-104.32179983868578,144.2218787072509,-825.8109226609989,-783.7744098165302,1138.5367826598579,1.0,130.1,-6.227227327545052,0.5473900221555823,6.251239559101808,-726.227227327545,-679.4526099778444,994.5158796708872,994.5158796708872,1300.0,1.0,0.1,0.0,0.0,0.0,0.0,0.0,0.0,0.0,0.0,1.0,176.9,14.189077339001074,16.225590183469762,21.55457474723322,-825.8109226609989,-783.7744098165302,1138.5367826598579,994.5158796708872,1768.0,0.0,nan,nan,nan,nan,-99.58369533345387,-104.32179983868582,144.2218787072509,0.0,nan
05_LTAN06_800km_1213COLD_PX_ALL_HEAT_PX_0p5,12221.0,-728.3109632959034,-680.9361658933698,997.0511126710454,-35.0784981831351,-83.46738278712888,90.53896964355907,-763.3894614790386,-764.4035486804987,1080.3130357135362,1.0,130.1,-8.310963295903434,-0.9361658933697754,8.36352303074266,-728.3109632959034,-680.9361658933698,997.0511126710454,997.0511126710454,1300.0,1.0,0.1,0.0,0.0,0.0,0.0,0.0,0.0,0.0,0.0,1.0,137.1,-3.389461479038573,-4.403548680498716,5.556949711794082,-763.3894614790386,-764.4035486804987,1080.3130357135362,997.0511126710454,1370.0,1.0,1.3,4.921501816864861,-3.4673827871289404,6.020292644538319,-35.07849818313514,-83.46738278712894,90.53896964355914,0.0,12.0
05_LTAN06_800km_1213COLD_PX_ALL_HEAT_PX_0p5,12281.5,-730.3635430704293,-682.5452505987902,999.6494006207157,-14.813760236206464,-34.798768905251805,37.82065321562984,-745.1773033066357,-717.344019504042,1034.3460038505323,1.0,130.1,-10.363543070429273,-2.545250598790176,10.671519366204812,-730.3635430704293,-682.5452505987902,999.6494006207157,999.6494006207157,1300.0,1.0,0.1,0.0,0.0,0.0,0.0,0.0,0.0,0.0,0.0,1.0,144.9,14.822696693364264,2.6559804959580333,15.058770522801037,-745.1773033066357,-717.344019504042,1034.3460038505323,999.6494006207157,1448.0,1.0,0.5,-14.813760236206463,5.201231094748209,15.70032793405244,-14.813760236206463,-34.79876890525179,37.820653215629825,0.0,4.0
05_LTAN06_800km_1213COLD_PX_ALL_HEAT_PX_0p5,12342.0,-732.405281481465,-684.2366227850163,1002.2959903652156,-68.94387122730284,-43.686639544874055,81.61972711624726,-801.3491527087677,-727.9232623298903,1082.6046094433786,1.0,130.1,-12.405281481464954,-4.236622785016266,13.10877497163241,-732.405281481465,-684.2366227850163,1002.2959903652156,1002.2959903652156,1300.0,1.0,0.1,0.0,0.0,0.0,0.0,0.0,0.0,0.0,0.0,1.0,160.70000000000002,-1.3491527087677468,-7.923262329890349,8.037306699376028,-801.3491527087677,-727.9232623298903,1082.6046094433786,1002.2959903652156,1606.0,1.0,2.1,11.056128772697207,-3.686639544874083,11.654582556758198,-68.9438712273028,-43.68663954487408,81.61972711624725,0.0,20.0
05_LTAN06_800km_1213COLD_PX_ALL_HEAT_PX_0p5,12402.5,-734.4444586692781,-685.9920888490561,1004.9844818869097,-46.43631174544255,0.5527164134558848,46.4396010313787,-780.8807704147207,-685.4393724356003,1039.038936175347,1.0,130.1,-14.444458669278106,-5.992088849056131,15.638015060213565,-734.4444586692781,-685.9920888490561,1004.9844818869097,1004.9844818869097,1300.0,1.0,0.1,0.0,0.0,0.0,0.0,0.0,0.0,0.0,0.0,1.0,145.1,-20.8807704147207,-5.439372435600262,21.57761213863673,-780.8807704147207,-685.4393724356003,1039.038936175347,1004.9844818869097,1450.0,1.0,0.9,-6.436311745442595,0.5527164134558689,6.460000334227996,-46.436311745442595,0.5527164134558689,46.43960103137874,0.0,8.0
05_LTAN06_800km_1213COLD_PX_ALL_HEAT_PX_0p5,12463.0,-736.4816348798099,-687.8086110864114,1007.7131953089906,-32.21516059623442,-71.73795412806261,78.63937076758175,-768.6967954760444,-759.546565214474,1080.650613336357,1.0,130.1,-16.481634879809917,-7.808611086411361,18.237836916975468,-736.4816348798099,-687.8086110864114,1007.7131953089906,1007.7131953089906,1300.0,1.0,0.1,0.0,0.0,0.0,0.0,0.0,0.0,0.0,0.0,1.0,137.1,-8.696795476044372,0.4534347855260421,8.708608078038125,-768.6967954760444,-759.546565214474,1080.650613336357,1007.7131953089906,1370.0,1.0,1.3,7.784839403765545,8.262045871937403,11.351877665497394,-32.215160596234455,-71.7379541280626,78.63937076758174,0.0,12.0
05_LTAN06_800km_1213COLD_PX_ALL_HEAT_PX_0p5,12523.5,-738.535072475539,-689.6492280212178,1010.4702425043062,39.64809434869821,-71.15493296480406,81.45548398179851,-698.8869781268407,-760.8041609860219,1033.085659356915,1.0,130.1,-18.535072475538982,-9.649228021217823,20.896327741470223,-738.535072475539,-689.6492280212178,1010.4702425043062,1010.4702425043062,1300.0,1.0,0.1,0.0,0.0,0.0,0.0,0.0,0.0,0.0,0.0,1.0,137.3,21.113021873159255,-0.8041609860218841,21.12833092101553,-698.8869781268407,-760.8041609860219,1033.085659356915,1010.4702425043062,1372.0,1.0,1.7000000000000002,-0.3519056513017631,8.845067035195939,8.852064643038256,39.64809434869824,-71.15493296480406,81.45548398179852,0.0,16.0
05_LTAN06_800km_1213COLD_PX_ALL_HEAT_PX_0p5,12584.0,-740.6058847390173,-691.5102943402769,1013.2539482719221,56.36449553018862,-146.8204847480133,157.26795954044252,-684.2413892088287,-838.3307790882902,1082.1204987769188,1.0,130.1,-20.605884739017256,-11.510294340276914,23.602740554382134,-740.6058847390173,-691.5102943402769,1013.2539482719221,1013.2539482719221,1300.0,1.0,0.1,0.0,0.0,0.0,0.0,0.0,0.0,0.0,0.0,1.0,169.10000000000002,-4.24138920882865,1.6692209117097718,4.558034759943952,-684.2413892088287,-838.3307790882902,1082.1204987769188,1013.2539482719221,1690.0,1.0,6.1000000000000005,16.364495530188606,13.179515251986686,21.01181420617726,56.364495530188606,-146.8204847480133,157.26795954044252,0.0,60.0
05_LTAN06_800km_1213COLD_PX_ALL_HEAT_PX_0p5,12644.5,-742.6949230764491,-693.3826422261263,1016.0586780811515,120.54227818464912,-134.06040044178962,180.28486291577096,-622.1526448917999,-827.443042667916,1035.2467833349692,1.0,145.1,17.305076923550928,-13.382642226126336,21.87603255351652,-742.6949230764491,-693.3826422261263,1016.0586780811515,1016.0586780811515,1450.0,1.0,0.1,0.0,0.0,0.0,0.0,0.0,0.0,0.0,0.0,1.0,169.3,17.847355108200077,12.556957332084039,21.822127801797297,-622.1526448917999,-827.443042667916,1035.2467833349692,1016.0586780811515,1692.0,1.0,3.9000000000000004,0.5422781846491489,-14.060400441789625,14.070853784082338,120.54227818464915,-134.06040044178962,180.28486291577096,0.0,38.0
05_LTAN06_800km_1213COLD_PX_ALL_HEAT_PX_0p5,12705.0,-744.8075792834042,-695.2259335129032,1018.860848588703,158.26199697391718,-239.4154454778105,286.99584530008553,-586.5455823094869,-934.6413789907137,1103.4447097378454,1.0,145.1,15.192420716595848,-15.225933512903225,21.509037602119726,-744.8075792834042,-695.2259335129032,1018.860848588703,1018.860848588703,1450.0,1.0,0.1,0.0,0.0,0.0,0.0,0.0,0.0,0.0,0.0,1.0,204.3,13.454417690513083,-14.641378990713747,19.88444955588425,-586.5455823094869,-934.6413789907137,1103.4447097378454,1018.860848588703,2042.0,1.0,14.3,-1.7380030260827652,0.5845545221894781,1.8336735009496696,158.26199697391723,-239.41544547781052,286.9958453000856,0.0,142.0
05_LTAN06_800km_1213COLD_PX_ALL_HEAT_PX_0p5,12765.5,-746.9427400818284,-697.0410122704609,1021.660232047807,188.73260691089695,-218.2294018304205,288.52048234856096,-558.2101331709315,-915.2704141008815,1072.062723772778,1.0,145.1,13.057259918171553,-17.041012270460897,21.46830537729255,-746.9427400818284,-697.0410122704609,1021.660232047807,1021.660232047807,1450.0,1.0,0.1,0.0,0.0,0.0,0.0,0.0,0.0,0.0,0.0,1.0,204.5,1.789866829068501,4.729585899118547,5.056936428603856,-558.2101331709315,-915.2704141008815,1072.062723772778,1021.660232047807,2044.0,1.0,10.3,-11.267393089103052,-18.229401830420557,21.43047451922863,188.73260691089695,-218.22940183042056,288.520482348561,0.0,102.0
05_LTAN06_800km_1213COLD_PX_ALL_HEAT_PX_0p5,12826.0,-749.0962000348636,-698.8085171371326,1024.4405597837635,197.55618224372265,-226.4416132306362,300.50665441085994,-551.5400177911409,-925.2501303677689,1077.1648875500098,1.0,144.9,10.903799965136386,21.19148286286736,23.832158937177915,-749.0962000348636,-698.8085171371326,1024.4405597837635,1024.4405597837635,1448.0,1.0,0.1,0.0,0.0,0.0,0.0,0.0,0.0,0.0,0.0,1.0,204.5,8.45998220885906,-5.250130367768861,9.956664494336476,-551.5400177911409,-925.2501303677689,1077.1648875500098,1024.4405597837635,2044.0,1.0,14.5,-2.4438177562773262,13.558386769363779,13.776868185968649,197.55618224372267,-226.44161323063622,300.50665441086,0.0,144.0
05_LTAN06_800km_1213COLD_PX_ALL_HEAT_PX_0p5,12886.5,-751.2620438938534,-700.4983146739412,1027.1769796177298,272.1171636622137,-135.60257134569505,304.0325773911939,-479.14488023163966,-836.1008860196363,963.6620298917111,1.0,144.9,8.737956106146612,19.501685326058805,21.369782578902438,-751.2620438938534,-700.4983146739412,1027.1769796177298,1027.1769796177298,1448.0,1.0,0.1,0.0,0.0,0.0,0.0,0.0,0.0,0.0,0.0,1.0,170.10000000000002,0.8551197683603391,3.8991139803637225,3.991781513323152,-479.14488023163966,-836.1008860196363,963.6620298917111,1027.1769796177298,1700.0,1.0,20.6,-7.882836337786273,-15.602571345695083,17.480827821525757,272.1171636622137,-135.60257134569508,304.0325773911939,0.0,205.0
05_LTAN06_800km_1213COLD_PX_ALL_HEAT_PX_0p5,12947.0,-753.4391657068833,-702.1133116277749,1029.8707097427352,174.7621896093647,98.20236634325833,200.46328260425912,-578.6769760975186,-603.9109452845166,836.4062843497809,1.0,144.9,6.560834293116727,17.88668837222508,19.051985921337135,-753.4391657068833,-702.1133116277749,1029.8707097427352,1029.8707097427352,1448.0,1.0,0.1,0.0,0.0,0.0,0.0,0.0,0.0,0.0,0.0,1.0,84.30000000000001,21.323023902481395,-3.910945284516629,21.678718628283264,-578.6769760975186,-603.9109452845166,836.4062843497809,1029.8707097427352,842.0,1.0,7.800000000000001,14.762189609364668,18.20236634325829,23.436048782954355,174.76218960936467,98.20236634325829,200.46328260425906,0.0,77.0
05_LTAN06_800km_1213COLD_PX_ALL_HEAT_PX_0p5,13007.5,-755.6163967407716,-703.6436201325741,1032.5068925565492,231.2827531042913,229.60753981361233,325.90080426835425,-524.3336436364804,-474.0360803189618,706.8493299800692,1.0,144.9,4.38360325922838,16.356379867425858,16.933609771748362,-755.6163967407716,-703.6436201325741,1032.5068925565492,1032.5068925565492,1448.0,1.0,0.1,0.0,0.0,0.0,0.0,0.0,0.0,0.0,0.0,1.0,68.10000000000001,-4.33364363648036,5.963919681038192,7.3721642093676545,-524.3336436364804,-474.0360803189618,706.8493299800692,1032.5068925565492,680.0,1.0,14.600000000000001,-8.71724689570874,-10.392460186387666,13.564424874147685,231.28275310429126,229.60753981361233,325.9008042683542,0.0,145.0
05_LTAN06_800km_1213COLD_PX_ALL_HEAT_PX_0p5,13068.0,-757.7872686455794,-705.0840379108361,1035.0773135558409,53.2180699804371,93.66230265590848,107.72553045239415,-704.5691986651423,-611.4217352549276,932.8742112684794,1.0,144.9,2.2127313544206118,14.91596208916394,15.07919444440624,-757.7872686455794,-705.0840379108361,1035.0773135558409,1035.0773135558409,1448.0,1.0,0.1,0.0,0.0,0.0,0.0,0.0,0.0,0.0,0.0,1.0,130.5,15.430801334857733,-11.421735254927626,19.19806412296573,-704.5691986651423,-611.4217352549276,932.8742112684794,1035.0773135558409,1304.0,1.0,1.6,13.218069980437122,13.662302655908434,19.009889212443497,53.21806998043712,93.66230265590843,107.72553045239412,0.0,15.0
05_LTAN06_800km_1213COLD_PX_ALL_HEAT_PX_0p5,13128.5,-759.9520797669433,-706.4375189638763,1037.5842769346207,136.27261352688944,282.851724913968,313.9670738855525,-623.6794662400538,-423.5857940499083,753.9237372111119,1.0,144.9,0.0479202330567432,13.5624810361237,13.56256569399578,-759.9520797669433,-706.4375189638763,1037.5842769346207,1037.5842769346207,1448.0,1.0,0.1,0.0,0.0,0.0,0.0,0.0,0.0,0.0,0.0,1.0,103.7,16.320533759946215,16.414205950091684,23.14705119840472,-623.6794662400538,-423.5857940499083,753.9237372111119,1037.5842769346207,1036.0,1.0,19.0,16.272613526889472,2.8517249139679848,16.520601864957946,136.27261352688947,282.851724913968,313.9670738855525,0.0,189.0
05_LTAN06_800km_1213COLD_PX_ALL_HEAT_PX_0p5,13189.0,-717.8485281694674,-708.430677217008,1008.5536841523208,175.19093916761767,108.14798024197881,205.88309983301534,-542.6575890018497,-600.2826969750292,809.2073746505993,1.0,122.7,2.151471830532614,11.569322782992003,11.767670147256558,-717.8485281694674,-708.430677217008,1008.5536841523208,1008.5536841523208,1226.0,1.0,0.1,0.0,0.0,0.0,0.0,0.0,0.0,0.0,0.0,1.0,84.5,17.342410998150285,-0.2826969750292392,17.344714953220034,-542.6575890018497,-600.2826969750292,809.2073746505993,1008.5536841523208,844.0,1.0,8.0,15.190939167617671,-11.852019758021243,19.267459747947743,175.19093916761767,108.14798024197876,205.8830998330153,0.0,79.0
05_LTAN06_800km_1213COLD_PX_ALL_HEAT_PX_0p5,13249.5,-677.0636398246077,-710.2647923430252,981.2702215060981,143.94431044473706,185.94108952340065,235.14687597873828,-533.1193293798706,-524.3237028196245,747.751004477376,1.0,122.9,2.9363601753923376,9.735207656974808,10.168405932300846,-677.0636398246077,-710.2647923430252,981.2702215060981,981.2702215060981,1228.0,1.0,0.1,0.0,0.0,0.0,0.0,0.0,0.0,0.0,0.0,1.0,62.7,-13.119329379870578,-4.323702819624486,13.813443070066349,-533.1193293798706,-524.3237028196245,747.751004477376,981.2702215060981,626.0,1.0,10.0,-16.055689555262916,-14.058910476599294,21.340996482920197,143.94431044473708,185.9410895234007,235.14687597873834,0.0,99.0
05_LTAN06_800km_1213COLD_PX_ALL_HEAT_PX_0p5,13310.0,-637.6971392549731,-711.9360334538987,955.7774621448485,119.95982144257711,191.45091720116798,225.92877740054158,-517.737317812396,-520.4851162527308,734.1366946939736,1.0,123.10000000000001,2.302860745026919,8.063966546101256,8.386341518661528,-637.6971392549731,-711.9360334538987,955.7774621448485,955.7774621448485,1230.0,1.0,0.1,0.0,0.0,0.0,0.0,0.0,0.0,0.0,0.0,1.0,62.7,2.262682187604014,-0.4851162527307906,2.314102085208008,-517.737317812396,-520.4851162527308,734.1366946939736,955.7774621448485,626.0,1.0,9.8,-0.040178557422905214,-8.549082798832046,8.549177212911344,119.9598214425771,191.45091720116795,225.92877740054152,0.0,97.0
05_LTAN06_800km_1213COLD_PX_ALL_HEAT_PX_0p5,13370.5,-599.783457096317,-713.4211824070494,932.0461248851807,-255.7336600509014,-260.47594690247035,365.0307162387414,-855.5171171472184,-973.8971293095198,1296.2967084002069,1.0,123.30000000000001,0.21654290368303464,6.5788175929506,6.582380401530422,-599.783457096317,-713.4211824070494,932.0461248851807,932.0461248851807,1232.0,1.0,0.1,0.0,0.0,0.0,0.0,0.0,0.0,0.0,0.0,1.0,221.70000000000002,-15.517117147218414,-13.897129309519755,20.830533541078893,-855.5171171472184,-973.8971293095198,1296.2967084002069,932.0461248851807,2216.0,0.0,nan,nan,nan,nan,-255.73366005090145,-260.47594690247035,365.03071623874143,0.0,nan
05_LTAN06_800km_1213COLD_PX_ALL_HEAT_PX_0p5,13431.0,-563.3329690260277,-714.7220618473268,910.0393726004241,-309.13980906391924,-292.87609335773965,425.8448398285083,-872.472778089947,-1007.5981552050664,1332.840122025385,1.0,123.5,-3.3329690260277403,5.277938152673187,6.242220251793713,-563.3329690260277,-714.7220618473268,910.0393726004241,910.0393726004241,1234.0,1.0,0.1,0.0,0.0,0.0,0.0,0.0,0.0,0.0,0.0,1.0,240.9,7.527221910052958,-7.598155205066405,10.695374336761619,-872.472778089947,-1007.5981552050664,1332.840122025385,910.0393726004241,2408.0,1.0,26.1,10.860190936080699,-12.876093357739592,16.84451030233159,-309.1398090639193,-292.8760933577396,425.8448398285083,0.0,260.0
05_LTAN06_800km_1213COLD_PX_ALL_HEAT_PX_0p5,13491.5,-528.3235344176314,-715.8388827966617,889.6915550588927,-278.1774622371716,-364.08780643637556,458.1949708283197,-806.500996654803,-1079.9266892330372,1347.844765439633,1.0,123.7,-8.323534417631436,4.1611172033383355,9.305703712316083,-528.3235344176314,-715.8388827966617,889.6915550588927,889.6915550588927,1236.0,1.0,0.1,0.0,0.0,0.0,0.0,0.0,0.0,0.0,0.0,1.0,282.5,-6.500996654802975,0.07331076696277705,6.501409998939626,-806.500996654803,-1079.9266892330372,1347.844765439633,889.6915550588927,2824.0,1.0,29.5,1.8225377628284605,-4.087806436375558,4.475690489545631,-278.17746223717154,-364.08780643637556,458.19497082831964,0.0,294.0
05_LTAN06_800km_1213COLD_PX_ALL_HEAT_PX_0p5,13552.0,-494.7064261876914,-716.7685712182632,870.9142511164163,-340.4995848198736,-327.90505899751264,472.71735210236204,-835.2060110075649,-1044.6736302157758,1337.5021773781814,1.0,123.9,-14.70642618769142,3.2314287817367813,15.05726081282558,-494.7064261876914,-716.7685712182632,870.9142511164163,870.9142511164163,1238.0,1.0,0.1,0.0,0.0,0.0,0.0,0.0,0.0,0.0,0.0,1.0,261.3,4.793988992435061,-4.673630215775802,6.69515868769375,-835.2060110075649,-1044.6736302157758,1337.5021773781814,870.9142511164163,2612.0,1.0,22.700000000000003,-20.49958481987352,-7.905058997512583,21.97095663691828,-340.4995848198735,-327.9050589975126,472.71735210236193,0.0,226.0
05_LTAN06_800km_1213COLD_PX_ALL_HEAT_PX_0p5,13612.5,-462.44646886181187,-717.5149760302103,853.6301760073808,-390.7145452103171,-364.8163260212391,534.5547750890829,-853.161014072129,-1082.3313020514493,1378.1599193609459,1.0,123.9,17.553531138188134,2.4850239697897223,17.728558868384365,-462.44646886181187,-717.5149760302103,853.6301760073808,853.6301760073808,1238.0,1.0,0.1,0.0,0.0,0.0,0.0,0.0,0.0,0.0,0.0,1.0,282.3,-13.161014072128978,-2.3313020514492564,13.365899171468731,-853.161014072129,-1082.3313020514493,1378.1599193609459,853.6301760073808,2822.0,1.0,40.5,9.285454789682888,-4.816326021238979,10.460242205327205,-390.7145452103171,-364.816326021239,534.5547750890828,0.0,404.0
05_LTAN06_800km_1213COLD_PX_ALL_HEAT_PX_0p5,13673.0,-431.4876487667694,-718.0798069132585,837.7470979566909,-321.2244955073921,-335.9380602116042,464.8005559513822,-752.7121442741615,-1054.0178671248627,1295.1946712198328,1.0,124.10000000000001,8.512351233230618,1.9201930867415058,8.726240026967668,-431.4876487667694,-718.0798069132585,837.7470979566909,837.7470979566909,1240.0,1.0,0.1,0.0,0.0,0.0,0.0,0.0,0.0,0.0,0.0,1.0,261.7,7.28785572583854,-14.017867124862732,15.799159465330582,-752.7121442741615,-1054.0178671248627,1295.1946712198328,837.7470979566909,2616.0,1.0,22.700000000000003,-1.2244955073920778,-15.938060211604238,15.98502901330947,-321.2244955073921,-335.93806021160424,464.8005559513822,0.0,226.0
05_LTAN06_800km_1213COLD_PX_ALL_HEAT_PX_0p5,13733.5,-401.77132920148466,-718.4661451108894,823.1730089348347,-284.0041407620784,-324.5870914943316,431.2947158669534,-685.7754699635631,-1043.0532366052212,1248.2980612002782,1.0,124.30000000000001,-1.7713292014846616,1.5338548891105575,2.3431427529880993,-401.77132920148466,-718.4661451108894,823.1730089348347,823.1730089348347,1242.0,1.0,0.1,0.0,0.0,0.0,0.0,0.0,0.0,0.0,0.0,1.0,262.1,-5.775469963563069,-3.053236605221173,6.532863619231746,-685.7754699635631,-1043.0532366052212,1248.2980612002782,823.1730089348347,2620.0,1.0,22.900000000000002,-4.004140762078407,-4.58709149433173,6.088887551918523,-284.0041407620784,-324.58709149433173,431.2947158669535,0.0,228.0
05_LTAN06_800km_1213COLD_PX_ALL_HEAT_PX_0p5,13794.0,-373.2533050959542,-718.6807281831748,809.8271536735181,-290.0800060278765,-245.11692889896483,379.7745630370642,-663.3333111238308,-963.7976570821396,1170.0072672609886,1.0,124.5,-13.253305095954204,1.3192718168252213,13.318805280246234,-373.2533050959542,-718.6807281831748,809.8271536735181,809.8271536735181,1244.0,1.0,0.1,0.0,0.0,0.0,0.0,0.0,0.0,0.0,0.0,1.0,222.5,16.666688876169246,-3.797657082139608,17.093879530655084,-663.3333111238308,-963.7976570821396,1170.0072672609886,809.8271536735181,2224.0,1.0,20.1,-10.08000602787655,-5.116928898964829,11.30440104026255,-290.08000602787655,-245.11692889896483,379.77456303706424,0.0,200.0
05_LTAN06_800km_1213COLD_PX_ALL_HEAT_PX_0p5,13854.5,-345.87075572618323,-718.7380535114836,797.6283402889327,-426.60435234203976,-233.89079433519038,486.5143133679805,-772.475108068223,-952.628847846674,1226.466271176951,1.0,124.5,14.129244273816767,1.2619464885164007,14.18548739695125,-345.87075572618323,-718.7380535114836,797.6283402889327,797.6283402889327,1244.0,1.0,0.1,0.0,0.0,0.0,0.0,0.0,0.0,0.0,0.0,1.0,222.10000000000002,-12.475108068222994,7.371152153325966,14.490072649276968,-772.475108068223,-952.628847846674,1226.466271176951,797.6283402889327,2220.0,1.0,49.7,13.39564765796024,6.109205664809565,14.722967432931343,-426.60435234203976,-233.89079433519044,486.51431336798055,0.0,496.0
05_LTAN06_800km_1213COLD_PX_ALL_HEAT_PX_0p5,13915.0,-319.57276757276946,-718.6460773354064,786.4978946212674,-351.12272508705297,-308.363660678827,467.30644688448814,-670.6954926598224,-1027.0097380142333,1226.6138128401565,1.0,124.7,0.42723242723053545,1.353922664593597,1.419730301352169,-319.57276757276946,-718.6460773354064,786.4978946212674,786.4978946212674,1246.0,1.0,0.1,0.0,0.0,0.0,0.0,0.0,0.0,0.0,0.0,1.0,262.1,9.304507340177565,12.990261985766665,15.978759754820544,-670.6954926598224,-1027.0097380142333,1226.6138128401565,786.4978946212674,2620.0,1.0,32.9,8.87727491294703,11.636339321173068,14.635928487032082,-351.12272508705297,-308.36366067882693,467.3064468844881,0.0,328.0
05_LTAN06_800km_1213COLD_PX_ALL_HEAT_PX_0p5,13975.5,-294.3165326315032,-718.4095362424559,776.3597639911096,-259.3799425712074,-247.0536374373098,358.2086743495313,-553.6964752027106,-965.4631736797658,1112.96851994282,1.0,124.9,-14.316532631503208,1.5904637575440574,14.404606261642742,-294.3165326315032,-718.4095362424559,776.3597639911096,776.3597639911096,1248.0,1.0,0.1,0.0,0.0,0.0,0.0,0.0,0.0,0.0,0.0,1.0,223.10000000000002,6.303524797289356,-5.4631736797657595,8.341504152449195,-553.6964752027106,-965.4631736797658,1112.96851994282,776.3597639911096,2230.0,1.0,12.3,-19.379942571207437,-7.053637437309817,20.623675112848264,-259.37994257120744,-247.05363743730982,358.20867434953135,0.0,122.0
05_LTAN06_800km_1213COLD_PX_ALL_HEAT_PX_0p5,14036.0,-270.03309994764817,-718.0495087466902,767.1459913723721,-313.9195674315518,-240.8924695583872,395.69518155564026,-583.9526673792,-958.9419783050774,1122.7512794448012,1.0,124.9,9.966900052351832,1.9504912533097922,10.155959471305946,-270.03309994764817,-718.0495087466902,767.1459913723721,767.1459913723721,1248.0,1.0,0.1,0.0,0.0,0.0,0.0,0.0,0.0,0.0,0.0,1.0,222.9,16.047332620800034,1.0580216949225587,16.082173178694468,-583.9526673792,-958.9419783050774,1122.7512794448012,767.1459913723721,2228.0,1.0,26.3,6.080432568448202,-0.8924695583872335,6.145580699339446,-313.9195674315518,-240.89246955838723,395.69518155564026,0.0,262.0
05_LTAN06_800km_1213COLD_PX_ALL_HEAT_PX_0p5,14096.5,-246.68089485543302,-717.5712443364794,758.7884781579651,-385.17677652589833,-256.9424268968328,463.01248354068827,-631.8576713813313,-974.5136712333122,1161.4305886724642,1.0,125.10000000000001,-6.680894855433024,2.428755663520633,7.108671475207937,-246.68089485543302,-717.5712443364794,758.7884781579651,758.7884781579651,1250.0,1.0,0.1,0.0,0.0,0.0,0.0,0.0,0.0,0.0,0.0,1.0,222.70000000000002,8.142328618668671,-14.513671233312152,16.6416395827774,-631.8576713813313,-974.5136712333122,1161.4305886724642,758.7884781579651,2226.0,1.0,41.1,14.823223474101724,-16.942426896832785,22.51163662015011,-385.1767765258983,-256.9424268968328,463.0124835406882,0.0,410.0
05_LTAN06_800km_1213COLD_PX_ALL_HEAT_PX_0p5,14157.0,-224.21621884742413,-716.9766271545517,751.2179421979703,-326.7268795900078,-268.6065425465135,422.9656351825942,-550.9430984374319,-985.5831697010651,1129.1202248272043,1.0,125.10000000000001,15.78378115257587,3.023372845448307,16.0707352300697,-224.21621884742413,-716.9766271545517,751.2179421979703,751.2179421979703,1250.0,1.0,0.1,0.0,0.0,0.0,0.0,0.0,0.0,0.0,0.0,1.0,242.5,9.0569015625681,14.416830298934883,17.025641303115,-550.9430984374319,-985.5831697010651,1129.1202248272043,751.2179421979703,2424.0,1.0,26.1,-6.726879590007798,11.393457453486576,13.231091480406,-326.7268795900078,-268.6065425465134,422.9656351825942,0.0,260.0
05_LTAN06_800km_1213COLD_PX_ALL_HEAT_PX_0p5,14217.5,-246.94450967500924,-715.5585053159848,756.971310809516,-361.65176588695743,-167.99478338632673,398.7659050297223,-608.5962755619666,-883.5532887023115,1072.8727047532561,1.0,125.10000000000001,-6.944509675009243,4.441494684015197,8.243366403019596,-246.94450967500924,-715.5585053159848,756.971310809516,756.971310809516,1250.0,1.0,0.1,0.0,0.0,0.0,0.0,0.0,0.0,0.0,0.0,1.0,186.5,-8.59627556196665,-3.5532887023115336,9.301710280332312,-608.5962755619666,-883.5532887023115,1072.8727047532561,756.971310809516,1864.0,1.0,33.7,-1.651765886957378,-7.994783386326731,8.163632276113495,-361.6517658869574,-167.99478338632673,398.76590502972226,0.0,336.0
05_LTAN06_800km_1213COLD_PX_ALL_HEAT_PX_0p5,14278.0,-269.2924498175566,-714.0973712841936,763.1863987282115,-297.62196928245885,-228.1522204467419,375.0096962671067,-566.9144191000155,-942.2495917309355,1099.6482399843246,1.0,124.9,10.707550182443413,5.902628715806372,12.226718965699913,-269.2924498175566,-714.0973712841936,763.1863987282115,763.1863987282115,1248.0,1.0,0.1,0.0,0.0,0.0,0.0,0.0,0.0,0.0,0.0,1.0,204.5,-6.914419100015493,-22.24959173093555,23.299217233288644,-566.9144191000155,-942.2495917309355,1099.6482399843246,763.1863987282115,2044.0,1.0,20.1,-17.621969282458906,11.847779553258079,21.23449273551232,-297.6219692824589,-228.15222044674192,375.00969626710673,0.0,200.0
05_LTAN06_800km_1213COLD_PX_ALL_HEAT_PX_0p5,14338.5,-291.0929691510105,-712.6206441295235,769.7813320214567,-373.7656670155946,-247.2711128108522,448.1559740428878,-664.858636166605,-959.8917569403757,1167.6597069041131,1.0,124.9,-11.092969151010493,7.379355870476502,13.323245011948346,-291.0929691510105,-712.6206441295235,769.7813320214567,769.7813320214567,1248.0,1.0,0.1,0.0,0.0,0.0,0.0,0.0,0.0,0.0,0.0,1.0,222.5,15.141363833394962,0.10824305962432845,15.14175073415217,-664.858636166605,-959.8917569403757,1167.6597069041131,769.7813320214567,2224.0,1.0,33.300000000000004,-13.765667015594545,-7.271112810852173,15.568001473932556,-373.76566701559454,-247.27111281085217,448.15597404288775,0.0,332.0
05_LTAN06_800km_1213COLD_PX_ALL_HEAT_PX_0p5,14399.0,-312.2353643528493,-711.1613308829222,776.6861407902975,-319.1870036445528,-178.47296256621286,365.69514853597474,-631.422367997402,-889.6342934491352,1090.9369289231108,1.0,124.7,7.764635647150726,8.838669117077757,11.764847576326174,-312.2353643528493,-711.1613308829222,776.6861407902975,776.6861407902975,1246.0,1.0,0.1,0.0,0.0,0.0,0.0,0.0,0.0,0.0,0.0,1.0,186.3,8.577632002597966,-9.634293449135157,12.899433361045027,-631.422367997402,-889.6342934491352,1090.9369289231108,776.6861407902975,1862.0,1.0,26.5,0.8129963554472397,21.527037433787086,21.54238389198468,-319.18700364455276,-178.4729625662129,365.6951485359747,0.0,264.0
05_LTAN06_800km_1213COLD_PX_ALL_HEAT_PX_0p5,14459.5,-332.65871360827947,-709.7257142957391,783.8191177000675,-189.04259328743478,-221.68618362623934,291.34492631176056,-521.7013068957142,-931.4118979219784,1067.567504754298,1.0,124.7,-12.65871360827947,10.274285704260933,16.303495850559795,-332.65871360827947,-709.7257142957391,783.8191177000675,783.8191177000675,1246.0,1.0,0.1,0.0,0.0,0.0,0.0,0.0,0.0,0.0,0.0,1.0,204.70000000000002,-1.7013068957141968,-11.41189792197838,11.538017998558468,-521.7013068957142,-931.4118979219784,1067.567504754298,783.8191177000675,2046.0,1.0,8.3,10.957406712565273,-21.686183626239313,24.297228692497846,-189.04259328743473,-221.6861836262393,291.3449263117605,0.0,82.0
05_LTAN06_800km_1213COLD_PX_ALL_HEAT_PX_0p5,14520.0,-352.3228492774224,-708.3482280733099,791.1312168898147,-266.8818950090917,-183.07299160645925,323.6381716352114,-619.2047442865141,-891.4212196797691,1085.3784161490842,1.0,124.5,7.677150722577608,11.651771926690117,13.953581341318,-352.3228492774224,-708.3482280733099,791.1312168898147,791.1312168898147,1244.0,1.0,0.1,0.0,0.0,0.0,0.0,0.0,0.0,0.0,0.0,1.0,186.3,20.795255713485858,-11.421219679769138,23.725238021204593,-619.2047442865141,-891.4212196797691,1085.3784161490842,791.1312168898147,1862.0,1.0,20.3,13.11810499090825,16.927008393540746,21.415141645748943,-266.88189500909175,-183.07299160645925,323.63817163521145,0.0,202.0
05_LTAN06_800km_1213COLD_PX_ALL_HEAT_PX_0p5,14580.5,-371.2076021415882,-707.0509039270466,798.5712645918093,-280.0885675644584,-75.69769961371478,290.1374629500961,-651.2961697060466,-782.7486035407615,1018.2740677336233,1.0,124.5,-11.207602141588211,12.949096072953353,17.125695164597218,-371.2076021415882,-707.0509039270466,798.5712645918093,798.5712645918093,1244.0,1.0,0.1,0.0,0.0,0.0,0.0,0.0,0.0,0.0,0.0,1.0,153.1,-11.296169706046612,17.25139645923855,20.62072088511053,-651.2961697060466,-782.7486035407615,1018.2740677336233,798.5712645918093,1530.0,1.0,20.900000000000002,-0.0885675644584012,4.3023003862851965,4.303211919869139,-280.0885675644584,-75.6976996137148,290.1374629500961,0.0,208.0
05_LTAN06_800km_1213COLD_PX_ALL_HEAT_PX_0p5,14641.0,-389.30931256771714,-705.8347022181118,806.0796286393045,-192.74699460386273,-98.5995929924392,216.50238720876996,-582.0563071715799,-804.434295210551,992.9270265377575,1.0,124.30000000000001,10.690687432282857,14.165297781888171,17.746730939086685,-389.30931256771714,-705.8347022181118,806.0796286393045,806.0796286393045,1242.0,1.0,0.1,0.0,0.0,0.0,0.0,0.0,0.0,0.0,0.0,1.0,153.3,17.943692828420126,-4.434295210550999,18.483481445198883,-582.0563071715799,-804.434295210551,992.9270265377575,806.0796286393045,1532.0,1.0,10.700000000000001,7.253005396137269,21.40040700756083,22.59609495832532,-192.74699460386273,-98.59959299243917,216.50238720876996,0.0,106.0
05_LTAN06_800km_1213COLD_PX_ALL_HEAT_PX_0p5,14701.5,-406.6327144096536,-704.7334520152029,813.6334572873876,-71.45981276770615,-268.91446298198275,278.247180114523,-478.0925271773598,-973.6479149971857,1084.6947620972462,1.0,124.30000000000001,-6.632714409653602,15.266547984797057,16.645131054219355,-406.6327144096536,-704.7334520152029,813.6334572873876,813.6334572873876,1242.0,1.0,0.1,0.0,0.0,0.0,0.0,0.0,0.0,0.0,0.0,1.0,223.5,1.9074728226402158,-13.647914997185694,13.780567344616738,-478.0925271773598,-973.6479149971857,1084.6947620972462,813.6334572873876,2234.0,1.0,18.1,8.540187232293817,11.085537018017249,13.993710335020697,-71.45981276770618,-268.91446298198275,278.247180114523,0.0,180.0
05_LTAN06_800km_1213COLD_PX_ALL_HEAT_PX_0p5,14762.0,-423.18892894370214,-703.7504456673195,821.1903307744609,-130.62164307977642,-215.88763588038137,252.32812955927176,-553.8105720234786,-919.6380815477008,1073.5177458792696,1.0,124.10000000000001,16.811071056297862,16.249554332680532,23.38076401811182,-423.18892894370214,-703.7504456673195,821.1903307744609,821.1903307744609,1240.0,1.0,0.1,0.0,0.0,0.0,0.0,0.0,0.0,0.0,0.0,1.0,204.5,6.189427976521415,0.36191845229916453,6.200000293762945,-553.8105720234786,-919.6380815477008,1073.5177458792696,821.1903307744609,2044.0,1.0,8.700000000000001,-10.621643079776447,-15.887635880381367,19.111155788746643,-130.62164307977645,-215.88763588038137,252.3281295592718,0.0,86.0
05_LTAN06_800km_1213COLD_PX_ALL_HEAT_PX_0p5,14822.5,-438.9935374354474,-702.8836933036565,828.7103307080685,-140.3056382966631,-51.78521856932889,149.55728334022123,-579.2991757321105,-754.6689118729854,951.3741122983421,1.0,110.30000000000001,1.006462564552578,-22.883693303656514,22.90581555216185,-438.9935374354474,-702.8836933036565,828.7103307080685,828.7103307080685,1102.0,1.0,0.1,0.0,0.0,0.0,0.0,0.0,0.0,0.0,0.0,1.0,137.9,20.700824267889516,5.331088127014596,21.376263143684387,-579.2991757321105,-754.6689118729854,951.3741122983421,828.7103307080685,1378.0,1.0,4.3,-20.305638296663062,-11.78521856932889,23.477868799398383,-140.30563829666306,-51.78521856932889,149.5572833402212,0.0,42.0
05_LTAN06_800km_1213COLD_PX_ALL_HEAT_PX_0p5,14883.0,-454.0693565965415,-702.1629831108842,836.1888754648515,-86.20450761580659,-78.84753165866758,116.82529855278882,-540.2738642123481,-781.0105147695517,949.6700861517872,1.0,124.10000000000001,-14.069356596541525,17.83701688911583,22.7179657219402,-454.0693565965415,-702.1629831108842,836.1888754648515,836.1888754648515,1240.0,1.0,0.1,0.0,0.0,0.0,0.0,0.0,0.0,0.0,0.0,0.0,nan,nan,nan,nan,-540.2738642123481,-781.0105147695517,949.6700861517872,836.1888754648515,nan,1.0,1.1,-6.2045076158066195,1.152468341332451,6.3106337266851344,-86.20450761580662,-78.84753165866755,116.82529855278882,0.0,10.0
05_LTAN06_800km_1213COLD_PX_ALL_HEAT_PX_0p5,14943.5,-468.43679547947545,-701.584142382654,843.5954837491036,-142.29907091023242,-17.065405347969854,143.3187135080617,-610.7358663897079,-718.6495477306239,943.1094692283698,1.0,110.10000000000001,11.56320452052455,-21.584142382654022,24.486381953611705,-468.43679547947545,-701.584142382654,843.5954837491036,843.5954837491036,1100.0,1.0,0.1,0.0,0.0,0.0,0.0,0.0,0.0,0.0,0.0,1.0,123.30000000000001,-10.735866389707894,1.3504522693760919,10.82046895792981,-610.7358663897079,-718.6495477306239,943.1094692283698,843.5954837491036,1232.0,1.0,7.5,17.700929089767556,-17.065405347969886,24.58761782547261,-142.29907091023244,-17.065405347969886,143.31871350806173,0.0,74.0
05_LTAN06_800km_1213COLD_PX_ALL_HEAT_PX_0p5,15004.0,-482.125947493255,-701.1417469197378,850.9084430888734,28.144638688940677,-112.62665730807149,116.08998502593059,-453.9813088043143,-813.7684042278092,931.8358463072524,1.0,110.10000000000001,-2.125947493255012,-21.141746919737784,21.248367362277964,-482.125947493255,-701.1417469197378,850.9084430888734,850.9084430888734,1100.0,1.0,0.1,0.0,0.0,0.0,0.0,0.0,0.0,0.0,0.0,1.0,154.10000000000002,-13.981308804314324,-13.768404227809242,19.622587771798923,-453.9813088043143,-813.7684042278092,931.8358463072524,850.9084430888734,1540.0,1.0,3.5,-11.855361311059312,7.373342691928542,13.961223953091578,28.144638688940688,-112.62665730807146,116.08998502593056,0.0,34.0
05_LTAN06_800km_1213COLD_PX_ALL_HEAT_PX_0p5,15064.5,-495.1804975984106,-700.8285789656582,858.1167882618503,-74.81671691566858,-14.464860328052598,76.20218707064357,-569.9972145140792,-715.2934392937108,914.6264422431897,1.0,123.9,-15.180497598410625,19.171421034341847,24.453852289799983,-495.1804975984106,-700.8285789656582,858.1167882618503,858.1167882618503,1238.0,1.0,0.1,0.0,0.0,0.0,0.0,0.0,0.0,0.0,0.0,1.0,123.5,-9.997214514079246,4.706560706289224,11.049706408882656,-569.9972145140792,-715.2934392937108,914.6264422431897,858.1167882618503,1234.0,1.0,2.3000000000000003,5.183283084331379,-14.464860328052623,15.365500572463835,-74.81671691566862,-14.464860328052623,76.20218707064362,0.0,22.0
05_LTAN06_800km_1213COLD_PX_ALL_HEAT_PX_0p5,15125.0,-507.62117500946164,-700.6404439611237,865.2030334158723,-134.85262311717347,-32.521007976250615,138.7185853495262,-642.4737981266351,-733.1614519373743,974.8324450315464,1.0,109.9,12.378824990538362,-20.64044396112365,24.06788804732694,-507.62117500946164,-700.6404439611237,865.2030334158723,865.2030334158723,1098.0,1.0,0.1,0.0,0.0,0.0,0.0,0.0,0.0,0.0,0.0,1.0,123.10000000000001,-2.4737981266350744,-13.161451937374295,13.391918991360303,-642.4737981266351,-733.1614519373743,974.8324450315464,865.2030334158723,1230.0,1.0,4.3,-14.852623117173437,7.478992023749356,16.62936364242785,-134.85262311717344,-32.521007976250644,138.71858534952617,0.0,42.0
05_LTAN06_800km_1213COLD_PX_ALL_HEAT_PX_0p5,15185.5,-519.4735547891999,-700.5557286857147,872.1416760594007,-93.45630538851643,-144.90757519920638,172.4305262039912,-612.9298601777163,-845.4633038849211,1044.2658721386433,1.0,109.9,0.5264452108001478,-20.555728685714712,20.562468878047916,-519.4735547891999,-700.5557286857147,872.1416760594007,872.1416760594007,1098.0,1.0,0.1,0.0,0.0,0.0,0.0,0.0,0.0,0.0,0.0,1.0,169.5,-12.92986017771625,-5.463303884921061,14.036700949806049,-612.9298601777163,-845.4633038849211,1044.2658721386433,872.1416760594007,1694.0,1.0,5.5,-13.456305388516398,15.092424800793651,20.22012465531869,-93.4563053885164,-144.90757519920635,172.43052620399115,0.0,54.0
05_LTAN06_800km_1213COLD_PX_ALL_HEAT_PX_0p5,15246.0,-530.7631173896335,-700.5538167381784,878.9113362152016,-7.075760076480769,-66.32381460265734,66.70018563772955,-537.8388774661142,-766.8776313408357,936.6813543382513,1.0,109.9,-10.763117389633521,-20.553816738178398,23.201380959969903,-530.7631173896335,-700.5538167381784,878.9113362152016,878.9113362152016,1098.0,1.0,0.1,0.0,0.0,0.0,0.0,0.0,0.0,0.0,0.0,1.0,138.1,22.16112253388576,-6.8776313408357055,23.203817893233534,-537.8388774661142,-766.8776313408357,936.6813543382513,878.9113362152016,1380.0,1.0,1.5,-7.075760076480719,13.676185397342692,15.398195598264362,-7.075760076480719,-66.32381460265731,66.7001856377295,0.0,14.0
05_LTAN06_800km_1213COLD_PX_ALL_HEAT_PX_0p5,15306.5,-541.5101263478749,-700.6322743454763,885.5048282148473,7.057361878173634,-98.93994280255578,99.19132340307043,-534.4527644697013,-799.572217148032,961.7460620581327,0.0,nan,nan,nan,nan,-541.5101263478749,-700.6322743454763,885.5048282148473,885.5048282148473,nan,1.0,0.1,0.0,0.0,0.0,0.0,0.0,0.0,0.0,0.0,1.0,153.70000000000002,-14.452764469701265,0.42778285196800425,14.459093989081651,-534.4527644697013,-799.572217148032,961.7460620581327,885.5048282148473,1536.0,1.0,1.5,7.057361878173651,-18.93994280255572,20.212070404676037,7.057361878173651,-98.93994280255572,99.19132340307037,0.0,14.0
05_LTAN06_800km_1213COLD_PX_ALL_HEAT_PX_0p5,15367.0,-551.7091754672448,-700.7911925870026,891.9031953649793,78.91399895434972,-110.00904312695602,135.38614700432086,-472.79517651289507,-810.8002357139586,938.5799386134728,1.0,109.7,8.29082453275521,-20.79119258700257,22.383285295567454,-551.7091754672448,-700.7911925870026,891.9031953649793,891.9031953649793,1096.0,1.0,0.1,0.0,0.0,0.0,0.0,0.0,0.0,0.0,0.0,1.0,153.9,7.204823487104932,-10.800235713958614,12.982856887349794,-472.79517651289507,-810.8002357139586,938.5799386134728,891.9031953649793,1538.0,1.0,3.7,-1.0860010456502778,9.990956873043956,10.049806839446108,78.91399895434972,-110.00904312695604,135.3861470043209,0.0,36.0
05_LTAN06_800km_1213COLD_PX_ALL_HEAT_PX_0p5,15427.5,-561.3712732297944,-701.0278466798585,898.096736564742,81.00662600951274,-79.4879883889559,113.49191052919963,-480.36464722028165,-780.5158350688143,916.4906781262067,1.0,109.7,-1.371273229794383,-21.0278466798585,21.07251115226628,-561.3712732297944,-701.0278466798585,898.096736564742,898.096736564742,1096.0,1.0,0.1,0.0,0.0,0.0,0.0,0.0,0.0,0.0,0.0,1.0,138.5,-0.36464722028165397,-20.51583506881434,20.519075421813024,-480.36464722028165,-780.5158350688143,916.4906781262067,898.096736564742,1384.0,1.0,1.9000000000000001,1.006626009512729,0.5120116110441586,1.1293590274450174,81.00662600951273,-79.48798838895584,113.49191052919959,0.0,18.0
05_LTAN06_800km_1213COLD_PX_ALL_HEAT_PX_0p5,15488.0,-570.5169596846895,-701.3387405496838,904.0827563247063,131.10435317540933,-71.18239187897707,149.1820509818615,-439.4126065092802,-772.521132428661,888.7476237988714,1.0,109.7,-10.516959684689482,-21.33874054968385,23.789667699572973,-570.5169596846895,-701.3387405496838,904.0827563247063,904.0827563247063,1096.0,1.0,0.1,0.0,0.0,0.0,0.0,0.0,0.0,0.0,0.0,1.0,138.70000000000002,0.5873934907198191,-12.521132428660962,12.534902808119622,-439.4126065092802,-772.521132428661,888.7476237988714,904.0827563247063,1386.0,1.0,4.0,11.104353175409301,8.817608121022886,14.179452472509345,131.1043531754093,-71.18239187897711,149.1820509818615,0.0,39.0
05_LTAN06_800km_1213COLD_PX_ALL_HEAT_PX_0p5,15548.5,-579.1577018833465,-701.6862101635553,909.8281052948915,136.12234713517424,-14.119963967669223,136.85271927162117,-443.03535474817227,-715.8061741312246,841.818747998178,0.0,nan,nan,nan,nan,-579.1577018833465,-701.6862101635553,909.8281052948915,909.8281052948915,nan,1.0,0.1,0.0,0.0,0.0,0.0,0.0,0.0,0.0,0.0,1.0,124.10000000000001,-3.035354748172267,4.193825868775434,5.1770217176347595,-443.03535474817227,-715.8061741312246,841.818747998178,909.8281052948915,1240.0,1.0,4.4,16.12234713517421,-14.119963967669264,21.431366255918878,136.1223471351742,-14.119963967669264,136.85271927162114,0.0,43.0
05_LTAN06_800km_1213COLD_PX_ALL_HEAT_PX_0p5,15609.0,-587.3116679454038,-702.0671232086297,915.3323116744288,85.08470015425065,59.01140509476405,103.54589384228177,-502.22696779115313,-643.0557181138656,815.9366297548085,1.0,123.30000000000001,12.68833205459623,17.93287679137029,21.96774545423725,-587.3116679454038,-702.0671232086297,915.3323116744288,915.3323116744288,1232.0,1.0,0.1,0.0,0.0,0.0,0.0,0.0,0.0,0.0,0.0,1.0,96.9,17.77303220884687,-3.0557181138656233,18.033804010471965,-502.22696779115313,-643.0557181138656,815.9366297548085,915.3323116744288,968.0,1.0,1.8,5.0847001542506405,-20.988594905235914,21.595723922914264,85.08470015425064,59.011405094764086,103.54589384228179,0.0,17.0
05_LTAN06_800km_1213COLD_PX_ALL_HEAT_PX_0p5,15669.5,-594.9953234223238,-702.4740836576317,920.591805908061,202.64598673447261,127.04337134465649,239.1765334270993,-392.34933668785123,-575.4307123129752,696.4614179352758,1.0,109.5,5.00467657767615,-22.474083657631695,23.02457869098517,-594.9953234223238,-702.4740836576317,920.591805908061,920.591805908061,1094.0,1.0,0.1,0.0,0.0,0.0,0.0,0.0,0.0,0.0,0.0,1.0,73.9,7.650663312148765,-15.430712312975174,17.223226515425697,-392.34933668785123,-575.4307123129752,696.4614179352758,920.591805908061,738.0,1.0,11.8,2.645986734472615,7.043371344656521,7.523983366391346,202.64598673447261,127.04337134465652,239.1765334270993,0.0,117.0
05_LTAN06_800km_1213COLD_PX_ALL_HEAT_PX_0p5,15730.0,-602.2174214728724,-702.8753209474763,925.5806499287098,163.86025433503377,142.72432013435997,217.30258744100868,-438.3571671378386,-560.1510008131163,711.2848583324734,1.0,109.5,-2.217421472872388,-22.875320947476325,22.982542645199306,-602.2174214728724,-702.8753209474763,925.5806499287098,925.5806499287098,1094.0,1.0,0.1,0.0,0.0,0.0,0.0,0.0,0.0,0.0,0.0,1.0,73.7,1.6428328621614128,-0.15100081311629765,1.6497578787686522,-438.3571671378386,-560.1510008131163,711.2848583324734,925.5806499287098,736.0,1.0,6.6000000000000005,3.860254335033801,-17.275679865639972,17.70171399473016,163.8602543350338,142.72432013436003,217.30258744100874,0.0,65.0
05_LTAN06_800km_1213COLD_PX_ALL_HEAT_PX_0p5,15790.5,-608.9964066161542,-703.2712716826821,930.3048451156025,138.1827793001966,117.84787369864726,181.61112804676688,-470.81362731595766,-585.4233979840349,751.2562988578419,1.0,109.5,-8.996406616154218,-23.27127168268214,24.949697748317252,-608.9964066161542,-703.2712716826821,930.3048451156025,930.3048451156025,1094.0,1.0,0.1,0.0,0.0,0.0,0.0,0.0,0.0,0.0,0.0,1.0,84.9,9.18637268404234,14.576602015965136,17.229822094901564,-470.81362731595766,-585.4233979840349,751.2562988578419,930.3048451156025,848.0,1.0,3.8000000000000003,18.182779300196557,-2.152126301352723,18.309699907334107,138.18277930019656,117.84787369864728,181.61112804676688,0.0,37.0
05_LTAN06_800km_1213COLD_PX_ALL_HEAT_PX_0p5,15851.0,-615.3525861568547,-703.6424435299703,934.7574517631601,208.50638767487362,172.29940734613828,270.4847490581589,-406.8461984819811,-531.3430361838319,669.2153997931403,1.0,123.30000000000001,-15.352586156854727,16.35755647002975,22.433714702961247,-615.3525861568547,-703.6424435299703,934.7574517631601,934.7574517631601,1232.0,1.0,0.1,0.0,0.0,0.0,0.0,0.0,0.0,0.0,0.0,1.0,63.300000000000004,-6.846198481981105,-11.343036183831941,13.248958582560409,-406.8461984819811,-531.3430361838319,669.2153997931403,934.7574517631601,632.0,1.0,12.0,8.506387674873622,12.29940734613831,14.95439909663651,208.50638767487362,172.2994073461383,270.4847490581589,0.0,119.0
05_LTAN06_800km_1213COLD_PX_ALL_HEAT_PX_0p5,15911.5,-621.3065803162605,-703.9581355136536,938.9243437573366,137.52151735778168,-232.99954642360967,270.55675258620784,-483.78506295847876,-936.9576819372633,1054.4845588641822,1.0,123.10000000000001,18.693419683739535,16.041864486346412,24.633013532061458,-621.3065803162605,-703.9581355136536,938.9243437573366,938.9243437573366,1230.0,1.0,0.1,0.0,0.0,0.0,0.0,0.0,0.0,0.0,0.0,1.0,204.9,-3.785062958478761,-16.95768193726326,17.37497275638246,-483.78506295847876,-936.9576819372633,1054.4845588641822,938.9243437573366,2048.0,1.0,14.100000000000001,17.521517357781704,7.000453576390328,18.86822516280325,137.5215173577817,-232.99954642360967,270.5567525862079,0.0,140.0
05_LTAN06_800km_1213COLD_PX_ALL_HEAT_PX_0p5,15972.0,-626.8738868282455,-704.2193335864533,942.8126748109088,275.54029686920813,-259.5791477000275,378.5548693643288,-351.3335899590374,-963.7984812864809,1025.837610912971,1.0,123.10000000000001,13.126113171754469,15.780666413546669,20.526185214338927,-626.8738868282455,-704.2193335864533,942.8126748109088,942.8126748109088,1230.0,1.0,0.1,0.0,0.0,0.0,0.0,0.0,0.0,0.0,0.0,1.0,224.10000000000002,8.666410040962603,-3.7984812864808646,9.462300094683256,-351.3335899590374,-963.7984812864809,1025.837610912971,942.8126748109088,2240.0,1.0,19.900000000000002,-4.4597031307918655,20.420852299972466,20.902156842586496,275.54029686920813,-259.57914770002753,378.5548693643288,0.0,198.0
05_LTAN06_800km_1213COLD_PX_ALL_HEAT_PX_0p5,16032.5,-632.0806989125888,-704.398178377074,946.4157667953166,174.2717810893468,-240.88489293956206,297.31495981628217,-457.808917823242,-945.2830713166361,1050.3090450702118,1.0,123.10000000000001,7.919301087411213,15.601821622925968,17.49663303800685,-632.0806989125888,-704.398178377074,946.4157667953166,946.4157667953166,1230.0,1.0,0.1,0.0,0.0,0.0,0.0,0.0,0.0,0.0,0.0,1.0,223.70000000000002,-17.808917823241984,14.716928683363903,23.10293366449822,-457.808917823242,-945.2830713166361,1050.3090450702118,946.4157667953166,2236.0,1.0,14.3,14.271781089346803,-0.8848929395620644,14.299187773322084,174.2717810893468,-240.88489293956206,297.31495981628217,0.0,142.0
05_LTAN06_800km_1213COLD_PX_ALL_HEAT_PX_0p5,16093.0,-636.9485096341535,-704.4794341811935,949.7340033448439,227.31213320369784,-287.2406049137138,366.30311357236906,-409.6363764304557,-991.7200390949073,1072.9914244007164,1.0,109.30000000000001,3.051490365846462,-24.479434181193483,24.66889319130953,-636.9485096341535,-704.4794341811935,949.7340033448439,949.7340033448439,1092.0,1.0,0.1,0.0,0.0,0.0,0.0,0.0,0.0,0.0,0.0,1.0,243.3,-9.636376430455698,8.279960905092707,12.705018823256648,-409.6363764304557,-991.7200390949073,1072.9914244007164,949.7340033448439,2432.0,1.0,19.700000000000003,-12.68786679630216,-7.24060491371381,14.608501749228202,227.31213320369784,-287.2406049137138,366.30311357236906,0.0,196.0
05_LTAN06_800km_1213COLD_PX_ALL_HEAT_PX_0p5,16153.5,-641.4907941181372,-704.4674083309761,952.7773970549891,266.1813199374024,-240.2043809402492,358.53959294129027,-375.30947418073475,-944.6717892712253,1016.4949536789239,1.0,109.30000000000001,-1.4907941181371598,-24.467408330976127,24.512783145481304,-641.4907941181372,-704.4674083309761,952.7773970549891,952.7773970549891,1092.0,1.0,0.1,0.0,0.0,0.0,0.0,0.0,0.0,0.0,0.0,1.0,224.10000000000002,-15.309474180734753,15.328210728774707,21.664118810519575,-375.30947418073475,-944.6717892712253,1016.4949536789239,952.7773970549891,2240.0,1.0,20.0,-13.818680062597593,-0.2043809402491661,13.820191396690907,266.1813199374024,-240.20438094024917,358.53959294129027,0.0,199.0
05_LTAN06_800km_1213COLD_PX_ALL_HEAT_PX_0p5,16214.0,-645.7367657570677,-704.3375514272184,955.5455808075759,229.8783746845745,-384.88105402714694,448.3051336943056,-415.8583910724932,-1089.2186054543654,1165.9053871963004,1.0,123.10000000000001,-5.736765757067701,15.662448572781614,16.68001129035869,-645.7367657570677,-704.3375514272184,955.5455808075759,955.5455808075759,1230.0,1.0,0.1,0.0,0.0,0.0,0.0,0.0,0.0,0.0,0.0,1.0,284.5,-15.858391072493191,-9.218605454365388,18.343152780571476,-415.8583910724932,-1089.2186054543654,1165.9053871963004,955.5455808075759,2844.0,1.0,39.5,-10.12162531542549,15.118945972852998,18.194225082588982,229.8783746845745,-384.881054027147,448.30513369430565,0.0,394.0
05_LTAN06_800km_1213COLD_PX_ALL_HEAT_PX_0p5,16274.5,-649.702424418494,-704.0875351448216,958.0461875304235,282.0969785074116,-322.85256189960006,428.7335792868878,-367.6054459110824,-1026.9400970444217,1090.7519089055459,1.0,123.10000000000001,-9.702424418494047,15.912464855178428,18.637155828180386,-649.702424418494,-704.0875351448216,958.0461875304235,958.0461875304235,1230.0,1.0,0.1,0.0,0.0,0.0,0.0,0.0,0.0,0.0,0.0,1.0,263.7,-7.605445911082427,13.059902955578309,15.113036515390394,-367.6054459110824,-1026.9400970444217,1090.7519089055459,958.0461875304235,2636.0,1.0,25.700000000000003,2.0969785074116203,-2.8525618996001185,3.540399448027934,282.0969785074116,-322.8525618996001,428.7335792868879,0.0,256.0
05_LTAN06_800km_1213COLD_PX_ALL_HEAT_PX_0p5,16335.0,-653.4015143201154,-703.7190912293413,960.2885494873246,48.88753561776825,-280.4003032284784,284.630148068333,-604.5139787023472,-984.1193944578197,1154.958065470157,1.0,123.10000000000001,-13.401514320115439,16.280908770658698,21.087166155526223,-653.4015143201154,-703.7190912293413,960.2885494873246,960.2885494873246,1230.0,1.0,0.1,0.0,0.0,0.0,0.0,0.0,0.0,0.0,0.0,1.0,222.9,-4.513978702347231,-24.11939445781968,24.53815789209017,-604.5139787023472,-984.1193944578197,1154.958065470157,960.2885494873246,2228.0,1.0,18.7,8.887535617768208,-0.4003032284783785,8.896546073158321,48.88753561776821,-280.4003032284784,284.630148068333,0.0,186.0
05_LTAN06_800km_1213COLD_PX_ALL_HEAT_PX_0p5,16395.5,-656.8761340335877,-703.1988996307899,962.2759208796954,-402.75833376678975,53.49688266421825,406.29569512042576,-1059.6344678003775,-649.7020169665717,1242.9553154482346,1.0,123.10000000000001,-16.876134033587732,16.801100369210076,23.81345992366269,-656.8761340335877,-703.1988996307899,962.2759208796954,962.2759208796954,1230.0,1.0,0.1,0.0,0.0,0.0,0.0,0.0,0.0,0.0,0.0,1.0,272.7,-19.63446780037748,-9.702016966571705,21.900718230772828,-1059.6344678003775,-649.7020169665717,1242.9553154482346,962.2759208796954,2726.0,1.0,42.5,-2.7583337667897467,13.49688266421822,13.775857389675853,-402.75833376678975,53.49688266421822,406.29569512042576,0.0,424.0
05_LTAN06_800km_1213COLD_PX_ALL_HEAT_PX_0p5,16456.0,-660.1346509051314,-702.5335014366004,964.0181937942922,-346.0171882319572,84.14454231447453,356.1013880249024,-1006.1518391370886,-618.3889591221259,1180.9938307049247,0.0,nan,nan,nan,nan,-660.1346509051314,-702.5335014366004,964.0181937942922,964.0181937942922,nan,1.0,0.1,0.0,0.0,0.0,0.0,0.0,0.0,0.0,0.0,1.0,252.10000000000002,-6.1518391370885865,21.611040877874075,22.469584166017828,-1006.1518391370886,-618.3889591221259,1180.9938307049247,964.0181937942922,2520.0,1.0,34.9,13.98281176804278,4.144542314474506,14.5841097066974,-346.0171882319572,84.1445423144745,356.1013880249024,0.0,348.0
05_LTAN06_800km_1213COLD_PX_ALL_HEAT_PX_0p5,16516.5,-663.1936831872669,-701.7252977552216,965.5279669326763,-407.93924205459354,44.80275022532429,410.3921437306385,-1071.1329252418604,-656.9225475298973,1256.532123342,1.0,122.9,16.806316812733144,18.274702244778382,24.827747117796747,-663.1936831872669,-701.7252977552216,965.5279669326763,965.5279669326763,1228.0,1.0,0.1,0.0,0.0,0.0,0.0,0.0,0.0,0.0,0.0,1.0,293.90000000000003,8.867074758139552,23.077452470102685,24.72233458385927,-1071.1329252418604,-656.9225475298973,1256.532123342,965.5279669326763,2938.0,1.0,42.5,-7.939242054593592,4.802750225324303,9.278899402853774,-407.9392420545936,44.8027502253243,410.39214373063857,0.0,424.0
05_LTAN06_800km_1213COLD_PX_ALL_HEAT_PX_0p5,16577.0,-666.0827129907965,-700.7698357976205,966.8218777567064,-405.4543436561119,-7.684456805247983,405.5271577416243,-1071.5370566469085,-708.4542926028686,1284.561850778292,1.0,122.9,13.917287009203505,19.230164202379456,23.737946266411104,-666.0827129907965,-700.7698357976205,966.8218777567064,966.8218777567064,1228.0,1.0,0.1,0.0,0.0,0.0,0.0,0.0,0.0,0.0,0.0,1.0,293.7,8.462943353091532,11.545707397131423,14.31519365910959,-1071.5370566469085,-708.4542926028686,1284.561850778292,966.8218777567064,2936.0,1.0,42.300000000000004,-5.454343656111973,-7.684456805248033,9.423414514425847,-405.454343656112,-7.684456805248033,405.52715774162436,0.0,422.0
05_LTAN06_800km_1213COLD_PX_ALL_HEAT_PX_0p5,16637.5,-668.8096420308917,-699.6730199767977,967.9094338609071,-343.86680062275303,-29.25932213839102,345.10938049048497,-1012.6764426536447,-728.9323421151887,1247.7403323156525,1.0,109.10000000000001,11.190357969108277,-19.67301997679772,22.632980945608274,-668.8096420308917,-699.6730199767977,967.9094338609071,967.9094338609071,1090.0,1.0,0.1,0.0,0.0,0.0,0.0,0.0,0.0,0.0,0.0,1.0,251.70000000000002,-12.676442653644699,-8.932342115188703,15.507383209746138,-1012.6764426536447,-728.9323421151887,1247.7403323156525,967.9094338609071,2516.0,1.0,34.300000000000004,16.133199377247024,10.740677861609015,19.38149331379968,-343.866800622753,-29.259322138390985,345.1093804904849,0.0,342.0
05_LTAN06_800km_1213COLD_PX_ALL_HEAT_PX_0p5,16698.0,-671.4003507013919,-698.4381792383361,968.8107767462717,-380.7439962807261,11.861718694550614,380.9287217764056,-1052.144346982118,-686.5764605437855,1256.3418973588598,1.0,109.10000000000001,8.599649298608142,-18.438179238336147,20.345034324966417,-671.4003507013919,-698.4381792383361,968.8107767462717,968.8107767462717,1090.0,1.0,0.1,0.0,0.0,0.0,0.0,0.0,0.0,0.0,0.0,1.0,272.5,-12.144346982117895,-6.576460543785515,13.810684157783195,-1052.144346982118,-686.5764605437855,1256.3418973588598,968.8107767462717,2724.0,1.0,34.5,-20.743996280726037,11.861718694550632,23.89589404235438,-380.74399628072604,11.861718694550632,380.92872177640555,0.0,344.0
05_LTAN06_800km_1213COLD_PX_ALL_HEAT_PX_0p5,16758.5,-673.8794752816979,-697.0691517745039,969.5457439242167,-388.1914257234188,-61.158491258789425,392.9795720622536,-1062.0709010051166,-758.2276430332934,1304.953546078037,1.0,109.10000000000001,6.120524718302136,-17.069151774503894,18.133305410994346,-673.8794752816979,-697.0691517745039,969.5457439242167,969.5457439242167,1090.0,1.0,0.1,0.0,0.0,0.0,0.0,0.0,0.0,0.0,0.0,1.0,272.1,-22.07090100511664,1.7723569667066386,22.141949335934545,-1062.0709010051166,-758.2276430332934,1304.953546078037,969.5457439242167,2720.0,1.0,41.900000000000006,11.808574276581226,18.841508741210532,22.23611652448891,-388.1914257234188,-61.15849125878947,392.9795720622536,0.0,418.0
05_LTAN06_800km_1213COLD_PX_ALL_HEAT_PX_0p5,16819.0,-676.2515123945515,-695.5722748625566,970.1221044659225,-473.73908355169016,-18.214352562459936,474.08910757753637,-1149.9905959462417,-713.7866274250165,1353.5027596039733,1.0,109.10000000000001,3.748487605448531,-15.572274862556583,16.017081623167588,-676.2515123945515,-695.5722748625566,970.1221044659225,970.1221044659225,1090.0,1.0,0.1,0.0,0.0,0.0,0.0,0.0,0.0,0.0,0.0,1.0,338.90000000000003,10.009404053758317,6.213372574983509,11.781093678727396,-1149.9905959462417,-713.7866274250165,1353.5027596039733,970.1221044659225,3388.0,1.0,60.1,6.260916448309786,21.785647437540092,22.66745484269271,-473.7390835516902,-18.214352562459908,474.0891075775364,0.0,600.0
05_LTAN06_800km_1213COLD_PX_ALL_HEAT_PX_0p5,16879.5,-678.5387778428301,-693.9871874417859,970.5838909490524,-408.76873640207907,-38.34941276756554,410.5637067732236,-1087.3075142449093,-732.3366002093514,1310.9365074402479,1.0,109.10000000000001,1.4612221571699138,-13.987187441785863,14.063306251527642,-678.5387778428301,-693.9871874417859,970.5838909490524,970.5838909490524,1090.0,1.0,0.1,0.0,0.0,0.0,0.0,0.0,0.0,0.0,0.0,1.0,293.7,-7.307514244909271,-12.336600209351445,14.338461185389527,-1087.3075142449093,-732.3366002093514,1310.9365074402479,970.5838909490524,2936.0,1.0,42.1,-8.768736402079185,1.6505872324344182,8.922733678700945,-408.7687364020792,-38.34941276756558,410.5637067732237,0.0,420.0
05_LTAN06_800km_1213COLD_PX_ALL_HEAT_PX_0p5,16940.0,-680.7528404807216,-692.3291398163651,970.9500850514607,-409.1057313364071,-68.34211955349423,414.7748120575315,-1089.8585718171287,-760.6712593698594,1329.0645098694795,1.0,109.10000000000001,-0.752840480721602,-12.329139816365114,12.352103359383483,-680.7528404807216,-692.3291398163651,970.9500850514607,970.9500850514607,1090.0,1.0,0.1,0.0,0.0,0.0,0.0,0.0,0.0,0.0,0.0,1.0,293.5,-9.858571817128677,-0.6712593698593992,9.88139804962374,-1089.8585718171287,-760.6712593698594,1329.0645098694795,970.9500850514607,2934.0,1.0,41.900000000000006,-9.105731336407075,11.657880446505715,14.792583265807432,-409.1057313364071,-68.34211955349429,414.7748120575315,0.0,418.0
05_LTAN06_800km_1213COLD_PX_ALL_HEAT_PX_0p5,17000.5,-682.897854788518,-690.5997982634955,971.2247738996058,-371.4740262062723,-85.03605845372788,381.0827775998859,-1054.3718809947902,-775.6358567172233,1308.9350807652581,1.0,109.10000000000001,-2.897854788517975,-10.599798263495472,10.988779986974814,-682.897854788518,-690.5997982634955,971.2247738996058,971.2247738996058,1090.0,1.0,0.1,0.0,0.0,0.0,0.0,0.0,0.0,0.0,0.0,1.0,272.1,-14.371880994790217,-15.635856717223305,21.2374899319564,-1054.3718809947902,-775.6358567172233,1308.9350807652581,971.2247738996058,2720.0,1.0,34.1,-11.474026206272242,-5.036058453727833,12.530569106452656,-371.47402620627224,-85.03605845372783,381.08277759988584,0.0,340.0
05_LTAN06_800km_1213COLD_PX_ALL_HEAT_PX_0p5,17061.0,-685.0124120190253,-688.844241349028,971.4671345237783,-354.39836039684496,-131.0162398873043,377.84051260575495,-1039.4107724158703,-819.8604812363324,1323.8375891729418,1.0,109.10000000000001,-5.012412019025305,-8.844241349028039,10.165868348957044,-685.0124120190253,-688.844241349028,971.4671345237783,971.4671345237783,1090.0,1.0,0.1,0.0,0.0,0.0,0.0,0.0,0.0,0.0,0.0,1.0,271.7,0.5892275841297305,20.13951876366764,20.14813651874585,-1039.4107724158703,-819.8604812363324,1323.8375891729418,971.4671345237783,2716.0,1.0,33.9,5.601639603155036,-11.016239887304323,12.35863695956272,-354.39836039684496,-131.01623988730432,377.840512605755,0.0,338.0
05_LTAN06_800km_1213COLD_PX_ALL_HEAT_PX_0p5,17121.5,-687.0996917377397,-687.0680934083343,971.6833596217754,-273.91214598846057,-88.7013279128868,287.91628869085054,-961.0118377262003,-775.7694213212211,1235.0554430093214,1.0,109.10000000000001,-7.099691737739704,-7.0680934083343345,10.018161867322203,-687.0996917377397,-687.0680934083343,971.6833596217754,971.6833596217754,1090.0,1.0,0.1,0.0,0.0,0.0,0.0,0.0,0.0,0.0,0.0,1.0,231.5,-1.0118377262002696,24.230578678778897,24.251695996211414,-961.0118377262003,-775.7694213212211,1235.0554430093214,971.6833596217754,2314.0,1.0,20.900000000000002,6.087854011539434,-8.701327912886768,10.619560909632714,-273.91214598846057,-88.70132791288677,287.91628869085054,0.0,208.0
05_LTAN06_800km_1213COLD_PX_ALL_HEAT_PX_0p5,17182.0,-689.1636666454312,-685.2889658415296,971.8886387484567,-343.8416729375186,-118.4051270568805,363.6576276689759,-1033.0053395829498,-803.6940928984101,1308.8255141792902,1.0,109.10000000000001,-9.163666645431249,-5.288965841529603,10.580451127501895,-689.1636666454312,-685.2889658415296,971.8886387484567,971.8886387484567,1090.0,1.0,0.1,0.0,0.0,0.0,0.0,0.0,0.0,0.0,0.0,1.0,271.90000000000003,6.994660417050227,-3.6940928984100765,7.910221026743375,-1033.0053395829498,-803.6940928984101,1308.8255141792902,971.8886387484567,2718.0,1.0,26.900000000000002,-23.841672937518524,1.594872943119526,23.894957379419992,-343.8416729375185,-118.40512705688047,363.65762766897586,0.0,268.0
05_LTAN06_800km_1213COLD_PX_ALL_HEAT_PX_0p5,17242.5,-691.2186341273324,-683.5850167323356,972.1479698409098,-236.30352759026084,-164.1852164112662,287.7431883461631,-927.5221617175932,-847.7702331436018,1256.5873342834689,1.0,109.10000000000001,-11.218634127332393,-3.585016732335589,11.777525064888344,-691.2186341273324,-683.5850167323356,972.1479698409098,972.1479698409098,1090.0,1.0,0.1,0.0,0.0,0.0,0.0,0.0,0.0,0.0,0.0,1.0,212.3,-7.522161717593235,-7.770233143601786,10.814778777744504,-927.5221617175932,-847.7702331436018,1256.5873342834689,972.1479698409098,2122.0,1.0,15.100000000000001,3.696472409739158,-4.185216411266197,5.583900490257211,-236.30352759026084,-164.1852164112662,287.7431883461631,0.0,150.0
05_LTAN06_800km_1213COLD_PX_ALL_HEAT_PX_0p5,17303.0,-693.2661147582482,-681.9532557660906,972.4598443750608,-244.3171080926615,-146.4397633328014,284.84285771584325,-937.5832228509098,-828.393019098892,1251.1184172024948,1.0,109.10000000000001,-13.26611475824825,-1.9532557660905923,13.409139005423807,-693.2661147582482,-681.9532557660906,972.4598443750608,972.4598443750608,1090.0,1.0,0.1,0.0,0.0,0.0,0.0,0.0,0.0,0.0,0.0,1.0,212.3,-17.583222850909806,11.606980901108045,21.06873825038993,-937.5832228509098,-828.393019098892,1251.1184172024948,972.4598443750608,2122.0,1.0,15.100000000000001,-4.317108092661556,13.560236667198637,14.230862263199736,-244.31710809266156,-146.43976333280136,284.8428577158433,0.0,150.0
05_LTAN06_800km_1213COLD_PX_ALL_HEAT_PX_0p5,17363.5,-695.314286318054,-680.419392903923,972.8476278419596,-197.03681678292648,-98.27136861366228,220.18348951987937,-892.3511031009805,-778.6907615175853,1184.3351693158374,1.0,109.10000000000001,-15.314286318053973,-0.41939290392303974,15.320027932063182,-695.314286318054,-680.419392903923,972.8476278419596,972.8476278419596,1090.0,1.0,0.1,0.0,0.0,0.0,0.0,0.0,0.0,0.0,0.0,1.0,194.3,-12.351103100980481,21.309238482414685,24.62992879631349,-892.3511031009805,-778.6907615175853,1184.3351693158374,972.8476278419596,1942.0,1.0,10.700000000000001,2.9631832170734924,21.728631386337725,21.929748669359775,-197.0368167829265,-98.27136861366228,220.18348951987937,0.0,106.0
05_LTAN06_800km_1213COLD_PX_ALL_HEAT_PX_0p5,17424.0,-697.3746661161337,-679.0249561608208,973.3479932838992,-251.25199845137686,-219.4893023465557,333.6212232013851,-948.6266645675105,-898.5142585073766,1306.6064524062097,1.0,109.10000000000001,-17.374666116133653,0.9750438391791931,17.402003710361754,-697.3746661161337,-679.0249561608208,973.3479932838992,973.3479932838992,1090.0,1.0,0.1,0.0,0.0,0.0,0.0,0.0,0.0,0.0,0.0,1.0,230.9,11.373335432489512,21.485741492623447,24.310282728667765,-948.6266645675105,-898.5142585073766,1306.6064524062097,973.3479932838992,2308.0,1.0,12.3,-11.251998451376835,20.510697653444254,23.394362299083735,-251.25199845137683,-219.48930234655575,333.62122320138513,0.0,122.0
05_LTAN06_800km_1213COLD_PX_ALL_HEAT_PX_0p5,17484.5,-699.4475016490711,-677.765758123531,973.957509570049,-215.27471856356303,-79.08211585744591,229.3407628423516,-914.7222202126342,-756.8478739809769,1187.2385794355976,1.0,109.10000000000001,-19.447501649071114,2.2342418764690137,19.575422272666085,-699.4475016490711,-677.765758123531,973.957509570049,973.957509570049,1090.0,1.0,0.1,0.0,0.0,0.0,0.0,0.0,0.0,0.0,0.0,1.0,212.70000000000002,5.27777978736583,3.152126019023058,6.147426935208702,-914.7222202126342,-756.8478739809769,1187.2385794355976,973.957509570049,2126.0,1.0,10.9,-15.274718563563056,0.917884142554044,15.302272331102005,-215.27471856356306,-79.08211585744596,229.34076284235164,0.0,108.0
05_LTAN06_800km_1213COLD_PX_ALL_HEAT_PX_0p5,17545.0,-701.5395016787025,-676.686185367688,974.7111704926108,-90.74154757525557,-141.08885032666058,167.7500883542277,-792.2810492539581,-817.7750356943486,1138.6242883461805,1.0,109.10000000000001,-21.53950167870255,3.31381463231196,21.7929231629021,-701.5395016787025,-676.686185367688,974.7111704926108,974.7111704926108,1090.0,1.0,0.1,0.0,0.0,0.0,0.0,0.0,0.0,0.0,0.0,1.0,152.3,7.718950746041855,-17.775035694348617,19.378702086444992,-792.2810492539581,-817.7750356943486,1138.6242883461805,974.7111704926108,1522.0,1.0,2.9000000000000004,-10.741547575255595,-21.088850326660577,23.666864017266235,-90.7415475752556,-141.08885032666058,167.75008835422773,0.0,28.0
05_LTAN06_800km_1213COLD_PX_ALL_HEAT_PX_0p5,17605.5,-703.6535912990813,-675.8110814469837,975.6274874944003,-147.03318238192233,-71.90940842870762,163.67565409040625,-850.6867736810036,-747.7204898756913,1132.5872672318628,1.0,109.10000000000001,-23.653591299081313,4.188918553016265,24.021644822696448,-703.6535912990813,-675.8110814469837,975.6274874944003,975.6274874944003,1090.0,1.0,0.1,0.0,0.0,0.0,0.0,0.0,0.0,0.0,0.0,1.0,177.10000000000002,-10.686773681003615,12.279510124308672,16.278620967452703,-850.6867736810036,-747.7204898756913,1132.5872672318628,975.6274874944003,1770.0,1.0,7.1000000000000005,12.966817618077698,8.090591571292407,15.283848700963967,-147.0331823819223,-71.9094084287076,163.67565409040623,0.0,70.0
05_LTAN06_800km_1213COLD_PX_ALL_HEAT_PX_0p5,17666.0,-705.7883807780119,-675.1331558888588,976.6995528931596,-127.51008084551312,-71.55742830080995,146.21657314495798,-833.298461623525,-746.6905841896688,1118.8981877997849,1.0,130.1,14.211619221988144,4.866844111141177,15.021860487733617,-705.7883807780119,-675.1331558888588,976.6995528931596,976.6995528931596,1300.0,1.0,0.1,0.0,0.0,0.0,0.0,0.0,0.0,0.0,0.0,1.0,177.10000000000002,6.701538376475014,13.309415810331188,14.901381339448406,-833.298461623525,-746.6905841896688,1118.8981877997849,976.6995528931596,1770.0,1.0,4.1000000000000005,-7.51008084551313,8.442571699190012,11.299483669712847,-127.51008084551313,-71.55742830080999,146.216573144958,0.0,40.0
05_LTAN06_800km_1213COLD_PX_ALL_HEAT_PX_0p5,17726.5,-707.9348330686526,-674.6982183604507,977.9516418160498,-185.84123404424344,-113.54348385932744,217.78220082917846,-893.776067112896,-788.2417022197782,1191.7049296122466,1.0,130.1,12.065166931347449,5.30178163954929,13.178662361360578,-707.9348330686526,-674.6982183604507,977.9516418160498,977.9516418160498,1300.0,1.0,0.1,0.0,0.0,0.0,0.0,0.0,0.0,0.0,0.0,1.0,194.3,-13.776067112896044,11.758297780221824,18.111808076152567,-893.776067112896,-788.2417022197782,1191.7049296122466,977.9516418160498,1942.0,1.0,10.700000000000001,14.158765955756508,6.456516140672534,15.561402702348348,-185.8412340442435,-113.54348385932747,217.7822008291785,0.0,106.0
05_LTAN06_800km_1213COLD_PX_ALL_HEAT_PX_0p5,17787.0,-710.0928971804523,-674.5075385793875,979.3836542573866,-26.34533277722452,-33.42983600129005,42.56325286225019,-736.4382299576768,-707.9373745806776,1021.5265991991489,1.0,130.1,9.907102819547731,5.492461420612472,11.327745527421023,-710.0928971804523,-674.5075385793875,979.3836542573866,979.3836542573866,1300.0,1.0,0.1,0.0,0.0,0.0,0.0,0.0,0.0,0.0,0.0,1.0,122.7,-16.438229957676754,12.062625419322444,20.389270122992276,-736.4382299576768,-707.9373745806776,1021.5265991991489,979.3836542573866,1226.0,1.0,0.30000000000000004,13.654667222775515,6.5701639987099725,15.153118224797318,-26.345332777224485,-33.42983600129003,42.563252862250145,0.0,2.0
05_LTAN06_800km_1213COLD_PX_ALL_HEAT_PX_0p5,17847.5,-712.2634753518873,-674.553047505625,980.9898430766115,-102.91280926255999,5.831426777931531,103.07789214268223,-815.1762846144474,-668.7216207276936,1054.3723161324408,1.0,130.1,7.736524648112663,5.446952494374955,9.461665028251227,-712.2634753518873,-674.553047505625,980.9898430766115,980.9898430766115,1300.0,1.0,0.1,0.0,0.0,0.0,0.0,0.0,0.0,0.0,0.0,1.0,160.9,-15.176284614447354,11.278379272306438,18.90823772086397,-815.1762846144474,-668.7216207276936,1054.3723161324408,980.9898430766115,1608.0,1.0,2.3000000000000003,-22.912809262560017,5.831426777931483,23.64323088261908,-102.91280926256002,5.831426777931483,103.07789214268224,0.0,22.0
05_LTAN06_800km_1213COLD_PX_ALL_HEAT_PX_0p5,17908.0,-714.4432206115977,-674.8548740738019,982.7808588586975,-83.60901404166228,-100.42849014099586,130.67650462504338,-798.0522346532599,-775.2833642147978,1112.63276244378,1.0,130.1,5.556779388402333,5.145125926198148,7.572986066790916,-714.4432206115977,-674.8548740738019,982.7808588586975,982.7808588586975,1300.0,1.0,0.1,0.0,0.0,0.0,0.0,0.0,0.0,0.0,0.0,1.0,152.3,1.9477653467400842,24.716635785202243,24.793262681307226,-798.0522346532599,-775.2833642147978,1112.63276244378,982.7808588586975,1522.0,1.0,1.1,-3.609014041662249,-20.428490140995905,20.744835304086706,-83.60901404166225,-100.4284901409959,130.6765046250434,0.0,10.0
05_LTAN06_800km_1213COLD_PX_ALL_HEAT_PX_0p5,17968.5,-716.6310343310915,-675.4027882626018,984.7481737781224,-29.232589085472164,-124.3222919023569,127.71286751339859,-745.8636234165637,-799.7250801649587,1093.5596685050775,1.0,130.1,3.3689656689084586,4.597211737398197,5.699498700478452,-716.6310343310915,-675.4027882626018,984.7481737781224,984.7481737781224,1300.0,1.0,0.1,0.0,0.0,0.0,0.0,0.0,0.0,0.0,0.0,1.0,152.5,14.136376583436345,0.27491983504125983,14.139049608245475,-745.8636234165637,-799.7250801649587,1093.5596685050775,984.7481737781224,1524.0,1.0,3.1,10.767410914527886,-4.3222919023569375,11.60255769610626,-29.232589085472114,-124.32229190235694,127.71286751339862,0.0,30.0
05_LTAN06_800km_1213COLD_PX_ALL_HEAT_PX_0p5,18029.0,-718.8178289132916,-676.1817942655745,986.8743030699653,-14.79719857993161,-204.66503828647885,205.1992567789167,-733.6150274932232,-880.8468325520533,1146.334223069724,1.0,130.1,1.182171086708422,3.8182057344255327,3.9970268336163812,-718.8178289132916,-676.1817942655745,986.8743030699653,986.8743030699653,1300.0,1.0,0.1,0.0,0.0,0.0,0.0,0.0,0.0,0.0,0.0,1.0,185.9,-13.615027493223238,-0.8468325520533426,13.641337874726284,-733.6150274932232,-880.8468325520533,1146.334223069724,986.8743030699653,1858.0,1.0,9.3,-14.79719857993166,-4.665038286478875,15.51514318426502,-14.79719857993166,-204.66503828647888,205.19925677891672,0.0,92.0
05_LTAN06_800km_1213COLD_PX_ALL_HEAT_PX_0p5,18089.5,-720.98184215446,-677.1694092010363,989.127507187076,70.03093561551383,-123.31953332007912,141.81692156250728,-650.9509065389461,-800.4889425211154,1031.7556056656292,1.0,130.1,-0.9818421544599687,2.8305907989637262,2.996040434882797,-720.98184215446,-677.1694092010363,989.127507187076,989.127507187076,1300.0,1.0,0.1,0.0,0.0,0.0,0.0,0.0,0.0,0.0,0.0,1.0,153.1,-10.950906538946128,-0.4889425211154048,10.961816401203214,-650.9509065389461,-800.4889425211154,1031.7556056656292,989.127507187076,1530.0,1.0,3.7,-9.96906438448616,-3.319533320079131,10.507214005869777,70.03093561551384,-123.31953332007913,141.8169215625073,0.0,36.0
05_LTAN06_800km_1213COLD_PX_ALL_HEAT_PX_0p5,18150.0,-723.125198565256,-678.3554249923577,991.5019593609501,119.96894153393316,-102.81475161491049,157.99816480708884,-603.1562570313229,-781.1701766072682,986.9267020486708,1.0,130.1,-3.125198565256028,1.6445750076422883,3.531500110157151,-723.125198565256,-678.3554249923577,991.5019593609501,991.5019593609501,1300.0,1.0,0.1,0.0,0.0,0.0,0.0,0.0,0.0,0.0,0.0,1.0,137.9,-3.156257031322866,-21.170176607268218,21.404166324122542,-603.1562570313229,-781.1701766072682,986.9267020486708,991.5019593609501,1378.0,1.0,3.9000000000000004,-0.031058466066838264,17.185248385089494,17.185276450657856,119.96894153393316,-102.8147516149105,157.99816480708887,0.0,38.0
