case_name,time_s,thermal_los_x_urad,thermal_los_y_urad,thermal_los_norm_urad,nonthermal_error_x_urad,nonthermal_error_y_urad,nonthermal_error_norm_urad,thermal_plus_nonthermal_error_x_urad,thermal_plus_nonthermal_error_y_urad,thermal_plus_nonthermal_error_norm_urad,no_correction_success,no_correction_acquisition_time_s,no_correction_residual_x_urad,no_correction_residual_y_urad,no_correction_residual_norm_urad,no_correction_pointing_error_x_urad,no_correction_pointing_error_y_urad,no_correction_pointing_error_norm_urad,no_correction_thermal_residual_norm_urad,no_correction_scan_index,static_bias_correction_success,static_bias_correction_acquisition_time_s,static_bias_correction_residual_x_urad,static_bias_correction_residual_y_urad,static_bias_correction_residual_norm_urad,static_bias_correction_pointing_error_x_urad,static_bias_correction_pointing_error_y_urad,static_bias_correction_pointing_error_norm_urad,static_bias_correction_thermal_residual_norm_urad,static_bias_correction_scan_index,bcase_correction_success,bcase_correction_acquisition_time_s,bcase_correction_residual_x_urad,bcase_correction_residual_y_urad,bcase_correction_residual_norm_urad,bcase_correction_pointing_error_x_urad,bcase_correction_pointing_error_y_urad,bcase_correction_pointing_error_norm_urad,bcase_correction_thermal_residual_norm_urad,bcase_correction_scan_index,thermal_truth_correction_success,thermal_truth_correction_acquisition_time_s,thermal_truth_correction_residual_x_urad,thermal_truth_correction_residual_y_urad,thermal_truth_correction_residual_norm_urad,thermal_truth_correction_pointing_error_x_urad,thermal_truth_correction_pointing_error_y_urad,thermal_truth_correction_pointing_error_norm_urad,thermal_truth_correction_thermal_residual_norm_urad,thermal_truth_correction_scan_index,thermal_plus_nonthermal_no_correction_success,thermal_plus_nonthermal_no_correction_acquisition_time_s,thermal_plus_nonthermal_no_correction_residual_x_urad,thermal_plus_nonthermal_no_correction_residual_y_urad,thermal_plus_nonthermal_no_correction_residual_norm_urad,thermal_plus_nonthermal_no_correction_pointing_error_x_urad,thermal_plus_nonthermal_no_correction_pointing_error_y_urad,thermal_plus_nonthermal_no_correction_pointing_error_norm_urad,thermal_plus_nonthermal_no_correction_thermal_residual_norm_urad,thermal_plus_nonthermal_no_correction_scan_index,bcase_correction_with_nonthermal_success,bcase_correction_with_nonthermal_acquisition_time_s,bcase_correction_with_nonthermal_residual_x_urad,bcase_correction_with_nonthermal_residual_y_urad,bcase_correction_with_nonthermal_residual_norm_urad,bcase_correction_with_nonthermal_pointing_error_x_urad,bcase_correction_with_nonthermal_pointing_error_y_urad,bcase_correction_with_nonthermal_pointing_error_norm_urad,bcase_correction_with_nonthermal_thermal_residual_norm_urad,bcase_correction_with_nonthermal_scan_index
09_LTAN06_800km_1213COLD_MX_ALL_HEAT_MX_0p5,0.0,660.245175064845,-703.6262566782626,964.8904602510443,148.45094006364792,-152.2935965620181,212.67585937189844,808.6961151284929,-855.9198532402808,1177.5347985494018,0.0,nan,nan,nan,nan,660.245175064845,-703.6262566782626,964.8904602510443,964.8904602510443,nan,1.0,0.8,-7.160302920603613,0.6812290486850543,7.1926358820377505,32.83969707939639,0.6812290486850543,32.84676205173484,32.84676205173484,7.0,1.0,0.1,0.894397748332608,0.6812290486850543,1.1242865955772947,0.894397748332608,0.6812290486850543,1.1242865955772947,1.1242865955772947,0.0,1.0,0.1,0.0,0.0,0.0,0.0,0.0,0.0,0.0,0.0,1.0,176.5,8.69611512849292,-15.919853240280759,18.140125289536485,808.6961151284929,-855.9198532402808,1177.5347985494018,964.8904602510443,1764.0,1.0,6.7,-10.654662188019415,8.387632486666917,13.56002231090351,149.34533781198058,-151.61236751333308,212.8152717949832,1.1242865955772947,66.0
09_LTAN06_800km_1213COLD_MX_ALL_HEAT_MX_0p5,60.5,668.2998475652249,-703.985932075643,970.6806265791621,50.178181490799496,-9.32418540562822,51.037146581702075,718.4780290560244,-713.3101174812712,1012.4337024898837,1.0,129.70000000000002,-11.700152434775077,16.01406792435705,19.83290040520787,668.2998475652249,-703.985932075643,970.6806265791621,970.6806265791621,1296.0,1.0,0.8,0.8943695797763667,0.32155365130472546,0.9504176428795689,40.89436957977637,0.32155365130472546,40.8956337532261,40.8956337532261,7.0,1.0,0.1,0.8476130232081687,0.32155365130472546,0.9065564448943554,0.8476130232081687,0.32155365130472546,0.9065564448943554,0.9065564448943554,0.0,1.0,0.1,0.0,0.0,0.0,0.0,0.0,0.0,0.0,0.0,1.0,129.9,-1.5219709439755889,6.689882518728837,6.860825290641034,718.4780290560244,-713.3101174812712,1012.4337024898837,970.6806265791621,1298.0,1.0,0.8,11.025794514007657,-9.002631754323488,14.234307962422161,51.02579451400766,-9.002631754323488,51.813888913009485,0.9065564448943554,7.0
09_LTAN06_800km_1213COLD_MX_ALL_HEAT_MX_0p5,121.0,676.1701033338511,-704.4924805998252,976.4812665198477,60.031415982840585,-162.75682456685513,173.47494011525384,736.2015193166917,-867.2493051666803,1137.5913301165294,1.0,115.9,-3.8298966661488976,-24.49248059982517,24.790113239075588,676.1701033338511,-704.4924805998252,976.4812665198477,976.4812665198477,1158.0,1.0,0.8,8.764625348402546,-0.18499487287749616,8.766577473612575,48.76462534840255,-0.18499487287749616,48.76497624805179,48.76497624805179,7.0,1.0,0.1,0.7938040860616411,-0.18499487287749616,0.8150754750568306,0.7938040860616411,-0.18499487287749616,0.8150754750568306,0.8150754750568306,0.0,1.0,0.1,0.0,0.0,0.0,0.0,0.0,0.0,0.0,0.0,1.0,193.10000000000002,16.2015193166917,12.750694833319699,20.61721239405512,736.2015193166917,-867.2493051666803,1137.5913301165294,976.4812665198477,1930.0,1.0,6.1000000000000005,20.82522006890224,-2.941819439732626,21.031977855974397,60.82522006890224,-162.94181943973263,173.92453512590114,0.8150754750568306,60.0
09_LTAN06_800km_1213COLD_MX_ALL_HEAT_MX_0p5,181.5,683.8393679384341,-705.1456547196311,982.2762724979232,112.3233499238766,-88.25288738886783,142.8464457751533,796.1627178623107,-793.398542108499,1123.9912454880568,1.0,129.70000000000002,3.8393679384340658,14.854345280368875,15.342500444031035,683.8393679384341,-705.1456547196311,982.2762724979232,982.2762724979232,1296.0,1.0,0.8,16.43388995298551,-0.8381689926834497,16.455250415813612,56.43388995298551,-0.8381689926834497,56.44011394820155,56.44011394820155,7.0,1.0,0.1,0.7380116904101897,-0.8381689926834497,1.116775946856886,0.7380116904101897,-0.8381689926834497,1.116775946856886,1.116775946856886,0.0,1.0,0.1,0.0,0.0,0.0,0.0,0.0,0.0,0.0,0.0,1.0,160.3,-3.8372821376892716,6.601457891501013,7.635704322293402,796.1627178623107,-793.398542108499,1123.9912454880568,982.2762724979232,1602.0,1.0,4.0,-6.938638385713148,-9.091056381551311,11.436433394211535,113.06136161428685,-89.09105638155131,143.94473876198913,1.116775946856886,39.0
09_LTAN06_800km_1213COLD_MX_ALL_HEAT_MX_0p5,242.0,691.3187378767838,-705.9045555903259,988.0398974447969,67.89076385501252,-80.60768313358786,105.38858760312702,759.2095017317963,-786.5122387239138,1093.1608157916864,1.0,129.70000000000002,11.318737876783757,14.095444409674087,18.077482685085105,691.3187378767838,-705.9045555903259,988.0398974447969,988.0398974447969,1296.0,1.0,0.8,23.9132598913352,-1.5970698633782376,23.966531471597047,63.9132598913352,-1.5970698633782376,63.93321063489513,63.93321063489513,7.0,1.0,0.1,0.6941128608627878,-1.5970698633782376,1.7413858883447133,0.6941128608627878,-1.5970698633782376,1.7413858883447133,1.7413858883447133,0.0,1.0,0.1,0.0,0.0,0.0,0.0,0.0,0.0,0.0,0.0,1.0,160.10000000000002,-0.7904982682036916,13.48776127608619,13.510906400117026,759.2095017317963,-786.5122387239138,1093.1608157916864,988.0398974447969,1600.0,1.0,1.9000000000000001,-11.415123284124661,-2.2047529969661355,11.62609028734063,68.58487671587534,-82.20475299696614,107.0584267090827,1.7413858883447133,18.0
09_LTAN06_800km_1213COLD_MX_ALL_HEAT_MX_0p5,302.5,698.6114365655693,-706.7528703223155,993.7593063760662,-44.897701745010174,-147.8283975354715,154.49608001463756,653.7137348205591,-854.581267857787,1075.941815558103,1.0,129.70000000000002,18.611436565569306,13.247129677684484,22.84451828626726,698.6114365655693,-706.7528703223155,993.7593063760662,993.7593063760662,1296.0,1.0,2.2,-8.79404141987925,-2.445384595367841,9.127708930165017,71.20595858012075,-2.445384595367841,71.2479364131561,71.2479364131561,21.0,1.0,0.1,0.6654639848273973,-2.445384595367841,2.5343141349021234,0.6654639848273973,-2.445384595367841,2.5343141349021234,2.5343141349021234,0.0,1.0,0.1,0.0,0.0,0.0,0.0,0.0,0.0,0.0,0.0,1.0,175.70000000000002,13.713734820559125,-14.581267857786997,20.016990160090202,653.7137348205591,-854.581267857787,1075.941815558103,993.7593063760662,1756.0,1.0,5.7,-4.232237760182784,9.726217869160678,10.60712734424818,-44.232237760182784,-150.27378213083932,156.64833370700214,2.5343141349021234,56.0
09_LTAN06_800km_1213COLD_MX_ALL_HEAT_MX_0p5,363.0,705.7164016134083,-707.6886417712711,999.4292637291766,66.35756327546773,-127.01693550218887,143.3060644502699,772.0739648888759,-834.70557727346,1137.0275317645785,1.0,129.9,-14.283598386591734,12.311358228728864,18.857113360892114,705.7164016134083,-707.6886417712711,999.4292637291766,999.4292637291766,1298.0,1.0,2.2,-1.6890763720402902,-3.381156044323461,3.77957605911693,78.31092362795971,-3.381156044323461,78.3838821165436,78.3838821165436,21.0,1.0,0.1,0.65711183968142,-3.381156044323461,3.4444175365240746,0.65711183968142,-3.381156044323461,3.4444175365240746,3.4444175365240746,0.0,1.0,0.1,0.0,0.0,0.0,0.0,0.0,0.0,0.0,0.0,1.0,176.3,12.073964888875935,5.294422726540006,13.183760470560445,772.0739648888759,-834.70557727346,1137.0275317645785,999.4292637291766,1762.0,1.0,3.7,-12.985324884850911,-10.398091546512319,16.6354732476951,67.01467511514909,-130.39809154651232,146.61046674696044,3.4444175365240746,36.0
09_LTAN06_800km_1213COLD_MX_ALL_HEAT_MX_0p5,423.5,712.6442041971476,-708.67293702556,1005.0269118029721,7.41842249082973,-72.54562290056461,72.92393567466976,720.0626266879773,-781.2185599261246,1062.446527937212,1.0,129.9,-7.355795802852413,11.327062974439968,13.505927865947974,712.6442041971476,-708.67293702556,1005.0269118029721,1005.0269118029721,1298.0,1.0,2.2,5.238726211699031,-4.365451298612356,6.819194773703036,85.23872621169903,-4.365451298612356,85.35044001780861,85.35044001780861,21.0,1.0,0.1,0.6429978975910444,-4.365451298612356,4.412551567615139,0.6429978975910444,-4.365451298612356,4.412551567615139,4.412551567615139,0.0,1.0,0.1,0.0,0.0,0.0,0.0,0.0,0.0,0.0,0.0,1.0,144.5,0.06262668797728566,-21.218559926124613,21.218652347418022,720.0626266879773,-781.2185599261246,1062.446527937212,1005.0269118029721,1444.0,1.0,1.5,8.061420388420743,3.0889258008230627,8.632957852430186,8.061420388420743,-76.91107419917694,77.33239834086451,4.412551567615139,14.0
09_LTAN06_800km_1213COLD_MX_ALL_HEAT_MX_0p5,484.0,719.3991517027385,-709.7032313089238,1010.5512436294102,-26.819199089515312,-76.92521091412517,81.46629679803607,692.5799526132232,-786.628442223049,1048.070272871049,1.0,129.9,-0.6008482972614502,10.296768691076181,10.314284471249021,719.3991517027385,-709.7032313089238,1010.5512436294102,1010.5512436294102,1298.0,1.0,2.2,11.993673717289994,-5.3957455819761435,13.151512446187619,91.99367371729,-5.3957455819761435,92.15177738051841,92.15177738051841,21.0,1.0,0.1,0.6274676333940761,-5.3957455819761435,5.43210695921686,0.6274676333940761,-5.3957455819761435,5.43210695921686,5.43210695921686,0.0,1.0,0.1,0.0,0.0,0.0,0.0,0.0,0.0,0.0,0.0,1.0,159.70000000000002,12.579952613223213,13.371557776951022,18.35902407899943,692.5799526132232,-786.628442223049,1048.070272871049,1010.5512436294102,1596.0,1.0,1.3,13.80826854387874,-2.320956496101303,14.001968405787306,-26.19173145612126,-82.3209564961013,86.38719045728119,5.43210695921686,12.0
09_LTAN06_800km_1213COLD_MX_ALL_HEAT_MX_0p5,544.5,725.9869705095823,-710.7720956566487,1015.9990419846986,32.782112800783096,-78.6517389813759,85.21011069396491,758.7690833103654,-789.4238346380246,1094.9522877652046,1.0,129.9,5.9869705095823065,9.22790434335127,10.999910656575782,725.9869705095823,-710.7720956566487,1015.9990419846986,1015.9990419846986,1298.0,1.0,2.2,18.58149252413375,-6.464609929701055,19.67391791097106,98.58149252413375,-6.464609929701055,98.79322775286283,98.79322775286283,21.0,1.0,0.1,0.6251743074095657,-6.464609929701055,6.494769007273046,0.6251743074095657,-6.464609929701055,6.494769007273046,6.494769007273046,0.0,1.0,0.1,0.0,0.0,0.0,0.0,0.0,0.0,0.0,0.0,1.0,160.10000000000002,-1.2309166896345687,10.576165361975427,10.647555102495113,758.7690833103654,-789.4238346380246,1094.9522877652046,1015.9990419846986,1600.0,1.0,1.7000000000000002,-6.5927128918073095,-5.116348911076898,8.345111710077946,33.40728710819269,-85.1163489110769,91.43762728702774,6.494769007273046,16.0
09_LTAN06_800km_1213COLD_MX_ALL_HEAT_MX_0p5,605.0,732.417753030068,-711.844488338028,1021.3512326965894,35.787450610391005,-196.50097702342893,199.73326110679042,768.205203640459,-908.345465361457,1189.6346999575126,1.0,129.9,12.417753030067956,8.155511661972014,14.856411436962945,732.417753030068,-711.844488338028,1021.3512326965894,1021.3512326965894,1298.0,1.0,4.4,-14.9877249553806,-7.537002611080311,16.776123142656346,105.0122750446194,-7.537002611080311,105.28240270057587,105.28240270057587,43.0,1.0,0.1,0.6585481929746493,-7.537002611080311,7.565718345398644,0.6585481929746493,-7.537002611080311,7.565718345398644,7.565718345398644,0.0,1.0,0.1,0.0,0.0,0.0,0.0,0.0,0.0,0.0,0.0,1.0,211.10000000000002,8.20520364045899,11.654534638543055,14.253194183143698,768.205203640459,-908.345465361457,1189.6346999575126,1021.3512326965894,2110.0,1.0,9.5,-3.5540011966343172,-4.03797963450927,5.379238239229583,36.44599880336568,-204.03797963450927,207.26747926799166,7.565718345398644,94.0
09_LTAN06_800km_1213COLD_MX_ALL_HEAT_MX_0p5,665.5,738.6965631977272,-712.9190706930447,1026.6090852110983,110.06989135854462,-80.98664555104016,136.65364152225007,848.7664545562718,-793.9057162440848,1162.1922305131184,1.0,129.9,18.696563197727187,7.0809293069553405,19.99252448433428,738.6965631977272,-712.9190706930447,1026.6090852110983,1026.6090852110983,1298.0,1.0,4.4,-8.708914787721369,-8.611584966096984,12.24763619675648,111.29108521227863,-8.611584966096984,111.62376558491015,111.62376558491015,43.0,1.0,0.1,0.7235476809290731,-8.611584966096984,8.641927844809018,0.7235476809290731,-8.611584966096984,8.641927844809018,8.641927844809018,0.0,1.0,0.1,0.0,0.0,0.0,0.0,0.0,0.0,0.0,0.0,1.0,176.8,8.76645455627181,6.094283755915171,10.676657716007867,848.7664545562718,-793.9057162440848,1162.1922305131184,1026.6090852110983,1767.0,1.0,4.0,-9.206560960526303,-9.598230517137154,13.299879464866963,110.7934390394737,-89.59823051713715,142.48869795880523,8.641927844809018,39.0
09_LTAN06_800km_1213COLD_MX_ALL_HEAT_MX_0p5,726.0,744.8211595932618,-713.9790211336341,1031.7580154264824,-61.29699123862255,-119.22036394785908,134.05527335680515,683.5241683546392,-833.1993850814931,1077.6949958244584,1.0,144.8,-15.178840406738232,6.020978866365908,16.329402395753927,744.8211595932618,-713.9790211336341,1031.7580154264824,1031.7580154264824,1447.0,1.0,4.4,-2.5843183921867876,-9.671535406686417,10.010859037814082,117.41568160781321,-9.671535406686417,117.81333067420748,117.81333067420748,43.0,1.0,0.1,0.8057095788857396,-9.671535406686417,9.705038127091372,0.8057095788857396,-9.671535406686417,9.705038127091372,9.705038127091372,0.0,1.0,0.1,0.0,0.0,0.0,0.0,0.0,0.0,0.0,0.0,1.0,175.9,3.524168354639187,6.800614918506881,7.659512116424819,683.5241683546392,-833.1993850814931,1077.6949958244584,1031.7580154264824,1758.0,1.0,2.9000000000000004,19.508718340263158,-8.891899354545444,21.43958874165001,-60.49128165973684,-128.89189935454544,142.380886624785,9.705038127091372,28.0
09_LTAN06_800km_1213COLD_MX_ALL_HEAT_MX_0p5,786.5,750.7853935253113,-714.9991362681843,1036.7750344193316,-28.3094878868824,-34.63252928007344,44.73074098148482,722.4759056384289,-749.6316655482577,1041.1143396480154,1.0,144.8,-9.214606474688708,5.000863731815684,10.484159982924934,750.7853935253113,-714.9991362681843,1036.7750344193316,1036.7750344193316,1447.0,1.0,4.4,3.3799155398627363,-10.69165054123664,11.213171734729267,123.37991553986274,-10.69165054123664,123.84229871057622,123.84229871057622,43.0,1.0,0.1,0.8806573047904749,-10.69165054123664,10.727858527423196,0.8806573047904749,-10.69165054123664,10.727858527423196,10.727858527423196,0.0,1.0,0.1,0.0,0.0,0.0,0.0,0.0,0.0,0.0,0.0,1.0,144.5,2.4759056384289124,10.368334451742271,10.65985309624808,722.4759056384289,-749.6316655482577,1041.1143396480154,1036.7750344193316,1444.0,1.0,0.30000000000000004,12.571169417908095,-5.324179821310054,13.652149695318789,-27.428830582091905,-45.324179821310054,52.97756151028046,10.727858527423196,2.0
09_LTAN06_800km_1213COLD_MX_ALL_HEAT_MX_0p5,847.0,756.5960535222084,-715.98007814507,1041.6645623740885,48.85636277559048,-125.60923656634276,134.77620151361873,805.4524162977989,-841.5893147114127,1164.9146619200858,1.0,144.8,-3.403946477791578,4.019921854929976,5.267506368616306,756.5960535222084,-715.98007814507,1041.6645623740885,1041.6645623740885,1447.0,1.0,4.4,9.190575536759866,-11.672592418122349,14.856516834591352,129.19057553675987,-11.672592418122349,129.71682320068922,129.71682320068922,43.0,1.0,0.1,0.9579476643721136,-11.672592418122349,11.711834932549355,0.9579476643721136,-11.672592418122349,11.711834932549355,11.711834932549355,0.0,1.0,0.1,0.0,0.0,0.0,0.0,0.0,0.0,0.0,0.0,1.0,176.5,5.452416297798891,-1.589314711412726,5.679327841955937,805.4524162977989,-841.5893147114127,1164.9146619200858,1041.6645623740885,1764.0,1.0,3.5,9.814310439962583,-17.28182898446505,19.874161679433296,49.81431043996258,-137.28182898446505,146.04028928322785,11.711834932549355,34.0
09_LTAN06_800km_1213COLD_MX_ALL_HEAT_MX_0p5,907.5,762.2555263220854,-716.9034092403512,1046.4148248132753,28.363292680831684,-156.35205589297635,158.9038758295685,790.6188190029171,-873.2554651333276,1177.9869372564333,1.0,144.8,2.255526322085416,3.096590759648848,3.8309624537918396,762.2555263220854,-716.9034092403512,1046.4148248132753,1046.4148248132753,1447.0,1.0,4.4,14.85004833663686,-12.595923513403477,19.472576222882317,134.85004833663686,-12.595923513403477,135.43704377144684,135.43704377144684,43.0,1.0,0.1,1.0492108969197034,-12.595923513403477,12.639546378795627,1.0492108969197034,-12.595923513403477,12.639546378795627,12.639546378795627,0.0,1.0,0.1,0.0,0.0,0.0,0.0,0.0,0.0,0.0,0.0,1.0,193.5,-9.381180997082879,6.7445348666724385,11.554016940778178,790.6188190029171,-873.2554651333276,1177.9869372564333,1046.4148248132753,1934.0,1.0,6.1000000000000005,-10.587496422248591,-8.947979406379886,13.862229833187923,29.41250357775141,-168.9479794063799,171.48911076861353,12.639546378795627,60.0
09_LTAN06_800km_1213COLD_MX_ALL_HEAT_MX_0p5,968.0,767.7673263288741,-717.7592195656846,1051.0209154197305,119.18989454875813,-113.84246489270954,164.8221398216632,886.9572208776323,-831.6016844583942,1215.8348873350408,1.0,144.8,7.7673263288741055,2.240780434315411,8.084086544194815,767.7673263288741,-717.7592195656846,1051.0209154197305,1051.0209154197305,1447.0,1.0,4.4,20.36184834342555,-13.451733838736914,24.4039753161013,140.36184834342555,-13.451733838736914,141.00495598967794,141.00495598967794,43.0,1.0,0.1,1.1549674545817652,-13.451733838736914,13.501225614341937,1.1549674545817652,-13.451733838736914,13.501225614341937,13.501225614341937,0.0,1.0,0.1,0.0,0.0,0.0,0.0,0.0,0.0,0.0,0.0,1.0,194.0,6.957220877632267,8.398315541605825,10.905715303295802,886.9572208776323,-831.6016844583942,1215.8348873350408,1051.0209154197305,1939.0,1.0,3.9000000000000004,0.34486200333992656,-7.2941987314464996,7.302346536229526,120.34486200333993,-127.2941987314465,175.17619370589122,13.501225614341937,38.0
09_LTAN06_800km_1213COLD_MX_ALL_HEAT_MX_0p5,1028.5,773.1370632790208,-718.5506378060148,1055.488482981761,-50.79432737895583,-34.88330702859918,61.61906201113465,722.342735900065,-753.4339448346141,1043.7632573225785,1.0,144.8,13.137063279020822,1.4493621939851664,13.216772766691225,773.1370632790208,-718.5506378060148,1055.488482981761,1055.488482981761,1447.0,1.0,7.4,-14.268414706427734,-14.243152079067158,20.160730130182248,145.73158529357227,-14.243152079067158,146.42596195116892,146.42596195116892,73.0,1.0,0.1,1.2655183475488911,-14.243152079067158,14.299262842378203,1.2655183475488911,-14.243152079067158,14.299262842378203,14.299262842378203,0.0,1.0,0.1,0.0,0.0,0.0,0.0,0.0,0.0,0.0,0.0,1.0,144.5,2.3427359000650085,6.566055165385933,6.971477026595203,722.342735900065,-753.4339448346141,1043.7632573225785,1055.488482981761,1444.0,1.0,0.30000000000000004,-9.528809031406922,-9.126459107666392,13.19433429169236,-49.52880903140692,-49.12645910766639,69.76038925154299,14.299262842378203,2.0
09_LTAN06_800km_1213COLD_MX_ALL_HEAT_MX_0p5,1089.0,729.0801048871331,-719.648807235801,1024.42774518174,49.41671022706687,-133.57867206552396,142.4263770530399,778.4968151142,-853.2274793013249,1155.0127369764568,1.0,129.9,9.080104887133075,0.3511927641990269,9.086893920309828,729.0801048871331,-719.648807235801,1024.42774518174,1024.42774518174,1298.0,1.0,4.4,-18.32537309831548,-15.341321508853298,23.89927707757014,101.67462690168452,-15.341321508853298,102.82551191817502,102.82551191817502,43.0,1.0,0.1,1.3593851679198679,-15.341321508853298,15.401430896925303,1.3593851679198679,-15.341321508853298,15.401430896925303,15.401430896925303,0.0,1.0,0.1,0.0,0.0,0.0,0.0,0.0,0.0,0.0,0.0,1.0,176.3,18.49681511419999,-13.227479301324934,22.739797229436256,778.4968151142,-853.2274793013249,1155.0127369764568,1024.42774518174,1762.0,1.0,6.1000000000000005,10.776095394986783,11.080006425622742,15.45609182017552,50.77609539498678,-148.91999357437726,157.33841345886694,15.401430896925303,60.0
09_LTAN06_800km_1213COLD_MX_ALL_HEAT_MX_0p5,1149.5,686.5748308178427,-720.7063226355792,995.3906779749592,-14.128194014000066,-89.87770270558737,90.98135693498517,672.4466368038426,-810.5840253411666,1053.2003330264797,1.0,129.70000000000002,6.574830817842667,-0.7063226355792267,6.612661487539284,686.5748308178427,-720.7063226355792,995.3906779749592,995.3906779749592,1296.0,0.0,nan,nan,nan,nan,59.16935283239411,-16.39883690863155,61.399789629609,61.399789629609,nan,1.0,0.1,1.8148787548005885,-16.39883690863155,16.49895865957979,1.8148787548005885,-16.39883690863155,16.49895865957979,16.49895865957979,0.0,1.0,0.1,0.0,0.0,0.0,0.0,0.0,0.0,0.0,0.0,1.0,159.70000000000002,-7.55336319615742,-10.58402534116658,13.00287998850723,672.4466368038426,-810.5840253411666,1053.2003330264797,995.3906779749592,1596.0,1.0,3.3000000000000003,-12.313315259199499,13.723460385781095,18.437762815280443,-12.313315259199499,-106.2765396142189,106.98747873020037,16.49895865957979,32.0
09_LTAN06_800km_1213COLD_MX_ALL_HEAT_MX_0p5,1210.0,645.6844540941277,-721.6835452885813,968.3674683709318,-31.81015259620882,-155.36038612056205,158.5835280971016,613.8743014979189,-877.0439314091434,1070.5361813881696,1.0,129.5,5.684454094127659,-1.6835452885812856,5.928519468379011,645.6844540941277,-721.6835452885813,968.3674683709318,968.3674683709318,1294.0,0.0,nan,nan,nan,nan,18.278976108679103,-17.37605956163361,25.22000026707177,25.22000026707177,nan,1.0,0.1,2.3036638120847783,-17.37605956163361,17.528100662894076,2.3036638120847783,-17.37605956163361,17.528100662894076,17.528100662894076,0.0,1.0,0.1,0.0,0.0,0.0,0.0,0.0,0.0,0.0,0.0,1.0,192.5,13.87430149791885,2.956068590856603,14.185717590908196,613.8743014979189,-877.0439314091434,1070.5361813881696,968.3674683709318,1924.0,1.0,5.7,10.49351121587597,-12.736445682195722,16.50244909864099,-29.50648878412403,-172.73644568219572,175.23844483242195,17.528100662894076,56.0
09_LTAN06_800km_1213COLD_MX_ALL_HEAT_MX_0p5,1270.5,606.4023383549189,-722.5377151912344,943.2839158154255,-15.543682149591017,-236.29923102056574,236.80990822952955,590.8586562053279,-958.8369462118001,1126.2691689971523,1.0,129.3,6.402338354918925,-2.5377151912343834,6.886939436548555,606.4023383549189,-722.5377151912344,943.2839158154255,943.2839158154255,1292.0,0.0,nan,nan,nan,nan,-21.00313963052963,-18.230229464286708,27.811385090643572,27.811385090643572,nan,1.0,0.1,2.769758186577633,-18.230229464286708,18.43943672492902,2.769758186577633,-18.230229464286708,18.43943672492902,18.43943672492902,0.0,1.0,0.1,0.0,0.0,0.0,0.0,0.0,0.0,0.0,0.0,1.0,228.9,-9.141343794672139,1.1630537881999317,9.215034481033536,590.8586562053279,-958.8369462118001,1126.2691689971523,943.2839158154255,2288.0,1.0,13.5,-12.77392396301343,-14.529460484852393,19.346274974623302,-12.77392396301343,-254.5294604848524,254.84979770076902,18.43943672492902,134.0
09_LTAN06_800km_1213COLD_MX_ALL_HEAT_MX_0p5,1331.0,568.7223719151891,-723.259831964265,920.0814751150115,10.375757705092198,-133.83008304778224,134.23169326403905,579.0981296202813,-857.0899150120472,1034.3876285730928,1.0,129.1,8.722371915189115,-3.259831964265004,9.311620496032022,568.7223719151891,-723.259831964265,920.0814751150115,920.0814751150115,1290.0,0.0,nan,nan,nan,nan,-58.68310607025944,-18.95234623731733,61.667644400872625,61.667644400872625,nan,1.0,0.1,3.1987195762910687,-18.95234623731733,19.220385917741194,3.1987195762910687,-18.95234623731733,19.220385917741194,19.220385917741194,0.0,1.0,0.1,0.0,0.0,0.0,0.0,0.0,0.0,0.0,0.0,0.0,nan,nan,nan,nan,579.0981296202813,-857.0899150120472,1034.3876285730928,920.0814751150115,nan,1.0,5.9,13.574477281383224,7.217570714900489,15.37399624324718,13.574477281383224,-152.7824292850995,153.38427928480553,19.220385917741194,58.0
09_LTAN06_800km_1213COLD_MX_ALL_HEAT_MX_0p5,1391.5,532.6094339288086,-723.8406587275823,898.6757526144489,-25.51078861392872,45.85067549879694,52.46984638247508,507.0986453148799,-677.9899832287854,846.6519080701082,1.0,128.9,12.609433928808585,-3.8406587275823085,13.181368800953233,532.6094339288086,-723.8406587275823,898.6757526144489,898.6757526144489,1288.0,1.0,2.3000000000000003,-14.796044056639971,-19.533173000634633,24.504443825534032,-94.79604405663997,-19.533173000634633,96.78757573294801,96.78757573294801,22.0,1.0,0.1,3.551713860941618,-19.533173000634633,19.853451055741584,3.551713860941618,-19.533173000634633,19.853451055741584,19.853451055741584,0.0,1.0,0.1,0.0,0.0,0.0,0.0,0.0,0.0,0.0,0.0,1.0,115.10000000000001,-12.901354685120111,2.010016771214623,13.056995065168506,507.0986453148799,-677.9899832287854,846.6519080701082,898.6757526144489,1150.0,1.0,0.2,18.04092524701292,-13.682497501837702,22.64256437897667,-21.95907475298708,26.3175024981623,34.27552919719918,19.853451055741584,1.0
09_LTAN06_800km_1213COLD_MX_ALL_HEAT_MX_0p5,1452.0,498.0016208088202,-724.265585306192,878.9574804204881,-31.627623939776115,-46.70797868815853,56.408703842663954,466.37399686904405,-770.9735639943505,901.057679249091,1.0,128.70000000000002,18.001620808820178,-4.2655853061919515,18.50009647944973,498.0016208088202,-724.265585306192,878.9574804204881,878.9574804204881,1286.0,1.0,4.3,-9.403857176628378,20.041900420755724,22.138434955387282,-129.40385717662838,-19.958099579244276,130.93389168204033,130.93389168204033,42.0,1.0,0.1,3.8275350029496167,-19.958099579244276,20.32180511209167,3.8275350029496167,-19.958099579244276,20.32180511209167,20.32180511209167,0.0,1.0,0.1,0.0,0.0,0.0,0.0,0.0,0.0,0.0,0.0,1.0,143.3,-13.62600313095595,-10.973563994350457,17.495344182465406,466.37399686904405,-770.9735639943505,901.057679249091,878.9574804204881,1432.0,1.0,1.3,12.199911063173488,13.333921732597219,18.0729438310523,-27.800088936826512,-66.66607826740278,72.23026330044034,20.32180511209167,12.0
09_LTAN06_800km_1213COLD_MX_ALL_HEAT_MX_0p5,1512.5,464.85310870820825,-724.5368709123594,860.8380161140411,-18.005409706442645,-45.30935992178125,48.7558496512816,446.8476990017656,-769.8462308341407,890.1326222719317,1.0,128.70000000000002,-15.146891291791746,-4.536870912359404,15.811752384880352,464.85310870820825,-724.5368709123594,860.8380161140411,860.8380161140411,1286.0,1.0,7.300000000000001,-2.5523692772403024,19.77061481458827,19.934688336520775,-162.5523692772403,-20.22938518541173,163.80629042446463,163.80629042446463,72.0,1.0,0.1,4.008624179944434,-20.22938518541173,20.622732427973524,4.008624179944434,-20.22938518541173,20.622732427973524,20.622732427973524,0.0,1.0,0.1,0.0,0.0,0.0,0.0,0.0,0.0,0.0,0.0,1.0,143.1,6.847699001765591,-9.84623083414067,11.993299931960507,446.8476990017656,-769.8462308341407,890.1326222719317,860.8380161140411,1430.0,1.0,1.5,-13.996785526498229,14.461254892807005,20.125553362566826,-13.996785526498229,-65.538745107193,67.01669281082441,20.622732427973524,14.0
09_LTAN06_800km_1213COLD_MX_ALL_HEAT_MX_0p5,1573.0,433.1001821843551,-724.6570585515539,844.2177564566572,7.60824743310255,-72.63028884587646,73.02769534114272,440.7084296174577,-797.2873473974303,910.9835532301976,1.0,128.5,-6.899817815644894,-4.65705855155386,8.32440269579095,433.1001821843551,-724.6570585515539,844.2177564566572,844.2177564566572,1284.0,1.0,11.100000000000001,5.69470419890655,19.650427175393816,20.458957551363646,-194.30529580109345,-20.349572824606184,195.36799402792255,195.36799402792255,110.0,1.0,0.1,4.106312306611642,-20.349572824606184,20.75974265022042,4.106312306611642,-20.349572824606184,20.75974265022042,20.75974265022042,0.0,1.0,0.1,0.0,0.0,0.0,0.0,0.0,0.0,0.0,0.0,1.0,158.5,0.7084296174576821,2.712652602569733,2.803632762171177,440.7084296174577,-797.2873473974303,910.9835532301976,844.2177564566572,1584.0,1.0,1.5,11.714559739714218,-12.979861670482592,17.484499388892903,11.714559739714218,-92.97986167048259,93.71491656165209,20.75974265022042,14.0
09_LTAN06_800km_1213COLD_MX_ALL_HEAT_MX_0p5,1633.5,402.6773577406697,-724.6294006301631,828.9974805116339,21.435692336141813,16.401882394739076,26.990936479132777,424.11305007681153,-708.227518235424,825.5047527612205,1.0,128.3,2.67735774066972,-4.629400630163104,5.347858886141127,402.6773577406697,-724.6294006301631,828.9974805116339,828.9974805116339,1282.0,1.0,15.700000000000001,15.271879755221164,19.67808509678457,24.9089811982391,-224.72812024477884,-20.32191490321543,225.64509357414644,225.64509357414644,156.0,1.0,0.1,4.122840750036403,-20.32191490321543,20.735911872490444,4.122840750036403,-20.32191490321543,20.735911872490444,20.735911872490444,0.0,1.0,0.1,0.0,0.0,0.0,0.0,0.0,0.0,0.0,0.0,1.0,128.5,-15.886949923188467,11.772481764576014,19.77337868850877,424.11305007681153,-708.227518235424,825.5047527612205,828.9974805116339,1284.0,1.0,0.8,-14.441466913821785,-3.920032508476311,14.964044289246152,25.558533086178215,-3.920032508476311,25.857402583878716,20.735911872490444,7.0
09_LTAN06_800km_1213COLD_MX_ALL_HEAT_MX_0p5,1694.0,373.53215398074815,-724.458088151306,815.0863706045776,130.62962011660684,-90.207573572398,158.74981569006187,504.16177409735496,-814.665661723704,958.0497037485649,1.0,128.1,13.532153980748149,-4.458088151306015,14.247587210594398,373.53215398074815,-724.458088151306,815.0863706045776,815.0863706045776,1280.0,1.0,15.700000000000001,-13.873324004700407,19.84939757564166,24.217095264611846,-253.8733240047004,-20.15060242435834,254.67177193254093,254.67177193254093,156.0,1.0,0.1,4.053138094879955,-20.15060242435834,20.55418951164758,4.053138094879955,-20.15060242435834,20.55418951164758,20.55418951164758,0.0,1.0,0.1,0.0,0.0,0.0,0.0,0.0,0.0,0.0,0.0,1.0,158.9,-15.838225902645036,-14.665661723704034,21.58543568097095,504.16177409735496,-814.665661723704,958.0497037485649,815.0863706045776,1588.0,1.0,3.9000000000000004,14.682758211486771,9.641824003243642,17.565538955765277,134.68275821148677,-110.35817599675636,174.12171710842063,20.55418951164758,38.0
09_LTAN06_800km_1213COLD_MX_ALL_HEAT_MX_0p5,1754.5,345.59050868950146,-724.1541626181358,802.3914574155448,-13.425358966045508,-24.66774451420372,28.08447761282389,332.16514972345595,-748.8219071323396,819.1873627517213,1.0,128.1,-14.409491310498538,-4.154162618135842,14.996349785372775,345.59050868950146,-724.1541626181358,802.3914574155448,802.3914574155448,1280.0,1.0,21.1,-1.814969295947094,20.153323108811833,20.23488438003538,-281.8149692959471,-19.846676891188167,282.5129510356982,282.5129510356982,210.0,1.0,0.1,3.915068725456706,-19.846676891188167,20.22914597179702,3.915068725456706,-19.846676891188167,20.22914597179702,20.22914597179702,0.0,1.0,0.1,0.0,0.0,0.0,0.0,0.0,0.0,0.0,0.0,1.0,142.5,12.165149723455954,11.178092867660439,16.520914864260444,332.16514972345595,-748.8219071323396,819.1873627517213,802.3914574155448,1424.0,1.0,0.5,-9.510290240588802,-4.514421405391886,10.527374843031811,-9.510290240588802,-44.514421405391886,45.51899969811562,20.22914597179702,4.0
09_LTAN06_800km_1213COLD_MX_ALL_HEAT_MX_0p5,1815.0,318.7938650257508,-723.7238631905706,790.8259976312996,78.95757476653307,-74.40372534498907,108.49061230459172,397.75143979228386,-798.1275885355597,891.7476411173861,1.0,127.9,-1.2061349742492098,-3.723863190570569,3.9143222450628103,318.7938650257508,-723.7238631905706,790.8259976312996,790.8259976312996,1278.0,1.0,27.3,11.388387040302234,20.583622536377106,23.52404888831375,-308.61161295969777,-19.416377463622894,309.22180286550974,309.22180286550974,272.0,1.0,0.1,3.705304196875602,-19.416377463622894,19.766764859259773,3.705304196875602,-19.416377463622894,19.766764859259773,19.766764859259773,0.0,1.0,0.1,0.0,0.0,0.0,0.0,0.0,0.0,0.0,0.0,1.0,158.3,-2.248560207716139,1.8724114644403471,2.926080603792741,397.75143979228386,-798.1275885355597,891.7476411173861,790.8259976312996,1582.0,1.0,1.9000000000000001,2.662878963408673,-13.820102808611978,14.07430872243355,82.66287896340867,-93.82010280861198,125.04144612702491,19.766764859259773,18.0
09_LTAN06_800km_1213COLD_MX_ALL_HEAT_MX_0p5,1875.5,293.0937143769785,-723.170780512123,780.3075696120133,147.71519804711195,-87.15458437738361,171.51006183921686,440.8089124240904,-810.3253648895065,922.4639257205787,1.0,127.7,13.093714376978483,-3.170780512122974,13.47216408903751,293.0937143769785,-723.170780512123,780.3075696120133,780.3075696120133,1276.0,1.0,27.5,-14.311763608470073,-18.8632947851753,23.67805878312557,-334.3117636084701,-18.8632947851753,334.8435144618423,334.8435144618423,274.0,1.0,0.1,3.4453096113182937,-18.8632947851753,19.17535002210556,3.4453096113182937,-18.8632947851753,19.17535002210556,19.17535002210556,0.0,1.0,0.1,0.0,0.0,0.0,0.0,0.0,0.0,0.0,0.0,1.0,158.5,0.8089124240904084,-10.325364889506545,10.35700243368236,440.8089124240904,-810.3253648895065,922.4639257205787,780.3075696120133,1584.0,1.0,6.800000000000001,-8.83949234156978,13.98212083744113,16.54195659435353,151.16050765843022,-106.01787916255887,184.63285129597406,19.17535002210556,67.0
09_LTAN06_800km_1213COLD_MX_ALL_HEAT_MX_0p5,1936.0,268.4113970308768,-722.5179137346679,770.7637859445421,59.468932455712036,-124.10423090861721,137.61691050463753,327.88032948658883,-846.6221446432851,907.8956802764454,1.0,127.7,-11.588602969123201,-2.5179137346679,11.858988504556377,268.4113970308768,-722.5179137346679,770.7637859445421,770.7637859445421,1276.0,1.0,34.300000000000004,1.005919045428243,21.789571992279775,21.812778840228003,-358.99408095457176,-18.210428007720225,359.4556576945785,359.4556576945785,342.0,1.0,0.1,3.1252586158358895,-18.210428007720225,18.476659049736714,3.1252586158358895,-18.210428007720225,18.476659049736714,18.476659049736714,0.0,1.0,0.1,0.0,0.0,0.0,0.0,0.0,0.0,0.0,0.0,1.0,174.10000000000002,7.880329486588835,-6.622144643285083,10.29331785644409,327.88032948658883,-846.6221446432851,907.8956802764454,770.7637859445421,1740.0,1.0,6.300000000000001,-17.405808928452075,17.685341083662593,24.813977385724883,62.594191071547925,-142.3146589163374,155.47184599912265,18.476659049736714,62.0
09_LTAN06_800km_1213COLD_MX_ALL_HEAT_MX_0p5,1996.5,244.70223868399404,-721.7697703896322,762.1225538358386,30.500547136352925,-67.07511794656244,73.68415584888076,275.20278582034695,-788.8448883361946,835.4716220060518,1.0,127.5,4.7022386839940395,-1.7697703896321855,5.02425475799833,244.70223868399404,-721.7697703896322,762.1225538358386,762.1225538358386,1274.0,1.0,42.300000000000004,17.296760698545484,-17.46228466268451,24.57863536291985,-382.7032393014545,-17.46228466268451,383.1014235910211,383.1014235910211,422.0,1.0,0.1,2.751899375174446,-17.46228466268451,17.67779216451286,2.751899375174446,-17.46228466268451,17.67779216451286,17.67779216451286,0.0,1.0,0.1,0.0,0.0,0.0,0.0,0.0,0.0,0.0,0.0,1.0,157.70000000000002,-4.797214179653054,11.155111663805428,12.142890105631041,275.20278582034695,-788.8448883361946,835.4716220060518,762.1225538358386,1576.0,1.0,1.7000000000000002,-6.747553488472647,-4.537402609246897,8.131266845836505,33.25244651152735,-84.5374026092469,90.84215782839976,17.67779216451286,16.0
09_LTAN06_800km_1213COLD_MX_ALL_HEAT_MX_0p5,2057.0,221.9211724548027,-720.9274673126669,754.3112221819125,6.143831076639854,-90.4959104629502,90.70422520928442,228.06500353144256,-811.423377775617,842.8650804467989,1.0,127.30000000000001,21.9211724548027,-0.9274673126668631,21.940783883199483,221.9211724548027,-720.9274673126669,754.3112221819125,754.3112221819125,1272.0,1.0,42.1,-5.484305530645884,23.380018414280812,24.014638623256086,-405.4843055306459,-16.619981585719188,405.82477230891146,405.82477230891146,420.0,1.0,0.1,2.3550232332471523,-16.619981585719188,16.786003763218297,2.3550232332471523,-16.619981585719188,16.786003763218297,16.786003763218297,0.0,1.0,0.1,0.0,0.0,0.0,0.0,0.0,0.0,0.0,0.0,1.0,157.5,-11.934996468557443,-11.423377775617041,16.520826265926896,228.06500353144256,-811.423377775617,842.8650804467989,754.3112221819125,1574.0,1.0,3.3000000000000003,8.498854309887008,12.884107951330634,15.434725857048004,8.498854309887008,-107.11589204866937,107.4525237207711,16.786003763218297,32.0
09_LTAN06_800km_1213COLD_MX_ALL_HEAT_MX_0p5,2117.5,249.39813744286272,-719.6196553743822,761.6113702940061,1.5269302019669375,-137.87227566541316,137.88073075307278,250.92506764482965,-857.4919310397954,893.4516222890412,1.0,127.5,9.39813744286272,0.3803446256177949,9.405830608148042,249.39813744286272,-719.6196553743822,761.6113702940061,761.6113702940061,1274.0,1.0,34.5,-18.007340542585837,-15.31216964743453,23.637403679940633,-378.00734054258584,-15.31216964743453,378.31734303807735,378.31734303807735,344.0,1.0,0.1,2.286348156039139,-15.31216964743453,15.481922593865365,2.286348156039139,-15.31216964743453,15.481922593865365,15.481922593865365,0.0,1.0,0.1,0.0,0.0,0.0,0.0,0.0,0.0,0.0,0.0,1.0,173.70000000000002,10.925067644829653,-17.491931039795418,20.62340307866435,250.92506764482965,-857.4919310397954,893.4516222890412,761.6113702940061,1736.0,1.0,5.9,3.813278358006073,6.815554687152257,7.809793693126637,3.813278358006073,-153.18444531284774,153.2319006527051,15.481922593865365,58.0
09_LTAN06_800km_1213COLD_MX_ALL_HEAT_MX_0p5,2178.0,276.1874688231873,-718.2041497409627,769.4782119333194,-28.70869420668492,-148.6560954404761,151.40285279564873,247.4787746165024,-866.8602451814388,901.4945527077298,1.0,127.7,-3.8125311768126835,1.7958502590372518,4.214317516164732,276.1874688231873,-718.2041497409627,769.4782119333194,769.4782119333194,1276.0,1.0,34.5,8.78199083773876,-13.896664014015073,16.438997347543708,-351.21800916226124,-13.896664014015073,351.49282671289416,351.49282671289416,344.0,1.0,0.1,1.4672879275724995,-13.896664014015073,13.973911570523892,1.4672879275724995,-13.896664014015073,13.973911570523892,13.973911570523892,0.0,1.0,0.1,0.0,0.0,0.0,0.0,0.0,0.0,0.0,0.0,1.0,190.70000000000002,7.478774616502392,13.139754818561187,15.119035235634,247.4787746165024,-866.8602451814388,901.4945527077298,769.4782119333194,1906.0,1.0,5.7,12.758593720887575,-2.552759454491138,13.011467809865486,-27.241406279112425,-162.55275945449114,164.8195796085323,13.973911570523892,56.0
09_LTAN06_800km_1213COLD_MX_ALL_HEAT_MX_0p5,2238.5,302.1507932750392,-716.7342285579231,777.8194239431518,-6.746221847007295,6.393545165044122,9.294564486112169,295.4045714280319,-710.340683392879,769.3164155948068,1.0,127.7,22.150793275039177,3.2657714420769253,22.390241307886928,302.1507932750392,-716.7342285579231,777.8194239431518,777.8194239431518,1276.0,1.0,27.5,-5.254684710409379,-12.4267428309754,13.492058730712989,-325.2546847104094,-12.4267428309754,325.49198740284686,325.49198740284686,274.0,1.0,0.1,0.5625264763440327,-12.4267428309754,12.439468373840842,0.5625264763440327,-12.4267428309754,12.439468373840842,12.439468373840842,0.0,1.0,0.1,0.0,0.0,0.0,0.0,0.0,0.0,0.0,0.0,1.0,127.7,15.404571428031886,9.659316607121013,18.182497578658992,295.4045714280319,-710.340683392879,769.3164155948068,777.8194239431518,1276.0,1.0,0.1,-6.1836953706632585,-6.033197665931311,8.63930335810482,-6.1836953706632585,-6.033197665931311,8.63930335810482,12.439468373840842,0.0
09_LTAN06_800km_1213COLD_MX_ALL_HEAT_MX_0p5,2299.0,327.1989809782193,-715.253223634363,786.5407472423367,40.75514936612832,-91.95821627188414,100.58476892533008,367.9541303443476,-807.2114399062472,887.1192426911853,1.0,127.9,7.198980978219311,4.746776365636947,8.623062854353606,327.1989809782193,-715.253223634363,786.5407472423367,786.5407472423367,1278.0,1.0,21.3,-20.206497007229245,-10.945737907415378,22.980681009077916,-300.20649700722925,-10.945737907415378,300.40597534617945,300.40597534617945,212.0,1.0,0.1,-0.376635598315886,-10.945737907415378,10.952215881352446,-0.376635598315886,-10.945737907415378,10.952215881352446,10.952215881352446,0.0,1.0,0.1,0.0,0.0,0.0,0.0,0.0,0.0,0.0,0.0,1.0,158.10000000000002,7.954130344347618,-7.211439906247165,10.736529004118868,367.9541303443476,-807.2114399062472,887.1192426911853,786.5407472423367,1580.0,1.0,1.7000000000000002,0.3785137678124215,-22.90395417929949,22.907081650002343,40.37851376781242,-102.90395417929949,110.54251743032084,10.952215881352446,16.0
09_LTAN06_800km_1213COLD_MX_ALL_HEAT_MX_0p5,2359.5,351.289645874804,-713.7757923823592,795.5377408331486,-71.88674515648395,-136.28952368579036,154.08613953140912,279.4029007183201,-850.0653160681495,894.8055780513745,1.0,128.1,-8.710354125195977,6.224207617640786,10.705654088088975,351.289645874804,-713.7757923823592,795.5377408331486,795.5377408331486,1280.0,1.0,21.3,3.884167889355467,-9.468306655411538,10.234040800857231,-276.11583211064453,-9.468306655411538,276.27812358758075,276.27812358758075,212.0,1.0,0.1,-1.3136960978759475,-9.468306655411538,9.559007707836882,-1.3136960978759475,-9.468306655411538,9.559007707836882,9.559007707836882,0.0,1.0,0.1,0.0,0.0,0.0,0.0,0.0,0.0,0.0,0.0,1.0,173.9,-0.5970992816799026,-10.065316068149514,10.08301121212961,279.4029007183201,-850.0653160681495,894.8055780513745,795.5377408331486,1738.0,1.0,5.5,6.799558745640127,14.242169658798161,15.782059299261363,-73.20044125435987,-145.75783034120184,163.10625280965647,9.559007707836882,54.0
09_LTAN06_800km_1213COLD_MX_ALL_HEAT_MX_0p5,2420.0,374.39677283782936,-712.3399807543401,804.7367219733885,-5.4406964371243625,-57.31103181605708,57.5687028301146,368.956076400705,-769.6510125703971,853.5169989306835,1.0,128.1,14.39677283782936,7.660019245659896,16.307757754760196,374.39677283782936,-712.3399807543401,804.7367219733885,804.7367219733885,1280.0,1.0,15.9,-13.008705147619196,-8.032495027392429,15.288799363677263,-253.0087051476192,-8.032495027392429,253.13618045795033,253.13618045795033,158.0,1.0,0.1,-2.2093439820569643,-8.032495027392429,8.330796912428932,-2.2093439820569643,-8.032495027392429,8.330796912428932,8.330796912428932,0.0,1.0,0.1,0.0,0.0,0.0,0.0,0.0,0.0,0.0,0.0,1.0,142.70000000000002,8.956076400705001,-9.651012570397143,13.166371866586054,368.956076400705,-769.6510125703971,853.5169989306835,804.7367219733885,1426.0,1.0,1.5,-7.650040419181323,14.656473156550533,16.532855887710213,-7.650040419181323,-65.34352684344947,65.78981394376875,8.330796912428932,14.0
09_LTAN06_800km_1213COLD_MX_ALL_HEAT_MX_0p5,2480.5,396.5137007119438,-710.968729827288,814.0636643681551,58.84195960043984,-106.00578795579473,121.24192051328085,455.35566031238363,-816.9745177830828,935.305372637957,1.0,128.3,-3.486299288056216,9.03127017271197,9.680812138370323,396.5137007119438,-710.968729827288,814.0636643681551,814.0636643681551,1282.0,1.0,15.9,9.108222726495228,-6.661244100340355,11.284143485429603,-230.89177727350477,-6.661244100340355,230.98784596918094,230.98784596918094,158.0,1.0,0.1,-3.0501128806574798,-6.661244100340355,7.326347080849491,-3.0501128806574798,-6.661244100340355,7.326347080849491,7.326347080849491,0.0,1.0,0.1,0.0,0.0,0.0,0.0,0.0,0.0,0.0,0.0,1.0,158.5,15.355660312383634,-16.974517783082774,22.889529431543743,455.35566031238363,-816.9745177830828,935.305372637957,814.0636643681551,1584.0,1.0,3.5,15.79184671978237,7.332967943864901,17.411342328690555,55.79184671978237,-112.6670320561351,125.72426286418172,7.326347080849491,34.0
09_LTAN06_800km_1213COLD_MX_ALL_HEAT_MX_0p5,2541.0,417.6501392119469,-709.6644042694171,823.441075894824,34.33220351358611,-94.71834574521492,100.74852464829631,451.98234272553304,-804.382750014632,922.669847050809,1.0,128.3,17.650139211946907,10.335595730582895,20.453653788679155,417.6501392119469,-709.6644042694171,823.441075894824,823.441075894824,1282.0,1.0,11.3,-9.755338773501649,-5.35691854246943,11.129385016991614,-209.75533877350165,-5.35691854246943,209.82373250006086,209.82373250006086,112.0,1.0,0.1,-3.806318382864106,-5.35691854246943,6.5715017996179546,-3.806318382864106,-5.35691854246943,6.5715017996179546,6.5715017996179546,0.0,1.0,0.1,0.0,0.0,0.0,0.0,0.0,0.0,0.0,0.0,1.0,158.5,11.982342725533044,-4.382750014632052,12.758723873604755,451.98234272553304,-804.382750014632,922.669847050809,823.441075894824,1584.0,1.0,1.7000000000000002,-9.474114869277969,-20.075264287684377,22.198537987368663,30.52588513072203,-100.07526428768438,104.62737779980874,6.5715017996179546,16.0
09_LTAN06_800km_1213COLD_MX_ALL_HEAT_MX_0p5,2601.5,437.8267628353644,-708.4701032626022,832.8398174149795,64.67705460726074,-38.55665118269479,75.29765430008153,502.5038174426251,-747.026754445297,900.3105344276969,1.0,128.5,-2.1732371646356228,11.529896737397848,11.732922847645893,437.8267628353644,-708.4701032626022,832.8398174149795,832.8398174149795,1284.0,1.0,11.3,10.421284849915821,-4.162617535654476,11.221878749622238,-189.57871515008418,-4.162617535654476,189.62440935360854,189.62440935360854,112.0,1.0,0.1,-4.443186963658718,-4.162617535654476,6.0884558914526865,-4.443186963658718,-4.162617535654476,6.0884558914526865,6.0884558914526865,0.0,1.0,0.1,0.0,0.0,0.0,0.0,0.0,0.0,0.0,0.0,1.0,143.5,-17.49618255737488,12.973245554702999,21.781219072944705,502.5038174426251,-747.026754445297,900.3105344276969,832.8398174149795,1434.0,1.0,0.7000000000000001,20.233867643602025,-2.7192687183493263,20.41577385703021,60.233867643602025,-42.719268718349326,73.84480165277381,6.0884558914526865,6.0
09_LTAN06_800km_1213COLD_MX_ALL_HEAT_MX_0p5,2662.0,457.0664836105786,-707.3930626857625,842.2082376562714,111.77480277057765,-64.94614591763748,129.27338629415024,568.8412863811562,-772.3392086034,959.2123134311271,1.0,128.5,17.066483610578587,12.606937314237484,21.217910624641178,457.0664836105786,-707.3930626857625,842.2082376562714,842.2082376562714,1284.0,1.0,7.5,-10.33899437486997,-3.0855769588148405,10.789605639334642,-170.33899437486997,-3.0855769588148405,170.36693866419844,170.36693866419844,74.0,1.0,0.1,-4.966933743031689,-3.0855769588148405,5.847325540487362,-4.966933743031689,-3.0855769588148405,5.847325540487362,5.847325540487362,0.0,1.0,0.1,0.0,0.0,0.0,0.0,0.0,0.0,0.0,0.0,1.0,143.70000000000002,8.841286381156237,-12.339208603400039,15.179736948703699,568.8412863811562,-772.3392086034,959.2123134311271,842.2082376562714,1436.0,1.0,4.0,-13.192130972454038,11.968277123547637,17.812130049503196,106.80786902754596,-68.03172287645236,126.63426157143977,5.847325540487362,39.0
09_LTAN06_800km_1213COLD_MX_ALL_HEAT_MX_0p5,2722.5,475.395626004117,-706.4326749161348,851.4975780429512,32.30943688918038,-115.69624314376036,120.12293864901926,507.7050628932974,-822.1289180598952,966.2610355374064,1.0,128.70000000000002,-4.604373995883009,13.567325083865171,14.327336452573476,475.395626004117,-706.4326749161348,851.4975780429512,851.4975780429512,1286.0,1.0,7.5,7.990148018668435,-2.1251891891871537,8.267943786097549,-152.00985198133156,-2.1251891891871537,152.02470696724322,152.02470696724322,74.0,1.0,0.1,-5.375766789254612,-2.1251891891871537,5.780596652793792,-5.375766789254612,-2.1251891891871537,5.780596652793792,5.780596652793792,0.0,1.0,0.1,0.0,0.0,0.0,0.0,0.0,0.0,0.0,0.0,1.0,175.10000000000002,-12.294937106702605,17.871081940104773,21.6919581450756,507.7050628932974,-822.1289180598952,966.2610355374064,851.4975780429512,1750.0,1.0,3.5,-13.066329900074209,2.178567667052448,13.24670276474488,26.93367009992579,-117.82143233294755,120.86071529673724,5.780596652793792,34.0
09_LTAN06_800km_1213COLD_MX_ALL_HEAT_MX_0p5,2783.0,492.8506500019549,-705.6121646460984,860.6917509212589,-1.0325693480395444,-3.414172441040236,3.5668996223147986,491.81808065391533,-709.0263370871387,862.9040335641653,1.0,128.70000000000002,12.850650001954875,14.38783535390155,19.291164082131544,492.8506500019549,-705.6121646460984,860.6917509212589,860.6917509212589,1286.0,1.0,4.5,-14.55482798349368,-1.3046789191507742,14.6131859877019,-134.55482798349368,-1.3046789191507742,134.56115308940264,134.56115308940264,44.0,1.0,0.1,-5.687981873486251,-1.3046789191507742,5.835694035432684,-5.687981873486251,-1.3046789191507742,5.835694035432684,5.835694035432684,0.0,1.0,0.1,0.0,0.0,0.0,0.0,0.0,0.0,0.0,0.0,1.0,128.70000000000002,11.818080653915331,10.9736629128613,16.127253581052024,491.81808065391533,-709.0263370871387,862.9040335641653,860.6917509212589,1286.0,1.0,0.1,-6.720551221525795,-4.7188513601910245,8.211782198812177,-6.720551221525795,-4.7188513601910245,8.211782198812177,5.835694035432684,0.0
09_LTAN06_800km_1213COLD_MX_ALL_HEAT_MX_0p5,2843.5,509.4614160736253,-704.9257511070786,869.753556498404,39.8240453772108,-187.16510209299594,191.3549843398069,549.2854614508361,-892.0908532000744,1047.6357231998606,1.0,128.9,-10.538583926374713,15.074248892921446,18.39279018689081,509.4614160736253,-704.9257511070786,869.753556498404,869.753556498404,1288.0,1.0,4.5,2.055938088176731,-0.6182653801308788,2.146889261858695,-117.94406191182327,-0.6182653801308788,117.94568238108705,117.94568238108705,44.0,1.0,0.1,-5.8928008264620075,-0.6182653801308788,5.925145876737526,-5.8928008264620075,-0.6182653801308788,5.925145876737526,5.925145876737526,0.0,1.0,0.1,0.0,0.0,0.0,0.0,0.0,0.0,0.0,0.0,1.0,192.3,-10.714538549163876,-12.090853200074434,16.1551870130701,549.2854614508361,-892.0908532000744,1047.6357231998606,869.753556498404,1922.0,1.0,9.5,-6.068755449251171,12.21663252687324,13.640964152121837,33.93124455074883,-187.78336747312676,190.82432354474648,5.925145876737526,94.0
09_LTAN06_800km_1213COLD_MX_ALL_HEAT_MX_0p5,2904.0,525.2655844761442,-704.3671224105185,878.6563477082151,50.94262882742603,-161.52993522625977,169.37258162420673,576.2082133035702,-865.8970576367783,1040.093082133769,1.0,115.10000000000001,5.265584476144227,-24.367122410518505,24.92956145712564,525.2655844761442,-704.3671224105185,878.6563477082151,878.6563477082151,1150.0,1.0,2.3000000000000003,-22.13989350930433,-0.05963668357082952,22.139973828741606,-102.13989350930433,-0.05963668357082952,102.13991091941512,102.13991091941512,22.0,1.0,0.1,-6.015562735730327,-0.05963668357082952,6.015858339550115,-6.015562735730327,-0.05963668357082952,6.015858339550115,6.015858339550115,0.0,1.0,0.1,0.0,0.0,0.0,0.0,0.0,0.0,0.0,0.0,1.0,192.3,16.208213303570233,14.1029423632217,21.48485889631078,576.2082133035702,-865.8970576367783,1040.093082133769,878.6563477082151,1922.0,1.0,6.1000000000000005,4.9270660916956786,-1.5895719098306245,5.177134258299653,44.92706609169568,-161.58957190983062,167.71890477107794,6.015858339550115,60.0
09_LTAN06_800km_1213COLD_MX_ALL_HEAT_MX_0p5,2964.5,540.3131335481761,-703.9296720704233,887.3867620749269,33.45588986664623,-17.556173286993513,37.782479898123505,573.7690234148223,-721.4858453574168,921.8203280908407,0.0,nan,nan,nan,nan,540.3131335481761,-703.9296720704233,887.3867620749269,887.3867620749269,nan,1.0,2.3000000000000003,-7.092344437272459,0.37781365652438126,7.102400493915132,-87.09234443727246,0.37781365652438126,87.09316392656521,87.09316392656521,22.0,1.0,0.1,-6.056184832497593,0.37781365652438126,6.0679582962006435,-6.056184832497593,0.37781365652438126,6.0679582962006435,6.0679582962006435,0.0,1.0,0.1,0.0,0.0,0.0,0.0,0.0,0.0,0.0,0.0,1.0,129.1,13.7690234148223,-1.4858453574167925,13.84896177422993,573.7690234148223,-721.4858453574168,921.8203280908407,887.3867620749269,1290.0,1.0,0.8,-12.60029496585139,-17.178359630469117,21.30407174274887,27.39970503414861,-17.178359630469117,32.33944766924877,6.0679582962006435,7.0
09_LTAN06_800km_1213COLD_MX_ALL_HEAT_MX_0p5,3025.0,554.6332107991051,-703.612690630001,895.9290244974286,74.54410831954382,-95.96586805828011,121.51654997297739,629.1773191186489,-799.5785586882811,1017.4428585465422,1.0,115.30000000000001,-5.366789200894914,-23.612690630000998,24.21490419380137,554.6332107991051,-703.612690630001,895.9290244974286,895.9290244974286,1152.0,1.0,2.3000000000000003,7.22773281365653,0.6947950969466774,7.261051015682818,-72.77226718634347,0.6947950969466774,72.77558389781083,72.77558389781083,22.0,1.0,0.1,-6.027487469904372,0.6947950969466774,6.067400219747776,-6.027487469904372,0.6947950969466774,6.067400219747776,6.067400219747776,0.0,1.0,0.1,0.0,0.0,0.0,0.0,0.0,0.0,0.0,0.0,1.0,159.5,-10.822680881351062,0.4214413117189224,10.8308833545,629.1773191186489,-799.5785586882811,1017.4428585465422,895.9290244974286,1594.0,1.0,1.9000000000000001,-11.48337915036052,-15.271072961333402,19.106901007261822,68.51662084963948,-95.2710729613334,117.35035013095174,6.067400219747776,18.0
09_LTAN06_800km_1213COLD_MX_ALL_HEAT_MX_0p5,3085.5,568.2529195438983,-703.4112664828726,904.2669906533152,6.7301211030237695,-213.30393934657707,213.41008661923547,574.9830406469221,-916.7152058294497,1082.1147192560086,1.0,115.30000000000001,8.252919543898315,-23.411266482872634,24.823337393068936,568.2529195438983,-703.4112664828726,904.2669906533152,904.2669906533152,1152.0,1.0,0.9,-19.15255844155024,0.8962192440750414,19.173515686760418,-59.15255844155024,0.8962192440750414,59.15934735199897,59.15934735199897,8.0,1.0,0.1,-5.948588648169903,0.8962192440750414,6.015722387094194,-5.948588648169903,0.8962192440750414,6.015722387094194,6.015722387094194,0.0,1.0,0.1,0.0,0.0,0.0,0.0,0.0,0.0,0.0,0.0,1.0,210.10000000000002,14.983040646922063,3.284794170550299,15.33888456734061,574.9830406469221,-916.7152058294497,1082.1147192560086,904.2669906533152,2100.0,1.0,9.3,0.7815324548538456,-12.407720102502026,12.432309162823405,0.7815324548538456,-212.40772010250203,212.40915788195394,6.015722387094194,92.0
09_LTAN06_800km_1213COLD_MX_ALL_HEAT_MX_0p5,3146.0,581.1979151006618,-703.3178687175656,912.3853577161215,-33.70406553208698,-102.107152779724,107.52597212847282,547.4938495685749,-805.4250214972897,973.8885873493573,0.0,nan,nan,nan,nan,581.1979151006618,-703.3178687175656,912.3853577161215,912.3853577161215,nan,1.0,0.9,-6.207562884786739,0.9896170093820729,6.285950906095289,-46.20756288478674,0.9896170093820729,46.218158872642036,46.218158872642036,8.0,1.0,0.1,-5.828656862470211,0.9896170093820729,5.912070926983151,-5.828656862470211,0.9896170093820729,5.912070926983151,5.912070926983151,0.0,1.0,0.1,0.0,0.0,0.0,0.0,0.0,0.0,0.0,0.0,1.0,159.10000000000002,-12.506150431425112,-5.425021497289663,13.632118575609937,547.4938495685749,-805.4250214972897,973.8885873493573,912.3853577161215,1590.0,1.0,1.3,0.46727760544285957,-21.117535770341988,21.122704972901122,-39.53272239455714,-101.11753577034199,108.5706782708458,5.912070926983151,12.0
09_LTAN06_800km_1213COLD_MX_ALL_HEAT_MX_0p5,3206.5,593.4939323778462,-703.326400143833,920.2733685751222,10.616281239975859,-167.55431695855847,167.89030513646503,604.1102136178221,-870.8807171023915,1059.8973410751373,1.0,115.5,-6.506067622153751,-23.326400143832984,24.216726855094368,593.4939323778462,-703.326400143833,920.2733685751222,920.2733685751222,1154.0,1.0,0.9,6.0884543923976935,0.981085583114691,6.16699325520162,-33.91154560760231,0.981085583114691,33.92573439762044,33.92573439762044,8.0,1.0,0.1,-5.673886776209315,0.981085583114691,5.758083020471173,-5.673886776209315,0.981085583114691,5.758083020471173,5.758083020471173,0.0,1.0,0.1,0.0,0.0,0.0,0.0,0.0,0.0,0.0,0.0,1.0,192.5,4.110213617822069,9.119282897608514,10.00275844708574,604.1102136178221,-870.8807171023915,1059.8973410751373,920.2733685751222,1924.0,1.0,5.9,4.9423944637665045,-6.573231375443811,8.224027830120027,4.9423944637665045,-166.5732313754438,166.64653813953834,5.758083020471173,58.0
09_LTAN06_800km_1213COLD_MX_ALL_HEAT_MX_0p5,3267.0,605.1504804852796,-703.4129669626318,927.8991896336247,30.820519982981242,-55.849426326276934,63.78920655562022,635.9710004682609,-759.2623932889087,990.4233919387214,1.0,115.5,5.150480485279559,-23.4129669626318,23.972786054660684,605.1504804852796,-703.4129669626318,927.8991896336247,927.8991896336247,1154.0,1.0,0.1,-22.254997500168997,0.8945187643158761,22.272967416854033,-22.254997500168997,0.8945187643158761,22.272967416854033,22.272967416854033,0.0,1.0,0.1,-5.477371416166648,0.8945187643158761,5.549933463596895,-5.477371416166648,0.8945187643158761,5.549933463596895,5.549933463596895,0.0,1.0,0.1,0.0,0.0,0.0,0.0,0.0,0.0,0.0,0.0,1.0,144.1,-4.028999531739146,0.7376067110913027,4.095961533877142,635.9710004682609,-759.2623932889087,990.4233919387214,927.8991896336247,1440.0,1.0,0.7000000000000001,-14.656851433185352,-14.954907561961022,20.939736247652846,25.343148566814648,-54.95490756196102,60.517080600631424,5.549933463596895,6.0
09_LTAN06_800km_1213COLD_MX_ALL_HEAT_MX_0p5,3327.5,616.1869496893324,-703.5675139206428,935.250556595353,-96.16299979156243,-148.7934127710645,177.16320784229558,520.02394989777,-852.3609266917073,998.4708597740969,1.0,129.3,16.186949689332437,16.432486079357204,23.066077668152595,616.1869496893324,-703.5675139206428,935.250556595353,935.250556595353,1292.0,1.0,0.1,-11.21852829611612,0.7399718063048795,11.24290600355994,-11.21852829611612,0.7399718063048795,11.24290600355994,11.24290600355994,0.0,1.0,0.1,-5.250528684139681,0.7399718063048795,5.302415462513257,-5.250528684139681,0.7399718063048795,5.302415462513257,5.302415462513257,0.0,1.0,0.1,0.0,0.0,0.0,0.0,0.0,0.0,0.0,0.0,1.0,175.10000000000002,0.02394989776996681,-12.360926691707277,12.360949893732464,520.02394989777,-852.3609266917073,998.4708597740969,935.250556595353,1750.0,1.0,5.300000000000001,18.58647152429785,11.946559035240398,22.094732324832968,-101.41352847570215,-148.0534409647596,179.45619281428435,5.302415462513257,52.0
09_LTAN06_800km_1213COLD_MX_ALL_HEAT_MX_0p5,3388.0,626.6280564686789,-703.7881273777684,942.3271456302316,-51.867130255091396,23.241277257619142,56.83622233632477,574.7609262135875,-680.5468501201493,890.7828789948525,1.0,129.5,-13.371943531321108,16.211872622231567,21.015082386807382,626.6280564686789,-703.7881273777684,942.3271456302316,942.3271456302316,1294.0,1.0,0.1,-0.7774215167696639,0.5193583491792424,0.9349424097764699,-0.7774215167696639,0.5193583491792424,0.9349424097764699,0.9349424097764699,0.0,1.0,0.1,-4.995639393807096,0.5193583491792424,5.02256369275886,-4.995639393807096,0.5193583491792424,5.02256369275886,5.02256369275886,0.0,1.0,0.1,0.0,0.0,0.0,0.0,0.0,0.0,0.0,0.0,1.0,115.30000000000001,14.760926213587481,-0.5468501201493154,14.771052357123422,574.7609262135875,-680.5468501201493,890.7828789948525,942.3271456302316,1152.0,1.0,0.2,-16.862769648898507,-16.23936439320164,23.410893962576438,-56.86276964889851,23.76063560679836,61.62744824007195,5.02256369275886,1.0
09_LTAN06_800km_1213COLD_MX_ALL_HEAT_MX_0p5,3448.5,636.4806472150184,-704.0433608898275,949.0967644514928,8.619084681641185,-29.966527642277388,31.181427159202904,645.0997318966596,-734.0098885321048,977.2022209123631,1.0,115.7,-3.5193527849816064,-24.043360889827454,24.299568862505406,636.4806472150184,-704.0433608898275,949.0967644514928,949.0967644514928,1156.0,1.0,0.1,9.075169229569838,0.26412483712022095,9.079011976802045,9.075169229569838,0.26412483712022095,9.079011976802045,9.079011976802045,0.0,1.0,0.1,-4.727783835935952,0.26412483712022095,4.73515595613503,-4.727783835935952,0.26412483712022095,4.73515595613503,4.73515595613503,0.0,1.0,0.1,0.0,0.0,0.0,0.0,0.0,0.0,0.0,0.0,1.0,129.5,5.099731896659591,-14.00988853210481,14.909199914811294,645.0997318966596,-734.0098885321048,977.2022209123631,949.0967644514928,1294.0,1.0,0.5,3.8913008457052456,10.297597194842865,11.00830278739743,3.8913008457052456,-29.702402805157135,29.956217295773392,4.73515595613503,4.0
09_LTAN06_800km_1213COLD_MX_ALL_HEAT_MX_0p5,3509.0,645.7676339901844,-704.3312571485563,955.5618017196724,26.62715729173708,-74.47901056330522,79.0956921704832,672.3947912819215,-778.8102677118616,1028.9121383463605,1.0,129.5,5.767633990184436,15.668742851443653,16.696559657288606,645.7676339901844,-704.3312571485563,955.5618017196724,955.5618017196724,1294.0,1.0,0.1,18.36215600473588,-0.023771421608671517,18.36217139182464,18.36215600473588,-0.023771421608671517,18.36217139182464,18.36217139182464,0.0,1.0,0.1,-4.449704797802724,-0.023771421608671517,4.449768293751246,-4.449704797802724,-0.023771421608671517,4.449768293751246,4.449768293751246,0.0,1.0,0.1,0.0,0.0,0.0,0.0,0.0,0.0,0.0,0.0,1.0,144.3,-7.605208718078529,-18.81026771186157,20.28953846289855,672.3947912819215,-778.8102677118616,1028.9121383463605,955.5618017196724,1442.0,1.0,1.5,22.17745249393431,5.497218015086105,22.84860619438526,22.17745249393431,-74.5027819849139,77.73354438472701,4.449768293751246,14.0
09_LTAN06_800km_1213COLD_MX_ALL_HEAT_MX_0p5,3569.5,654.5111504042502,-704.6457041956925,961.7226286434869,5.066775649067029,-131.8013307126056,131.8986845768054,659.5779260533172,-836.4470349082981,1065.2167304092059,1.0,129.5,14.511150404250202,15.354295804307526,21.126473574663294,654.5111504042502,-704.6457041956925,961.7226286434869,961.7226286434869,1294.0,1.0,0.8,-12.894327581198354,-0.3382184687447989,12.898762557077042,27.105672418801646,-0.3382184687447989,27.10778244357115,27.10778244357115,7.0,1.0,0.1,-4.159417776539158,-0.3382184687447989,4.173146052127822,-4.159417776539158,-0.3382184687447989,4.173146052127822,4.173146052127822,0.0,1.0,0.1,0.0,0.0,0.0,0.0,0.0,0.0,0.0,0.0,1.0,175.70000000000002,19.577926053317242,3.5529650917019353,19.89770714157816,659.5779260533172,-836.4470349082981,1065.2167304092059,961.7226286434869,1756.0,1.0,3.3000000000000003,0.9073578725278821,-12.13954918135039,12.17341170893613,0.9073578725278821,-132.1395491813504,132.1426644054045,4.173146052127822,32.0
09_LTAN06_800km_1213COLD_MX_ALL_HEAT_MX_0p5,3630.0,662.7286227228213,-704.9584200253646,967.5616783134531,-4.974606369271694,-85.35049254442174,85.49534072746063,657.7540163535497,-790.3089125697863,1028.2161851072292,1.0,129.70000000000002,-17.271377277178658,15.041579974635397,22.903047857959777,662.7286227228213,-704.9584200253646,967.5616783134531,967.5616783134531,1296.0,1.0,0.8,-4.676855262627214,-0.650934298416928,4.721937166928358,35.323144737372786,-0.650934298416928,35.32914193124767,35.32914193124767,7.0,1.0,0.1,-3.8606994791608713,-0.650934298416928,3.915190407789711,-3.8606994791608713,-0.650934298416928,3.915190407789711,3.915190407789711,0.0,1.0,0.1,0.0,0.0,0.0,0.0,0.0,0.0,0.0,0.0,1.0,159.5,17.754016353549673,9.691087430213656,20.226771177381583,657.7540163535497,-790.3089125697863,1028.2161851072292,967.5616783134531,1594.0,1.0,1.5,-8.83530584843254,-6.001426842838669,10.680812402869492,-8.83530584843254,-86.00142684283867,86.45408057714498,3.915190407789711,14.0
09_LTAN06_800km_1213COLD_MX_ALL_HEAT_MX_0p5,3690.5,670.4414785884525,-705.2700449397908,973.0866418265358,170.11158744449395,-93.49185075513776,194.10996455748136,840.5530660329464,-798.7618956949285,1159.5473353130276,1.0,129.70000000000002,-9.558521411547531,14.72995506020925,17.55952469888626,670.4414785884525,-705.2700449397908,973.0866418265358,973.0866418265358,1296.0,1.0,0.8,3.036000603003913,-0.9625592128430753,3.1849364043367028,43.03600060300391,-0.9625592128430753,43.046763735964895,43.046763735964895,7.0,1.0,0.1,-3.547895657936351,-0.9625592128430753,3.6761506821446663,-3.547895657936351,-0.9625592128430753,3.6761506821446663,3.6761506821446663,0.0,1.0,0.1,0.0,0.0,0.0,0.0,0.0,0.0,0.0,0.0,1.0,176.8,0.5530660329463899,1.238104305071488,1.3560178122117752,840.5530660329464,-798.7618956949285,1159.5473353130276,973.0866418265358,1767.0,1.0,7.0,6.56369178655757,-14.454409967980837,15.874886374125236,166.56369178655757,-94.45440996798084,191.48132802956727,3.6761506821446663,69.0
09_LTAN06_800km_1213COLD_MX_ALL_HEAT_MX_0p5,3751.0,677.6717785903694,-705.5631167060271,978.2935914917144,15.525962659296749,-188.4378424409758,189.07637605028265,693.1977412496661,-894.000959147003,1131.2651428508705,1.0,129.70000000000002,-2.3282214096306006,14.436883293972869,14.62341321908313,677.6717785903694,-705.5631167060271,978.2935914917144,978.2935914917144,1296.0,1.0,0.8,10.266300604920843,-1.2556309790794558,10.342801229174913,50.26630060492084,-1.2556309790794558,50.28198072530446,50.28198072530446,7.0,1.0,0.1,-3.2376168035499404,-1.2556309790794558,3.472574221273458,-3.2376168035499404,-1.2556309790794558,3.472574221273458,3.472574221273458,0.0,1.0,0.1,0.0,0.0,0.0,0.0,0.0,0.0,0.0,0.0,1.0,192.9,13.197741249666137,-14.000959147002959,19.240770024330757,693.1977412496661,-894.000959147003,1131.2651428508705,978.2935914917144,1928.0,1.0,9.3,12.288345855746797,10.306526579944716,16.03832703287835,12.288345855746797,-189.69347342005528,190.09107633457091,3.472574221273458,92.0
09_LTAN06_800km_1213COLD_MX_ALL_HEAT_MX_0p5,3811.5,684.4416633209614,-705.8100522614171,983.1725282791565,25.003646757556492,-88.55786479594626,92.01998570089958,709.4453100785179,-794.3679170573633,1065.0507197511574,1.0,129.70000000000002,4.441663320961425,14.189947738582873,14.868859737064147,684.4416633209614,-705.8100522614171,983.1725282791565,983.1725282791565,1296.0,1.0,0.8,17.03618533551287,-1.5025665344694517,17.10231905258615,57.03618533551287,-1.5025665344694517,57.05597377854032,57.05597377854032,7.0,1.0,0.1,-2.925301141999398,-1.5025665344694517,3.2886308643401314,-2.925301141999398,-1.5025665344694517,3.2886308643401314,3.2886308643401314,0.0,1.0,0.1,0.0,0.0,0.0,0.0,0.0,0.0,0.0,0.0,1.0,159.9,-10.554689921482122,5.632082942636657,11.963353944917582,709.4453100785179,-794.3679170573633,1065.0507197511574,983.1725282791565,1598.0,1.0,1.5,22.078345615557055,-10.060431330415668,24.262432352795887,22.078345615557055,-90.06043133041567,92.72720548221274,3.2886308643401314,14.0
09_LTAN06_800km_1213COLD_MX_ALL_HEAT_MX_0p5,3872.0,690.7704285868173,-706.0112445177995,987.7325864805651,87.80740196929202,-99.35080969025128,132.59231963694336,778.5778305561093,-805.3620542080507,1120.1747527023044,1.0,129.70000000000002,10.770428586817275,13.988755482200531,17.6546711066654,690.7704285868173,-706.0112445177995,987.7325864805651,987.7325864805651,1296.0,1.0,0.8,23.36495060136872,-1.7037587908517935,23.42698680201543,63.36495060136872,-1.7037587908517935,63.38785182297396,63.38785182297396,7.0,1.0,0.1,-2.623926328501966,-1.7037587908517935,3.128543334334778,-2.623926328501966,-1.7037587908517935,3.128543334334778,3.128543334334778,0.0,1.0,0.1,0.0,0.0,0.0,0.0,0.0,0.0,0.0,0.0,1.0,160.10000000000002,18.577830556109348,-5.362054208050722,19.336168532095094,778.5778305561093,-805.3620542080507,1120.1747527023044,987.7325864805651,1600.0,1.0,1.9000000000000001,5.183475640790107,-21.054568481103047,21.6832486875035,85.1834756407901,-101.05456848110305,132.16750861367942,3.128543334334778,18.0
09_LTAN06_800km_1213COLD_MX_ALL_HEAT_MX_0p5,3932.5,696.6880220009424,-706.1312960998632,991.9655272897634,-35.71517911299084,-126.1804466640358,131.1376343366335,660.9728428879515,-832.311742763899,1062.8395627647944,1.0,129.70000000000002,16.688022000942397,13.86870390013678,21.698641113526133,696.6880220009424,-706.1312960998632,991.9655272897634,991.9655272897634,1296.0,1.0,2.2,-10.71745598450616,-1.8238103729155455,10.871529195848264,69.28254401549384,-1.8238103729155455,69.30654506996576,69.30654506996576,21.0,1.0,0.1,-2.315310467307654,-1.8238103729155455,2.9473626916921387,-2.315310467307654,-1.8238103729155455,2.9473626916921387,2.9473626916921387,0.0,1.0,0.1,0.0,0.0,0.0,0.0,0.0,0.0,0.0,0.0,1.0,175.70000000000002,20.972842887951515,7.688257236100981,22.337623824640737,660.9728428879515,-832.311742763899,1062.8395627647944,991.9655272897634,1756.0,1.0,3.1,1.9695104197014643,-8.004257036951344,8.243003215266736,-38.030489580298536,-128.00425703695134,133.53429506047914,2.9473626916921387,30.0
09_LTAN06_800km_1213COLD_MX_ALL_HEAT_MX_0p5,3993.0,702.218752456678,-706.1503000252457,995.8711877183503,24.19161342497839,-21.285331715081362,32.22265517186073,726.4103658816564,-727.435631740327,1028.0246193480828,1.0,129.9,-17.781247543322024,13.849699974754344,22.538565916836987,702.218752456678,-706.1503000252457,995.8711877183503,995.8711877183503,1298.0,1.0,2.2,-5.18672552877058,-1.8428142982979807,5.504369741288455,74.81327447122942,-1.8428142982979807,74.83596729945782,74.83596729945782,21.0,1.0,0.1,-2.0003826041511275,-1.8428142982979807,2.7198336531857836,-2.0003826041511275,-1.8428142982979807,2.7198336531857836,2.7198336531857836,0.0,1.0,0.1,0.0,0.0,0.0,0.0,0.0,0.0,0.0,0.0,1.0,129.9,6.410365881656389,-7.4356317403270396,9.817403430360963,726.4103658816564,-727.435631740327,1028.0246193480828,995.8711877183503,1298.0,1.0,0.7000000000000001,-17.808769179172714,16.871853986620636,24.53185106393112,22.191230820827286,-23.128146013379364,32.05248607143338,2.7198336531857836,6.0
09_LTAN06_800km_1213COLD_MX_ALL_HEAT_MX_0p5,4053.5,707.3784888639847,-706.0727018470418,999.461348327726,-17.674058558596077,-41.338847809032075,44.95856630399816,689.7044303053885,-747.4115496560739,1017.0133852325516,1.0,129.9,-12.621511136015329,13.927298152958201,18.795536097647012,707.3784888639847,-706.0727018470418,999.461348327726,999.461348327726,1298.0,1.0,2.2,-0.026989121463884658,-1.7652161200941237,1.765422431974156,79.97301087853612,-1.7652161200941237,79.99249000330654,79.99249000330654,21.0,1.0,0.1,-1.6865309674348055,-1.7652161200941237,2.4413878542248737,-1.6865309674348055,-1.7652161200941237,2.4413878542248737,2.4413878542248737,0.0,1.0,0.1,0.0,0.0,0.0,0.0,0.0,0.0,0.0,0.0,1.0,144.3,9.704430305388541,12.58845034392607,15.894812034548755,689.7044303053885,-747.4115496560739,1017.0133852325516,999.461348327726,1442.0,1.0,0.30000000000000004,20.639410473969065,-3.104063929126255,20.871523125758856,-19.360589526030935,-43.104063929126255,47.25243648746233,2.4413878542248737,2.0
09_LTAN06_800km_1213COLD_MX_ALL_HEAT_MX_0p5,4114.0,712.2036182813767,-705.8720897728252,1002.7409441193375,-19.775374843970532,-36.82469605681017,41.79860870765907,692.4282434374062,-742.6967858296354,1015.4089757292295,1.0,129.9,-7.796381718623252,14.127910227174766,16.136338348262043,712.2036182813767,-705.8720897728252,1002.7409441193375,1002.7409441193375,1298.0,1.0,2.2,4.798140295928192,-1.5646040458775587,5.046794638162554,84.79814029592819,-1.5646040458775587,84.81257326286179,84.81257326286179,21.0,1.0,0.1,-1.3899637684208983,-1.5646040458775587,2.092841393393023,-1.3899637684208983,-1.5646040458775587,2.092841393393023,2.092841393393023,0.0,1.0,0.1,0.0,0.0,0.0,0.0,0.0,0.0,0.0,0.0,1.0,144.3,12.428243437406195,17.30321417036464,21.30404786806812,692.4282434374062,-742.6967858296354,1015.4089757292295,1002.7409441193375,1442.0,1.0,0.30000000000000004,18.83466138760855,1.6106998973123154,18.903407728372,-21.16533861239145,-38.389300102687685,43.83731197223896,2.092841393393023,2.0
09_LTAN06_800km_1213COLD_MX_ALL_HEAT_MX_0p5,4174.5,716.7130581802796,-705.5480490678696,1005.7214610962649,-95.74983248675817,-21.396085649193605,98.11127816082042,620.9632256935215,-726.9441347170632,956.0560143962502,1.0,129.9,-3.2869418197203686,14.451950932130444,14.821028043659208,716.7130581802796,-705.5480490678696,1005.7214610962649,1005.7214610962649,1298.0,1.0,2.2,9.307580194831075,-1.2405633409218808,9.389890653572646,89.30758019483108,-1.2405633409218808,89.31619605457357,89.31619605457357,21.0,1.0,0.1,-1.118502171267778,-1.2405633409218808,1.6703426325068735,-1.118502171267778,-1.2405633409218808,1.6703426325068735,1.6703426325068735,0.0,1.0,0.1,0.0,0.0,0.0,0.0,0.0,0.0,0.0,0.0,1.0,129.3,20.963225693521508,-6.944134717063207,22.08342904637418,620.9632256935215,-726.9441347170632,956.0560143962502,1005.7214610962649,1292.0,1.0,2.1,-16.8683346580259,17.363351009884468,24.207987781466137,-96.8683346580259,-22.636648990115532,99.4780987801888,1.6703426325068735,20.0
09_LTAN06_800km_1213COLD_MX_ALL_HEAT_MX_0p5,4235.0,720.9220881176259,-705.1041739931383,1008.4148716269627,-44.19653258598029,-36.09540752718105,57.06322753908069,676.7255555316456,-741.1995815203193,1003.6604491338247,1.0,129.9,0.9220881176258899,14.89582600686174,14.924338475234519,720.9220881176259,-705.1041739931383,1008.4148716269627,1008.4148716269627,1298.0,1.0,2.2,13.516610132177334,-0.7966882661905856,13.540068746456376,93.51661013217733,-0.7966882661905856,93.52000365059412,93.52000365059412,21.0,1.0,0.1,-0.8686934600580116,-0.7966882661905856,1.178702897694462,-0.8686934600580116,-0.7966882661905856,1.178702897694462,1.178702897694462,0.0,1.0,0.1,0.0,0.0,0.0,0.0,0.0,0.0,0.0,0.0,1.0,129.70000000000002,-3.2744444683544316,-21.19958152031927,21.450973013199174,676.7255555316456,-741.1995815203193,1003.6604491338247,1008.4148716269627,1296.0,1.0,0.30000000000000004,-5.065226046038333,3.1079042066284046,5.9426916001963,-45.06522604603833,-36.892095793371595,58.24003202787441,1.178702897694462,2.0
09_LTAN06_800km_1213COLD_MX_ALL_HEAT_MX_0p5,4295.5,724.8696132739276,-704.5169551968072,1010.8313887131095,-42.62094295564532,-75.02296336558226,86.28435437888997,682.2486703182823,-779.5399185623894,1035.9274746734545,1.0,129.9,4.869613273927598,15.483044803192797,16.230767382206157,724.8696132739276,-704.5169551968072,1010.8313887131095,1010.8313887131095,1298.0,1.0,2.2,17.464135288479042,-0.20946946985952763,17.465391459486447,97.46413528847904,-0.20946946985952763,97.46436038362818,97.46436038362818,21.0,1.0,0.1,-0.6311045229210777,-0.20946946985952763,0.6649589292991505,-0.6311045229210777,-0.20946946985952763,0.6649589292991505,0.6649589292991505,0.0,1.0,0.1,0.0,0.0,0.0,0.0,0.0,0.0,0.0,0.0,1.0,144.3,2.2486703182822794,-19.539918562389403,19.6688824193225,682.2486703182823,-779.5399185623894,1035.9274746734545,1010.8313887131095,1442.0,1.0,1.3,-3.2520474785663964,4.7675671645582725,5.771092571725415,-43.252047478566396,-75.23243283544173,86.77936714120133,0.6649589292991505,12.0
09_LTAN06_800km_1213COLD_MX_ALL_HEAT_MX_0p5,4356.0,728.5670058180276,-703.7896451665068,1012.9806249925234,0.9172472736469182,-22.121097202714807,22.140105781431345,729.4842530916745,-725.9107423692217,1029.1227727515084,1.0,129.9,8.56700581802761,16.21035483349317,18.334917303164318,728.5670058180276,-703.7896451665068,1012.9806249925234,1012.9806249925234,1298.0,1.0,2.2,21.161527832579054,0.5178405604408454,21.167862883509418,101.16152783257905,0.5178405604408454,101.16285322324448,101.16285322324448,21.0,1.0,0.1,-0.39939502056085985,0.5178405604408454,0.6539688283752509,-0.39939502056085985,0.5178405604408454,0.6539688283752509,0.6539688283752509,0.0,1.0,0.1,0.0,0.0,0.0,0.0,0.0,0.0,0.0,0.0,1.0,129.9,9.484253091674532,-5.91074236922168,11.175326933125948,729.4842530916745,-725.9107423692217,1029.1227727515084,1012.9806249925234,1298.0,1.0,0.1,0.5178522530860619,-21.603256642274005,21.60946247614647,0.5178522530860619,-21.603256642274005,21.60946247614647,0.6539688283752509,0.0
09_LTAN06_800km_1213COLD_MX_ALL_HEAT_MX_0p5,4416.5,732.033881317759,-702.9210001054477,1014.8751331008094,-12.833680152653928,14.882039912329777,19.65142382151481,719.200201165105,-688.0389601931179,995.3122827030492,1.0,129.9,12.033881317758983,17.07899989455234,20.892738857508068,732.033881317759,-702.9210001054477,1014.8751331008094,1014.8751331008094,1298.0,1.0,2.2,24.628403332310427,1.3864856215000145,24.667399398347317,104.62840333231043,1.3864856215000145,104.63758945162705,104.63758945162705,21.0,1.0,0.1,-0.17372491152627845,1.3864856215000145,1.3973269923361156,-0.17372491152627845,1.3864856215000145,1.3973269923361156,1.3973269923361156,0.0,1.0,0.1,0.0,0.0,0.0,0.0,0.0,0.0,0.0,0.0,1.0,130.0,-0.7997988348950003,-8.038960193117873,8.07864834999229,719.200201165105,-688.0389601931179,995.3122827030492,1014.8751331008094,1299.0,1.0,0.1,-13.007405064180261,16.268525533829802,20.82924649497755,-13.007405064180261,16.268525533829802,20.82924649497755,1.3973269923361156,0.0
09_LTAN06_800km_1213COLD_MX_ALL_HEAT_MX_0p5,4477.0,735.3032135893392,-701.9019767992972,1016.5319478253355,-63.1185563904711,-157.1096986263658,169.3145285062229,672.1846571988681,-859.011675425663,1090.7489499839844,1.0,129.9,15.30321358933918,18.098023200702755,23.700776146238553,735.3032135893392,-701.9019767992972,1016.5319478253355,1016.5319478253355,1298.0,1.0,4.4,-12.102264396109376,2.4055089276504305,12.339014414220552,107.89773560389062,2.4055089276504305,107.92454689109466,107.92454689109466,43.0,1.0,0.1,0.04454423518166095,2.4055089276504305,2.4059213183090264,0.04454423518166095,2.4055089276504305,2.4059213183090264,2.4059213183090264,0.0,1.0,0.1,0.0,0.0,0.0,0.0,0.0,0.0,0.0,0.0,1.0,175.9,-7.815342801131919,-19.011675425663043,20.55537364267467,672.1846571988681,-859.011675425663,1090.7489499839844,1016.5319478253355,1758.0,1.0,5.5,16.925987844710562,5.295810301284632,17.735125352432163,-63.07401215528944,-154.70418969871537,167.06800208209145,2.4059213183090264,54.0
09_LTAN06_800km_1213COLD_MX_ALL_HEAT_MX_0p5,4537.5,738.3842068928521,-700.738985190437,1017.9618668469412,75.78121846698848,-116.92698326177187,139.33668751280157,814.1654253598406,-817.6659684522089,1153.8816992292834,0.0,nan,nan,nan,nan,738.3842068928521,-700.738985190437,1017.9618668469412,1017.9618668469412,nan,1.0,4.4,-9.021271092596407,3.568500536510669,9.701418875875452,110.97872890740359,3.568500536510669,111.03608632324023,111.03608632324023,43.0,1.0,0.1,0.2611972886076046,3.568500536510669,3.57804696764211,0.2611972886076046,3.568500536510669,3.57804696764211,3.57804696764211,0.0,1.0,0.1,0.0,0.0,0.0,0.0,0.0,0.0,0.0,0.0,1.0,160.3,14.165425359840583,-17.66596845220886,22.643889175220174,814.1654253598406,-817.6659684522089,1153.8816992292834,1017.9618668469412,1602.0,1.0,3.7,-3.957584244403961,6.641517274738817,7.731249883570483,76.04241575559604,-113.35848272526118,136.50126226420127,3.57804696764211,36.0
09_LTAN06_800km_1213COLD_MX_ALL_HEAT_MX_0p5,4598.0,741.3029096800641,-699.449174137735,1019.1953449177879,80.90332727801254,-91.61804432207678,122.2260790913921,822.2062369580766,-791.0672184598118,1140.9690794296332,0.0,nan,nan,nan,nan,741.3029096800641,-699.449174137735,1019.1953449177879,1019.1953449177879,nan,1.0,4.4,-6.102568305384466,4.85831158921269,7.800290470217206,113.89743169461553,4.85831158921269,114.00100060143107,114.00100060143107,43.0,1.0,0.1,0.46404304450697964,4.85831158921269,4.8804228756362535,0.46404304450697964,4.85831158921269,4.8804228756362535,4.8804228756362535,0.0,1.0,0.1,0.0,0.0,0.0,0.0,0.0,0.0,0.0,0.0,1.0,160.3,22.2062369580766,8.932781540188216,23.935570723986814,822.2062369580766,-791.0672184598118,1140.9690794296332,1019.1953449177879,1602.0,1.0,1.9000000000000001,1.3673703225194913,-6.759732732864109,6.896643257314498,81.36737032251949,-86.75973273286411,118.94494599216917,4.8804228756362535,18.0
09_LTAN06_800km_1213COLD_MX_ALL_HEAT_MX_0p5,4658.5,744.0841406747988,-698.0483538091213,1020.2611002382567,7.007488873114305,-126.08140099943918,126.27598575456936,751.0916295479132,-824.1297548085605,1115.0464065399958,1.0,145.0,-15.915859325201154,-18.048353809121295,24.063616795461478,744.0841406747988,-698.0483538091213,1020.2611002382567,1020.2611002382567,1449.0,1.0,4.4,-3.32133731064971,6.25913191782638,7.085761349062413,116.67866268935029,6.25913191782638,116.84642510295271,116.84642510295271,43.0,1.0,0.1,0.6491333731923987,6.25913191782638,6.292702638846451,0.6491333731923987,6.25913191782638,6.292702638846451,6.292702638846451,0.0,1.0,0.1,0.0,0.0,0.0,0.0,0.0,0.0,0.0,0.0,1.0,176.3,-8.908370452086842,15.870245191439494,18.199553471116328,751.0916295479132,-824.1297548085605,1115.0464065399958,1020.2611002382567,1762.0,1.0,3.3000000000000003,7.656622246306711,0.17773091838716937,7.658684776251701,7.656622246306711,-119.82226908161283,120.06664829205931,6.292702638846451,32.0
09_LTAN06_800km_1213COLD_MX_ALL_HEAT_MX_0p5,4719.0,746.7340334416912,-696.5404460071717,1021.1661518205382,-0.2827572839693424,-190.26039269976872,190.26060281086004,746.4512761577218,-886.8008387069403,1159.1398686995562,1.0,145.0,-13.265966558308833,-16.54044600717168,21.20311823393743,746.7340334416912,-696.5404460071717,1021.1661518205382,1021.1661518205382,1449.0,1.0,4.4,-0.6714445437573886,7.767039719775994,7.796008195475395,119.32855545624261,7.767039719775994,119.581064777339,119.581064777339,43.0,1.0,0.1,0.8166683351402071,7.767039719775994,7.809856156050419,0.8166683351402071,7.767039719775994,7.809856156050419,7.809856156050419,0.0,1.0,0.1,0.0,0.0,0.0,0.0,0.0,0.0,0.0,0.0,1.0,193.3,-13.54872384227815,-6.80083870694034,15.15979303526715,746.4512761577218,-886.8008387069403,1159.1398686995562,1021.1661518205382,1932.0,1.0,5.9,0.5339110511708896,-22.493352979992665,22.499688648803726,0.5339110511708896,-182.49335297999266,182.49413399583767,7.809856156050419,58.0
09_LTAN06_800km_1213COLD_MX_ALL_HEAT_MX_0p5,4779.5,749.2798797045625,-694.936859815516,1021.9381474728956,27.6021970479112,-167.03757284593078,169.30278209211846,776.8820767524737,-861.9744326614467,1160.4075507084824,1.0,145.0,-10.720120295437482,-14.936859815515959,18.385612861610735,749.2798797045625,-694.936859815516,1021.9381474728956,1021.9381474728956,1449.0,1.0,4.4,1.874401719113962,9.370625911431716,9.556255112574846,121.87440171911396,9.370625911431716,122.23411317780305,122.23411317780305,43.0,1.0,0.1,0.9692454811982998,9.370625911431716,9.42061923521054,0.9692454811982998,9.370625911431716,9.42061923521054,9.42061923521054,0.0,1.0,0.1,0.0,0.0,0.0,0.0,0.0,0.0,0.0,0.0,1.0,193.3,16.882076752473722,18.025567338553287,24.696671705983636,776.8820767524737,-861.9744326614467,1160.4075507084824,1021.9381474728956,1932.0,1.0,6.1000000000000005,-11.428557470890496,2.3330530655009625,11.66426433479156,28.571442529109504,-157.66694693449904,160.2348073417269,9.42061923521054,60.0
09_LTAN06_800km_1213COLD_MX_ALL_HEAT_MX_0p5,4840.0,751.734987070764,-693.2461300497,1022.5926303348598,46.84112001828402,-66.34453496026379,81.21384022234727,798.576107089048,-759.5906650099638,1102.1350993339145,1.0,145.0,-8.265012929236036,-13.246130049700014,15.613148305643053,751.734987070764,-693.2461300497,1022.5926303348598,1022.5926303348598,1449.0,1.0,4.4,4.329509085315408,11.061355677247661,11.878477947043876,124.32950908531541,11.061355677247661,124.82059292766601,124.82059292766601,43.0,1.0,0.1,1.1172102383292213,11.061355677247661,11.117632307969476,1.1172102383292213,11.061355677247661,11.117632307969476,11.117632307969476,0.0,1.0,0.1,0.0,0.0,0.0,0.0,0.0,0.0,0.0,0.0,1.0,160.4,-1.4238929109519631,0.4093349900362,1.4815620661744788,798.576107089048,-759.5906650099638,1102.1350993339145,1022.5926303348598,1603.0,1.0,0.7000000000000001,7.958330256613294,-15.283179283016125,17.231093681775974,47.958330256613294,-55.283179283016125,73.18627844507803,11.117632307969476,6.0
09_LTAN06_800km_1213COLD_MX_ALL_HEAT_MX_0p5,4900.5,754.1039249063136,-691.4738591302754,1023.1367589035315,-76.85075950966667,-66.17523714534966,101.41598122808794,677.253165396647,-757.6490962756251,1016.2204500633952,1.0,145.0,-5.896075093686363,-11.4738591302754,12.900121892904455,754.1039249063136,-691.4738591302754,1023.1367589035315,1023.1367589035315,1449.0,1.0,4.4,6.698446920865081,12.833626596672275,14.476572894661944,126.69844692086508,12.833626596672275,127.34676448101098,127.34676448101098,43.0,1.0,0.1,1.2554216473517954,12.833626596672275,12.894884843822899,1.2554216473517954,12.833626596672275,12.894884843822899,12.894884843822899,0.0,1.0,0.1,0.0,0.0,0.0,0.0,0.0,0.0,0.0,0.0,1.0,144.3,-2.7468346033530224,2.3509037243749162,3.615501162972764,677.253165396647,-757.6490962756251,1016.2204500633952,1023.1367589035315,1442.0,1.0,2.1,4.404662137685136,-13.341610548677409,14.049897529154343,-75.59533786231486,-53.34161054867741,92.52017359713669,12.894884843822899,20.0
09_LTAN06_800km_1213COLD_MX_ALL_HEAT_MX_0p5,4961.0,756.4203448949016,-689.6879677062553,1023.6411631864491,47.5324838268439,-99.90219375396366,110.6335633323074,803.9528287217455,-789.590161460219,1126.850821486354,1.0,145.0,-3.579655105098368,-9.687967706255336,10.328148379496833,756.4203448949016,-689.6879677062553,1023.6411631864491,1023.6411631864491,1449.0,1.0,4.4,9.014866909453076,14.61951802069234,17.175509673733124,129.01486690945308,14.61951802069234,129.8405413991379,129.8405413991379,43.0,1.0,0.1,1.3731734247363647,14.61951802069234,14.683865717574179,1.3731734247363647,14.61951802069234,14.683865717574179,14.683865717574179,0.0,1.0,0.1,0.0,0.0,0.0,0.0,0.0,0.0,0.0,0.0,1.0,160.3,3.9528287217455045,10.409838539781049,11.135061442478305,803.9528287217455,-789.590161460219,1126.850821486354,1023.6411631864491,1602.0,1.0,1.7000000000000002,8.905657251580237,-5.282675733271276,10.354583235723052,48.90565725158024,-85.28267573327128,98.31021356621773,14.683865717574179,16.0
09_LTAN06_800km_1213COLD_MX_ALL_HEAT_MX_0p5,5021.5,758.6903370519161,-687.8927776460258,1024.113031395224,-42.50112638936642,-90.69178921330118,100.15660924309863,716.1892106625497,-778.584566859327,1057.88511343197,1.0,145.0,-1.3096629480838828,-7.89277764602582,8.000697220067051,758.6903370519161,-687.8927776460258,1024.113031395224,1024.113031395224,1449.0,1.0,4.4,11.284859066467561,16.414708080921855,19.919605556634806,131.28485906646756,16.414708080921855,132.30705522187444,132.30705522187444,43.0,1.0,0.1,1.4784020291922388,16.414708080921855,16.481150261489667,1.4784020291922388,16.414708080921855,16.481150261489667,16.481150261489667,0.0,1.0,0.1,0.0,0.0,0.0,0.0,0.0,0.0,0.0,0.0,1.0,144.5,-3.8107893374502737,-18.58456685932697,18.97124773764812,716.1892106625497,-778.584566859327,1057.88511343197,1024.113031395224,1444.0,1.0,1.3,-1.022724360174152,5.722918867620706,5.8135845639555885,-41.02272436017415,-74.2770811323793,84.85251142704547,16.481150261489667,12.0
09_LTAN06_800km_1213COLD_MX_ALL_HEAT_MX_0p5,5082.0,760.9225743362929,-686.1009854702658,1024.5670921895944,-25.569236078232798,-109.56509980094998,112.50909709004216,735.35333825806,-795.6660852712157,1083.4339164610337,1.0,145.0,0.9225743362928824,-6.100985470265755,6.170345785641199,760.9225743362929,-686.1009854702658,1024.5670921895944,1024.5670921895944,1449.0,1.0,4.4,13.517096350844326,18.20650025668192,22.67572590579115,133.51709635084433,18.20650025668192,134.75270561126857,134.75270561126857,43.0,1.0,0.1,1.573275992732988,18.20650025668192,18.274349480785048,1.573275992732988,18.20650025668192,18.274349480785048,18.274349480785048,0.0,1.0,0.1,0.0,0.0,0.0,0.0,0.0,0.0,0.0,0.0,1.0,159.9,15.353338258060035,4.333914728784293,15.95330099204498,735.35333825806,-795.6660852712157,1083.4339164610337,1024.5670921895944,1598.0,1.0,1.3,16.00403991450014,-11.358599544268031,19.625164386367814,-23.99596008549986,-91.35859954426803,94.45739680466974,18.274349480785048,12.0
09_LTAN06_800km_1213COLD_MX_ALL_HEAT_MX_0p5,5142.5,763.1468955296776,-684.3736218185676,1025.066065381958,-62.13514628947542,10.862313793591131,63.07746242014617,701.0117492402022,-673.5113080249764,972.1290833064933,1.0,145.0,3.1468955296776357,-4.373621818567585,5.388090504673759,763.1468955296776,-684.3736218185676,1025.066065381958,1025.066065381958,1449.0,0.0,nan,nan,nan,nan,135.74141754422908,19.93386390838009,137.19727171935514,137.19727171935514,nan,1.0,0.1,1.6555630372840824,19.93386390838009,20.002495326539627,1.6555630372840824,19.93386390838009,20.002495326539627,20.002495326539627,0.0,1.0,0.1,0.0,0.0,0.0,0.0,0.0,0.0,0.0,0.0,1.0,115.9,21.01174924020222,6.488691975023585,21.99083285553037,701.0117492402022,-673.5113080249764,972.1290833064933,1025.066065381958,1158.0,1.0,0.2,-20.479583252191333,-9.20382229802874,22.4526986145792,-60.47958325219133,30.79617770197126,67.86887763481974,20.002495326539627,1.0
09_LTAN06_800km_1213COLD_MX_ALL_HEAT_MX_0p5,5203.0,765.3629586235185,-682.7079800744009,1025.6074514599698,-9.791464266639652,-75.5366659309689,76.16863312710605,755.5714943568788,-758.2446460053698,1070.4313272137058,1.0,145.0,5.362958623518466,-2.7079800744008935,6.007868280923222,765.3629586235185,-682.7079800744009,1025.6074514599698,1025.6074514599698,1449.0,0.0,nan,nan,nan,nan,137.9574806380699,21.59950565254678,139.63812197404346,139.63812197404346,nan,1.0,0.1,1.7290565371209823,21.59950565254678,21.66860126872432,1.7290565371209823,21.59950565254678,21.66860126872432,21.66860126872432,0.0,1.0,0.1,0.0,0.0,0.0,0.0,0.0,0.0,0.0,0.0,1.0,144.70000000000002,-4.428505643121184,1.7553539946302408,4.763709676042455,755.5714943568788,-758.2446460053698,1070.4313272137058,1025.6074514599698,1446.0,1.0,0.5,-8.062407729518668,-13.937160278422084,16.101144525263685,-8.062407729518668,-53.937160278422084,54.53640689756885,21.66860126872432,4.0
09_LTAN06_800km_1213COLD_MX_ALL_HEAT_MX_0p5,5263.5,767.5807390617576,-681.1355286419955,1026.2191770557617,34.94935489943874,-119.98233381196508,124.9688674624714,802.5300939611964,-801.1178624539606,1133.9507843183362,1.0,145.0,7.58073906175764,-1.1355286419955064,7.665313432551226,767.5807390617576,-681.1355286419955,1026.2191770557617,1026.2191770557617,1449.0,0.0,nan,nan,nan,nan,140.17526107630908,23.17195708495217,142.07759644982133,142.07759644982133,nan,1.0,0.1,1.7957317971755629,23.17195708495217,23.241433859257747,1.7957317971755629,23.17195708495217,23.241433859257747,23.241433859257747,0.0,1.0,0.1,0.0,0.0,0.0,0.0,0.0,0.0,0.0,0.0,1.0,160.3,2.5300939611963713,-1.1178624539605835,2.76604264581317,802.5300939611964,-801.1178624539606,1133.9507843183362,1026.2191770557617,1602.0,1.0,1.7000000000000002,-3.254913303385706,-16.81037672701291,17.122594030013516,36.745086696614294,-96.81037672701291,103.54926575484667,23.241433859257747,16.0
09_LTAN06_800km_1213COLD_MX_ALL_HEAT_MX_0p5,5324.0,769.8160622290521,-679.7067770298266,1026.9459929354211,112.70830120941501,-98.04599350007598,149.38600337022595,882.5243634384672,-777.7527705299026,1176.3284507863486,1.0,145.0,9.816062229052136,0.2932229701733604,9.820440794325949,769.8160622290521,-679.7067770298266,1026.9459929354211,1026.9459929354211,1449.0,1.0,7.6000000000000005,-17.58941575639642,-15.399291302878964,23.37788953867073,142.41058424360358,24.600708697121036,144.51978886299662,144.51978886299662,75.0,1.0,0.1,1.858624654158234,24.600708697121036,24.670819889206182,1.858624654158234,24.600708697121036,24.670819889206182,24.670819889206182,0.0,1.0,0.1,0.0,0.0,0.0,0.0,0.0,0.0,0.0,0.0,1.0,194.20000000000002,2.5243634384671623,22.24722947009741,22.389989501217734,882.5243634384672,-777.7527705299026,1176.3284507863486,1026.9459929354211,1941.0,1.0,4.0,-5.43307413642674,6.554715197045084,8.51367052958258,114.56692586357326,-73.44528480295492,136.08743645765634,24.670819889206182,39.0
09_LTAN06_800km_1213COLD_MX_ALL_HEAT_MX_0p5,5384.5,772.0687388926353,-678.4171778215634,1027.7840263103135,22.154479679609366,-108.53660799568732,110.77461913761528,794.2232185722447,-786.9537858172507,1118.0727981358632,1.0,145.0,12.068738892635338,1.5828221784365724,12.172090391841474,772.0687388926353,-678.4171778215634,1027.7840263103135,1027.7840263103135,1449.0,1.0,7.6000000000000005,-15.336739092813218,-14.109692094615752,20.839841098383822,144.66326090718678,25.890307905384248,146.96178788969735,146.96178788969735,75.0,1.0,0.4,1.9174398758949565,-14.109692094615752,14.239381541434106,1.9174398758949565,25.890307905384248,25.96121374499417,25.96121374499417,3.0,1.0,0.1,0.0,0.0,0.0,0.0,0.0,0.0,0.0,0.0,1.0,160.3,-5.776781427755282,13.046214182749281,14.26796790598531,794.2232185722447,-786.9537858172507,1118.0727981358632,1027.7840263103135,1602.0,1.0,1.5,24.071919555504337,-2.6463000903030434,24.21694066670293,24.071919555504337,-82.64630009030304,86.08059148090874,25.96121374499417,14.0
09_LTAN06_800km_1213COLD_MX_ALL_HEAT_MX_0p5,5445.0,774.344494835075,-677.3098924725539,1028.7653216951717,106.3680339267546,-66.65546237222287,125.52732493564115,880.7125287618296,-743.9653548447768,1152.882911456047,1.0,145.0,14.344494835075011,2.6901075274461164,14.594560993147958,774.344494835075,-677.3098924725539,1028.7653216951717,1028.7653216951717,1449.0,1.0,7.6000000000000005,-13.060983150373545,-13.002406745606208,18.429646280721926,146.93901684962646,26.99759325439379,149.3986101483695,149.3986101483695,75.0,1.0,0.4,1.9753171689803821,-13.002406745606208,13.151595306131288,1.9753171689803821,26.99759325439379,27.069760239938546,27.069760239938546,3.0,1.0,0.1,0.0,0.0,0.0,0.0,0.0,0.0,0.0,0.0,1.0,194.4,0.712528761829617,16.03464515522319,16.050468606565882,880.7125287618296,-743.9653548447768,1152.882911456047,1028.7653216951717,1943.0,1.0,4.2,-11.656648904265012,0.3421308821708635,11.661668714975473,108.34335109573499,-39.65786911782914,115.3734298251576,27.069760239938546,41.0
09_LTAN06_800km_1213COLD_MX_ALL_HEAT_MX_0p5,5505.5,776.646305782573,-676.4089827531571,1029.9070813597111,49.470690087886496,-61.40611582488006,78.854677974552,826.1169958704595,-737.8150985780372,1107.6282817605154,1.0,145.0,16.646305782572995,3.5910172468428527,17.029236655647427,776.646305782573,-676.4089827531571,1029.9070813597111,1029.9070813597111,1449.0,1.0,7.6000000000000005,-10.759172202875561,-12.101497026209472,16.19277668488289,149.24082779712444,27.898502973790528,151.82605556935724,151.82605556935724,75.0,1.0,0.4,2.0314840485631294,-12.101497026209472,12.270825469988688,2.0314840485631294,27.898502973790528,27.972368430616765,27.972368430616765,3.0,1.0,0.1,0.0,0.0,0.0,0.0,0.0,0.0,0.0,0.0,1.0,177.20000000000002,-13.883004129540495,-17.815098578037237,22.585737557273237,826.1169958704595,-737.8150985780372,1107.6282817605154,1029.9070813597111,1771.0,1.0,0.7000000000000001,11.50217413644964,6.4923871489104386,13.207993820279762,51.50217413644964,-33.50761285108956,61.442933359009515,27.972368430616765,6.0
09_LTAN06_800km_1213COLD_MX_ALL_HEAT_MX_0p5,5566.0,778.9732478561687,-675.7066195385249,1031.2025778496527,85.80883768394297,-103.84946456469036,134.71402271123134,864.7820855401117,-779.5560841032153,1164.2833605842884,1.0,145.0,18.973247856168655,4.293380461475067,19.45294964776767,778.9732478561687,-675.7066195385249,1031.2025778496527,1031.2025778496527,1449.0,1.0,7.6000000000000005,-8.432230129279901,-11.399133811577258,14.178954707854158,151.5677698707201,28.600866188422742,154.2426607988582,154.2426607988582,75.0,1.0,0.4,2.0914906055362508,-11.399133811577258,11.589416922662256,2.0914906055362508,28.600866188422742,28.677236262950963,28.677236262950963,3.0,1.0,0.1,0.0,0.0,0.0,0.0,0.0,0.0,0.0,0.0,1.0,194.4,-15.217914459888334,-19.556084103215312,24.779534821309884,864.7820855401117,-779.5560841032153,1164.2833605842884,1031.2025778496527,1943.0,1.0,1.9000000000000001,7.900328289479262,4.751401623732363,9.219056593358827,87.90032828947926,-75.24859837626764,115.7100655560745,28.677236262950963,18.0
09_LTAN06_800km_1213COLD_MX_ALL_HEAT_MX_0p5,5626.5,781.3227464253146,-675.2550503050802,1032.6832123377008,37.805987050518084,-147.39446985163386,152.16577276019777,819.1287334758326,-822.6495201567141,1160.9152057836927,1.0,145.0,21.322746425314563,4.7449496949197965,21.844314196732853,781.3227464253146,-675.2550503050802,1032.6832123377008,1032.6832123377008,1449.0,1.0,7.6000000000000005,-6.082731560133993,-10.947564578132528,12.523928833438498,153.917268439866,29.05243542186747,156.63514780511923,156.63514780511923,75.0,1.0,0.4,2.137551149065075,-10.947564578132528,11.154294917530711,2.137551149065075,29.05243542186747,29.130965120583447,29.130965120583447,3.0,1.0,0.1,0.0,0.0,0.0,0.0,0.0,0.0,0.0,0.0,0.0,nan,nan,nan,nan,819.1287334758326,-822.6495201567141,1160.9152057836927,1032.6832123377008,nan,1.0,3.5,-0.05646180041685511,1.657965570233614,1.6589266912634764,39.943538199583145,-118.34203442976639,124.90125442475576,29.130965120583447,34.0
09_LTAN06_800km_1213COLD_MX_ALL_HEAT_MX_0p5,5687.0,783.6942121599567,-675.0567342911467,1034.3491734829408,45.7017295359773,-178.446841972046,184.20619830064345,829.395941695934,-853.5035762631926,1190.1117522299091,1.0,145.0,23.69421215995669,4.943265708853346,24.20437079846045,783.6942121599567,-675.0567342911467,1034.3491734829408,1034.3491734829408,1449.0,1.0,7.6000000000000005,-3.7112658254918642,-10.749248564198979,11.371888089600496,156.28873417450814,29.25075143580102,159.0024367405389,159.0024367405389,75.0,1.0,0.4,2.1835822096313677,-10.749248564198979,10.96879099815255,2.1835822096313677,29.25075143580102,29.332140917860634,29.332140917860634,3.0,1.0,0.1,0.0,0.0,0.0,0.0,0.0,0.0,0.0,0.0,1.0,176.70000000000002,-10.60405830406603,-13.503576263192599,17.169526039232718,829.395941695934,-853.5035762631926,1190.1117522299091,1034.3491734829408,1766.0,1.0,6.1000000000000005,7.885311745608647,10.803909463755076,13.37544769443065,47.88531174560865,-149.19609053624492,156.69229882886242,29.332140917860634,60.0
09_LTAN06_800km_1213COLD_MX_ALL_HEAT_MX_0p5,5747.5,786.0869026994989,-675.1030715458108,1036.1934065637938,29.151446794122254,-97.62450337531915,101.88400516993941,815.2383494936212,-772.72757492113,1123.2637586642659,1.0,160.8,-13.913097300501136,4.896928454189151,14.749718125396814,786.0869026994989,-675.1030715458108,1036.1934065637938,1036.1934065637938,1607.0,1.0,7.6000000000000005,-1.3185752859496915,-10.795585818863174,10.875813254978082,158.6814247140503,29.204414181136826,161.3464978143133,161.3464978143133,75.0,1.0,0.4,2.23568363901029,-10.795585818863174,11.024652126311194,2.23568363901029,29.204414181136826,29.289863246473583,29.289863246473583,3.0,1.0,0.1,0.0,0.0,0.0,0.0,0.0,0.0,0.0,0.0,1.0,160.4,15.238349493621172,-12.727574921129985,19.85443171341657,815.2383494936212,-772.72757492113,1123.2637586642659,1036.1934065637938,1603.0,1.0,1.7000000000000002,-8.612869566867403,11.57991080581769,14.431765534631028,31.387130433132597,-68.42008919418231,75.27589628935907,29.289863246473583,16.0
09_LTAN06_800km_1213COLD_MX_ALL_HEAT_MX_0p5,5808.0,788.4913727912307,-675.4070872913273,1038.216441080353,6.043622592288248,-117.45057384229247,117.605963581452,794.5349953835189,-792.8576611336198,1122.456738456927,1.0,160.8,-11.508627208769326,4.592912708672657,12.391260927763263,788.4913727912307,-675.4070872913273,1038.216441080353,1038.216441080353,1607.0,1.0,7.6000000000000005,1.085894805782118,-11.099601564379668,11.152592632083545,161.08589480578212,28.900398435620332,163.65787037327937,163.65787037327937,75.0,1.0,0.4,2.304521717946727,-11.099601564379668,11.336312241486104,2.304521717946727,28.900398435620332,28.99213427959546,28.99213427959546,3.0,1.0,0.1,0.0,0.0,0.0,0.0,0.0,0.0,0.0,0.0,1.0,160.3,-5.46500461648111,7.142338866380214,8.993290829299653,794.5349953835189,-792.8576611336198,1122.456738456927,1038.216441080353,1602.0,1.0,1.5,8.348144310234943,-8.55017540667211,11.949770412412477,8.348144310234943,-88.55017540667211,88.94281914790483,28.99213427959546,14.0
09_LTAN06_800km_1213COLD_MX_ALL_HEAT_MX_0p5,5868.5,790.9071787850697,-675.9582821006447,1040.4103827789365,29.080023737085146,-132.73666801408797,135.88477036088938,819.9872025221549,-808.6949501147327,1151.679875069969,1.0,160.8,-9.092821214930268,4.0417178993552625,9.95062215264225,790.9071787850697,-675.9582821006447,1040.4103827789365,1040.4103827789365,1607.0,1.0,7.6000000000000005,3.501700799621176,-11.650796373697062,12.165646905587069,163.50170079962118,28.349203626302938,165.9412049812054,165.9412049812054,75.0,1.0,0.4,2.385284749207358,-11.650796373697062,11.89246145573547,2.385284749207358,28.349203626302938,28.449374853946946,28.449374853946946,3.0,1.0,0.1,0.0,0.0,0.0,0.0,0.0,0.0,0.0,0.0,1.0,160.3,19.987202522154917,-8.694950114732706,21.796569045593532,819.9872025221549,-808.6949501147327,1151.679875069969,1040.4103827789365,1602.0,1.0,3.5,-8.534691513707457,15.61253561221497,17.793038736450576,31.465308486292543,-104.38746438778503,109.02664059507951,28.449374853946946,34.0
09_LTAN06_800km_1213COLD_MX_ALL_HEAT_MX_0p5,5929.0,793.326492155138,-676.744235443485,1042.7606069281499,-73.32821530938389,-60.27972934429262,94.92456441975668,719.9982768457542,-737.0239647877776,1030.3406443173785,1.0,160.8,-6.6735078448620015,3.2557645565150324,7.4253424030743655,793.326492155138,-676.744235443485,1042.7606069281499,1042.7606069281499,1607.0,1.0,7.6000000000000005,5.9210141696894425,-12.436749716537292,13.774293169141334,165.92101416968944,27.563250283462708,168.19487420634167,168.19487420634167,75.0,1.0,0.4,2.469199111232797,-12.436749716537292,12.679498718904595,2.469199111232797,27.563250283462708,27.673628429241436,27.673628429241436,3.0,1.0,0.1,0.0,0.0,0.0,0.0,0.0,0.0,0.0,0.0,1.0,129.9,-0.001723154245837577,-17.023964787777572,17.02396487498583,719.9982768457542,-737.0239647877776,1030.3406443173785,1042.7606069281499,1298.0,1.0,2.1,9.14098380184896,7.283520939170103,11.687910939812744,-70.85901619815104,-32.7164790608299,78.04721762310014,27.673628429241436,20.0
09_LTAN06_800km_1213COLD_MX_ALL_HEAT_MX_0p5,5989.5,795.7301997408433,-677.7493394935163,1045.2419423097697,-38.9018988187294,-66.98517564159548,77.46206482813413,756.828300922114,-744.7345151351118,1061.7996869043538,1.0,160.8,-4.269800259156682,2.250660506483655,4.826662093884316,795.7301997408433,-677.7493394935163,1045.2419423097697,1045.2419423097697,1607.0,1.0,7.6000000000000005,8.324721755394762,-13.44185376656867,15.810895767999964,168.32472175539476,26.55814623343133,170.40700421457854,170.40700421457854,75.0,1.0,0.4,2.546684739802572,-13.44185376656867,13.680973497736176,2.546684739802572,26.55814623343133,26.679968787842803,26.679968787842803,3.0,1.0,0.1,0.0,0.0,0.0,0.0,0.0,0.0,0.0,0.0,1.0,144.70000000000002,-3.1716990778860463,15.265484864888208,15.591494578801424,756.828300922114,-744.7345151351118,1061.7996869043538,1045.2419423097697,1446.0,1.0,0.30000000000000004,3.6447859210732076,-0.42702940816411683,3.6697164094641517,-36.35521407892679,-40.42702940816412,54.36953464480971,26.679968787842803,2.0
09_LTAN06_800km_1213COLD_MX_ALL_HEAT_MX_0p5,6050.0,798.1183959703758,-678.9636409133133,1047.847603265183,9.717731292437978,-139.9252612152428,140.26230080683106,807.8361272628138,-818.8889021285561,1150.2948502624415,1.0,160.8,-1.8816040296242136,1.0363590866867298,2.148132649734702,798.1183959703758,-678.9636409133133,1047.847603265183,1047.847603265183,1607.0,1.0,7.6000000000000005,10.71291798492723,-14.656155186365595,18.15404904142898,170.71291798492723,25.343844813634405,172.5839240394831,172.5839240394831,75.0,1.0,0.4,2.6233617604078745,-14.656155186365595,14.889087002660755,2.6233617604078745,25.343844813634405,25.47925620703151,25.47925620703151,3.0,1.0,0.1,0.0,0.0,0.0,0.0,0.0,0.0,0.0,0.0,1.0,160.3,7.836127262813761,-18.888902128556083,20.449829194914653,807.8361272628138,-818.8889021285561,1150.2948502624415,1047.847603265183,1602.0,1.0,3.3000000000000003,12.34109305284585,5.418583598391592,13.478264945895614,12.34109305284585,-114.58141640160841,115.24410424111845,25.47925620703151,32.0
09_LTAN06_800km_1213COLD_MX_ALL_HEAT_MX_0p5,6110.5,800.4858123687098,-680.3451436480836,1050.5460724257289,22.501040954129486,-46.030823705504744,51.236057371997994,822.9868533228394,-726.3759673535884,1097.692765162953,1.0,160.8,0.4858123687098441,-0.34514364808364917,0.595934388505949,800.4858123687098,-680.3451436480836,1050.5460724257289,1050.5460724257289,1607.0,1.0,7.6000000000000005,13.080334383261288,-16.037657921135974,20.69544923825774,173.0803343832613,23.962342078864026,174.73121068694635,174.73121068694635,75.0,1.0,0.1,2.6916044021453445,23.962342078864026,24.113037389805246,2.6916044021453445,23.962342078864026,24.113037389805246,24.113037389805246,0.0,1.0,0.1,0.0,0.0,0.0,0.0,0.0,0.0,0.0,0.0,1.0,160.60000000000002,22.98685332283935,-6.375967353588408,23.854735072512455,822.9868533228394,-726.3759673535884,1097.692765162953,1050.5460724257289,1605.0,1.0,0.7000000000000001,-14.807354643725148,17.931518373359268,23.25504467248278,25.192645356274852,-22.068481626640732,33.49159986253891,24.113037389805246,6.0
09_LTAN06_800km_1213COLD_MX_ALL_HEAT_MX_0p5,6171.0,802.8275371222995,-681.8536704726877,1053.307401615945,46.05797838920875,-80.1822123282305,92.46904642717075,848.8855155115083,-762.0358828009182,1140.7476956458925,1.0,160.8,2.827537122299532,-1.8536704726876678,3.380985122607912,802.8275371222995,-681.8536704726877,1053.307401615945,1053.307401615945,1607.0,1.0,7.6000000000000005,15.422059136850976,-17.546184745739993,23.36040468725162,175.42205913685098,22.453815254260007,176.85325174077315,176.85325174077315,75.0,1.0,0.1,2.761441680707094,22.453815254260007,22.622983437831223,2.761441680707094,22.453815254260007,22.622983437831223,22.622983437831223,0.0,1.0,0.1,0.0,0.0,0.0,0.0,0.0,0.0,0.0,0.0,1.0,177.0,8.885515511508288,-2.035882800918216,9.115766818229226,848.8855155115083,-762.0358828009182,1140.7476956458925,1053.307401615945,1769.0,1.0,0.7000000000000001,8.81942006991585,-17.72839707397054,19.800965460855736,48.81942006991585,-57.72839707397054,75.60359518364794,22.622983437831223,6.0
09_LTAN06_800km_1213COLD_MX_ALL_HEAT_MX_0p5,6231.5,805.1444216184367,-683.4827020046761,1056.1279011572888,127.19635226811647,-129.563467943263,181.56432539405893,932.3407738865532,-813.046169947939,1237.0543210055046,1.0,160.8,5.144421618436695,-3.482702004676071,6.212430043196748,805.1444216184367,-683.4827020046761,1056.1279011572888,1056.1279011572888,1607.0,0.0,nan,nan,nan,nan,177.73894363298814,20.824783722271604,178.9547532222878,178.9547532222878,nan,1.0,0.1,2.8336277626045785,20.824783722271604,21.01668535655401,2.8336277626045785,20.824783722271604,21.01668535655401,21.01668535655401,0.0,1.0,0.1,0.0,0.0,0.0,0.0,0.0,0.0,0.0,0.0,1.0,212.4,12.340773886553166,-13.046169947939006,17.958208441532783,932.3407738865532,-813.046169947939,1237.0543210055046,1056.1279011572888,2123.0,1.0,3.9000000000000004,10.029980030721049,11.261315779008669,15.080375741048783,130.02998003072105,-108.73868422099133,169.50485878847894,21.01668535655401,38.0
09_LTAN06_800km_1213COLD_MX_ALL_HEAT_MX_0p5,6292.0,807.4571083610728,-685.1882761111839,1058.9947854276909,30.474521183405503,-83.25869196856387,88.66062389625979,837.9316295444783,-768.4469680797478,1136.9433400754945,1.0,160.8,7.4571083610727555,-5.188276111183882,9.084419305308542,807.4571083610728,-685.1882761111839,1058.9947854276909,1058.9947854276909,1607.0,0.0,nan,nan,nan,nan,180.0516303756242,19.119209615763793,181.06389418448924,181.06389418448924,nan,1.0,0.1,2.9118839545431,19.119209615763793,19.339680568619542,2.9118839545431,19.119209615763793,19.339680568619542,19.339680568619542,0.0,1.0,0.1,0.0,0.0,0.0,0.0,0.0,0.0,0.0,0.0,1.0,177.0,-2.0683704555217446,-8.446968079747762,8.696518043536322,837.9316295444783,-768.4469680797478,1136.9433400754945,1058.9947854276909,1769.0,1.0,1.7000000000000002,-6.6135948620514,15.860517647199913,17.184168790968403,33.3864051379486,-64.13948235280009,72.30854198862258,19.339680568619542,16.0
09_LTAN06_800km_1213COLD_MX_ALL_HEAT_MX_0p5,6352.5,809.772713355,-686.9524719399597,1061.9018532796429,26.714340595771027,-79.85884410210492,84.20861579904494,836.4870539507709,-766.8113160420646,1134.7731869573774,1.0,160.8,9.77271335499995,-6.952471939959651,11.993447894368021,809.772713355,-686.9524719399597,1061.9018532796429,1061.9018532796429,1607.0,1.0,11.200000000000001,-17.632764630448605,17.355013786988025,24.740874925098016,182.3672353695514,17.355013786988025,183.19117074760973,183.19117074760973,111.0,1.0,0.1,3.0018977653681986,17.355013786988025,17.6127196576868,3.0018977653681986,17.355013786988025,17.6127196576868,17.6127196576868,0.0,1.0,0.1,0.0,0.0,0.0,0.0,0.0,0.0,0.0,0.0,1.0,177.0,-3.512946049229072,-6.811316042064618,7.663864310495128,836.4870539507709,-766.8113160420646,1134.7731869573774,1061.9018532796429,1769.0,1.0,0.7000000000000001,-10.283761638860824,-22.503830315116943,24.74223377741957,29.716238361139176,-62.50383031511694,69.2082627032132,17.6127196576868,6.0
09_LTAN06_800km_1213COLD_MX_ALL_HEAT_MX_0p5,6413.0,812.0906253377259,-688.7726629652487,1064.846920927914,59.55422397399419,-106.1929008701416,121.75236255761276,871.6448493117201,-794.9655638353903,1179.7181828791872,1.0,160.8,12.090625337725896,-8.772662965248742,14.937966279219749,812.0906253377259,-688.7726629652487,1064.846920927914,1064.846920927914,1607.0,1.0,11.200000000000001,-15.31485264772266,15.534822761698933,21.81456921093921,184.68514735227734,15.534822761698933,185.33735287515518,185.33735287515518,111.0,1.0,0.1,3.1037333823755944,15.534822761698933,15.84183951270407,3.1037333823755944,15.534822761698933,15.84183951270407,15.84183951270407,0.0,1.0,0.1,0.0,0.0,0.0,0.0,0.0,0.0,0.0,0.0,1.0,194.20000000000002,-8.355150688279878,5.034436164609701,9.754695818906592,871.6448493117201,-794.9655638353903,1179.7181828791872,1064.846920927914,1941.0,1.0,1.9000000000000001,-17.34204264363018,-10.658078108442623,20.355369611460056,62.65795735636982,-90.65807810844262,110.2039325359542,15.84183951270407,18.0
09_LTAN06_800km_1213COLD_MX_ALL_HEAT_MX_0p5,6473.5,814.4193782119327,-690.609821839022,1067.8112425085421,33.947144323737525,-168.05236717221987,171.44680434444751,848.3665225356702,-858.6621890112418,1207.0735318930838,1.0,160.8,14.419378211932667,-10.609821839021947,17.902144773030564,814.4193782119327,-690.609821839022,1067.8112425085421,1067.8112425085421,1607.0,1.0,11.200000000000001,-12.986099773515889,13.697663887925728,18.874977703676738,187.0139002264841,13.697663887925728,187.51486574111382,187.51486574111382,111.0,1.0,0.1,3.178359704781087,13.697663887925728,14.061577663959357,3.178359704781087,13.697663887925728,14.061577663959357,14.061577663959357,0.0,1.0,0.1,0.0,0.0,0.0,0.0,0.0,0.0,0.0,0.0,1.0,176.70000000000002,8.366522535670242,-18.66218901124182,20.45179693892918,848.3665225356702,-858.6621890112418,1207.0735318930838,1067.8112425085421,1766.0,1.0,6.1000000000000005,-2.8744959714813376,5.645296715705854,6.33499029978908,37.12550402851866,-154.35470328429415,158.75666119994474,14.061577663959357,60.0
09_LTAN06_800km_1213COLD_MX_ALL_HEAT_MX_0p5,6534.0,816.7596559415465,-692.4616420512244,1070.7938463056423,-40.00079755834017,-46.7851017679911,61.554118893414405,776.7588583832063,-739.2467438192156,1072.3059602203537,1.0,160.8,16.759655941546498,-12.46164205122443,20.884889032308976,816.7596559415465,-692.4616420512244,1070.7938463056423,1070.7938463056423,1607.0,1.0,11.200000000000001,-10.645822043902058,11.845843675723245,15.926629881431394,189.35417795609794,11.845843675723245,189.72434931188798,189.72434931188798,111.0,1.0,0.1,3.242296464644369,11.845843675723245,12.28155115424423,3.242296464644369,11.845843675723245,12.28155115424423,12.28155115424423,0.0,1.0,0.1,0.0,0.0,0.0,0.0,0.0,0.0,0.0,0.0,0.0,nan,nan,nan,nan,776.7588583832063,-739.2467438192156,1072.3059602203537,1070.7938463056423,nan,1.0,0.30000000000000004,3.241498906304173,5.060741907732108,6.009860548818681,-36.75850109369583,-34.93925809226789,50.71428949214752,12.28155115424423,2.0
09_LTAN06_800km_1213COLD_MX_ALL_HEAT_MX_0p5,6594.5,819.1124118769525,-694.3211820946394,1073.7909699732884,51.03084870769072,-113.07761571826455,124.05923865780706,870.1432605846433,-807.3987978129039,1187.0307968416814,1.0,160.8,19.11241187695248,-14.321182094639425,23.882641067145297,819.1124118769525,-694.3211820946394,1073.7909699732884,1073.7909699732884,1607.0,1.0,11.200000000000001,-8.293066108496078,9.98630363230825,12.9808014281299,191.70693389150392,9.98630363230825,191.96685849989342,191.96685849989342,111.0,1.0,0.1,3.2976560731993914,9.98630363230825,10.516691295923913,3.2976560731993914,9.98630363230825,10.516691295923913,10.516691295923913,0.0,1.0,0.1,0.0,0.0,0.0,0.0,0.0,0.0,0.0,0.0,1.0,194.20000000000002,-9.856739415356742,-7.398797812903922,12.32467123206453,870.1432605846433,-807.3987978129039,1187.0307968416814,1073.7909699732884,1941.0,1.0,3.5,14.32850478089017,16.908687914043753,22.163252835053832,54.32850478089017,-103.09131208595625,116.53070436297565,10.516691295923913,34.0
09_LTAN06_800km_1213COLD_MX_ALL_HEAT_MX_0p5,6655.0,821.4824269722855,-696.1540986439096,1076.784057684265,15.903491852300412,-85.76270233829186,87.22477953805695,837.3859188245858,-781.9168009822015,1145.6915207436666,1.0,177.4,-18.517573027714548,-16.154098643909606,24.573469714997582,821.4824269722855,-696.1540986439096,1076.784057684265,1076.784057684265,1773.0,1.0,11.200000000000001,-5.923051013163104,8.15338708303807,10.077710763381955,194.0769489868369,8.15338708303807,194.24813988547007,194.24813988547007,111.0,1.0,0.1,3.3719309835984177,8.15338708303807,8.823130934311415,3.3719309835984177,8.15338708303807,8.823130934311415,8.823130934311415,0.0,1.0,0.1,0.0,0.0,0.0,0.0,0.0,0.0,0.0,0.0,1.0,176.8,-2.614081175414185,18.083199017798506,18.271166002993997,837.3859188245858,-781.9168009822015,1145.6915207436666,1076.784057684265,1767.0,1.0,1.5,19.27542283589878,2.3906847447461814,19.423112496493715,19.27542283589878,-77.60931525525382,79.96716663663945,8.823130934311415,14.0
09_LTAN06_800km_1213COLD_MX_ALL_HEAT_MX_0p5,6715.5,823.868995321626,-697.9596424380766,1079.7720981413406,-12.271086760271343,-108.61190618568126,109.30290817524177,811.5979085613546,-806.5715486237578,1144.2241162597875,1.0,177.4,-16.131004678373984,-17.95964243807657,24.140382524667757,823.868995321626,-697.9596424380766,1079.7720981413406,1079.7720981413406,1773.0,1.0,11.200000000000001,-3.5364826638225395,6.347843288871104,7.266486362168671,196.46351733617746,6.347843288871104,196.5660417226805,196.5660417226805,111.0,1.0,0.1,3.463238719375454,6.347843288871104,7.231122793000216,3.463238719375454,6.347843288871104,7.231122793000216,7.231122793000216,0.0,1.0,0.1,0.0,0.0,0.0,0.0,0.0,0.0,0.0,0.0,1.0,160.3,11.597908561354643,-6.571548623757849,13.330293856924424,811.5979085613546,-806.5715486237578,1144.2241162597875,1079.7720981413406,1602.0,1.0,1.5,-8.80784804089592,-22.264062896810174,23.94298819664399,-8.80784804089592,-102.26406289681017,102.64266533598132,7.231122793000216,14.0
09_LTAN06_800km_1213COLD_MX_ALL_HEAT_MX_0p5,6776.0,826.2640183914542,-699.7218213868266,1082.738590525567,-31.74576393986359,-45.285346460253585,55.30421441581777,794.5182544515907,-745.0071678470802,1089.1716746226602,1.0,177.20000000000002,-13.735981608545785,20.278178613173395,24.492482900230243,826.2640183914542,-699.7218213868266,1082.738590525567,1082.738590525567,1771.0,1.0,11.200000000000001,-1.141459593994341,4.58566434012107,4.725594930268541,198.85854040600566,4.58566434012107,198.91140593200592,198.91140593200592,111.0,1.0,0.1,3.5538812458281654,4.58566434012107,5.801585072177014,3.5538812458281654,4.58566434012107,5.801585072177014,5.801585072177014,0.0,1.0,0.1,0.0,0.0,0.0,0.0,0.0,0.0,0.0,0.0,1.0,160.4,-5.481745548409322,14.992832152919846,15.963538148641502,794.5182544515907,-745.0071678470802,1089.1716746226602,1082.738590525567,1603.0,1.0,0.30000000000000004,11.808117305964629,-0.6996821201324792,11.82882874086249,-28.19188269403537,-40.69968212013248,49.51006336608834,5.801585072177014,2.0
09_LTAN06_800km_1213COLD_MX_ALL_HEAT_MX_0p5,6836.5,828.6553084458934,-701.416319840707,1085.6585439052371,-65.33319913146103,-68.4742597822882,94.64222715830091,763.3221093144324,-769.8905796229952,1084.155038341134,1.0,177.20000000000002,-11.34469155410659,18.583680159292953,21.772808608921263,828.6553084458934,-701.416319840707,1085.6585439052371,1085.6585439052371,1771.0,1.0,11.200000000000001,1.249830460444855,2.8911658862406284,3.1497486187975947,201.24983046044485,2.8911658862406284,201.2705967113417,201.2705967113417,111.0,1.0,0.1,3.6228232591608958,2.8911658862406284,4.635050005003046,3.6228232591608958,2.8911658862406284,4.635050005003046,4.635050005003046,0.0,1.0,0.1,0.0,0.0,0.0,0.0,0.0,0.0,0.0,0.0,1.0,144.70000000000002,3.322109314432396,-9.890579622995233,10.433598400161232,763.3221093144324,-769.8905796229952,1084.155038341134,1085.6585439052371,1446.0,1.0,1.1,18.28962412769988,14.416906103952442,23.288570852302698,-61.71037587230012,-65.58309389604756,90.05172233376967,4.635050005003046,10.0
09_LTAN06_800km_1213COLD_MX_ALL_HEAT_MX_0p5,6897.0,831.0437095604739,-703.0446292950451,1088.5335998400053,63.64910047745552,-66.18811672813675,91.82632949000349,894.6928100379293,-769.2327460231818,1179.91281113815,1.0,177.20000000000002,-8.956290439526128,16.95537070495493,19.17549827721801,831.0437095604739,-703.0446292950451,1088.5335998400053,1088.5335998400053,1771.0,1.0,11.200000000000001,3.6382315750253156,1.2628564319026054,3.8511732447539893,203.63823157502532,1.2628564319026054,203.64214732066452,203.64214732066452,111.0,1.0,0.1,3.679653495034131,1.2628564319026054,3.8903285479654124,3.679653495034131,1.2628564319026054,3.8903285479654124,3.8903285479654124,0.0,1.0,0.1,0.0,0.0,0.0,0.0,0.0,0.0,0.0,0.0,1.0,194.4,14.692810037929348,-9.23274602318179,17.352874860934616,894.6928100379293,-769.2327460231818,1179.91281113815,1088.5335998400053,1943.0,1.0,1.9000000000000001,-12.671246027510392,15.074739703765886,19.692847763236113,67.32875397248961,-64.92526029623411,93.53315206931597,3.8903285479654124,18.0
09_LTAN06_800km_1213COLD_MX_ALL_HEAT_MX_0p5,6957.5,833.4257658834608,-704.5891416548006,1091.3497907528465,35.539344396124065,-40.57541371961143,53.93893953929708,868.9651102795849,-745.1645553744121,1144.7141902979783,1.0,177.20000000000002,-6.5742341165391736,15.410858345199358,16.754554877849436,833.4257658834608,-704.5891416548006,1091.3497907528465,1091.3497907528465,1771.0,1.0,11.200000000000001,6.0202878980122705,-0.28165592785296667,6.0268728571828785,206.02028789801227,-0.28165592785296667,206.02048042765446,206.02048042765446,111.0,1.0,0.1,3.741059017823204,-0.28165592785296667,3.751646656673711,3.741059017823204,-0.28165592785296667,3.751646656673711,3.751646656673711,0.0,1.0,0.1,0.0,0.0,0.0,0.0,0.0,0.0,0.0,0.0,1.0,194.4,-11.034889720415094,14.835444625587911,18.489435047632146,868.9651102795849,-745.1645553744121,1144.7141902979783,1091.3497907528465,1943.0,1.0,0.7000000000000001,-0.7195965860527167,-0.8570696474644137,1.1191012587176816,39.28040341394728,-40.857069647464414,56.67671684686931,3.751646656673711,6.0
09_LTAN06_800km_1213COLD_MX_ALL_HEAT_MX_0p5,7018.0,835.7991346718277,-706.040754557446,1094.0995112942076,73.27196151524524,-59.373434958483394,94.3079271485745,909.071096187073,-765.4141895159294,1188.3893046620258,1.0,177.20000000000002,-4.200865328172313,13.959245442553993,14.577647369548513,835.7991346718277,-706.040754557446,1094.0995112942076,1094.0995112942076,1771.0,1.0,11.200000000000001,8.393656686379131,-1.7332688304983321,8.570746374008168,208.39365668637913,-1.7332688304983321,208.40086460463456,208.40086460463456,111.0,1.0,0.1,3.8092821626958084,-1.7332688304983321,4.18507484207983,3.8092821626958084,-1.7332688304983321,4.18507484207983,4.18507484207983,0.0,1.0,0.1,0.0,0.0,0.0,0.0,0.0,0.0,0.0,0.0,1.0,212.60000000000002,-10.928903812927047,-5.414189515929365,12.196490752122546,909.071096187073,-765.4141895159294,1188.3893046620258,1094.0995112942076,2125.0,1.0,1.9000000000000001,-2.9187563220589254,18.89329621101831,19.117420855984673,77.08124367794107,-61.10670378898169,98.36436028812712,4.18507484207983,18.0
09_LTAN06_800km_1213COLD_MX_ALL_HEAT_MX_0p5,7078.5,838.1640050852511,-707.4036080439892,1096.785650933765,0.5268117881102983,-72.89986611638184,72.90176959749667,838.6908168733614,-780.303474160371,1145.5460698262864,1.0,177.20000000000002,-1.8359949147488805,12.596391956010848,12.729492041571751,838.1640050852511,-707.4036080439892,1096.785650933765,1096.785650933765,1771.0,1.0,11.200000000000001,10.758527099802563,-3.096122317041477,11.195172118340498,210.75852709980256,-3.096122317041477,210.781267475742,210.781267475742,111.0,1.0,0.1,3.8752019094323487,-3.096122317041477,4.960157582269983,3.8752019094323487,-3.096122317041477,4.960157582269983,4.960157582269983,0.0,1.0,0.1,0.0,0.0,0.0,0.0,0.0,0.0,0.0,0.0,1.0,176.8,-1.3091831266385725,19.696525839628976,19.739987097519773,838.6908168733614,-780.303474160371,1145.5460698262864,1096.785650933765,1767.0,1.0,1.5,4.402013697542657,4.004011566576651,5.950616204951617,4.402013697542657,-75.99598843342335,76.12337343133427,4.960157582269983,14.0
09_LTAN06_800km_1213COLD_MX_ALL_HEAT_MX_0p5,7139.0,791.2400253386699,-709.0493979397137,1062.4555644433367,50.58662932355204,-19.911068075571325,54.36412142423062,841.8266546622219,-728.960466015285,1113.5777824260904,1.0,160.60000000000002,-8.759974661330148,10.950602060286315,14.023296386723526,791.2400253386699,-709.0493979397137,1062.4555644433367,1062.4555644433367,1605.0,1.0,7.4,3.8345473532212964,-4.74191221276601,6.098318197476734,163.8345473532213,-4.74191221276601,163.90315627793288,163.90315627793288,73.0,1.0,0.1,1.928603302374995,-4.74191221276601,5.119105598784926,1.928603302374995,-4.74191221276601,5.119105598784926,5.119105598784926,0.0,1.0,0.1,0.0,0.0,0.0,0.0,0.0,0.0,0.0,0.0,1.0,177.20000000000002,1.8266546622219266,-8.960466015284965,9.144759070970318,841.8266546622219,-728.960466015285,1113.5777824260904,1062.4555644433367,1771.0,1.0,0.7000000000000001,12.51523262592707,15.34701971166271,19.803082126558813,52.51523262592707,-24.65298028833729,58.01395603518503,5.119105598784926,6.0
09_LTAN06_800km_1213COLD_MX_ALL_HEAT_MX_0p5,7199.5,746.0083736914594,-710.631461555873,1030.3036289224708,24.111595388799632,-153.11287438019792,154.9997462357905,770.119969080259,-863.7443359360709,1157.211754450249,1.0,144.8,-13.991626308540617,9.368538444127012,16.838501101253986,746.0083736914594,-710.631461555873,1030.3036289224708,1030.3036289224708,1447.0,1.0,4.4,-1.3971042939891731,-6.323975828925313,6.476462822645908,118.60289570601083,-6.323975828925313,118.77137508733202,118.77137508733202,43.0,1.0,0.1,2.3861841837722295,-6.323975828925313,6.759182291055357,2.3861841837722295,-6.323975828925313,6.759182291055357,6.759182291055357,0.0,1.0,0.1,0.0,0.0,0.0,0.0,0.0,0.0,0.0,0.0,1.0,193.3,10.119969080259011,16.25566406392909,19.148378217089665,770.119969080259,-863.7443359360709,1157.211754450249,1030.3036289224708,1932.0,1.0,6.1000000000000005,-13.502220427428142,0.5631497908767642,13.513959233245538,26.497779572571858,-159.43685020912324,161.62376535300436,6.759182291055357,60.0
09_LTAN06_800km_1213COLD_MX_ALL_HEAT_MX_0p5,7260.0,702.5265225046481,-712.1117100136538,1000.3232489355848,-33.327073281239485,-127.01147573090994,131.3111144604166,669.1994492234087,-839.1231857445638,1073.291956410286,1.0,129.70000000000002,22.526522504648142,7.888289986346194,23.86774675291132,702.5265225046481,-712.1117100136538,1000.3232489355848,1000.3232489355848,1296.0,1.0,2.2,-4.878955480800414,-7.80422428670613,9.203810259932906,75.12104451919959,-7.80422428670613,75.52534174946035,75.52534174946035,21.0,1.0,0.1,2.869643947196778,-7.80422428670613,8.3150930903326,2.869643947196778,-7.80422428670613,8.3150930903326,8.3150930903326,0.0,1.0,0.1,0.0,0.0,0.0,0.0,0.0,0.0,0.0,0.0,1.0,175.9,-10.800550776591308,0.8768142554362157,10.836083255321698,669.1994492234087,-839.1231857445638,1073.291956410286,1000.3232489355848,1758.0,1.0,3.1,9.542570665957328,-14.815700017616109,17.622872124792238,-30.457429334042672,-134.8157000176161,138.21334223901127,8.3150930903326,30.0
09_LTAN06_800km_1213COLD_MX_ALL_HEAT_MX_0p5,7320.5,660.77494247588,-713.4465175549824,972.4348091339256,138.31853143532643,-121.03852340279205,183.79972874287282,799.0934739112065,-834.4850409577745,1155.385504336011,1.0,129.5,20.77494247588004,6.5534824450176075,21.784085177791574,660.77494247588,-713.4465175549824,972.4348091339256,972.4348091339256,1294.0,1.0,0.8,-6.630535509568517,-9.139031828034717,11.290965587472163,33.36946449043148,-9.139031828034717,34.598310119599766,34.598310119599766,7.0,1.0,0.1,3.327697076995605,-9.139031828034717,9.726020285300493,3.327697076995605,-9.139031828034717,9.726020285300493,9.726020285300493,0.0,1.0,0.1,0.0,0.0,0.0,0.0,0.0,0.0,0.0,0.0,1.0,176.5,-0.9065260887934983,5.5149590422255415,5.588967953664477,799.0934739112065,-834.4850409577745,1155.385504336011,972.4348091339256,1764.0,1.0,3.9000000000000004,21.646228512322068,-10.177555230826783,23.919486601601516,141.64622851232207,-130.17755523082678,192.3794426066359,9.726020285300493,38.0
09_LTAN06_800km_1213COLD_MX_ALL_HEAT_MX_0p5,7381.0,620.7432437096021,-714.6285645350032,946.5813012417252,138.3841773655353,-66.53902312644881,153.55006396533355,759.1274210751374,-781.167587661452,1089.2645415329562,1.0,129.3,20.743243709602098,5.371435464996807,21.427423516386018,620.7432437096021,-714.6285645350032,946.5813012417252,946.5813012417252,1292.0,1.0,0.1,-6.662234275846458,-10.321078808055518,12.284544489249736,-6.662234275846458,-10.321078808055518,12.284544489249736,12.284544489249736,0.0,1.0,0.1,3.741605999710714,-10.321078808055518,10.97835521465597,3.741605999710714,-10.321078808055518,10.97835521465597,10.97835521465597,0.0,1.0,0.1,0.0,0.0,0.0,0.0,0.0,0.0,0.0,0.0,1.0,144.70000000000002,-0.872578924862637,-21.16758766145199,21.185564929578085,759.1274210751374,-781.167587661452,1089.2645415329562,946.5813012417252,1446.0,1.0,4.0,22.12578336524598,3.139898065495686,22.3474662856329,142.12578336524598,-76.86010193450431,161.57726809971516,10.97835521465597,39.0
09_LTAN06_800km_1213COLD_MX_ALL_HEAT_MX_0p5,7441.5,582.3897061017191,-715.6494580819124,922.6764961925613,66.55984209383755,-173.23023668201984,185.57728169273628,648.9495481955566,-888.8796947639322,1100.5646859075746,1.0,129.1,22.38970610171907,4.350541918087629,22.808466724056522,582.3897061017191,-715.6494580819124,922.6764961925613,922.6764961925613,1290.0,1.0,0.9,-5.015771883729485,-11.341972354964696,12.401544439721798,-45.015771883729485,-11.341972354964696,46.422624389286234,46.422624389286234,8.0,1.0,0.1,4.076691496352282,-11.341972354964696,12.052375303533093,4.076691496352282,-11.341972354964696,12.052375303533093,12.052375303533093,0.0,1.0,0.1,0.0,0.0,0.0,0.0,0.0,0.0,0.0,0.0,1.0,192.70000000000002,8.949548195556645,-8.879694763932207,12.607275360092531,648.9495481955566,-888.8796947639322,1100.5646859075746,922.6764961925613,1926.0,1.0,9.700000000000001,-9.363466409810144,15.427790963015468,18.04691766496829,70.63653359018986,-184.57220903698453,197.62697241629326,12.052375303533093,96.0
09_LTAN06_800km_1213COLD_MX_ALL_HEAT_MX_0p5,7502.0,545.6462633570702,-716.4951227980044,900.6081865655345,-149.96769295289866,-121.60875684025498,193.07770112016343,395.6785704041715,-838.1038796382594,926.8115472639467,1.0,129.1,-14.353736642929789,3.504877201995555,14.775449902309354,545.6462633570702,-716.4951227980044,900.6081865655345,900.6081865655345,1290.0,1.0,2.3000000000000003,-1.759214628378345,-12.18763707105677,12.313948736473511,-81.75921462837834,-12.18763707105677,82.6626135204122,82.6626135204122,22.0,1.0,0.1,4.332989325833751,-12.18763707105677,12.934964007432972,4.332989325833751,-12.18763707105677,12.934964007432972,12.934964007432972,0.0,1.0,0.1,0.0,0.0,0.0,0.0,0.0,0.0,0.0,0.0,1.0,174.5,-4.3214295958284765,1.8961203617406,4.7191128592045315,395.6785704041715,-838.1038796382594,926.8115472639467,900.6081865655345,1744.0,1.0,6.9,14.365296372935063,-13.796393911311725,19.91738498996142,-145.63470362706494,-133.79639391131172,197.76486524206956,12.934964007432972,68.0
09_LTAN06_800km_1213COLD_MX_ALL_HEAT_MX_0p5,7562.5,510.4614164205929,-717.1686509852854,880.2850286186696,53.34403885727636,-63.00624460480549,82.5552744578273,563.8054552778692,-780.1748955900908,962.574391468054,1.0,128.9,-9.538583579407089,2.8313490147146467,9.949930348724063,510.4614164205929,-717.1686509852854,880.2850286186696,880.2850286186696,1288.0,1.0,4.5,3.0559384351443555,-12.861165258337678,13.219240958605173,-116.94406156485564,-12.861165258337678,117.649152598253,117.649152598253,44.0,1.0,0.1,4.4939349001364235,-12.861165258337678,13.623693430525227,4.4939349001364235,-12.861165258337678,13.623693430525227,13.623693430525227,0.0,1.0,0.1,0.0,0.0,0.0,0.0,0.0,0.0,0.0,0.0,1.0,143.70000000000002,3.805455277869214,-20.17489559009084,20.530657611068612,563.8054552778692,-780.1748955900908,962.574391468054,880.2850286186696,1436.0,1.0,1.7000000000000002,17.837973757412726,4.132590136856834,18.310423507100854,57.837973757412726,-75.86740986314317,95.39965978820531,13.623693430525227,16.0
09_LTAN06_800km_1213COLD_MX_ALL_HEAT_MX_0p5,7623.0,476.76608021813166,-717.673415110253,861.6037523145866,-2.1240981920027124,-113.16537606970586,113.1853088263986,474.64198202612897,-830.8387911799589,956.858457678599,1.0,128.70000000000002,-3.2339197818683374,2.3265848897469823,3.983871785682658,476.76608021813166,-717.673415110253,861.6037523145866,861.6037523145866,1286.0,1.0,7.5,9.360602232683107,-13.365929383305343,16.31774930675236,-150.6393977673169,-13.365929383305343,151.23120123830077,151.23120123830077,74.0,1.0,0.1,4.562409914574459,-13.365929383305343,14.123160145948656,4.562409914574459,-13.365929383305343,14.123160145948656,14.123160145948656,0.0,1.0,0.1,0.0,0.0,0.0,0.0,0.0,0.0,0.0,0.0,1.0,174.9,-5.3580179738710285,9.16120882004111,10.613015766158272,474.64198202612897,-830.8387911799589,956.858457678599,861.6037523145866,1748.0,1.0,3.3000000000000003,2.4383117225717683,-6.531305453011214,6.97160777561137,2.4383117225717683,-126.53130545301121,126.5547969209372,14.123160145948656,32.0
09_LTAN06_800km_1213COLD_MX_ALL_HEAT_MX_0p5,7683.5,444.4898308862236,-718.0132824065564,844.4609425387896,80.57543543054378,-214.9229724832005,229.53057507843326,525.0652663167674,-932.9362548897569,1070.5435953664023,1.0,128.5,4.489830886223615,1.9867175934435863,4.9097482810207085,444.4898308862236,-718.0132824065564,844.4609425387896,844.4609425387896,1284.0,1.0,11.3,17.08435290077506,-13.705796679608738,21.902602052290387,-182.91564709922494,-13.705796679608738,183.42841332888145,183.42841332888145,112.0,1.0,0.1,4.549342398188855,-13.705796679608738,14.441100334764405,4.549342398188855,-13.705796679608738,14.441100334764405,14.441100334764405,0.0,1.0,0.1,0.0,0.0,0.0,0.0,0.0,0.0,0.0,0.0,1.0,209.9,5.065266316767406,-12.936254889756924,13.892574039123865,525.0652663167674,-932.9362548897569,1070.5435953664023,844.4609425387896,2098.0,1.0,13.9,5.124777828732647,11.371230837190751,12.472699729671502,85.12477782873265,-228.62876916280925,243.9617631705678,14.441100334764405,138.0
09_LTAN06_800km_1213COLD_MX_ALL_HEAT_MX_0p5,7744.0,413.575501342092,-718.193120535155,828.7617593098673,-3.5014079609079367,-117.15014758669717,117.20246131073203,410.07409338118407,-835.3432681218521,930.569254627992,1.0,128.3,13.575501342092025,1.8068794648449966,13.695219972297666,413.575501342092,-718.193120535155,828.7617593098673,828.7617593098673,1282.0,1.0,11.3,-13.829976643356531,-13.885634808207328,19.59793631948747,-213.82997664335653,-13.885634808207328,214.2803531948865,214.2803531948865,112.0,1.0,0.1,4.452297664891603,-13.885634808207328,14.581968609337293,4.452297664891603,-13.885634808207328,14.581968609337293,14.581968609337293,0.0,1.0,0.1,0.0,0.0,0.0,0.0,0.0,0.0,0.0,0.0,1.0,174.5,10.07409338118407,4.656731878147866,11.098311098440846,410.07409338118407,-835.3432681218521,930.569254627992,828.7617593098673,1744.0,1.0,3.3000000000000003,0.9508897039836484,-11.035782394904459,11.07667297959208,0.9508897039836484,-131.03578239490446,131.03923251863884,14.581968609337293,32.0
09_LTAN06_800km_1213COLD_MX_ALL_HEAT_MX_0p5,7804.5,383.9447074772108,-718.2245676435376,814.4078020049338,26.194366857424534,-121.69973325868649,124.48682633233439,410.1390743346353,-839.9243009022241,934.7121971720286,1.0,128.1,23.944707477210784,1.7754323564623746,24.01043890106067,383.9447074772108,-718.2245676435376,814.4078020049338,814.4078020049338,1280.0,1.0,15.9,-3.460770508237772,-13.91708191658995,14.340924014294314,-243.46077050823777,-13.91708191658995,243.85822099231737,243.85822099231737,158.0,1.0,0.1,4.283881195610661,-13.91708191658995,14.561483687151583,4.283881195610661,-13.91708191658995,14.561483687151583,14.561483687151583,0.0,1.0,0.1,0.0,0.0,0.0,0.0,0.0,0.0,0.0,0.0,1.0,174.5,10.139074334635325,0.07569909777589601,10.139356918299347,410.1390743346353,-839.9243009022241,934.7121971720286,814.4078020049338,1744.0,1.0,3.5,-9.521751946964798,-15.616815175276429,18.290671839991884,30.478248053035202,-135.61681517527643,138.99943943292516,14.561483687151583,34.0
09_LTAN06_800km_1213COLD_MX_ALL_HEAT_MX_0p5,7865.0,355.5347742667629,-718.114586852669,801.3073914319632,25.366307550355327,-27.516992082721536,37.42505059475235,380.9010818171182,-745.6315789353906,837.2885318903722,1.0,128.1,-4.465225733237105,1.8854131473309508,4.846960241727927,355.5347742667629,-718.114586852669,801.3073914319632,801.3073914319632,1280.0,1.0,21.3,8.129296281314339,-13.807101125721374,16.022530996234256,-271.87070371868566,-13.807101125721374,272.22107850419894,272.22107850419894,212.0,1.0,0.1,4.043450324259709,-13.807101125721374,14.386991764112897,4.043450324259709,-13.807101125721374,14.386991764112897,14.386991764112897,0.0,1.0,0.1,0.0,0.0,0.0,0.0,0.0,0.0,0.0,0.0,1.0,142.9,-19.09891818288179,14.368421064609379,23.900213380769703,380.9010818171182,-745.6315789353906,837.2885318903722,801.3073914319632,1428.0,1.0,0.7000000000000001,-10.590242125384975,-1.324093208442946,10.672696524258676,29.409757874615025,-41.324093208442946,50.7209477212676,14.386991764112897,6.0
09_LTAN06_800km_1213COLD_MX_ALL_HEAT_MX_0p5,7925.5,328.29334048403155,-717.8674163618316,789.3732608089633,122.55517866388037,-51.839369184122205,133.06799771073193,450.84851914791193,-769.7067855459538,892.0274227473896,1.0,127.9,8.293340484031546,2.1325836381683985,8.56314249314235,328.29334048403155,-717.8674163618316,789.3732608089633,789.3732608089633,1278.0,1.0,21.3,-19.11213750141701,-13.559930634883926,23.433854115273782,-299.112137501417,-13.559930634883926,299.419342260131,299.419342260131,212.0,1.0,0.1,3.7517004665957074,-13.559930634883926,14.06936299957884,3.7517004665957074,-13.559930634883926,14.06936299957884,14.06936299957884,0.0,1.0,0.1,0.0,0.0,0.0,0.0,0.0,0.0,0.0,0.0,1.0,143.1,10.84851914791193,-9.706785545953835,14.557199364498313,450.84851914791193,-769.7067855459538,892.0274227473896,789.3732608089633,1430.0,1.0,4.0,6.306879130476091,14.60070018099384,15.904627318541872,126.30687913047609,-65.39929981900616,142.23394859349492,14.06936299957884,39.0
09_LTAN06_800km_1213COLD_MX_ALL_HEAT_MX_0p5,7986.0,302.1381630252043,-717.5065500558272,778.5262480669874,6.092999565297948,-106.422990927439,106.59726845301658,308.2311625905022,-823.9295409832662,879.6967307525863,1.0,127.7,22.13816302520428,2.4934499441727667,22.278140738280136,302.1381630252043,-717.5065500558272,778.5262480669874,778.5262480669874,1276.0,1.0,27.5,-5.267314960244278,-13.199064328879558,14.21125983325595,-325.2673149602443,-13.199064328879558,325.53500807225737,325.53500807225737,274.0,1.0,0.1,3.403893138331682,-13.199064328879558,13.630912942832635,3.403893138331682,-13.199064328879558,13.630912942832635,13.630912942832635,0.0,1.0,0.1,0.0,0.0,0.0,0.0,0.0,0.0,0.0,0.0,1.0,174.10000000000002,-11.768837409497792,16.07045901673382,19.918965509777763,308.2311625905022,-823.9295409832662,879.6967307525863,778.5262480669874,1740.0,1.0,3.3000000000000003,9.496892703629612,0.3779447436814962,9.504410200192847,9.496892703629612,-119.6220552563185,119.99844613481447,13.630912942832635,32.0
09_LTAN06_800km_1213COLD_MX_ALL_HEAT_MX_0p5,8046.5,277.0212170072496,-717.0372157933991,768.6892242674716,31.351029669007403,-100.05742686867485,104.85406874741294,308.372246676257,-817.094642662074,873.3482109601099,1.0,127.7,-2.978782992750382,2.9627842066008725,4.201337688496664,277.0212170072496,-717.0372157933991,768.6892242674716,768.6892242674716,1276.0,1.0,34.5,9.615739021801062,-12.729730066451452,15.95332142533666,-350.38426097819894,-12.729730066451452,350.6154251723722,350.6154251723722,344.0,1.0,0.1,2.998596723428591,-12.729730066451452,13.078134801051517,2.998596723428591,-12.729730066451452,13.078134801051517,13.078134801051517,0.0,1.0,0.1,0.0,0.0,0.0,0.0,0.0,0.0,0.0,0.0,1.0,157.9,-11.62775332374298,-17.094642662073966,20.674415471829313,308.372246676257,-817.094642662074,873.3482109601099,768.6892242674716,1578.0,1.0,3.5,-5.650373607564006,7.212843064873709,9.16252295951026,34.349626392435994,-112.78715693512629,117.90182188078666,13.078134801051517,34.0
09_LTAN06_800km_1213COLD_MX_ALL_HEAT_MX_0p5,8107.0,252.8941504726474,-716.4609160196118,759.7839795145348,23.824694683658617,-126.85949548632775,129.07729340133827,276.71884515630603,-843.3204115059395,887.559933597268,1.0,127.5,12.894150472647397,3.5390839803882272,13.371022093748618,252.8941504726474,-716.4609160196118,759.7839795145348,759.7839795145348,1274.0,1.0,34.5,-14.511327512801131,-12.153430292664098,18.928404424631896,-374.51132751280113,-12.153430292664098,374.7084737543031,374.7084737543031,344.0,1.0,0.1,2.5730524114775335,-12.153430292664098,12.42282039598318,2.5730524114775335,-12.153430292664098,12.42282039598318,12.42282039598318,0.0,1.0,0.1,0.0,0.0,0.0,0.0,0.0,0.0,0.0,0.0,1.0,173.9,-3.281154843693969,-3.3204115059395463,4.668094865903233,276.71884515630603,-843.3204115059395,887.559933597268,759.7839795145348,1738.0,1.0,3.5,-13.602252904863832,-19.01292577899187,23.37760960332194,26.397747095136168,-139.01292577899187,141.49711864675646,12.42282039598318,34.0
09_LTAN06_800km_1213COLD_MX_ALL_HEAT_MX_0p5,8167.5,279.07944075112863,-715.4069968077241,767.9143867199062,83.17697073518428,-105.01820373276752,133.96727800451413,362.2564114863129,-820.4252005404917,896.8429167612613,1.0,127.7,-0.9205592488713705,4.593003192275887,4.684347089503414,279.07944075112863,-715.4069968077241,767.9143867199062,767.9143867199062,1276.0,1.0,34.5,11.673962765680074,-11.099511080776438,16.10840007222206,-348.3260372343199,-11.099511080776438,348.5028369491375,348.5028369491375,344.0,1.0,0.1,4.4666511588850994,-11.099511080776438,11.96453587931636,4.4666511588850994,-11.099511080776438,11.96453587931636,11.96453587931636,0.0,1.0,0.1,0.0,0.0,0.0,0.0,0.0,0.0,0.0,0.0,1.0,158.10000000000002,2.2564114863129134,-20.425200540491687,20.549457655005565,362.2564114863129,-820.4252005404917,896.8429167612613,767.9143867199062,1580.0,1.0,3.7,7.643621894069383,3.882285186455988,8.573044612532495,87.64362189406938,-116.11771481354401,145.48102334060664,11.96453587931636,36.0
09_LTAN06_800km_1213COLD_MX_ALL_HEAT_MX_0p5,8228.0,304.6243947536199,-714.2338187267236,776.4830775309708,51.90180646912472,-178.72824234835102,186.11174634527873,356.52620122274465,-892.9620610750746,961.5051610250288,1.0,127.9,-15.375605246380076,5.766181273276402,16.421269231359492,304.6243947536199,-714.2338187267236,776.4830775309708,776.4830775309708,1278.0,1.0,27.5,-2.7810832318286316,-9.926332999775923,10.308564922664981,-322.78108323182863,-9.926332999775923,322.9336770594469,322.9336770594469,274.0,1.0,0.1,3.5560945699623403,-9.926332999775923,10.544092915607113,3.5560945699623403,-9.926332999775923,10.544092915607113,10.544092915607113,0.0,1.0,0.1,0.0,0.0,0.0,0.0,0.0,0.0,0.0,0.0,1.0,191.3,-3.473798777255354,-12.962061075074644,13.419474850336954,356.52620122274465,-892.9620610750746,961.5051610250288,776.4830775309708,1912.0,1.0,9.5,15.457901039087062,11.345424651873032,19.17460208362972,55.45790103908706,-188.65457534812697,196.63704530795638,10.544092915607113,94.0
09_LTAN06_800km_1213COLD_MX_ALL_HEAT_MX_0p5,8288.5,329.38918033157904,-712.9952383289035,785.4039992253664,19.186171866423354,-139.22436491115278,140.54014720286074,348.5753521980024,-852.2196032400562,920.7513390197162,1.0,127.9,9.389180331579041,7.004761671096503,11.714238915429947,329.38918033157904,-712.9952383289035,785.4039992253664,785.4039992253664,1278.0,1.0,21.3,-18.016297653869515,-8.687752601955822,20.00160059659262,-298.0162976538695,-8.687752601955822,298.14290317328124,298.14290317328124,212.0,1.0,0.1,2.572240641569408,-8.687752601955822,9.060544530597019,2.572240641569408,-8.687752601955822,9.060544530597019,9.060544530597019,0.0,1.0,0.1,0.0,0.0,0.0,0.0,0.0,0.0,0.0,0.0,1.0,174.3,-11.424647801997594,-12.219603240056244,16.728457213505422,348.5753521980024,-852.2196032400562,920.7513390197162,785.4039992253664,1742.0,1.0,5.9,21.758412507992773,12.08788248689143,24.890669293630353,21.758412507992773,-147.91211751310857,149.503923099294,9.060544530597019,58.0
09_LTAN06_800km_1213COLD_MX_ALL_HEAT_MX_0p5,8349.0,353.2832925130353,-711.7349839413158,794.5915756757026,142.33913797090517,-56.67178513619372,153.20614031044346,495.62243048394043,-768.4067690775096,914.3798753050864,1.0,128.1,-6.716707486964708,8.265016058684182,10.65010093453368,353.2832925130353,-711.7349839413158,794.5915756757026,794.5915756757026,1280.0,1.0,21.3,5.877814527586736,-7.427498214368143,9.47187591478856,-274.12218547241326,-7.427498214368143,274.2227931771839,274.2227931771839,212.0,1.0,0.1,1.542297408562888,-7.427498214368143,7.585935078874703,1.542297408562888,-7.427498214368143,7.585935078874703,7.585935078874703,0.0,1.0,0.1,0.0,0.0,0.0,0.0,0.0,0.0,0.0,0.0,1.0,143.3,15.622430483940434,-8.40676907750958,17.74074689938737,495.62243048394043,-768.4067690775096,914.3798753050864,794.5915756757026,1432.0,1.0,7.0,-16.11856462053197,15.900716649438095,22.641574931792682,143.88143537946803,-64.0992833505619,157.51376312218454,7.585935078874703,69.0
09_LTAN06_800km_1213COLD_MX_ALL_HEAT_MX_0p5,8409.5,376.2628936915684,-710.4682768663278,803.9520741950738,9.682144141424263,2.962605172537401,10.1252626920817,385.9450378329927,-707.5056716937903,805.9267011997998,1.0,128.1,16.262893691568422,9.531723133672244,18.850343687058828,376.2628936915684,-710.4682768663278,803.9520741950738,803.9520741950738,1280.0,1.0,15.9,-11.142584293880134,-6.1607911393800805,12.732341976607774,-251.14258429388013,-6.1607911393800805,251.21813826487877,251.21813826487877,158.0,1.0,0.1,0.5254799498333682,-6.1607911393800805,6.1831607322421265,0.5254799498333682,-6.1607911393800805,6.1831607322421265,6.1831607322421265,0.0,1.0,0.1,0.0,0.0,0.0,0.0,0.0,0.0,0.0,0.0,1.0,128.3,-14.054962167007318,12.494328306209695,18.805589630196653,385.9450378329927,-707.5056716937903,805.9267011997998,803.9520741950738,1282.0,1.0,0.1,10.207624091257628,-3.1981859668426296,10.696914651755067,10.207624091257628,-3.1981859668426296,10.696914651755067,6.1831607322421265,0.0
09_LTAN06_800km_1213COLD_MX_ALL_HEAT_MX_0p5,8470.0,398.3006263298881,-709.2334504600315,813.4220775134046,84.63620892246763,-173.78030852948615,193.29480979418716,482.9368352523557,-883.0137589895176,1006.449842470234,1.0,128.3,-1.6993736701119246,10.766549539968537,10.899837607380505,398.3006263298881,-709.2334504600315,813.4220775134046,813.4220775134046,1282.0,1.0,15.9,10.89514834443952,-4.925964733083788,11.956980638895775,-229.10485165556048,-4.925964733083788,229.1578019196989,229.1578019196989,158.0,1.0,0.1,-0.4559056351022832,-4.925964733083788,4.94701713153525,-0.4559056351022832,-4.925964733083788,4.94701713153525,4.94701713153525,0.0,1.0,0.1,0.0,0.0,0.0,0.0,0.0,0.0,0.0,0.0,1.0,191.9,2.9368352523557064,-3.013758989517555,4.208057098754374,482.9368352523557,-883.0137589895176,1006.449842470234,813.4220775134046,1918.0,1.0,6.300000000000001,4.180303287365348,-18.70627326256988,19.167670566563228,84.18030328736535,-178.70627326256988,197.54051626172568,4.94701713153525,62.0
09_LTAN06_800km_1213COLD_MX_ALL_HEAT_MX_0p5,8530.5,419.3885450625812,-708.0540788171244,822.9382299172128,-48.15912406788699,-126.60021203794867,135.45078412116962,371.22942099469424,-834.654290855073,913.4873114908826,1.0,128.3,19.388545062581215,11.945921182875622,22.77324554276836,419.3885450625812,-708.0540788171244,822.9382299172128,822.9382299172128,1282.0,1.0,11.3,-8.01693292286734,-3.7465930901767024,8.849190543383845,-208.01693292286734,-3.7465930901767024,208.05067013211,208.05067013211,112.0,1.0,0.1,-1.3769942276535403,-3.7465930901767024,3.9916253439358487,-1.3769942276535403,-3.7465930901767024,3.9916253439358487,3.9916253439358487,0.0,1.0,0.1,0.0,0.0,0.0,0.0,0.0,0.0,0.0,0.0,1.0,174.3,11.229420994694237,5.345709144927014,12.436900825295504,371.22942099469424,-834.654290855073,913.4873114908826,822.9382299172128,1742.0,1.0,3.1,-9.536118295540518,-10.346805128125311,14.07103153666933,-49.53611829554052,-130.3468051281253,139.4421622856561,3.9916253439358487,30.0
09_LTAN06_800km_1213COLD_MX_ALL_HEAT_MX_0p5,8591.0,439.5350062798605,-706.9327485280794,832.433140070061,12.169842320278484,-167.02209179401075,167.46487455388188,451.704848600139,-873.9548403220901,983.7857150677095,1.0,128.5,-0.46499372013948914,13.0672514719206,13.075522176577891,439.5350062798605,-706.9327485280794,832.433140070061,832.433140070061,1284.0,1.0,11.3,12.129528294411955,-2.6252628011317256,12.410377166707956,-187.87047170558805,-2.6252628011317256,187.8888132477694,187.8888132477694,112.0,1.0,0.1,-2.2090778412262466,-2.6252628011317256,3.4310391550669905,-2.2090778412262466,-2.6252628011317256,3.4310391550669905,3.4310391550669905,0.0,1.0,0.1,0.0,0.0,0.0,0.0,0.0,0.0,0.0,0.0,1.0,191.70000000000002,11.704848600138973,6.045159677909851,13.173740405959212,451.704848600139,-873.9548403220901,983.7857150677095,832.433140070061,1916.0,1.0,5.9,9.960764479052216,-9.647354595142474,13.866804956137697,9.960764479052216,-169.64735459514247,169.93952380225488,3.4310391550669905,58.0
09_LTAN06_800km_1213COLD_MX_ALL_HEAT_MX_0p5,8651.5,458.7594111834129,-705.912958965276,841.886751876084,33.913191610193415,13.658174869256126,36.560228472328674,492.6726027936063,-692.2547840960199,849.6722777914163,1.0,128.5,18.759411183412908,14.087041034724052,23.459757736651003,458.7594111834129,-705.912958965276,841.886751876084,841.886751876084,1284.0,1.0,7.5,-8.646066802035648,-1.6054732383282726,8.793862374648082,-168.64606680203565,-1.6054732383282726,168.65370850389166,168.65370850389166,74.0,1.0,0.1,-2.9268067589642897,-1.6054732383282726,3.3382243967875076,-2.9268067589642897,-1.6054732383282726,3.3382243967875076,3.3382243967875076,0.0,1.0,0.1,0.0,0.0,0.0,0.0,0.0,0.0,0.0,0.0,1.0,114.9,12.672602793606302,-12.254784096019876,17.628800152153858,492.6726027936063,-692.2547840960199,849.6722777914163,841.886751876084,1148.0,1.0,0.8,-9.013615148770896,12.0527016309278,15.050344668954324,30.986384851229104,12.0527016309278,33.24791215629412,3.3382243967875076,7.0
09_LTAN06_800km_1213COLD_MX_ALL_HEAT_MX_0p5,8712.0,477.0834167193654,-705.0023534510103,851.2560747977584,-69.7082892938768,-5.9870091180391505,69.96491888409722,407.3751274254886,-710.9893625690495,819.4268534355439,1.0,128.70000000000002,-2.9165832806345975,14.997646548989678,15.27860792223229,477.0834167193654,-705.0023534510103,851.2560747977584,851.2560747977584,1286.0,1.0,7.5,9.677938733916847,-0.6948677240626466,9.702852121484282,-150.32206126608315,-0.6948677240626466,150.3236672797667,150.3236672797667,74.0,1.0,0.1,-3.5221077983795794,-0.6948677240626466,3.5899978408559314,-3.5221077983795794,-0.6948677240626466,3.5899978408559314,3.5899978408559314,0.0,1.0,0.1,0.0,0.0,0.0,0.0,0.0,0.0,0.0,0.0,1.0,128.3,7.375127425488586,9.01063743095051,11.644058203832559,407.3751274254886,-710.9893625690495,819.4268534355439,851.2560747977584,1282.0,1.0,2.3000000000000003,6.769602907743604,-6.681876842101815,9.511834820976821,-73.2303970922564,-6.681876842101815,73.53460774643848,3.5899978408559314,22.0
09_LTAN06_800km_1213COLD_MX_ALL_HEAT_MX_0p5,8772.5,494.5321176951053,-704.2006081418194,860.5001522017958,-40.18297442659337,-135.74770196627827,141.5701593659263,454.3491432685119,-839.9483101080978,954.9587989239535,1.0,128.70000000000002,14.532117695105285,15.79939185818057,21.466327766824364,494.5321176951053,-704.2006081418194,860.5001522017958,860.5001522017958,1286.0,1.0,4.5,-12.873360290343271,0.1068775851282453,12.87380394379182,-132.87336029034327,0.1068775851282453,132.8734032741902,132.8734032741902,44.0,1.0,0.1,-4.005452100636546,0.1068775851282453,4.0068777556467285,-4.005452100636546,0.1068775851282453,4.0068777556467285,4.0068777556467285,0.0,1.0,0.1,0.0,0.0,0.0,0.0,0.0,0.0,0.0,0.0,1.0,174.70000000000002,14.34914326851191,0.05168989190224238,14.349236369410237,454.3491432685119,-839.9483101080978,954.9587989239535,860.5001522017958,1746.0,1.0,3.1,-4.188426527229922,-15.640824381150082,16.191920951387523,-44.18842652722992,-135.64082438115008,142.65710735098477,4.0068777556467285,30.0
09_LTAN06_800km_1213COLD_MX_ALL_HEAT_MX_0p5,8833.0,511.14072992203967,-703.5312860523123,869.6097493931724,40.553292155043366,-100.43062723728491,108.30918886173406,551.694022077083,-803.9619132895973,975.0492561998389,1.0,128.9,-8.859270077960332,16.46871394768766,18.700406557211675,511.14072992203967,-703.5312860523123,869.6097493931724,869.6097493931724,1288.0,1.0,4.5,3.735251936591112,0.7761996746353361,3.8150482257386544,-116.26474806340889,0.7761996746353361,116.26733904318462,116.26733904318462,44.0,1.0,0.1,-4.381173776643095,0.7761996746353361,4.449401037898149,-4.381173776643095,0.7761996746353361,4.449401037898149,4.449401037898149,0.0,1.0,0.1,0.0,0.0,0.0,0.0,0.0,0.0,0.0,0.0,1.0,159.10000000000002,-8.305977922917009,-3.9619132895973053,9.20250108232933,551.694022077083,-803.9619132895973,975.0492561998389,869.6097493931724,1590.0,1.0,1.7000000000000002,-3.827881621599772,-19.65442756264963,20.023715951951147,36.17211837840023,-99.65442756264963,106.01616424310201,4.449401037898149,16.0
09_LTAN06_800km_1213COLD_MX_ALL_HEAT_MX_0p5,8893.5,526.9380152036445,-702.9890211460684,878.5540596449734,84.42782586120317,-98.08858614288013,129.41958318260365,611.3658410648476,-801.0776072889485,1007.7169863214151,1.0,115.10000000000001,6.938015203644454,-22.989021146068353,24.013145321268922,526.9380152036445,-702.9890211460684,878.5540596449734,878.5540596449734,1150.0,1.0,2.3000000000000003,-20.4674627818041,1.318464580879322,20.509884972265674,-100.4674627818041,1.318464580879322,100.47611371198741,100.47611371198741,22.0,1.0,0.1,-4.651944943214971,1.318464580879322,4.835177412022917,-4.651944943214971,1.318464580879322,4.835177412022917,4.835177412022917,0.0,1.0,0.1,0.0,0.0,0.0,0.0,0.0,0.0,0.0,0.0,1.0,159.3,11.365841064847586,-1.0776072889484567,11.416811314047832,611.3658410648476,-801.0776072889485,1007.7169863214151,878.5540596449734,1592.0,1.0,1.9000000000000001,-0.22411908201183905,-16.77012156200078,16.771619080077073,79.77588091798816,-96.77012156200078,125.41390514359018,4.835177412022917,18.0
09_LTAN06_800km_1213COLD_MX_ALL_HEAT_MX_0p5,8954.0,541.9604041478696,-702.5676579826232,887.3118920127862,77.39024862609347,-134.7228979697481,155.3689474115588,619.350652773963,-837.2905559523713,1041.465652903909,0.0,nan,nan,nan,nan,541.9604041478696,-702.5676579826232,887.3118920127862,887.3118920127862,nan,1.0,2.3000000000000003,-5.445073837579002,1.7398277443244297,5.716277606677999,-85.445073837579,1.7398277443244297,85.46278513885005,85.46278513885005,22.0,1.0,0.1,-4.831484038537496,1.7398277443244297,5.135196061939956,-4.831484038537496,1.7398277443244297,5.135196061939956,5.135196061939956,0.0,1.0,0.1,0.0,0.0,0.0,0.0,0.0,0.0,0.0,0.0,1.0,175.5,19.35065277396302,2.709444047628722,19.539417847666634,619.350652773963,-837.2905559523713,1041.465652903909,887.3118920127862,1754.0,1.0,3.7,-7.44123541244403,-12.983070225423603,14.96436089319193,72.55876458755597,-132.9830702254236,151.49016893862228,5.135196061939956,36.0
09_LTAN06_800km_1213COLD_MX_ALL_HEAT_MX_0p5,9014.5,556.2567546132358,-702.2609356786456,895.8749906282106,-40.36135697882603,-122.96595412585322,129.4204968745433,515.8953976344097,-825.2268898044988,973.2150229814438,1.0,115.30000000000001,-3.7432453867642153,-22.260935678645637,22.573461039776994,556.2567546132358,-702.2609356786456,895.8749906282106,895.8749906282106,1152.0,1.0,2.3000000000000003,8.851276627787229,2.046550048302038,9.084793065437292,-71.14872337221277,2.046550048302038,71.1781511743306,71.1781511743306,22.0,1.0,0.1,-4.929532134000851,2.046550048302038,5.337476384992449,-4.929532134000851,2.046550048302038,5.337476384992449,5.337476384992449,0.0,1.0,0.1,0.0,0.0,0.0,0.0,0.0,0.0,0.0,0.0,1.0,175.10000000000002,-4.104602365590267,14.773110195501204,15.33272791867223,515.8953976344097,-825.2268898044988,973.2150229814438,895.8749906282106,1750.0,1.0,3.1,-5.290889112826903,-0.9194040775511212,5.370177973032913,-45.2908891128269,-120.91940407755112,129.1230688881753,5.337476384992449,30.0
09_LTAN06_800km_1213COLD_MX_ALL_HEAT_MX_0p5,9075.0,569.8552027344583,-702.0684758476807,904.231771650729,76.06398435531811,-218.32750566751426,231.1982470673265,645.9191870897764,-920.395981515195,1124.4289035061474,1.0,115.30000000000001,9.855202734458317,-22.068475847680702,24.16904315807602,569.8552027344583,-702.0684758476807,904.231771650729,904.231771650729,1152.0,1.0,0.9,-17.55027525099024,2.2390098792669733,17.692521771216665,-57.55027525099024,2.2390098792669733,57.59381344123859,57.59381344123859,8.0,1.0,0.1,-4.957691509892811,2.2390098792669733,5.439841022191583,-4.957691509892811,2.2390098792669733,5.439841022191583,5.439841022191583,0.0,1.0,0.1,0.0,0.0,0.0,0.0,0.0,0.0,0.0,0.0,1.0,210.5,5.919187089776415,-0.3959815151949897,5.932417480601977,645.9191870897764,-920.395981515195,1124.4289035061474,904.231771650729,2104.0,1.0,9.700000000000001,-8.893707154574713,-16.088495788247315,18.383082540199428,71.10629284542529,-216.08849578824731,227.4870169795339,5.439841022191583,96.0
09_LTAN06_800km_1213COLD_MX_ALL_HEAT_MX_0p5,9135.5,582.7816804042133,-701.9855487707005,912.3695510579362,-8.13885207902446,-153.65603877741844,153.87143713480992,574.6428283251888,-855.6415875481189,1030.6972913942473,1.0,129.3,-17.21831959578674,18.01445122929954,24.91969066412072,582.7816804042133,-701.9855487707005,912.3695510579362,912.3695510579362,1292.0,1.0,0.9,-4.623797581235294,2.321936956247214,5.174059847066318,-44.623797581235294,2.321936956247214,44.68416611955344,44.68416611955344,8.0,1.0,0.1,-4.9302287351291625,2.321936956247214,5.449637291552519,-4.9302287351291625,2.321936956247214,5.449637291552519,5.449637291552519,0.0,1.0,0.1,0.0,0.0,0.0,0.0,0.0,0.0,0.0,0.0,1.0,175.3,14.642828325188816,-15.641587548118878,21.425958143952847,574.6428283251888,-855.6415875481189,1030.6972913942473,912.3695510579362,1752.0,1.0,5.9,-13.069080814153608,8.665898178828797,15.681156353174538,-13.069080814153608,-151.3341018211712,151.89737077167428,5.449637291552519,58.0
09_LTAN06_800km_1213COLD_MX_ALL_HEAT_MX_0p5,9196.0,595.060940727866,-702.0048927381321,920.2762588528561,67.61991212142938,-128.89978024923482,145.55962992399665,662.6808528492953,-830.9046729873669,1062.8021868274982,1.0,115.5,-4.939059272134045,-22.00489273813207,22.552374839700384,595.060940727866,-702.0048927381321,920.2762588528561,920.2762588528561,1154.0,1.0,0.9,7.655462742417399,2.3025929888156043,7.994250701140395,-32.3445372575826,2.3025929888156043,32.42639395429735,32.42639395429735,8.0,1.0,0.1,-4.857431437589753,2.3025929888156043,5.375553426674135,-4.857431437589753,2.3025929888156043,5.375553426674135,5.375553426674135,0.0,1.0,0.1,0.0,0.0,0.0,0.0,0.0,0.0,0.0,0.0,1.0,175.70000000000002,22.68085284929532,9.095327012633106,24.436572170378582,662.6808528492953,-830.9046729873669,1062.8021868274982,920.2762588528561,1756.0,1.0,3.5,22.762480683839613,-6.5971872604192185,23.699227975425888,62.76248068383961,-126.59718726041922,141.3010148719357,5.375553426674135,34.0
09_LTAN06_800km_1213COLD_MX_ALL_HEAT_MX_0p5,9256.5,606.7175326205135,-702.1206215798701,927.9437114592819,98.51173634896654,-121.86217377076999,156.70019653665287,705.22926896948,-823.9827953506401,1084.5717905445827,1.0,115.5,6.7175326205134525,-22.12062157987009,23.118112889841953,606.7175326205135,-702.1206215798701,927.9437114592819,927.9437114592819,1154.0,1.0,0.1,-20.687945364935103,2.1868641470775856,20.803207882927893,-20.687945364935103,2.1868641470775856,20.803207882927893,20.803207882927893,0.0,1.0,0.1,-4.752344790923644,2.1868641470775856,5.231362710574795,-4.752344790923644,2.1868641470775856,5.231362710574795,5.231362710574795,0.0,1.0,0.1,0.0,0.0,0.0,0.0,0.0,0.0,0.0,0.0,1.0,176.10000000000002,-14.770731030519983,16.017204649359883,21.788192672992448,705.22926896948,-823.9827953506401,1084.5717905445827,927.9437114592819,1760.0,1.0,3.7,13.759391558042921,0.3246903763075579,13.763222002424053,93.75939155804292,-119.67530962369244,152.02961303266238,5.231362710574795,36.0
09_LTAN06_800km_1213COLD_MX_ALL_HEAT_MX_0p5,9317.0,617.7601721189458,-702.3091252675712,935.3425777171327,111.39489704083459,-95.04725570428656,146.43361603011166,729.1550691597804,-797.3563809718578,1080.4833701440955,0.0,nan,nan,nan,nan,617.7601721189458,-702.3091252675712,935.3425777171327,935.3425777171327,nan,1.0,0.1,-9.645305866502781,1.9983604593764994,9.850145673237144,-9.645305866502781,1.9983604593764994,9.850145673237144,9.850145673237144,0.0,1.0,0.1,-4.599101264525302,1.9983604593764994,5.0144966813188425,-4.599101264525302,1.9983604593764994,5.0144966813188425,5.0144966813188425,0.0,1.0,0.1,0.0,0.0,0.0,0.0,0.0,0.0,0.0,0.0,1.0,159.9,9.155069159780396,2.6436190281422114,9.529113961240977,729.1550691597804,-797.3563809718578,1080.4833701440955,935.3425777171327,1598.0,1.0,4.0,-13.204204223690681,-13.048895244910113,18.564069497111042,106.79579577630932,-93.04889524491011,141.6454690478782,5.0144966813188425,39.0
09_LTAN06_800km_1213COLD_MX_ALL_HEAT_MX_0p5,9377.5,628.2072163101689,-702.5606759645071,942.4626305779325,-0.774872295900698,-146.51676757128186,146.51881656160066,627.4323440142682,-849.077443535789,1055.7480056512113,1.0,129.5,-11.79278368983114,17.43932403549286,21.052310323811643,628.2072163101689,-702.5606759645071,942.4626305779325,942.4626305779325,1294.0,1.0,0.1,0.8017383247203043,1.7468097624405345,1.9220116252205337,0.8017383247203043,1.7468097624405345,1.9220116252205337,1.9220116252205337,0.0,1.0,0.1,-4.413807200292467,1.7468097624405345,4.746897760381109,-4.413807200292467,1.7468097624405345,4.746897760381109,4.746897760381109,0.0,1.0,0.1,0.0,0.0,0.0,0.0,0.0,0.0,0.0,0.0,1.0,175.70000000000002,-12.56765598573179,-9.07744353578903,15.503095114238903,627.4323440142682,-849.077443535789,1055.7480056512113,942.4626305779325,1756.0,1.0,5.9,-5.188679496193117,15.230042191158645,16.089642011514343,-5.188679496193117,-144.76995780884135,144.86291132960127,4.746897760381109,58.0
09_LTAN06_800km_1213COLD_MX_ALL_HEAT_MX_0p5,9438.0,638.0824867256673,-702.873403689812,949.3051571968377,-46.95899917191901,-211.19559721855967,216.35324792508288,591.1234875537483,-914.0690009083717,1088.5536807890253,1.0,115.7,-1.9175132743326913,-22.873403689811994,22.95363704327371,638.0824867256673,-702.873403689812,949.3051571968377,949.3051571968377,1156.0,1.0,0.1,10.677008740218753,1.4340820371356813,10.772887585412876,10.677008740218753,1.4340820371356813,10.772887585412876,10.772887585412876,0.0,1.0,0.1,-4.200353857078994,1.4340820371356813,4.438419066955441,-4.200353857078994,1.4340820371356813,4.438419066955441,4.438419066955441,0.0,1.0,0.1,0.0,0.0,0.0,0.0,0.0,0.0,0.0,0.0,1.0,210.3,-8.876512446251695,5.930999091628337,10.675636909962675,591.1234875537483,-914.0690009083717,1088.5536807890253,949.3051571968377,2102.0,1.0,9.1,-11.159353028997998,-9.761515181423988,14.826271907090392,-51.159353028998,-209.761515181424,215.9101031761886,4.438419066955441,90.0
09_LTAN06_800km_1213COLD_MX_ALL_HEAT_MX_0p5,9498.5,647.3919639224275,-703.2161239352628,955.8395638986035,-28.74311825182073,-67.45613646315118,73.32460155618594,618.6488456706068,-770.672260398414,988.2621753346502,1.0,115.7,7.3919639224275215,-23.21612393526277,24.364513974383957,647.3919639224275,-703.2161239352628,955.8395638986035,955.8395638986035,1156.0,1.0,0.1,19.986485936978966,1.0913617916849034,20.016260656511434,19.986485936978966,1.0913617916849034,20.016260656511434,20.016260656511434,0.0,1.0,0.1,-3.9747376202049054,1.0913617916849034,4.121845425270317,-3.9747376202049054,1.0913617916849034,4.121845425270317,4.121845425270317,0.0,1.0,0.1,0.0,0.0,0.0,0.0,0.0,0.0,0.0,0.0,1.0,143.9,18.64884567060676,-10.672260398413982,21.48666067255831,618.6488456706068,-770.672260398414,988.2621753346502,955.8395638986035,1438.0,1.0,1.3,7.282144127974334,13.635225328533693,15.457975056923782,-32.717855872025666,-66.36477467146631,73.99149552520979,4.121845425270317,12.0
09_LTAN06_800km_1213COLD_MX_ALL_HEAT_MX_0p5,9559.0,656.1576359024888,-703.5871486143069,962.0694979305568,2.1523440295770158,-139.8497365139572,139.8662982560306,658.3099799320657,-843.4368851282641,1069.9335534849934,1.0,129.5,16.157635902488778,16.412851385693102,23.031519458477817,656.1576359024888,-703.5871486143069,962.0694979305568,962.0694979305568,1294.0,1.0,0.8,-11.247842082959778,0.7203371126407774,11.270884485214486,28.752157917040222,0.7203371126407774,28.761179920898,28.761179920898,7.0,1.0,0.1,-3.731931639712343,0.7203371126407774,3.800815612382914,-3.731931639712343,0.7203371126407774,3.800815612382914,3.800815612382914,0.0,1.0,0.1,0.0,0.0,0.0,0.0,0.0,0.0,0.0,0.0,1.0,175.70000000000002,18.309979932065744,-3.4368851282640662,18.629748911285223,658.3099799320657,-843.4368851282641,1069.9335534849934,962.0694979305568,1756.0,1.0,3.3000000000000003,-1.579587610135377,-19.12939940131639,19.19450490304913,-1.579587610135377,-139.1293994013164,139.13836593401948,3.800815612382914,32.0
09_LTAN06_800km_1213COLD_MX_ALL_HEAT_MX_0p5,9619.5,664.4008432049097,-703.9804603464945,967.9963682788574,5.988223743185998,-87.1611114216924,87.36657351563659,670.3890669480958,-791.1415717681869,1036.9795020459062,1.0,129.70000000000002,-15.599156795090266,16.01953965350549,22.359770647930304,664.4008432049097,-703.9804603464945,967.9963682788574,967.9963682788574,1296.0,1.0,0.8,-3.0046347805388223,0.32702538045316487,3.022379156208584,36.99536521946118,0.32702538045316487,36.996810583086464,36.996810583086464,7.0,1.0,0.1,-3.4790873981431787,0.32702538045316487,3.494423374947462,-3.4790873981431787,0.32702538045316487,3.494423374947462,3.494423374947462,0.0,1.0,0.1,0.0,0.0,0.0,0.0,0.0,0.0,0.0,0.0,1.0,159.70000000000002,-9.610933051904226,8.85842823181315,13.07064592383901,670.3890669480958,-791.1415717681869,1036.9795020459062,967.9963682788574,1596.0,1.0,1.5,2.5091363450428616,-6.834086041239175,7.280144038209354,2.5091363450428616,-86.83408604123917,86.87033016983038,3.494423374947462,14.0
09_LTAN06_800km_1213COLD_MX_ALL_HEAT_MX_0p5,9680.0,672.1383063321255,-704.3679808437154,973.6036951844784,34.33795408842806,-101.43958528176556,107.09381192727982,706.4762604205536,-805.8075661254809,1071.6503814971004,1.0,129.70000000000002,-7.861693667874533,15.632019156284628,17.49760698581232,672.1383063321255,-704.3679808437154,973.6036951844784,973.6036951844784,1296.0,1.0,0.8,4.732828346676911,-0.060495116767697255,4.733214955847794,44.73282834667691,-0.060495116767697255,44.73286925240112,44.73286925240112,7.0,1.0,0.1,-3.2153384258904225,-0.060495116767697255,3.2159074694649155,-3.2153384258904225,-0.060495116767697255,3.2159074694649155,3.2159074694649155,0.0,1.0,0.1,0.0,0.0,0.0,0.0,0.0,0.0,0.0,0.0,1.0,159.9,-13.523739579446442,-5.807566125480889,14.717994310180968,706.4762604205536,-805.8075661254809,1071.6503814971004,973.6036951844784,1598.0,1.0,1.7000000000000002,-8.877384337462331,-21.500080398533214,23.260726768921337,31.12261566253767,-101.50008039853321,106.16441742216053,3.2159074694649155,16.0
09_LTAN06_800km_1213COLD_MX_ALL_HEAT_MX_0p5,9740.5,679.3905943534064,-704.7506123548318,978.8998954491645,28.4856343031624,-92.61021488052273,96.89212177401265,707.8762286565689,-797.3608272353545,1066.242488323597,1.0,115.9,-0.6094056465935864,-24.750612354831787,24.758113562653598,679.3905943534064,-704.7506123548318,978.8998954491645,978.8998954491645,1158.0,1.0,0.8,11.985116367957858,-0.44312662788411217,11.993305447700033,51.98511636795786,-0.44312662788411217,51.987004962764104,51.987004962764104,7.0,1.0,0.1,-2.9358555324184863,-0.44312662788411217,2.9691091114292476,-2.9358555324184863,-0.44312662788411217,2.9691091114292476,2.9691091114292476,0.0,1.0,0.1,0.0,0.0,0.0,0.0,0.0,0.0,0.0,0.0,1.0,159.9,-12.123771343431144,2.6391727646455365,12.407701820621293,707.8762286565689,-797.3608272353545,1066.242488323597,978.8998954491645,1598.0,1.0,1.7000000000000002,-14.450221229256044,-13.053341508406788,19.473022829276857,25.549778770743956,-93.05334150840679,96.49723084687011,2.9691091114292476,16.0
09_LTAN06_800km_1213COLD_MX_ALL_HEAT_MX_0p5,9801.0,686.1790548256109,-705.1110454335558,983.8817417117622,60.32461170479297,-82.48163683289478,102.18747081696263,746.503666530404,-787.5926822664505,1085.158954855462,1.0,129.70000000000002,6.179054825610933,14.888954566444227,16.120226010188137,686.1790548256109,-705.1110454335558,983.8817417117622,983.8817417117622,1296.0,1.0,0.8,18.773576840162377,-0.8035597066080982,18.790766231731087,58.77357684016238,-0.8035597066080982,58.779069767975706,58.779069767975706,7.0,1.0,0.1,-2.6568939695677045,-0.8035597066080982,2.7757510276696875,-2.6568939695677045,-0.8035597066080982,2.7757510276696875,2.7757510276696875,0.0,1.0,0.1,0.0,0.0,0.0,0.0,0.0,0.0,0.0,0.0,1.0,160.10000000000002,-13.496333469596038,12.407317733549462,18.332827126872417,746.503666530404,-787.5926822664505,1085.158954855462,983.8817417117622,1600.0,1.0,1.7000000000000002,17.667717735225324,-3.285196539502863,17.970552753734566,57.667717735225324,-83.28519653950286,101.301478920168,2.7757510276696875,16.0
09_LTAN06_800km_1213COLD_MX_ALL_HEAT_MX_0p5,9861.5,692.5250789122357,-705.421718852667,988.5397242151929,108.01390514845068,-138.0623832821217,175.29468155924746,800.5389840606864,-843.4841021347887,1162.8964251192135,1.0,129.70000000000002,12.5250789122357,14.578281147332973,19.21988249101475,692.5250789122357,-705.421718852667,988.5397242151929,988.5397242151929,1296.0,1.0,2.2,-14.880399073212857,-1.1142331257193518,14.92205723204828,65.11960092678714,-1.1142331257193518,65.12913280800281,65.12913280800281,21.0,1.0,0.1,-2.378447606671557,-1.1142331257193518,2.6265049925960495,-2.378447606671557,-1.1142331257193518,2.6265049925960495,2.6265049925960495,0.0,1.0,0.1,0.0,0.0,0.0,0.0,0.0,0.0,0.0,0.0,1.0,176.5,0.5389840606864027,-3.4841021347887136,3.525545561088847,800.5389840606864,-843.4841021347887,1162.8964251192135,988.5397242151929,1764.0,1.0,3.9000000000000004,-14.364542458220853,-19.17661640784104,23.960022889962097,105.63545754177915,-139.17661640784104,174.72544303791693,2.6265049925960495,38.0
09_LTAN06_800km_1213COLD_MX_ALL_HEAT_MX_0p5,9922.0,698.4473221317318,-705.6833893268625,992.8835318227589,110.38528928062175,-128.98962459404294,169.77407146699014,808.8326114123536,-834.6730139209055,1162.2776060184312,1.0,129.70000000000002,18.447322131731767,14.316610673137461,23.350996445506862,698.4473221317318,-705.6833893268625,992.8835318227589,992.8835318227589,1296.0,1.0,2.2,-8.95815585371679,-1.3759035999148637,9.063204014902183,71.04184414628321,-1.3759035999148637,71.05516681016978,71.05516681016978,21.0,1.0,0.1,-2.1051917192818337,-1.3759035999148637,2.514943914124425,-2.1051917192818337,-1.3759035999148637,2.514943914124425,2.514943914124425,0.0,1.0,0.1,0.0,0.0,0.0,0.0,0.0,0.0,0.0,0.0,1.0,176.5,8.832611412353572,5.326986079094468,10.31464032569749,808.8326114123536,-834.6730139209055,1162.2776060184312,992.8835318227589,1764.0,1.0,3.9000000000000004,-11.719902438660029,-10.365528193957857,15.646094973233561,108.28009756133997,-130.36552819395786,169.4690251024739,2.514943914124425,38.0
09_LTAN06_800km_1213COLD_MX_ALL_HEAT_MX_0p5,9982.5,703.9750045038085,-705.8607031370851,996.9052809566801,79.45651301487065,-165.57589007946007,183.6537852484608,783.4315175186791,-871.4365932165451,1171.8219483515738,1.0,129.9,-16.024995496191536,14.139296862914875,21.371012994956356,703.9750045038085,-705.8607031370851,996.9052809566801,996.9052809566801,1298.0,1.0,2.2,-3.4304734816400924,-1.5532174101374494,3.765718076461644,76.56952651835991,-1.5532174101374494,76.58527845199086,76.58527845199086,21.0,1.0,0.1,-1.822677477436514,-1.5532174101374494,2.3947103185789342,-1.822677477436514,-1.5532174101374494,2.3947103185789342,2.3947103185789342,0.0,1.0,0.1,0.0,0.0,0.0,0.0,0.0,0.0,0.0,0.0,1.0,193.3,23.43151751867913,8.563406783454866,24.947303440794713,783.4315175186791,-871.4365932165451,1171.8219483515738,996.9052809566801,1932.0,1.0,6.300000000000001,-2.3661644625658482,-7.129107489597459,7.511518345989984,77.63383553743415,-167.12910748959746,184.28008842661976,2.3947103185789342,62.0
09_LTAN06_800km_1213COLD_MX_ALL_HEAT_MX_0p5,10043.0,709.1318019107541,-705.933884271928,1000.6050976506391,124.02040812896303,-96.32925456189422,157.0362598794456,833.1522100397171,-802.2631388338223,1156.6195351218835,1.0,129.9,-10.86819808924588,14.066115728071964,17.775638986618773,709.1318019107541,-705.933884271928,1000.6050976506391,1000.6050976506391,1298.0,1.0,2.2,1.7263239253055644,-1.6263985449803613,2.3717855135312402,81.72632392530556,-1.6263985449803613,81.74250543365481,81.74250543365481,21.0,1.0,0.1,-1.5365506500212405,-1.6263985449803613,2.237444999814506,-1.5365506500212405,-1.6263985449803613,2.237444999814506,2.237444999814506,0.0,1.0,0.1,0.0,0.0,0.0,0.0,0.0,0.0,0.0,0.0,1.0,176.8,-6.847789960282853,-2.2631388338222678,7.212074924826076,833.1522100397171,-802.2631388338223,1156.6195351218835,1000.6050976506391,1767.0,1.0,3.9000000000000004,2.483857478941786,22.044346893125407,22.183840468235946,122.48385747894179,-97.95565310687459,156.8362372620437,2.237444999814506,38.0
09_LTAN06_800km_1213COLD_MX_ALL_HEAT_MX_0p5,10103.5,713.9329793629809,-705.9075747302129,1003.9949218415368,119.24110150093873,-140.73367841355304,184.45706418287844,833.1740808639196,-846.6412531437659,1187.8469853260913,1.0,129.9,-6.067020637019141,14.0924252697871,15.34291984579696,713.9329793629809,-705.9075747302129,1003.9949218415368,1003.9949218415368,1298.0,1.0,2.2,6.527501377532303,-1.600089003265225,6.720755839342508,86.5275013775323,-1.600089003265225,86.54229474342141,86.54229474342141,21.0,1.0,0.1,-1.2448073290543107,-1.600089003265225,2.0272715912865817,-1.2448073290543107,-1.600089003265225,2.0272715912865817,2.0272715912865817,0.0,1.0,0.1,0.0,0.0,0.0,0.0,0.0,0.0,0.0,0.0,1.0,176.70000000000002,-6.825919136080415,-6.64125314376588,9.523624067123238,833.1740808639196,-846.6412531437659,1187.8469853260913,1003.9949218415368,1766.0,1.0,3.9000000000000004,-2.003705828115585,-22.333767416818205,22.423469938306937,117.99629417188441,-142.3337674168182,184.88381969594525,2.0272715912865817,38.0
09_LTAN06_800km_1213COLD_MX_ALL_HEAT_MX_0p5,10164.0,718.4143272864724,-705.7554936909487,1007.0799186387491,71.69713514081519,-166.5692630656636,181.3444197808098,790.1114624272875,-872.3247567566123,1176.9565006020698,1.0,129.9,-1.5856727135276287,14.244506309051303,14.332491686480353,718.4143272864724,-705.7554936909487,1007.0799186387491,1007.0799186387491,1298.0,1.0,2.2,11.008849301023815,-1.4480079640010217,11.103670113816554,91.00884930102382,-1.4480079640010217,91.02036793026204,91.02036793026204,21.0,1.0,0.1,-0.9680963835404555,-1.4480079640010217,1.7418202179428544,-0.9680963835404555,-1.4480079640010217,1.7418202179428544,1.7418202179428544,0.0,1.0,0.1,0.0,0.0,0.0,0.0,0.0,0.0,0.0,0.0,1.0,193.5,-9.888537572712494,7.67524324338774,12.517688851066552,790.1114624272875,-872.3247567566123,1176.9565006020698,1007.0799186387491,1934.0,1.0,6.300000000000001,-9.27096124272532,-8.017271029664585,12.256727015284874,70.72903875727468,-168.01727102966458,182.2975597417141,1.7418202179428544,62.0
09_LTAN06_800km_1213COLD_MX_ALL_HEAT_MX_0p5,10224.5,722.5941010531113,-705.4772627869174,1009.8714785486693,-68.00142958086195,-183.2262988071699,195.43815134107066,654.5926714722493,-888.7035615940873,1103.759750097453,1.0,129.9,2.5941010531113307,14.522737213082564,14.752601683567764,722.5941010531113,-705.4772627869174,1009.8714785486693,1009.8714785486693,1298.0,1.0,2.2,15.188623067662775,-1.1697770599697606,15.233602629108102,95.18862306766277,-1.1697770599697606,95.19581051646975,95.19581051646975,21.0,1.0,0.1,-0.7226254773549954,-1.1697770599697606,1.3749785273065291,-0.7226254773549954,-1.1697770599697606,1.3749785273065291,1.3749785273065291,0.0,1.0,0.1,0.0,0.0,0.0,0.0,0.0,0.0,0.0,0.0,1.0,192.70000000000002,14.592671472249322,-8.703561594087319,16.991116653094668,654.5926714722493,-888.7035615940873,1103.759750097453,1009.8714785486693,1926.0,1.0,8.9,11.275944941782996,15.603924132860357,19.251737133936338,-68.724055058217,-184.39607586713964,196.78645415486494,1.3749785273065291,88.0
09_LTAN06_800km_1213COLD_MX_ALL_HEAT_MX_0p5,10285.0,726.4871581989364,-705.076832816581,1012.3818109797447,-47.003467611014,-171.23749938403125,177.57141426129303,679.4836905879224,-876.3143322006123,1108.8845271691678,1.0,129.9,6.487158198936413,14.923167183418968,16.27218916686691,726.4871581989364,-705.076832816581,1012.3818109797447,1012.3818109797447,1298.0,1.0,2.2,19.081680213487857,-0.7693470896333565,19.0971834235874,99.08168021348786,-0.7693470896333565,99.08466707252035,99.08466707252035,21.0,1.0,0.1,-0.49448278576630855,-0.7693470896333565,0.9145535357465548,-0.49448278576630855,-0.7693470896333565,0.9145535357465548,0.9145535357465548,0.0,1.0,0.1,0.0,0.0,0.0,0.0,0.0,0.0,0.0,0.0,1.0,192.9,-0.5163094120775895,3.6856677993877156,3.7216558863553453,679.4836905879224,-876.3143322006123,1108.8845271691678,1012.3818109797447,1928.0,1.0,5.7,-7.497950396780311,-12.00684647366461,14.155692225911464,-47.49795039678031,-172.0068464736646,178.44441858940232,0.9145535357465548,56.0
09_LTAN06_800km_1213COLD_MX_ALL_HEAT_MX_0p5,10345.5,730.1318072743139,-704.5305343542728,1014.6209784107429,-38.53233245460182,-122.53799040412162,128.4534925047683,691.5994748197121,-827.0685247583945,1078.1243797526001,1.0,129.9,10.131807274313928,15.469465645727155,18.492103341917957,730.1318072743139,-704.5305343542728,1014.6209784107429,1014.6209784107429,1298.0,1.0,2.2,22.726329288865372,-0.22304862732516995,22.727423823128124,102.72632928886537,-0.22304862732516995,102.72657144018072,102.72657144018072,21.0,1.0,0.1,-0.2709951148648315,-0.22304862732516995,0.35098296601437196,-0.2709951148648315,-0.22304862732516995,0.35098296601437196,0.35098296601437196,0.0,1.0,0.1,0.0,0.0,0.0,0.0,0.0,0.0,0.0,0.0,1.0,175.9,11.5994748197121,12.93147524160554,17.371553414055754,691.5994748197121,-827.0685247583945,1078.1243797526001,1014.6209784107429,1758.0,1.0,3.1,1.19667243053334,-2.761039031446785,3.0092127607019035,-38.80332756946666,-122.76103903144678,128.74770263792567,0.35098296601437196,30.0
09_LTAN06_800km_1213COLD_MX_ALL_HEAT_MX_0p5,10406.0,733.5388456604585,-703.8418818113294,1016.5985602412543,58.783657043174195,-76.89094708559725,96.78706566008518,792.3225027036327,-780.7328288969265,1112.3482810738485,1.0,129.9,13.538845660458492,16.15811818867064,21.080444141828814,733.5388456604585,-703.8418818113294,1016.5985602412543,1016.5985602412543,1298.0,1.0,4.4,-13.866632324990064,0.46560391561831693,13.874446981508793,106.13336767500994,0.46560391561831693,106.13438896533528,106.13438896533528,43.0,1.0,0.1,-0.05546479296992857,0.46560391561831693,0.4688958834307525,-0.05546479296992857,0.46560391561831693,0.4688958834307525,0.4688958834307525,0.0,1.0,0.1,0.0,0.0,0.0,0.0,0.0,0.0,0.0,0.0,1.0,160.3,-7.677497296367278,19.26717110307345,20.74048811023587,792.3225027036327,-780.7328288969265,1112.3482810738485,1016.5985602412543,1602.0,1.0,1.7000000000000002,18.7281922502043,3.5746568300211266,19.066288480274004,58.7281922502043,-76.42534316997887,96.38378309459529,0.4688958834307525,16.0
09_LTAN06_800km_1213COLD_MX_ALL_HEAT_MX_0p5,10466.5,736.7274814651583,-703.0098060242422,1018.3271425785713,112.5294427952111,-111.65918771422764,158.5264952517459,849.2569242603695,-814.6689937384698,1176.8274694121624,1.0,129.9,16.72748146515835,16.990193975757848,23.842720639664726,736.7274814651583,-703.0098060242422,1018.3271425785713,1018.3271425785713,1298.0,1.0,4.4,-10.677996520290208,1.2976797027055227,10.75655996581359,109.32200347970979,1.2976797027055227,109.32970510080274,109.32970510080274,43.0,1.0,0.1,0.14888148101601928,1.2976797027055227,1.3061922929658623,0.14888148101601928,1.2976797027055227,1.3061922929658623,1.3061922929658623,0.0,1.0,0.1,0.0,0.0,0.0,0.0,0.0,0.0,0.0,0.0,1.0,176.8,9.256924260369487,-14.668993738469794,17.345605324158715,849.2569242603695,-814.6689937384698,1176.8274694121624,1018.3271425785713,1767.0,1.0,3.9000000000000004,-7.321675723772842,9.638491988477881,12.104026735596582,112.67832427622716,-110.36150801152212,157.7214862099513,1.3061922929658623,38.0
09_LTAN06_800km_1213COLD_MX_ALL_HEAT_MX_0p5,10527.0,739.7301209783552,-702.0252346820726,1019.8235543529435,6.223979722361779,-9.232668240659201,11.134634543910622,745.954100700717,-711.2579029227318,1030.6965241147648,0.0,nan,nan,nan,nan,739.7301209783552,-702.0252346820726,1019.8235543529435,1019.8235543529435,nan,1.0,4.4,-7.675357007093339,2.2822510448751245,8.007482439454389,112.32464299290666,2.2822510448751245,112.34782638447336,112.34782638447336,43.0,1.0,0.1,0.3553398991186896,2.2822510448751245,2.3097480978971014,0.3553398991186896,2.2822510448751245,2.3097480978971014,2.3097480978971014,0.0,1.0,0.1,0.0,0.0,0.0,0.0,0.0,0.0,0.0,0.0,1.0,144.8,-14.04589929928295,8.742097077268227,16.544230064707726,745.954100700717,-711.2579029227318,1030.6965241147648,1019.8235543529435,1447.0,1.0,0.1,6.579319621480522,-6.950417195784098,9.57056664346735,6.579319621480522,-6.950417195784098,9.57056664346735,2.3097480978971014,0.0
09_LTAN06_800km_1213COLD_MX_ALL_HEAT_MX_0p5,10587.5,742.5555973874866,-700.894708691662,1021.098529958523,104.0203721289143,-108.29665487569014,150.16125757032722,846.575969516401,-809.1913635673521,1171.1027004642356,0.0,nan,nan,nan,nan,742.5555973874866,-700.894708691662,1021.098529958523,1021.098529958523,nan,1.0,4.4,-4.849880597961942,3.4127770352856714,5.930294166992136,115.15011940203806,3.4127770352856714,115.2006816186267,115.2006816186267,43.0,1.0,0.1,0.5543119115054651,3.4127770352856714,3.457500367000718,0.5543119115054651,3.4127770352856714,3.457500367000718,3.457500367000718,0.0,1.0,0.1,0.0,0.0,0.0,0.0,0.0,0.0,0.0,0.0,1.0,176.8,6.57596951640096,-9.191363567352141,11.301528184625429,846.575969516401,-809.1913635673521,1171.1027004642356,1021.098529958523,1767.0,1.0,3.9000000000000004,-15.425315959580189,15.116122159595534,21.597164665684577,104.57468404041981,-104.88387784040447,148.10973085180638,3.457500367000718,38.0
09_LTAN06_800km_1213COLD_MX_ALL_HEAT_MX_0p5,10648.0,745.2294571033257,-699.635558807936,1022.1824000064814,47.61734851853454,-103.65062983788808,114.06517849776276,792.8468056218602,-803.2861886458242,1128.6606035712962,1.0,145.0,-14.770542896674328,-19.635558807936036,24.57079785359871,745.2294571033257,-699.635558807936,1022.1824000064814,1022.1824000064814,1449.0,1.0,4.4,-2.1760208821228844,4.671926919011639,5.1538304217368704,117.82397911787712,4.671926919011639,117.91656777699447,117.91656777699447,43.0,1.0,0.1,0.7482240638571511,4.671926919011639,4.73146281675345,0.7482240638571511,4.671926919011639,4.73146281675345,4.73146281675345,0.0,1.0,0.1,0.0,0.0,0.0,0.0,0.0,0.0,0.0,0.0,1.0,160.3,-7.153194378139801,-3.2861886458241543,7.871926424160382,792.8468056218602,-803.2861886458242,1128.6606035712962,1022.1824000064814,1602.0,1.0,1.7000000000000002,8.365572582391678,-18.97870291887648,20.740635696965363,48.36557258239168,-98.97870291887648,110.16357039750393,4.73146281675345,16.0
09_LTAN06_800km_1213COLD_MX_ALL_HEAT_MX_0p5,10708.5,747.7760895707218,-698.2636024703347,1023.1036793348608,115.75097788356946,-73.12536198565874,136.91459909935176,863.5270674542912,-771.3889644559935,1157.8946112279382,1.0,144.8,-12.223910429278249,21.736397529665282,24.937821952822112,747.7760895707218,-698.2636024703347,1023.1036793348608,1023.1036793348608,1447.0,1.0,4.4,0.3706115852731955,6.043883256612958,6.055235566574199,120.3706115852732,6.043883256612958,120.52224963977511,120.52224963977511,43.0,1.0,0.1,0.9207255790613544,6.043883256612958,6.11361271356833,0.9207255790613544,6.043883256612958,6.11361271356833,6.11361271356833,0.0,1.0,0.1,0.0,0.0,0.0,0.0,0.0,0.0,0.0,0.0,1.0,194.4,-16.472932545708773,-11.38896445599346,20.026632718341684,863.5270674542912,-771.3889644559935,1157.8946112279382,1023.1036793348608,1943.0,1.0,4.0,-3.3282965373691695,12.918521270954216,13.340380416943145,116.67170346263083,-67.08147872904578,134.58161530219306,6.11361271356833,39.0
09_LTAN06_800km_1213COLD_MX_ALL_HEAT_MX_0p5,10769.0,750.2011699690687,-696.782848794161,1023.869197601269,107.06678949171356,-31.965440368975976,111.73668506826871,857.2679594607823,-728.7482891631371,1125.1588435755427,1.0,145.0,-9.798830030931299,-16.782848794161055,19.434018720345883,750.2011699690687,-696.782848794161,1023.869197601269,1023.869197601269,1449.0,1.0,4.4,2.795691983620145,7.5246369327866205,8.027207150530899,122.79569198362015,7.5246369327866205,123.02602216891502,123.02602216891502,43.0,1.0,0.1,1.0757051398220483,7.5246369327866205,7.601138238322996,1.0757051398220483,7.5246369327866205,7.601138238322996,7.601138238322996,0.0,1.0,0.1,0.0,0.0,0.0,0.0,0.0,0.0,0.0,0.0,1.0,177.20000000000002,17.267959460782322,-8.748289163137088,19.357556333925093,857.2679594607823,-728.7482891631371,1125.1588435755427,1023.869197601269,1771.0,1.0,4.2,-11.85750536846433,15.559196563810588,19.562439297655484,108.14249463153567,-24.440803436189412,110.86997798204061,7.601138238322996,41.0
09_LTAN06_800km_1213COLD_MX_ALL_HEAT_MX_0p5,10829.5,752.5317280723744,-695.2048160212385,1024.5065826897933,-8.110822570339206,-78.95691695138852,79.3724144601636,744.4209055020352,-774.161732972627,1074.0059931618869,1.0,145.0,-7.468271927625551,-15.204816021238457,16.9399384834972,752.5317280723744,-695.2048160212385,1024.5065826897933,1024.5065826897933,1449.0,1.0,4.4,5.126250086925893,9.102669705709218,10.446867268465896,125.1262500869259,9.102669705709218,125.45691314784993,125.45691314784993,43.0,1.0,0.1,1.2203554903314853,9.102669705709218,9.184109281471914,1.2203554903314853,9.102669705709218,9.184109281471914,9.184109281471914,0.0,1.0,0.1,0.0,0.0,0.0,0.0,0.0,0.0,0.0,0.0,1.0,144.70000000000002,-15.579094497964775,-14.161732972626965,21.053808827965216,744.4209055020352,-774.161732972627,1074.0059931618869,1024.5065826897933,1446.0,1.0,1.5,-6.890467080007738,10.14575275432071,12.264372610634295,-6.890467080007738,-69.85424724567929,70.19326459740395,9.184109281471914,14.0
09_LTAN06_800km_1213COLD_MX_ALL_HEAT_MX_0p5,10890.0,754.7805185482274,-693.5381844518281,1025.0311431720838,7.352164281635414,-147.81370339625283,147.99643654946414,762.1326828298628,-841.3518878480809,1135.21769957263,1.0,145.0,-5.2194814517725945,-13.538184451828101,14.509494301219402,754.7805185482274,-693.5381844518281,1025.0311431720838,1025.0311431720838,1449.0,1.0,4.4,7.37504056277885,10.769301275119574,13.052550450273136,127.37504056277885,10.769301275119574,127.82949115256561,127.82949115256561,43.0,1.0,0.1,1.3606043817750333,10.769301275119574,10.854911065411706,1.3606043817750333,10.769301275119574,10.854911065411706,10.854911065411706,0.0,1.0,0.1,0.0,0.0,0.0,0.0,0.0,0.0,0.0,0.0,1.0,176.3,2.1326828298628016,-1.351887848080878,2.5250617431224045,762.1326828298628,-841.3518878480809,1135.21769957263,1025.0311431720838,1762.0,1.0,3.3000000000000003,8.71276866341043,-17.044402121133203,19.142204195154665,8.71276866341043,-137.0444021211332,137.3210853821108,10.854911065411706,32.0
09_LTAN06_800km_1213COLD_MX_ALL_HEAT_MX_0p5,10950.5,756.9518851749945,-691.7884910583276,1025.4498880153706,89.33953971056235,-111.05551415446695,142.53027951915394,846.2914248855568,-802.8440052127946,1166.5194694221557,1.0,145.0,-3.048114825005541,-11.788491058327622,12.176186817665409,756.9518851749945,-691.7884910583276,1025.4498880153706,1025.4498880153706,1449.0,1.0,4.4,9.546407189545903,12.518994668620053,15.743542096413723,129.5464071895459,12.518994668620053,130.1499014338181,130.1499014338181,43.0,1.0,0.1,1.485298423973063,12.518994668620053,12.606797330059454,1.485298423973063,12.518994668620053,12.606797330059454,12.606797330059454,0.0,1.0,0.1,0.0,0.0,0.0,0.0,0.0,0.0,0.0,0.0,1.0,176.8,6.291424885556808,-2.8440052127946274,6.904374898642636,846.2914248855568,-802.8440052127946,1166.5194694221557,1025.4498880153706,1767.0,1.0,1.9000000000000001,10.824838134535412,-18.536519485846952,21.46577916797049,90.82483813453541,-98.53651948584695,134.00968955470813,12.606797330059454,18.0
09_LTAN06_800km_1213COLD_MX_ALL_HEAT_MX_0p5,11011.0,759.0790940271621,-690.0238529218384,1025.8333142329684,-35.83653567014841,-155.9893412605383,160.0529033655263,723.2425583570136,-846.0131941823768,1113.022067593211,1.0,145.0,-0.9209059728378861,-10.023852921838397,10.066066521211583,759.0790940271621,-690.0238529218384,1025.8333142329684,1025.8333142329684,1449.0,1.0,4.4,11.673616041713558,14.283632805109278,18.447099435969495,131.67361604171356,14.283632805109278,132.44607705633186,132.44607705633186,43.0,1.0,0.1,1.5986497824520711,14.283632805109278,14.372816259805452,1.5986497824520711,14.283632805109278,14.372816259805452,14.372816259805452,0.0,1.0,0.1,0.0,0.0,0.0,0.0,0.0,0.0,0.0,0.0,1.0,176.10000000000002,3.2425583570136496,-6.013194182376765,6.83174128415361,723.2425583570136,-846.0131941823768,1113.022067593211,1025.8333142329684,1760.0,1.0,3.1,5.762114112303607,-21.70570845542909,22.457509625853312,-34.23788588769639,-141.7057084554291,145.78319738198223,14.372816259805452,30.0
09_LTAN06_800km_1213COLD_MX_ALL_HEAT_MX_0p5,11071.5,761.1677985577821,-688.2486137446961,1026.1883705649739,-7.844529787158818,-114.26912887926036,114.53807429150639,753.3232687706234,-802.5177426239565,1100.6955412363163,1.0,145.0,1.1677985577821346,-8.248613744696058,8.330869233204105,761.1677985577821,-688.2486137446961,1026.1883705649739,1026.1883705649739,1449.0,1.0,4.4,13.762320572333579,16.058871982251617,21.149204166540688,133.76232057233358,16.058871982251617,134.7228480037372,134.7228480037372,43.0,1.0,0.1,1.698436920479935,16.058871982251617,16.14843823145741,1.698436920479935,16.058871982251617,16.14843823145741,16.14843823145741,0.0,1.0,0.1,0.0,0.0,0.0,0.0,0.0,0.0,0.0,0.0,1.0,160.10000000000002,-6.676731229376628,-2.517742623956451,7.135668702358613,753.3232687706234,-802.5177426239565,1100.6955412363163,1026.1883705649739,1600.0,1.0,1.5,-6.146092866678828,-18.210256897008776,19.21946705246782,-6.146092866678828,-98.21025689700878,98.40238318913978,16.14843823145741,14.0
09_LTAN06_800km_1213COLD_MX_ALL_HEAT_MX_0p5,11132.0,763.2264898343385,-686.4754482117453,1026.5296955190154,16.0158826655449,-159.68490290760678,160.48606392509072,779.2423724998835,-846.1603511193521,1150.306922045448,1.0,145.0,3.2264898343385084,-6.475448211745288,7.234754052079793,763.2264898343385,-686.4754482117453,1026.5296955190154,1026.5296955190154,1449.0,1.0,4.4,15.821011848889952,17.832037515202387,23.83874950298991,135.82101184888995,17.832037515202387,136.98660088344369,136.98660088344369,43.0,1.0,0.1,1.7872052533460874,17.832037515202387,17.92137451651444,1.7872052533460874,17.832037515202387,17.92137451651444,17.92137451651444,0.0,1.0,0.1,0.0,0.0,0.0,0.0,0.0,0.0,0.0,0.0,1.0,176.3,19.24237249988346,-6.160351119352072,20.20442588488902,779.2423724998835,-846.1603511193521,1150.306922045448,1026.5296955190154,1762.0,0.0,nan,nan,nan,nan,17.803087918891038,-141.8528653924044,142.9656789564662,17.92137451651444,nan
09_LTAN06_800km_1213COLD_MX_ALL_HEAT_MX_0p5,11192.5,765.2846501066925,-684.7655979768853,1026.919918913624,-39.886759769314324,-123.3304605280176,129.62004512785782,725.3978903373782,-808.0960585049029,1085.9195822329932,1.0,145.0,5.284650106692538,-4.76559797688526,7.116069900405584,765.2846501066925,-684.7655979768853,1026.919918913624,1026.919918913624,1449.0,0.0,nan,nan,nan,nan,137.87917212124398,19.541887750062415,139.25714158231045,139.25714158231045,nan,1.0,0.1,1.865278496671749,19.541887750062415,19.630706576845,1.865278496671749,19.541887750062415,19.630706576845,19.630706576845,0.0,1.0,0.1,0.0,0.0,0.0,0.0,0.0,0.0,0.0,0.0,1.0,159.9,5.397890337378158,-8.096058504902885,9.730538700872158,725.3978903373782,-808.0960585049029,1085.9195822329932,1026.919918913624,1598.0,1.0,1.3,1.9785187273573683,-23.78857277795521,23.870708643996633,-38.02148127264263,-103.78857277795521,110.5337092359196,19.630706576845,12.0
09_LTAN06_800km_1213COLD_MX_ALL_HEAT_MX_0p5,11253.0,767.3415080936229,-683.1162909310862,1027.3562463813805,2.0903554391790955,-127.93022675751557,127.94730362180931,769.431863532802,-811.0465176886017,1117.9543132321498,1.0,145.0,7.341508093622906,-3.116290931086155,7.975525704046126,767.3415080936229,-683.1162909310862,1027.3562463813805,1027.3562463813805,1449.0,0.0,nan,nan,nan,nan,139.93603010817435,21.19119479586152,141.53147798038438,141.53147798038438,nan,1.0,0.1,1.9326219051475846,21.19119479586152,21.27913918147077,1.9326219051475846,21.19119479586152,21.27913918147077,21.27913918147077,0.0,1.0,0.1,0.0,0.0,0.0,0.0,0.0,0.0,0.0,0.0,1.0,160.10000000000002,9.431863532802026,-11.046517688601739,14.52534346395953,769.431863532802,-811.0465176886017,1117.9543132321498,1027.3562463813805,1600.0,1.0,3.3000000000000003,4.022977344326705,13.260968038345936,13.857763889856054,4.022977344326705,-106.73903196165406,106.81481774933651,21.27913918147077,32.0
09_LTAN06_800km_1213COLD_MX_ALL_HEAT_MX_0p5,11313.5,769.4069664758837,-681.5591264499133,1027.8666853774328,20.60458062659175,-26.805677437439098,33.8096596504276,790.0115471024754,-708.3648038873523,1061.0838515129772,1.0,145.0,9.406966475883678,-1.5591264499132649,9.53529724577155,769.4069664758837,-681.5591264499133,1027.8666853774328,1027.8666853774328,1449.0,1.0,7.6000000000000005,-17.998511509564878,-17.25164072296559,24.931215858722656,142.00148849043512,22.74835927703441,143.81206689042548,143.81206689042548,75.0,1.0,0.1,1.9937119758538984,22.74835927703441,22.835558614575223,1.9937119758538984,22.74835927703441,22.835558614575223,22.835558614575223,0.0,1.0,0.1,0.0,0.0,0.0,0.0,0.0,0.0,0.0,0.0,1.0,160.60000000000002,-9.988452897524553,11.63519611264769,15.334502922032998,790.0115471024754,-708.3648038873523,1061.0838515129772,1027.8666853774328,1605.0,1.0,0.1,22.598292602445667,-4.057318160404634,22.95963107718632,22.598292602445667,-4.057318160404634,22.95963107718632,22.835558614575223,0.0
09_LTAN06_800km_1213COLD_MX_ALL_HEAT_MX_0p5,11374.0,771.4963849683307,-680.1446140521095,1028.4956820732384,18.323086604591108,-38.63752806461579,42.76206353373653,789.8194715729219,-718.7821421167254,1067.9244193769698,1.0,145.0,11.496384968330744,-0.1446140521095458,11.497294488884272,771.4963849683307,-680.1446140521095,1028.4956820732384,1028.4956820732384,1449.0,1.0,7.6000000000000005,-15.909093017117812,-15.83712832516187,22.448026065000708,144.0909069828822,24.16287167483813,146.1028194208596,146.1028194208596,75.0,1.0,0.1,2.0549506357111795,24.16287167483813,24.250096694444427,2.0549506357111795,24.16287167483813,24.250096694444427,24.250096694444427,0.0,1.0,0.1,0.0,0.0,0.0,0.0,0.0,0.0,0.0,0.0,1.0,160.60000000000002,-10.180528427078116,1.2178578832746325,10.25311352118954,789.8194715729219,-718.7821421167254,1067.9244193769698,1028.4956820732384,1605.0,1.0,0.1,20.37803724030232,-14.474656389777692,24.995601200396848,20.37803724030232,-14.474656389777692,24.995601200396848,24.250096694444427,0.0
09_LTAN06_800km_1213COLD_MX_ALL_HEAT_MX_0p5,11434.5,773.6094070147999,-678.8682281231199,1029.2393238585546,11.396936248542453,-148.66099839399908,149.0972253241285,785.0063432633424,-827.529226517119,1140.631219853159,1.0,145.0,13.6094070147999,1.131771876880066,13.656385571438049,773.6094070147999,-678.8682281231199,1029.2393238585546,1029.2393238585546,1449.0,1.0,7.6000000000000005,-13.796070970648657,-14.560742396172259,20.058584031652455,146.20392902935134,25.43925760382774,148.4006222731344,148.4006222731344,75.0,1.0,0.4,2.112777346399298,-14.560742396172259,14.713226948672624,2.112777346399298,25.43925760382774,25.526841863994175,25.526841863994175,3.0,1.0,0.1,0.0,0.0,0.0,0.0,0.0,0.0,0.0,0.0,1.0,176.5,-14.993656736657613,12.470773482880986,19.50204947173619,785.0063432633424,-827.529226517119,1140.631219853159,1029.2393238585546,1764.0,1.0,3.3000000000000003,13.509713594941786,-3.2217407901713386,13.888555545354915,13.509713594941786,-123.22174079017134,123.96011360424582,25.526841863994175,32.0
09_LTAN06_800km_1213COLD_MX_ALL_HEAT_MX_0p5,11495.0,775.7514818902933,-677.7732392829073,1030.1295673569568,56.97549793565259,-47.00438744787841,73.86216761215326,832.7269798259459,-724.7776267307858,1103.9641439555687,1.0,145.0,15.751481890293348,2.226760717092702,15.908099981815129,775.7514818902933,-677.7732392829073,1030.1295673569568,1030.1295673569568,1449.0,1.0,7.6000000000000005,-11.653996095155208,-13.465753555959623,17.808485163419487,148.3460039048448,26.534246444040377,150.70037527786482,150.70037527786482,75.0,1.0,0.4,2.1690292051680444,-13.465753555959623,13.639325735633383,2.1690292051680444,26.534246444040377,26.62275196229611,26.62275196229611,3.0,1.0,0.1,0.0,0.0,0.0,0.0,0.0,0.0,0.0,0.0,1.0,177.20000000000002,-7.273020174054068,-4.777626730785755,8.701869892782588,832.7269798259459,-724.7776267307858,1103.9641439555687,1030.1295673569568,1771.0,0.0,nan,nan,nan,nan,59.14452714082063,-20.47014100383808,62.586753897516374,26.62275196229611,nan
09_LTAN06_800km_1213COLD_MX_ALL_HEAT_MX_0p5,11555.5,777.9253743219224,-676.8837238500578,1031.1835256766976,125.8302057463249,-22.420115284765775,127.81198006268679,903.7555800682474,-699.3038391348235,1142.7160661919465,1.0,145.0,17.92537432192239,3.116276149942223,18.194235945038564,777.9253743219224,-676.8837238500578,1031.1835256766976,1031.1835256766976,1449.0,1.0,7.6000000000000005,-9.480103663526165,-12.576238123110102,15.749099364737342,150.51989633647383,27.4237618768899,152.9977186386228,152.9977186386228,75.0,1.0,0.4,2.2236254121327192,-12.576238123110102,12.771306718681934,2.2236254121327192,27.4237618768899,27.51376429087525,27.51376429087525,3.0,1.0,0.1,0.0,0.0,0.0,0.0,0.0,0.0,0.0,0.0,0.0,nan,nan,nan,nan,903.7555800682474,-699.3038391348235,1142.7160661919465,1031.1835256766976,nan,1.0,4.4,8.053831158457683,5.0036465921241415,9.48159667713299,128.05383115845768,5.0036465921241415,128.1515515067128,27.51376429087525,43.0
09_LTAN06_800km_1213COLD_MX_ALL_HEAT_MX_0p5,11616.0,780.129869391415,-676.1917872175105,1032.3942784697508,25.63895468866305,-83.1567208707979,87.01951633691785,805.768824080078,-759.3485080883084,1107.1917424707121,1.0,145.0,20.129869391415014,3.808212782489477,20.486925740875407,780.129869391415,-676.1917872175105,1032.3942784697508,1032.3942784697508,1449.0,1.0,7.6000000000000005,-7.275608594033542,-11.884301490562848,13.934529139234273,152.72439140596646,28.115698509437152,155.2907989321853,155.2907989321853,75.0,1.0,0.4,2.2751439865069187,-11.884301490562848,12.100119919981493,2.2751439865069187,28.115698509437152,28.207601507978396,28.207601507978396,3.0,1.0,0.1,0.0,0.0,0.0,0.0,0.0,0.0,0.0,0.0,1.0,160.4,5.768824080078048,0.6514919116915507,5.805495067424297,805.768824080078,-759.3485080883084,1107.1917424707121,1032.3942784697508,1603.0,1.0,0.7000000000000001,-12.085901324830047,-15.041022361360774,19.295112451304437,27.914098675169953,-55.041022361360774,61.71475550815171,28.207601507978396,6.0
09_LTAN06_800km_1213COLD_MX_ALL_HEAT_MX_0p5,11676.5,782.362166921882,-675.7498805786043,1033.7932391598915,33.10009139533514,-23.98574480389592,40.87703516862689,815.4622583172172,-699.7356253825003,1074.5271705123396,1.0,145.0,22.36216692188202,4.250119421395652,22.762469649364476,782.362166921882,-675.7498805786043,1033.7932391598915,1033.7932391598915,1449.0,1.0,7.6000000000000005,-5.043311063566534,-11.442394851656672,12.50453463448807,154.95668893643347,28.557605148343328,157.56621547131,157.56621547131,75.0,1.0,0.4,2.324122646900264,-11.442394851656672,11.676041538940062,2.324122646900264,28.557605148343328,28.652021881300456,28.652021881300456,3.0,1.0,0.1,0.0,0.0,0.0,0.0,0.0,0.0,0.0,0.0,0.0,nan,nan,nan,nan,815.4622583172172,-699.7356253825003,1074.5271705123396,1033.7932391598915,nan,1.0,0.8,-4.575785957764538,4.571860344447373,6.468363327798276,35.42421404223546,4.571860344447373,35.71801852733775,28.652021881300456,7.0
09_LTAN06_800km_1213COLD_MX_ALL_HEAT_MX_0p5,11737.0,784.6215247894592,-675.5603904112813,1035.3804992637145,-12.604243153609236,-90.3803420156223,91.2549898270564,772.0172816358499,-765.9407324269037,1087.509029265996,1.0,160.8,-15.378475210540842,4.4396095887186675,16.00648721929524,784.6215247894592,-675.5603904112813,1035.3804992637145,1035.3804992637145,1607.0,1.0,7.6000000000000005,-2.7839531959893975,-11.252904684333657,11.592163699334044,157.2160468040106,28.747095315666343,159.82265440721744,159.82265440721744,75.0,1.0,0.4,2.369127755479326,-11.252904684333657,11.499592608283168,2.369127755479326,28.747095315666343,28.844553305776607,28.844553305776607,3.0,1.0,0.1,0.0,0.0,0.0,0.0,0.0,0.0,0.0,0.0,1.0,144.70000000000002,12.01728163584994,-5.940732426903651,13.40549736799798,772.0172816358499,-765.9407324269037,1087.509029265996,1035.3804992637145,1446.0,1.0,0.5,-10.235115398129892,-21.633246699955976,23.932299304375075,-10.235115398129892,-61.633246699955976,62.47731337046008,28.844553305776607,4.0
09_LTAN06_800km_1213COLD_MX_ALL_HEAT_MX_0p5,11797.5,786.9069023071227,-675.6147895395363,1037.1488884162889,-2.0693764844455984,-100.04120356978974,100.0626040572925,784.8375258226771,-775.6559931093261,1103.4546486312322,1.0,160.8,-13.093097692877336,4.385210460463668,13.807942568601225,786.9069023071227,-675.6147895395363,1037.1488884162889,1037.1488884162889,1607.0,1.0,7.6000000000000005,-0.4985756783258921,-11.307303812588657,11.318290384028858,159.5014243216741,28.692696187411343,162.0616400483033,162.0616400483033,75.0,1.0,0.4,2.4151392638763127,-11.307303812588657,11.562353444437642,2.4151392638763127,28.692696187411343,28.794161077673483,28.794161077673483,3.0,1.0,0.1,0.0,0.0,0.0,0.0,0.0,0.0,0.0,0.0,1.0,160.4,-15.162474177322906,-15.655993109326118,21.79474118720502,784.8375258226771,-775.6559931093261,1103.4546486312322,1037.1488884162889,1603.0,1.0,1.5,0.34576277943074274,8.651492617621557,8.658399183012987,0.34576277943074274,-71.34850738237844,71.34934517984696,28.794161077673483,14.0
09_LTAN06_800km_1213COLD_MX_ALL_HEAT_MX_0p5,11858.0,789.2087014386698,-675.9261613806248,1039.0989125512824,38.9905441779616,-140.45644290672982,145.76788017016997,828.1992456166314,-816.3826042873545,1162.9249963015502,1.0,160.8,-10.791298561330223,4.073838619375238,11.534655856872405,789.2087014386698,-675.9261613806248,1039.0989125512824,1039.0989125512824,1607.0,1.0,7.6000000000000005,1.8032234532212215,-11.618675653677087,11.757773546364795,161.80322345322122,28.381324346322913,164.27349966292255,164.27349966292255,75.0,1.0,0.4,2.4784934694362164,-11.618675653677087,11.880090648786593,2.4784934694362164,28.381324346322913,28.489340138536374,28.489340138536374,3.0,1.0,0.1,0.0,0.0,0.0,0.0,0.0,0.0,0.0,0.0,1.0,176.8,-11.800754383368599,-16.382604287354525,20.19028299090035,828.1992456166314,-816.3826042873545,1162.9249963015502,1039.0989125512824,1767.0,1.0,3.5,1.4690376473978404,7.92488143959315,8.059889418663273,41.46903764739784,-112.07511856040685,119.50110160048966,28.489340138536374,34.0
09_LTAN06_800km_1213COLD_MX_ALL_HEAT_MX_0p5,11918.5,791.526296631601,-676.483955579966,1041.2225604626776,55.1311358401415,-193.2155850576917,200.92711227758744,846.6574324717425,-869.6995406376577,1213.7570180826951,1.0,160.8,-8.473703368399015,3.51604442003395,9.174214796878733,791.526296631601,-676.483955579966,1041.2225604626776,1041.2225604626776,1607.0,1.0,7.6000000000000005,4.120818646152429,-12.176469853018375,12.854865397815058,164.12081864615243,27.823530146981625,166.4625842131596,166.4625842131596,75.0,1.0,0.4,2.561288083398381,-12.176469853018375,12.442934329474856,2.561288083398381,27.823530146981625,27.941170814519456,27.941170814519456,3.0,1.0,0.1,0.0,0.0,0.0,0.0,0.0,0.0,0.0,0.0,1.0,193.70000000000002,6.6574324717424815,10.30045936234228,12.264618632109029,846.6574324717425,-869.6995406376577,1213.7570180826951,1041.2225604626776,1936.0,1.0,6.1000000000000005,17.692423923539877,-5.392054910710044,18.495840625674695,57.69242392353988,-165.39205491071004,175.16548634294588,27.941170814519456,60.0
09_LTAN06_800km_1213COLD_MX_ALL_HEAT_MX_0p5,11979.0,793.851706562966,-677.2758170935488,1043.505181794833,40.862658407745016,-73.60670090089369,84.18849844047391,834.714364970711,-750.8825179944424,1122.752255360964,1.0,160.8,-6.148293437033999,2.724182906451233,6.724781386459818,793.851706562966,-677.2758170935488,1043.505181794833,1043.505181794833,1607.0,1.0,7.6000000000000005,6.446228577517445,-12.968331366601092,14.482109007584922,166.44622857751745,27.03166863339891,168.62697920791047,168.62697920791047,75.0,1.0,0.4,2.643146142484511,-12.968331366601092,13.23494767517048,2.643146142484511,27.03166863339891,27.16058413650953,27.16058413650953,3.0,1.0,0.1,0.0,0.0,0.0,0.0,0.0,0.0,0.0,0.0,1.0,177.0,-5.285635029288983,9.117482005557576,10.53880523515417,834.714364970711,-750.8825179944424,1122.752255360964,1043.505181794833,1769.0,1.0,0.7000000000000001,3.505804550229527,-6.575032267494748,7.451289476527347,43.50580455022953,-46.57503226749475,63.733732514901,27.16058413650953,6.0
09_LTAN06_800km_1213COLD_MX_ALL_HEAT_MX_0p5,12039.5,796.1656361666301,-678.2861890352457,1045.9215431611358,-69.23682700883761,-132.04062136385645,149.09213226862445,726.9288091577924,-810.3268103991021,1088.602330162465,1.0,160.8,-3.8343638333699346,1.713810964754316,4.1999397649927666,796.1656361666301,-678.2861890352457,1045.9215431611358,1045.9215431611358,1607.0,1.0,7.6000000000000005,8.76015818118151,-13.978703308298009,16.49680325216807,168.7601581811815,26.02129669170199,170.7544988304993,170.7544988304993,75.0,1.0,0.4,2.715563916495853,-13.978703308298009,14.240029268438882,2.715563916495853,26.02129669170199,26.16261013167752,26.16261013167752,3.0,1.0,0.1,0.0,0.0,0.0,0.0,0.0,0.0,0.0,0.0,1.0,159.9,6.928809157792443,-10.3268103991021,12.435891981040673,726.9288091577924,-810.3268103991021,1088.602330162465,1045.9215431611358,1598.0,1.0,2.9000000000000004,13.47873690765823,13.980675327845574,19.419980207211804,-66.52126309234177,-106.01932467215443,125.1605994206653,26.16261013167752,28.0
09_LTAN06_800km_1213COLD_MX_ALL_HEAT_MX_0p5,12100.0,798.467968888934,-679.5050671120954,1048.4647030647398,-86.76759765609685,-87.7250218195133,123.38677180412975,711.7003712328371,-767.2300889316086,1046.498651587742,1.0,160.8,-1.532031111065976,0.49493288790461065,1.6099931331541903,798.467968888934,-679.5050671120954,1048.4647030647398,1048.4647030647398,1607.0,1.0,7.6000000000000005,11.062490903485468,-15.197581385147714,18.797478153940943,171.06249090348547,24.802418614852286,172.8511954348347,172.8511954348347,75.0,1.0,0.1,2.787903411033085,24.802418614852286,24.958613234224796,2.787903411033085,24.802418614852286,24.958613234224796,24.958613234224796,0.0,1.0,0.1,0.0,0.0,0.0,0.0,0.0,0.0,0.0,0.0,1.0,144.5,-8.299628767162858,-7.230088931608634,11.007180548700331,711.7003712328371,-767.2300889316086,1046.498651587742,1048.4647030647398,1444.0,1.0,1.1,-3.979694245063797,17.07739679533904,17.534977832596482,-83.9796942450638,-62.92260320466096,104.93732910430687,24.958613234224796,10.0
09_LTAN06_800km_1213COLD_MX_ALL_HEAT_MX_0p5,12160.5,800.7532397877965,-680.8906444637785,1051.1031446765594,50.56572510170837,-93.24331896367774,106.07171671290932,851.3189648895049,-774.1339634274563,1150.6638837264513,1.0,160.8,0.753239787796474,-0.8906444637784716,1.1664552022169212,800.7532397877965,-680.8906444637785,1051.1031446765594,1051.1031446765594,1607.0,1.0,7.6000000000000005,13.347761802347918,-16.583158736830796,21.287646624818482,173.34776180234792,23.416841263169204,174.92225409200515,174.92225409200515,75.0,1.0,0.1,2.858796271465735,23.416841263169204,23.590700940544565,2.858796271465735,23.416841263169204,23.590700940544565,23.590700940544565,0.0,1.0,0.1,0.0,0.0,0.0,0.0,0.0,0.0,0.0,0.0,1.0,177.0,11.318964889504855,-14.133963427456251,18.1076748462776,851.3189648895049,-774.1339634274563,1150.6638837264513,1051.1031446765594,1769.0,1.0,1.7000000000000002,13.424521373174116,10.173522299491424,16.843940455756126,53.424521373174116,-69.82647770050858,87.91994353963359,23.590700940544565,16.0
09_LTAN06_800km_1213COLD_MX_ALL_HEAT_MX_0p5,12221.0,803.0163915336827,-682.4025037546862,1053.806672118962,-12.39315638447506,-130.76284753354918,131.34882039916567,790.6232351492076,-813.1653512882353,1134.1617999622092,1.0,160.8,3.016391533682736,-2.4025037546862222,3.85624716217131,803.0163915336827,-682.4025037546862,1053.806672118962,1053.806672118962,1607.0,1.0,7.6000000000000005,15.61091354823418,-18.095018027738547,23.898332561804903,175.61091354823418,21.904981972261453,176.97180903310695,176.97180903310695,75.0,1.0,0.1,2.925167135837114,21.904981972261453,22.09943071614472,2.925167135837114,21.904981972261453,22.09943071614472,22.09943071614472,0.0,1.0,0.1,0.0,0.0,0.0,0.0,0.0,0.0,0.0,0.0,1.0,160.3,-9.37676485079237,-13.165351288235343,16.163235864445436,790.6232351492076,-813.1653512882353,1134.1617999622092,1053.806672118962,1602.0,1.0,3.3000000000000003,-9.467989248637991,11.142134438712333,14.621558749417382,-9.467989248637991,-108.85786556128767,109.26883231265768,22.09943071614472,32.0
09_LTAN06_800km_1213COLD_MX_ALL_HEAT_MX_0p5,12281.5,805.2583337231299,-684.0344093629301,1056.5718419601405,-66.60187355854568,-114.4935582137411,132.45597168097717,738.6564601645842,-798.5279675766712,1087.777680017844,1.0,160.8,5.258333723129908,-4.0344093629300914,6.627709442296277,805.2583337231299,-684.0344093629301,1056.5718419601405,1056.5718419601405,1607.0,0.0,nan,nan,nan,nan,177.85285573768135,20.273076364017584,179.00456954868437,179.00456954868437,nan,1.0,0.1,2.9914650718839084,20.273076364017584,20.492595944330475,2.9914650718839084,20.273076364017584,20.492595944330475,20.492595944330475,0.0,1.0,0.1,0.0,0.0,0.0,0.0,0.0,0.0,0.0,0.0,1.0,159.9,18.656460164584246,1.4720324233287556,18.714443227840096,738.6564601645842,-798.5279675766712,1087.777680017844,1056.5718419601405,1598.0,1.0,1.1,16.389591513338246,-14.22048184972357,21.698866652717292,-63.610408486661754,-94.22048184972357,113.68281870113029,20.492595944330475,10.0
09_LTAN06_800km_1213COLD_MX_ALL_HEAT_MX_0p5,12342.0,807.4992941262291,-685.7423627822162,1059.3855285629,43.89744364444037,-60.04577918976187,74.38065042080808,851.3967377706695,-745.7881419719781,1131.846437372382,1.0,160.8,7.499294126229074,-5.742362782216219,9.44532385438826,807.4992941262291,-685.7423627822162,1059.3855285629,1059.3855285629,1607.0,0.0,nan,nan,nan,nan,180.09381614078052,18.565122944731456,181.0481880663329,181.0481880663329,nan,1.0,0.1,3.069772544536704,18.565122944731456,18.81720737591489,3.069772544536704,18.565122944731456,18.81720737591489,18.81720737591489,0.0,1.0,0.1,0.0,0.0,0.0,0.0,0.0,0.0,0.0,0.0,1.0,177.0,11.39673777066946,14.21185802802188,18.217094730556074,851.3967377706695,-745.7881419719781,1131.846437372382,1059.3855285629,1769.0,1.0,0.7000000000000001,6.9672161889770905,-1.4806562450304455,7.122811547408236,46.96721618897709,-41.480656245030445,62.66230317392184,18.81720737591489,6.0
09_LTAN06_800km_1213COLD_MX_ALL_HEAT_MX_0p5,12402.5,809.746345102071,-687.5083776651502,1062.2414569041866,-8.545652435541703,-78.06389235605695,78.53024554480348,801.2006926665293,-765.5722700212071,1108.1621950575422,1.0,160.8,9.746345102071018,-7.508377665150192,12.303128789506756,809.746345102071,-687.5083776651502,1062.2414569041866,1062.2414569041866,1607.0,1.0,11.200000000000001,-17.659132883377538,16.799108061797483,24.373243646768376,182.34086711662246,16.799108061797483,183.11308487520415,183.11308487520415,111.0,1.0,0.1,3.158440717716303,16.799108061797483,17.093442585953174,3.158440717716303,16.799108061797483,17.093442585953174,17.093442585953174,0.0,1.0,0.1,0.0,0.0,0.0,0.0,0.0,0.0,0.0,0.0,1.0,160.4,1.200692666529335,-5.572270021207146,5.700162810718761,801.2006926665293,-765.5722700212071,1108.1621950575422,1062.2414569041866,1603.0,1.0,0.5,-5.38721171782538,-21.26478429425947,21.936569950064193,-5.38721171782538,-61.26478429425947,61.50118571795846,17.093442585953174,4.0
09_LTAN06_800km_1213COLD_MX_ALL_HEAT_MX_0p5,12463.0,811.9988680984917,-689.3299366416373,1065.1375138185658,67.55291981974331,-38.78313308638088,77.89434118194082,879.551787918235,-728.1130697280182,1141.8230992316287,1.0,160.8,11.998868098491698,-9.329936641637346,15.19936029515614,811.9988680984917,-689.3299366416373,1065.1375138185658,1065.1375138185658,1607.0,1.0,11.200000000000001,-15.406609886956858,14.97754908531033,21.48698687140096,184.59339011304314,14.97754908531033,185.20001795364118,185.20001795364118,111.0,1.0,0.1,3.2552151167865304,14.97754908531033,15.327211163790881,3.2552151167865304,14.97754908531033,15.327211163790881,15.327211163790881,0.0,1.0,0.1,0.0,0.0,0.0,0.0,0.0,0.0,0.0,0.0,1.0,194.60000000000002,-0.4482120817649502,-8.113069728018218,8.125441186909525,879.551787918235,-728.1130697280182,1141.8230992316287,1065.1375138185658,1945.0,1.0,2.0,-9.191865063470118,16.194415998929458,18.621210833117832,70.80813493652988,-23.805584001070542,74.70272955402532,15.327211163790881,19.0
09_LTAN06_800km_1213COLD_MX_ALL_HEAT_MX_0p5,12523.5,814.2651205450434,-691.1679759680013,1068.054707184954,24.332377740969378,-6.673010336250215,25.23080802267189,838.5974982860128,-697.8409863042515,1090.9756213122498,1.0,160.8,14.265120545043374,-11.167975968001315,18.11676989384348,814.2651205450434,-691.1679759680013,1068.054707184954,1068.054707184954,1607.0,1.0,11.200000000000001,-13.140357440405182,13.13950975894636,18.582672315010523,186.85964255959482,13.13950975894636,187.32104188853154,187.32104188853154,111.0,1.0,0.1,3.332224679327851,13.13950975894636,13.555457868289372,3.332224679327851,13.13950975894636,13.555457868289372,13.555457868289372,0.0,1.0,0.1,0.0,0.0,0.0,0.0,0.0,0.0,0.0,0.0,1.0,177.20000000000002,-1.4025017139872489,22.159013695748513,22.203353328407566,838.5974982860128,-697.8409863042515,1090.9756213122498,1068.054707184954,1771.0,1.0,0.8,-12.335397579702772,6.466499422696188,13.927585872399678,27.66460242029723,6.466499422696188,28.410312244972694,13.555457868289372,7.0
09_LTAN06_800km_1213COLD_MX_ALL_HEAT_MX_0p5,12584.0,816.5457136450568,-693.0203492066371,1070.9921133634011,46.21735688073337,-40.16497149903518,61.231274791232146,862.7630705257902,-733.1853207056723,1132.2194267726418,1.0,160.8,16.54571364505682,-13.020349206637093,21.054456380704647,816.5457136450568,-693.0203492066371,1070.9921133634011,1070.9921133634011,1607.0,1.0,11.200000000000001,-10.859764340391735,11.287136520310582,15.663139288053745,189.14023565960827,11.287136520310582,189.47672204310555,189.47672204310555,111.0,1.0,0.1,3.3924503779312545,11.287136520310582,11.785931036403309,3.3924503779312545,11.287136520310582,11.785931036403309,11.785931036403309,0.0,1.0,0.1,0.0,0.0,0.0,0.0,0.0,0.0,0.0,0.0,1.0,194.60000000000002,-17.236929474209774,-13.185320705672325,21.701714674428676,862.7630705257902,-733.1853207056723,1132.2194267726418,1070.9921133634011,1945.0,1.0,0.7000000000000001,9.60980725866466,11.12216502127535,14.698671719212076,49.60980725866466,-28.87783497872465,57.40263347007966,11.785931036403309,6.0
09_LTAN06_800km_1213COLD_MX_ALL_HEAT_MX_0p5,12644.5,818.8415061476227,-694.8799475198311,1073.9457871118404,43.25137433228313,-101.34543036486136,110.1888271898301,862.0928804799058,-796.2253778846925,1173.5326953100891,1.0,160.8,18.84150614762268,-14.879947519831148,24.00864827731525,818.8415061476227,-694.8799475198311,1073.9457871118404,1073.9457871118404,1607.0,1.0,11.200000000000001,-8.563971837825875,9.427538207116527,12.73656508976092,191.43602816217413,9.427538207116527,191.66802382023812,191.66802382023812,111.0,1.0,0.1,3.4518850484464565,9.427538207116527,10.039620861084849,3.4518850484464565,9.427538207116527,10.039620861084849,10.039620861084849,0.0,1.0,0.1,0.0,0.0,0.0,0.0,0.0,0.0,0.0,0.0,1.0,176.8,22.09288047990583,3.7746221153074657,22.413012738424353,862.0928804799058,-796.2253778846925,1173.5326953100891,1073.9457871118404,1767.0,1.0,1.7000000000000002,6.703259380729605,-11.917892157744859,13.673691520908896,46.703259380729605,-91.91789215774486,103.10234398648035,10.039620861084849,16.0
09_LTAN06_800km_1213COLD_MX_ALL_HEAT_MX_0p5,12705.0,821.1570898466072,-696.7125439817395,1076.8970866089553,80.83895922700383,-81.38449004371674,114.70994964945724,901.996049073611,-778.0970340254562,1191.231239895771,0.0,nan,nan,nan,nan,821.1570898466072,-696.7125439817395,1076.8970866089553,1076.8970866089553,nan,1.0,11.200000000000001,-6.248388138841392,7.594941745208189,9.83491202028365,193.7516118611586,7.594941745208189,193.90041319943123,193.90041319943123,111.0,1.0,0.1,3.5237078751326862,7.594941745208189,8.372553810061666,3.5237078751326862,7.594941745208189,8.372553810061666,8.372553810061666,0.0,1.0,0.1,0.0,0.0,0.0,0.0,0.0,0.0,0.0,0.0,0.0,nan,nan,nan,nan,901.996049073611,-778.0970340254562,1191.231239895771,1076.8970866089553,nan,1.0,1.9000000000000001,4.36266710213647,6.210451701491479,7.589635997900178,84.36266710213647,-73.78954829850852,112.08013668212499,8.372553810061666,18.0
09_LTAN06_800km_1213COLD_MX_ALL_HEAT_MX_0p5,12765.5,823.4917806614294,-698.5175057496507,1079.8450901197102,47.14870801293613,-149.52381171854722,156.7812837622293,870.6404886743655,-848.0413174681979,1215.3966170153408,1.0,177.4,-16.508219338570598,-18.517505749650695,24.807646501002527,823.4917806614294,-698.5175057496507,1079.8450901197102,1079.8450901197102,1773.0,1.0,11.200000000000001,-3.9136973240191537,5.78997997729698,6.988626108294436,196.08630267598085,5.78997997729698,196.17176648354337,196.17176648354337,111.0,1.0,0.1,3.6112642035816407,5.78997997729698,6.823862343685582,3.6112642035816407,5.78997997729698,6.823862343685582,6.823862343685582,0.0,1.0,0.1,0.0,0.0,0.0,0.0,0.0,0.0,0.0,0.0,1.0,194.0,-9.359511325634458,-8.041317468197917,12.339499134042056,870.6404886743655,-848.0413174681979,1215.3966170153408,1079.8450901197102,1939.0,1.0,6.1000000000000005,10.759972216517781,16.266168258749758,19.502954440858254,50.75997221651778,-143.73383174125024,152.43355656299465,6.823862343685582,60.0
09_LTAN06_800km_1213COLD_MX_ALL_HEAT_MX_0p5,12826.0,825.8372836010117,-700.2787316015379,1082.773069908444,58.38883579313961,-155.3437243797166,165.95459875953898,884.2261193941513,-855.6224559812545,1230.42497430694,1.0,177.20000000000002,-14.162716398988323,19.721268398462144,24.279846849647843,825.8372836010117,-700.2787316015379,1082.773069908444,1082.773069908444,1771.0,1.0,11.200000000000001,-1.5681943844368789,4.028754125409819,4.3232040699446515,198.43180561556312,4.028754125409819,198.47269923003424,198.47269923003424,111.0,1.0,0.1,3.6981596029784214,4.028754125409819,5.468751617335363,3.6981596029784214,4.028754125409819,5.468751617335363,5.468751617335363,0.0,1.0,0.1,0.0,0.0,0.0,0.0,0.0,0.0,0.0,0.0,1.0,193.9,4.226119394151283,24.37754401874554,24.74115473294442,884.2261193941513,-855.6224559812545,1230.42497430694,1082.773069908444,1938.0,1.0,6.1000000000000005,22.086995396118027,8.685029745693214,23.733206848458444,62.08699539611803,-151.3149702543068,163.55737592777444,5.468751617335363,60.0
09_LTAN06_800km_1213COLD_MX_ALL_HEAT_MX_0p5,12886.5,828.1813090708464,-701.9719568134575,1085.6559808921127,-48.09355516102114,-83.61720205446655,96.46152874303655,780.0877539098252,-785.5891588679241,1107.107596546464,1.0,177.20000000000002,-11.818690929153604,18.028043186542504,21.55671116879148,828.1813090708464,-701.9719568134575,1085.6559808921127,1085.6559808921127,1771.0,1.0,11.200000000000001,0.7758310853978401,2.3355289134901795,2.4610179151761997,200.77583108539784,2.3355289134901795,200.78941466954367,200.78941466954367,111.0,1.0,0.1,3.7691648993043145,2.3355289134901795,4.434106374896336,3.7691648993043145,2.3355289134901795,4.434106374896336,4.434106374896336,0.0,1.0,0.1,0.0,0.0,0.0,0.0,0.0,0.0,0.0,0.0,1.0,160.10000000000002,20.08775390982521,14.410841132075916,24.72226120878972,780.0877539098252,-785.5891588679241,1107.107596546464,1085.6559808921127,1600.0,1.0,1.3,-4.3243902617168715,-1.2816731409764088,4.51032561750613,-44.32439026171687,-81.28167314097641,92.58165023734189,4.434106374896336,12.0
09_LTAN06_800km_1213COLD_MX_ALL_HEAT_MX_0p5,12947.0,830.5246502199907,-703.5987310823485,1088.4954611773671,14.644780536770838,-165.9200712547821,166.56512132545083,845.1694307567616,-869.5188023371306,1212.589920089849,1.0,177.20000000000002,-9.47534978000931,16.401268917651464,18.94159115709772,830.5246502199907,-703.5987310823485,1088.4954611773671,1088.4954611773671,1771.0,1.0,11.200000000000001,3.119172234542134,0.7087546445991393,3.198682318546095,203.11917223454213,0.7087546445991393,203.12040877861546,203.12040877861546,111.0,1.0,0.1,3.8292207720912756,0.7087546445991393,3.894260503312042,3.8292207720912756,0.7087546445991393,3.894260503312042,3.894260503312042,0.0,1.0,0.1,0.0,0.0,0.0,0.0,0.0,0.0,0.0,0.0,1.0,193.70000000000002,5.169430756761585,10.481197662869363,11.686681256759373,845.1694307567616,-869.5188023371306,1212.589920089849,1088.4954611773671,1936.0,1.0,5.9,18.47400130886217,-5.211316610182962,19.194961452720086,18.47400130886217,-165.21131661018296,166.24099332123217,3.894260503312042,58.0
09_LTAN06_800km_1213COLD_MX_ALL_HEAT_MX_0p5,13007.5,832.8637202181608,-705.1414026713227,1091.2774047953687,41.631802632900296,-141.8168661188557,147.80132105714821,874.4955228510611,-846.9582687901784,1217.4073798686318,1.0,177.20000000000002,-7.136279781839221,14.85859732867732,16.483458487236955,832.8637202181608,-705.1414026713227,1091.2774047953687,1091.2774047953687,1771.0,1.0,11.200000000000001,5.458242232712223,-0.8339169443750052,5.521578192969748,205.45824223271222,-0.8339169443750052,205.45993458293995,205.45993458293995,111.0,1.0,0.1,3.889753417145471,-0.8339169443750052,3.9781401579520312,3.889753417145471,-0.8339169443750052,3.9781401579520312,3.9781401579520312,0.0,1.0,0.1,0.0,0.0,0.0,0.0,0.0,0.0,0.0,0.0,1.0,194.0,-5.504477148938918,-6.958268790178408,8.87224736126995,874.4955228510611,-846.9582687901784,1217.4073798686318,1091.2774047953687,1939.0,1.0,3.5,5.521556050045774,-22.650783063230733,23.31406345087311,45.521556050045774,-142.65078306323073,149.73796437033053,3.9781401579520312,34.0
09_LTAN06_800km_1213COLD_MX_ALL_HEAT_MX_0p5,13068.0,835.1961836087099,-706.590971069191,1093.994271242339,-8.626074607158888,-141.71193146996964,141.97422542165054,826.570109001551,-848.3029025391606,1184.4137619730702,1.0,177.20000000000002,-4.80381639129007,13.409028930808972,14.243549725700372,835.1961836087099,-706.590971069191,1093.994271242339,1093.994271242339,1771.0,1.0,11.200000000000001,7.790705623261374,-2.2834853422433525,8.118460409249813,207.79070562326137,-2.2834853422433525,207.80325225732417,207.80325225732417,111.0,1.0,0.1,3.952601816233937,-2.2834853422433525,4.564796427655461,3.952601816233937,-2.2834853422433525,4.564796427655461,4.564796427655461,0.0,1.0,0.1,0.0,0.0,0.0,0.0,0.0,0.0,0.0,0.0,1.0,176.70000000000002,-13.429890998448968,-8.302902539160641,15.78924199589774,826.570109001551,-848.3029025391606,1184.4137619730702,1093.994271242339,1766.0,1.0,3.3000000000000003,-4.673472790924961,-23.995416812212966,24.446295750467975,-4.673472790924961,-143.99541681221297,144.0712372781273,4.564796427655461,32.0
09_LTAN06_800km_1213COLD_MX_ALL_HEAT_MX_0p5,13128.5,837.5220039785648,-707.9514671992152,1096.648707224785,-36.952147084855156,-209.6767634929854,212.9079761847219,800.5698568937097,-917.6282306922006,1217.7658500426564,1.0,177.20000000000002,-2.4779960214351604,12.048532800784756,12.300715708194975,837.5220039785648,-707.9514671992152,1096.648707224785,1096.648707224785,1771.0,1.0,11.200000000000001,10.116525993116284,-3.643981472267569,10.752799595436842,210.11652599311628,-3.643981472267569,210.14812180075782,210.14812180075782,111.0,1.0,0.1,4.0186069538303855,-3.643981472267569,5.424739884971744,4.0186069538303855,-3.643981472267569,5.424739884971744,5.424739884971744,0.0,1.0,0.1,0.0,0.0,0.0,0.0,0.0,0.0,0.0,0.0,1.0,211.3,0.5698568937096979,2.3717693077993545,2.4392676213830033,800.5698568937097,-917.6282306922006,1217.7658500426564,1096.648707224785,2112.0,1.0,9.1,7.066459868975244,-13.32074496525297,15.079028533335626,-32.933540131024756,-213.32074496525297,215.84799813315925,5.424739884971744,90.0
09_LTAN06_800km_1213COLD_MX_ALL_HEAT_MX_0p5,13189.0,790.5617536073505,-709.594797806043,1062.314766601749,70.40764555763138,-84.54889915591842,110.02614644459157,860.969399164982,-794.1436969619614,1171.2952308119936,1.0,160.60000000000002,-9.43824639264949,10.405202193957052,14.048086263455593,790.5617536073505,-709.594797806043,1062.314766601749,1062.314766601749,1605.0,1.0,7.4,3.1562756219019548,-5.287312079095273,6.157738612766813,163.15627562190195,-5.287312079095273,163.24192458995265,163.24192458995265,73.0,1.0,0.1,0.06651651669471903,-5.287312079095273,5.2877304648346035,0.06651651669471903,-5.287312079095273,5.2877304648346035,5.2877304648346035,0.0,1.0,0.1,0.0,0.0,0.0,0.0,0.0,0.0,0.0,0.0,1.0,176.8,20.96939916498195,5.856303038038618,21.77181633703734,860.969399164982,-794.1436969619614,1171.2952308119936,1062.314766601749,1767.0,1.0,1.9000000000000001,-9.52583792567384,-9.836211235013707,13.692795172864303,70.47416207432616,-89.8362112350137,114.18035018837696,5.2877304648346035,18.0
09_LTAN06_800km_1213COLD_MX_ALL_HEAT_MX_0p5,13249.5,745.2973310478769,-711.1740747385868,1030.163422107082,22.03549616856726,-62.5365535089321,66.30523068484469,767.3328272164442,-773.7106282475189,1089.6916095791285,1.0,144.8,-14.702668952123076,8.825925261413204,17.148336101085015,745.2973310478769,-711.1740747385868,1030.163422107082,1030.163422107082,1447.0,1.0,4.4,-2.1081469375716324,-6.866589011639121,7.182919195226671,117.89185306242837,-6.866589011639121,118.0916553493428,118.0916553493428,43.0,1.0,0.1,0.6060977686283877,-6.866589011639121,6.893286528202599,0.6060977686283877,-6.866589011639121,6.893286528202599,6.893286528202599,0.0,1.0,0.1,0.0,0.0,0.0,0.0,0.0,0.0,0.0,0.0,1.0,144.70000000000002,7.33282721644423,-13.710628247518912,15.548365892526737,767.3328272164442,-773.7106282475189,1089.6916095791285,1030.163422107082,1446.0,1.0,1.5,22.641593937195694,10.596857479428763,24.998703255492718,22.641593937195694,-69.40314252057124,73.00299971746078,6.893286528202599,14.0
09_LTAN06_800km_1213COLD_MX_ALL_HEAT_MX_0p5,13310.0,701.7859467554836,-712.6514491922325,1000.1877839182398,94.37929172338589,-0.6860907703182946,94.38178546071849,796.1652384788695,-713.3375399625507,1068.9852818827483,1.0,129.70000000000002,21.785946755483565,7.348550807767538,22.99192630048874,701.7859467554836,-712.6514491922325,1000.1877839182398,1000.1877839182398,1296.0,1.0,2.2,-5.619531229964991,-8.343963465284787,10.059863694631213,74.38046877003501,-8.343963465284787,74.84701637847805,74.84701637847805,21.0,1.0,0.1,1.1714583988856475,-8.343963465284787,8.42579616952173,1.1714583988856475,-8.343963465284787,8.42579616952173,8.42579616952173,0.0,1.0,0.1,0.0,0.0,0.0,0.0,0.0,0.0,0.0,0.0,1.0,160.60000000000002,-3.834761521130531,6.66246003744925,7.687247210448719,796.1652384788695,-713.3375399625507,1068.9852818827483,1000.1877839182398,1605.0,1.0,2.2,15.550750122271552,-9.030054235603075,17.98242778000962,95.55075012227155,-9.030054235603075,95.976495708203,8.42579616952173,21.0
09_LTAN06_800km_1213COLD_MX_ALL_HEAT_MX_0p5,13370.5,660.0077658269712,-713.9831499001783,972.3076618505536,52.2240352578004,-36.72450898701045,63.84386751243216,712.2318010847716,-750.7076588871888,1034.812121879301,1.0,129.5,20.007765826971195,6.016850099821681,20.892897800703484,660.0077658269712,-713.9831499001783,972.3076618505536,972.3076618505536,1294.0,1.0,0.8,-7.397712158477361,-9.675664173230643,12.179680717195456,32.60228784152264,-9.675664173230643,34.00775866908365,34.00775866908365,7.0,1.0,0.1,1.7205259222422455,-9.675664173230643,9.82744558073188,1.7205259222422455,-9.675664173230643,9.82744558073188,9.82744558073188,0.0,1.0,0.1,0.0,0.0,0.0,0.0,0.0,0.0,0.0,0.0,1.0,144.5,-7.768198915228368,9.292341112811187,12.111668660568462,712.2318010847716,-750.7076588871888,1034.812121879301,972.3076618505536,1444.0,1.0,0.7000000000000001,13.944561180042683,-6.400173160241138,15.343174475480113,53.94456118004268,-46.40017316024114,71.15470293808927,9.82744558073188,6.0
09_LTAN06_800km_1213COLD_MX_ALL_HEAT_MX_0p5,13431.0,619.9521800975077,-715.1618790370985,946.465645882367,25.231722881621764,-27.142114731297692,37.05852441290509,645.1839029791295,-742.3039937683963,983.5026628473835,1.0,129.3,19.95218009750772,4.838120962901485,20.530389794035816,619.9521800975077,-715.1618790370985,946.465645882367,946.465645882367,1292.0,1.0,0.1,-7.453297887940835,-10.85439331015084,13.166985362558531,-7.453297887940835,-10.85439331015084,13.166985362558531,13.166985362558531,0.0,1.0,0.1,2.1548532889289618,-10.85439331015084,11.066220982261978,2.1548532889289618,-10.85439331015084,11.066220982261978,11.066220982261978,0.0,1.0,0.1,0.0,0.0,0.0,0.0,0.0,0.0,0.0,0.0,1.0,129.5,5.183902979129471,-22.303993768396253,22.898493140765535,645.1839029791295,-742.3039937683963,983.5026628473835,946.465645882367,1294.0,1.0,0.7000000000000001,-12.613423829449289,2.0034919585514217,12.771548094467615,27.38657617055071,-37.99650804144858,46.837582961647826,11.066220982261978,6.0
09_LTAN06_800km_1213COLD_MX_ALL_HEAT_MX_0p5,13491.5,581.577265723505,-716.179258294807,922.5751167347449,82.70821304612431,-61.72796988302011,103.20363739307896,664.2854787696293,-777.9072281778272,1022.9442081342979,1.0,129.1,21.57726572350498,3.8207417051929724,21.912929135114357,581.577265723505,-716.179258294807,922.5751167347449,922.5751167347449,1290.0,1.0,0.9,-5.828212261943577,-11.871772567859352,13.225242609239624,-45.82821226194358,-11.871772567859352,47.340933905329045,47.340933905329045,8.0,1.0,0.1,2.5738278269748207,-11.871772567859352,12.14757480264632,2.5738278269748207,-11.871772567859352,12.14757480264632,12.14757480264632,0.0,1.0,0.1,0.0,0.0,0.0,0.0,0.0,0.0,0.0,0.0,1.0,144.3,-15.714521230370678,-17.907228177827164,23.824672054669254,664.2854787696293,-777.9072281778272,1022.9442081342979,922.5751167347449,1442.0,1.0,1.9000000000000001,5.282040873099163,6.400257549120511,8.298388547191813,85.28204087309916,-73.59974245087949,112.6496719228101,12.14757480264632,18.0
09_LTAN06_800km_1213COLD_MX_ALL_HEAT_MX_0p5,13552.0,544.8148618384478,-717.0213977995435,900.5236912943813,124.02469712788043,-143.78762144456826,189.8868230771923,668.8395589663282,-860.8090192441117,1090.1094088440307,1.0,128.9,24.81486183844777,2.978602200456521,24.992987799177108,544.8148618384478,-717.0213977995435,900.5236912943813,900.5236912943813,1288.0,1.0,2.3000000000000003,-2.5906161470007874,-12.713912072595804,12.975162897274105,-82.59061614700079,-12.713912072595804,83.56346950510687,83.56346950510687,22.0,1.0,0.1,2.9072938746659247,-12.713912072595804,13.042082573859412,2.9072938746659247,-12.713912072595804,13.042082573859412,13.042082573859412,0.0,1.0,0.1,0.0,0.0,0.0,0.0,0.0,0.0,0.0,0.0,1.0,175.9,-11.16044103367176,-20.80901924411171,23.61293556438665,668.8395589663282,-860.8090192441117,1090.1094088440307,900.5236912943813,1758.0,1.0,6.5,6.931991002546397,3.4984664828359655,7.76477733041398,126.9319910025464,-156.50153351716403,201.50548462286216,13.042082573859412,64.0
09_LTAN06_800km_1213COLD_MX_ALL_HEAT_MX_0p5,13612.5,509.61320743708575,-717.6911715872905,880.2194266026238,133.8395959752784,-65.4804873655829,148.99909958271567,643.4528034123641,-783.1716589528734,1013.6021692983034,1.0,128.9,-10.386792562914252,2.308828412709545,10.640307720378472,509.61320743708575,-717.6911715872905,880.2194266026238,880.2194266026238,1288.0,1.0,4.5,2.207729451637192,-13.38368586034278,13.564553680087137,-117.79227054836281,-13.38368586034278,118.55016679932189,118.55016679932189,44.0,1.0,0.1,3.1468035386680526,-13.38368586034278,13.748651560037189,3.1468035386680526,-13.38368586034278,13.748651560037189,13.748651560037189,0.0,1.0,0.1,0.0,0.0,0.0,0.0,0.0,0.0,0.0,0.0,1.0,144.1,3.452803412364119,-23.171658952873372,23.427497306214978,643.4528034123641,-783.1716589528734,1013.6021692983034,880.2194266026238,1440.0,1.0,4.0,16.986399513946424,1.135826774074303,17.024331731615877,136.98639951394642,-78.8641732259257,158.06590862802565,13.748651560037189,39.0
09_LTAN06_800km_1213COLD_MX_ALL_HEAT_MX_0p5,13673.0,475.9030355596002,-718.1920758061931,861.5587948629221,33.97992358520465,-207.84165458711766,210.6010175387742,509.88295914480483,-926.0337303933107,1057.1277604208556,1.0,128.70000000000002,-4.096964440399802,1.8079241938069117,4.478136612080166,475.9030355596002,-718.1920758061931,861.5587948629221,861.5587948629221,1286.0,1.0,7.5,8.497557574151642,-13.884590079245413,16.278523470963272,-151.50244242584836,-13.884590079245413,152.1373455226105,152.1373455226105,74.0,1.0,0.1,3.2409312837011726,-13.884590079245413,14.257821616725083,3.2409312837011726,-13.884590079245413,14.257821616725083,14.257821616725083,0.0,1.0,0.1,0.0,0.0,0.0,0.0,0.0,0.0,0.0,0.0,1.0,209.9,-10.117040855195171,-6.033730393310748,11.779661205860299,509.88295914480483,-926.0337303933107,1057.1277604208556,861.5587948629221,2098.0,1.0,9.5,-2.7791451310941966,-21.726244666363073,21.903272699812565,37.2208548689058,-221.72624466636307,224.82864499662858,14.257821616725083,94.0
09_LTAN06_800km_1213COLD_MX_ALL_HEAT_MX_0p5,13733.5,443.61377681561646,-718.5279922475262,844.4380726991628,32.56321818669524,-220.0901451170697,222.48603362082557,476.1769950023117,-938.6181373645959,1052.4963365063154,1.0,128.5,3.613776815616461,1.4720077524738144,3.9020750500765695,443.61377681561646,-718.5279922475262,844.4380726991628,844.4380726991628,1284.0,1.0,11.3,16.208298830167905,-14.22050652057851,21.562276240458434,-183.7917011698321,-14.22050652057851,184.3410215459453,184.3410215459453,112.0,1.0,0.1,3.291086900453422,-14.22050652057851,14.596371421971696,3.291086900453422,-14.22050652057851,14.596371421971696,14.596371421971696,0.0,1.0,0.1,0.0,0.0,0.0,0.0,0.0,0.0,0.0,0.0,1.0,209.70000000000002,-3.823004997688315,-18.618137364595896,19.006588492922965,476.1769950023117,-938.6181373645959,1052.4963365063154,844.4380726991628,2096.0,1.0,13.700000000000001,-4.145694912851354,5.6893483623517795,7.0395646952518645,35.854305087148646,-234.31065163764822,237.03799835499302,14.596371421971696,136.0
09_LTAN06_800km_1213COLD_MX_ALL_HEAT_MX_0p5,13794.0,412.6881877247584,-718.7037303643201,828.7620842721599,91.20098560165404,-96.64242663628681,132.88106863230436,503.88917332641245,-815.3461570006069,958.4850832074716,1.0,128.3,12.688187724758393,1.2962696356798915,12.754231560823069,412.6881877247584,-718.7037303643201,828.7620842721599,828.7620842721599,1282.0,1.0,11.3,-14.717290260690163,-14.396244637372433,20.587629593434986,-214.71729026069016,-14.396244637372433,215.19936476800424,215.19936476800424,112.0,1.0,0.1,3.2647799819370107,-14.396244637372433,14.761796909236056,3.2647799819370107,-14.396244637372433,14.761796909236056,14.761796909236056,0.0,1.0,0.1,0.0,0.0,0.0,0.0,0.0,0.0,0.0,0.0,1.0,158.9,-16.110826673587553,-15.346157000606922,22.250017321199035,503.88917332641245,-815.3461570006069,958.4850832074716,828.7620842721599,1588.0,1.0,3.7,14.465765583591065,8.961328726340753,17.01657387551759,94.46576558359106,-111.03867127365925,145.78534695062373,14.761796909236056,36.0
09_LTAN06_800km_1213COLD_MX_ALL_HEAT_MX_0p5,13854.5,383.0476804594816,-718.7310665425276,814.4322387520943,-1.9136522434621224,-157.85612058609007,157.8677195356895,381.1340282160195,-876.5871871286176,955.8599500461518,1.0,128.1,23.047680459481626,1.2689334574723716,23.08258578846538,383.0476804594816,-718.7310665425276,814.4322387520943,814.4322387520943,1280.0,1.0,15.9,-4.35779752596693,-14.423580815579953,15.067517473721063,-244.35779752596693,-14.423580815579953,244.7831139913148,244.7831139913148,158.0,1.0,0.1,3.156859616850795,-14.423580815579953,14.765007490146067,3.156859616850795,-14.423580815579953,14.765007490146067,14.765007490146067,0.0,1.0,0.1,0.0,0.0,0.0,0.0,0.0,0.0,0.0,0.0,1.0,191.3,21.134028216019487,3.412812871382357,21.407812600323766,381.1340282160195,-876.5871871286176,955.8599500461518,814.4322387520943,1912.0,1.0,5.9,1.2432073733886568,-12.279701401669968,12.342472648842422,1.2432073733886568,-172.27970140166997,172.28418696915224,14.765007490146067,58.0
09_LTAN06_800km_1213COLD_MX_ALL_HEAT_MX_0p5,13915.0,354.62945993503774,-718.6168911475014,801.3565311996381,40.373998394069375,-203.26474227464507,207.23565136892398,395.0034583291071,-921.8816334221465,1002.9424101776929,1.0,128.1,-5.370540064962256,1.3831088524985944,5.54578134145449,354.62945993503774,-718.6168911475014,801.3565311996381,801.3565311996381,1280.0,1.0,21.3,7.223981949589188,-14.30940542055373,16.029504006604913,-272.7760180504108,-14.30940542055373,273.15108476249515,273.15108476249515,212.0,1.0,0.1,2.9391617881597654,-14.30940542055373,14.608140042686852,2.9391617881597654,-14.30940542055373,14.608140042686852,14.608140042686852,0.0,1.0,0.1,0.0,0.0,0.0,0.0,0.0,0.0,0.0,0.0,1.0,209.3,-4.996541670892896,-1.8816334221464786,5.339098519816603,395.0034583291071,-921.8816334221465,1002.9424101776929,801.3565311996381,2092.0,1.0,9.5,3.313160182229126,-17.574147695198803,17.883727173208886,43.313160182229126,-217.5741476951988,221.84350247474822,14.608140042686852,94.0
09_LTAN06_800km_1213COLD_MX_ALL_HEAT_MX_0p5,13975.5,327.3811321816879,-718.3654605690056,789.4474907472209,-9.258123732512058,-23.206759732416888,24.985326740401636,318.12300844917587,-741.5722203014225,806.9272621665077,1.0,127.9,7.381132181687917,1.6345394309944368,7.559949168812225,327.3811321816879,-718.3654605690056,789.4474907472209,789.4474907472209,1278.0,1.0,21.3,-20.02434580376064,-14.057974842057888,24.466325460283542,-300.02434580376064,-14.057974842057888,300.3535162631436,300.3535162631436,212.0,1.0,0.1,2.7012526450583323,-14.057974842057888,14.315146611626691,2.7012526450583323,-14.057974842057888,14.315146611626691,14.315146611626691,0.0,1.0,0.1,0.0,0.0,0.0,0.0,0.0,0.0,0.0,0.0,1.0,127.9,-1.8769915508241297,-21.572220301422476,21.653724529857886,318.12300844917587,-741.5722203014225,806.9272621665077,789.4474907472209,1278.0,1.0,0.5,-6.556871087453715,2.735265425525199,7.1045221799611555,-6.556871087453715,-37.2647345744748,37.837190717117785,14.315146611626691,4.0
09_LTAN06_800km_1213COLD_MX_ALL_HEAT_MX_0p5,14036.0,301.22028311884367,-718.0002686891797,778.6257411619081,30.676286256603603,-90.0693152611792,95.14996631693978,331.89656937544726,-808.069583950359,873.5741441165125,1.0,127.7,21.220283118843668,1.9997313108202661,21.31429897883945,301.22028311884367,-718.0002686891797,778.6257411619081,778.6257411619081,1276.0,1.0,27.5,-6.185194866604888,-13.692782962232059,15.024943952929343,-326.1851948666049,-13.692782962232059,326.47246998087877,326.47246998087877,274.0,1.0,0.1,2.402620381053225,-13.692782962232059,13.901974318284612,2.402620381053225,-13.692782962232059,13.901974318284612,13.901974318284612,0.0,1.0,0.1,0.0,0.0,0.0,0.0,0.0,0.0,0.0,0.0,1.0,157.9,11.896569375447257,-8.069583950358947,14.375206017192248,331.89656937544726,-808.069583950359,873.5741441165125,778.6257411619081,1578.0,1.0,1.7000000000000002,-6.921093362343186,-23.76209822341127,24.749522122847463,33.078906637656814,-103.76209822341127,108.90724076969201,13.901974318284612,16.0
09_LTAN06_800km_1213COLD_MX_ALL_HEAT_MX_0p5,14096.5,276.0988150895151,-717.526547010917,768.8139575731205,31.35733890212025,-107.25242514123299,111.74240646101286,307.45615399163535,-824.77897215215,880.2213582569359,1.0,127.7,-3.901184910484915,2.4734529890829435,4.619222163416535,276.0988150895151,-717.526547010917,768.8139575731205,768.8139575731205,1276.0,1.0,34.5,8.69333710406653,-13.219061283969381,15.821431390183319,-351.30666289593347,-13.219061283969381,351.5552801143888,351.5552801143888,344.0,1.0,0.1,2.0538086056967018,-13.219061283969381,13.377657157296715,2.0538086056967018,-13.219061283969381,13.377657157296715,13.377657157296715,0.0,1.0,0.1,0.0,0.0,0.0,0.0,0.0,0.0,0.0,0.0,1.0,174.10000000000002,-12.543846008364653,15.221027847849996,19.723786690861136,307.45615399163535,-824.77897215215,880.2213582569359,768.8139575731205,1740.0,1.0,3.5,-6.588852492183037,-0.471486425202329,6.605700312071134,33.41114750781696,-120.47148642520233,125.01873387331521,13.377657157296715,34.0
09_LTAN06_800km_1213COLD_MX_ALL_HEAT_MX_0p5,14157.0,251.96828883543185,-716.9458561828906,759.9337992723271,-15.912934346393047,-14.865297833546812,21.776100642508684,236.0553544890388,-731.8111540164374,768.9406319904128,1.0,127.5,11.96828883543185,3.054143817109434,12.351831123518101,251.96828883543185,-716.9458561828906,759.9337992723271,759.9337992723271,1274.0,1.0,34.5,-15.437189150016707,-12.63837045594289,19.950819948940534,-375.4371891500167,-12.63837045594289,375.6498521291431,375.6498521291431,344.0,1.0,0.1,1.6377490588409955,-12.63837045594289,12.744042912725329,1.6377490588409955,-12.63837045594289,12.744042912725329,12.744042912725329,0.0,1.0,0.1,0.0,0.0,0.0,0.0,0.0,0.0,0.0,0.0,1.0,127.5,-3.944645510961209,-11.8111540164374,12.452453067855815,236.0553544890388,-731.8111540164374,768.9406319904128,759.9337992723271,1274.0,1.0,0.5,-14.275185287552063,12.496331710510276,18.972064231734183,-14.275185287552063,-27.503668289489724,30.987621470068103,12.744042912725329,4.0
09_LTAN06_800km_1213COLD_MX_ALL_HEAT_MX_0p5,14217.5,278.15038133863874,-715.887491375278,768.0250874459889,-70.29275662242851,-29.779443588231253,76.34059794109957,207.85762471621024,-745.6669349635093,774.0955819861907,1.0,127.7,-1.8496186613612622,4.112508624721954,4.509303314356696,278.15038133863874,-715.887491375278,768.0250874459889,768.0250874459889,1276.0,1.0,34.5,10.744903353190182,-11.58000564833037,15.797135148018482,-349.2550966468098,-11.58000564833037,349.4470189665206,349.4470189665206,344.0,1.0,0.1,5.575433890120621,-11.58000564833037,12.852314728424169,5.575433890120621,-11.58000564833037,12.852314728424169,12.852314728424169,0.0,1.0,0.1,0.0,0.0,0.0,0.0,0.0,0.0,0.0,0.0,1.0,141.9,7.857624716210239,14.333065036490666,16.34561162884611,207.85762471621024,-745.6669349635093,774.0955819861907,768.0250874459889,1418.0,1.0,0.30000000000000004,-24.717322732307878,-1.3594492365616588,24.754679260290406,-64.71732273230788,-41.35944923656166,76.80453048349045,12.852314728424169,2.0
09_LTAN06_800km_1213COLD_MX_ALL_HEAT_MX_0p5,14278.0,303.6916318869849,-714.7098676967665,776.5557302997058,-18.707594860092023,-143.0506131506105,144.26867999747887,284.9840370268929,-857.760480847377,903.863343577816,1.0,127.7,23.691631886984908,5.290132303233463,24.275067893913587,303.6916318869849,-714.7098676967665,776.5557302997058,776.5557302997058,1276.0,1.0,27.5,-3.713846098463648,-10.402381969818862,11.04546076400103,-323.71384609846365,-10.402381969818862,323.8809406348355,323.8809406348355,274.0,1.0,0.1,4.631759673061197,-10.402381969818862,11.38695518191797,4.631759673061197,-10.402381969818862,11.38695518191797,11.38695518191797,0.0,1.0,0.1,0.0,0.0,0.0,0.0,0.0,0.0,0.0,0.0,1.0,173.9,4.984037026892906,-17.76048084737704,18.446552659385603,284.9840370268929,-857.760480847377,903.863343577816,776.5557302997058,1738.0,1.0,5.9,-14.075835187030805,6.547004879570636,15.52393020808765,-14.075835187030805,-153.45299512042936,154.0972123292403,11.38695518191797,58.0
09_LTAN06_800km_1213COLD_MX_ALL_HEAT_MX_0p5,14338.5,328.45233565769666,-713.4668307882539,785.4399120454926,81.11497136395673,-97.83412653895351,127.08719406382174,409.5673070216534,-811.3009573272075,908.8204566035101,1.0,127.9,8.452335657696665,6.533169211746099,10.682896518251857,328.45233565769666,-713.4668307882539,785.4399120454926,785.4399120454926,1278.0,1.0,21.3,-18.95314232775189,-9.159345061306226,21.050301804204498,-298.9531423277519,-9.159345061306226,299.0934217089857,299.0934217089857,212.0,1.0,0.1,3.606058884063202,-9.159345061306226,9.843640720150542,3.606058884063202,-9.159345061306226,9.843640720150542,9.843640720150542,0.0,1.0,0.1,0.0,0.0,0.0,0.0,0.0,0.0,0.0,0.0,1.0,158.3,9.567307021653392,-11.30095732720747,14.806924061328285,409.5673070216534,-811.3009573272075,908.8204566035101,785.4399120454926,1582.0,1.0,3.7,4.721030248019929,13.006528399740205,13.83683155986108,84.72103024801993,-106.9934716002598,136.47437829629965,9.843640720150542,36.0
09_LTAN06_800km_1213COLD_MX_ALL_HEAT_MX_0p5,14399.0,352.3419476679024,-712.2021489925532,794.5921904448985,74.58540433042643,-55.76456834132907,93.12716908307668,426.92735199832885,-767.9667173338823,878.657978292398,1.0,128.1,-7.658052332097611,7.797851007446752,10.929421112551386,352.3419476679024,-712.2021489925532,794.5921904448985,794.5921904448985,1280.0,1.0,21.3,4.936469682453833,-7.894663265605573,9.310984964174729,-275.06353031754617,-7.894663265605573,275.1768002917923,275.1768002917923,212.0,1.0,0.1,2.5732842737781993,-7.894663265605573,8.303463134799614,2.5732842737781993,-7.894663265605573,8.303463134799614,8.303463134799614,0.0,1.0,0.1,0.0,0.0,0.0,0.0,0.0,0.0,0.0,0.0,1.0,143.1,-13.072648001671155,-7.966717333882343,15.308909525292067,426.92735199832885,-767.9667173338823,878.657978292398,794.5921904448985,1430.0,1.0,1.9000000000000001,-2.841311395795344,16.340768393065332,16.585950745244585,77.15868860420466,-63.65923160693467,100.02980053916917,8.303463134799614,18.0
09_LTAN06_800km_1213COLD_MX_ALL_HEAT_MX_0p5,14459.5,375.3167685529694,-710.9310363363527,803.9189108257895,-0.288764563079269,-122.61141122462004,122.61175126171949,375.0280039898901,-833.5424475609727,914.02353124117,1.0,128.1,15.316768552969393,9.06896366364731,17.800266875465304,375.3167685529694,-710.9310363363527,803.9189108257895,803.9189108257895,1280.0,1.0,15.9,-12.088709432479163,-6.623550609405015,13.784350489531969,-252.08870943247916,-6.623550609405015,252.1757102617305,252.1757102617305,158.0,1.0,0.1,1.5103050158099904,-6.623550609405015,6.7935590021821675,1.5103050158099904,-6.623550609405015,6.7935590021821675,6.7935590021821675,0.0,1.0,0.1,0.0,0.0,0.0,0.0,0.0,0.0,0.0,0.0,1.0,174.3,15.028003989890124,6.457552439027268,16.35667715102736,375.0280039898901,-833.5424475609727,914.02353124117,803.9189108257895,1742.0,1.0,3.3000000000000003,1.2215404527307214,-9.234961834025057,9.315400214352415,1.2215404527307214,-129.23496183402506,129.24073476005765,6.7935590021821675,32.0
09_LTAN06_800km_1213COLD_MX_ALL_HEAT_MX_0p5,14520.0,397.3494407613714,-709.6918662013757,813.3567009779694,63.8662805970005,-130.3881281094068,145.18941335087032,461.21572135837187,-840.0799943107825,958.3602341861475,1.0,128.3,-2.6505592386286025,10.30813379862434,10.643452761572295,397.3494407613714,-709.6918662013757,813.3567009779694,813.3567009779694,1282.0,1.0,15.9,9.943962775922842,-5.384380474427985,11.308136397406093,-230.05603722407716,-5.384380474427985,230.11903836132154,230.11903836132154,158.0,1.0,0.1,0.4815773022460803,-5.384380474427985,5.405873638131023,0.4815773022460803,-5.384380474427985,5.405873638131023,5.405873638131023,0.0,1.0,0.1,0.0,0.0,0.0,0.0,0.0,0.0,0.0,0.0,1.0,174.70000000000002,21.215721358371866,-0.07999431078246744,21.215872167927337,461.21572135837187,-840.0799943107825,958.3602341861475,813.3567009779694,1746.0,1.0,3.7,-15.652142100753451,-15.772508583834792,22.22074659792782,64.34785789924655,-135.7725085838348,150.24919601571625,5.405873638131023,36.0
09_LTAN06_800km_1213COLD_MX_ALL_HEAT_MX_0p5,14580.5,418.4320589711084,-708.5081435465976,822.8421339762855,59.34964133665873,-50.273494650350386,77.78048721336759,477.78170030776715,-758.7816381969479,896.6743710031111,1.0,128.3,18.432058971108404,11.49185645340242,21.72103963119686,418.4320589711084,-708.5081435465976,822.8421339762855,822.8421339762855,1282.0,1.0,11.3,-8.973419014340152,-4.200657819649905,9.907965226256463,-208.97341901434015,-4.200657819649905,209.0156342971998,209.0156342971998,112.0,1.0,0.1,-0.48914455262814727,-4.200657819649905,4.229041086481861,-0.48914455262814727,-4.200657819649905,4.229041086481861,4.229041086481861,0.0,1.0,0.1,0.0,0.0,0.0,0.0,0.0,0.0,0.0,0.0,1.0,143.3,-2.218299692232847,1.218361803052062,2.5308613173575147,477.78170030776715,-758.7816381969479,896.6743710031111,822.8421339762855,1432.0,1.0,0.7000000000000001,18.8604967840306,-14.474152470000263,23.77434391660984,58.8604967840306,-54.47415247000026,80.19969681356477,4.229041086481861,6.0
09_LTAN06_800km_1213COLD_MX_ALL_HEAT_MX_0p5,14641.0,438.57307414164666,-707.3824513343958,832.307799926153,35.52776428859772,-83.08900306335129,90.36594748802095,474.1008384302444,-790.471454397747,921.7465623575441,1.0,128.5,-1.4269258583533428,12.617548665604204,12.697978253805914,438.57307414164666,-707.3824513343958,832.307799926153,832.307799926153,1284.0,1.0,11.3,11.167596156198101,-3.074965607448121,11.583204107453144,-188.8324038438019,-3.074965607448121,188.8574387068608,188.8574387068608,112.0,1.0,0.1,-1.3432280299365402,-3.074965607448121,3.355543924223909,-1.3432280299365402,-3.074965607448121,3.355543924223909,3.355543924223909,0.0,1.0,0.1,0.0,0.0,0.0,0.0,0.0,0.0,0.0,0.0,1.0,158.70000000000002,-5.89916156975562,9.528545602252962,11.206841148169087,474.1008384302444,-790.471454397747,921.7465623575441,832.307799926153,1586.0,1.0,1.7000000000000002,-5.815463741338817,-6.163968670799363,8.474321701553615,34.18453625866118,-86.16396867079936,92.69742184290897,3.355543924223909,16.0
09_LTAN06_800km_1213COLD_MX_ALL_HEAT_MX_0p5,14701.5,457.7919056722309,-706.3583980716799,841.7336962634931,-28.322329293158475,-129.94679335697464,132.99745651834988,429.4695763790724,-836.3051914286546,940.1332300507936,1.0,128.5,17.791905672230882,13.641601928320142,22.41975045847543,457.7919056722309,-706.3583980716799,841.7336962634931,841.7336962634931,1284.0,1.0,7.5,-9.613572313217674,-2.0509123447321826,9.829904072128084,-169.61357231321767,-2.0509123447321826,169.62597134370932,169.62597134370932,74.0,1.0,0.1,-2.1064558347344473,-2.0509123447321826,2.939965583040328,-2.1064558347344473,-2.0509123447321826,2.939965583040328,2.939965583040328,0.0,1.0,0.1,0.0,0.0,0.0,0.0,0.0,0.0,0.0,0.0,1.0,174.70000000000002,-10.530423620927593,3.6948085713454475,11.159813260761918,429.4695763790724,-836.3051914286546,940.1332300507936,841.7336962634931,1746.0,1.0,3.1,9.571214872107078,-11.997705701706877,15.347739124470856,-30.428785127892922,-131.99770570170688,135.45960753993754,2.939965583040328,30.0
09_LTAN06_800km_1213COLD_MX_ALL_HEAT_MX_0p5,14762.0,476.11024324426495,-705.4435579633603,851.0767163975983,-117.34659270513235,-196.4039425496795,228.7897101457188,358.7636505391326,-901.8475005130398,970.5875906530962,1.0,128.70000000000002,-3.88975675573505,14.556442036639737,15.067189929938458,476.11024324426495,-705.4435579633603,851.0767163975983,851.0767163975983,1286.0,1.0,7.5,8.704765258816394,-1.1360722364125877,8.77858749101724,-151.2952347411836,-1.1360722364125877,151.29950005045026,151.29950005045026,74.0,1.0,0.1,-2.7487997560712643,-1.1360722364125877,2.974316766137215,-2.7487997560712643,-1.1360722364125877,2.974316766137215,2.974316766137215,0.0,1.0,0.1,0.0,0.0,0.0,0.0,0.0,0.0,0.0,0.0,1.0,191.3,-1.236349460867416,-21.84750051303979,21.882455041806004,358.7636505391326,-901.8475005130398,970.5875906530962,851.0767163975983,1912.0,1.0,8.700000000000001,-0.09539246120363032,2.459985213907885,2.46183406717429,-120.09539246120363,-197.54001478609212,231.1816617556419,2.974316766137215,86.0
09_LTAN06_800km_1213COLD_MX_ALL_HEAT_MX_0p5,14822.5,493.55321077528174,-704.6375416782237,860.2957846048765,-29.46402334121046,-79.30643557375446,84.60283325554447,464.0891874340713,-783.9439772519781,911.014233348122,1.0,128.70000000000002,13.553210775281741,15.36245832177633,20.486450351574522,493.55321077528174,-704.6375416782237,860.2957846048765,860.2957846048765,1286.0,1.0,4.5,-13.852267210166815,-0.33005595127599463,13.856198749759452,-133.85226721016681,-0.33005595127599463,133.85267413926726,133.85267413926726,44.0,1.0,0.1,-3.2797804816111125,-0.33005595127599463,3.296345997999895,-3.2797804816111125,-0.33005595127599463,3.296345997999895,3.296345997999895,0.0,1.0,0.1,0.0,0.0,0.0,0.0,0.0,0.0,0.0,0.0,1.0,158.70000000000002,-15.910812565928723,16.05602274802186,22.604199233618314,464.0891874340713,-783.9439772519781,911.014233348122,860.2957846048765,1586.0,1.0,1.3,7.256196177178424,0.3635084749695352,7.265295683802102,-32.743803822821576,-79.63649152503046,86.10532777478798,3.296345997999895,12.0
09_LTAN06_800km_1213COLD_MX_ALL_HEAT_MX_0p5,14883.0,510.1561477694581,-703.9640904907645,869.3818124434525,-56.143820905112435,-126.7753879448848,138.6511003000026,454.01232686434565,-830.7394784356493,946.7075968726099,1.0,128.9,-9.843852230541927,16.035909509235466,18.816264786751216,510.1561477694581,-703.9640904907645,869.3818124434525,869.3818124434525,1288.0,1.0,4.5,2.750669784009517,0.3433952361831416,2.772021743943622,-117.24933021599048,0.3433952361831416,117.24983307615672,117.24983307615672,44.0,1.0,0.1,-3.6731247285903805,0.3433952361831416,3.689141574948762,-3.6731247285903805,0.3433952361831416,3.689141574948762,3.689141574948762,0.0,1.0,0.1,0.0,0.0,0.0,0.0,0.0,0.0,0.0,0.0,1.0,174.70000000000002,14.012326864345653,9.26052156435071,16.795909138747668,454.01232686434565,-830.7394784356493,946.7075968726099,869.3818124434525,1746.0,1.0,2.9000000000000004,20.1830543662972,-6.431992708701614,21.18315872946476,-59.8169456337028,-126.43199270870161,139.8682085580513,3.689141574948762,28.0
09_LTAN06_800km_1213COLD_MX_ALL_HEAT_MX_0p5,14943.5,525.947677777858,-703.4176491963201,878.3036769596258,52.519485879336145,-127.53551887190017,137.9260851722929,578.4671636571941,-830.9531680682203,1012.4758895658755,1.0,115.10000000000001,5.947677777857962,-23.4176491963201,24.161149907054025,525.947677777858,-703.4176491963201,878.3036769596258,878.3036769596258,1150.0,1.0,2.3000000000000003,-21.457800207590594,0.8898365306275764,21.476242660207447,-101.4578002075906,0.8898365306275764,101.46170229211911,101.46170229211911,22.0,1.0,0.1,-3.983054429075196,0.8898365306275764,4.081241433217944,-3.983054429075196,0.8898365306275764,4.081241433217944,4.081241433217944,0.0,1.0,0.1,0.0,0.0,0.0,0.0,0.0,0.0,0.0,0.0,1.0,175.3,18.467163657194078,9.046831931779707,20.564077940512156,578.4671636571941,-830.9531680682203,1012.4758895658755,878.3036769596258,1752.0,1.0,3.5,8.53643145026092,-6.645682341272618,10.818306507310027,48.53643145026092,-126.64568234127262,135.62785124601956,4.081241433217944,34.0
09_LTAN06_800km_1213COLD_MX_ALL_HEAT_MX_0p5,15004.0,540.9644060378176,-702.992182402782,887.0403018574044,49.575982087280174,-136.53797875445449,145.25975919803182,590.5403881250978,-839.5301611572364,1026.4252732175082,0.0,nan,nan,nan,nan,540.9644060378176,-702.992182402782,887.0403018574044,887.0403018574044,nan,1.0,2.3000000000000003,-6.441071947630917,1.3153033241657113,6.573996552259462,-86.44107194763092,1.3153033241657113,86.45107831768246,86.45107831768246,22.0,1.0,0.1,-4.204712756497884,1.3153033241657113,4.405636412508118,-4.204712756497884,1.3153033241657113,4.405636412508118,4.405636412508118,0.0,1.0,0.1,0.0,0.0,0.0,0.0,0.0,0.0,0.0,0.0,1.0,175.5,-9.45961187490218,0.4698388427635791,9.471272636871971,590.5403881250978,-839.5301611572364,1026.4252732175082,887.0403018574044,1754.0,1.0,3.5,5.371269330782297,-15.222675430288746,16.14250233017543,45.3712693307823,-135.22267543028875,142.63142722139327,4.405636412508118,34.0
09_LTAN06_800km_1213COLD_MX_ALL_HEAT_MX_0p5,15064.5,555.2551831227468,-702.6813637500032,895.5832833110717,63.90700984276543,-45.866031787718896,78.66256275379895,619.1621929655122,-748.5473955377222,971.4345189276369,1.0,115.30000000000001,-4.744816877253243,-22.681363750003243,23.172344481269658,555.2551831227468,-702.6813637500032,895.5832833110717,895.5832833110717,1152.0,1.0,2.3000000000000003,7.849705137298201,1.6261219769444324,8.016367221280936,-72.1502948627018,1.6261219769444324,72.16861728936418,72.16861728936418,22.0,1.0,0.1,-4.341591841909235,1.6261219769444324,4.636129032461725,-4.341591841909235,1.6261219769444324,4.636129032461725,4.636129032461725,0.0,1.0,0.1,0.0,0.0,0.0,0.0,0.0,0.0,0.0,0.0,1.0,143.9,19.16219296551219,11.452604462277804,22.32379421641649,619.1621929655122,-748.5473955377222,971.4345189276369,895.5832833110717,1438.0,1.0,0.7000000000000001,19.565418000856198,-4.23990981077452,20.019550862887254,59.5654180008562,-44.23990981077452,74.19709321585441,4.636129032461725,6.0
09_LTAN06_800km_1213COLD_MX_ALL_HEAT_MX_0p5,15125.0,568.8480287698854,-702.4847639059998,903.9208612237317,78.88058060342216,-47.281641662448884,91.96575250944888,647.7286093733076,-749.7664055684487,990.8087677850405,1.0,115.30000000000001,8.848028769885445,-22.484763905999785,24.163034184912938,568.8480287698854,-702.4847639059998,903.9208612237317,903.9208612237317,1152.0,1.0,0.9,-18.55744921556311,1.8227218209478906,18.64674867704189,-58.55744921556311,1.8227218209478906,58.585810342350065,58.585810342350065,8.0,1.0,0.1,-4.404235984261618,1.8227218209478906,4.766509146285623,-4.404235984261618,1.8227218209478906,4.766509146285623,4.766509146285623,0.0,1.0,0.1,0.0,0.0,0.0,0.0,0.0,0.0,0.0,0.0,1.0,144.1,7.728609373307563,10.233594431551296,12.824112360497129,647.7286093733076,-749.7664055684487,990.8087677850405,903.9208612237317,1440.0,1.0,2.0,-5.5236553808395,-5.458919841501029,7.765988321019468,74.4763446191605,-45.45891984150103,87.25387842948858,4.766509146285623,19.0
09_LTAN06_800km_1213COLD_MX_ALL_HEAT_MX_0p5,15185.5,581.7690931356154,-702.3978059592132,912.0405449014605,5.945688704987467,-68.02277699283745,68.28213092745358,587.7147818406029,-770.4205829520506,968.9976983616241,0.0,nan,nan,nan,nan,581.7690931356154,-702.3978059592132,912.0405449014605,912.0405449014605,nan,1.0,0.9,-5.636384849833121,1.909679767734474,5.951110063737918,-45.63638484983312,1.909679767734474,45.67632317708347,45.67632317708347,8.0,1.0,0.1,-4.3896464602376,1.909679767734474,4.787052627783706,-4.3896464602376,1.909679767734474,4.787052627783706,4.787052627783706,0.0,1.0,0.1,0.0,0.0,0.0,0.0,0.0,0.0,0.0,0.0,1.0,143.9,-12.285218159397118,-10.420582952050609,16.109473432876335,587.7147818406029,-770.4205829520506,968.9976983616241,912.0405449014605,1438.0,1.0,1.5,1.5560422447498468,13.886902774897067,13.973808934821243,1.5560422447498468,-66.11309722510293,66.13140624667949,4.787052627783706,14.0
09_LTAN06_800km_1213COLD_MX_ALL_HEAT_MX_0p5,15246.0,594.0430201859971,-702.4131190616422,919.9300515047901,45.26022947606192,-63.769094570564675,78.19837462873129,639.303249662059,-766.1822136322069,997.8696455523725,1.0,115.5,-5.956979814002921,-22.413119061642192,23.19123788364448,594.0430201859971,-702.4131190616422,919.9300515047901,919.9300515047901,1154.0,1.0,0.9,6.637542200548523,1.8943666653054834,6.9025786143066235,-33.36245779945148,1.8943666653054834,33.41619690334017,33.41619690334017,8.0,1.0,0.1,-4.3504960824857335,1.8943666653054834,4.7450438592645625,-4.3504960824857335,1.8943666653054834,4.7450438592645625,4.7450438592645625,0.0,1.0,0.1,0.0,0.0,0.0,0.0,0.0,0.0,0.0,0.0,1.0,144.1,-0.6967503379410118,-6.182213632206867,6.221352459687952,639.303249662059,-766.1822136322069,997.8696455523725,919.9300515047901,1440.0,1.0,0.7000000000000001,0.9097333935761753,-21.874727905259192,21.8936368787032,40.909733393576175,-61.87472790525919,74.17606244391341,4.7450438592645625,6.0
09_LTAN06_800km_1213COLD_MX_ALL_HEAT_MX_0p5,15306.5,605.6944534387678,-702.5248243058444,927.5812092169856,39.69471046647129,-156.0879702947662,161.0562774615035,645.3891639052391,-858.6127946006106,1074.1243428663993,1.0,115.5,5.694453438767823,-22.52482430584439,23.233478215184505,605.6944534387678,-702.5248243058444,927.5812092169856,927.5812092169856,1154.0,1.0,0.1,-21.711024546680733,1.7826614211032847,21.784087509208717,-21.711024546680733,1.7826614211032847,21.784087509208717,21.784087509208717,0.0,1.0,0.1,-4.272150334678258,1.7826614211032847,4.62916301553332,-4.272150334678258,1.7826614211032847,4.62916301553332,4.62916301553332,0.0,1.0,0.1,0.0,0.0,0.0,0.0,0.0,0.0,0.0,0.0,1.0,175.70000000000002,5.389163905239116,-18.61279460061064,19.377285941071644,645.3891639052391,-858.6127946006106,1074.1243428663993,927.5812092169856,1756.0,1.0,6.1000000000000005,-4.577439868206966,5.694691126337034,7.306330321812199,35.422560131793034,-154.30530887366297,158.31893794769792,4.62916301553332,60.0
09_LTAN06_800km_1213COLD_MX_ALL_HEAT_MX_0p5,15367.0,616.7320579809091,-702.7094135413664,934.9646791301897,-19.0810964682802,-96.22511048363437,98.09872644443176,597.6509615126289,-798.9345240250008,997.7389666019988,1.0,129.3,16.732057980909076,17.290586458633584,24.060884114262848,616.7320579809091,-702.7094135413664,934.9646791301897,934.9646791301897,1292.0,1.0,0.1,-10.67342000453948,1.598072185581259,10.79239219559927,-10.67342000453948,1.598072185581259,10.79239219559927,10.79239219559927,0.0,1.0,0.1,-4.151781515576658,1.598072185581259,4.448721666210696,-4.151781515576658,1.598072185581259,4.448721666210696,4.448721666210696,0.0,1.0,0.1,0.0,0.0,0.0,0.0,0.0,0.0,0.0,0.0,1.0,159.3,-2.3490384873711037,1.0654759749992309,2.579383815652739,597.6509615126289,-798.9345240250008,997.7389666019988,934.9646791301897,1592.0,1.0,1.3,16.767122016143162,-14.627038298053094,22.250542242312765,-23.232877983856838,-94.6270382980531,97.43737987278797,4.448721666210696,12.0
09_LTAN06_800km_1213COLD_MX_ALL_HEAT_MX_0p5,15427.5,627.1742563929686,-702.9569915754472,942.070103488523,-22.334352346292814,-85.6345909432668,88.49918904006401,604.8399040466758,-788.591582518714,993.8349931183554,1.0,129.5,-12.825743607031427,17.043008424552795,21.32988127563501,627.1742563929686,-702.9569915754472,942.070103488523,942.070103488523,1294.0,1.0,0.1,-0.23122159247998297,1.3504941515004703,1.3701452032780885,-0.23122159247998297,1.3504941515004703,1.3701452032780885,1.3701452032780885,0.0,1.0,0.1,-3.978444578613221,1.3504941515004703,4.201411157972272,-3.978444578613221,1.3504941515004703,4.201411157972272,4.201411157972272,0.0,1.0,0.1,0.0,0.0,0.0,0.0,0.0,0.0,0.0,0.0,1.0,159.3,4.83990404667577,11.408417481286051,12.392605077559022,604.8399040466758,-788.591582518714,993.8349931183554,942.070103488523,1592.0,1.0,1.3,13.687203075093976,-4.284096791766274,14.342001720125545,-26.312796924906024,-84.28409679176627,88.29593565966199,4.201411157972272,12.0
09_LTAN06_800km_1213COLD_MX_ALL_HEAT_MX_0p5,15488.0,637.0447901672092,-703.2657902941531,948.8987493285273,77.21017410954869,-145.1731267412356,164.42824487859036,714.2549642767578,-848.4389170353887,1109.057595408902,1.0,115.7,-2.9552098327908425,-23.265790294153135,23.45272400313733,637.0447901672092,-703.2657902941531,948.8987493285273,948.8987493285273,1156.0,1.0,0.1,9.639312181760602,1.0416954327945405,9.69543545758226,9.639312181760602,1.0416954327945405,9.69543545758226,9.69543545758226,0.0,1.0,0.1,-3.7907405175441227,1.0416954327945405,3.9312648150507092,-3.7907405175441227,1.0416954327945405,3.9312648150507092,3.9312648150507092,0.0,1.0,0.1,0.0,0.0,0.0,0.0,0.0,0.0,0.0,0.0,1.0,176.10000000000002,-5.745035723242154,-8.438917035388727,10.208856752423483,714.2549642767578,-848.4389170353887,1109.057595408902,948.8987493285273,1760.0,1.0,6.300000000000001,-6.580566407995434,15.868568691558949,17.178920995474737,73.41943359200457,-144.13143130844105,161.75377188798606,3.9312648150507092,62.0
09_LTAN06_800km_1213COLD_MX_ALL_HEAT_MX_0p5,15548.5,646.3497562757004,-703.6045815330567,955.420019987003,-25.909256692554237,-197.88069511480552,199.56968477571758,620.4404995831462,-901.4852766478623,1094.35922691585,1.0,115.7,6.349756275700429,-23.604581533056717,24.44372463663259,646.3497562757004,-703.6045815330567,955.420019987003,955.420019987003,1156.0,1.0,0.1,18.944278290251873,0.7029041938909586,18.957314003948394,18.944278290251873,0.7029041938909586,18.957314003948394,18.957314003948394,0.0,1.0,0.1,-3.5897615400616587,0.7029041938909586,3.6579314127379905,-3.5897615400616587,0.7029041938909586,3.6579314127379905,3.6579314127379905,0.0,1.0,0.1,0.0,0.0,0.0,0.0,0.0,0.0,0.0,0.0,0.0,nan,nan,nan,nan,620.4404995831462,-901.4852766478623,1094.35922691585,955.420019987003,nan,1.0,9.1,10.500981767384133,2.8222090790853827,10.873614034211714,-29.499018232615867,-197.17779092091462,199.37219793426596,3.6579314127379905,90.0
09_LTAN06_800km_1213COLD_MX_ALL_HEAT_MX_0p5,15609.0,655.1111063510269,-703.9717281279524,961.6375386120917,-4.190885043682562,-187.00891023613494,187.05586338085246,650.9202213073444,-890.9806383640873,1103.4235961073512,1.0,129.5,15.111106351026933,16.02827187204764,22.028414249698503,655.1111063510269,-703.9717281279524,961.6375386120917,961.6375386120917,1294.0,1.0,0.8,-12.294371634421623,0.33575759899531477,12.298955526814222,27.705628365578377,0.33575759899531477,27.707662772179546,27.707662772179546,7.0,1.0,0.1,-3.3756948496530867,0.33575759899531477,3.392351527076384,-3.3756948496530867,0.33575759899531477,3.392351527076384,3.392351527076384,0.0,1.0,0.1,0.0,0.0,0.0,0.0,0.0,0.0,0.0,0.0,1.0,192.70000000000002,10.920221307344377,-10.980638364087326,15.486305314187906,650.9202213073444,-890.9806383640873,1103.4235961073512,961.6375386120917,1926.0,1.0,9.3,-7.566579893335643,13.326847362860349,15.325077223792677,-7.566579893335643,-186.67315263713965,186.8264409733565,3.392351527076384,92.0
09_LTAN06_800km_1213COLD_MX_ALL_HEAT_MX_0p5,15669.5,663.3502027434841,-704.3611472303803,967.5526431194941,32.87950228855004,-160.66692889938864,163.99671860346467,696.2297050320342,-865.0280761297689,1110.4095526704382,1.0,129.70000000000002,-16.649797256515853,15.638852769619689,22.842711411584315,663.3502027434841,-704.3611472303803,967.5526431194941,967.5526431194941,1296.0,1.0,0.8,-4.055275241964409,-0.05366150343263598,4.055630264834327,35.94472475803559,-0.05366150343263598,35.94476481336173,35.94476481336173,7.0,1.0,0.1,-3.1371389186946317,-0.05366150343263598,3.137597831484968,-3.1371389186946317,-0.05366150343263598,3.137597831484968,3.137597831484968,0.0,1.0,0.1,0.0,0.0,0.0,0.0,0.0,0.0,0.0,0.0,1.0,192.9,16.22970503203419,14.97192387023108,22.080802290741865,696.2297050320342,-865.0280761297689,1110.4095526704382,967.5526431194941,1928.0,1.0,6.1000000000000005,-10.257636630144589,-0.7205904028212444,10.282915917419636,29.74236336985541,-160.72059040282124,163.44943058406767,3.137597831484968,60.0
09_LTAN06_800km_1213COLD_MX_ALL_HEAT_MX_0p5,15730.0,671.0837295786179,-704.7448915178842,973.1488756740677,-87.82775602737833,-88.52078984249468,124.69821555717547,583.2559735512395,-793.2656813603788,984.6105686551157,1.0,129.70000000000002,-8.916270421382137,15.255108482115816,17.669697593007523,671.0837295786179,-704.7448915178842,973.1488756740677,973.1488756740677,1296.0,1.0,0.8,3.678251593169307,-0.4374057909365092,3.704167734943619,43.67825159316931,-0.4374057909365092,43.68044168803862,43.68044168803862,7.0,1.0,0.1,-2.8936629574259314,-0.4374057909365092,2.926535346980074,-2.8936629574259314,-0.4374057909365092,2.926535346980074,2.926535346980074,0.0,1.0,0.1,0.0,0.0,0.0,0.0,0.0,0.0,0.0,0.0,1.0,159.10000000000002,23.25597355123955,6.734318639621165,24.21138891835622,583.2559735512395,-793.2656813603788,984.6105686551157,973.1488756740677,1590.0,1.0,1.1,-10.721418984804245,-8.95819563343116,13.97133114826737,-90.72141898480425,-88.95819563343116,127.05879124630539,2.926535346980074,10.0
09_LTAN06_800km_1213COLD_MX_ALL_HEAT_MX_0p5,15790.5,678.3323505295361,-705.1236740483953,978.4345524757562,-12.30399470168464,-4.723617712244591,13.179561825436934,666.0283558278516,-709.8472917606399,973.3842758061517,1.0,129.70000000000002,-1.6676494704638571,14.876325951604713,14.969506624292139,678.3323505295361,-705.1236740483953,978.4345524757562,978.4345524757562,1296.0,1.0,0.8,10.926872544087587,-0.816188321447612,10.957312944823773,50.92687254408759,-0.816188321447612,50.933412515732826,50.933412515732826,7.0,1.0,0.1,-2.6378910790390364,-0.816188321447612,2.761273749728774,-2.6378910790390364,-0.816188321447612,2.761273749728774,2.761273749728774,0.0,1.0,0.1,0.0,0.0,0.0,0.0,0.0,0.0,0.0,0.0,1.0,129.70000000000002,-13.971644172148444,10.152708239360095,17.270909804254668,666.0283558278516,-709.8472917606399,973.3842758061517,978.4345524757562,1296.0,1.0,0.1,-14.941885780723624,-5.53980603369223,15.935789957674633,-14.941885780723624,-5.53980603369223,15.935789957674633,2.761273749728774,0.0
09_LTAN06_800km_1213COLD_MX_ALL_HEAT_MX_0p5,15851.0,685.1173258148376,-705.4803600243897,983.4064716645996,78.89568847669118,50.722709879706066,93.79404542801176,764.0130142915287,-654.7576501446837,1006.1925593194454,1.0,129.70000000000002,5.1173258148376135,14.51963997561029,15.395030643572744,685.1173258148376,-705.4803600243897,983.4064716645996,983.4064716645996,1296.0,1.0,0.8,17.711847829389058,-1.1728742974420356,17.750639077200404,57.71184782938906,-1.1728742974420356,57.72376472476616,57.72376472476616,7.0,1.0,0.1,-2.377176400249482,-1.1728742974420356,2.650773803156964,-2.377176400249482,-1.1728742974420356,2.650773803156964,2.650773803156964,0.0,1.0,0.1,0.0,0.0,0.0,0.0,0.0,0.0,0.0,0.0,1.0,145.20000000000002,4.013014291528748,-14.75765014468368,15.293545092518485,764.0130142915287,-654.7576501446837,1006.1925593194454,983.4064716645996,1451.0,1.0,2.4000000000000004,-3.4814879235583476,9.549835582263995,10.164650402751594,76.51851207644165,49.549835582263995,91.16067626242109,2.650773803156964,23.0
09_LTAN06_800km_1213COLD_MX_ALL_HEAT_MX_0p5,15911.5,691.4600902831367,-705.7873372582292,988.0550702710983,-29.389371654548473,-77.1570753347762,82.56481962958259,662.0707186285882,-782.9444125930054,1025.3485210775805,1.0,129.70000000000002,11.460090283136651,14.212662741770828,18.25742181987818,691.4600902831367,-705.7873372582292,988.0550702710983,988.0550702710983,1296.0,1.0,0.8,24.054612297688095,-1.479851531281497,24.100089903291305,64.0546122976881,-1.479851531281497,64.07170449708491,64.07170449708491,7.0,1.0,0.1,-2.109033407538959,-1.479851531281497,2.5764282386186474,-2.109033407538959,-1.479851531281497,2.5764282386186474,2.5764282386186474,0.0,1.0,0.1,0.0,0.0,0.0,0.0,0.0,0.0,0.0,0.0,1.0,159.70000000000002,-17.929281371411776,17.05558740699462,24.74575099472406,662.0707186285882,-782.9444125930054,1025.3485210775805,988.0550702710983,1596.0,1.0,1.3,8.501594937912614,1.3630731339422937,8.61017333488802,-31.498405062087386,-78.6369268660577,84.710777285969,2.5764282386186474,12.0
09_LTAN06_800km_1213COLD_MX_ALL_HEAT_MX_0p5,15972.0,697.3792193967522,-706.0452970010048,992.3899118107058,-13.759390089789473,-141.26093786580265,141.92946622308264,683.6198293069627,-847.3062348668075,1088.6982716372092,1.0,129.70000000000002,17.379219396752205,13.95470299899523,22.28836024992899,697.3792193967522,-706.0452970010048,992.3899118107058,992.3899118107058,1296.0,1.0,2.2,-10.02625858869635,-1.7378112740570941,10.175748095921364,69.97374141130365,-1.7378112740570941,69.99531752281885,69.99531752281885,21.0,1.0,0.1,-1.8544436628859557,-1.7378112740570941,2.5414463053658682,-1.8544436628859557,-1.7378112740570941,2.5414463053658682,2.5414463053658682,0.0,1.0,0.1,0.0,0.0,0.0,0.0,0.0,0.0,0.0,0.0,1.0,175.9,3.6198293069627425,-7.306234866807472,8.153786368338306,683.6198293069627,-847.3062348668075,1088.6982716372092,992.3899118107058,1758.0,1.0,5.9,-15.613833752675419,17.001250860140203,23.083204614299206,-15.613833752675419,-142.9987491398598,143.84864983732288,2.5414463053658682,58.0
09_LTAN06_800km_1213COLD_MX_ALL_HEAT_MX_0p5,16032.5,702.9040787009002,-706.2189510105549,996.4032068499226,49.427578872868,-20.66678203454449,53.57426091787882,752.3316575737682,-726.8857330450993,1046.1193965758425,1.0,129.9,-17.095921299099814,13.78104898944514,21.958775838249764,702.9040787009002,-706.2189510105549,996.4032068499226,996.4032068499226,1298.0,1.0,2.2,-4.50139928454837,-1.9114652836071855,4.890428922841848,75.49860071545163,-1.9114652836071855,75.52279397322128,75.52279397322128,21.0,1.0,0.1,-1.5924568407491506,-1.9114652836071855,2.487894354687165,-1.5924568407491506,-1.9114652836071855,2.487894354687165,2.487894354687165,0.0,1.0,0.1,0.0,0.0,0.0,0.0,0.0,0.0,0.0,0.0,1.0,144.8,-7.6683424262317885,-6.8857330450993,10.30615326561365,752.3316575737682,-726.8857330450993,1046.1193965758425,996.4032068499226,1447.0,1.0,0.7000000000000001,7.835122032118875,17.421752681848375,19.10252872699543,47.835122032118875,-22.578247318151625,52.89589919632075,2.487894354687165,6.0
09_LTAN06_800km_1213COLD_MX_ALL_HEAT_MX_0p5,16093.0,708.0582640449002,-706.2885159969704,1000.0949820449457,-13.363977549774143,-176.44836923409684,176.953730961862,694.694286495126,-882.7368852310673,1123.3096457506356,1.0,129.9,-11.94173595509983,13.711484003029568,18.18267997811818,708.0582640449002,-706.2885159969704,1000.0949820449457,1000.0949820449457,1298.0,1.0,2.2,0.6527860594516142,-1.9810302700227567,2.0858117293180616,80.65278605945161,-1.9810302700227567,80.67711187246616,80.67711187246616,21.0,1.0,0.1,-1.3192081935405895,-1.9810302700227567,2.3800821810708683,-1.3192081935405895,-1.9810302700227567,2.3800821810708683,2.3800821810708683,0.0,1.0,0.1,0.0,0.0,0.0,0.0,0.0,0.0,0.0,0.0,1.0,192.9,14.694286495125993,-2.7368852310672764,14.946992887162164,694.694286495126,-882.7368852310673,1123.3096457506356,1000.0949820449457,1928.0,1.0,5.9,-14.683185743314766,-18.4293995041196,23.563503764404942,-14.683185743314766,-178.4293995041196,179.03252930954588,2.3800821810708683,58.0
09_LTAN06_800km_1213COLD_MX_ALL_HEAT_MX_0p5,16153.5,712.8570549872449,-706.2586339629665,1003.4771740763829,11.15111745071735,-142.77946264893222,143.21425339231263,724.0081724379622,-849.0380966118987,1115.8196643075053,1.0,129.9,-7.142945012755149,13.741366037033458,15.48698821653133,712.8570549872449,-706.2586339629665,1003.4771740763829,1003.4771740763829,1298.0,1.0,2.2,5.451577001796295,-1.9511482360188666,5.790222037662616,85.4515770017963,-1.9511482360188666,85.47384975261639,85.47384975261639,21.0,1.0,0.1,-1.0369700472009526,-1.9511482360188666,2.2095896265396164,-1.0369700472009526,-1.9511482360188666,2.2095896265396164,2.2095896265396164,0.0,1.0,0.1,0.0,0.0,0.0,0.0,0.0,0.0,0.0,0.0,1.0,176.10000000000002,4.00817243796223,-9.038096611898709,9.88699330729292,724.0081724379622,-849.0380966118987,1115.8196643075053,1003.4771740763829,1760.0,1.0,5.9,10.114147403516426,15.269389115048966,18.315300206298392,10.114147403516426,-144.73061088495103,145.08358178936433,2.2095896265396164,58.0
09_LTAN06_800km_1213COLD_MX_ALL_HEAT_MX_0p5,16214.0,717.3362274046237,-706.1030386369534,1006.5548988105105,64.47551855731967,-90.02392638810196,110.73120524750769,781.8117459619434,-796.1269650250554,1115.8170775553078,1.0,129.9,-2.6637725953762583,13.896961363046557,14.149954754905982,717.3362274046237,-706.1030386369534,1006.5548988105105,1006.5548988105105,1298.0,1.0,2.2,9.930749419175186,-1.7955529100057674,10.091768639791464,89.93074941917519,-1.7955529100057674,89.94867259358033,89.94867259358033,21.0,1.0,0.1,-0.777512239666521,-1.7955529100057674,1.9566643900938734,-0.777512239666521,-1.7955529100057674,1.9566643900938734,1.9566643900938734,0.0,1.0,0.1,0.0,0.0,0.0,0.0,0.0,0.0,0.0,0.0,1.0,160.10000000000002,21.811745961943416,3.8730349749446304,22.15293799534272,781.8117459619434,-796.1269650250554,1115.8170775553078,1006.5548988105105,1600.0,1.0,1.9000000000000001,-16.301993682346847,-11.819479298107694,20.13591539755948,63.69800631765315,-91.8194792981077,111.75085139460641,1.9566643900938734,18.0
09_LTAN06_800km_1213COLD_MX_ALL_HEAT_MX_0p5,16274.5,721.5140512156651,-705.8213225531026,1009.3395194245851,84.67014740479253,-139.22648919221382,162.95106367967938,806.1841986204576,-845.0478117453165,1167.9207020345418,1.0,129.9,1.514051215665063,14.178677446897382,14.259286280414365,721.5140512156651,-705.8213225531026,1009.3395194245851,1009.3395194245851,1298.0,1.0,2.2,14.108573230216507,-1.513836826154943,14.189557446538094,94.1085732302165,-1.513836826154943,94.12074828306055,94.12074828306055,21.0,1.0,0.1,-0.5450626195654422,-1.513836826154943,1.608973335848178,-0.5450626195654422,-1.513836826154943,1.608973335848178,1.608973335848178,0.0,1.0,0.1,0.0,0.0,0.0,0.0,0.0,0.0,0.0,0.0,1.0,176.5,6.1841986204575505,-5.047811745316494,7.982776208401701,806.1841986204576,-845.0478117453165,1167.9207020345418,1009.3395194245851,1764.0,1.0,3.7,4.125084785227045,-20.74032601836882,21.14657059273532,84.12508478522705,-140.74032601836882,163.96606129891143,1.608973335848178,36.0
09_LTAN06_800km_1213COLD_MX_ALL_HEAT_MX_0p5,16335.0,725.4053766869135,-705.4174583312683,1011.8432443045857,71.29222137829476,-41.64533318472817,82.56460867174754,796.6975980652082,-747.0627915159965,1092.1675133561453,1.0,129.9,5.405376686913542,14.582541668731665,15.552125856220547,725.4053766869135,-705.4174583312683,1011.8432443045857,1011.8432443045857,1298.0,1.0,2.2,17.999898701464986,-1.1099726043206601,18.03408973154296,97.99989870146499,-1.1099726043206601,98.00618442057491,98.00618442057491,21.0,1.0,0.1,-0.32387444840003354,-1.1099726043206601,1.156258552690018,-0.32387444840003354,-1.1099726043206601,1.156258552690018,1.156258552690018,0.0,1.0,0.1,0.0,0.0,0.0,0.0,0.0,0.0,0.0,0.0,1.0,160.4,-3.30240193479176,12.937208484003463,13.352049351971687,796.6975980652082,-747.0627915159965,1092.1675133561453,1011.8432443045857,1603.0,1.0,2.0,-9.031653070105335,-2.7553057890488617,9.442587948751617,70.96834692989466,-42.75530578904886,82.85241359837966,1.156258552690018,19.0
09_LTAN06_800km_1213COLD_MX_ALL_HEAT_MX_0p5,16395.5,729.0485050905534,-704.8677765494473,1014.076084518579,-85.75878050976561,-128.0340217891175,154.10152228326095,643.2897245807877,-832.9017983385647,1052.4006249650563,1.0,129.9,9.048505090553363,15.132223450552715,17.631211839553956,729.0485050905534,-704.8677765494473,1014.076084518579,1014.076084518579,1298.0,1.0,2.2,21.643027105104807,-0.5602908224996099,21.6502782448189,101.6430271051048,-0.5602908224996099,101.6445713498505,101.6445713498505,21.0,1.0,0.1,-0.1058301957052663,-0.5602908224996099,0.5701980674294718,-0.1058301957052663,-0.5602908224996099,0.5701980674294718,0.5701980674294718,0.0,1.0,0.1,0.0,0.0,0.0,0.0,0.0,0.0,0.0,0.0,1.0,175.70000000000002,3.28972458078772,7.098201661435269,7.823474588943288,643.2897245807877,-832.9017983385647,1052.4006249650563,1014.076084518579,1756.0,1.0,2.9000000000000004,-5.864610705470909,-8.594312611617056,10.404608017264465,-85.86461070547091,-128.59431261161706,154.62609290691,0.5701980674294718,28.0
09_LTAN06_800km_1213COLD_MX_ALL_HEAT_MX_0p5,16456.0,732.4542556356291,-704.1758279985127,1016.0476530833258,10.997310067444369,-81.68735555509667,82.42429791211022,743.4515657030735,-785.8631835536094,1081.8045913247759,1.0,129.9,12.454255635629124,15.82417200148734,20.137350942223154,732.4542556356291,-704.1758279985127,1016.0476530833258,1016.0476530833258,1298.0,1.0,4.4,-14.951222349819432,0.131657728435016,14.951802015516282,105.04877765018057,0.131657728435016,105.04886015352348,105.04886015352348,43.0,1.0,0.1,0.09489523015952273,0.131657728435016,0.16229252035659936,0.09489523015952273,0.131657728435016,0.16229252035659936,0.16229252035659936,0.0,1.0,0.1,0.0,0.0,0.0,0.0,0.0,0.0,0.0,0.0,1.0,160.10000000000002,-16.54843429692653,14.13681644639064,21.764656140601787,743.4515657030735,-785.8631835536094,1081.8045913247759,1016.0476530833258,1600.0,1.0,1.5,11.092205297603869,-1.5556978266616852,11.200768459890206,11.092205297603869,-81.55569782666169,82.30655421263815,0.16229252035659936,14.0
09_LTAN06_800km_1213COLD_MX_ALL_HEAT_MX_0p5,16516.5,735.6418073194865,-703.3405144172385,1017.7704789867832,79.51364479370281,-170.58325911000765,188.20485646489345,815.1554521131893,-873.9237735272461,1195.082077953627,1.0,129.9,15.641807319486475,16.659485582761477,22.85179634300503,735.6418073194865,-703.3405144172385,1017.7704789867832,1017.7704789867832,1298.0,1.0,4.4,-11.763670665962081,0.9669713097091517,11.803346180258265,108.23632933403792,0.9669713097091517,108.24064865483815,108.24064865483815,43.0,1.0,0.1,0.2894121029406733,0.9669713097091517,1.0093527030375333,0.2894121029406733,0.9669713097091517,1.0093527030375333,1.0093527030375333,0.0,1.0,0.1,0.0,0.0,0.0,0.0,0.0,0.0,0.0,0.0,1.0,193.5,15.155452113189313,6.076226472753888,16.32814309416014,815.1554521131893,-873.9237735272461,1195.082077953627,1017.7704789867832,1934.0,1.0,6.300000000000001,-0.1969431033564888,-9.616287800298437,9.618304301909367,79.80305689664351,-169.61628780029844,187.45189510165693,1.0093527030375333,62.0
09_LTAN06_800km_1213COLD_MX_ALL_HEAT_MX_0p5,16577.0,738.6435300659992,-702.3527489268947,1019.2613248983434,94.94454095422935,-55.24114742367667,109.84557444746564,833.5880710202287,-757.5938963505714,1126.4180324972012,0.0,nan,nan,nan,nan,738.6435300659992,-702.3527489268947,1019.2613248983434,1019.2613248983434,nan,1.0,4.4,-8.761947919449312,1.954736800052956,8.977345225656826,111.23805208055069,1.954736800052956,111.25522561494714,111.25522561494714,43.0,1.0,0.1,0.4875446009489224,1.954736800052956,2.0146204842092996,0.4875446009489224,1.954736800052956,2.0146204842092996,2.0146204842092996,0.0,1.0,0.1,0.0,0.0,0.0,0.0,0.0,0.0,0.0,0.0,1.0,177.0,-6.411928979771346,2.4061036494285872,6.848515752586482,833.5880710202287,-757.5938963505714,1126.4180324972012,1019.2613248983434,1769.0,1.0,2.0,15.432085555178332,-13.286410623623738,20.363643383291837,95.43208555517833,-53.28641062362374,109.30107277863432,2.0146204842092996,19.0
09_LTAN06_800km_1213COLD_MX_ALL_HEAT_MX_0p5,16637.5,741.4682570511808,-701.2190724466225,1020.5309224993712,57.70037250664592,-63.091999154795275,85.49814819488425,799.1686295578268,-764.3110716014178,1105.8218268065802,0.0,nan,nan,nan,nan,741.4682570511808,-701.2190724466225,1020.5309224993712,1020.5309224993712,nan,1.0,4.4,-5.937220934267771,3.0884132803251987,6.692450150161487,114.06277906573223,3.0884132803251987,114.10458301395317,114.10458301395317,43.0,1.0,0.1,0.6856542879527296,3.0884132803251987,3.1636084449054405,0.6856542879527296,3.0884132803251987,3.1636084449054405,3.1636084449054405,0.0,1.0,0.1,0.0,0.0,0.0,0.0,0.0,0.0,0.0,0.0,1.0,160.4,-0.8313704421732382,-4.31107160141778,4.390502837337676,799.1686295578268,-764.3110716014178,1105.8218268065802,1020.5309224993712,1603.0,0.0,nan,nan,nan,nan,58.386026794598706,-60.003585874470104,83.72191136527226,3.1636084449054405,nan
09_LTAN06_800km_1213COLD_MX_ALL_HEAT_MX_0p5,16698.0,744.1416438343789,-699.9568739302053,1021.6097158165035,-15.41841406173072,-63.211513442022735,65.06475946170858,728.7232297726482,-763.168387372228,1055.2078151220294,0.0,nan,nan,nan,nan,744.1416438343789,-699.9568739302053,1021.6097158165035,1021.6097158165035,nan,1.0,4.4,-3.263834151069659,4.350611796742328,5.438789973113699,116.73616584893034,4.350611796742328,116.81720866428424,116.81720866428424,43.0,1.0,0.1,0.8702907953050953,4.350611796742328,4.43680392561428,0.8702907953050953,4.350611796742328,4.43680392561428,4.43680392561428,0.0,1.0,0.1,0.0,0.0,0.0,0.0,0.0,0.0,0.0,0.0,1.0,144.5,8.72322977264821,-3.1683873722280396,9.280809027606928,728.7232297726482,-763.168387372228,1055.2078151220294,1021.6097158165035,1444.0,1.0,0.5,-14.548123266425591,-18.860901645280364,23.81977122996888,-14.548123266425591,-58.860901645280364,60.6321171745675,4.43680392561428,4.0
09_LTAN06_800km_1213COLD_MX_ALL_HEAT_MX_0p5,16758.5,746.6879561566963,-698.5819853833656,1022.5261337352846,-27.708825651504895,-116.94788800449099,120.18563777630197,718.9791305051914,-815.5298733878566,1087.2074155790212,1.0,145.0,-13.31204384330374,-18.581985383365577,22.858274039691906,746.6879561566963,-698.5819853833656,1022.5261337352846,1022.5261337352846,1449.0,1.0,4.4,-0.7175218287522966,5.725500343582098,5.770285240704723,119.2824781712477,5.725500343582098,119.41980971705885,119.41980971705885,43.0,1.0,0.1,1.0352080910714676,5.725500343582098,5.818333951929758,1.0352080910714676,5.725500343582098,5.818333951929758,5.818333951929758,0.0,1.0,0.1,0.0,0.0,0.0,0.0,0.0,0.0,0.0,0.0,1.0,159.9,-1.0208694948086077,-15.529873387856583,15.563391081903934,718.9791305051914,-815.5298733878566,1087.2074155790212,1022.5261337352846,1598.0,1.0,3.1,13.3263824395666,8.777612339091093,15.957410419643697,-26.6736175604334,-111.22238766090891,114.37613995389844,5.818333951929758,30.0
09_LTAN06_800km_1213COLD_MX_ALL_HEAT_MX_0p5,16819.0,749.1129419683546,-697.0982776658683,1023.2869629528187,37.74060945895299,-135.39586480516712,140.55743953513206,786.8535514273076,-832.4941424710354,1145.5064419907692,1.0,145.0,-10.887058031645438,-17.098277665868295,20.270153717314184,749.1129419683546,-697.0982776658683,1023.2869629528187,1023.2869629528187,1449.0,1.0,4.4,1.707463982906006,7.20920806107938,7.4086513024202425,121.707463982906,7.20920806107938,121.92079178720213,121.92079178720213,43.0,1.0,0.1,1.188347055631084,7.20920806107938,7.306493659243055,1.188347055631084,7.20920806107938,7.306493659243055,7.306493659243055,0.0,1.0,0.1,0.0,0.0,0.0,0.0,0.0,0.0,0.0,0.0,1.0,176.5,-13.146448572692407,7.5058575289646114,15.138263021878071,786.8535514273076,-832.4941424710354,1145.5064419907692,1023.2869629528187,1764.0,1.0,3.5,-1.0710434854158848,-8.186656744087713,8.256420701076747,38.928956514584115,-128.1866567440877,133.9674685232984,7.306493659243055,34.0
09_LTAN06_800km_1213COLD_MX_ALL_HEAT_MX_0p5,16879.5,751.4434491431664,-695.5173999876795,1023.9197775928543,62.18146978014899,-52.16721158205752,81.16620693531722,813.6249189233154,-747.684611569737,1104.9967362264742,1.0,145.0,-8.55655085683361,-15.517399987679482,17.72016548859562,751.4434491431664,-695.5173999876795,1023.9197775928543,1023.9197775928543,1449.0,1.0,4.4,4.037971157717834,8.790085739268193,9.673201040723136,124.03797115771783,8.790085739268193,124.34904059230425,124.34904059230425,43.0,1.0,0.1,1.3332051178846314,8.790085739268193,8.890615456200983,1.3332051178846314,8.790085739268193,8.890615456200983,8.890615456200983,0.0,1.0,0.1,0.0,0.0,0.0,0.0,0.0,0.0,0.0,0.0,1.0,160.4,13.624918923315363,12.315388430263056,18.36592518375195,813.6249189233154,-747.684611569737,1104.9967362264742,1023.9197775928543,1603.0,1.0,0.7000000000000001,23.514674898033604,-3.377125842789269,23.75594482478537,63.514674898033604,-43.37712584278927,76.91351619698632,8.890615456200983,6.0
09_LTAN06_800km_1213COLD_MX_ALL_HEAT_MX_0p5,16940.0,753.6925306564982,-693.8480181034226,1024.440092437544,37.29213307380676,-68.40918615023097,77.913541434923,790.984663730305,-762.2572042536536,1098.4956912492373,1.0,145.0,-6.3074693435017934,-13.848018103422646,15.216825388757547,753.6925306564982,-693.8480181034226,1024.440092437544,1024.440092437544,1449.0,1.0,4.4,6.287052671049651,10.459467623525029,12.203585303349211,126.28705267104965,10.459467623525029,126.71945444685295,126.71945444685295,43.0,1.0,0.1,1.4678837596005678,10.459467623525029,10.561966942727448,1.4678837596005678,10.459467623525029,10.561966942727448,10.561966942727448,0.0,1.0,0.1,0.0,0.0,0.0,0.0,0.0,0.0,0.0,0.0,1.0,160.4,-9.015336269695013,-2.25720425365364,9.293613887955022,790.984663730305,-762.2572042536536,1098.4956912492373,1024.440092437544,1603.0,1.0,0.7000000000000001,-1.2399831665926513,-17.949718526705965,17.992497143015044,38.76001683340735,-57.949718526705965,69.71734921990702,10.561966942727448,6.0
09_LTAN06_800km_1213COLD_MX_ALL_HEAT_MX_0p5,17000.5,755.8642319800592,-692.0955743903232,1024.8546342176905,45.70131995268001,-54.84829209313081,71.39289734245713,801.5655519327393,-746.943866483454,1095.64249357283,1.0,145.0,-4.13576801994077,-12.095574390323236,12.783094185157525,755.8642319800592,-692.0955743903232,1024.8546342176905,1024.8546342176905,1449.0,1.0,4.4,8.458753994610674,12.21191133662444,14.855345759520999,128.45875399461067,12.21191133662444,129.03791015179021,129.03791015179021,43.0,1.0,0.1,1.5901089954146528,12.21191133662444,12.315000004501627,1.5901089954146528,12.21191133662444,12.315000004501627,12.315000004501627,0.0,1.0,0.1,0.0,0.0,0.0,0.0,0.0,0.0,0.0,0.0,1.0,160.4,1.565551932739254,13.05613351654597,13.149660651742257,801.5655519327393,-746.943866483454,1095.64249357283,1024.8546342176905,1603.0,1.0,0.7000000000000001,7.291428948094676,-2.6363807565063553,7.753414705688717,47.291428948094676,-42.636380756506355,63.67370113293614,12.315000004501627,6.0
09_LTAN06_800km_1213COLD_MX_ALL_HEAT_MX_0p5,17061.0,757.9919938077486,-690.3282950732122,1025.234128214299,41.32278206218925,-27.262128508218133,49.50551452270534,799.3147758699379,-717.5904235814303,1074.1695056832443,1.0,145.0,-2.0080061922514005,-10.328295073212189,10.521680853716251,757.9919938077486,-690.3282950732122,1025.234128214299,1025.234128214299,1449.0,1.0,4.4,10.586515822300044,13.979190653735486,17.535452334892724,130.58651582230004,13.979190653735486,131.33261546904984,131.33261546904984,43.0,1.0,0.1,1.7027987141019594,13.979190653735486,14.082517345781358,1.7027987141019594,13.979190653735486,14.082517345781358,14.082517345781358,0.0,1.0,0.1,0.0,0.0,0.0,0.0,0.0,0.0,0.0,0.0,1.0,160.60000000000002,-0.6852241300621245,2.4095764185697135,2.505112896726741,799.3147758699379,-717.5904235814303,1074.1695056832443,1025.234128214299,1605.0,1.0,0.8,3.0255807762912355,-13.282937854482611,13.623163255276294,43.025580776291235,-13.282937854482611,45.029290902513765,14.082517345781358,7.0
09_LTAN06_800km_1213COLD_MX_ALL_HEAT_MX_0p5,17121.5,760.081360448285,-688.5505093082505,1025.5854320189844,91.9525022399538,-87.61299453253584,127.00905274486092,852.0338626882387,-776.1635038407863,1152.5586700302274,1.0,145.0,0.08136044828495415,-8.550509308250525,8.550896383012953,760.081360448285,-688.5505093082505,1025.5854320189844,1025.5854320189844,1449.0,1.0,4.4,12.675882462836398,15.75697641869715,20.222766924212458,132.6758824628364,15.75697641869715,133.60827853524555,133.60827853524555,43.0,1.0,0.1,1.799558568032694,15.75697641869715,15.859404682999863,1.799558568032694,15.75697641869715,15.859404682999863,15.859404682999863,0.0,1.0,0.1,0.0,0.0,0.0,0.0,0.0,0.0,0.0,0.0,1.0,177.0,12.033862688238742,-16.163503840786348,20.15124580790229,852.0338626882387,-776.1635038407863,1152.5586700302274,1025.5854320189844,1769.0,1.0,1.9000000000000001,13.752060807986481,8.143981886161328,15.982603587297085,93.75206080798648,-71.85601811383867,118.12170099063384,15.859404682999863,18.0
09_LTAN06_800km_1213COLD_MX_ALL_HEAT_MX_0p5,17182.0,762.1408884626846,-686.7747899058032,1025.9231676479728,52.17048400496844,-124.33250864267598,134.83446186599983,814.3113724676531,-811.1072985484792,1149.3467975718925,1.0,145.0,2.140888462684643,-6.774789905803232,7.105011025848558,762.1408884626846,-686.7747899058032,1025.9231676479728,1025.9231676479728,1449.0,1.0,4.4,14.735410477236087,17.532695821144443,22.90257070045664,134.7354104772361,17.532695821144443,135.8713592308036,135.8713592308036,43.0,1.0,0.1,1.8853698950422313,17.532695821144443,17.633775613801696,1.8853698950422313,17.532695821144443,17.633775613801696,17.633775613801696,0.0,1.0,0.1,0.0,0.0,0.0,0.0,0.0,0.0,0.0,0.0,1.0,160.3,14.311372467653086,-11.107298548479207,18.11594499199385,814.3113724676531,-811.1072985484792,1149.3467975718925,1025.9231676479728,1602.0,1.0,3.5,14.055853900010675,13.200187178468468,19.28242646569795,54.055853900010675,-106.79981282153153,119.70060718130661,17.633775613801696,34.0
09_LTAN06_800km_1213COLD_MX_ALL_HEAT_MX_0p5,17242.5,764.1999800579474,-685.062502219457,1026.3100123587174,117.45171537708961,-38.07108751575671,123.46786282127538,881.651695435037,-723.1335897352137,1140.277115734071,1.0,145.0,4.199980057947414,-5.062502219456974,6.577899452649207,764.1999800579474,-685.062502219457,1026.3100123587174,1026.3100123587174,1449.0,0.0,nan,nan,nan,nan,136.79450207249886,19.2449835074907,138.14161280174227,138.14161280174227,nan,1.0,0.1,1.9645192981400896,19.2449835074907,19.344992279046117,1.9645192981400896,19.2449835074907,19.344992279046117,19.344992279046117,0.0,1.0,0.1,0.0,0.0,0.0,0.0,0.0,0.0,0.0,0.0,1.0,194.60000000000002,1.651695435037027,-3.133589735213718,3.5422425719816157,881.651695435037,-723.1335897352137,1140.277115734071,1026.3100123587174,1945.0,1.0,4.2,-0.5837653247702974,21.173895991733957,21.18194168208315,119.4162346752297,-18.826104008266043,120.89110511588346,19.344992279046117,41.0
09_LTAN06_800km_1213COLD_MX_ALL_HEAT_MX_0p5,17303.0,766.2579439895903,-683.4108595867493,1026.743219957285,56.09218798007821,-147.00196087619184,157.34010948845136,822.3501319696685,-830.4128204629412,1168.6937973394693,1.0,145.0,6.257943989590331,-3.410859586749325,7.127119060137099,766.2579439895903,-683.4108595867493,1026.743219957285,1026.743219957285,1449.0,0.0,nan,nan,nan,nan,138.85246600414177,20.89662614019835,140.4160827664501,140.4160827664501,nan,1.0,0.1,2.0333330359223964,20.89662614019835,20.995319175430375,2.0333330359223964,20.89662614019835,20.995319175430375,20.995319175430375,0.0,1.0,0.1,0.0,0.0,0.0,0.0,0.0,0.0,0.0,0.0,1.0,176.5,22.350131969668496,9.587179537058773,24.319589028957626,822.3501319696685,-830.4128204629412,1168.6937973394693,1026.743219957285,1764.0,1.0,3.5,18.12552101600056,-6.1053347359935515,19.12615027495098,58.12552101600056,-126.10533473599355,138.8565145834307,20.995319175430375,34.0
09_LTAN06_800km_1213COLD_MX_ALL_HEAT_MX_0p5,17363.5,768.3246101812265,-681.8513449654043,1027.2506817915794,22.142936207953966,-106.09819600074984,108.38420926741611,790.4675463891805,-787.9495409661541,1116.110846199115,1.0,145.0,8.32461018122649,-1.851344965404337,8.527989965420206,768.3246101812265,-681.8513449654043,1027.2506817915794,1027.2506817915794,1449.0,0.0,nan,nan,nan,nan,140.91913219577793,22.456140761543338,142.69716211863985,142.69716211863985,nan,1.0,0.1,2.0962382236606345,22.456140761543338,22.553768478739514,2.0962382236606345,22.456140761543338,22.553768478739514,22.553768478739514,0.0,1.0,0.1,0.0,0.0,0.0,0.0,0.0,0.0,0.0,0.0,1.0,160.3,-9.532453610819516,12.050459033845868,15.36493523477478,790.4675463891805,-787.9495409661541,1116.110846199115,1027.2506817915794,1602.0,1.0,1.5,24.23917443161463,-3.6420552392064565,24.511265644427084,24.23917443161463,-83.64205523920646,87.08347134654603,22.553768478739514,14.0
09_LTAN06_800km_1213COLD_MX_ALL_HEAT_MX_0p5,17424.0,770.4154111098758,-680.4345479069641,1027.8769769096657,64.93158695079879,-107.85764522779091,125.89433115924304,835.3469980606745,-788.292193134755,1148.5683214011183,1.0,145.0,10.415411109875777,-0.43454790696409873,10.42447219149107,770.4154111098758,-680.4345479069641,1027.8769769096657,1027.8769769096657,1449.0,1.0,7.6000000000000005,-16.99006687557278,-16.127062180016424,23.42529630537363,143.00993312442722,23.872937819983576,144.98882071528809,144.98882071528809,75.0,1.0,0.1,2.1600906376637568,23.872937819983576,23.97046415319747,2.1600906376637568,23.872937819983576,23.97046415319747,23.97046415319747,0.0,1.0,0.1,0.0,0.0,0.0,0.0,0.0,0.0,0.0,0.0,1.0,176.8,-4.653001939325463,11.707806865244947,12.598538353366363,835.3469980606745,-788.292193134755,1148.5683214011183,1027.8769769096657,1767.0,1.0,1.9000000000000001,-12.908322411537483,-3.9847074078073774,13.50935529942254,67.09167758846252,-83.98470740780738,107.49290339370883,23.97046415319747,18.0
09_LTAN06_800km_1213COLD_MX_ALL_HEAT_MX_0p5,17484.5,772.5298665157292,-679.1559209831522,1028.618082509385,45.688572488123384,-202.75762567942337,207.84152719598572,818.2184390038526,-881.9135466625755,1203.0182532750132,1.0,145.0,12.529866515729168,0.8440790168477861,12.558265178306824,772.5298665157292,-679.1559209831522,1028.618082509385,1028.618082509385,1449.0,1.0,7.6000000000000005,-14.875611469719388,-14.848435256204539,21.01808378886489,145.1243885302806,25.15156474379546,147.28777734540355,147.28777734540355,75.0,1.0,0.4,2.2147948146407543,-14.848435256204539,15.012706139422617,2.2147948146407543,25.15156474379546,25.248891562448726,25.248891562448726,3.0,1.0,0.1,0.0,0.0,0.0,0.0,0.0,0.0,0.0,0.0,1.0,193.5,18.21843900385261,-1.913546662575527,18.318656625608547,818.2184390038526,-881.9135466625755,1203.0182532750132,1028.618082509385,1934.0,1.0,6.1000000000000005,7.903367302764195,-17.606060935627852,19.298616437233093,47.903367302764195,-177.60606093562785,183.95283493334236,25.248891562448726,60.0
09_LTAN06_800km_1213COLD_MX_ALL_HEAT_MX_0p5,17545.0,774.6735493784537,-678.0587420735757,1029.5060785682674,-56.97888094412268,-80.82015160051218,98.88624665935237,717.694668434331,-758.8788936740879,1044.501226597208,1.0,145.0,14.673549378453686,1.9412579264243277,14.801403098991118,774.6735493784537,-678.0587420735757,1029.5060785682674,1029.5060785682674,1449.0,1.0,7.6000000000000005,-12.73192860699487,-13.751256346627997,18.740305684921232,147.26807139300513,26.248743653372003,149.5890416948905,149.5890416948905,75.0,1.0,0.4,2.2731350116004023,-13.751256346627997,13.937869058490984,2.2731350116004023,26.248743653372003,26.34698628233219,26.34698628233219,3.0,1.0,0.1,0.0,0.0,0.0,0.0,0.0,0.0,0.0,0.0,1.0,144.5,-2.3053315656690074,1.1211063259121374,2.563480645854407,717.694668434331,-758.8788936740879,1044.501226597208,1029.5060785682674,1444.0,1.0,0.30000000000000004,-14.70574593252229,-14.571407947140187,20.702291974413754,-54.70574593252229,-54.57140794714019,77.27067492501197,26.34698628233219,2.0
09_LTAN06_800km_1213COLD_MX_ALL_HEAT_MX_0p5,17605.5,776.8490934529693,-677.1670947783132,1030.5579984887806,-11.998150824814815,-108.40055074222502,109.06252804897154,764.8509426281545,-785.5676455205382,1096.4093624772904,1.0,145.0,16.849093452969328,2.832905221686815,17.085587557410904,776.8490934529693,-677.1670947783132,1030.5579984887806,1030.5579984887806,1449.0,1.0,7.6000000000000005,-10.556384532479228,-12.85960905136551,16.63751181371567,149.44361546752077,27.14039094863449,151.88810033985195,151.88810033985195,75.0,1.0,0.4,2.328011358327558,-12.85960905136551,13.068633510756351,2.328011358327558,27.14039094863449,27.240052454597496,27.240052454597496,3.0,1.0,0.1,0.0,0.0,0.0,0.0,0.0,0.0,0.0,0.0,1.0,160.10000000000002,4.850942628154485,14.432354479461765,15.22578405871062,764.8509426281545,-785.5676455205382,1096.4093624772904,1030.5579984887806,1600.0,1.0,1.5,-9.670139466487285,-1.2601597935905602,9.751902378853943,-9.670139466487285,-81.26015979359056,81.83352104719182,27.240052454597496,14.0
09_LTAN06_800km_1213COLD_MX_ALL_HEAT_MX_0p5,17666.0,779.055356581807,-676.4730335573809,1031.7669377088664,-59.70962903228143,-87.11036397170602,105.6099205115493,719.3457275495256,-763.5833975290868,1049.0557090668824,1.0,145.0,19.05535658180702,3.526966442619141,19.37901201679739,779.055356581807,-676.4730335573809,1031.7669377088664,1031.7669377088664,1449.0,1.0,7.6000000000000005,-8.350121403641538,-12.165547830433184,14.755510207041642,151.64987859635846,27.834452169566816,154.18314566083467,154.18314566083467,75.0,1.0,0.4,2.3854252455271308,-12.165547830433184,12.397209670589415,2.3854252455271308,27.834452169566816,27.936481188258142,27.936481188258142,3.0,1.0,0.1,0.0,0.0,0.0,0.0,0.0,0.0,0.0,0.0,1.0,144.5,-0.6542724504744228,-3.583397529086824,3.642637820442126,719.3457275495256,-763.5833975290868,1049.0557090668824,1031.7669377088664,1444.0,0.0,nan,nan,nan,nan,-57.32420378675431,-59.27591180213915,82.46028171041084,27.936481188258142,nan
09_LTAN06_800km_1213COLD_MX_ALL_HEAT_MX_0p5,17726.5,781.2894876568449,-676.0290387096137,1033.1643260884202,16.22383451225111,-76.65618983143021,78.3542228967474,797.513322169096,-752.6852285410439,1096.6141309964376,1.0,145.0,21.289487656844926,3.970961290386299,21.656657596699887,781.2894876568449,-676.0290387096137,1033.1643260884202,1033.1643260884202,1449.0,1.0,7.6000000000000005,-6.11599032860363,-11.721552982666026,13.221200475940902,153.88400967139637,28.278447017333974,156.46072669605806,156.46072669605806,75.0,1.0,0.4,2.4347087338542224,-11.721552982666026,11.97174218500185,2.4347087338542224,28.278447017333974,28.38306488614066,28.38306488614066,3.0,1.0,0.1,0.0,0.0,0.0,0.0,0.0,0.0,0.0,0.0,1.0,160.4,-2.486677830904,7.314771458956102,7.725894649260253,797.513322169096,-752.6852285410439,1096.6141309964376,1033.1643260884202,1603.0,1.0,0.5,18.658543246105296,-8.377742814096223,20.453063602451405,18.658543246105296,-48.37774281409622,51.8512028390241,28.38306488614066,4.0
09_LTAN06_800km_1213COLD_MX_ALL_HEAT_MX_0p5,17787.0,783.550788206234,-675.8374676133704,1034.7502695475193,-16.31164657126353,-117.09356460558477,118.22424745333788,767.2391416349705,-792.9310322189552,1103.3564801606885,1.0,145.0,23.55078820623396,4.16253238662955,23.915816962935395,783.550788206234,-675.8374676133704,1034.7502695475193,1034.7502695475193,1449.0,1.0,7.6000000000000005,-3.8546897792145955,-11.529981886422775,12.157265958891363,156.1453102207854,28.470018113577225,158.71956349276144,158.71956349276144,75.0,1.0,0.4,2.477063993929278,-11.529981886422775,11.793062720568315,2.477063993929278,28.470018113577225,28.577574729452394,28.577574729452394,3.0,1.0,0.1,0.0,0.0,0.0,0.0,0.0,0.0,0.0,0.0,1.0,160.10000000000002,7.239141634970451,7.068967781044762,10.118076749096716,767.2391416349705,-792.9310322189552,1103.3564801606885,1034.7502695475193,1600.0,1.0,1.5,-13.834582577334231,-8.623546492007563,16.30218479802311,-13.834582577334231,-88.62354649200756,89.69687100401053,28.577574729452394,14.0
09_LTAN06_800km_1213COLD_MX_ALL_HEAT_MX_0p5,17847.5,785.8381666111599,-675.8897785404822,1036.5175429476778,81.26178194616476,-43.22758560098005,92.04401861042405,867.0999485573246,-719.1173641414623,1126.4954967499336,1.0,160.8,-14.161833388840137,4.110221459517788,14.746234956067527,785.8381666111599,-675.8897785404822,1036.5175429476778,1036.5175429476778,1607.0,1.0,7.6000000000000005,-1.5673113742886926,-11.582292813534536,11.687855738433312,158.4326886257113,28.417707186465464,160.9611223460724,160.9611223460724,75.0,1.0,0.4,2.5253294344456663,-11.582292813534536,11.85439984018303,2.5253294344456663,28.417707186465464,28.52969278643162,28.52969278643162,3.0,1.0,0.1,0.0,0.0,0.0,0.0,0.0,0.0,0.0,0.0,1.0,194.60000000000002,-12.900051442675363,0.8826358585376965,12.930211648787783,867.0999485573246,-719.1173641414623,1126.4954967499336,1036.5175429476778,1945.0,1.0,2.2,3.7871113806104404,-14.809878414514628,15.286422448102611,83.78711138061044,-14.809878414514628,85.08591265397301,28.52969278643162,21.0
09_LTAN06_800km_1213COLD_MX_ALL_HEAT_MX_0p5,17908.0,788.142075775279,-676.1990621723943,1038.466707839106,68.87741420118095,-96.00917509460332,118.16031435887112,857.0194899764599,-772.2082372669976,1153.5978362941373,1.0,160.8,-11.857924224721046,3.8009378276057078,12.452208450252918,788.142075775279,-676.1990621723943,1038.466707839106,1038.466707839106,1607.0,1.0,7.6000000000000005,0.7365977898303981,-11.891576445446617,11.9143680764816,160.7365977898304,28.108423554553383,163.17578663445101,163.17578663445101,75.0,1.0,0.4,2.5939321804213478,-11.891576445446617,12.171198565241069,2.5939321804213478,28.108423554553383,28.227857851399154,28.227857851399154,3.0,1.0,0.1,0.0,0.0,0.0,0.0,0.0,0.0,0.0,0.0,1.0,177.0,17.01948997645991,-12.208237266997571,20.945264291150103,857.0194899764599,-772.2082372669976,1153.5978362941373,1038.466707839106,1769.0,1.0,1.9000000000000001,-8.528653618397698,12.099248459950104,14.803031643491583,71.4713463816023,-67.9007515400499,98.58329175525925,28.227857851399154,18.0
09_LTAN06_800km_1213COLD_MX_ALL_HEAT_MX_0p5,17968.5,790.461846474512,-676.754826381162,1040.589749018359,26.470181070677725,-157.82606778817362,160.0304288546139,816.9320275451897,-834.5808941693357,1167.862665959308,1.0,160.8,-9.538153525488042,3.2451736188379527,10.075094267161067,790.461846474512,-676.754826381162,1040.589749018359,1040.589749018359,1607.0,1.0,7.6000000000000005,3.056368489063402,-12.447340654214372,12.8170853825274,163.0563684890634,27.552659345785628,165.36785764430203,165.36785764430203,75.0,1.0,0.4,2.6705404459161173,-12.447340654214372,12.730596043993058,2.6705404459161173,27.552659345785628,27.68177782040348,27.68177782040348,3.0,1.0,0.1,0.0,0.0,0.0,0.0,0.0,0.0,0.0,0.0,1.0,176.5,16.932027545189726,5.419105830664307,17.778083833613888,816.9320275451897,-834.5808941693357,1167.862665959308,1040.589749018359,1764.0,1.0,3.5,-10.859278483406115,-10.273408442388018,14.948807651592029,29.140721516593885,-130.27340844238802,133.49285598002965,27.68177782040348,34.0
09_LTAN06_800km_1213COLD_MX_ALL_HEAT_MX_0p5,18029.0,792.7894901235178,-677.5445924164345,1042.8719242376121,72.77283545425992,-93.12391905565802,118.18608158466688,865.5623255777778,-770.6685114720925,1158.9340335127888,1.0,160.8,-7.210509876482206,2.4554075835654885,7.617117504691545,792.7894901235178,-677.5445924164345,1042.8719242376121,1042.8719242376121,1607.0,1.0,7.6000000000000005,5.384012138069238,-13.237106689486836,14.29015675952276,165.38401213806924,26.762893310513164,167.53544081547327,167.53544081547327,75.0,1.0,0.4,2.7511558873884496,-13.237106689486836,13.519979742054693,2.7511558873884496,26.762893310513164,26.903927539796534,26.903927539796534,3.0,1.0,0.1,0.0,0.0,0.0,0.0,0.0,0.0,0.0,0.0,1.0,194.4,-14.437674422222244,-10.668511472092518,17.951701305231772,865.5623255777778,-770.6685114720925,1158.9340335127888,1042.8719242376121,1943.0,1.0,1.9000000000000001,-4.476008658351589,13.638974254855157,14.354660296720372,75.52399134164841,-66.36102574514484,100.53685396968199,26.903927539796534,18.0
09_LTAN06_800km_1213COLD_MX_ALL_HEAT_MX_0p5,18089.5,795.1057116640026,-678.5529343517763,1045.2880834670057,24.03554672999395,-140.33524564768786,142.37868055859562,819.1412583939965,-818.8881799994642,1158.2617374955173,1.0,160.8,-4.89428833599743,1.4470656482236564,5.1037297446229895,795.1057116640026,-678.5529343517763,1045.2880834670057,1045.2880834670057,1607.0,1.0,7.6000000000000005,7.700233678554014,-14.245448624828668,16.19340622682487,167.700233678554,25.75455137517133,169.66633517695243,169.66633517695243,75.0,1.0,0.4,2.8253797520948183,-14.245448624828668,14.522932805262867,2.8253797520948183,25.75455137517133,25.909065735373147,25.909065735373147,3.0,1.0,0.1,0.0,0.0,0.0,0.0,0.0,0.0,0.0,0.0,0.0,nan,nan,nan,nan,819.1412583939965,-818.8881799994642,1158.2617374955173,1045.2880834670057,nan,1.0,3.5,-13.139073517911243,5.419305727483447,14.212815606944721,26.860926482088757,-114.58069427251655,117.68706331389225,25.909065735373147,34.0
09_LTAN06_800km_1213COLD_MX_ALL_HEAT_MX_0p5,18150.0,797.4103945174511,-679.7697242316693,1047.8311959788546,16.693205998418257,-19.81501809063026,25.90942045738638,814.1036005158694,-699.5847423222996,1073.398101387859,1.0,160.8,-2.5896054825489045,0.23027576833067087,2.5998237410885428,797.4103945174511,-679.7697242316693,1047.8311959788546,1047.8311959788546,1607.0,1.0,7.6000000000000005,10.00491653200254,-15.462238504721654,18.416817705272393,170.00491653200254,24.537761495278346,171.76662476817876,171.76662476817876,75.0,1.0,0.1,2.897438028614829,24.537761495278346,24.70823519251887,2.897438028614829,24.537761495278346,24.70823519251887,24.70823519251887,0.0,1.0,0.1,0.0,0.0,0.0,0.0,0.0,0.0,0.0,0.0,1.0,160.60000000000002,14.103600515869402,20.415257677700424,24.813187895918126,814.1036005158694,-699.5847423222996,1073.398101387859,1047.8311959788546,1605.0,1.0,0.1,19.590644027033136,4.722743404648099,20.151864396627825,19.590644027033136,4.722743404648099,20.151864396627825,24.70823519251887,0.0
