case_index,time_s,time_min,rel_dx_um,rel_dy_um,rel_dz_um,rel_axial_um,rel_transverse_um,stt_rx_urad,stt_ry_urad,stt_rz_urad,lct_rx_urad,lct_ry_urad,lct_rz_urad,rel_rx_urad,rel_ry_urad,rel_rz_urad,centerline_angle_x_urad,centerline_angle_y_urad,centerline_angle_z_urad,centerline_angle_magnitude_urad,stt_rotation_angle_x_urad,stt_rotation_angle_y_urad,stt_rotation_angle_z_urad,stt_rotation_angle_magnitude_urad,lct_rotation_angle_x_urad,lct_rotation_angle_y_urad,lct_rotation_angle_z_urad,lct_rotation_angle_magnitude_urad,relative_rotation_angle_x_urad,relative_rotation_angle_y_urad,relative_rotation_angle_z_urad,relative_rotation_angle_magnitude_urad,far_field_los_angle_x_urad,far_field_los_angle_y_urad,far_field_los_angle_z_urad,far_field_los_angle_magnitude_urad,global_los_angle_x_urad,global_los_angle_y_urad,global_los_angle_z_urad,global_los_angle_magnitude_urad,stt_relative_los_angle_x_urad,stt_relative_los_angle_y_urad,stt_relative_los_angle_z_urad,stt_relative_los_angle_magnitude_urad
1.0,0.0,0.0,-230.68548398441632,-305.7032041624552,-125.19445385805736,125.19445385805736,382.9755103871737,-52.45796637609601,-82.43460615631193,-16.28765858185943,-626.0888185352087,567.1497783623636,-14.35606282029767,-573.6308521591127,649.5843845186755,1.9315957615617594,-256.28153119809076,-339.6229528694972,0.09051199079124217,425.469121498887,82.43417881277503,-52.458637623661055,0.004773651252065747,97.7102988321454,-567.154204970453,-626.084673027386,0.3568230186878907,844.7756566186524,-649.5837491992121,-573.6314077253109,0.3755060900001439,866.6095078826604,-649.5837491992121,-573.6314077253109,0.3755060900001439,866.6095078826604,-823.435441391961,-965.707280189281,0.8053185628353887,1269.1085363951156,-905.8649531131151,-913.254030640986,0.827312461204599,1286.3219805945296
2.0,0.0,0.0,-230.68548398441632,-305.7032041624552,-125.19445385805736,125.19445385805736,382.9755103871737,-52.45796637609601,-82.43460615631193,-16.28765858185943,-626.0888185352087,567.1497783623636,-14.35606282029767,-573.6308521591127,649.5843845186755,1.9315957615617594,-256.28153119809076,-339.6229528694972,0.09051199079124217,425.469121498887,82.43417881277503,-52.458637623661055,0.004773651252065747,97.7102988321454,-567.154204970453,-626.084673027386,0.3568230186878907,844.7756566186524,-649.5837491992121,-573.6314077253109,0.3755060900001439,866.6095078826604,-649.5837491992121,-573.6314077253109,0.3755060900001439,866.6095078826604,-823.435441391961,-965.707280189281,0.8053185628353887,1269.1085363951156,-905.8649531131151,-913.254030640986,0.827312461204599,1286.3219805945296
3.0,60.5,1.0083333333333333,-233.2774993192288,-306.190621188307,-125.96014789778562,125.96014789778562,384.92997829776016,-52.83773134578951,-83.40361091541126,-16.27999154152349,-626.7731660045683,573.4359147027135,-14.34690148016671,-573.9354346587788,656.8395256181248,1.9330900613567792,-259.1609267112633,-340.16416229183255,0.09143802570665827,427.6400861022561,83.40318067731906,-52.838410162644834,0.004873993986187486,98.73190029372176,-573.4403418369685,-626.7689770814485,0.3608366532237284,849.5134938762448,-656.838887591676,-573.9359967445198,0.3804199986134904,872.2613442150214,-656.838887591676,-573.9359967445198,0.3804199986134904,872.2613442150214,-832.6009672985131,-966.9327895199391,0.8140920264576579,1276.00289584124,-915.9994795423187,-914.0998249699783,0.8373171188624795,1294.076325620689
4.0,121.0,2.0166666666666666,-235.81973528052913,-306.7515820021072,-126.72097545873837,126.72097545873837,386.9205094183744,-53.22456127032638,-84.34071787633002,-16.2718952196883,-627.6193889789283,579.6116311103106,-14.33729721611599,-574.394827708602,663.9523489866406,1.9345980035723103,-261.98501610810183,-340.7870764353419,0.09238599429917116,429.85111391097956,84.34028470055517,-53.22524737140786,0.004973105260930311,99.73069026692967,-579.6160597675627,-627.6151575802999,0.3649278479400664,854.315844851902,-663.9517080831665,-574.3953961616852,0.38538104518703875,877.9304880218557,-663.9517080831665,-574.3953961616852,0.38538104518703875,877.9304880218557,-841.600768073797,-968.4018798383187,0.8230473655945758,1283.0019694828197,-925.9363818800937,-915.1821342616106,0.8474586201678846,1301.8895967634257
5.0,181.5,3.025,-238.30639929656172,-307.3821270049848,-127.47347125241501,127.47347125241501,388.9392136925781,-53.61447983887047,-85.24484292138368,-16.26324228709564,-628.6213174462318,585.6577190570533,-14.32696353731444,-575.0068376073614,670.902561978437,1.9362787497812002,-264.7473653160351,-341.48729748770427,0.09335237527441365,432.0934410370493,85.24440680090675,-53.61517292465577,0.005070597830503232,100.70350370557729,-585.6621501026009,-628.6170447394376,0.3690798395794559,859.1621168322922,-670.9019179908714,-575.0074123120452,0.39037153010124115,883.5965752410002,-670.9019179908714,-575.0074123120452,0.39037153010124115,883.5965752410002,-850.4092010077162,-970.1039835630007,0.8321491202778475,1290.0765667522935,-935.6489333955299,-916.494367051744,0.8577007936105829,1309.7331222053483
6.0,242.0,4.033333333333333,-240.73916301858844,-308.0647989008866,-128.22486439745268,128.22486439745268,390.9722048083907,-54.00193185778335,-86.1154476297088,-16.25285221962258,-629.737158305943,591.5783112868667,-14.31437067367369,-575.7352264481597,677.6937589165755,1.938481545948889,-267.4498295459707,-342.2454282969907,0.09433067671427153,434.3516369421893,86.11500863491891,-54.002631573232094,0.005166039485082763,101.6468343286027,-591.5827448064086,-629.7328458957448,0.3732668701905695,864.0217596522892,-677.6931115768883,-575.7358074200475,0.39536991480737527,889.2354431894732,-677.6931115768883,-575.7358074200475,0.39536991480737527,889.2354431894732,-859.0322532960695,-971.977910923906,0.8413390897299422,1297.1805855496464,-945.1425835831501,-917.9808884523765,0.8679920840970468,1317.5672335277793
7.0,302.5,5.041666666666667,-243.11866945936347,-308.7913457875402,-128.97710894321784,128.97710894321784,393.0124459517426,-54.38431253423914,-86.95296128280461,-16.24077049200423,-630.9486925601959,597.3730585537851,-14.2994967973209,-576.5643800259568,684.3260198365897,1.9412736946833302,-270.09312272862473,-343.052300511507,0.09531759237457749,436.61788308718786,86.95251950497772,-54.38501852805223,0.005259235380528082,102.55959676480848,-597.3774944930038,-630.9443420826906,0.37747538805810166,868.8789522901899,-684.325368875001,-576.5649673123405,0.4003642661842832,894.8342706992096,-684.325368875001,-576.5649673123405,0.4003642661842832,894.8342706992096,-867.4702894961887,-973.9962746238343,0.8505870848773966,1304.2903994662036,-954.4181264208414,-919.6169159568235,0.8783050018390526,1325.371356320412
8.0,363.0,6.05,-245.44468487874832,-309.55945601363055,-129.72894182894373,129.72894182894373,395.0571479453104,-54.76079240906984,-87.75848255027086,-16.227932064794,-632.252253126353,603.0387594364583,-14.28336872777436,-577.4914607172832,690.7972419867292,1.9445633370196413,-272.6769857141187,-343.90534635858256,0.09631181752123297,438.8890814228059,87.75803806270648,-54.76150437834714,0.005350147769256353,103.44223318546044,-603.0431980352023,-632.2478659492333,0.3816993041638739,873.7267666117846,-690.7965871640745,-577.4920543379187,0.40534858092300396,900.3871376585532,-690.7965871640745,-577.4920543379187,0.40534858092300396,900.3871376585532,-875.7198493387192,-976.1528395449296,0.8598801800596689,1311.3960579006855,-963.4732000459553,-921.3970441463432,0.8886269549090997,1333.1365722117189
9.0,423.5,7.058333333333334,-247.73548193479655,-310.3407577214057,-130.4884251567273,130.4884251567273,397.09476817576194,-55.12768620974384,-88.53281906340271,-16.21165392862167,-633.5997022688389,608.6013745516539,-14.264093806559691,-578.472016059095,697.1341936150566,1.947560122061978,-275.2217161998935,-344.7730429238271,0.0973077267651945,441.15240472536226,88.53237204353927,-55.128403739107576,0.005438560823911587,104.2934408219314,-608.6058151026139,-633.595280167376,0.38592208306820197,878.5465367452613,-697.1335349624075,-578.472615795872,0.4103129505050873,905.8839510637666,-697.1335349624075,-578.472615795872,0.4103129505050873,905.8839510637666,-883.8271901911066,-978.36794549198,0.8691775471580954,1318.466662031052,-972.3548706720462,-923.245297446414,0.898928340875571,1340.8414797344872
10.0,484.0,8.066666666666666,-249.99051856866572,-311.1325347049388,-131.2553333718824,131.2553333718824,399.1224292446496,-55.48441549763083,-89.27732415031642,-16.19278373254929,-634.9846953526139,614.0607292763889,-14.24241872882703,-579.5002798549831,703.3380534267053,1.950365003722261,-277.72671209050407,-345.6523726688972,0.09830384961606597,443.40465642597843,89.27687475844498,-55.48513821722653,0.005524480428675815,105.11403773816227,-614.065171258141,-634.9802398991834,0.3901380458692927,883.3322928630621,-703.3373909534758,-579.500885524555,0.4152524670786306,911.3203398569494,-703.3373909534758,-579.500885524555,0.4152524670786306,911.3203398569494,-891.7915355279283,-980.6322300972995,0.8784662425265211,1325.4930077314114,-981.0637148945586,-925.152892164667,0.9091973566244249,1348.4783596941256
11.0,544.5,9.075,-252.20811949111527,-311.9313126376255,-132.0297849360941,132.0297849360941,401.1359860958336,-55.83033998846076,-89.99271813081577,-16.17171983525623,-636.3973952829838,619.4172310642898,-14.21869728801539,-580.567055294523,709.4099491951056,1.9530225472408398,-280.1901122300886,-346.5394757011146,0.0992980585534653,445.64123149761747,89.99226652236236,-55.831067550177494,0.005607858066802862,105.90427818376547,-619.4216739938201,-636.3929079565338,0.3943396494898721,888.0760910590262,-709.409282909127,-580.5676667305145,0.4201602613607136,916.6898855832084,-709.409282909127,-580.5676667305145,0.4201602613607136,916.6898855832084,-899.6114316950909,-982.9319962929414,0.887728412668487,1332.4623962322232,-989.5989993401469,-927.1067716268917,0.9194169954263032,1356.0358201358317
12.0,605.0,10.083333333333334,-254.38450211368036,-312.7229929873465,-132.8150315202947,132.8150315202947,403.1217499200322,-56.16263297270052,-90.67671635420993,-16.1476964422036,-637.8007819876075,624.6763514354825,-14.19238105881959,-581.638149014907,715.3530677896924,1.9553153833840093,-282.60771338974047,-347.4186880026801,0.10028343722101596,447.84692076744403,90.67626272976665,-56.16336497381183,0.005688254089974976,106.66071529771054,-624.6807943911597,-637.796264421778,0.39850516420081306,892.75426058437,-715.3523978006582,-581.6387659829875,0.4250164438168724,921.972183492194,-715.3523978006582,-581.6387659829875,0.4250164438168724,921.972183492194,-907.2881465696074,-985.2145601889526,0.8969101575884153,1339.3354734770617,-997.9597077789155,-929.0570784271245,0.929535748706023,1363.4774047727094
13.0,665.5,11.091666666666667,-256.5211516412092,-313.50775515193163,-133.6106881808519,133.6106881808519,405.08050283830715,-56.48208025377244,-91.33129060501233,-16.12125379324425,-639.1959032043815,629.8396619968116,-14.16386658092961,-582.713822950609,721.170952601824,1.9573872123146396,-284.98116570684954,-348.290209012855,0.1012601722472084,450.02259332377196,91.33083514454746,-56.482816330229,0.005765814936609104,107.38542726457297,-629.8441041864305,-639.1913569133583,0.4026346741570208,897.3679213851738,-721.170278978196,-582.7144452679526,0.4298214403286593,927.1691841327703,-721.170278978196,-582.7144452679526,0.4298214403286593,927.1691841327703,-914.8249020259411,-987.4811688424992,0.9060122404536131,1346.1142819929225,-1006.1510336988675,-931.0042739901002,0.9395548716817359,1370.8059165327284
14.0,726.0,12.1,-258.619951637229,-314.274779157131,-134.41803230307417,134.41803230307417,407.004811026978,-56.78708112100139,-91.95700113195926,-16.09220998943783,-640.5643071047962,634.9061732180417,-14.1327227538568,-583.7772259837948,726.8631743500009,1.9594872355810298,-287.31256134536096,-349.1420178306334,0.10222433344253545,452.15998996116195,91.95654403415296,-56.787820903678934,0.005840431249737321,108.078039368289,-634.9106135803552,-640.559733765111,0.406714212530801,901.9025777533918,-726.8624971082991,-583.7778535602758,0.4345629304181031,932.2690984956837,-726.8624971082991,-583.7778535602758,0.4345629304181031,932.2690984956837,-922.2228004441705,-989.7013497135842,0.9150022463044749,1352.7762768780278,-1014.1746399463178,-932.9194864141612,0.9494449348945722,1378.0018027715005
15.0,786.5,13.108333333333333,-260.682996668038,-315.0076182123484,-135.2393189790746,135.2393189790746,408.88314257700205,-57.07492891815491,-92.55355689674616,-16.05957368155941,-641.8770062737167,639.873556792736,-14.09765809512464,-584.8020773555618,732.4271136894822,1.9619155864347704,-289.6042265500433,-349.9558421369942,0.10316985510350207,454.2462982584026,92.55309841086459,-57.07567198856562,0.005911854117357507,108.73687671805511,-639.8779936491121,-641.8724080157562,0.41072210177350854,906.335497996387,-732.4264327903318,-584.8027102160129,0.4392214411064188,937.2527350325335,-732.4264327903318,-584.8027102160129,0.4392214411064188,937.2527350325335,-929.4818391689237,-991.8278435645017,0.9238299070180034,1359.2861952564128,-1022.0302333899857,-934.7581627749001,0.9591597702751642,1385.0337977239024
16.0,847.0,14.116666666666667,-262.71124534105184,-315.70818845239046,-136.0742646738799,136.0742646738799,410.71749254753735,-57.34681326430291,-93.12269685324281,-16.02384872967377,-643.1357469409704,644.7448395192623,-14.05930288456148,-585.7889336766675,737.8675363725051,1.9645458451122892,-291.85722637335357,-350.73381082508394,0.1040974287880303,456.2837347991189,93.1222372052936,-57.34755923953902,0.0059802467422542804,109.36404168121899,-644.749271401266,-643.1311256944402,0.41465971989396166,910.66968095433,-737.8668518126132,-585.7895718061085,0.4437985551275503,942.1236189803549,-737.8668518126132,-585.7895718061085,0.4437985551275503,942.1236189803549,-936.6061102608453,-993.8645253155087,0.9324992851222902,1365.6491864525722,-1029.7236448700817,-936.5229885348834,0.9687035156247248,1391.9073578578552
17.0,907.5,15.125,-264.70636566955363,-316.3684235119035,-136.92401694243014,136.92401694243014,412.502653835573,-57.6020720473025,-93.66412996314466,-15.98387825652026,-644.3211459554732,649.5186826214194,-14.01669942424633,-586.7190739081707,743.1828125845641,1.9671788322739303,-294.073413512494,-351.4669622484743,0.1050041045225214,458.2665142545992,93.66366941815478,-57.60282048679716,0.0060454838912704645,109.95893732165459,-649.5231076172755,-644.3165039952189,0.4185120998645431,914.8901708125538,-743.1821244421354,-586.7197172230184,0.44827994882812305,946.8683629040439,-743.1821244421354,-586.7197172230184,0.44827994882812305,946.8683629040439,-943.5961272129232,-995.7830505407167,0.9409792103287629,1371.8445739351828,-1037.2550973673976,-938.1862809649946,0.9780462956188174,1398.603458742176
18.0,968.0,16.133333333333333,-266.669246229867,-316.98381263822733,-137.78918878415425,137.78918878415425,414.2357111108025,-57.8406106797047,-94.17834371561185,-15.9394257934764,-645.4223766922951,654.1947950609028,-13.9697458507726,-587.5817660125904,748.3731387765147,1.969679942703799,-296.2537749171733,-352.1502850792367,0.10588806687028551,460.1913976098019,94.17788254683154,-57.84136113385892,0.006107548244926875,110.52192822613203,-654.1992111502213,-645.4177163565198,0.4222704073075789,918.9889207473815,-748.3724471832044,-587.5824143822058,0.4526573091911956,951.4801171828028,-748.3724471832044,-587.5824143822058,0.4526573091911956,951.4801171828028,-950.4525858384881,-997.5675813670563,0.9492510492092876,1377.861095075112,-1044.6257743472027,-939.7322966682799,0.9871703861019654,1405.1120232322876
19.0,1028.5,17.141666666666666,-268.6000689209323,-317.55636581465296,-138.66941390006104,138.66941390006104,415.9183122846832,-58.06343688163906,-94.66713527217507,-15.891062503214929,-646.4428151957691,658.7751558981836,-13.91905425407458,-588.37937831413,753.4422911703587,1.9720082491403497,-298.3985127789397,-352.7860125399719,0.10674982720004778,462.0602158512852,94.66667372874528,-58.06418894052756,0.006166614552327587,111.05507260898078,-658.7795612807747,-646.4381386304576,0.42593647942013035,922.9695430713307,-753.44159626793,-588.3800315942927,0.4569327546333213,955.9630225932734,-753.44159626793,-588.3800315942927,0.4569327546333213,955.9630225932734,-957.1776676103655,-999.2237268669309,0.9573190300482537,1383.7041387904635,-1051.839654233452,-941.1656371760762,0.9960802034303384,1411.4387747327185
20.0,1089.0,18.15,-254.59144399064826,-316.5524022961108,-133.97942711890207,133.97942711890207,406.22927855175845,-56.21635864372365,-89.26291775424033,-16.02483098395169,-646.0486329160631,624.769541900605,-14.04904651280958,-589.8322742723394,714.0324596548453,1.9757844711421109,-282.8372485463786,-351.6725035326288,0.1018352345782958,451.298636056207,89.26246715603821,-56.21707374864458,0.0055640736462692075,105.49003471249475,-624.7739959573574,-646.044157216316,0.4038578810261484,898.7299923213112,-714.031774887471,-589.8328953381371,0.42887220197407316,926.1448158748834,-714.031774887471,-589.8328953381371,0.42887220197407316,926.1448158748834,-907.6108779149067,-997.7162577660763,0.9095980321172092,1348.7754582287637,-996.868615333031,-941.505013434851,0.9400898052236428,1371.196093401288
21.0,1149.5,19.158333333333335,-240.95004300761502,-315.53005246109933,-129.21845291202766,129.21845291202766,397.0089888547558,-54.412659665104,-84.15787306148559,-16.20585135242436,-645.5674301832914,591.6296504437923,-14.2280359796132,-591.1547705181874,675.7875235052779,1.9778153728111614,-267.68381098161314,-350.53858413026313,0.09726596561510092,441.0577304907937,84.15743201519278,-54.41334149663509,0.0050216425462323855,100.21619178666303,-591.634167393264,-645.5631387961232,0.3833914505868563,875.661323914345,-675.78684810939,-591.1553593823973,0.403076342636588,897.8599684829228,-675.78684810939,-591.1553593823973,0.403076342636588,897.8599684829228,-859.3176478249037,-996.1013397604265,0.8653227238086814,1315.5396987304646,-943.4702929113834,-941.693578022619,0.8884618889481999,1333.0127488120036
22.0,1210.0,20.166666666666668,-227.70658961235313,-314.5052452566688,-124.40823707038356,124.40823707038356,388.2831959367364,-52.67338201520033,-79.35156463645399,-16.43292853259481,-645.0125947594643,559.4593239948153,-14.4545238072169,-592.3392127442639,638.8108886312693,1.9784047253779118,-252.97232953928818,-349.40194168446874,0.09303836256968623,431.36610479430476,79.35113172395192,-52.674033922492036,0.0045355779132449925,95.24261627832266,-559.4639176723437,-645.0084730052943,0.3645179691424971,853.8359358951276,-638.8102218838122,-592.339769731591,0.37947252318204505,871.1744385534506,-638.8102218838122,-592.339769731591,0.37947252318204505,871.1744385534506,-812.435949132075,-994.4100498446239,0.8244520991462778,1284.096382159113,-891.7822227425445,-941.7413643222656,0.8410765188759939,1296.9781532759891
23.0,1270.5,21.175,-214.8747626051773,-313.4681999483746,-119.56289790759911,119.56289790759911,380.0440447941599,-51.00634371046908,-74.83277295250446,-16.69946323090699,-644.3713791668415,528.3066420815885,-14.71964878874132,-593.3650354563724,603.139415034093,1.9798144421656685,-238.71800181857128,-348.2517044723304,0.08913277105282447,422.21503296322214,74.83234695745838,-51.00696847194047,0.004100795480965758,90.56263569408169,-528.3113233865799,-644.3674163327757,0.34716117103261723,833.2599964295995,-603.1387556969182,-593.3655617137088,0.3579295881905864,846.0845397780603,-603.1387556969182,-593.3655617137088,0.3579295881905864,846.0845397780603,-767.029056346553,-992.6187728729258,0.7868131102206632,1254.4423468376842,-841.8564623432571,-941.6169360357279,0.7976826967848183,1263.07749462114
24.0,1331.0,22.183333333333334,-202.46143321855928,-312.42336606851495,-114.69192872937127,114.69192872937127,372.28885506618974,-49.41796942148358,-70.58979826979339,-16.99848507996649,-643.6482653953135,498.19977721199393,-15.01649694546359,-594.2302959738299,568.7895754817873,1.981988134502899,-224.92846491326003,-347.0928117799315,0.0855331208082788,413.6015405163944,70.589378163727,-49.41856931776982,0.003712527618660033,86.16876059777627,-498.20455485570506,-643.6444536956109,0.3312430354451834,813.9324058250123,-568.7889224592878,-594.230792628044,0.33831559376196196,822.5758768768698,-568.7889224592878,-594.230792628044,0.33831559376196196,822.5758768768698,-723.1327771834297,-990.7369331182533,0.7522406250126679,1226.5727390096285,-793.7171221201997,-941.3232898271181,0.7580384902006188,1231.2905448827748
25.0,1391.5,23.191666666666666,-190.46454144699962,-311.37308069517644,-109.80215483868962,109.80215483868962,365.0067628554582,-47.91013998328708,-66.60829967586324,-17.3228545463644,-642.8416236303747,469.1392823588103,-15.338257071562111,-594.9314836470876,535.7475820346735,1.9845974748022888,-211.60143499261804,-345.92785718860904,0.08222062819474019,405.5135628681707,66.60788462760104,-47.910716850082636,0.003366023459960843,82.04905291136883,-469.14416285465046,-642.8379578600036,0.316668492872374,795.8246575761589,-535.7469344516684,-594.9319517128862,0.3204844537529894,800.6052741165674,-535.7469344516684,-594.9319517128862,0.3204844537529894,800.6052741165674,-680.7453788874848,-988.7654970150485,0.720535999199079,1200.4463665504097,-747.348130914431,-940.8595086089363,0.721873182452093,1201.5597545362205
26.0,1452.0,24.2,-178.87362901092277,-310.31822480542814,-104.89843111827217,104.89843111827217,358.1803676947265,-46.4813711005263,-62.871935369912535,-17.66629065969028,-641.9414421543479,441.1007976159453,-15.6792884808965,-595.4600710538216,503.9727329858579,1.98700217879378,-198.7252987517413,-344.7578174242947,0.07917485167485694,397.93177435225266,62.871524725877784,-46.48192640768844,0.0030566990050218124,78.1882222839631,-441.10578559054005,-641.9379191483316,0.30332934908283704,778.8829219606355,-503.9720902789522,-595.4605113552151,0.3042805905018042,780.1032549371594,-503.9720902789522,-595.4605113552151,0.3042805905018042,780.1032549371594,-639.830886652471,-986.6954317113938,0.6914759584919494,1175.9895571282175,-702.6971743977107,-940.2180415977618,0.6888968795415451,1173.794396243421
27.0,1512.5,25.208333333333332,-167.68250588938827,-309.25755706334706,-99.9856126782106,99.9856126782106,351.7920683900279,-45.12971645453945,-59.36633169767447,-18.02304541342892,-640.9503403119743,414.0711389482021,-16.0339677677257,-595.8206238574348,473.43747064587654,1.9890776457032222,-186.29318493792067,-343.5813113948559,0.0763766370148744,390.83662609090675,59.36592495196717,-45.13025139132143,0.0027805262536872988,74.57246566961877,-414.0762372350724,-640.9469584817599,0.2911361092206022,763.0675814302261,-473.43683238067507,-595.8210371978512,0.28957261322126726,761.0158622671216,-473.43683238067507,-595.8210371978512,0.28957261322126726,761.0158622671216,-600.3692436490226,-984.5279771203735,0.664869504229948,1153.142908078801,-659.729824076468,-939.4020734314989,0.6588600651724619,1147.9197255659328
28.0,1573.0,26.216666666666665,-156.8772340760915,-308.1841598486789,-95.06619494459301,95.06619494459301,345.8148969506676,-43.8510651292745,-56.07447747024707,-18.38731986936182,-639.8693076334894,388.0207950714976,-16.39645233808551,-596.0182425042149,444.0952725417447,1.9908675312763113,-174.28961494154987,-342.3906525854369,0.07380411726209957,384.1981635228819,56.07407426795565,-43.85158061943827,0.00253363141577978,71.18470993009173,-388.02600463235683,-639.8660668023579,0.2799964210487005,748.3266423935936,-444.09463835410554,-596.0186296920219,0.27622916554115307,743.2753559447666,-444.09463835410554,-596.0186296920219,0.27622916554115307,743.2753559447666,-562.3154583507309,-982.2564377620633,0.6405133970988075,1131.8243610318743,-618.3840792376839,-938.4090181413408,0.6315053767691481,1123.8373346635326
29.0,1633.5,27.225,-146.44325074186784,-307.09190397715247,-90.14233671678085,90.14233671678085,340.22207920145075,-42.64085509930737,-52.98019823385403,-18.75442285381723,-638.6991590261459,362.9163838922977,-16.76191095612012,-596.0583039268386,415.8965821261517,1.9925118976971101,-162.69841585002564,-341.1790304048916,0.07143695524014504,377.98664699712583,52.97979833759901,-42.64135187045223,0.0023125719117444987,68.00841066539034,-362.92170414328325,-638.6960599651939,0.2698224466080035,734.6052139437395,-415.89595168266516,-596.0586657873615,0.2641277226933525,726.8117883511792,-415.89595168266516,-596.0586657873615,0.2641277226933525,726.8117883511792,-525.6199744194563,-979.8748189874148,0.6182157004097633,1111.949197757851,-578.5942107172783,-937.237442174371,0.6065928257470432,1101.4469046164268
30.0,1694.0,28.233333333333334,-136.37163556268206,-305.98079115407023,-85.21757911239547,85.21757911239547,334.99472763211025,-41.49568485445343,-50.070939323632054,-19.12094921863172,-637.4410586431623,338.732497766614,-17.12695666356012,-595.9453737887088,388.80343709024606,1.9939925550715998,-151.50968314361842,-339.946445054392,0.06925938722535108,372.1810978427013,50.070542566842526,-41.496163524628024,0.0021144953565865876,65.03069137108,-338.7379270452419,-637.4381025250663,0.260535392815342,721.8522825133024,-388.8028101249338,-595.9457111341338,0.25315948992687964,711.5609009636588,-388.8028101249338,-595.9457111341338,0.25315948992687964,711.5609009636588,-490.2474787942631,-977.3842856239764,0.5978114947513546,1093.445303729831,-540.3123519784932,-935.8919114555988,0.5839157243281434,1080.6623467247045
31.0,1754.5,29.241666666666667,-126.6423259949079,-304.8552727875631,-80.2913194206667,80.2913194206667,330.11364115979825,-40.41230567963794,-47.33254536404274,-19.48512544913683,-636.1035048030317,315.4172736685723,-17.4897832039278,-595.6911991233937,362.74981903261505,1.9953422452090308,-140.70113377523433,-338.6978419860445,0.06725652090810996,366.76019033101176,47.3321516110629,-40.412766791288426,0.001936762084042698,62.23764372033785,-315.4228098073216,-636.100693035888,0.2520578520348593,710.011014440961,-362.74919531943067,-595.6915127337862,0.24321770808466425,697.4491788280785,-362.74919531943067,-595.6915127337862,0.24321770808466425,697.4491788280785,-456.1238250696075,-974.7982817437386,0.579140484568974,1076.2344697540009,-503.45020182313993,-934.3891185075347,0.5632727239079927,1061.3883033560564
32.0,1815.0,30.25,-117.2420697912457,-303.7157232910204,-75.36478744896158,75.36478744896158,325.55943159909066,-39.38711233786307,-44.75257810554467,-19.84462323889602,-634.6897571347654,292.9343609139323,-17.84806408977602,-595.3026447969023,337.686939019477,1.9965591491199997,-130.25805027962622,-337.43363645486215,0.06541431152307098,361.7023896434771,44.75218726490324,-39.3875563609636,0.001777068936448245,59.61659048520849,-292.94000103322634,-634.6870912562466,0.24432080381053822,699.0290036991754,-337.6863183777152,-595.3029354274186,0.23420884465163994,684.4104284331128,-337.6863183777152,-595.3029354274186,0.23420884465163994,684.4104284331128,-423.19794453046774,-972.120482423189,0.5620575244114079,1060.2427705962,-467.94425407577154,-932.736343490985,0.5444846038482609,1043.536732171639
33.0,1875.5,31.258333333333333,-108.16155918291773,-302.56044780685437,-70.44035908165824,70.44035908165824,321.3125386006031,-38.41649231617339,-42.32022911310196,-20.19745807047002,-633.2004559226334,271.2571003939956,-18.19978206185624,-594.78396360646,313.57732950709755,1.9976760086137801,-120.1700971845794,-336.1519442935489,0.06371949301531288,356.9859687854475,42.31984112942971,-38.41691967317834,0.001633414292712132,57.156177884771196,-271.26284098097597,-633.1979373996672,0.23726160647274952,688.8564123416891,-313.5767117861006,-594.7842320021645,0.2260493439099065,672.3828052627371,-313.5767117861006,-594.7842320021645,0.2260493439099065,672.3828052627371,-391.43284208899655,-969.3496437679119,0.5464293501011852,1045.3986807619603,-433.7467059036116,-930.9359550863337,0.5273891175994194,1027.023834852307
34.0,1936.0,32.266666666666666,-99.38459925251664,-301.39198490530816,-65.51770820806269,65.51770820806269,317.3553641168601,-37.49553070520051,-40.02352579846047,-20.5422293220181,-631.6409562714398,250.3391297068447,-18.54478614404798,-594.1454255662393,290.36265550530516,1.9974431779701194,-110.4192873956486,-334.8555857779091,0.062160342984007855,352.59138156743063,40.0231406546804,-37.495941769996264,0.0015038986722615277,54.84339009473504,-250.3449672544047,-631.6385863940615,0.23081997979623736,679.4408778190323,-290.3620409557405,-594.1456722520813,0.21865962118727822,661.3011376701696,-290.3620409557405,-594.1456722520813,0.21865962118727822,661.3011376701696,-360.7641683730832,-966.4939410343571,0.5321308033101602,1031.6304198878809,-400.7812357650907,-929.0010434172287,0.5118343998633534,1011.7650604817765
35.0,1996.5,33.275,-90.90101730180322,-300.2099331439468,-60.59836812255526,60.59836812255526,313.67020723172885,-36.6213935194537,-37.85344597417861,-20.87795655825175,-630.0145178101957,230.1532222190872,-18.88195765786804,-593.393124290742,268.0066681932658,1.9959989003837109,-100.99432410059903,-333.5441140938417,0.06072576663740392,348.49896635023543,37.85306366398333,-36.62178865117545,0.0013870048443109795,52.66886967422918,-230.15915290168584,-630.0122976617316,0.22494439066989003,670.7374530093247,-268.00605705050685,-593.3933498333726,0.21197147959117757,651.1089879906672,-268.00605705050685,-593.3933498333726,0.21197147959117757,651.1089879906672,-331.1533997171586,-963.5561868792423,0.5190516844111315,1018.8734462225904,-369.0002981297519,-926.9372553756592,0.497687071554509,997.6842664005511
36.0,2057.0,34.28333333333333,-82.70130956589128,-299.01351548033966,-55.68417765289268,55.68417765289268,310.23956717966314,-35.79221083782613,-35.80181146389805,-21.20368480973411,-628.327252343297,210.6766769429669,-19.20915747177787,-592.5350415054709,246.47848840686493,1.994527337956239,-91.88465347958098,-332.21666500615873,0.05940535285908766,344.6892833449815,35.801431982546696,-35.79259038501627,0.001281425965338201,50.624619094571734,-210.68269632753277,-628.3251828525603,0.21958989104842175,662.7063708299044,-246.4778805743821,-592.5352466365765,0.20592470328928414,641.7549096961455,-246.4778805743821,-592.5352466365765,0.20592470328928414,641.7549096961455,-302.5672807919435,-960.5416287605276,0.5070937184603608,1007.0686073886714,-338.3624597842131,-924.7517086619488,0.4848275559909965,984.710554865955
37.0,2117.5,35.291666666666664,-90.70423811863293,-299.33842850482506,-56.357775463311555,56.357775463311555,312.7790811298287,-37.06321513163857,-39.7364201489836,-21.33261114067864,-627.9303343035281,230.4299850948155,-19.33891508087981,-590.8671191718895,270.1664052437991,1.9936960597988287,-100.77617013442281,-332.57740789706406,0.06038178623768431,347.5105303591422,39.73602479884895,-37.063638951375,0.0014763325006938999,54.338430223301636,-230.43603964374725,-627.9280593094207,0.2236972329594522,668.8754861966388,-270.1657972320879,-590.8673469174736,0.21105691205836052,649.7028394945984,-270.1657972320879,-590.8673469174736,0.21105691205836052,649.7028394945984,-331.21213291803167,-960.5052443143903,0.5161360338012955,1016.007776223961,-370.94188437368257,-923.4445482073091,0.4951739801528632,995.1621552272273
38.0,2178.0,36.3,-98.61397074928391,-299.6319295789363,-57.1232856145798,57.1232856145798,315.4425596683765,-38.32145011983812,-43.46722198533826,-21.40098331437912,-627.4778279475868,249.9852271284908,-19.4096483028261,-589.1563778277487,293.45244911382906,1.9913350115530193,-109.56411781174299,-332.9032162796755,0.06141442554508103,350.46946703132056,43.46681189932444,-38.32191521612574,0.0016789664103455948,57.9476740044256,-249.99129766645515,-627.4753541341809,0.22811051048066133,675.4413142196544,-293.45184132157107,-589.156627469405,0.216609780889776,658.1941315950362,-293.45184132157107,-589.156627469405,0.216609780889776,658.1941315950362,-359.55533052295885,-960.3783434969813,0.525803437345651,1025.4787166808876,-403.0158671312739,-922.059633257697,0.5063080064093839,1006.2881080698962
39.0,2238.5,37.30833333333333,-106.37933974066982,-299.89036647748435,-57.957417823217845,57.957417823217845,318.19930205715525,-39.54506246373057,-46.98722113971598,-21.41077493433841,-626.9830046221614,269.1891277208924,-19.42239941854496,-587.4379421584308,316.17634886060836,1.9883755157934502,-118.19164778894618,-333.1900410024264,0.06249243655886971,353.5319915230656,46.986797761383315,-39.54556545224791,0.00188580540072536,61.41344242759202,-269.19519557315147,-626.9803417826704,0.2327852282046905,682.3271959269845,-316.17574138438766,-587.4382129233989,0.22252540143874455,667.1212434352572,-316.17574138438766,-587.4382129233989,0.22252540143874455,667.1212434352572,-387.3867501102759,-960.1701516527314,0.5359977508501146,1035.372017337648,-434.3672879232396,-920.6280393293803,0.5181155979805396,1017.9542856225173
40.0,2299.0,38.31666666666667,-113.96471700209077,-300.12317978389547,-58.84343602247099,58.84343602247099,321.0325213509732,-40.72303272550926,-50.29694875702262,-21.3684998016106,-626.4747935347259,287.9395906347781,-19.38258901645895,-585.7517608092166,338.2365393918007,1.9859107851516489,-126.61917671706341,-333.4483771608619,0.06361012017119805,356.67945853906326,50.2965136230271,-40.72357007915539,0.00209407424733854,64.71590563859267,-287.9456391547879,-626.471953352653,0.23768992796213695,689.4779180262033,-338.2359319751834,-585.7520519981574,0.22875453220549957,676.3941248260314,-338.2359319751834,-585.7520519981574,0.22875453220549957,676.3941248260314,-414.56471415612657,-959.9200949918585,0.546655394839668,1045.614886558397,-464.85499798925457,-919.2002102558899,0.5305097384722401,1030.0578603603112
41.0,2359.5,39.325,-121.34898497606623,-300.32462268536625,-59.772344457087456,59.772344457087456,323.9142712907679,-41.84671342954971,-53.39993731467985,-21.28054438799154,-625.9488873183727,306.1733150389045,-19.29678182932548,-584.102173888823,359.57325235358434,1.9837625586660612,-134.82324268506076,-333.6718432098502,0.0647571050116369,359.88082154954253,53.39949200927363,-41.84728158414591,0.0023013503325231,67.84320690261683,-306.1793296419304,-625.9458825444738,0.24277704435693437,696.8170705245116,-359.5726447987258,-584.1024847421479,0.23523412739923089,685.9068446731683,-359.5726447987258,-584.1024847421479,0.23523412739923089,685.9068446731683,-441.0024620143747,-959.617485715039,0.5576746008317812,1056.1007955648897,-494.3957671590854,-917.7741045866253,0.5433683885058826,1042.4665374171982
42.0,2420.0,40.333333333333336,-128.51169140049024,-300.5038001901994,-60.73292308883538,60.73292308883538,326.82990798788,-42.9129577241838,-56.30452142213471,-21.15570350724738,-625.4325271584094,323.8364297430962,-19.17415829666425,-582.5195694342256,380.1409511652309,1.9815452105831322,-142.7811237921793,-333.87055938175524,0.06592800205762472,363.11981456985205,56.304067444004346,-42.913553266012,0.0025058605190864114,70.79351004614645,-323.84239902172976,-625.4293707685712,0.24801792930517763,704.2980883291676,-380.14034336624985,-582.5198990930623,0.24191808600804166,695.5832901198834,-380.14034336624985,-582.5198990930623,0.24191808600804166,695.5832901198834,-466.6234038011342,-959.2996854799636,0.5689968056721284,1066.767682083083,-522.9213370748989,-916.3902305107476,0.5566090446329497,1055.0913606620713
43.0,2480.5,41.34166666666667,-135.44048579205995,-300.6675435699435,-61.71691086365172,61.71691086365172,329.7652148847314,-43.92072514747269,-59.0200797887519,-21.0016096389154,-624.943058937788,340.8959892112762,-19.02262374642305,-581.0223337903153,399.9160690000281,1.9789858924923498,-150.47909955163783,-334.05211858344006,0.06711739097831071,366.3806454112395,59.01961852821364,-43.92134486295922,0.0027061999308131135,73.56901457670105,-340.9019044265061,-624.939763749069,0.2533819404293425,711.8734555778582,-399.91546092126265,-581.0226813256966,0.24875989690364975,705.350786558552,-399.91546092126265,-581.0226813256966,0.24875989690364975,705.350786558552,-491.3808761891188,-958.9916329361411,0.5805602273367683,1077.5528374636262,-550.3944205236927,-915.0745672324306,0.570147903333762,1067.84618824025
44.0,2541.0,42.35,-142.13116082828498,-300.8162855167029,-62.71977508731652,62.71977508731652,332.7036286403597,-44.86974285100587,-61.555874708574265,-20.82400715153199,-624.4798423722386,357.3389840312302,-18.84785160655156,-579.6100995212328,418.8948587398045,1.9761555449804291,-157.91249653533896,-334.21700327783833,0.06831868315515521,369.6449131829654,61.55540746067569,-44.8703837243555,0.0029012097169101025,76.17361435051323,-357.3448382311332,-624.4764209206529,0.2588331002861821,719.4901901320846,-418.89425033444587,-579.610464017431,0.2557103740974398,715.1368281397338,-418.89425033444587,-579.610464017431,0.2557103740974398,715.1368281397338,-515.2571981512631,-958.6931700107411,0.5922914627642939,1088.3853060713075,-576.8065969783463,-913.8272298242023,0.5838931984580853,1080.6415022040917
45.0,2601.5,43.358333333333334,-148.57725818728798,-300.96948705704557,-63.73415544658201,63.73415544658201,335.6453988807729,-45.7641071989201,-63.924017013050616,-20.62963540083729,-624.0765796974301,373.1516771949828,-18.655107851373028,-578.31247249851,437.07569420803344,1.9745275494642625,-165.0741411060467,-334.3868380747921,0.06953201725501401,372.9128980600647,63.923544894242376,-45.764766513118055,0.0030903166692297646,78.6170048135035,-373.1574653992978,-624.0730440760171,0.26435686406589554,727.12698913294,-437.07508498169676,-578.3128533584639,0.26274022768557614,724.9002595332448,-437.07508498169676,-578.3128533584639,0.26274022768557614,724.9002595332448,-538.2314610319074,-958.4596230979188,0.6041691598124288,1099.2442652811733,-602.1490661991118,-912.6994490841863,0.5978020697350317,1093.436684167419
46.0,2662.0,44.36666666666667,-154.77800025109897,-301.13176831036986,-64.75576674347394,64.75576674347394,338.5802286718164,-46.60563354264013,-66.13480218220502,-20.42336018348578,-623.7402558326721,388.3343015331775,-18.44926555349957,-577.134622290032,454.4691037153825,1.9740946299862117,-171.9631707701075,-334.5667576415977,0.07075312624671426,376.17316148300733,66.13432618363143,-46.606308836002434,0.0032729485788252077,80.90671865228373,-388.34002034496797,-623.7366174345291,0.26992770607581207,734.7484871234498,-454.46849318200316,-577.1350189659539,0.26981325706998405,734.5927044369229,-454.46849318200316,-577.1350189659539,0.26981325706998405,734.5927044369229,-560.3030367730483,-958.3031111003226,0.6161423626860341,1110.083035525567,-626.4314940375684,-911.7015293157895,0.6118082348516296,1106.1718199623824
47.0,2722.5,45.375,-160.7353960935143,-301.3049613400653,-65.78134320989193,65.78134320989193,341.49750699745556,-47.39617361337878,-68.19794361945242,-20.20926149270963,-623.4726752154529,402.893841965124,-18.23477032303344,-576.0765016020741,471.0917855845764,1.974491169676188,-178.58181908028493,-334.75879863274827,0.07197746221265788,379.41391562258826,68.19746461557546,-47.396862670711634,0.0034486783428988588,83.05032673637692,-402.8994893811745,-623.4689445828361,0.27552079961967735,742.321711525971,-471.0911733742022,-576.0769135139102,0.27689579029654965,744.1716898100839,-471.0911733742022,-576.0769135139102,0.27689579029654965,744.1716898100839,-581.4811452616708,-958.227474277335,0.6281603047719742,1120.8569109189384,-649.6728125112846,-910.8354598679015,0.6258481949350525,1118.7922051342216
48.0,2783.0,46.38333333333333,-166.4554683884489,-301.50787210914126,-66.80675812731351,66.80675812731351,344.40444233517115,-48.14127896679565,-70.1268290868029,-19.99257801799104,-623.3106250874698,416.8491286691278,-18.01874532247894,-575.1693461206742,486.9759577559307,1.973832695512101,-184.93677908436038,-334.9838565010056,0.07320790085252327,382.6431710802949,70.1263477634238,-48.141979913592415,0.00361767737988572,85.06088925374216,-416.8547052197398,-623.3068110923275,0.28113965255816,749.8528029006243,-486.9753440140331,-575.169772278769,0.2839826666045653,753.6346944115543,-486.9753440140331,-575.169772278769,0.2839826666045653,753.6346944115543,-601.7913122583035,-958.2903936282046,0.640236835991459,1131.579984813124,-671.9119331272403,-910.1533714500904,0.6399226074593756,1131.3022608661008
49.0,2843.5,47.391666666666666,-171.9425927149132,-301.74013272699085,-67.82966329410556,67.82966329410556,347.2914667647746,-48.84317968389951,-71.92981865955517,-19.77564352273475,-623.2517189346254,430.2116576582193,-17.80308048182633,-574.4085392507259,502.1414763177745,1.9725630409084192,-191.0329135747348,-335.2415232730449,0.07444022920299886,385.85029868497395,71.92933561158857,-48.843890848399056,0.00377977749099756,86.94570141608419,-430.2171644126443,-623.2478297804543,0.2867623740687719,757.3141130873651,-502.14086107359185,-574.4089787768273,0.2910456019522556,762.948962420925,-502.14086107359185,-574.4089787768273,0.2910456019522556,762.948962420925,-621.2498971265189,-958.4890740141639,0.6523265825286728,1142.2139640558767,-693.1735746738829,-909.6502396238259,0.6539767954949482,1143.657799813324
50.0,2904.0,48.4,-177.2028945197235,-302.0036592715769,-68.84928166073223,68.84928166073223,350.152932358978,-49.50425136485137,-73.61623283941299,-19.56095002242364,-623.2976447790861,443.0002882145345,-17.58991129463539,-573.7933934142347,516.6165210539475,1.9710387277882513,-196.8770291871418,-335.5339279427852,0.07567179360901122,389.02902388159794,73.6157485630621,-49.50497129849075,0.0039350103175905815,88.71313668090184,-443.0057268925536,-623.2936878337819,0.29237459042708025,764.6888879492336,-516.6159042405801,-573.79384554004,0.2980657292095401,772.0954407933903,-516.6159042405801,-573.79384554004,0.2980657292095401,772.0954407933903,-639.8825664480596,-958.8273316244354,0.6643999960198599,1152.7356812011114,-713.4927234917014,-909.327505924949,0.6679744130044796,1155.8323319181263
51.0,2964.5,49.40833333333333,-182.24520044896056,-302.30358106564375,-69.86724122270971,69.86724122270971,352.9883400507644,-50.12712063034996,-75.19701466662809,-19.35108775796834,-623.4563770703971,455.243862234056,-17.38152241159696,-573.3292564400472,530.4408769006841,1.9695653463713791,-202.47893309939954,-335.86676859258,0.07690210523936258,392.1787916166462,75.1965295524264,-50.127848130993044,0.004083659521647576,90.37322178041921,-455.24923530465577,-623.4523586992389,0.2979723993101757,771.9745525683592,-530.4402583609594,-573.3297205130948,0.3050369645762885,781.0722348884672,-530.4402583609594,-573.3297205130948,0.3050369645762885,781.0722348884672,-657.7279700495546,-959.318837984966,0.6764495866784515,1163.1417435112253,-732.9189716100584,-909.1962163783074,0.6819042218664251,1167.8218951632032
52.0,3025.0,50.416666666666664,-187.07519575400505,-302.6393767413537,-70.88184349868243,70.88184349868243,355.79168233784543,-50.71399209555238,-76.67841418879107,-19.14710992423352,-623.723492026329,466.9565532822162,-17.17896884656511,-573.0094999307767,543.6349674710073,1.9681410776684094,-207.84494300602753,-336.2394664704752,0.07812825264519319,395.29292827664983,76.6779285629067,-50.71472610603258,0.004225744087982264,91.931975790299,-466.9618634755789,-623.7194179715326,0.30353969315832785,779.1529338296383,-543.6343470618591,-573.0099753241166,0.3119394161865685,789.8599465261665,-543.6343470618591,-573.0099753241166,0.3119394161865685,789.8599465261665,-674.8065994679988,-959.9585899509773,0.6884424575970272,1173.407193222469,-751.4790603706497,-909.2491638733142,0.6957276522667755,1179.5994320869586
53.0,3085.5,51.425,-191.70368977938782,-302.99795548671676,-71.89877817381785,71.89877817381785,358.54994868799264,-51.2643891852349,-78.06405483279377,-18.94838169391733,-624.0686634555459,478.1606257893145,-16.98163760011084,-572.804274270311,556.2246806221083,1.9667440938064897,-212.9870678431978,-336.6374751360597,0.0793441434776554,398.3569765102955,78.06356902603483,-51.26512870140124,0.004361017102993969,93.39183170841943,-478.16587536154475,-624.0645391611333,0.30904962444733286,786.1928220218435,-556.2240582440661,-572.8047603861575,0.3187452990438544,798.4300197829122,-556.2240582440661,-572.8047603861575,0.3187452990438544,798.4300197829122,-691.1527276157983,-960.7017146287404,0.7003201839550499,1183.4863232760063,-769.2108866349483,-909.441952416524,0.7093852779638254,1191.121342656953
54.0,3146.0,52.43333333333333,-196.14105895016107,-303.36711438394565,-72.92368331945909,72.92368331945909,361.25188040442436,-51.77787897991948,-79.35754547361284,-18.75428642961197,-624.4643591344357,488.878577016294,-16.78890839684755,-572.6864801545162,568.2361224899068,1.96537803276442,-217.9168353931371,-337.0472346929429,0.08054429601056512,401.35842530326846,79.35705982161834,-51.7786230464762,0.004489284388675685,94.75530986768491,-488.88376778316706,-624.4601897761844,0.31447898296566024,793.0686395370667,-568.2354980763008,-572.6869764301953,0.3254310300127017,806.7601590601638,-568.2354980763008,-572.6869764301953,0.3254310300127017,806.7601590601638,-706.8003791145347,-961.5071196631411,0.7120316120046155,1193.3409894407214,-786.1520843766631,-909.7339228733813,0.7228257162816831,1202.3522404837793
55.0,3206.5,53.44166666666667,-200.3919989874703,-303.74783727893373,-73.95487239136855,73.95487239136855,363.89517983867813,-52.25663699093275,-80.564794188831,-18.56571361713577,-624.9111029319465,499.12522081285715,-16.60159978200682,-572.6544659410138,579.6900150016882,1.9641138351289522,-222.63946370764737,-337.46983879515045,0.08172711474241368,404.2947228154897,80.56430896950391,-52.25738477906505,0.0046107210271983945,96.02834031514315,-499.13035484160355,-624.9068931452097,0.3198199192144813,799.7748034445093,-579.6893884722532,-572.6549718579594,0.33198680704504824,814.845693307006,-579.6893884722532,-572.6549718579594,0.33198680704504824,814.845693307006,-721.7695861298321,-962.3764220423359,0.7235601182653539,1202.9628893548784,-802.328593576966,-910.1245173058792,0.7360291754965331,1213.2838946728223
56.0,3267.0,54.45,-204.45090376597366,-304.13626632253,-74.99404523514386,74.99404523514386,366.468334980435,-52.70069232210517,-81.69000648194924,-18.383308997727,-625.4028412513435,508.89328122138977,-16.41981907596346,-572.7021489292383,590.583287703339,1.9634899217635393,-227.14872446441245,-337.9010006119086,0.08288681807577802,407.1530783874029,81.68952194212224,-52.701443102443385,0.004725310032149821,97.21429987513436,-508.89836056031794,-625.3985954931558,0.32505052516285105,806.2883755988247,-590.5826588400757,-572.7026641324596,0.33838816637654645,822.6640981755738,-590.5826588400757,-572.7026641324596,0.33838816637654645,822.6640981755738,-736.0468443974751,-963.2992811848064,0.7348555011166269,1212.31615607425,-817.7311153610888,-910.6033663698086,0.7489416145034511,1223.8801689192117
57.0,3327.5,55.458333333333336,-208.31897290918278,-304.53112617578876,-76.0411533065053,76.0411533065053,368.9661248459417,-53.11142012942582,-82.7378171379678,-18.20772195060272,-625.9359652176499,518.1891028769314,-16.24416654522065,-572.8245450882241,600.9269200148992,1.9635554053820703,-231.44595109899782,-338.33930319794433,0.0840203597807232,409.92769163425663,82.73733348111337,-53.1121732745134,0.004833184630292919,98.3176957699218,-518.1941297298232,-625.9316875294124,0.33015787126444707,812.5980762590242,-600.9262885975909,-572.8250692621033,0.34462054154804633,830.2053747735006,-600.9262885975909,-572.8250692621033,0.34462054154804633,830.2053747735006,-749.639832164895,-964.2706708679784,0.7458891805312007,1221.3835616481797,-832.3719626073168,-911.1640691415796,0.7615318124987169,1234.1244041948923
58.0,3388.0,56.46666666666667,-212.00162518653082,-304.93299823319836,-77.09506746778061,77.09506746778061,371.3876983601073,-53.49098137230612,-83.71303556486964,-18.03938903321978,-626.5094270929694,527.0274705253541,-16.0752133524511,-573.0184457206633,610.7405060902238,1.9641756807686794,-235.53716487325002,-338.785392880613,0.08512665283788579,412.6176177355978,83.71255295032216,-53.49173634742707,0.004934578634596676,99.34363280514329,-527.0324472634355,-626.5051210380873,0.3351359897374451,818.7013296406905,-610.739871944525,-573.0189785396137,0.3506770319683383,837.4687701337866,-610.739871944525,-573.0189785396137,0.3506770319683383,837.4687701337866,-762.5693556186612,-965.2901892081275,0.7566488720023301,1230.1614412385566,-846.2767507911527,-911.8040632465279,0.7737857937728521,1244.0140628957975
59.0,3448.5,57.475,-215.49783014052085,-305.3310633731599,-78.15817832579341,78.15817832579341,373.7196449958945,-53.83964162319899,-84.61857214570045,-17.87738437997177,-627.0944140851498,535.4044260457158,-15.911795344436541,-573.2547724619508,620.0229981914163,1.965589035535228,-239.4212209315334,-339.2272485224415,0.08619882729821171,415.2079565379888,84.61809074334569,-53.84039790943909,0.0050295048126258735,100.29461465151466,-535.4093544511131,-627.0900833753022,0.3399526324887603,824.5636115554707,-620.0223611148851,-573.2553136902416,0.3565247550518791,844.4225144775419,-620.0223611148851,-573.2553136902416,0.3565247550518791,844.4225144775419,-774.8303112318545,-966.3170024663859,0.7670655743918786,1238.600242394322,-859.4432873344585,-912.4822493131165,0.7856336181610857,1253.5017429009763
60.0,3509.0,58.483333333333334,-218.8131302318652,-305.7254339182691,-79.22986060293624,79.22986060293624,375.9617359604314,-54.15906343841925,-85.45865421183407,-17.72212090145331,-627.6898202486336,543.3346377685666,-15.754512787680142,-573.5307568102144,628.7932919804007,1.9676081137731671,-243.10427780604414,-339.66499515309613,0.08723600330995396,417.6984544141277,85.4581741548234,-54.159820597493145,0.005118192869524307,101.17502506561966,-543.3395198077816,-627.6854681352934,0.34460349973564064,830.1848473040044,-628.7926518303741,-573.5313061827082,0.36215924459348514,851.0689503016295,-628.7926518303741,-573.5313061827082,0.36215924459348514,851.0689503016295,-786.4435260620221,-967.3501292711798,0.7771301481218629,1246.6995196461073,-871.89662650354,-913.1959838443514,0.7970656337175086,1262.5888611173893
61.0,3569.5,59.49166666666667,-221.95387646206655,-306.1130648802645,-80.31008792386274,80.31008792386274,378.11206244568206,-54.45059650810435,-86.23701432952657,-17.57348582032137,-628.2889517024159,550.8340545929968,-15.60365853947587,-573.8383551943116,637.0710689225234,1.9698272808455,-246.5933921562423,-340.095249767216,0.08823654396028502,420.086990954668,86.2365357321897,-54.451354153385225,0.0052008449769047616,101.98867615684897,-550.8388922779704,-628.2845810556803,0.34908256096866097,835.5626846851966,-637.0704256837922,-573.8389123443455,0.36757497978712195,857.4087850036701,-637.0704256837922,-573.8389123443455,0.36757497978712195,857.4087850036701,-797.4320057239103,-968.3794923647714,0.7868286321377482,1254.4547201814462,-883.663506563188,-913.9338401717715,0.8080684549272021,1271.273478462707
62.0,3630.0,60.5,-224.9285917059751,-306.4758843720483,-81.40184058902378,81.40184058902378,380.15830790403936,-54.71399708767422,-86.95575525052845,-17.42957647365984,-628.8557779043913,557.9212447628379,-15.4587523866212,-574.1417808167171,644.8770000133663,1.9708240870386395,-249.89803275986878,-340.4979331975312,0.08919393856832158,422.35988124944214,86.9552782722566,-54.71475478965035,0.005277462356012563,102.7371637290866,-557.9260396860674,-628.8513914239422,0.35336783155148765,840.6756439053099,-644.8763541202429,-574.1423449482639,0.3727525416108435,863.4262819523784,-644.8763541202429,-574.1423449482639,0.3727525416108435,863.4262819523784,-807.8237868421079,-969.3489819108668,0.796108676648366,1261.8307015283615,-894.7740677611024,-914.6399519416661,0.8185937721005843,1279.5260349151176
63.0,3690.5,61.50833333333333,-227.74126409785825,-306.81663656650926,-82.50411929111579,82.50411929111579,382.1027765495507,-54.95106961461715,-87.61898789089173,-17.29097311908845,-629.3932092376053,564.6084900945425,-15.32021087768953,-574.4421396229882,652.2274779854342,1.970762241398919,-253.02263129675765,-340.87609470860593,0.09010848611712419,424.5196861066933,87.61851265158766,-54.95182702269279,0.005348353537826256,103.4248860401034,-564.6132440156679,-629.3888092585321,0.3574592580823932,845.5284670179763,-652.2268298268617,-574.4427099944448,0.377692203623603,869.128451157687,-652.2268298268617,-574.4427099944448,0.377692203623603,869.128451157687,-817.6355830866095,-970.2645571911929,0.804970952894557,1268.8346061133427,-905.2491344717972,-915.3184744177887,0.8286422957803907,1287.3553919071635
64.0,3751.0,62.516666666666666,-230.39722691464704,-307.1280650601693,-83.61692175640201,83.61692175640201,383.94079037992685,-55.16211604117416,-88.22949894238263,-17.15737016638741,-629.8859952948987,570.910342503339,-15.1871781781665,-574.7238792537246,659.1398414457217,1.9701919882209091,-255.97311363325514,-341.2216724584658,0.09097723652207179,426.56120857205923,88.22902556041593,-55.16287283201348,0.005413651749108794,104.054329513103,-570.9150568108548,-629.8815841431589,0.3613474712782505,850.1145876504161,-659.1391912717656,-574.7244553137933,0.3823864095364726,874.5128203783714,-659.1391912717656,-574.7244553137933,0.3823864095364726,874.5128203783714,-826.8878718812607,-971.1029059673239,0.8133925342157511,1275.4545882321727,-915.1119710444282,-915.9457936074627,0.8381936595913686,1294.7534963752842
65.0,3811.5,63.525,-232.90275476028913,-307.3973775826744,-84.74105402456189,84.74105402456189,385.6641556064508,-55.34670344786718,-88.78911467036232,-17.02757072052918,-630.3089903667569,576.843332964927,-15.05785439803731,-574.9622869188897,665.6324476352893,1.96971632249187,-258.7564512071536,-341.52045395746575,0.09179556492711072,428.4753452797879,88.78864329412394,-55.34745927568267,0.005473382191922838,104.62678637081679,-576.8480083071183,-630.3045706401955,0.36501880484873794,854.4223056883584,-665.631795551042,-574.9628683356053,0.38682406844348094,879.5726162251817,-665.631795551042,-574.9628683356053,0.38682406844348094,879.5726162251817,-835.6041549156558,-971.82467034326,0.8213390840783319,1281.669806775557,-924.3879060305986,-916.4829844792129,0.8472173897988711,1301.704291171985
66.0,3872.0,64.53333333333333,-235.26309632870837,-307.6269169923762,-85.87629758949333,85.87629758949333,387.2764446134123,-55.50683272304013,-89.30078183766454,-16.90161298029125,-630.6648137979209,582.4215477332473,-14.93225045123836,-575.1579810748808,671.7223295709118,1.9693625290528904,-261.37847592880826,-341.7750423797916,0.09256444788441343,430.2660656763149,89.30031259136749,-55.50758728174201,0.005527818980333166,105.1457943750303,-582.4261847975773,-630.6603878808271,0.3684764606770585,858.4595421916266,-671.7216756734501,-575.1585675429187,0.39100877013975577,884.3174697966618,-671.7216756734501,-575.1585675429187,0.39100877013975577,884.3174697966618,-843.8043503940333,-972.435072620766,0.8288182196114491,1287.4920396673726,-933.0998043506605,-916.9332686874628,0.855721298154144,1308.220877415246
67.0,3932.5,65.54166666666667,-237.4896348555922,-307.80280167164165,-87.0246740305447,87.0246740305447,388.7722873106499,-55.64320963458158,-89.76554818218574,-16.77708132774569,-630.9261079877615,587.6728682778776,-14.80769697081996,-575.2828983531799,677.4384164600633,1.9693843569257314,-263.8518345361255,-341.9700145894999,0.09328064509706024,431.9274030047431,89.76508124577764,-55.64396253047489,0.005577010186996745,105.61259573154119,-587.6774667220951,-630.9216787495014,0.37171355382614735,862.2221115286875,-677.4377608013517,-575.2834896876514,0.39493658454681224,888.7480032420616,-677.4377608013517,-575.2834896876514,0.39493658454681224,888.7480032420616,-851.5289854976148,-972.8913325752906,0.83580992837895,1292.9111176499032,-941.2892419089083,-917.2531598734787,0.8636897710356806,1314.2978339141127
68.0,3993.0,66.55,-239.590758610575,-307.91791709816613,-88.18723813419638,88.18723813419638,390.1501957985718,-55.75681643676944,-90.18554555950686,-16.65276067797095,-631.0777389444411,592.6174926571548,-14.68291065975791,-575.3209225076716,682.8030382166617,1.9698500182130392,-266.1858465645673,-342.0974661564259,0.09394279498753377,433.4577041211084,90.18508113389302,-55.757567248880115,0.0056211275634154845,106.02950138824693,-592.6220516412862,-631.0733094198376,0.3747272792065104,865.7103545376094,-682.8023808449223,-575.3215185747165,0.3986070499228944,892.8683783305421,-682.8023808449223,-575.3215185747165,0.3986070499228944,892.8683783305421,-858.8075773242984,-973.1704119646195,0.8423059074669226,1297.925693401983,-948.9878681527377,-917.4186374255016,0.8711178445253154,1319.9374720784097
69.0,4053.5,67.55833333333334,-241.5703456790652,-307.9757784689718,-89.36356925914879,89.36356925914879,391.4145015646102,-55.84921746049076,-90.56411363417283,-16.52923492656555,-631.1245379038155,597.2654325887561,-14.55852725484874,-575.2753204433247,687.8295462229289,1.970707671716811,-268.3848211249569,-342.16130288204255,0.0945523891404676,434.8617819494051,90.56365188675193,-55.8499658303242,0.00566049684902481,106.40015848819571,-597.2699515289669,-631.1201108081065,0.3775220658308598,868.9326724584886,-687.8288871977554,-575.2759211065919,0.4020255625070135,896.6888888955524,-687.8288871977554,-575.2759211065919,0.4020255625070135,896.6888888955524,-865.6544469574686,-973.2810474999354,0.8483171691775482,1302.5488931168045,-956.213343584736,-917.4368740415529,0.8780175734246498,1325.1544726184327
70.0,4114.0,68.56666666666666,-243.44135545106832,-307.9628027080617,-90.55537407220982,90.55537407220982,392.5618185657616,-55.9174150112085,-90.90577077586204,-16.40580012463033,-631.0279713943601,601.6429397277534,-14.4359546538908,-575.1105563831516,692.5487105036154,1.9698454707395285,-270.46315600640486,-342.1464335780942,0.09510725496042483,436.1358742033887,90.90531191423953,-55.91816059349522,0.005695308225028839,106.72683082704697,-601.6474182269565,-631.0235487794781,0.38008523972621333,871.8774770421636,-692.548050526287,-575.1111608137543,0.40518790689336726,900.208670020626,-692.548050526287,-575.1111608137543,0.40518790689336726,900.208670020626,-872.1102440298522,-973.1696138903702,0.8538180520378802,1306.765233368772,-963.0108366585955,-917.2572420908351,0.8843757508536498,1329.9438783986236
71.0,4174.5,69.575,-245.20951046724804,-307.87778655394504,-91.76298999591381,91.76298999591381,393.5942523423633,-55.96217670245096,-91.21269249590114,-16.28218342375476,-630.78454695642,605.7634600438178,-14.31510736438213,-574.822370253969,696.9761525397189,1.96707605937263,-272.42720920889326,-342.0515216089281,0.09560791836005222,437.28232042049115,91.21223672457461,-55.962919164058036,0.005725760199304375,107.01177715402511,-605.7678976785633,-630.7801307426191,0.38241923272508416,874.550352579874,-696.9754923680658,-574.8229775614376,0.4080982294318858,903.435826439435,-696.9754923680658,-574.8229775614376,0.4080982294318858,903.435826439435,-878.1947724823692,-972.8312819101145,0.8588137493381609,1310.5826038362623,-969.4023269086532,-916.8741448038935,0.8901999306587527,1334.3159553965404
72.0,4235.0,70.58333333333333,-246.87934728717664,-307.72205036555533,-92.98641907662386,92.98641907662386,394.5152372192026,-55.98524148808792,-91.48639219347388,-16.15805194887798,-630.3982809185982,609.6386932767928,-14.19529417034937,-574.4130394305103,701.1250854702666,1.9627577785286088,-274.28202118895786,-341.8780342144028,0.09605561335224166,438.3049365747599,91.48593970785858,-55.98598049925163,0.0057520536111965725,107.25720104819311,-609.6430894589646,-630.3938730949233,0.38453063977428315,876.9613057374249,-701.1244257541958,-574.4136488501781,0.4107633345684647,906.3809907398359,-701.1244257541958,-574.4136488501781,0.4107633345684647,906.3809907398359,-883.9247723416967,-972.271535189974,0.863317843324829,1314.0148177627182,-975.4060678172535,-916.2913269157054,0.8955037974489599,1338.2850193122767
73.0,4295.5,71.59166666666667,-248.47047643561382,-307.48052063245274,-94.22669040759502,94.22669040759502,395.3249906450958,-55.9891304874327,-91.72401041723788,-16.02964948688168,-629.8476364463568,613.3088609203696,-14.07052332069725,-573.8585059589241,705.0328713376075,1.959126166184431,-276.04937916803556,-341.6092247436401,0.09645006571190606,439.2039642000157,91.72356149370097,-55.989865529143934,0.005774038358552502,107.46197827632044,-613.3132130428935,-629.843240507306,0.38642787714149307,879.1220648497806,-705.0322121018345,-573.8591175446819,0.41319243881954293,909.0570427043439,-705.0322121018345,-573.8591175446819,0.41319243881954293,909.0570427043439,-889.3622502823105,-971.4520917616603,0.867342565435969,1317.074173619436,-981.0812080014347,-915.4679846522982,0.9003013891062395,1341.8651078319665
74.0,4356.0,72.6,-249.98484332172666,-307.1582364100322,-95.4835436459689,95.4835436459689,396.0285394830901,-55.97536801360548,-91.92838479066268,-15.897592675173659,-629.1404715739191,616.7812389321625,-13.94152877765009,-573.1651035603136,708.7096237228252,1.9560638975235685,-277.7314448247889,-341.25069205976973,0.09679339985080304,439.98498869363317,91.927939672502,-55.97609862319227,0.005792034851737071,107.629316217769,-616.7855447071771,-629.1360907234565,0.38811838964925016,881.0429210943827,-708.7089650174424,-573.165717337484,0.4153937545048336,911.4753626001567,-708.7089650174424,-573.165717337484,0.4153937545048336,911.4753626001567,-894.5166442540606,-970.3864082200599,0.8709052833344444,1319.7764235300517,-986.4400227395649,-914.4160505585173,0.9046107252164148,1345.0727236775974
75.0,4416.5,73.60833333333333,-251.4282832635218,-306.75855532535934,-96.75688556853856,96.75688556853856,396.6320623577263,-55.94497997662984,-92.10228017764166,-15.762161638122048,-628.2768445089459,620.0706702657044,-13.80854973831447,-572.3318645323161,712.172950443346,1.9536118998075784,-279.3347014411316,-340.80616688820265,0.09708836412603006,440.6548749511749,92.10183908866057,-55.94570573154828,0.0058063353014503605,107.7621025839535,-620.07492751323,-628.2724817566609,0.38960968939960594,882.7339503288697,-712.1722923042202,-572.3324805606231,0.4173770081772332,913.6486426578457,-712.1722923042202,-572.3324805606231,0.4173770081772332,913.6486426578457,-899.409280588374,-969.0782732941564,0.8740252588346209,1322.1383262651757,-991.5066031028189,-913.1382876825344,0.9084538508119522,1347.926880965092
76.0,4477.0,74.61666666666666,-252.812461440044,-306.28233116658515,-98.04695332604751,98.04695332604751,397.1435597415769,-55.89827196672559,-92.24864334100857,-15.623449144186448,-627.2454047575593,623.20422148332,-13.67148161079967,-571.3471327908337,715.4528648243286,1.951967533386778,-280.8721090856093,-340.2765980774941,0.09733865724559365,441.2225117346018,92.2482064964704,-55.89899247706124,0.005817214487890965,107.8630101645879,-623.2084279450199,-627.2410629435753,0.39091012415948256,884.2059125024495,-715.4522072364673,-571.347751233105,0.41915514459311964,915.5927662878618,-715.4522072364673,-571.347751233105,0.41915514459311964,915.5927662878618,-904.0801858160148,-967.5172851625831,0.8767257240194226,1324.1792474863419,-996.3239224086734,-911.6239888847379,0.9118602435354006,1350.4516486990287
77.0,4537.5,75.625,-254.13881121494342,-305.73216099583084,-99.35373145708581,99.35373145708581,397.56595633042485,-55.83612437476404,-92.3694678931497,-15.48178261145949,-626.0527879931033,626.1877715587616,-13.5311420308426,-570.2166636183392,718.5572394519113,1.9506405806168896,-282.3452604107276,-339.6648713340113,0.09754554008978289,441.69114876206424,92.36903548874322,-55.83683928613014,0.0058248956769091365,107.93419911495073,-626.191925316554,-626.0484696466572,0.39202658363990395,885.4676807645632,-718.5565825333714,-570.217284471204,0.42073574535450575,917.3174553074589,-718.5565825333714,-570.217284471204,0.42073574535450575,917.3174553074589,-908.5368318985596,-965.712964884761,0.879020738975278,1325.9112736012116,-1000.9014460228298,-909.8817949790437,0.9148447110973734,1352.659818832835
78.0,4598.0,76.63333333333334,-255.4170678195078,-305.1072815196676,-100.67630751109391,100.67630751109391,397.90492805422343,-55.75912655331194,-92.46650006389245,-15.336998330894861,-624.7073761187494,629.045011010021,-13.38865786237875,-568.9482495654374,721.5115110739134,1.948340468516111,-283.76497161415386,-338.97013938348715,0.09771166198380143,442.067092768555,92.46607229177455,-55.75983552204991,0.005829566829262944,107.97746886510045,-629.0491105872379,-624.7030832339659,0.3929784400114045,886.5420044942138,-721.5108552946441,-568.9488723813724,0.42214045592459115,918.8475029579414,-721.5108552946441,-568.9488723813724,0.42214045592459115,918.8475029579414,-912.813725968755,-963.67284653665,0.8809475147142365,1327.3636477879793,-1005.2754272151601,-907.9186507799011,0.917447901316315,1354.582947255951
79.0,4658.5,77.64166666666667,-256.6569273767527,-304.4082188807807,-102.01363670603314,102.01363670603314,398.16722880298045,-55.66815889324062,-92.54134783986956,-15.188869838311799,-623.2180749066174,631.7987572401762,-13.2447376017808,-567.5499160133768,724.3401050800458,1.9441322365309992,-285.14201543489526,-338.1929875564879,0.09784023768943939,442.3578481259904,92.5409248882164,-55.668861582139776,0.005831422456026303,107.99465231676032,-631.802801470368,-623.213809079607,0.39378519345323326,887.4515377040698,-724.3394511572894,-567.5505400209862,0.4233907175965612,920.2071810092312,-724.3394511572894,-567.5505400209862,0.4233907175965612,920.2071810092312,-916.9444584533117,-961.4064208030718,0.8825451122129735,1328.5666885217354,-1009.4810643329732,-905.7431666558631,0.9197117744053074,1356.2531855043228
80.0,4719.0,78.65,-257.85960770008387,-303.64006579475245,-103.36544050915107,103.36544050915107,398.35771216217563,-55.5645783606451,-92.59559737984091,-15.03756539023016,-621.5920438989997,634.4528519548476,-13.0991511468892,-566.0274655383546,727.0484493346885,1.9384142433409597,-286.47774505406215,-337.33907428464397,0.09793357946819015,442.5688075886966,92.59517941839441,-55.5652744567352,0.005830683491581112,107.98780939058335,-634.4568396797807,-621.5878067548701,0.3944535191813259,888.2043024680667,-727.0477978607012,-566.028090106872,0.42449323967019836,921.4045252570276,-727.0477978607012,-566.028090106872,0.42449323967019836,921.4045252570276,-920.9342242400512,-958.9265056738875,0.8838303349190113,1329.5337109906454,-1013.5251382888042,-903.3668037436684,0.9216528187305784,1357.6836111736015
81.0,4779.5,79.65833333333333,-259.03289406414837,-302.82112038548803,-104.72762187418992,104.72762187418992,398.4955095841991,-55.4521830054,-92.63380343327299,-14.88433827034896,-619.8622286319733,637.0301707647741,-12.95234324061312,-564.4100456265733,729.6639741980471,1.9319950297358413,-287.7808111985284,-336.42873036426647,0.09800104772139662,442.72122821093114,92.63339056537244,-55.45287229205922,0.005827982985096014,107.96279957965271,-637.0341012013481,-619.8580214792262,0.3950182844159045,888.8399253440127,-729.6633254921265,-564.4106704305934,0.4254840771933388,922.479253676819,-729.6633254921265,-564.4106704305934,0.4254840771933388,922.479253676819,-924.8145499981631,-956.286377109097,0.8848831849483929,1330.32536882251,-1017.4437298484514,-900.8390405790274,0.9233517864748464,1358.9344062313203
82.0,4840.0,80.66666666666667,-260.18040625785943,-301.9589019004343,-106.09871742417454,106.09871742417454,398.58878839904776,-55.33266448765062,-92.65814878745005,-14.72973599447869,-618.0425989441574,639.541307464242,-12.80449941987172,-562.7099344565067,732.199456251692,1.92523657460697,-289.0552359536077,-335.4703103607969,0.09804663414492154,442.8241847119071,92.65774108646167,-55.33334679327121,0.0058236181432747,107.92236214330273,-639.5451799977894,-618.0384229468332,0.3954948428752658,889.3759213611607,-732.1988105115224,-562.710559308751,0.42637922670341055,923.449116991324,-732.1988105115224,-562.710559308751,0.42637922670341055,923.449116991324,-928.6000517568839,-953.5083593441436,0.8857385159766196,1330.9681617011158,-1021.2536375362321,-898.1805100214127,0.9248440379083789,1360.0320660790726
83.0,4900.5,81.675,-261.30331207241403,-301.05481232567405,-107.47881469796992,107.47881469796992,398.6394623271261,-55.20655759028159,-92.6694119698368,-14.57354846934322,-616.1362398415804,641.9893470592797,-12.65531864191871,-560.9296822512988,734.6587590291165,1.9182298274245095,-290.30231677461853,-334.4653720656674,0.09807126499783436,442.87980337303287,92.6690095091247,-55.20723274235764,0.005817691883791554,107.86743656206488,-641.9931610236777,-616.1320962287343,0.3958870677944759,889.816823174516,-734.6581164214897,-560.9303069999095,0.42718276993536364,924.3188612892111,-734.6581164214897,-560.9303069999095,0.42718276993536364,924.3188612892111,-932.2951119219562,-950.5970952355048,0.8864048994805529,1331.4687428489458,-1024.9600223053392,-895.3953201153117,0.9261383422387581,1360.983404237011
84.0,4961.0,82.68333333333334,-262.41223076795,-300.14819049029023,-108.86059726544774,108.86059726544774,398.6842298250677,-55.08117101271637,-92.67545101465657,-14.41895983589347,-614.2082856968045,644.3983293138444,-12.50725290447008,-559.1271146840882,737.073780328501,1.911706931423389,-291.5338538641049,-333.45762294651064,0.09809299195140397,442.92885912976425,92.67505372532838,-55.081839045908666,0.005811337300265507,107.80850882779102,-644.4020852115872,-614.2041747278392,0.39625048631197757,890.2251488686151,-737.0731407408206,-559.1277394586625,0.42795041343968165,925.1489846687891,-737.0731407408206,-559.1277394586625,0.42795041343968165,925.1489846687891,-935.9355715562095,-947.6614255504052,0.8870191792187399,1331.9300175236215,-1028.606581797186,-892.5850041865847,0.9273701749856755,1361.8882075321956
85.0,5021.5,83.69166666666666,-263.50818006903864,-299.2411646118853,-110.24367995560166,110.24367995560166,398.72526325977185,-54.95687946677208,-92.67701534554362,-14.26600738341222,-612.2640916146338,646.771106403321,-12.36052503372775,-557.3072121478617,739.4481217488647,1.9054823496844688,-292.75097807817485,-332.44942756019833,0.09811288337324697,442.9737656462644,92.67662315545715,-54.95754042406506,0.005804643876672344,107.74640471478091,-646.7748048384166,-612.2600134447945,0.39659006467740454,890.6065193098418,-739.4474851148941,-557.307837013285,0.4286873960257509,925.9452513184393,-739.4474851148941,-557.307837013285,0.4286873960257509,925.9452513184393,-939.5254137870065,-944.7090698388041,0.8875920087803024,1332.3600225867422,-1032.1980485068761,-889.7569071131054,0.928550513812354,1362.7546239499181
86.0,5082.0,84.7,-264.59123000677204,-298.34073302481556,-111.62621649418725,111.62621649418725,398.767741897813,-54.83486893353984,-92.67567656934261,-14.11571611242834,-610.3210616856813,649.1104140877724,-12.2165001812391,-555.4861927521415,741.786090657115,1.8992159311892396,-293.95376788286535,-331.44856155412236,0.0981334881133833,443.020277875438,92.67528937043909,-54.835522917512904,0.00579782188925293,107.68307124860297,-649.1140561838475,-610.3170159928687,0.3969180377705328,890.974701069501,-741.7854569868587,-555.4868176480845,0.42940572653193954,926.7207069975285,-741.7854569868587,-555.4868176480845,0.42940572653193954,926.7207069975285,-943.067453348612,-941.7652073408008,0.8881493580581434,1332.778273878704,-1035.7388083308958,-886.935022507187,0.9297047388612256,1363.6013395536572
87.0,5142.5,85.70833333333333,-265.66014548734535,-297.48222732450813,-112.99902143946379,112.99902143946379,398.8370450125061,-54.72115662996657,-92.67808491131291,-13.9727235364262,-608.4596388973296,651.4245178550482,-12.08074354508426,-553.738482267363,744.1026027663611,1.8919799913419393,-295.1408542005492,-330.49428065686124,0.09816730150991049,443.096595975557,92.67770242757496,-54.721804005171656,0.00579181613780122,107.6272844627911,-651.4281068935635,-608.4556234585143,0.3972884909941854,891.3903881965641,-744.1019722411244,-553.7391067823505,0.43015746420405065,927.5315323336703,-744.1019722411244,-553.7391067823505,0.43015746420405065,927.5315323336703,-946.5685887574648,-938.9495347757138,0.8888095561765397,1333.2735361049615,-1039.2424080193377,-884.2330314271328,0.9309468516072172,1364.5119407658729
88.0,5203.0,86.71666666666667,-266.7166527317022,-296.66406726391875,-114.36205863901704,114.36205863901704,398.93275329305106,-54.61566979647614,-92.68368739867583,-13.83613744110335,-606.6776113584638,653.7162698805332,-11.95191634906223,-552.0619415619876,746.399957279209,1.8842210920411195,-296.3141549328865,-329.5848290308591,0.09821412372268412,443.2022539889562,92.68330938198878,-54.61631088150558,0.005786568557653027,107.57851668573385,-653.7198086834844,-606.6736243376948,0.3977013164346843,891.8533930709721,-746.399329956909,-552.0625654505413,0.4309426108184411,928.3776364884906,-746.399329956909,-552.0625654505413,0.4309426108184411,928.3776364884906,-950.0335896291718,-936.2580848041762,0.889571907136677,1333.845201957436,-1042.7130645512068,-881.647039071763,0.9322764529251515,1365.4860074309718
89.0,5263.5,87.725,-267.7643278730102,-295.9035327876336,-115.71172535695949,115.71172535695949,399.06971320495757,-54.52195546240546,-92.69574366044253,-13.70671634504106,-605.006527621299,655.994052067399,-11.82993764814455,-550.4845721588936,748.6897957278416,1.8767786968965101,-297.4776443392315,-328.7394052245389,0.09828127756073002,443.3537475075653,92.6953698203788,-54.52259063273636,0.005782572198853586,107.54136169605509,-655.9975435785899,-605.0025671224714,0.39818052099960255,892.3905442158855,-748.6891714009511,-550.4851954907557,0.4317848061319296,929.2843621989655,-748.6891714009511,-550.4851954907557,0.4317848061319296,929.2843621989655,-953.4748122175195,-933.7416044222385,0.890494197269831,1334.5364743468986,-1046.1663934191006,-879.224245786158,0.9337501346573518,1366.5648162812354
90.0,5324.0,88.73333333333333,-268.8074364414206,-295.2277042140849,-117.04245980581618,117.04245980581618,399.2703785929124,-54.44521593744867,-92.71954331779853,-13.58613008051179,-603.4951074980199,658.2686910405755,-11.71565054391976,-549.0498915605713,750.988234358374,1.8704795365920308,-298.63606321862176,-327.98809626228245,0.09837984960014978,443.5760245374776,92.71917328639671,-54.44584568075045,0.005780597556181988,107.52299850173894,-658.2721386966623,-603.4911712445266,0.39876198065780244,893.0418816351048,-750.9876125422528,-549.0505147193911,0.4327195245457105,930.289665591068,-750.9876125422528,-549.0505147193911,0.4327195245457105,930.289665591068,-956.9078243943998,-931.4789000181868,0.8916631604183323,1335.4121182490123,-1049.6232513415373,-877.0382563477657,0.9354529739713513,1367.8103204956121
91.0,5384.5,89.74166666666666,-269.8460284591419,-294.63221778769366,-118.35441569019167,118.35441569019167,399.5310035950489,-54.38413063529879,-92.75433694710955,-13.47410670859972,-602.1364824846387,660.5404196307063,-11.60913052444812,-547.7523518493399,753.2947565778159,1.8649761841515993,-299.78946718879934,-327.3260536447024,0.09850803983635359,443.8649231826714,92.75397037679029,-54.384755419782216,0.005780500300645031,107.52209374230033,-660.5438268071749,-602.1325681487331,0.39944096807964513,893.8018666116421,-753.2941368928127,-547.7529750928163,0.43374278324570525,931.3889511907038,-753.2941368928127,-547.7529750928163,0.43374278324570525,931.3889511907038,-960.332914551422,-929.4582545480087,0.8930663756290258,1336.4624774823494,-1053.0831774529447,-875.0786742226463,0.9373738716345059,1369.2139587053787
92.0,5445.0,90.75,-270.8785450522555,-294.13923402898945,-119.64091686422759,119.64091686422759,399.8663216185972,-54.34280683402903,-92.80312224291265,-13.37311641691485,-600.9794888086617,662.8081318922341,-11.51311607827665,-546.6366819746327,755.6112541351467,1.8600003386382014,-300.93612672187766,-326.7778988865584,0.09867317862788383,444.2368147363293,92.80275869492037,-54.343427261134345,0.005782780032603796,107.54329410927406,-662.8115030220185,-600.9755931223871,0.4002454561113922,894.7014876857601,-755.6106362291348,-546.6373054524081,0.43487998313551657,932.6091235318617,-755.6106362291348,-546.6373054524081,0.43487998313551657,932.6091235318617,-963.747248245098,-927.7531247584005,0.8947677098136708,1337.7348836742558,-1056.54633397261,-873.4148497155156,0.9395722692095987,1370.818607815979
93.0,5505.5,91.75833333333334,-271.90490982320625,-293.7611673132778,-120.89769529666222,120.89769529666222,400.28477788597644,-54.32353282230906,-92.86735439673066,-13.28431335423375,-600.0525900162756,665.0722352787852,-11.42878045357065,-545.7290571939666,757.9395896755159,1.8555329006631012,-302.07595850020994,-326.3574248953315,0.09887953167364572,444.7010832999314,92.86699338941717,-54.32414955543206,0.005787695767089929,107.58899426108137,-665.0755752581625,-600.0487092757373,0.40119206756727976,895.7588817915533,-757.9389731751601,-545.7296810452897,0.4361462809798766,933.9659371902219,-757.9389731751601,-545.7296810452897,0.4361462809798766,933.9659371902219,-967.1511500569624,-926.4057666347236,0.8968048977875398,1339.2568803297504,-1060.0145001879498,-872.0867509507016,0.9420834646833853,1372.6492785094304
94.0,5566.0,92.76666666666667,-272.926327852474,-293.493427420799,-122.1247669036529,122.1247669036529,400.78319871751603,-54.32517355075106,-92.94597111875191,-13.20689716521883,-599.3477534502745,667.3344760201871,-11.35520233219722,-545.0225798995234,760.280447138939,1.851694833021611,-303.21030145676013,-326.05953153753813,0.09912565746006408,445.25420269322353,92.94561220301563,-54.325787208174454,0.0057950889642555126,107.65768891993372,-667.337789378796,-599.3438842108105,0.40227648923085724,896.9686821031601,-760.2798316469402,-545.0232043134913,0.43753795353485003,935.4548175348959,-760.2798316469402,-545.0232043134913,0.43753795353485003,935.4548175348959,-970.5477047852223,-925.4030476549991,0.8991672281188912,1341.019629935753,-1063.4896989503577,-871.0823802450208,0.9448978729453827,1374.6980952001256
95.0,5626.5,93.775,-273.9355213634553,-293.3615887741325,-123.31574657764574,123.31574657764574,401.37475211172824,-54.35130151454359,-93.04532431997359,-13.14414748776471,-598.9162600599229,669.5871124975383,-11.295244803477539,-544.5649585453793,762.6324368175119,1.8489026842871714,-304.3310725731668,-325.9126327211335,0.0994182278724054,445.9108048710578,93.04496693646897,-54.35191290852456,0.005805748104492636,107.75665320073949,-669.5904048711864,-598.9123979132816,0.4035237667343594,898.3581527819492,-762.6318217745271,-544.5655838591437,0.4390795816933135,937.1013662923474,-762.6318217745271,-544.5655838591437,0.4390795816933135,937.1013662923474,-973.9210888788195,-924.824661656895,0.9019118778486046,1343.0647572517476,-1066.9624573483345,-870.4778600557672,0.948070744466456,1377.0042085041223
96.0,5687.0,94.78333333333333,-274.93213565321633,-293.3652971250922,-124.4694399247237,124.4694399247237,402.0583002154441,-54.40134191303514,-93.16519572166726,-13.09584968112176,-598.758168052882,671.829970087856,-11.24875598179642,-544.3568261398468,764.9951658095233,1.84709369932534,-305.4378783835438,-325.916334706935,0.09975688231023128,446.6696259879817,93.16483932237539,-54.40195184465078,0.005819629778081037,107.88540054368674,-671.8332470335894,-598.7543085957499,0.404933398923113,899.925904661973,-764.9945506742091,-544.3574526694674,0.4407709465192866,938.9045206185912,-764.9945506742091,-544.3574526694674,0.4407709465192866,938.9045206185912,-977.2707341696373,-924.6702731136305,0.9050370103347305,1345.389609683566,-1070.431989031788,-870.2734296302685,0.9516006955756495,1379.5653248262583
97.0,5747.5,95.79166666666667,-275.91685102379415,-293.49913415899215,-125.58572734633344,125.58572734633344,402.82980330527266,-54.47403236757964,-93.30408647656441,-13.06118792854249,-598.8635239191353,674.0636890754104,-11.21512559620896,-544.3894915515557,767.3677755519748,1.8460623323335295,-306.53147490588105,-326.06461745098875,0.10013984497181383,447.526177850452,93.3037305446005,-54.474641591154615,0.005836536365322331,108.041995122379,-674.0669558903145,-598.8596629064285,0.40649966104311375,901.6646587726705,-767.367159849097,-544.3901195387746,0.4426065780549493,940.857566407536,-767.367159849097,-544.3901195387746,0.4426065780549493,940.857566407536,-980.5980367039987,-924.9239086400762,0.9085287857590885,1347.982472572167,-1073.8981915265856,-870.4543777284315,0.9554745311612933,1382.3704819876118
98.0,5808.0,96.8,-276.88204318110365,-293.77478563219483,-126.66042562159421,126.66042562159421,403.692073874859,-54.57255247165449,-93.46371371066198,-13.04128272749949,-599.2550868541002,676.2730190530419,-11.19726130127674,-544.6825343824457,769.7367327637039,1.844021426222751,-307.60339350963653,-326.3704642952315,0.10056876897923672,448.48358683783437,93.46335767750543,-54.57316180692087,0.00585681458886711,108.22952100955487,-676.2762820225225,-599.251219095165,0.40822589986166946,903.5771318560734,-769.7361164885682,-544.6831633680378,0.44458681747183704,942.9599341878293,-769.7361164885682,-544.6831633680378,0.44458681747183704,942.9599341878293,-983.8792784357889,-925.621309807102,0.9123970380331414,1350.849082504905,-1077.3390633960255,-871.0532665751956,0.9596970859115928,1385.4216869712789
99.0,5868.5,97.80833333333334,-277.8294119707425,-294.1862875331936,-127.69373847731913,127.69373847731913,404.64151285869247,-54.69525785883889,-93.64289144286886,-13.035389201832,-599.9217974022031,678.4598808735609,-11.193960745004011,-545.2265395433642,772.1027723164298,1.8414284568279897,-308.65552280072706,-326.8272489052564,0.1010421463165656,449.53785422628044,93.64253476968146,-54.69586808584956,0.005880281150894007,108.44612627362794,-678.4631458626457,-599.9179180525936,0.41010695839283073,905.6565290961005,-772.1021553502126,-545.22716924345,0.44670730192652996,945.2060116068187,-772.1021553502126,-545.22716924345,0.44670730192652996,945.2060116068187,-987.1182684057898,-926.7447911805575,0.9166296118801043,1353.9787235406395,-1080.7572280062072,-872.0540549306505,0.9642576951351955,1388.7096386965316
100.0,5929.0,98.81666666666666,-278.7584880934446,-294.7259094980837,-128.6869787691103,128.6869787691103,405.67185804984763,-54.84084613271989,-93.83990982314572,-13.04240595345618,-600.8488708175719,680.6218298152089,-11.203061148989951,-546.008024684852,774.4617396383546,1.8393448044662295,-309.6873411724768,-327.4263822829508,0.10155714769144453,450.6820221590596,93.8395520074326,-54.84145797229044,0.0059067234436938065,108.6896822770319,-680.6251019718892,-600.8449757381196,0.41213269208473235,907.8905299120518,-774.461121589217,-546.0086552240488,0.44895784090392965,947.5840228881035,-774.461121589217,-546.0086552240488,0.44895784090392965,947.5840228881035,-990.3120395789063,-928.2709797381762,0.9212028980742915,1357.3521825815903,-1084.1480089173865,-873.4346718711726,0.9691329853067643,1392.2158709288715
101.0,5989.5,99.825,-279.6652006509248,-295.3832625962605,-129.64336247023314,129.64336247023314,406.7725362867231,-55.00837505678646,-94.05238961335272,-13.06077501794789,-602.0148284733295,682.7484467066824,-11.2211437226506,-547.0064534165431,776.8008363200352,1.8396312952972897,-310.69432515293465,-328.15632127348044,0.10210877265937057,451.9043426146525,94.05203019858014,-55.00898914492911,0.005935886560060055,108.95766733562884,-682.7517300557432,-602.0109147167738,0.4142836189657828,910.2565936768802,-776.800216313197,-547.0070856384993,0.45131776571505355,950.0712224896374,-776.800216313197,-547.0070856384993,0.45131776571505355,950.0712224896374,-993.4456482131359,-930.1668549188147,0.9260727458215712,1360.9352056373505,-1087.4940837929312,-875.1630385985566,0.9742773378063063,1395.9060593083207
102.0,6050.0,100.83333333333333,-280.5501590046333,-296.1522558280194,-130.5630685237702,130.5630685237702,407.9393954370547,-55.19603291759267,-94.2791739362292,-13.08999617322115,-603.4077960066497,684.8406628705561,-11.248141163378019,-548.2117630890571,779.1198368067853,1.8418550098431314,-311.6771518534879,-329.0102986893626,0.10269521710792873,453.2002025939152,94.27881248806754,-55.196649863233446,0.005967582317190079,109.24817911656281,-684.8439613729122,-603.4038606180249,0.41655382199135005,912.7472105888243,-779.11921409293,-548.2123976787203,0.45378189428291194,952.6613158606976,-779.11921409293,-548.2123976787203,0.45378189428291194,952.6613158606976,-996.5207026835304,-932.4137751750499,0.9312249129589389,1364.7157062967603,-1090.7959043203482,-877.2223251265955,0.9796778362991532,1399.7695212364629
103.0,6110.5,101.84166666666667,-281.41403799963877,-297.0062186022915,-131.4528558395978,131.4528558395978,409.1534610286149,-55.39718040381558,-94.51556979911402,-13.12774566031294,-604.979635681957,686.8938799016178,-11.28269286709838,-549.5824552781414,781.4094497007318,1.84505279321456,-312.63656884192557,-329.9586821203798,0.10330718336337696,454.5485189546545,94.51520598729057,-55.39780067958853,0.006001020236290344,109.55382459300718,-686.8971968705408,-604.9756761853571,0.4189117516206764,915.3268967120634,-781.4088238382149,-549.5830925533203,0.45632076695056867,955.3226290592586,-781.4088238382149,-549.5830925533203,0.45632076695056867,955.3226290592586,-999.5333515397128,-934.9339709007777,0.9365846638242914,1368.6374431472009,-1094.0449270145305,-879.5414003086511,0.9852641740248913,1403.7547425327302
104.0,6171.0,102.85,-282.2577998813358,-297.92026418817846,-132.31936895863328,132.31936895863328,410.39730677455265,-55.60584759223275,-94.75727711105719,-13.1718443299178,-606.685527600348,688.9045471325517,-11.32340457843384,-551.0796800081152,783.6618242436089,1.8484397514839606,-313.57364297556995,-330.97382108485965,0.10393605531788808,455.92992862114556,94.75691070190099,-55.60647154280197,0.0060354758968372835,109.8678834018772,-688.9078852387489,-606.6815420105947,0.42132837263508804,917.9632714659548,-783.6611950483608,-551.0803199854146,0.4589072990501819,958.0262980210157,-783.6611950483608,-551.0803199854146,0.4589072990501819,958.0262980210157,-1002.4811103611249,-937.6549722630275,0.9420830554551785,1372.6489804900789,-1097.2343682665044,-882.0537634378214,0.9909715413813913,1407.8146541714996
105.0,6231.5,103.85833333333333,-283.0825587807339,-298.89231132074195,-133.1626469891489,133.1626469891489,411.6701942726762,-55.82164521911182,-95.00395390205085,-13.22190109931398,-608.5202330723405,690.8751092851162,-11.36980063165538,-552.6985878532287,785.879063187167,1.8521004676586,-314.48961211812025,-332.05340327998323,0.10458159482862328,457.3436112596577,95.00358467289513,-55.82227317096101,0.0060709036686645845,110.1898692379356,-690.8784710486235,-608.516219539222,0.42380261533470076,920.6546861884701,-785.8784304550184,-552.6992305853653,0.4615407799279936,960.7712250812355,-785.8784304550184,-552.6992305853653,0.4615407799279936,960.7712250812355,-1005.3676615819605,-940.5692284066042,0.9477177533856462,1376.7478376159427,-1100.3675686709946,-884.7522528235936,0.9967981643432822,1411.9473556260305
106.0,6292.0,104.86666666666666,-283.8942691596458,-299.9061450736917,-133.9921966518886,133.9921966518886,412.9644681018593,-56.04126999969594,-95.2547779888846,-13.276237041282,-610.4425992816687,692.8232032805681,-11.41987104347209,-554.4013292819727,788.0779812694527,1.8563659978099099,-315.39108815321885,-333.1794111893046,0.10524003479783772,458.78105728868445,95.25440578358425,-56.04190219647557,0.006107048311498886,110.5174041632496,-692.8265903978707,-610.4385565444809,0.4263220486633301,923.3871970514041,-788.0773447375809,-554.401974975257,0.4642138332622281,963.5494025451427,-788.0773447375809,-554.401974975257,0.4642138332622281,963.5494025451427,-1008.2172531874095,-943.6175696245081,0.9534585282411356,1380.911346658006,-1103.4679547936114,-887.5810016042492,1.002721283671626,1416.1361381114452
107.0,6352.5,105.875,-284.6962379408069,-300.9543548841975,-134.8115847576991,134.8115847576991,414.2770469401027,-56.26341589959338,-95.50921822665259,-13.3339472085936,-612.4352221377194,694.7567453607917,-11.472699043224571,-556.171806238126,790.2659635874443,1.8612481653690287,-316.2817437172844,-334.34361068682364,0.10590990129344391,460.23884170716,95.50884292151541,-56.26405254014305,0.0061437913645434605,110.84936934618382,-694.7601591649291,-612.4311492029182,0.42888188755974,926.1552738482271,-790.2653230021915,-556.1724551150261,0.4669236493004547,966.3576359549469,-790.2653230021915,-556.1724551150261,0.4669236493004547,966.3576359549469,-1011.0414736927303,-946.7743579818002,0.9592937333380291,1385.1305160376107,-1106.5465843767543,-890.5156776268177,1.0087322664942278,1420.3744279220925
108.0,6413.0,106.88333333333334,-285.4896692952024,-302.03513779269997,-135.6207324079151,135.6207324079151,415.6074779593593,-56.48798105539754,-95.76697630109265,-13.39479240414221,-614.4949584268034,696.6771325096488,-11.52816639660159,-558.0069773714058,792.4441088107415,1.8666260075406205,-317.1629166638977,-335.54399875065724,0.10659105109667166,461.71646148294474,95.76659777852498,-56.48862232670391,0.006181102851776643,111.18545634408656,-696.6805742929248,-614.4908543274539,0.43148150941085817,928.9579283526267,-792.4434639528238,-558.0076296097579,0.4696696893624619,969.1951084607531,-792.4434639528238,-558.0076296097579,0.4696696893624619,969.1951084607531,-1013.8430578938453,-950.0344472709768,0.9652220642752951,1389.4038998941285,-1109.6058939771467,-893.5512364758766,1.0148300410017796,1424.6610306161924
109.0,6473.5,107.89166666666667,-286.29364260268636,-303.12052331282763,-136.42873773278555,136.42873773278555,416.9485597146933,-56.71159669873305,-96.027237304952,-13.45535383734386,-616.5742524899542,698.6127700656652,-11.58363284048392,-559.8626557912212,794.6400073706172,1.8717209968599406,-318.05579993092243,-336.7494983167907,0.10727986399228229,463.205911540763,96.02685556569932,-56.712242619691246,0.006218717651940153,111.52325072732772,-698.6162400426508,-616.5701170188286,0.4341117741946121,931.7850396158668,-794.6393582744404,-559.8633112940955,0.47244943002233697,972.0589678882674,-794.6393582744404,-559.8633112940955,0.47244943002233697,972.0589678882674,-1016.6716029790628,-953.3192055717799,0.9712197996947225,1393.7139792712228,-1112.6946672029158,-896.612413959768,1.0210021429424287,1428.9867890531984
110.0,6534.0,108.9,-287.1077113013598,-304.2080346631337,-137.23619349548247,137.23619349548247,418.29817862657654,-56.93373168469407,-96.28958650864661,-13.515440514311189,-618.6672253534198,700.5640072748065,-11.63879642263055,-561.7334936687257,796.8535937834531,1.876644091680639,-318.9598971762799,-337.95735759428817,0.10797530158868085,464.70484348542857,96.28920156267233,-56.93438226230801,0.006256567042228767,111.86212147625108,-700.5675055346719,-618.6630584071578,0.43676950012283555,934.6329812545515,-796.8529404585435,-561.7341523837995,0.4752600462065715,974.9460839819669,-796.8529404585435,-561.7341523837995,0.4752600462065715,974.9460839819669,-1019.5269617302392,-956.6200022301714,0.977279004721332,1398.054739401053,-1115.8123422071421,-899.6911105095894,1.0272411663514447,1433.3461819643455
111.0,6594.5,109.90833333333333,-287.93004275939893,-305.2944118735468,-138.04393574901036,138.04393574901036,419.65269860283763,-57.1536147617735,-96.55296162236482,-13.5748496177257,-620.7645637914538,702.5306695140898,-11.6934579637018,-563.6109490296803,799.0836311364546,1.8813916540239006,-319.8731721298107,-339.163954631506,0.10867552302507022,466.2092173795685,96.55257349095139,-57.15426998606887,0.006294505028314745,112.20075768623857,-702.5341960311854,-620.7603653397322,0.43944896044312287,937.4954547995962,-799.082973603341,-563.6116109038873,0.4780959376171623,977.8505236734459,-799.082973603341,-563.6116109038873,0.4780959376171623,977.8505236734459,-1022.4069231467936,-959.9239021534788,0.9833853906737744,1402.4157067089825,-1118.9556458264005,-902.775162209846,1.0335328994859339,1437.7290185670563
112.0,6655.0,110.91666666666667,-288.7562832256663,-306.3656115500634,-138.85587895856594,138.85587895856594,420.9989062251179,-57.36819002777338,-96.81332448963076,-13.63200499326922,-622.8297716006637,704.5168313197792,-11.74623685074039,-565.4615815728903,801.3301558094099,1.8857681425288302,-320.7907866185439,-340.35368659046543,0.10937368633001654,467.704351866716,96.8129332605662,-57.368849784773715,0.00633196450827711,112.53412358988173,-704.5203854268739,-622.8255420851995,0.44213041239249407,940.3513329366601,-801.3294941807823,-565.4622464832077,0.4809383707948811,980.7530323388576,-801.3294941807823,-565.4622464832077,0.4809383707948811,980.7530323388576,-1025.3107229751408,-963.1788068182088,0.9894882359029467,1406.7606379734807,-1122.119776388274,-905.8155258948921,1.0398278204037936,1442.1007452719487
113.0,6715.5,111.925,-289.58729581063386,-307.42199498945405,-139.67220093036306,139.67220093036306,422.33764324082154,-57.57793769589625,-97.07092249300331,-13.68706580251455,-624.864362180233,706.5220852382481,-11.79716218757676,-567.2864244843367,803.5930077312514,1.8899036149377901,-321.7136994169318,-341.5269548111129,0.11007018874131802,469.1911819877691,97.07052824738264,-57.57860187990845,0.0063689914453490815,112.8626725213917,-706.5256662776229,-624.8601020386694,0.4448144309554536,943.2012851076993,-803.5923420829913,-567.2870923585227,0.48378776573709814,983.654053725706,-803.5923420829913,-567.2870923585227,0.48378776573709814,983.654053725706,-1028.238912544005,-966.3866309578733,0.9955896865809777,1411.0912024967722,-1125.3055325574842,-908.813636140084,1.0461279306150928,1446.4628466845058
114.0,6776.0,112.93333333333334,-290.4241137002827,-308.45282333302754,-140.49470178179035,140.49470178179035,423.6617873265308,-57.78091144748032,-97.3246933426708,-13.73924351355527,-626.8504075706005,708.5429388098419,-11.845190783787979,-569.0694961231202,805.8676321525127,1.89405272976729,-322.64305765819097,-342.67182843561835,0.11076126849030032,470.66179434752996,97.32429619880563,-57.7815799061186,0.006405364794126456,113.18449366870013,-708.5465456863554,-626.8461176405898,0.4474872313808831,946.030793687577,-805.866962508109,-569.0701669915948,0.48663132645732077,986.5406308013308,-805.866962508109,-569.0701669915948,0.48663132645732077,986.5406308013308,-1031.189146104884,-969.517516182368,1.001658136323691,1415.3852017132822,-1128.509506681332,-911.7415805741758,1.0524037620252003,1450.795098012824
115.0,6836.5,113.94166666666666,-291.2679028668208,-309.4417032798446,-141.32614774098323,141.32614774098323,424.9601851575829,-57.97402991447598,-97.57278894539922,-13.78730121359695,-628.7594442255795,710.5745025910437,-11.88880014524329,-570.7854143111035,808.1472915364429,1.8985010683536598,-323.5801556341691,-343.7700945468664,0.1114410037583724,472.1037968762744,97.57238908012154,-57.974702420890694,0.006440718625100317,113.49641946596135,-710.5781335553924,-628.7551259313706,0.4501272473644846,948.8173123800169,-808.1466178686829,-570.7860883214976,0.4894489770146393,989.3925988170456,-808.1466178686829,-570.7860883214976,0.4894489770146393,989.3925988170456,-1034.1578278764264,-972.5247866581312,1.0076439445061425,1419.6079999853946,-1131.726255489851,-914.5557642584979,1.0586088420305728,1455.0658278248184
116.0,6897.0,114.95,-292.1185905506718,-310.39064140259137,-142.16665294952696,142.16665294952696,426.234232805887,-58.15810800413601,-97.81548578757793,-13.83131166221574,-630.5937422439456,712.6168347895145,-11.92818854178768,-572.4356342398096,810.4323205770925,1.9031231204280596,-324.52491242295247,-344.8239823702941,0.1121100050571755,473.518740495911,97.81508337187482,-58.15878433499514,0.006475117331206093,113.79909810877807,-712.6204881505226,-630.5893969512547,0.4527355762506957,951.5623719332518,-810.4316428927552,-572.436311490114,0.4922415103303379,992.2110554283586,-810.4316428927552,-572.436311490114,0.4922415103303379,992.2110554283586,-1037.1449352009433,-975.4129416484959,1.0135505253972,1423.762628863513,-1134.9560327876525,-917.2598715585716,1.0647460011448118,1459.2775158730892
117.0,6957.5,115.95833333333333,-292.9768406829681,-311.29169724408706,-143.0177653674036,143.0177653674036,427.4785958965403,-58.33210161654279,-98.05110312299803,-13.8700224852073,-632.3343841359019,714.6656280383468,-11.9623146019876,-574.0022825193591,812.7167311613448,1.9077078832197003,-325.4780649997798,-345.82467007738745,0.11276534295223684,474.90069828347777,98.05069837335417,-58.33278147363254,0.006508326433340983,114.0905466984581,-714.6693016507652,-632.3300136269897,0.4552968320137296,954.2502066311023,-812.71604955005,-574.0029630228662,0.4949935118458981,994.980793158978,-812.71604955005,-574.0029630228662,0.4949935118458981,994.980793158978,-1040.1468972484251,-978.1542422785784,1.0193461643659418,1427.8274719107717,-1138.1935875370823,-919.8272071967265,1.0707839401824515,1463.4092844484294
118.0,7018.0,116.96666666666667,-293.842493192642,-312.14043781346845,-143.8804572444497,143.8804572444497,428.68993891162364,-58.49553781445138,-98.27884787227958,-13.90281522617443,-633.9710671454668,716.7175062932074,-11.9906826512306,-575.4755293310154,814.996354165487,1.9121325749438307,-326.43943512690157,-346.767232652394,0.11340511574253753,476.24596423210784,98.27844102853288,-58.49622086137074,0.006540229913198914,114.36983792093561,-716.7211977772008,-633.9666734201896,0.4578016139511476,956.8714743112822,-814.9956687655979,-575.4762130506026,0.4976955297886221,997.6927442322847,-814.9956687655979,-575.4762130506026,0.4976955297886221,997.6927442322847,-1043.1601595129307,-980.7334610109522,1.0250111452947408,1431.7895236177571,-1141.4345724371753,-922.2430163039114,1.0767031117797643,1467.4484877760356
119.0,7078.5,117.975,-294.7145549114793,-312.93892715211774,-144.75469515673467,144.75469515673467,429.869097521315,-58.64905688213184,-98.4992875601165,-13.930178283771971,-635.5076329782605,718.7714218162,-12.01382201543311,-576.8585760961287,817.2707093763165,1.9163562683388609,-327.40791941302723,-347.6539632492679,0.11402961841433523,477.55546678610085,98.49887884528113,-58.649742808089236,0.006570910704439825,114.63778375924923,-718.7751289646258,-635.5032178696362,0.4602511188833702,959.4279680834703,-817.2700203358394,-576.8592629765087,0.50034857290715,1000.3483870240129,-817.2700203358394,-576.8592629765087,0.50034857290715,1000.3483870240129,-1046.1825710382013,-983.1567325361149,1.0305480973027414,1435.6514662950724,-1144.6774038932847,-924.5127934354208,1.0825057180641195,1471.397384872501
120.0,7139.0,118.98333333333333,-279.687813417695,-312.1539504036263,-140.0557366650901,140.0557366650901,419.12451816490164,-56.7385031899903,-92.8448062040843,-14.13807785866084,-635.6111844070256,682.341807987541,-12.21610637003323,-578.8726812170353,775.1866141916253,1.9219714886276085,-310.71585062413544,-346.78371946258926,0.10840164987868661,465.62139975884685,92.84440493109597,-56.7391593996956,0.005919707835033705,108.80907929209485,-682.3455914240581,-635.6069244910772,0.434795928816456,932.5189910113646,-775.1859369726743,-578.8733358550129,0.468003897413638,967.4748450704615,-775.1859369726743,-578.8733358550129,0.468003897413638,967.4748450704615,-993.0610126151678,-982.3902191350511,0.9756308345654219,1396.8753406902406,-1085.9013080558864,-925.6566465417403,1.0180114572433396,1426.8923849135874
121.0,7199.5,119.99166666666666,-265.07039365242235,-311.3438840500748,-135.2831793610676,135.2831793610676,408.89769836285035,-54.87713860929944,-87.50738197704777,-14.39148945792112,-635.6097292155027,646.8835636042058,-12.46566716872621,-580.7325906062033,734.3909455812536,1.92582228919491,-294.47836481528736,-345.8856215776725,0.10317719056907038,454.26244678429924,87.50698693653936,-54.87776819061227,0.005334521047117846,103.29105578071243,-646.8874365644162,-635.605610154662,0.411229008179248,906.8946174969625,-734.3902790948433,-580.7332129158877,0.43829016926899556,936.258589606852,-734.3902790948433,-580.7332129158877,0.43829016926899556,936.258589606852,-941.3654150987323,-981.4908289862549,0.9247469736628489,1359.9606950673738,-1028.868214739078,-926.6184479738788,0.9585962350566746,1384.6268636083503
122.0,7260.0,121.0,-250.89175414905185,-310.52492622052347,-130.4589599158134,130.4589599158134,399.21473182267437,-53.08561958372593,-82.48548692790791,-14.68916798330611,-635.5175282806158,612.4975043348968,-12.76097191293957,-582.4319086968899,694.9829912628047,1.928196070366539,-278.72818542756,-344.9776558381982,0.09834949699083495,443.50759224545254,82.48509690087198,-53.086225318271715,0.004810969289614775,98.09148041134131,-612.5014797024377,-635.5135377167576,0.3895178354307305,882.6298880385506,-694.9823345018453,-582.4324989128911,0.41111411497318784,906.7679201755815,-694.9823345018453,-582.4324989128911,0.41111411497318784,906.7679201755815,-891.2293175867842,-980.4908112033876,0.8778263491659999,1325.0101612366911,-973.7101356670413,-927.4097887605703,0.904100580845224,1344.6934017052563
123.0,7320.5,122.00833333333334,-237.1628215769306,-309.68706795420076,-125.59751223761847,125.59751223761847,390.0670250051916,-51.37124753673561,-77.76627171551809,-15.02431950939354,-635.3218923322856,579.2241427116096,-13.09297476836946,-583.95064479555,656.9904144271277,1.9313447410240803,-263.47745243998247,-344.04869690636855,0.09389494126654796,433.3472900425633,77.76588569098922,-51.37183165308223,0.004343299053743976,93.2019209281473,-579.228230467467,-635.3180221661049,0.3695672343706491,859.7292203127241,-656.9897659194835,-583.9512040358788,0.38631735521654775,878.9963374314425,-656.9897659194835,-583.9512040358788,0.38631735521654775,878.9963374314425,-842.7053701003719,-979.3663555376742,0.8346557478500216,1292.018111001216,-920.4668740960121,-927.999553861499,0.8542215840234846,1307.0739987755953
124.0,7381.0,123.01666666666667,-223.8880233562668,-308.83459818831227,-120.70858463175684,120.70858463175684,381.45072557345145,-49.74000694346614,-73.33660323638469,-15.389961845357899,-635.0273033604026,547.0848409458995,-13.45476084679831,-585.2872964169364,620.4214441822842,1.935200998559589,-248.7310880832903,-343.10350546490946,0.08979358889771305,423.77726418651423,73.33622038910468,-49.740571200174664,0.003926162839285041,88.61334913137512,-547.0890489392698,-635.0235485359897,0.35128072894963225,838.1893191066772,-620.4208026332094,-585.2878257721138,0.3637419717650303,852.9266154465366,-620.4208026332094,-585.2878257721138,0.3637419717650303,852.9266154465366,-795.8198553366876,-978.1267077862714,0.7950308653636995,1260.97624824297,-869.1515820527727,-928.3910015354699,0.8086674890828149,1271.744598697738
125.0,7441.5,124.025,-211.06434905959756,-307.97009208072274,-115.79910028558517,115.79910028558517,373.35470676042166,-48.19345485884696,-69.18140570633113,-15.77895272930618,-634.632830042392,516.0780856385827,-13.83949620503699,-586.439375183545,585.2594913449138,1.9394565242691897,-234.4857529598988,-342.1449394577131,0.08602336776242225,414.7851587722165,69.18102540037054,-48.194000604816765,0.0035543379350855275,84.31296442270188,-516.0824195702725,-634.6291881203282,0.3345476909943912,817.9824388113559,-585.2588557001764,-586.4398756332608,0.3432198868447145,828.5165393088023,-585.2588557001764,-586.4398756332608,0.3432198868447145,828.5165393088023,-750.5679187262963,-976.7737972828496,0.7587199137848444,1231.8438422460376,-819.7443316829983,-928.5845013387334,0.7671252668650652,1238.6484349697091
126.0,7502.0,125.03333333333333,-198.67977607646029,-307.0944982113133,-110.87407222021287,110.87407222021287,365.7604192001243,-46.72976865549572,-65.2833332424052,-16.184945707209412,-634.1289263218641,486.175442347303,-14.24148740625242,-587.3991576663684,551.4587755897082,1.9434583009569923,-220.72809627834155,-341.17405055685936,0.08256031602815739,406.35037253586376,65.2829550100353,-46.73029690686293,0.0032227923663086244,80.28439987846865,-486.1799060641482,-634.125396889483,0.31924301091557084,799.0531396852078,-551.4581451337663,-587.3996299833788,0.3245722581812771,805.6949864179275,-551.4581451337663,-587.3996299833788,0.3245722581812771,805.6949864179275,-706.9077735442467,-975.2991317803725,0.7254637615083936,1204.5443108283034,-772.1859926695385,-928.5733814209444,0.729260131948628,1207.69190274613
127.0,7562.5,126.04166666666667,-186.7265918917837,-306.2067458188267,-105.93850799978102,105.93850799978102,358.6493988625609,-45.34667823463678,-61.62712088553235,-16.6021545737749,-633.5186772048473,457.3596525005996,-14.655073755420739,-588.1719989702106,518.986773386132,1.9470808183541606,-207.449555747336,-340.1896470309226,0.07938216017855382,398.4523988217297,61.62674439628743,-45.347189759806625,0.002927111553141515,76.51289593262861,-457.36424807730725,-633.5152613995881,0.3052618674503904,781.360123019795,-518.9861475550889,-588.1724439080022,0.3076467698370777,784.4064285348409,-518.9861475550889,-588.1724439080022,0.3076467698370777,784.4064285348409,-664.8135974696143,-973.7046061971583,0.6950391313598203,1179.0155976534209,-726.4354797392916,-928.3618052322378,0.6947823152358978,1178.7977551887832
128.0,7623.0,127.05,-175.189517904073,-305.2999256283328,-100.9950503885193,100.9950503885193,351.99348257052577,-44.03977436595596,-58.19493890157901,-17.02498775557615,-632.8034796752036,429.5976250432432,-15.07461274741217,-588.7637053092476,487.79256394482223,1.9503750081639788,-194.63316391354908,-339.1840515261339,0.07646394761806619,391.0599561508203,58.19456395880379,-44.04026970878928,0.0026630763150237158,72.98049486251931,-429.60235277507707,-632.8001799447343,0.29249716737567155,764.849167645471,-487.7919422635562,-588.7641236343973,0.2922921287229485,764.5810435893845,-487.7919422635562,-588.7641236343973,0.2922921287229485,764.5810435893845,-624.2353305100819,-971.9839415761016,0.6672114878369939,1155.1720783237647,-682.4249051075207,-927.9479017500829,0.6633957497781395,1151.8641671105972
129.0,7683.5,128.05833333333334,-164.05261339969,-304.36810502010303,-96.04598562873434,96.04598562873434,345.76466464460566,-42.80422217561863,-54.96985613717698,-17.44857218000107,-631.9846143014729,402.852485422045,-15.49509579490405,-589.1803921258543,457.82234155922197,1.9534763850970194,-182.261217596877,-338.1506717205576,0.07378251676293246,384.1419376024446,54.969482653645365,-42.80470171156065,0.002426943201960796,69.66983932682135,-402.8573440234164,-631.9814339936723,0.28084732561772796,749.4628560150928,-457.82172360302667,-589.1807846284859,0.27836740246200975,746.1465858517912,-457.82172360302667,-589.1807846284859,0.27836740246200975,746.1465858517912,-585.1183936151343,-970.1318271600882,0.6417598541474945,1132.9251063577533,-640.0827602645072,-927.3311942156948,0.634824743439566,1126.7870622940864
130.0,7744.0,129.06666666666666,-153.3057529741199,-303.41137477307717,-91.0949833041741,91.0949833041741,339.942813185763,-41.63635821896605,-51.93861943553202,-17.86963002814446,-631.0637691058218,377.0955372601748,-15.913257811916989,-589.4274108868558,429.0341566957068,1.9563722162274713,-170.32247390833504,-337.0896066242433,0.07131957657779964,377.67598283759395,51.93824738125084,-41.63682224795694,0.002215603256416898,66.5673081019803,-377.1005244178511,-631.060711827789,0.2702212502647683,735.1478950040013,-429.033542120838,-589.4277783487628,0.2657474783562819,729.036958016472,-429.033542120838,-589.4277783487628,0.2657474783562819,729.036958016472,-547.4228467159603,-968.150050320279,0.6184933378783342,1112.1988549903135,-599.3558531458204,-926.5171331789908,0.6088309036922368,1103.4769760961804
131.0,7804.5,130.075,-142.92770902102347,-302.4343118909201,-86.14154182851053,86.14154182851053,334.5068654227185,-40.53270822623745,-49.08644041279331,-18.28625681810081,-630.0497916527092,352.2718616295606,-16.32717794564087,-589.5170834264718,401.3583020423539,1.9590788724599406,-158.79335605138607,-336.0059410396539,0.06905766347653497,371.63869865772267,49.08606978114653,-40.53315700023342,0.002026189549475532,63.65829924656453,-352.27697448886016,-630.0468611067228,0.2605290908563873,721.8435522642417,-401.3576905638228,-589.5174265991112,0.2543094282936309,713.1751482201016,-401.3576905638228,-589.5174265991112,0.2543094282936309,713.1751482201016,-511.0701937580768,-966.0525435933164,0.5972253083186274,1092.9090812739341,-560.1508999597067,-925.5231253235983,0.5851812143742308,1081.8327441127071
132.0,7865.0,131.08333333333334,-132.90403785504168,-301.4374513270468,-81.18701526882433,81.18701526882433,329.43591234217325,-39.48945959564298,-46.40029874281026,-18.69638253992889,-628.9464072324336,328.3421974629164,-16.73475708230399,-589.4569476367906,374.74249620572664,1.9616254576249015,-147.65782339455387,-334.9002684260059,0.06698051358000612,366.00686141304516,46.39992955637458,-39.48989332777832,0.0018562025250190572,60.929509581776834,-328.3474325331075,-628.9436070730006,0.2516910803107564,709.494254613158,-374.74188758635773,-589.4572672567767,0.2439457058578398,698.4921991215174,-374.74188758635773,-589.4572672567767,0.2439457058578398,698.4921991215174,-476.0051325869091,-963.8436257512839,0.5777878775425904,1074.9769398226465,-522.3995789480995,-924.3573020579886,0.5636690297849967,1061.7616220004732
133.0,7925.5,132.09166666666667,-123.22443944867695,-300.41924361512423,-76.23384618682394,76.23384618682394,324.7090765773633,-38.50279244943522,-43.86883301776834,-19.09794082166627,-627.7546635828912,305.2770625799894,-17.13392703095451,-589.251871133456,349.1458955977577,1.9640137907117605,-136.90443853132751,-333.7708660323412,0.06507291028245987,360.75728170274965,43.868465328156766,-38.50321132743093,0.0017034696986328868,58.368994618483,-305.28241572407467,-627.7519972738238,0.24363499140367395,698.0472214912123,-349.14528964956594,-589.2521679250409,0.2345603028475196,684.9237553836484,-349.14528964956594,-589.2521679250409,0.2345603028475196,684.9237553836484,-442.1867431251052,-961.5226216564633,0.5600275907458041,1058.3264466849091,-486.04960935404563,-923.0228083016287,0.5441078116952269,1043.1755975856825
134.0,7986.0,133.1,-113.87166887288919,-299.38241198124155,-71.28182016913343,71.28182016913343,320.3070176808538,-37.56762453122064,-41.47957224631682,-19.48967110365629,-626.4804396778345,283.0275043379515,-17.52465141180437,-588.9128151466139,324.5070765842683,1.965019691851918,-126.51404834528526,-332.6207591231722,0.06332118895890915,355.86847827306724,41.47920613170793,-37.56802872085218,0.0015659405994128406,55.96321401856305,-283.0329714566112,-626.477910322761,0.23629114542789154,687.4461688408281,-324.50647351858237,-588.9130896007694,0.22606156468985006,672.4009804116813,-324.50647351858237,-588.9130896007694,0.22606156468985006,672.4009804116813,-409.54691979578485,-959.0984352463811,0.5437993918500084,1042.879901046267,-451.02041499939145,-921.533630376378,0.526321961791254,1025.984233144394
135.0,8046.5,134.10833333333332,-104.83459163879161,-298.3266353879799,-66.33254326970928,66.33254326970928,316.2104884186875,-36.68093995656818,-39.223039493663244,-19.87050018215086,-625.12734439224,261.5638659335673,-17.90573878679425,-588.4464044356719,300.7869054272305,1.964761395356611,-116.47428792604252,-331.449590092452,0.06171254729459008,351.31907224107994,39.22267503790965,-36.68132962723828,0.001441969099680307,53.70231075430152,-261.56944258449727,-625.1249547687327,0.22959991752280473,677.642813264167,-300.7863054542934,-588.4466570893302,0.21837095875998358,660.864486705445,-300.7863054542934,-588.4466570893302,0.21837095875998358,660.864486705445,-378.0436406633611,-956.5743175183743,0.528975849567459,1028.5676541588075,-417.2604973794354,-919.8960355373815,0.5101576496802096,1010.1064492768696
136.0,8107.0,135.11666666666667,-96.10280403649085,-297.25134490377053,-61.38793474974591,61.38793474974591,312.40056176450213,-35.84073419915512,-37.090620025992386,-20.239667719579298,-623.7018969841301,240.8610307611525,-18.27521191444248,-587.861162784975,277.9516507871449,1.9644558051368188,-106.77360404077253,-330.2567258005391,0.06023505549901387,347.08803992121096,37.09025730473086,-35.84110953173833,0.00133013611236521,51.57782778866522,-240.86671194483003,-623.6996495886337,0.22350903783330267,668.5940665456868,-277.9510537852696,-587.8613943681283,0.21141892592169143,650.2597998406344,-277.9510537852696,-587.8613943681283,0.21141892592169143,650.2597998406344,-347.64023543763886,-953.9561543582971,0.5154431717002694,1015.3256018308649,-384.7245717158332,-918.1179146727586,0.49547687352990977,995.46647423456
137.0,8167.5,136.125,-103.59271209381404,-297.69222456366157,-62.030596438944485,62.030596438944485,315.2016982260936,-37.1019086742308,-40.94922041986138,-20.41034167632461,-623.5556211322546,259.4337274786085,-18.44560938479844,-586.4537124580238,300.38294789846987,1.964732291526168,-115.09507369493333,-330.7463221306014,0.06132000462955034,350.1999508734427,40.9488417648648,-37.10232654656159,0.001526695103670761,55.25749068725094,-259.4394586729123,-623.553180986913,0.22806372701467126,675.3720472712738,-300.38235005042105,-586.453965108093,0.21707892816635876,658.906525550338,-300.38235005042105,-586.453965108093,0.21707892816635876,658.906525550338,-374.53444394097085,-954.2992778092577,0.525481718693932,1025.1649434727285,-415.4773287921623,-917.2000776217814,0.5069388249179241,1006.9147894085537
138.0,8228.0,137.13333333333333,-111.00633946625749,-298.09662899538125,-62.76466871213415,62.76466871213415,318.0943376108854,-38.35123061435297,-44.60796844796278,-20.51879891951103,-623.3429303392768,277.8486232273281,-18.55536356742959,-584.9916997249238,322.4565916752909,1.9634353520814398,-123.33176850695425,-331.1953589023368,0.062450547400061396,353.41348429495525,44.60757495849815,-38.35168824052154,0.0017303438681892658,58.82761030822338,-277.8543848202211,-623.3403041248517,0.23287812400685226,682.4633278867709,-322.4559933987387,-584.99197278262,0.22309676284137936,667.9771522281799,-322.4559933987387,-584.99197278262,0.22309676284137936,667.9771522281799,-401.18605675540334,-954.5354332555484,0.5360442164592527,1035.4168945286276,-445.78765780728446,-916.1871177408981,0.5190628700191269,1018.8844245387593
139.0,8288.5,138.14166666666668,-118.29204504465451,-298.4610979410718,-63.566897438249725,63.566897438249725,321.04833733417246,-39.56676664529368,-48.05970093002543,-20.56716766674072,-623.0775034055114,295.9512639790773,-18.60566226241644,-583.5107367602177,344.0109649091027,1.9615054043242777,-131.42631461817655,-331.60000019005724,0.06361572013613426,356.6951587843069,48.05929400744219,-39.56726084290328,0.0019376319437824918,62.251617417574906,-295.9570368770056,-623.0747007736741,0.23790635350628975,689.7917442396805,-344.01036632217716,-583.5110295276395,0.2294141531189453,677.3686246922899,-344.01036632217716,-583.5110295276395,0.2294141531189453,677.3686246922899,-427.3832465691339,-954.6744665834183,0.5470300378229709,1045.9731242217972,-475.4365674516205,-915.1108112768492,0.5317340047161778,1031.2457159115631
140.0,8349.0,139.15,-125.41379692265767,-298.7952091757506,-64.42061544476019,64.42061544476019,324.0481406904508,-40.73743912158534,-51.30477438797243,-20.56196171906777,-622.7886769920588,313.6385057587177,-18.60196243796963,-582.0512378704734,364.94328014669014,1.9599992810981417,-139.33868056781716,-331.9708933795332,0.06480997305491343,360.0276960923779,51.30435552683559,-40.73796655296936,0.002145859379076853,65.51121136793913,-313.64427286918897,-622.7857093401491,0.2431174143113779,697.3053632820809,-364.9426810295969,-582.0515497295182,0.23598361131860202,686.9986659227251,-364.9426810295969,-582.0515497295182,0.23598361131860202,686.9986659227251,-452.982839987684,-954.7563636014361,0.5583767395123118,1056.7654267436767,-504.2812385150766,-914.0222200192699,0.5448682415254424,1043.904299352797
141.0,8409.5,140.15833333333333,-132.35004826128718,-299.09352213053353,-65.31688143240899,65.31688143240899,327.06799026381805,-41.8545569118578,-54.34656122815795,-20.50970761047211,-622.4726093932986,330.8459126856178,-18.55087975854985,-580.6180524814408,385.19247391377576,1.9588278519222582,-147.04492778552384,-332.3019971702317,0.06602341617867324,363.3824818435454,54.346131969367576,-41.85511419213777,0.0023526762760184283,68.59557306465783,-330.851658972393,-622.4694890620126,0.24846557333813024,704.9333905114069,-385.1918740802616,-580.6183827631644,0.24274527254952716,696.7714734832192,-385.1918740802616,-580.6183827631644,0.24274527254952716,696.7714734832192,-477.8964646563753,-954.7712422902001,0.5699867404729275,1067.6952542909582,-532.2366690295485,-912.9201520857397,0.5583496938132981,1056.7398336127578
142.0,8470.0,141.16666666666666,-139.07993525208437,-299.3652469740482,-66.24452623782418,66.24452623782418,330.0951067276776,-42.91491859476082,-57.19324690289795,-20.41918924078345,-622.1569492481649,347.51856583170587,-18.46166378527414,-579.2420306534041,404.7118127346038,1.9575254555093091,-154.52187741138638,-332.6035485299093,0.06725106782567991,366.7453218425931,57.192808706273524,-42.91550247506514,0.002556378775331325,71.50355040415629,-347.5242794234736,-622.1536886672613,0.2539242007770781,712.6347852238789,-404.7112121142163,-579.2423785660126,0.2496564802667578,706.620759911404,-404.7112121142163,-579.2423785660126,0.2496564802667578,706.620759911404,-502.04602598629714,-954.7569883582727,0.5818057287054756,1078.7080786883876,-559.2329468122676,-911.8456943976504,0.5721021931748282,1069.6747445798023
143.0,8530.5,142.175,-145.59068586095236,-299.61737777739467,-67.19533985233284,67.19533985233284,333.11742805753136,-43.9174436905887,-59.85405368846841,-20.29805182246491,-621.8593334779143,363.622501026839,-18.34220347518567,-577.9418897873256,423.47655471530743,1.9558483472792398,-161.75534076070534,-332.88332116587526,0.06848805034209704,370.10281784260326,59.85360791010308,-43.9180511075786,0.0027556247284010738,74.23779086788777,-363.62817269229157,-621.8559448406261,0.25946516568620126,720.3681448462048,-423.4759532998245,-577.9422544672307,0.25667459913059076,716.483867593584,-423.4759532998245,-577.9422544672307,0.25667459913059076,716.483867593584,-525.3833737933538,-954.7390122137161,0.5937773116526657,1089.749636797971,-585.2311413814397,-910.825338010782,0.5860493142995082,1082.6348808370612
144.0,8591.0,143.18333333333334,-151.87765893642793,-299.8505628966086,-68.16482243721111,68.16482243721111,336.1207868511303,-44.86181569518521,-62.33809108380228,-20.15219797613099,-621.5795292519033,379.14366112090653,-18.19834324123804,-576.7177135567181,441.4817522047088,1.95385473489295,-168.74016244780628,-333.1420371341016,0.06972843202834866,373.43923110563946,62.33763898620306,-44.862443772820505,0.002949310018429685,76.80247454114786,-379.14928346050414,-621.5760244068125,0.2650555017691403,728.0871742215983,-441.48114997883596,-576.7180941479313,0.2637547177331001,726.2984000424741,-441.48114997883596,-576.7180941479313,0.2637547177331001,726.2984000424741,-547.88929740248,-954.7178027638932,0.6058345660697739,1100.7582682507996,-610.2211497266572,-909.8598886909816,0.6001076143791195,1095.543184280058
145.0,8651.5,144.19166666666666,-157.9340359967318,-300.08442149664916,-69.14566438354086,69.14566438354086,339.1073867541012,-45.75209095492028,-64.65734622906893,-19.98834886762779,-621.3515880517662,394.0672904718667,-18.03530722099822,-575.5994970968459,458.72463670093566,1.9530416466295686,-175.46876875899642,-333.4014965897685,0.0709729258696612,376.7570128585473,64.65688890277963,-45.75273710082733,0.0031369130626401898,79.207488502059,-394.0728580278161,-621.3479783927296,0.27068340047176065,735.7762755667944,-458.72403319729324,-575.5998930794477,0.2708715244326143,736.0319120431282,-458.72403319729324,-575.5998930794477,0.2708715244326143,736.0319120431282,-569.5414694191976,-954.7492111797476,0.617961961824065,1111.7209819179132,-634.1926292037464,-909.0011420594965,0.6142418721433174,1108.3696888682175
146.0,8712.0,145.2,-163.75858012906968,-300.32370580101997,-70.13360664132051,70.13360664132051,342.0690001037021,-46.59004480345175,-66.82195817120373,-19.81148488994222,-621.1827858351171,408.3926032762975,-17.85809763532598,-574.5927410316654,475.21456144750124,1.9533872546162423,-181.93978689925177,-333.66698093721175,0.07221787268196778,380.0470237019345,66.8214965839471,-46.59070666998162,0.0033179031744268173,81.46045883572424,-408.398112209218,-621.1790820284011,0.27632627319640335,743.405992715757,-475.2139562107413,-574.5931519260893,0.2779928358620509,745.6444155345242,-475.2139562107413,-574.5931519260893,0.2779928358620509,745.6444155345242,-590.3377328866052,-954.8457941089238,0.6301147631448956,1122.5992737380504,-657.1535603009985,-908.2598802007794,0.6283936033746329,1121.0650345981774
147.0,8772.5,146.20833333333334,-169.3529384283465,-300.5704044198865,-71.12543812581862,71.12543812581862,344.99708081004025,-47.377503506140776,-68.84151662234217,-19.62570604518987,-621.0753927007318,422.1256822347641,-17.67115645634476,-573.697889194591,490.96719885710627,1.954549588845108,-188.1550481972772,-333.9407007350325,0.07345935959524041,383.29977011410307,68.84105162931705,-47.37817897963575,0.003491891109597134,83.5690267554714,-422.13113009823644,-621.0716045708015,0.2819623542427152,750.9491520750017,-490.966591539881,-573.6983144857479,0.2850890156169683,755.1012846314569,-490.966591539881,-573.6983144857479,0.2850890156169683,755.1012846314569,-610.2860032489067,-955.0120313824361,0.6422486992230247,1133.3565131267087,-679.1214468944837,-907.6387574885498,0.6425072333060555,1133.5846036919413
148.0,8833.0,147.21666666666667,-174.72273884777672,-300.84342733971425,-72.11705076315411,72.11705076315411,347.90056516765577,-48.11997860088013,-70.72927837725729,-19.43618008226622,-621.0663123056293,435.2843388915062,-17.48155955283437,-572.9463337047491,506.0136172687635,1.9546205294318497,-194.12080708415448,-334.2436668877322,0.07470086105243468,386.5251823588741,70.72881065224621,-48.12066589266201,0.0036590815932768805,85.54626316931969,-435.2897257439824,-621.0624480105096,0.2875978961647263,758.4165805591795,-506.0130080433867,-572.94677243959,0.292158626846728,764.4064156965585,-506.0130080433867,-572.94677243959,0.292158626846728,764.4064156965585,-629.410348986839,-955.3058358677732,0.6543835278094434,1144.0133860470164,-700.1336122768051,-907.1901764857846,0.6565907612055,1145.9411378216932
149.0,8893.5,148.225,-179.87194769375495,-301.14258947833144,-73.10612238597969,73.10612238597969,350.77168751890423,-48.81967106484808,-72.49348709592596,-19.24545358633623,-621.1534491740167,447.8791379369795,-17.29139694361947,-572.3337781091686,520.3726250329055,1.9540566427167574,-199.84147155491854,-334.57567453303295,0.07593875073208523,389.7146337289239,72.49301722080281,-48.8203685847006,0.003819332961008115,87.39946186631606,-447.8844644450644,-621.1495162050497,0.2932136504707472,765.7853582910876,-520.3720139518191,-572.3342294512416,0.2991767962257086,773.5331299342121,-520.3720139518191,-572.3342294512416,0.2991767962257086,773.5331299342121,-647.7257434133803,-955.7249065748936,0.6664795899613551,1154.5383214636079,-720.2132726974004,-906.9096360097093,0.6705963477848798,1158.0985476447
150.0,8954.0,149.23333333333332,-184.80633843864783,-301.4699643699714,-74.09190914131614,74.09190914131614,353.6064509371003,-49.47892739437521,-74.1433395887725,-19.0559439943172,-621.3389569893479,459.927978226915,-17.10273681965191,-571.8600295949727,534.0713178156875,1.9532071746652913,-205.32345707782508,-334.9390275925007,0.07717094008263814,392.86368403175084,74.14286805226611,-49.479633761524525,0.0039726995026967415,89.13696786513628,-459.93324569405013,-621.3349620607416,0.2987979074164926,773.0431589333721,-534.0707048367544,-571.8604928164204,0.30612801737994744,782.4678530195773,-534.0707048367544,-571.8604928164204,0.30612801737994744,782.4678530195773,-665.2565015022533,-956.2737003379997,0.6785130315378751,1164.9144186373296,-739.3939392123642,-906.7992472849604,0.6844943704065187,1170.0377225630582
151.0,9014.5,150.24166666666667,-189.53435119328785,-301.83072067302413,-75.07607256229676,75.07607256229676,356.4057438149078,-50.10033783037215,-75.68965520476922,-18.87033067760058,-621.630868408829,471.4588285423815,-16.91793113423046,-571.5305305784568,547.1484837471507,1.9523995433701202,-210.5761412273574,-335.33946782227747,0.07839743798587762,395.9733197243625,75.68918239137349,-50.10105190301214,0.004119483865139273,90.76875967458693,-471.4640390443676,-621.6268172611011,0.30434916631350006,780.1911560958606,-547.1478687313383,-571.5310050728347,0.3130092889325198,791.2132961577493,-547.1478687313383,-571.5310050728347,0.3130092889325198,791.2132961577493,-682.0399703841133,-956.9659905913915,0.690481452569891,1175.1435777598094,-757.7237774336,-906.8701946009829,0.6982796801890956,1181.7609202981237
152.0,9075.0,151.25,-194.06130468269114,-302.22452642192366,-76.05691860135266,76.05691860135266,359.1649403075199,-50.68608879810199,-77.13858940405771,-18.68962863227352,-622.025050688535,482.4849893338978,-16.73803308221977,-571.338961890433,559.6235787379555,1.951595550053753,-215.60543438596324,-335.7766269160963,0.07961582637605602,399.0384023122476,77.13811563795186,-50.686809568972045,0.00425972079831638,92.3008209522281,-482.49014521582467,-622.0209484893055,0.30985344823264427,787.2145835729435,-559.6229615698402,-571.3394470641092,0.31980336256953734,799.7541015135345,-559.6229615698402,-571.3394470641092,0.31980336256953734,799.7541015135345,-698.0953611764273,-957.7972757225403,0.7023566240826895,1185.2057857931536,-775.2281536968808,-907.115790506375,0.711919127316385,1193.2467253968393
153.0,9135.5,152.25833333333333,-198.3976671908749,-302.6383235464891,-77.04017798459972,77.04017798459972,361.87233829875777,-51.235678256489344,-78.49365647416562,-18.51336674008053,-622.4915268830955,493.0278519168496,-16.56256972637493,-571.2558486266062,571.5215083910152,1.9507970137055997,-220.42296636857972,-336.2359948958075,0.0808204675406543,402.0459281802236,78.49318208229062,-51.23640476945005,0.0043931743798353295,93.73552585387544,-493.03295510875773,-622.4873785297938,0.3152860652555489,794.0856573771933,-571.5208889908424,-571.256343918612,0.3264850217954418,808.0655524276123,-571.5208889908424,-571.256343918612,0.3264850217954418,808.0655524276123,-713.4556946138198,-958.7230685723505,0.7140847302355979,1195.0602287707811,-791.9436034791848,-907.492050183623,0.7253585092570347,1204.4569283449168
154.0,9196.0,153.26666666666668,-202.55341951269656,-303.0600973943365,-78.03150072049903,78.03150072049903,364.5179150452707,-51.74864418222569,-79.75836342666298,-18.3408319571754,-623.0028811842203,503.1091277487576,-16.39080073800869,-571.2542370019946,582.8674911754206,1.9500312191667104,-225.0398252297214,-336.70422111757455,0.0820063310591479,404.9847595377091,79.75788874543512,-51.74937551873675,0.004519659313473312,95.07533162555067,-503.11417971409725,-622.9986913922392,0.32062567500990014,800.7816477079325,-582.8668694885914,-571.2547418910093,0.33303293922593014,816.1285239963092,-582.8668694885914,-571.2547418910093,0.33303293922593014,816.1285239963092,-728.153769759624,-959.7026025383584,0.7256187621873522,1204.6729837321204,-807.9064333507926,-907.9586692729531,0.7385511477941975,1215.3607489784713
155.0,9256.5,154.275,-206.53296996897552,-303.4909302641608,-79.02921947788855,79.02921947788855,367.10027572423786,-52.22714389674366,-80.93851647572592,-18.17296470107976,-623.5599867068231,512.7426702529192,-16.22362833586521,-571.3328428100795,593.6811867286451,1.949336365214549,-229.46090963843199,-337.1825086129792,0.08317218003206506,407.853347622204,80.93804178507844,-52.227879259509066,0.0046393590080739955,96.3261022773628,-512.7476727377444,-623.5557596740969,0.3258660337124297,807.2991770841298,-593.6805626954537,-571.3333568075801,0.339439265140129,823.9407837480848,-593.6805626954537,-571.3333568075801,0.339439265140129,823.9407837480848,-742.2083390004093,-960.737953253784,0.7369455882200171,1214.0389751997322,-823.1412016273806,-908.5155666369809,0.7514812685460726,1225.9534952999982
156.0,9317.0,155.28333333333333,-210.33039502071912,-303.9270557110285,-80.03504649423121,80.03504649423121,369.60861767922347,-52.67118103802204,-82.03823381336406,-18.01047073968221,-624.1569062694907,521.9205049797893,-16.06122714292724,-571.4857252314687,603.9587387931533,1.9492435967549682,-233.67963858500312,-337.66667213153426,0.08431248099682875,410.63968994436317,82.03775936259252,-52.67191972534063,0.004752262472429436,97.49115390017377,-521.9254597371288,-624.1526460385111,0.33098641027962117,813.6170543189764,-603.9581122179972,-571.4862480118329,0.3456810261370791,831.4817694817904,-603.9581122179972,-571.4862480118329,0.3456810261370791,831.4817694817904,-755.6048469181393,-961.8189981547127,0.7480175148177892,1223.1248791098642,-837.637470944513,-909.1526163913446,0.7640977983669472,1236.2018494653482
157.0,9377.5,156.29166666666666,-213.94647410488687,-304.3672661533492,-81.04895289307024,81.04895289307024,372.0383400774398,-53.08211257215589,-83.06207018904388,-17.8540594788501,-624.7903220355511,530.6481034494936,-15.90421743458137,-571.7082094633952,613.7101736385375,1.9498420442687314,-237.69687860612612,-338.155370015881,0.08542443385994858,413.33867514384957,83.06159618451805,-53.08285398093376,0.004858509039529224,98.57493671051014,-530.6530123992153,-624.7860322666949,0.33597515924910226,819.7256892911929,-613.7095443112906,-571.7087407500721,0.3517452062951065,838.7432795729603,-613.7095443112906,-571.7087407500721,0.3517452062951065,838.7432795729603,-768.349631757039,-962.9410773773122,0.7588086253784709,1231.9158555363092,-851.4061341177346,-909.863802137243,0.7763725732301552,1246.0917075612635
158.0,9438.0,157.3,-217.3863949792576,-304.81226667689043,-82.06982170122501,82.06982170122501,374.38931961099206,-53.46207763068378,-84.0147549752146,-17.70413109625224,-625.4593026824296,538.9396101236343,-15.75315036461689,-571.9972250517458,622.9543650988489,1.9509807316353511,-241.51839422466838,-338.6493860152029,0.08650727434389438,415.950166963948,84.0142815821558,-53.46282124364265,0.004958336408122932,99.58249226192048,-538.9444753497859,-625.4549866005102,0.34082760191900263,825.624059589775,-622.9537328590477,-571.9977645502119,0.35762646188874925,845.7261944231486,-622.9537328590477,-571.9977645502119,0.35762646188874925,845.7261944231486,-780.462602675816,-964.1040429163075,0.7693095357419466,1240.4106093318767,-864.4718295658387,-910.6468371558799,0.7882949137894002,1255.6230350447208
159.0,9498.5,158.30833333333334,-220.64881068217804,-305.2513623060804,-83.10005603107129,83.10005603107129,376.6487645608009,-53.81132723414339,-84.89910396747291,-17.55984521878418,-626.1352682486176,546.7903101816773,-15.606981833116151,-572.3239410144743,631.6894141491503,1.9528633856680278,-245.14268888025433,-339.1368369887042,0.08755436986529475,418.4599528200328,84.89863136085937,-53.8120725483242,0.005051758344976065,100.51625121786627,-546.7951332257817,-626.1309292377063,0.34551248873082585,831.2790495781027,-631.6887788174146,-572.3244885085257,0.3632930827279779,852.4001603885245,-631.6887788174146,-572.3244885085257,0.3632930827279779,852.4001603885245,-791.9375477892735,-965.2674318704533,0.7794534511162965,1248.561690357456,-876.831161727283,-911.4610074427534,0.7997973469064945,1264.7505897466804
160.0,9559.0,159.31666666666666,-223.7389371657628,-305.6847069728974,-84.13905061388505,84.13905061388505,378.8169110284958,-54.13150938693434,-85.71927901357412,-17.42149652272929,-626.8173456192017,554.214115254581,-15.466139302589,-572.6858362322673,639.9333942681551,1.9553572201402891,-248.57555826536782,-339.6178941919141,0.08856506494847594,420.86829557747564,85.71880733644883,-54.13225597053025,0.005139007552834585,101.38054580461797,-554.2188977911641,-626.8129866838545,0.35002661469274443,836.6917634017839,-639.9327557083385,-572.6863914899687,0.36874188535929164,858.7686736405037,-639.9327557083385,-572.6863914899687,0.36874188535929164,858.7686736405037,-802.7941745630579,-966.4305420044874,0.7892335510684134,1256.3703591025494,-888.5079998273459,-912.3039631220753,0.8108728222211425,1273.477517228096
161.0,9619.5,160.325,-226.66284621664093,-306.1093091218936,-85.18677714164369,85.18677714164369,380.8923141599363,-54.42395195132121,-86.47893992019817,-17.28921233734582,-627.4989573284984,561.2263339571655,-15.331181202782322,-573.0750053771771,647.7052738773637,1.9580311345634982,-251.82374874239088,-340.08923400856503,0.08953794783383984,423.1735902903244,86.47846929177967,-54.42469943028091,0.0052202867584227874,102.17912486964106,-561.2310777920229,-627.4945810516467,0.3543649487181,841.8608982063352,-647.7046320871706,-573.0755680529788,0.3739685184855901,864.8334505131155,-647.7046320871706,-573.0755680529788,0.3739685184855901,864.8334505131155,-813.0545381151593,-967.5834718240689,0.7986380473612442,1263.833634976049,-899.5280587947306,-913.1644751448185,0.8215103809439128,1281.8034510897248
162.0,9680.0,161.33333333333334,-229.42877058085287,-306.50725739178597,-86.24623592368152,86.24623592368152,382.86323877342437,-54.68840026878752,-87.18013123143464,-17.1610081451945,-628.144305665046,567.8447778336704,-15.20155547041213,-573.4559053962585,655.024909065105,1.959452674782371,-254.8964066328367,-340.5309557221347,0.09046675908397361,425.3627979964431,87.17966181922573,-54.68914821903565,0.005295598182186723,102.91353831172172,-567.8494843380926,-628.1399145145682,0.358506458741914,846.7660769477051,-655.0242644932916,-573.456474703081,0.3789546294541424,870.5797582380739,-655.0242644932916,-573.456474703081,0.3789546294541424,870.5797582380739,-822.7455958982839,-968.6705228289806,0.8076167747894658,1270.9181316543534,-909.920341513871,-913.9870993398039,0.8316640686123478,1289.7005255718507
163.0,9740.5,162.34166666666667,-232.04046010505405,-306.881327787778,-87.31642606107926,87.31642606107926,384.7322763566307,-54.92664422490634,-87.82689110375941,-17.03748421277851,-628.756417427212,574.0811466239393,-15.07766319264192,-573.8297732023057,661.9080377276987,1.959821020136589,-257.7976988155491,-340.9461439497733,0.09135196754606056,427.4387986470251,87.82642303652055,-54.92739229865563,0.005365249466926514,103.5881219451356,-574.0858173317157,-628.7520135379144,0.3624518757350259,851.4127202417202,-661.9073907671349,-573.8303484194411,0.3837014049823395,876.0152183149182,-661.9073907671349,-573.8303484194411,0.3837014049823395,876.0152183149182,-831.883214698955,-969.6978060997051,0.816172092021894,1277.631996332453,-919.7047527100867,-914.7761573018798,0.8413364790404998,1297.1785729518954
164.0,9801.0,163.35,-234.50293338100892,-307.22433120899956,-88.3973584677733,88.3973584677733,386.4950393615874,-55.13897485798225,-88.42194074532017,-16.91831494099461,-629.3202168308198,579.9494101665914,-14.95866672485135,-574.1812419728376,668.3713509119116,1.959648216143259,-260.53320146133274,-341.32681166358344,0.09219077501398942,429.39671799411644,88.42147415180256,-55.13972273068748,0.005429373062248999,104.205307513557,-579.9540462493053,-629.3158023551719,0.36619260446180135,855.7949958108396,-668.3707018271616,-574.1818225593232,0.3882021555323689,881.1379917007772,-668.3707018271616,-574.1818225593232,0.3882021555323689,881.1379917007772,-840.4869401767966,-970.6422588611338,0.824282685329969,1283.9644431582979,-928.9035594860744,-915.5082953782934,0.8505089926780229,1304.2305247663726
165.0,9861.5,164.35833333333332,-236.82223309151593,-307.52359225516557,-89.48984441303764,89.48984441303764,388.14369746264543,-55.32493742066436,-88.9670554897748,-16.80241621215828,-629.8107327893376,585.4653427377343,-14.84284621255938,-574.4857953686733,674.4323982275091,1.9595699995989013,-263.1096282582084,-341.6588762914766,0.0929787363768142,431.2278565108325,88.96659052652156,-55.32568474760788,0.005487992837949207,104.76633821369079,-585.4699446559838,-629.8063101635065,0.3697155904758276,859.9017643994293,-674.4317471283427,-574.486381015367,0.39244646876657185,885.941749499775,-674.4317471283427,-574.486381015367,0.39244646876657185,885.941749499775,-848.5792596003474,-971.4648277691247,0.8319156817870876,1289.8956048519465,-937.5410250013838,-916.1449149179978,0.8591527083101624,1310.8412103266935
166.0,9922.0,165.36666666666667,-239.00336236692965,-307.7815210872359,-90.59367857844336,90.59367857844336,389.68201388500154,-55.48653280129656,-89.46513116825372,-16.68979530222714,-630.2307592704892,590.6426231376827,-14.7302025652607,-574.7442264691927,680.1077543059364,1.959592736966439,-265.53253822093336,-341.94501576226247,0.0937169657433401,432.93639562723916,89.46466796940759,-55.48727927359609,0.005541382464002709,105.2747119495579,-590.6471913879699,-630.2263307413381,0.37302473587796925,863.7414732743748,-680.1071012995485,-574.7448168855989,0.39643871541095166,890.4365635882967,-680.1071012995485,-574.7448168855989,0.39643871541095166,890.4365635882967,-856.1794108201179,-972.1709845266558,0.8390801552460303,1295.4379980021472,-945.6392828994292,-916.6894869444036,0.8672770104301009,1317.0243994842847
167.0,9982.5,166.375,-241.05742886604276,-307.9842676925182,-91.71088140647043,91.71088140647043,391.1048365305701,-55.62445221585222,-89.91715003503487,-16.57805842114612,-630.5529968813062,595.5083179287612,-14.61808369640494,-574.928544665454,685.4254679637961,1.9599747247411818,-267.81427180748335,-342.1698421336308,0.09440234705060391,434.51661078666075,89.91668879067588,-55.625197435544756,0.005589586682397396,105.73161075488537,-595.5128519859119,-630.5485652107183,0.3761135957125461,867.3102385938321,-685.4248131105418,-574.9291396825771,0.40017542501935566,894.62321123687,-685.4248131105418,-574.9291396825771,0.40017542501935566,894.62321123687,-863.3267998373444,-972.7180423401632,0.8457571341047299,1300.5820055696104,-953.2387224109424,-917.0986330528369,0.8748673648861782,1322.775099800048
168.0,10043.0,167.38333333333333,-242.99260167026665,-308.1247843965684,-92.84251336794114,92.84251336794114,392.41086532602105,-55.739663366694,-90.32521484186873,-16.46595228521619,-630.7626026682556,600.0822759233415,-14.505159015243411,-575.0229393015616,690.4074907652102,1.9607932699727793,-269.96390494482335,-342.3255252802121,0.09503364217788857,435.96705750713636,90.32475576487603,-55.740406904855234,0.005632777244635179,106.13931630599161,-600.0867747515255,-630.7581708198395,0.3789800754327999,870.6089864501042,-690.4068341183292,-575.0235388036643,0.4036569148935243,898.5063532193768,-690.4068341183292,-575.0235388036643,0.4036569148935243,898.5063532193768,-870.0503508813903,-973.0833283462155,0.8519397514117344,1305.3270766264595,-960.3703710202956,-917.348712528215,0.881920343864806,1328.0963481279637
169.0,10103.5,168.39166666666668,-244.81257150910096,-308.20670053799404,-93.98815313943487,93.98815313943487,393.6045800361264,-55.83373058470897,-90.69259249372408,-16.35418448131531,-630.8643496595323,604.3738685548306,-14.39219067833619,-575.0306190748233,695.0664610485546,1.961993802979121,-271.98553853724474,-342.4160977921729,0.09561246316902583,437.29271340900925,90.69213576066781,-55.83447207836627,0.005671275893348593,106.50141670936243,-604.3783314115283,-630.8599202540528,0.38162877602498924,873.6460418629119,-695.0658026733095,-575.0312229412833,0.40688877145367286,902.0961020884858,-695.0658026733095,-575.0312229412833,0.40688877145367286,902.0961020884858,-876.3635365812034,-973.2756478134129,0.8576396351989146,1309.6864261630462,-967.0509679794006,-917.4469666468557,0.8884486503157873,1333.0028174311608
170.0,10164.0,169.4,-246.52999672980513,-308.21646851109114,-95.14951261735405,95.14951261735405,394.68269628784867,-55.90363434748724,-91.02377953240648,-16.24206015549134,-630.8199954219162,608.4088236093521,-14.280601135396859,-574.916361074429,699.4326031417586,1.9614590200944821,-273.89323580147305,-342.4265079609256,0.0961367137009006,438.4899291570049,91.0233253602043,-55.90437344556384,0.005705272365652547,106.82015132909461,-608.4132499467801,-630.8155704239228,0.3840475569782953,876.4102729886627,-699.4319437457052,-574.9169684817207,0.4098673662689123,905.3919397587473,-699.4319437457052,-574.9169684817207,0.4098673662689123,905.3919397587473,-882.3061481353845,-973.2417059756515,0.8628321509496217,1313.6451413102002,-973.3248014723456,-917.3431201131394,0.894440184695533,1337.490025824526
171.0,10224.5,170.40833333333333,-248.15043889248045,-308.1528927850741,-96.32694354877458,96.32694354877458,395.6473753916991,-55.95014954451472,-91.32090053753927,-16.12923915672582,-630.6261057034135,612.2001796029508,-14.17025214323075,-574.6759561588988,703.5210801404901,1.95898701349507,-275.6931758204778,-342.3554277371001,0.09660698774283105,439.561106212815,91.32044914233431,-55.95088590345379,0.005734963060000098,107.09774070884488,-612.2045688290775,-630.6216869763028,0.3862391476650018,878.9073592706087,-703.5204204917768,-574.6765662162568,0.4125971539981066,908.4019692883951,-703.5204204917768,-574.6765662162568,0.4125971539981066,908.4019692883951,-887.8974030955419,-972.9767404312962,0.8675231440991027,1317.2112722885865,-979.213213734255,-917.0316356696616,0.8999031743117669,1341.5683131211556
172.0,10285.0,171.41666666666666,-249.6782017260557,-308.0174080878351,-97.52043888511253,97.52043888511253,396.5021161384954,-55.97500421572477,-91.58542525256053,-16.01551957719494,-630.2868132479489,615.759112406522,-14.06053797836648,-574.3118090322241,707.3445376590826,1.9549815988284605,-277.39014032544765,-342.20445141586777,0.09702459302651789,440.5101321406882,91.58497683839926,-55.97573749993107,0.005760545596089628,107.33634599310393,-615.7634637904285,-630.2824027139775,0.3882103505326029,881.147292176564,-707.3438784047553,-574.3124209918188,0.41508514569965627,911.1367181834818,-707.3438784047553,-574.3124209918188,0.41508514569965627,911.1367181834818,-893.1532589191792,-972.4864782714841,0.8717267271363127,1320.3986876465851,-984.7336319835057,-916.516512452748,0.9048518312404497,1345.251962852303
173.0,10345.5,172.425,-251.13269384746673,-307.794977516096,-98.73103431345953,98.73103431345953,397.2472505923981,-55.98070129053667,-91.8144651222974,-15.89706880622543,-629.7807558439672,619.1252614371479,-13.94541232002666,-573.8000545534305,710.9397265594453,1.95165648619877,-279.0056920769558,-341.95687309374875,0.09738934436676061,441.33737578795126,91.81401997694343,-55.981430970728574,0.005781867429277554,107.53480775012811,-619.1295722128727,-629.7763569801253,0.3899699194676032,883.1419404601127,-710.9390677273298,-573.8006684846754,0.41734086964062556,913.609087725415,-710.9390677273298,-573.8006684846754,0.41734086964062556,913.609087725415,-898.1349157263701,-971.7328529472776,0.8754559153167918,1323.2199606807137,-989.944369200855,-915.7571802471136,0.9093009469829383,1348.5551776944922
174.0,10406.0,173.43333333333334,-252.5156869523925,-307.4907303926011,-99.95845425692096,99.95845425692096,397.8878251899824,-55.9687650820706,-92.01082139043137,-15.77453622303437,-629.1157915256917,622.3054951988161,-13.82566733809654,-573.1470264436211,714.3163165892474,1.9488688849378308,-280.54179972899044,-341.6183918925626,0.09770341824477669,442.04844426198525,92.01037976809134,-55.96949068558049,0.005799246860505036,107.69630389512758,-622.3097629353982,-629.1114075066155,0.39152537867348514,884.9014657574403,-714.3156582397248,-573.1476423769044,0.4193726277357257,915.8302678819123,-714.3156582397248,-573.1476423769044,0.4193726277357257,915.8302678819123,-902.8512110039406,-970.7294213001746,0.8787283454214645,1325.6907326330127,-994.8570638131727,-914.7656718455843,0.9132688228996599,1351.4942884844427
175.0,10466.5,174.44166666666666,-253.83281445101602,-307.1080257086578,-101.20263323187828,101.20263323187828,398.4299651717897,-55.94021786237136,-92.17722254106775,-15.648241969756779,-628.2922113314271,625.3143073990941,-13.7015586005873,-572.3519934690557,717.4915299401619,1.9466833691694791,-282.00472218072605,-341.1927400196491,0.09796957933794204,442.65014308632533,92.17678467566257,-55.94093895744139,0.0058129741020707115,107.82369073901917,-625.3185297784169,-628.2878451396401,0.39288451714192263,886.4360552428208,-717.4908721121716,-572.3526114766652,0.4211904204298733,917.8129784593608,-717.4908721121716,-572.3526114766652,0.4211904204298733,917.8129784593608,-907.3228974590209,-969.4802063736857,0.8815637440040547,1327.827816700568,-999.4951968752845,-913.5449882540797,0.916777967319149,1354.0882889017653
176.0,10527.0,175.45,-255.09556598990463,-306.6477768243203,-102.4638002036227,102.4638002036227,398.88169526691485,-55.89536158367991,-92.31657168129459,-15.518313375650909,-627.2986647672951,628.1782407313585,-13.573013347922819,-571.4033031836152,720.4948124126531,1.9453000277280892,-283.4072244005005,-340.68093250121035,0.09819158108825832,443.15138791646575,92.31613779752834,-55.896077771675635,0.005823320381459496,107.9196034467763,-628.1824153659516,-627.2943192156108,0.3940557325998739,887.7563347536178,-720.4941550933335,-571.403923441344,0.42280722500898094,919.5728743540762,-720.4941550933335,-571.403923441344,0.42280722500898094,919.5728743540762,-911.5892826617331,-967.9748725236896,0.8839855778486339,1329.6504706504586,-1003.9009790782588,-912.0844921488692,0.9198580713798421,1356.3610495044259
177.0,10587.5,176.45833333333334,-256.30517211538967,-306.11264742219646,-103.74192493145526,103.74192493145526,399.2459068856254,-55.83506208495237,-92.43086242349818,-15.38501237519085,-626.1419621296227,630.9028249233961,-13.44076827081153,-570.3069000446703,723.3336873468943,1.9442441043793206,-284.75067368828576,-340.08592904528956,0.09837069747664628,443.55539146822497,92.43043272865367,-55.8357729992117,0.005830509186566246,107.98619560307544,-630.9069497400758,-626.1376397500775,0.3950460395474309,888.8711510349093,-723.3330306517605,-570.307522565644,0.4242307617419172,921.1196141255615,-723.3330306517605,-570.307522565644,0.4242307617419172,921.1196141255615,-915.6572639488815,-966.2231894641221,0.8860081309736145,1331.1707166552953,-1008.0833011842543,-910.3930875237141,0.922524183377682,1358.3252614663047
178.0,10648.0,177.46666666666667,-257.47119616426056,-305.50189899258834,-105.0361008765321,105.0361008765321,399.52825574961884,-55.75991599471308,-92.52178278984502,-15.24826348031638,-624.8305435292423,633.5113430395722,-13.30610302829882,-569.0706275345292,726.0331258294173,1.9421604520175606,-286.04569519597794,-339.4069099103233,0.0985096000327701,443.86843798024734,92.52135748536705,-55.76062128236664,0.005834724259301538,108.02522148429321,-633.5154164533185,-624.8262462759058,0.3958748887589181,889.8031360471037,-726.0324702442496,-569.0712518606271,0.42548270928755016,922.4777707582923,-726.0324702442496,-569.0712518606271,0.42548270928755016,922.4777707582923,-919.5607500001552,-964.2327769682646,0.8876688045722503,1332.4176601654522,-1012.0777597740185,-908.4777976302106,0.9248170779185827,1360.0122428185102
179.0,10708.5,178.475,-258.60321784421103,-304.81612225230487,-106.34529712660876,106.34529712660876,399.73552839885593,-55.67079642787576,-92.5909262150526,-15.10784386482555,-623.3733729459345,636.0261468216777,-13.16966609010706,-567.7025765180588,728.6170730367303,1.93817777471849,-287.30293225250074,-338.6445321561351,0.09861155181312142,444.09806804368407,92.59050549855682,-55.67149574208218,0.005836158556427051,108.03849844679884,-636.0301675380496,-623.3691024001814,0.3965617845214098,890.5747648825939,-728.6164192764696,-567.7032018879869,0.4265844968376342,923.6713765583172,-728.6164192764696,-567.7032018879869,0.4265844968376342,923.6713765583172,-923.3327361508808,-962.0132556829499,0.8890068179390198,1333.4214809120112,-1015.9189435530099,-906.3473700702625,0.9267788569911062,1361.4539489469134
180.0,10769.0,179.48333333333332,-259.70223487092886,-304.06041105379694,-107.66922014227026,107.66922014227026,399.87246012592453,-55.56904943659902,-92.63984975405037,-14.9639199662488,-621.7777845449746,638.4508451446891,-13.03122280660318,-566.2087351083755,731.0906948987395,1.9326971596456202,-288.5234934936425,-337.80445545243475,0.09867883310477055,444.24954296126396,92.6394338049998,-55.569742454097636,0.00583503045881173,108.02805641186775,-638.4548118762846,-621.773542324588,0.3971135211777721,891.194078045208,-731.0900435524258,-566.2093609035766,0.4275429373867823,924.7084362956383,-731.0900435524258,-566.2093609035766,0.4275429373867823,924.7084362956383,-926.9779399116114,-959.5776194663797,0.8900390505717226,1334.1953788195865,-1019.6131269529175,-904.0134527575883,0.9284260567010705,1362.6632934886748
181.0,10829.5,180.49166666666667,-260.7759206512128,-303.25312400236726,-109.0037794710952,109.0037794710952,399.9581703237012,-55.45847307075746,-92.67310088034719,-14.81775689171627,-620.0767238624394,640.8078479580581,-12.89126885239966,-564.6182507916819,733.4809488384053,1.9264880393166095,-289.71590530949044,-336.9070776890703,0.09872084727469144,444.34410628057947,92.67268981171621,-55.45915956465389,0.005831972904601912,107.99974915043232,-640.8117598070187,-620.0725112588323,0.3975648943388421,891.7004153446397,-733.4803002332202,-564.6188766860595,0.4283940050475721,925.6283415823235,-733.4803002332202,-564.6188766860595,0.4283940050475721,925.6283415823235,-930.5272979675296,-956.9792113620525,0.8908455284561967,1334.799709035737,-1023.1957934762191,-901.5255913082664,0.9298394441081825,1363.7001223037082
182.0,10890.0,181.5,-261.82774581684504,-302.40181376939285,-110.3475108266139,110.3475108266139,400.0007818124222,-55.3407626284752,-92.69281872548163,-14.66989670007024,-618.2842771522701,643.1073998101056,-12.74995065614348,-562.9435145237949,735.8002185355872,1.9199460439267602,-290.8840240395171,-335.96079052531934,0.098741589016349,444.39078322105183,92.69241262047298,-55.34144241603173,0.005827279325743007,107.95628099416437,-643.1112560352504,-618.2800953304344,0.39793126105358567,892.111183609447,-735.7995728674673,-562.9441403420008,0.4291536503941984,926.4486583601606,-735.7995728674673,-562.9441403420008,0.4291536503941984,926.4486583601606,-933.9949113442044,-954.240509132459,0.8914611192567534,1335.2608148546271,-1026.6831829899468,-898.9045684654398,0.9310543240825808,1364.5907010684218
183.0,10950.5,182.50833333333333,-262.85870808351314,-301.5079666965903,-111.70048696840246,111.70048696840246,400.0021929900457,-55.21643834072165,-92.69976726500317,-14.52020023862133,-616.4036458358169,645.3522946685553,-12.60705266759032,-561.1872074950952,738.0520619335584,1.9131475710310093,-292.02895816831693,-334.9672454673965,0.09874198891868247,444.391683028483,92.69936620500322,-55.21711124123681,0.005821050863552557,107.89857213437263,-645.3560945045048,-616.3994960038731,0.3982164928917342,892.4308530009124,-738.0514193715334,-561.187833091683,0.4298259331791954,927.1740298598068,-738.0514193715334,-561.187833091683,0.4298259331791954,927.1740298598068,-937.384682465611,-951.366365742185,0.8918944001123918,1335.5852667601,-1030.0799618903375,-896.1547169499956,0.9320794365219598,1365.3417171535211
184.0,11011.0,183.51666666666668,-263.87930938653886,-300.6108693170972,-113.05541238471052,113.05541238471052,399.9989808410736,-55.09281254489906,-92.7017827052623,-14.37179071217543,-614.4998478703201,647.5663394667208,-12.46497504325816,-559.407035325421,740.2681221719831,1.9068156689172695,-293.1623774862062,-333.97009167589954,0.0987401057583881,444.3874454880264,92.70138663121581,-55.09347858153556,0.005814419168359564,107.83709225291766,-647.5700832990954,-614.4957302843776,0.3984760870157089,892.7216897341119,-740.2674826083028,-559.4076608337879,0.43046653097622567,927.8646866902329,-740.2674826083028,-559.4076608337879,0.43046653097622567,927.8646866902329,-940.7320891337164,-948.4654472535026,0.892282182141102,1335.875581092668,-1033.4294427502664,-893.3773917246202,0.933050223972387,1366.052552864571
185.0,11071.5,184.525,-264.8903937370051,-299.7127364778862,-114.41187257332781,114.41187257332781,399.9933063205039,-54.97025995282456,-92.69960719393566,-14.22477089363383,-612.5785293988883,649.7518625110388,-12.32398335559992,-557.6082694460638,742.4514697049744,1.90078753803391,-294.28521984383065,-332.9717899546055,0.09873700668183716,444.3804715827482,92.69921604168434,-54.970919159891835,0.005807473280050601,107.77266169129457,-649.7555508428794,-612.5744442033387,0.3987149422846059,892.9892079651148,-742.4508330716743,-557.6088949422322,0.4310805524765371,928.5262081640562,-742.4508330716743,-557.6088949422322,0.4310805524765371,928.5262081640562,-944.040397617592,-945.545860493892,0.8926350217874912,1336.1396808085283,-1036.7356339081207,-890.5803249596268,0.9339774811323309,1366.7311695502035
186.0,11132.0,185.53333333333333,-265.8919111127034,-298.82057378927124,-115.76804240576168,115.76804240576168,399.990304526141,-54.84995926963165,-92.69477595807984,-14.08007665304467,-610.6570945121348,651.9114831462502,-12.18537909153383,-555.8071352425031,744.6062591043301,1.8946975615108403,-295.3974303084074,-331.98012399564607,0.09873522721637329,444.3764671547931,92.69438962997644,-54.85061173654772,0.00580041970010825,107.70719324514677,-651.9151169816205,-610.6530413967462,0.3989453079000782,893.2471420140431,-744.6056254168321,-555.8077606670088,0.43167999519422295,929.1715687751465,-744.6056254168321,-555.8077606670088,0.43167999519422295,929.1715687751465,-947.3121728187726,-942.6327927708899,0.8929788661848903,1336.3969974441245,-1040.002635073628,-887.7875255777442,0.9348865228631098,1367.3961282421212
187.0,11192.5,186.54166666666666,-266.88254729378974,-297.9697617320199,-117.11472143360884,117.11472143360884,400.0153409016442,-54.73792407428846,-92.69393922295421,-13.94252194586443,-608.8159279897809,654.0531176142395,-12.05488842970226,-554.0780039154924,746.7470568371937,1.88763351616217,-296.497551901849,-331.03440367371286,0.0987472923430488,444.40361688379664,92.69355744857144,-54.738570160429255,0.005794203339348769,107.64946193864533,-654.0567001649198,-608.8119046892209,0.39922113082013766,893.5558753217064,-746.7464262782543,-554.078628861759,0.43231676949417874,929.8566298740204,-746.7464262782543,-554.078628861759,0.43231676949417874,929.8566298740204,-950.5538761570663,-939.8459366878342,0.893431927329047,1336.7359710076842,-1043.2435558463849,-885.1126742174885,0.9358912193002666,1368.1306819435938
188.0,11253.0,187.55,-267.86387752508745,-297.1586994817699,-118.45188032566507,118.45188032566507,400.0679311822829,-54.63408888317645,-92.69652218790725,-13.811109056405261,-607.0529925636947,656.1793270520866,-11.93106345453998,-552.4189036805183,748.8758492399938,1.88004560186528,-297.5873347644601,-330.1328503040536,0.09877296525129253,444.4613826443119,92.69614472741242,-54.6347288969101,0.0057887643567511304,107.59892587272539,-656.1828610396981,-607.048997243174,0.3995422959146566,893.9152265042737,-748.8752218677683,-552.4195279097435,0.4329908100952906,930.5812338229925,-748.8752218677683,-552.4195279097435,0.4329908100952906,930.5812338229925,-953.7698184179608,-937.1814767246801,0.8939933929807964,1337.1559321339012,-1046.4621325769158,-882.5520205793817,0.9369909709233681,1368.9342803605205
189.0,11313.5,188.55833333333334,-268.8393642529263,-296.404756454649,-119.77590861533827,119.77590861533827,400.1629460867877,-54.54198617371731,-92.70576265407726,-13.68660014122725,-605.3998367860913,658.2982605323195,-11.81383140647085,-550.857850612374,751.0040231863968,1.8727687347564,-298.670626822916,-329.2947617608427,0.09881959650570593,444.5662869021038,92.70538922524825,-54.542620480201954,0.005784593248847614,107.56015358975702,-658.3017488042233,-605.3958675535254,0.39993275446903453,894.3519155956363,-751.0033987947362,-550.8584742000284,0.4337256758191188,931.3705833873158,-751.0033987947362,-550.8584742000284,0.4337256758191188,931.3705833873158,-956.9719966958517,-934.6902592059586,0.8947210418108753,1337.6999974263836,-1049.6735997677742,-880.152878885113,0.9382423181714117,1369.8480778024948
190.0,11374.0,189.56666666666666,-269.81318660546094,-295.7349799999065,-121.08125133636348,121.08125133636348,400.32278733759136,-54.46682553156279,-92.72693569073454,-13.57075871055713,-603.9052968844771,660.4205118492246,-11.704134522005921,-549.4384713529143,753.1474475399591,1.8666241885512085,-299.75207285036896,-328.5501883158893,0.09889827057296685,444.74321964533556,92.72656593108233,-54.4674546123464,0.005782459844283494,107.54031635307466,-660.4239577779474,-603.901351438745,0.4004284032133043,894.9059426982428,-753.1468256468644,-549.4390946867512,0.43455682430249,932.2625487233438,-753.1468256468644,-549.4390946867512,0.43455682430249,932.2625487233438,-960.1756500383915,-932.4511701540088,0.8957016328636769,1338.432838676722,-1052.8984707302745,-877.9889262971622,0.9397303137870239,1370.9338949659807
191.0,11434.5,190.575,-270.7851899685921,-295.1450414911961,-122.36804013809893,122.36804013809893,400.5436488363863,-54.40727909444831,-92.75929187424481,-13.46323188045062,-602.5624461472034,662.5459645874798,-11.60196279670345,-548.1551670527551,755.3052564617246,1.8612690837471695,-300.8315011085794,-327.89432053816876,0.0990071437056983,444.9879520845801,92.75892544375054,-54.407903407867515,0.005782219036909453,107.53807791995872,-662.5493714602436,-602.5585221697298,0.40102430154398405,895.571572941958,-755.3046366890717,-548.1557903953376,0.43548002714999257,933.2523049786419,-755.3046366890717,-548.1557903953376,0.43548002714999257,933.2523049786419,-963.3804902115841,-930.4524734194999,0.8969222894394946,1339.3445315574245,-1056.1357079962982,-876.0497544193132,0.9414433461696348,1372.1828616926323
192.0,11495.0,191.58333333333334,-271.75384457223123,-294.65713066656457,-123.62962047518522,123.62962047518522,400.8403381552826,-54.36746141640469,-92.80579979531467,-13.36654622718925,-601.4202372170985,664.6733381785452,-11.510101103340281,-547.0527758006938,757.4791379738599,1.8564451238489692,-301.9072143916971,-327.3518122999279,0.09915359244772048,445.3169378294535,92.80543626101561,-54.36808155646759,0.005784368650729732,107.55806474517911,-664.676710357009,-601.4163314355291,0.40174844717633107,896.37979283805,-757.4785199682984,-547.053399309606,0.4365206601741889,934.3666999147387,-757.4785199682984,-547.053399309606,0.4365206601741889,934.3666999147387,-966.5835404878841,-928.7677745081181,0.8984470635242658,1340.4824951139256,-1059.3853023775102,-874.4048550559916,0.9434409797837162,1373.6378960406482
193.0,11555.5,192.59166666666667,-272.7189003053354,-294.28371772155515,-124.86170885495085,124.86170885495085,401.22126700833223,-54.34964259620756,-92.86791464546695,-13.28184680460254,-600.507075432688,666.8028654530644,-11.4297281470499,-546.1574328364804,759.6707800985314,1.8521186575526405,-302.9789363835411,-326.93651848275175,0.09934186639970477,445.7395237240293,92.86755353171195,-54.35025921844078,0.005789166590552952,107.60266342464341,-666.8062077658179,-600.5031841405987,0.40261737743740866,897.3486462228764,-759.6701634895518,-546.1580566530891,0.43769378588187635,935.6213871771644,-759.6701634895518,-546.1580566530891,0.43769378588187635,935.6213871771644,-969.7847578311236,-927.4393331736104,0.9003135018614827,1341.874134648657,-1062.6486655441088,-873.0942182821251,0.9457582973437795,1375.3238529089613
194.0,11616.0,193.6,-273.6814485615469,-294.0201571846046,-126.06433597284195,126.06433597284195,401.6831937206313,-54.35270213638432,-92.94455958297476,-13.20835144724697,-599.8151027597487,668.9360016025603,-11.35994170908816,-545.4624006233644,761.880561185535,1.8484097381588105,-304.04787968544235,-326.64327760109626,0.09957047686359743,446.2521080546287,92.94420044589228,-54.35331585199218,0.005796453650397382,107.67036426349001,-668.9393185200909,-599.8112225096372,0.40362673869864807,898.4727678180509,-761.8799455787291,-545.463024938197,0.4389955778894006,937.0117198038537,-761.8799455787291,-545.463024938197,0.4389955778894006,937.0117198038537,-972.9868096784286,-926.454130164772,0.9025107007287758,1343.5105459606825,-1065.9273884260522,-872.1059451330335,0.9483854381819867,1377.232724318285
195.0,11676.5,194.60833333333332,-274.6341788224527,-293.8921168151865,-127.23107238343798,127.23107238343798,402.2393671728243,-54.38020889414474,-93.04207924287766,-13.14929158979794,-599.3955419398844,671.0647721774876,-11.30353848566301,-545.0153330457397,764.1068514203653,1.8457531041349302,-305.10592494140997,-326.5006071653437,0.09984614102176437,446.8694125957732,93.04172152948794,-54.380820506026566,0.0058070177555435976,107.76843500802757,-671.0680692589243,-599.391668345408,0.4048014446977888,899.7792649649091,-764.1062362543544,-545.0159582042536,0.4404504644339724,938.5631225336397,-764.1062362543544,-545.0159582042536,0.4404504644339724,938.5631225336397,-976.1736032930324,-925.8919047386829,0.9050957711087548,1345.4332844948979,-1069.2117216627764,-871.5162071055466,0.9513775548475323,1379.4035685718363
196.0,11737.0,195.61666666666667,-275.57656449062046,-293.8991771088695,-128.36076734856763,128.36076734856763,402.8885319808988,-54.43158079287969,-93.16023351857439,-13.10458355874289,-599.2485675960779,673.1888861395419,-11.26050301536452,-544.8169868031982,766.3491196581163,1.8440805433783698,-306.1524876870044,-326.5080409408558,0.10016842832971662,447.5900429142464,93.15987668354994,-54.43219109874646,0.00582081294275838,107.89636718400061,-673.1921689086926,-599.2446962344493,0.40614103358205256,901.2668318789431,-766.3485043908682,-544.817613127308,0.4420582285780128,940.2745672173941,-766.3485043908682,-544.817613127308,0.4420582285780128,940.2745672173941,-979.3442631366679,-925.7523652472299,0.9080667260352726,1347.639650462817,-1072.5005496641118,-871.3252946405621,0.9547330547254873,1381.8339980295334
197.0,11797.5,196.625,-276.5093149719178,-294.0359539707061,-129.45327193847336,129.45327193847336,403.62673783299147,-54.5055590919219,-93.29753083875403,-13.0732960315072,-599.3641680106521,675.3087509423494,-11.23014408221934,-544.8586089187302,768.6062817811035,1.8431519492878596,-307.18835626118897,-326.65959695110143,0.1005355942940156,448.4096101810344,93.29717437089755,-54.506168837424944,0.005837642591544068,108.05223360452823,-675.3120246400359,-599.3602946494938,0.4076396297181262,902.9280665843502,-768.6056659462204,-544.8592366422977,0.4438132271689099,942.1391921998894,-768.6056659462204,-544.8592366422977,0.4438132271689099,942.1391921998894,-982.4999847230962,-926.0195181973528,0.9114095994577909,1350.1179089484524,-1075.7935767318656,-871.5184727061678,0.9584385931571404,1384.5130075248956
198.0,11858.0,197.63333333333333,-277.42462953028735,-294.314219104308,-130.50442407802623,130.50442407802623,404.456777217289,-54.60532338474877,-93.45566650154069,-13.05661317019258,-599.765102379024,677.4088251404464,-11.21536570281023,-545.1597789942753,770.8644916419871,1.8412474673823505,-308.2048660288138,-326.9683539741925,0.10094927715975643,449.3312185286394,93.45530983611147,-54.60593338381454,0.005857851426149807,108.23910059346015,-677.4120959972538,-599.7612218448195,0.4093004192240457,904.7655337335653,-770.86387522578,-545.160407674654,0.44571559143502526,944.1562287164672,-770.86387522578,-545.160407674654,0.44571559143502526,944.1562287164672,-985.6165629650969,-926.7292006006276,0.915133928858225,1352.8736158403744,-1079.0682925411397,-872.1283989880689,0.9624986254674894,1387.4423679162833
199.0,11918.5,198.64166666666668,-278.3241243378143,-294.72792232354544,-131.514398390209,131.514398390209,405.37497010245335,-54.72922930493951,-93.63344724988565,-13.05381283600582,-600.440485868603,679.491029586643,-11.21503828471759,-545.7112565636635,773.1244768365286,1.8387745512882299,-309.2038126223861,-327.4275899925405,0.10140791739665644,450.35077931379544,93.63308985110503,-54.7298403328453,0.005881255482620418,108.45511024347283,-679.4943034365983,-600.4365933132771,0.41111838999796646,906.7726346733461,-773.1238597244575,-545.7118859146858,0.4477610826558731,946.3202232351401,-773.1238597244575,-545.7118859146858,0.4477610826558731,946.3202232351401,-988.6977139539484,-927.863805942035,0.9192276285707734,1355.8961656244192,-1082.3272202220396,-873.1391111673934,0.966902526933211,1390.6128573703584
200.0,11979.0,199.65,-279.20732918573776,-295.2694527493805,-132.48452228253882,132.48452228253882,406.37517443607646,-54.87597081810236,-93.82916323374957,-13.06371723330813,-601.3754173181951,681.5525703132153,-11.22692628996447,-546.4994465000927,775.3817335469648,1.8367909433436598,-310.184673404219,-328.0288487927969,0.10190873389603894,451.46146818439513,93.82880460423041,-54.87658358730359,0.005907641931202079,108.69813245715477,-681.5558522514501,-601.3715086295765,0.4130831208204455,908.9367806011667,-775.3811153523992,-546.5000766429603,0.44993920511604557,948.619105761576,-775.3811153523992,-546.5000766429603,0.44993920511604557,948.619105761576,-991.7401203559367,-929.3999775995201,0.9236668188083996,1359.1662093671973,-1085.565333058994,-874.5285583269575,0.9716266179404798,1394.0058434844923
201.0,12039.5,200.65833333333333,-280.0700285661151,-295.9283305017379,-133.41799672161875,133.41799672161875,407.44668079955,-55.04460568772629,-94.040427939035,-13.08486298512435,-602.5485345162451,683.5830281488597,-11.24770369642647,-547.5039288285188,777.6234560878947,1.8371592886978794,-311.1427642550882,-328.76048624377535,0.10244664383485258,452.6513857965542,94.04006762469179,-55.045220830283455,0.005936755309576824,108.96563979122628,-683.5863221756541,-602.5446067463885,0.4151752176495549,911.2355694247219,-777.622835940141,-547.5045606047817,0.4522293616249229,951.0302407697783,-777.622835940141,-547.5045606047817,0.4522293616249229,951.0302407697783,-994.7286778103726,-931.3047104234563,0.928407233979911,1362.6494802829118,-1088.7651407912772,-876.2646771090782,0.9766251348741761,1397.586961928068
202.0,12100.0,201.66666666666666,-280.91279909858713,-296.698556667252,-134.31501497507276,134.31501497507276,408.58540628102924,-55.23332947632298,-94.26606993656605,-13.11669075221289,-603.9479630999267,685.5830433778465,-11.27719133364735,-548.7146336236037,779.8491133144125,1.8394994185655396,-312.0787258891618,-329.6158374947287,0.10301987107830257,453.91599606089443,94.26570750707461,-55.23394759429474,0.005968406213696653,109.2557210339973,-685.5863533965954,-603.9440133348168,0.41738859668516426,913.661326316599,-779.8484904539466,-548.7152677358905,0.45462615994029676,953.5471215990164,-779.8484904539466,-548.7152677358905,0.45462615994029676,953.5471215990164,-997.6646672239261,-933.5594652448543,0.9334344672762285,1366.3338037885492,-1091.9267531048424,-878.3307326081841,0.9818849370235583,1401.345392824379
203.0,12160.5,202.675,-281.73623832117306,-297.5533974449717,-135.18233595277712,135.18233595277712,409.7722932488361,-55.43549559661187,-94.5014035096392,-13.15700137638487,-605.5256235413253,687.5479593873024,-11.31421959144063,-550.0901279447135,782.0493628969416,1.8427817849442396,-312.99321997035133,-330.5652000409361,0.10361905899980428,455.23412352932513,94.50103863540842,-55.43611716165401,0.006001804719879544,109.56098479445859,-687.5512887112684,-605.5216492830182,0.41969170927469435,916.1786083286122,-782.0487368902083,-550.0907647020798,0.4571001425146548,956.13810523485,-782.0487368902083,-550.0907647020798,0.4571001425146548,956.13810523485,-1000.5440930923894,-936.0864605080546,0.9386736123939698,1370.1628895020363,-1095.0414896974935,-880.6555890405707,0.9873355528711159,1405.229565112868
204.0,12221.0,203.68333333333334,-282.54123571969103,-298.4680901363391,-136.02657440969773,136.02657440969773,410.9899642468704,-55.64513412537053,-94.74210673943162,-13.20342653343687,-607.2366377338767,689.4739926792681,-11.35714319389081,-551.5915036085062,784.2160994186997,1.8462833395460603,-313.88723251538335,-331.58106132158565,0.10423560281580535,456.58645946120157,94.74173919282917,-55.645759472016856,0.0060362238540889734,109.87469086418227,-689.4773439022005,-607.2326370645104,0.42205533068440104,918.754854828399,-784.2154700730068,-551.5921430424626,0.4596240035237287,958.7741109187313,-784.2154700730068,-551.5921430424626,0.4596240035237287,958.7741109187313,-1003.3641572472225,-938.8133061828167,0.9440554735729023,1374.0851705459675,-1098.1022314446761,-883.1728254363736,0.9929118681695215,1409.1922332645197
205.0,12281.5,204.69166666666666,-283.32883357506944,-299.4404608216428,-136.84778468814335,136.84778468814335,412.23757411483876,-55.86186671280302,-94.98785220785066,-13.25577886746032,-609.0758834034204,691.3634715601802,-11.40574750024825,-553.2140166906174,786.3513237680309,1.85003136721207,-314.76192154547823,-332.66100610868847,0.10486921164787333,457.9720649125301,94.98748176655047,-55.862496167089766,0.006071620095582375,110.19637094917816,-691.366847204853,-609.071854452043,0.42447841075432535,921.3884312816333,-786.3506908862247,-553.2146588462568,0.462197040640433,961.4540383292501,-786.3506908862247,-553.2146588462568,0.462197040640433,961.4540383292501,-1006.1283459446447,-941.7324648161499,0.9495775927792494,1378.0980675561545,-1101.112137250994,-885.8752826588735,0.9986119761107304,1413.2313877166014
206.0,12342.0,205.7,-284.1049754351843,-300.45435846659524,-137.65547282673654,137.65547282673654,413.50750729412397,-56.08237188425846,-95.2377959038131,-13.31220028077951,-611.0022659413517,693.2339747436345,-11.45781970990356,-554.9198940570932,788.4717706474476,1.8543805708759498,-315.62388678017265,-333.78708793822125,0.10551613460751952,459.3824746118435,95.23742241722114,-56.08300568072981,0.006107735095461919,110.5236180861855,-693.2373764467094,-610.9982074978076,0.4269485259777994,924.0654033499203,-788.4711339670162,-554.9205391422964,0.4648118748784569,964.1698677417841,-788.4711339670162,-554.9205391422964,0.4648118748784569,964.1698677417841,-1008.8608367354594,-944.7848960324247,0.9552098000353837,1382.1789636908711,-1104.0945414756588,-888.7072413055108,1.0044131631969933,1417.3303486714722
207.0,12402.5,206.70833333333334,-284.87279996625153,-301.50236852932716,-138.45317675986738,138.45317675986738,414.79656506461833,-56.30536543321796,-95.49141395837069,-13.37189678451978,-612.9982648417354,695.0931274332106,-11.51256401499268,-556.6928994085174,790.5845413915813,1.8593327695271,-316.4766139192898,-334.9510683087728,0.10617483825470231,460.8141331589206,95.4910373051756,-56.30600376688548,0.006144452058265415,110.8553303446206,-695.096556503438,-612.9941759235411,0.4294606334998008,926.7799536994305,-790.5839006621771,-556.6935476431167,0.46746541415565446,966.9180988965417,-790.5839006621771,-556.6935476431167,0.46746541415565446,966.9180988965417,-1011.5727401959718,-947.9448410668098,0.9609398768928301,1386.318444807241,-1107.0600311655828,-891.6442266008428,1.0103061800492696,1421.482092548111
208.0,12463.0,207.71666666666667,-285.63359774125274,-302.58274637162685,-139.24087488703665,139.24087488703665,416.1043986314108,-56.53073458233848,-95.74840078130364,-13.43469466519309,-615.060911513865,696.9423848204315,-11.56989128503483,-558.5301769315265,792.6907856017351,1.8648033801582609,-317.3215367714037,-336.15100897946417,0.10684523499282506,462.26665306603843,95.74802084454788,-56.53137763941488,0.0061817400087704755,111.19118739116924,-696.9458425355432,-615.0567911549207,0.4320142751312872,929.5312602453808,-792.6901405970497,-558.5308285050269,0.4701572832166434,969.6980691897259,-792.6901405970497,-558.5308285050269,0.4701572832166434,969.6980691897259,-1014.2669452941678,-951.2073931052827,0.9667669378377042,1390.5153508733767,-1110.0111897535148,-894.6814444613924,1.0162903806287815,1425.6857046493583
209.0,12523.5,208.725,-286.40627169806976,-303.66746625531965,-140.02760781295365,140.02760781295365,417.4236247865162,-56.75511420122348,-96.00793418940157,-13.497023246600289,-617.1425920911133,698.8098612055182,-11.62704575108364,-560.3874778898899,794.8177953949198,1.8699774955166486,-318.17965218564814,-337.3557716469022,0.10752360957155815,463.7318273835179,96.00755097490054,-56.7557619925057,0.006219333159585005,111.52876921919331,-698.813347727816,-617.1384401269815,0.43460006904361137,932.3089344444369,-794.8171461527858,-560.3881327023112,0.4728846892954053,972.506634986128,-794.8171461527858,-560.3881327023112,0.4728846892954053,972.506634986128,-1016.9925620540726,-954.4938008229187,0.9726666165832398,1394.7516937013156,-1112.9963064555402,-897.7435075961677,1.0223526144548245,1429.9315310932707
210.0,12584.0,209.73333333333332,-287.19041165459197,-304.7541061960146,-140.81398239795817,140.81398239795817,418.7521913849118,-56.97797314496711,-96.26959945308045,-13.55884796794271,-619.2374275997281,700.6958476267755,-11.68388916994445,-562.259454454761,796.965447079856,1.874958797998259,-319.0505042288117,-338.56266540187124,0.10820895712804202,465.20737596547025,96.26921297149947,-56.97862567681609,0.006257162565859176,111.86744455010424,-700.6993630431054,-619.2332439130327,0.43721479947578246,935.1093025609739,-796.9647936152888,-562.2601124478015,0.4756447712361833,975.3406155349393,-796.9647936152888,-562.2601124478015,0.4756447712361833,975.3406155349393,-1019.7494255086178,-957.7954943905244,0.9786310287696054,1399.021479427655,-1116.0148016279236,-900.8223773149883,1.028485525411682,1434.2140680261232
211.0,12644.5,210.74166666666667,-287.98402763641207,-305.83941327222414,-141.6008346950548,141.6008346950548,420.0863564606545,-57.19854380004108,-96.53233428252861,-13.61979047942441,-621.336221229285,702.6001112535596,-11.74000681203324,-564.1376774292439,799.1324455360882,1.8797836673911694,-319.93188183735043,-339.76807613701885,0.10889938317770742,466.68914126840303,96.53194456089426,-57.19920105333171,0.006295082455309853,112.20590413096375,-702.6036554693484,-621.3320058514447,0.43985277586866545,937.9260941962701,-799.1317878637603,-564.1383385597447,0.47843195416508166,978.1940908670831,-799.1317878637603,-564.1383385597447,0.47843195416508166,978.1940908670831,-1022.5350915897438,-961.0996630508458,0.9846457726947477,1403.3141401157816,-1119.0631690950431,-903.9060103399356,1.0346747613132479,1438.5230105749788
212.0,12705.0,211.75,-288.7828359234845,-306.90936301880356,-142.39207894206626,142.39207894206626,421.4129606841938,-57.41377026424743,-96.79208596935496,-13.67851837130729,-623.4024767763913,704.5264937914908,-11.79429273179267,-565.9887065121438,801.3185797608458,1.88422563951462,-320.8190246538291,-340.95642210158564,0.10958807017402705,468.1625020782301,96.79169309437157,-57.4144321274231,0.006332524393748429,112.53909928815625,-704.5300661542652,-623.3982301157538,0.4424940815983547,940.7379908490926,-801.3179179964012,-565.9893706545126,0.4812273024512592,981.0475897712497,-801.3179179964012,-565.9893706545126,0.4812273024512592,981.0475897712497,-1025.3486411125011,-964.3542292725673,0.9906599484077461,1407.5933060892055,-1122.136437626336,-906.9453845801628,1.0408705993780742,1442.8236604866108
213.0,12765.5,212.75833333333333,-289.58757775399135,-307.96429922475,-143.1878783932916,143.1878783932916,422.73274629062666,-57.6241327507887,-97.0491164480336,-13.734990716329781,-625.4377076402307,706.4746459946036,-11.84656593977707,-567.813574889442,803.5237624426372,1.8884247765527107,-321.71275605846955,-342.1280851880186,0.11027536805929827,469.6282828846198,97.04872050546813,-57.62479911098272,0.006369535787698055,112.86749587161746,-706.4782457957707,-625.4334301743597,0.44513934271961375,943.5456996681905,-803.5230966620347,-567.8142419729488,0.4840313072573821,983.9016110651817,-803.5230966620347,-567.8142419729488,0.4840313072573821,983.9016110651817,-1028.1905481534834,-967.5610884150592,0.9966756282508982,1411.8605678774,-1125.2353432490704,-909.9419151676765,1.0470749814972535,1447.1174336161778
214.0,12826.0,213.76666666666668,-290.3992290157476,-308.9935356683782,-143.99004749066086,143.99004749066086,424.03857996388246,-57.82769221696071,-97.30234887683764,-13.78850174660329,-627.4240440689027,708.4408425725996,-11.89585509564495,-569.596351851942,805.7431914494373,1.8926466509583388,-322.61415951735796,-343.27119305314994,0.11095751006884313,471.07855809962757,97.30194998737024,-57.82836291844777,0.006405894481531504,113.18917363940953,-708.4444686877497,-627.4197366514198,0.44777464580647575,946.3345556165667,-805.7425216730919,-569.5970219127247,0.4868310078398608,986.7430154827333,-805.7425216730919,-569.5970219127247,0.4868310078398608,986.7430154827333,-1031.0581704881865,-970.6904987866263,1.0026610003377456,1416.0935687182098,-1128.3561672579017,-912.8677991818448,1.053258184224859,1451.3839116415913
215.0,12886.5,214.775,-291.2189574999502,-309.98061669151866,-144.80133813776777,144.80133813776777,425.31924942543105,-58.02135274279863,-97.54994243849069,-13.83788185194135,-629.3329643085599,710.4201358743012,-11.9407150123152,-571.3116115657613,807.9700783127919,1.8971668396261503,-323.52453134060437,-344.3674635769969,0.11162854240964748,472.5008702104282,97.54954077961564,-58.022027558663616,0.006441234212672953,113.50096294010996,-710.4237865473075,-629.3286283524174,0.45037834084382666,949.0819137230197,-807.9694045132215,-571.3122847531253,0.48960626242156025,989.5515576963568,-807.9694045132215,-571.3122847531253,0.48960626242156025,989.5515576963568,-1033.9478561683882,-973.6956571160989,1.0085662095482562,1420.2575125525505,-1131.4934174722969,-915.6793288214949,1.0593735546571281,1455.5912843288531
216.0,12947.0,215.78333333333333,-292.0466331488569,-310.92767284235384,-145.62184946953496,145.62184946953496,426.5761991400187,-58.20595106342807,-97.79215906746686,-13.883060091757221,-631.1668548732996,712.4124676920474,-11.98123391077388,-572.9609038098715,810.2046267595142,1.9018261809833399,-324.4437269551484,-345.4192637072666,0.11228910623550803,473.8968238980053,97.79175481487596,-58.20662976313404,0.006475619485080131,113.80351074617766,-712.4161411908051,-631.1624917723129,0.4529515271745055,951.7892882615522,-810.2039489528458,-572.9615802097169,0.49235782684231566,992.3282779882882,-810.2039489528458,-572.9615802097169,0.49235782684231566,992.3282779882882,-1036.8594024358028,-976.5813168436074,1.014394758858117,1424.355464351341,-1134.64715308811,-918.3804207479445,1.0654239471774574,1459.7420180374766
217.0,13007.5,216.79166666666666,-292.8828862422961,-311.8266467936337,-146.45314422523364,146.45314422523364,427.80397696162123,-58.38042852701619,-98.02732529351488,-13.92288595525315,-632.906798273325,714.4135306589305,-12.01640134240733,-574.5263697463088,812.4408559524454,1.9064846128458208,-325.37244594162223,-346.41764180472893,0.11293621193786407,475.2603614142288,98.02691866564314,-58.3811108101027,0.006508815375561028,114.09483284751376,-714.4172248057516,-632.9024098266823,0.45547881943885926,954.4408999322974,-812.4401742173712,-574.527049388574,0.49507030608353375,995.0579717591802,-812.4401742173712,-574.527049388574,0.49507030608353375,995.0579717591802,-1039.7892010743944,-979.319609272558,1.0201147603305927,1428.365667389371,-1137.8120929288411,-920.9442644536085,1.071377922379213,1463.8151170981628
218.0,13068.0,217.8,-293.72750213951804,-312.67321736549997,-147.2961944273265,147.2961944273265,428.99928481387207,-58.54432311025448,-98.25464803725481,-13.956714610685589,-634.5424335449934,716.4197158999741,-12.04575073643355,-575.9981104347389,814.6743639372289,1.910963874252039,-326.31044943786077,-347.3577970824657,0.11356798079731334,476.5878183570391,98.25423927664313,-58.545008636752165,0.00654070675398799,114.37400741474974,-716.4234282907289,-634.5380217602809,0.4579506196478178,957.0271833460594,-814.6736784172659,-575.9987932763399,0.49773402988062543,997.7313326550985,-814.6736784172659,-575.9987932763399,0.49773402988062543,997.7313326550985,-1042.7334041314557,-981.8953728775242,1.0257062637020198,1432.2749300919381,-1140.9835962547195,-923.3561601541013,1.0772156628924279,1467.7977263291014
219.0,13128.5,218.80833333333334,-294.57943037414225,-313.46942290610974,-148.15096642450956,148.15096642450956,430.16289925636727,-58.69827145943418,-98.47469482338056,-13.98506992700277,-636.0777770169079,718.4300338849425,-12.06985234603053,-577.3795055574737,816.9047287083231,1.9152175809722412,-327.25657040056706,-348.2419941385805,0.11418468115476088,477.8800574955565,98.47428415474705,-58.69895991669677,0.0065713762209540505,114.64184460785616,-718.4337623021568,-636.0733437195656,0.46036829060014384,959.5500869710869,-816.9040395580346,-577.38019153489,0.5003501728495507,1000.3499864662873,-816.9040395580346,-577.38019153489,0.5003501728495507,1000.3499864662873,-1045.689855220275,-984.3148884007078,1.0311720679556657,1436.0860255701596,-1144.1600740280835,-925.6217521074367,1.0829395378220141,1471.6921902946929
220.0,13189.0,219.81666666666666,-279.533753200667,-312.6820711258915,-143.43270595418292,143.43270595418292,419.41530346665763,-56.78815432474948,-92.81993698095903,-14.19385716872057,-636.1797568388283,681.9593836553395,-12.27297616424039,-579.3916025140788,774.7793206362985,1.9208810044801794,-310.54353417498925,-347.36912565576364,0.10855130383458089,465.94269612983794,92.81953377319341,-56.7888129472436,0.0059202175384243105,108.81376349446799,-681.9631886868208,-636.1754797633885,0.43489661039064487,932.6269520961067,-774.7786433020248,-579.3922562601795,0.4679887758429757,967.4592150221051,-774.7786433020248,-579.3922562601795,0.4679887758429757,967.4592150221051,-992.5062933379058,-983.5441797737543,0.9762144245195614,1397.2930601281093,-1085.3216979108722,-926.760972412305,1.0184050626138585,1427.1682059038242
221.0,13249.5,220.825,-264.8987765496713,-311.8695898649548,-138.6410565373808,138.6410565373808,409.1870023596153,-54.92726268130355,-87.48245454626158,-14.448159163293889,-636.176613625139,646.4633042924106,-12.52336824109079,-581.2493509438355,733.9457588386722,1.9247909222030994,-294.28660997016,-346.4683587805554,0.10332247157851526,454.58215147959856,87.48205758872666,-54.92789456192363,0.005335091923797108,103.2965827167728,-646.4671991783,-636.1724784362075,0.4113177155540271,906.9924266128702,-733.9450922259592,-581.2499723760195,0.43826356044274206,936.2301687030254,-733.9450922259592,-581.2499723760195,0.43826356044274206,936.2301687030254,-940.75342281844,-982.6404336854132,0.9253000402553724,1360.3673123307792,-1028.2312730381993,-927.7179439503951,0.958960527097652,1384.8899358365288
222.0,13310.0,221.83333333333334,-250.70393621717812,-311.04815025173593,-133.79792505929797,133.79792505929797,399.5039616947665,-53.13625297276303,-82.46067591244355,-14.74658984079724,-636.0825500451028,612.0424368418753,-12.81938602915034,-582.9462970723398,694.5031127543189,1.9272038116468997,-278.51849592018925,-345.55764968852736,0.09849132576178476,443.82726575538766,82.46028398793838,-53.13686089249029,0.004811612219768335,98.09803474524509,-612.0464344351278,-636.0785444182088,0.3895984521662399,882.7212201901234,-694.502455860211,-582.9468864171783,0.41108045123472436,906.7307944364451,-694.502455860211,-582.9468864171783,0.41108045123472436,906.7307944364451,-890.5645827964393,-981.6358110056705,0.878357456546297,1325.4109330996769,-973.0205675603652,-928.5041694640165,0.9044449177375569,1344.94944797474
223.0,13370.5,222.84166666666667,-236.96002335782393,-310.20777297922905,-128.91774429135694,128.91774429135694,390.35741966366334,-51.42241207067855,-77.74173718644306,-15.08251807535999,-635.8848186209798,578.7369445897639,-13.15211648034165,-584.4624065503012,656.4786817762069,1.9304015950183402,-263.25118147444743,-344.62590601632337,0.09403410416997104,433.6683060188561,77.74134928119413,-51.42299826484876,0.00434402103177689,93.20966762416472,-578.7410548797426,-635.8809344449128,0.3696429540234192,859.8172895411284,-656.4780331240011,-584.4629649282132,0.3862802572252022,878.9541315376104,-656.4780331240011,-584.4629649282132,0.3862802572252022,878.9541315376104,-841.9919235581685,-980.5064762077127,0.8351720233168436,1292.4176373070936,-919.728870399426,-929.0885232427606,0.8545537045767659,1307.3280686452113
224.0,13431.0,223.85,-223.67137808032567,-309.35272033616457,-124.01028379827036,124.01028379827036,381.743357442847,-49.79172081220895,-73.31248343689367,-15.44879341963679,-635.588017757982,546.5681315399706,-13.51449373032665,-585.7962969457731,619.8806149768643,1.934299689310139,-248.48949190330933,-343.67785880781724,0.0899307530666249,424.1008113893332,73.31209872701235,-49.7922870397507,0.003926967750977894,88.62243321195899,-546.5723623351801,-635.5842500041728,0.3513544047928363,838.2772131711718,-619.8799732725655,-585.7968254438711,0.3637046170901215,852.8828184249661,-619.8799732725655,-585.7968254438711,0.3637046170901215,852.8828184249661,-795.0615725849922,-979.2617619048957,0.7955385677993476,1261.378810084584,-868.3691565930553,-929.4743539545854,0.8089941107014553,1272.0014020359522
225.0,13491.5,224.85833333333332,-210.83494357299057,-308.4855994615055,-119.08245926406384,119.08245926406384,373.65055667903204,-48.24573625228368,-69.15780249983072,-15.838420949876308,-635.191157925874,515.53436787799,-13.89981844113208,-586.9454216735903,584.6921703778207,1.9386025087442282,-234.23003635430427,-342.71640152303644,0.08615912461262809,415.1123243213068,69.15742034684537,-48.24628386828111,0.0035552263355498326,84.32350026018266,-515.5387248790272,-635.1875041389741,0.33462172710496674,818.0729443418799,-584.6915345647086,-586.9459212724389,0.3431849113777474,828.4743237360987,-584.6915345647086,-586.9459212724389,0.3431849113777474,828.4743237360987,-749.7685074788274,-977.9035746966072,0.7592243964626988,1232.2533084603308,-818.9212940349379,-929.6620084690474,0.7674520623446313,1238.9122389477634
226.0,13552.0,225.86666666666667,-198.4386444746633,-307.60732857970646,-114.13927541070728,114.13927541070728,366.0603286575661,-46.78262484958395,-65.26033394038677,-16.24498327146284,-634.6846930682659,485.6068699155003,-14.30234533472685,-587.902068218682,550.867203855887,1.9426379367359896,-220.45940554215665,-341.7425521053263,0.08269516416081757,406.6820888746672,65.25995387590409,-46.78315487377826,0.0032237625902098443,80.29648286088907,-485.6113569506446,-634.6811528325394,0.3193193287565066,799.1486443461489,-550.8665732220057,-587.902539686459,0.32454174148099924,805.6571092363946,-550.8665732220057,-587.902539686459,0.32454174148099924,805.6571092363946,-706.0705337576354,-976.4233886205076,0.72596937983338,1204.9639963442671,-771.3257301234518,-929.6447921161323,0.7295916769622934,1207.9663991432556
227.0,13612.5,226.875,-186.4746845967602,-306.71684135086247,-109.18573980234213,109.18573980234213,358.9540761207641,-45.40010922937654,-61.60480552352965,-16.66271236899775,-634.0717663988471,456.768466392532,-14.71642463002354,-588.6716571694706,518.3732719160616,1.946287738974208,-207.16894430499437,-340.75512373503483,0.07951651614934718,398.7894505075639,61.604427216066384,-45.40062243454317,0.0029281609359443905,76.52660955552366,-456.77308552025664,-634.068340840485,0.3053422028553854,781.4629309902684,-518.3726458991092,-588.6721012579478,0.30762256864047544,784.3755751015522,-518.3726458991092,-588.6721012579478,0.30762256864047544,784.3755751015522,-663.9418235443626,-974.8231617065323,0.6955497128258159,1179.4485752464725,-725.5413667491704,-929.4269387446113,0.6951225963724994,1179.0863875596365
228.0,13673.0,227.88333333333333,-174.92773804406173,-305.807289095128,-104.22449452107689,104.22449452107689,352.3035787512285,-44.09377652336843,-58.17336568725295,-17.08596209937241,-633.3537749014795,428.9857461117208,-15.13632651040098,-589.259998378111,487.15911179897375,1.949635588971429,-194.34163276275095,-339.74650640327815,0.07659818235250526,391.40306442096824,58.17298894046,-44.094273456030024,0.002664200748903056,72.99590121289027,-428.9904975819116,-633.3504664738026,0.29258287292943663,764.9612149633205,-487.15848991597665,-589.2604158602998,0.2922756586754005,764.5595019336743,-487.15848991597665,-589.2604158602998,0.2922756586754005,764.5595019336743,-623.3319442493469,-973.0966823597474,0.667730155834434,1155.6209871498604,-681.4999217218997,-929.0066483233713,0.6637479682547465,1152.1699075813337
229.0,13733.5,228.89166666666668,-163.7817949813325,-304.8726493375397,-99.25782569553121,99.25782569553121,346.08063898663517,-42.8587882197462,-54.94907236425206,-17.50990850268863,-632.5319991447031,402.2218054160476,-15.55714698042721,-589.673210924957,457.17087778029963,1.9527615222614225,-181.95969105754557,-338.71000798151607,0.07391690204361367,384.4916106712812,54.94869709023484,-42.85926925948768,0.0024281381350022,69.68698783396832,-402.2266879295624,-632.528811173044,0.28093954218544326,749.5858893060688,-457.17025961511905,-589.6736025836298,0.2783598406219667,746.136451234298,-457.17025961511905,-589.6736025836298,0.2783598406219667,746.136451234298,-584.1862110727933,-971.238539988687,0.6422891215551729,1133.3921787126212,-639.1297698533358,-928.3833479116728,0.6351914533242464,1127.11246261962
230.0,13794.0,229.9,-153.0266972622485,-303.9130750153162,-94.28940268207953,94.28940268207953,340.2650837806563,-41.69148814980872,-51.91866512177512,-17.9312646650942,-631.6080689430237,376.4478024095297,-15.975569112924859,-589.916580793215,428.3664675313048,1.955695552169342,-170.0118400144226,-337.645796532144,0.07145435743094453,378.0326833236984,51.918291290076134,-41.69195360042542,0.00221686391466136,66.58624456673631,-376.45281362190536,-631.6050050200756,0.2703208381582556,735.2833489548494,-428.36585273635495,-589.9169474133009,0.26574968958748,729.039991108836,-428.36585273635495,-589.9169474133009,0.26574968958748,729.039991108836,-546.4645021234755,-969.2505328176316,0.6190352151991263,1112.6859608390505,-598.3775299859701,-927.5624916389617,0.6092141076052826,1103.8241908418158
231.0,13854.5,230.90833333333333,-142.6411336069577,-302.9331686548176,-89.31870877404435,89.31870877404435,334.8357771623668,-40.58838385390118,-49.06733374809846,-18.34818795032334,-630.5909482762218,351.6087017487735,-16.38973844819702,-590.0025644223206,400.676035496872,1.9584495021263206,-158.47441000834158,-336.5589851999604,0.06919304695873763,372.0028079817666,49.06696135053708,-40.58883397252233,0.0020275100487410214,63.67904003221219,-351.61383879577295,-630.588012075716,0.26063680025334435,721.9927510760084,-400.6754237845959,-590.0029067569112,0.25432214489917726,713.1929789380782,-400.6754237845959,-590.0029067569112,0.25432214489917726,713.1929789380782,-510.08811212506674,-967.1467381269292,0.597781526168184,1093.4178959578417,-559.1496872579409,-926.5616491351171,0.5855826027412192,1082.2037065213929
232.0,13915.0,231.91666666666666,-132.6106594206067,-301.9334144767072,-84.34709786797612,84.34709786797612,329.7716994672696,-39.54567364417017,-46.382061555050306,-18.7585083040176,-629.4843042269349,327.6650968473405,-16.79748493188526,-589.9386305827647,374.04715840239083,1.961023372132338,-147.33135949736024,-335.4501110762194,0.0671166555665792,366.378638176939,46.38169061468483,-39.546108646510504,0.0018575779803242654,60.95207899126949,-327.67035620542924,-629.4814993864071,0.2518074418977889,709.6582419767647,-374.0465495417631,-589.9389493643185,0.24396942233106955,698.5261521240093,-374.0465495417631,-589.9389493643185,0.24396942233106955,698.5261521240093,-475.0015924703994,-964.9313601249439,0.5783596884745279,1075.5087366460532,-521.3777771285347,-925.3888263135957,0.5640897922098986,1062.157834951824
233.0,13975.5,232.925,-122.9248991876375,-300.9122813750764,-79.37703452398637,79.37703452398637,325.05189112300826,-38.5595194529742,-43.8514762208797,-19.16027213155758,-628.2892427407205,304.5874764211476,-17.19683496048674,-589.7297232877463,348.4389526420273,1.9634371710708398,-136.57116728605865,-334.3174718034515,0.06520992990033392,361.1368932786129,43.85110678782982,-38.55993953181398,0.0017048942257957833,58.393394345720345,-304.59285395033,-628.2865726888892,0.24376044172047528,698.2269144760592,-348.4383464458022,-589.7300192403857,0.23459541587111943,684.9750191555532,-348.4383464458022,-589.7300192403857,0.23459541587111943,684.9750191555532,-441.16391021935925,-962.6038022571711,0.5606159949600453,1058.8822766483524,-485.0093950288834,-924.0472648891218,0.5445488787669817,1043.5983235974222
234.0,14036.0,233.93333333333334,-113.56659524608409,-299.87247674512224,-74.40826760785058,74.40826760785058,320.6569410835227,-37.62484629987739,-41.46309947827831,-19.55212974280585,-627.0115845836699,282.3268005158752,-17.58765756676439,-589.3867382837925,323.78989999415353,1.964472176041461,-126.17466622323546,-333.16407505978634,0.06345917558103764,356.25601371343595,41.46273163103067,-37.62525162377748,0.0015674087583406049,55.98944252320648,-282.33229208382795,-627.0090524039572,0.2364259653608869,687.6422579727167,-323.7892966731809,-589.38701189978,0.22610830474611987,672.4704888961779,-323.7892966731809,-589.38701189978,0.22610830474611987,672.4704888961779,-408.50685841894233,-960.1728926822112,0.5444050666936207,1043.4605106169754,-449.96385615753314,-922.5508681152123,0.5267839268130459,1026.4343993204286
235.0,14096.5,234.94166666666666,-104.52455489939894,-298.8137289889892,-69.44242460349415,69.44242460349415,316.5675713164925,-36.73864193842746,-39.20744711649604,-19.93304795178119,-625.6550550460815,260.8532377053052,-17.96882133930922,-588.9164131076541,300.06068482180126,1.964226612471972,-116.12942680602795,-331.9896181587341,0.06185157708227251,351.7145864695957,39.207080938472146,-36.73903268028649,0.0014434757833470258,53.73036123086336,-260.8588388564872,-625.6526634863251,0.22974432090094865,677.8558763757142,-300.06008459161814,-588.9166649219552,0.21842947006689428,660.9530184422547,-300.06008459161814,-588.9166649219552,0.21842947006689428,660.9530184422547,-376.9881759379864,-957.6420537228393,0.5295993341647431,1029.1736431990219,-416.1894155242475,-920.9060709407562,0.5106409409760815,1010.5847916379682
236.0,14157.0,235.95,-95.78834806234227,-297.73541712074797,-64.48141056125678,64.48141056125678,312.76474582756003,-35.89889092836529,-37.07591167767532,-20.30229188676458,-624.2260569706559,240.1416713837534,-18.33835085562896,-588.3271660422906,277.21758306142874,1.9639410311356187,-106.42386657563455,-330.7934101324826,0.060375161647918674,347.4914668937719,37.075547243782275,-35.899267272961886,0.0013316767688564823,51.60768929298699,-240.1473771046926,-624.223808495862,0.22366308793930756,668.824435725357,-277.21698579849726,-588.3273967864452,0.21148921380831354,650.3678828361066,-277.21698579849726,-588.3273967864452,0.21148921380831354,650.3678828361066,-346.57116325969434,-955.0169970199727,0.5160846511254036,1015.9572017561687,-383.6407663935926,-919.1206009280847,0.49598158124997127,995.9733513952402
237.0,14217.5,236.95833333333334,-103.27411564503564,-298.1732856781605,-65.10782475288579,65.10782475288579,315.55166178357246,-37.16047649504617,-40.935301512945436,-20.47299494734034,-624.0761722438037,258.7061899248511,-18.50873923103791,-586.9156957487576,299.64149143779656,1.9642557163024288,-114.74070975579647,-331.2796649503393,0.061455825428602395,350.5875737741898,40.93492109610546,-37.16089550763304,0.0015282999310528567,55.28652566470063,-258.711945662512,-624.0737305741701,0.22819997202994102,675.5737502458517,-299.6408933245645,-586.9159475561086,0.21712752074076747,658.9802686333088,-299.6408933245645,-586.9159475561086,0.21712752074076747,658.9802686333088,-373.4525671237715,-955.3531696525428,0.5260833878528715,1025.7516749469605,-414.38150826394025,-918.1954024101964,0.507397544424748,1007.3702553670721
238.0,14278.0,237.96666666666667,-110.68362800870088,-298.5746110226728,-65.82577668723388,65.82577668723388,318.42999836150614,-38.41012949123979,-44.59467163542286,-20.58139762084465,-623.8598143681884,277.1128783933818,-18.6184151971247,-585.4496848769486,321.70755002880463,1.96298242371995,-122.9728070015188,-331.7252847364055,0.06258198981257124,353.7852113857815,44.59427633945865,-38.41058837668202,0.0017320113121499503,58.85594941620517,-277.11866449557766,-623.8571861785895,0.23299629858808402,682.6364647149168,-321.7069514880567,-585.4499570871595,0.22312353231690452,668.0172264912753,-321.7069514880567,-585.4499570871595,0.22312353231690452,668.0172264912753,-400.09137506417323,-955.582240593637,0.5366054074418258,1035.958747701228,-444.6796545369251,-917.1750274157909,0.5194751477866077,1019.2889806498624
239.0,14338.5,238.975,-117.9652690552757,-298.93595365138026,-66.61202723989845,66.61202723989845,321.3697389125861,-39.62593109463342,-48.04687705473043,-20.62976818706375,-623.5906039364636,295.2073118649423,-18.66869024524931,-583.9646728418302,343.25418891967274,1.9610779418144408,-131.0628124180191,-332.12645664423474,0.06374272398801395,357.05103837123283,48.04646828336644,-39.62642666418593,0.001939358340585784,62.27934492812719,-295.21310923707756,-623.5877988605894,0.23800628967673987,689.9366077787273,-343.2535900696681,-583.9649647580056,0.22941907984463938,677.375897977286,-343.2535900696681,-583.9649647580056,0.22941907984463938,677.375897977286,-426.2758168758822,-955.7140205889306,0.5475503305207852,1046.4704301620088,-474.31628915551045,-916.0912025132574,0.5320996583346727,1031.6002294883615
240.0,14399.0,239.98333333333332,-125.08299732871825,-299.26692485560125,-67.44988763784932,67.44988763784932,324.3554354920913,-40.79680365975946,-51.2922924826853,-20.62450221274048,-623.2979358173907,312.8863463643938,-18.66491948021576,-582.5011321576312,364.17863884707907,1.9595827325247195,-138.97068405526716,-332.49386527732736,0.0649325128110334,360.36789739632246,51.29187173544702,-40.79733256666038,0.00214763917760763,65.53837387882183,-312.8921378843244,-623.2949652535921,0.2431990814288909,697.42247143342,-364.17803947259665,-582.5014431593505,0.23596681564264088,686.9742176507283,-364.17803947259665,-582.5014431593505,0.23596681564264088,686.9742176507283,-451.8627086465078,-955.7885908912351,0.5588560250124885,1057.2188694604404,-503.1486006145912,-914.9950849141634,0.5451874084405617,1044.209997901523
241.0,14459.5,240.99166666666667,-132.0152796324692,-299.56202763514744,-68.33041732079437,68.33041732079437,327.36133317378807,-41.91405969322659,-54.33430123957805,-20.57210986095015,-622.9780265130103,330.0856042187661,-18.61368764366489,-581.0639668197837,384.41990545834415,1.9584222172852606,-146.6724985641665,-332.8214066622976,0.06614145742211974,363.7071769538317,54.333870062778914,-41.9146185429855,0.0023545022598270293,68.62218798320939,-330.0913748133746,-622.9749028126167,0.24852905344818765,705.0234359654812,-384.4193053733638,-581.0642962382095,0.2427069888399913,696.7165267930317,-384.4193053733638,-581.0642962382095,0.2427069888399913,696.7165267930317,-476.76375144297367,-955.7960650255841,0.5704250590765625,1068.1057029191295,-531.0916712844472,-913.8854746353462,0.558622668123121,1056.9981192306725
242.0,14520.0,242.0,-138.74122942070238,-299.83055048887763,-69.24243996309087,69.24243996309087,330.3747686304621,-42.97450504964218,-57.18110696761869,-20.4814896278549,-622.6584664545953,346.7501082923263,-18.52435161708854,-579.6839614049532,403.93121525994496,1.9571380107663572,-154.14505188327956,-333.1194047672461,0.06736461966028173,367.0548117823594,57.18066682391461,-42.975090587123105,0.0025582435059234854,71.5296237191205,-346.75584608977454,-622.6552020465493,0.2539695909131723,712.6984758178347,-403.9306143922861,-579.684308450017,0.2495969504412443,706.5365091108204,-403.9306143922861,-579.684308450017,0.2495969504412443,706.5365091108204,-500.90076730346595,-955.7743574816927,0.5822032700386615,1079.076550159785,-558.0755237609455,-912.8034801164808,0.5723294056458883,1069.8871358857496
243.0,14580.5,243.00833333333333,-145.24811558658254,-300.0794616809799,-70.17774589712644,70.17774589712644,333.38371046618323,-43.97706288727932,-59.8419428570196,-20.36025398410857,-622.3569507710636,362.8459526225924,-18.40477125369944,-578.3798878837842,422.687895479612,1.9554827304091305,-161.37420082813128,-333.395604604851,0.06859713330698014,370.3974377108354,59.84149510579259,-43.977672042399504,0.002757520101148714,74.26331648105575,-362.8516483852295,-622.3535578553369,0.2594926685750565,720.406322647903,-422.6872938203426,-578.3802516932024,0.2565941648047243,716.3715962444747,-422.6872938203426,-578.3802516932024,0.2565941648047243,716.3715962444747,-524.2257097458272,-955.7489081881437,0.594134461739948,1090.077323065362,-584.0613421849599,-911.7756182879256,0.5862313867677216,1082.8030428195268
244.0,14641.0,244.01666666666668,-151.53129425016232,-300.3094083169345,-71.1318427875085,71.1318427875085,336.374008896045,-44.9214167019818,-62.32593295862898,-20.2142218768131,-622.0731884241104,378.3591091632843,-18.26070911192801,-577.1517717221286,440.6850421219133,1.9535127648850903,-168.3547869800293,-333.65072683817573,0.06983307332397715,373.7193356233177,62.32547886733184,-44.922046589847106,0.0029512278176824225,76.82744031830437,-378.36475546081573,-622.0696788735305,0.2650653219138377,728.1006616867891,-440.6844396555625,-577.152151440931,0.26365372540748666,726.1593360051446,-440.6844396555625,-577.152151440931,0.26365372540748666,726.1593360051446,-546.7193941412958,-955.7201464692713,0.6061517309197129,1101.0463633732556,-609.0390641692126,-910.8026353147142,0.6002451912179296,1095.6687556831848
245.0,14701.5,245.025,-157.58392692077905,-300.5400081974585,-72.09739976588025,72.09739976588025,339.34789015271906,-45.81164103001356,-64.6450644126162,-20.05026544793509,-621.8412891030312,393.2748513761908,-18.09755667636637,-576.0296480730176,457.919915788807,1.9527087715687197,-175.0792144051985,-333.90657004629253,0.07107316690735388,377.02298184171894,64.64460507286971,-45.81228905435801,0.00313884540581455,79.23187990592766,-393.2804427751215,-621.837674306487,0.2706758365222939,735.7659953112104,-457.91931205213535,-576.0300431779979,0.2707503901078212,735.8673161609687,-457.91931205213535,-576.0300431779979,0.2707503901078212,735.8673161609687,-568.359500034092,-955.743980098269,0.6182397295217967,1111.9708075183823,-632.9983539574639,-909.9363652553918,0.6143357411669825,1108.4543765654284
246.0,14762.0,246.03333333333333,-163.40481397492115,-300.7760409445837,-73.07016505819774,73.07016505819774,342.2971808771969,-46.64950756705366,-66.80950173176825,-19.87325595109724,-621.66852876544,407.5923352502286,-17.920179743669,-575.0190211983863,474.40183698199684,1.9530762074282393,-181.54615172358803,-334.16844605646736,0.07231378040817305,380.29929732440763,66.80903811463284,-46.650171373528835,0.0033198429560954423,81.48426880681984,-407.59786789456916,-621.6648194123718,0.2763016229145876,743.3728335143917,-474.4012315159066,-575.019431212745,0.2778519758717124,745.4554813911006,-474.4012315159066,-575.019431212745,0.2778519758717124,745.4554813911006,-589.1438536336095,-955.8329961738162,0.6303537970486772,1122.8121823568154,-655.9472007031313,-909.1876242613447,0.6284446305571123,1121.1105504009236
247.0,14822.5,247.04166666666666,-168.99559068406234,-301.01949391792004,-74.04692041745875,74.04692041745875,345.21333315684063,-47.43683894048445,-68.82883462822065,-19.68734068213962,-621.5571193024516,421.3177599012852,-17.73310395947192,-574.1202803619672,490.1465945295058,1.9542367226677015,-187.7574171063832,-334.438564035443,0.0735510030658304,383.5387865556096,68.82836759101292,-47.43751641053004,0.0034938310022880614,83.59223736952436,-421.3232313546847,-621.5533252242425,0.28192094037038373,750.8940014252784,-490.14598699344594,-574.1207047649997,0.28492887660380717,754.8891787578091,-490.14598699344594,-574.1207047649997,0.28492887660380717,754.8891787578091,-609.0804736684065,-955.9916149111783,0.6424497019930087,1133.5338509213623,-677.9032115504859,-908.5590107364037,0.6425163264767164,1133.5926253380337
248.0,14883.0,248.05,-174.36187135899667,-301.28924993277906,-75.02355811084271,75.02355811084271,348.1052632593594,-48.1791612401139,-70.71633444866166,-19.49770194187295,-621.5440225787461,434.4688495621085,-17.54337608872447,-573.3648613386322,505.1851840107702,1.9543258531484786,-193.7192497904148,-334.73790463469476,0.0747883089902146,386.75135751356726,70.71586466641558,-48.17985058127917,0.00366101571280808,85.56887002615606,-434.4742598874327,-621.5401519488959,0.28754006287101674,758.340321352748,-505.1845745716575,-573.3652991828508,0.2919796528999541,764.1722454343566,-505.1845745716575,-573.3652991828508,0.2919796528999541,764.1722454343566,-628.1933261077878,-956.2777771410028,0.6545472350794057,1144.1564761954996,-698.903621826054,-908.1029406574356,0.6565588271945089,1145.9132704669485
249.0,14943.5,249.05833333333334,-179.50767414731666,-301.58518075040774,-75.99776324695995,75.99776324695995,350.9652779493084,-48.8786754431203,-72.48023757711053,-19.306795365992,-621.6272013261914,447.0562562346458,-17.35301339067519,-572.7485258830711,519.5364938117564,1.9537819753168082,-199.43611533565445,-335.06632614660066,0.07602210638779638,389.928463974556,72.47976563499887,-48.87937505837404,0.0038212548680860436,87.42144892760335,-447.0616060811894,-621.6232616673515,0.2931398225269888,765.6889440744519,-519.5358825216582,-572.7489763331749,0.2989795062635636,773.278037395514,-519.5358825216582,-572.7489763331749,0.2989795062635636,773.278037395514,-646.4975291192371,-956.6893032512817,0.666606961297056,1154.6486383799627,-718.9717853845472,-907.8150341994691,0.6705245071403354,1158.036512592598
250.0,15004.0,250.06666666666666,-184.4387388700852,-301.9092982867732,-76.96877776197653,76.96877776197653,353.789305643909,-49.53772804583423,-74.12976265186444,-19.11716390168294,-621.8086928129196,459.097878774628,-17.16421502351295,-572.2709647670854,533.2276414264925,1.952948878169991,-204.91439179095462,-335.42606403335276,0.07725027917349081,393.0655828178852,74.12928903870981,-49.53843655258815,0.003974604090295486,89.15833213704362,-459.10316946873434,-621.8046908420606,0.2987084414263208,772.9274181767834,-533.2270282444787,-572.2714270948378,0.3059128717008974,782.1928470138297,-533.2270282444787,-572.2714270948378,0.3059128717008974,782.1928470138297,-664.0173602972757,-957.2304651731316,0.678604839432495,1164.9932266892079,-738.141197692082,-907.6972177110694,0.6843835675951482,1169.9430185999308
251.0,15064.5,251.075,-189.1635092761135,-302.2668356607028,-77.93826296165207,77.93826296165207,356.57828478749036,-50.15892020310275,-75.67572174593806,-18.9313377632061,-622.0965879037976,470.6217150669545,-16.97920924925711,-571.9376677006949,546.2974368128926,1.9521285139489886,-210.16346072982654,-335.8229316500034,0.07847286398465769,396.1637561008581,75.67524684973067,-50.159636452515024,0.00412136602623292,90.78949341645291,-470.62694867012425,-622.0925293920051,0.3042444661760513,780.0569466006276,-546.2968216082751,-571.9381412920977,0.31277677625674016,790.9193731120531,-546.2968216082751,-571.9381412920977,0.31277677625674016,790.9193731120531,-680.7901998380893,-957.9151661751235,0.6905386191746743,1175.1922233336552,-756.460050194468,-907.7607943670604,0.6981309772502442,1181.6350821341305
252.0,15125.0,252.08333333333334,-193.6873122758698,-302.6573679107969,-78.9045326428095,78.9045326428095,359.3275070007051,-50.74443106423132,-77.12427759543061,-18.75046655186452,-622.4868120625615,481.641007354483,-16.79909837548621,-571.7423809983302,558.7652849499136,1.9513681763783097,-215.1892415943241,-336.2564573713311,0.07968741044805938,399.21775364061426,77.12380174048002,-50.745154047261266,0.004261575647923621,92.32091558355097,-481.6461862133004,-622.4827021977299,0.3097339295043966,787.0627441501757,-558.7646675910869,-571.7428652754836,0.31955397994387624,799.4422166370736,-558.7646675910869,-571.7428652754836,0.31955397994387624,799.4422166370736,-696.8352097268564,-958.7388595232196,0.7023800018268744,1185.2255103038221,-773.9536673308089,-907.9990389040591,0.7117335202311281,1193.0911674409058
253.0,15185.5,253.09166666666667,-198.02064434770728,-303.06795224532834,-79.87330263858894,79.87330263858894,362.0253572141844,-51.29376586410217,-78.47894448786974,-18.57402276073117,-622.9493301361799,492.1772051602602,-16.623444025754,-571.6555642720778,570.6561496481299,1.9505787349771708,-220.0033954804008,-336.7122593449746,0.08088832303965177,402.21466857401293,78.47846800260017,-51.29449462085534,0.0043949974770640665,93.75497383309377,-492.18233121541573,-622.9451738263259,0.3151521179578509,793.9169583490155,-570.6555300651972,-571.6560586648767,0.3262192449504653,807.7365804532144,-570.6555300651972,-571.6560586648767,0.3262192449504653,807.7365804532144,-712.1855001958752,-959.6571279667112,0.7140752499301684,1195.0522959044788,-790.6586740926308,-908.3680291218094,0.7251370706118365,1204.273065068117
254.0,15246.0,254.1,-202.17345536366335,-303.48651876010996,-80.85023046078277,80.85023046078277,364.66172423605656,-51.8064662173856,-79.74325126269832,-18.40130062191747,-623.4566681087017,502.2520199418068,-16.45147858653218,-571.6502018913161,581.9952712045051,1.9498220353852924,-224.61697604100135,-337.1769255785219,0.08207053592279578,405.14326486859915,79.742774484829,-51.80719982615838,0.004521447993788286,95.09414301819959,-502.25709465737526,-623.4524700853156,0.3204776370946405,800.5967596669055,-581.9946493428762,-571.6507058787585,0.3327512060335991,815.7832441251904,-581.9946493428762,-571.6507058787585,0.3327512060335991,815.7832441251904,-726.8738358968802,-960.6290853525626,0.7255771697911584,1204.6384573542161,-806.6113644666533,-908.8273374759201,0.7382947837530907,1215.1497943176907
255.0,15306.5,255.10833333333332,-206.15015455405222,-303.91414452424215,-81.83364161595819,81.83364161595819,367.2352018319616,-52.28468580753542,-80.92298958217725,-18.23326965677552,-624.0098155103624,511.87927601858974,-16.28413701837417,-571.725129702827,592.802265600767,1.9491326384013485,-229.03488293007553,-337.65165329358524,0.0832328118649528,408.00198108671594,80.92251279210994,-52.285423469105154,0.004641109274672317,96.34427115263705,-511.88430115259644,-624.0055799793148,0.3257043038606966,807.0988177489812,-592.8016414016402,-571.7256427955408,0.3391420557719016,823.579988026939,-592.8016414016402,-571.7256427955408,0.3391420557719016,823.579988026939,-740.9189411087895,-961.6569179111215,0.7368727238388217,1213.978955773158,-821.8362540985287,-909.3769970711127,0.7511909578816756,1225.7166684649335
256.0,15367.0,256.1166666666667,-209.9448201988708,-304.34706854975957,-82.82525573122257,82.82525573122257,369.73499383094406,-52.72843191050924,-82.02229219023138,-18.07061016734224,-624.6027769520879,521.0510571487248,-16.12155938346405,-571.8743450415786,603.0733493389562,1.9490507838781923,-233.25053716723886,-338.1322633121468,0.0843696238428393,410.77882197284765,82.02181563831641,-52.729172920524135,0.004753971882820451,97.50868636941277,-521.0560344547123,-624.5985079722426,0.33081139827473294,813.4019223009138,-603.0727226049526,-571.8748669156125,0.3453688456334092,831.1062339796878,-603.0727226049526,-571.8748669156125,0.3453688456334092,831.1062339796878,-754.3063206389843,-962.7304509517365,0.7479142529742688,1223.0404517208972,-836.322980409913,-910.0068262523979,0.7637745673694241,1235.940351063789
257.0,15427.5,257.125,-213.55827084335036,-304.78410985779186,-83.82502926451707,83.82502926451707,372.1565378539094,-53.13906876835972,-83.04570656036958,-17.91399154171813,-625.2322345972061,529.7727766446769,-15.964329577400349,-572.0931658288464,612.8184832050465,1.9496619643177804,-237.26484872876318,-338.6174435425356,0.0854781943004923,413.46871890575375,83.04523045497214,-53.13981251947573,0.004860174929177674,98.591835239661,-529.7777080316401,-625.2279358556078,0.3357872522258276,819.4964256795279,-612.8178537252915,-572.0936962081797,0.35141852128273143,838.3536956950866,-612.8178537252915,-572.0936962081797,0.35141852128273143,838.3536956950866,-767.0422979521362,-963.8450541865236,0.758675875456305,1231.8080919232168,-850.0824141732453,-910.710830909536,0.7760174652871044,1245.8066978558713
258.0,15488.0,258.1333333333333,-216.99564240407193,-305.2259432934079,-84.83186002194998,84.83186002194998,374.49964657087,-53.51873187464662,-83.99796934099868,-17.76388307916932,-625.8971989154816,538.0586953833699,-15.813084246474322,-572.378467040835,622.0566647243686,1.9507988326949999,-241.08352450846203,-339.107944128992,0.08655773553467583,416.071464487549,83.997493847454,-53.51947784840751,0.00495995666760507,99.59876245124362,-538.0635829507537,-625.8928736400247,0.3406272122141729,825.3813110139886,-622.0560323423825,-572.3790056265793,0.3572857805167473,845.3232715687052,-622.0560323423825,-572.3790056265793,0.3572857805167473,845.3232715687052,-779.1468410194493,-965.0004877740901,0.7691481664906519,1240.2805091086527,-863.1392598742306,-911.4866361442834,0.7879089453100008,1255.3156056569424
259.0,15548.5,259.14166666666665,-220.25561065674992,-305.6619025301188,-85.84814383993944,85.84814383993944,376.75155299495407,-53.86767588788643,-84.88190360367298,-17.61945168254897,-626.5692645683885,545.903982128948,-15.66674291098025,-572.701588680502,630.785885732621,1.9527087715687197,-244.70509320439982,-339.59191379797295,0.08760162917287317,418.5728736518217,84.88142889684455,-53.86842358066418,0.005053331975091169,100.53190553568521,-545.9088274225611,-626.5649161561913,0.34530008063970996,831.023490652154,-630.7852502602885,-572.7021352654275,0.362938949671765,851.9846053089896,-630.7852502602885,-572.7021352654275,0.362938949671765,851.9846053089896,-790.613646787631,-966.1564953132831,0.7792644595161491,1248.4103139284307,-875.4900380575629,-912.2937308176251,0.7993816484308525,1264.4218671104888
260.0,15609.0,260.15,-223.34339973895115,-306.0920819279999,-86.87326806011697,86.87326806011697,378.91243952392267,-54.187541536521174,-85.70166392019019,-17.48096838127822,-627.2474420256913,553.3226067200303,-15.52576759422664,-573.0599004891701,639.0242706402205,1.9552007870515808,-248.13535957673716,-340.06945762252695,0.08860920019948537,420.9731495950262,85.70119014362444,-54.1882905149491,0.005140532333136605,101.39558580611975,-553.3274114286231,-627.2430734840442,0.3498026098780471,836.423993840451,-639.0236319494467,-573.0604548321992,0.3683748113214591,858.3411251258725,-639.0236319494467,-573.0604548321992,0.3683748113214591,858.3411251258725,-801.46249000758,-967.3121919608443,0.789017810975956,1256.1986306334056,-887.1586779646624,-913.129589713924,0.8104284121568384,1273.1284960675127
261.0,15669.5,261.15833333333336,-226.26509871770392,-306.5135865654156,-87.90720437445998,87.90720437445998,380.9809360675765,-54.47967487270944,-86.46091737318784,-17.34842953737825,-627.9251538217068,560.3298777714372,-15.39053300803062,-573.4454789489973,646.790795144625,1.9578965293476325,-251.38108915589447,-340.5373593566284,0.08957907660089859,423.27077043281554,86.46044464995416,-54.48042475572203,0.005221762577889422,102.19356716854381,-560.3346436572697,-627.9207677871022,0.3541297644016339,841.5814895189077,-646.7901532261457,-573.4460407123415,0.3735890017342314,864.3945071082771,-646.7901532261457,-573.4460407123415,0.3735890017342314,864.3945071082771,-811.7154449074509,-968.4577836433936,0.7983965398805637,1263.6425294365392,-898.1709209530891,-913.9830729813148,0.8210383674045474,1281.4351567450017
262.0,15730.0,262.1666666666667,-229.02890395926076,-306.90846642755787,-88.95296082300774,88.95296082300774,382.945225343907,-54.74381032399833,-87.16170850675553,-17.22002161841374,-628.5666604526341,566.9436068274081,-15.260689906426709,-573.8228501286358,654.1053153341636,1.9593317119870302,-254.451387807419,-340.97567539435914,0.09050496407869701,425.4526060182978,87.16123700375064,-54.74456068788445,0.005297024041617249,102.92739266557496,-566.9483352810537,-628.5622593896629,0.3582605285767926,846.4755925642487,-654.10467063906,-573.8234185234672,0.378563189573633,870.130010859177,-654.10467063906,-573.8234185234672,0.378563189573633,870.130010859177,-821.3994285467946,-969.5375871221927,0.8073504028649481,1270.7085244302582,-908.5557294605957,-914.7987626713555,0.8311654903225829,1289.3138833196197
263.0,15790.5,263.175,-231.6385680387612,-307.2794672789314,-90.009528776136,90.009528776136,384.8078705201749,-54.98173777596094,-87.80807547736913,-17.09631578705739,-629.1748723015189,573.1754936277866,-15.13661300123204,-574.193134525558,660.9835691051558,1.9597027858253484,-257.3504254215668,-341.3874567481907,0.09138732270930205,427.52150482713637,87.80760532343925,-54.98248827221897,0.0053666248112094195,103.60139752552362,-573.1801861933469,-629.1704583484898,0.36219556132088826,851.1116210598283,-660.9829220294886,-574.1937088283639,0.38329849261220517,875.5551601542377,-660.9829220294886,-574.1937088283639,0.38329849261220517,875.5551601542377,-830.5303107145838,-970.557563464612,0.8158816232617383,1277.4046269737821,-918.3330112247892,-915.5808303579353,0.840812241720279,1296.7743737536284
264.0,15851.0,264.18333333333334,-234.09911864291647,-307.6194359437068,-91.0769265374256,91.0769265374256,386.5645026638046,-55.19375190488063,-88.40273949317634,-16.97692641755566,-629.7348882071674,579.0395080111921,-15.01739097875543,-574.5411363022868,667.4422475043684,1.9595354388002306,-260.08378824603545,-341.76475632266886,0.09222336694314492,429.4726132976372,88.40227081877052,-55.19450220571341,0.005430697225250469,104.21801456395025,-579.0441658480443,-629.7304635402184,0.36592636831755954,855.4838412928883,-667.4415983116828,-574.5417159734648,0.3877883104630442,880.6681954916887,-667.4415983116828,-574.5417159734648,0.3877883104630442,880.6681954916887,-839.1276471247012,-971.4948644709801,0.8239690795219801,1283.7201719465675,-927.5250434209264,-916.3061333097643,0.8499601792388845,1303.8096625328724
265.0,15911.5,265.19166666666666,-236.41663119633455,-307.91566291554767,-92.15595105160901,92.15595105160901,388.20726290854583,-55.37940160138533,-88.94748316379264,-16.86081668594852,-630.2216206677258,584.551424253732,-14.90135309722973,-574.8422190663405,673.4989074175246,1.9594635887187906,-262.6582263209963,-342.0934536990622,0.09300864178829471,431.29720022027044,88.9470161258573,-55.38015136103396,0.005489266374780755,104.77849417921861,-584.5560478237361,-630.2171877314288,0.3694398065245963,859.5809890635187,-673.498256217099,-574.8428037972593,0.39202215185163425,885.4626757831,-673.498256217099,-574.8428037972593,0.39202215185163425,885.4626757831,-847.2139614112913,-972.3102825200452,0.8315797366265087,1289.6351351853061,-936.1561328371738,-916.9359149751083,0.8585802571126067,1310.4044326924002
266.0,15972.0,266.2,-238.59605153120356,-308.17058473076037,-93.24640427621489,93.24640427621489,389.73989415965553,-55.54068411584012,-89.44518776843324,-16.74803752393927,-630.637863650918,589.72486294806,-14.7885320984642,-575.0971795350779,679.1700507164933,1.9595054254750703,-265.0792349763163,-342.3762560963866,0.09374425502528538,432.999424427109,89.44472250026925,-55.541433026308454,0.005542604597508216,105.28631993647646,-589.7294527591201,-630.6334246910696,0.37273974129448106,863.4114568322326,-679.1693976116435,-575.0977690397048,0.39600433576758576,889.9486022274591,-679.1693976116435,-575.0977690397048,0.39600433576758576,889.9486022274591,-854.8083695425017,-973.0093185955293,0.8387225929329389,1295.1619523108475,-944.24827666916,-917.4736793095341,0.8666817556957085,1316.5723528232136
267.0,16032.5,267.2083333333333,-240.64852277660975,-308.370362745336,-94.35030665372324,94.35030665372324,391.15724732421177,-55.67829430219717,-89.89687194116414,-16.63601869950071,-630.9564341790974,594.5870070718229,-14.67612764827209,-575.2781398769002,684.483879012987,1.9598910512286205,-267.3591940343608,-342.59778824493156,0.09442709603124655,434.5735647103054,89.89640863691206,-55.67904195889264,0.00559075996608982,105.74270660085644,-594.5915625629057,-630.9519919973294,0.37581984180246053,866.9714773142169,-684.4832240680815,-575.2787339811289,0.39973153276307016,894.1268958048214,-684.4832240680815,-575.2787339811289,0.39973153276307016,894.1268958048214,-861.9504332518671,-973.5494150324853,0.8453788638007609,1300.2911262071952,-951.8420563148244,-917.8761733486052,0.8742503669889601,1322.3085758516095
268.0,16093.0,268.21666666666664,-242.58221219497494,-308.5079606535146,-95.46871842758264,95.46871842758264,392.4580123529119,-55.79319622484036,-90.30458750203252,-16.52382707106881,-631.1622564680874,599.1576472297311,-14.56309746572515,-575.3690602432471,689.4622347317636,1.9607296053436585,-269.50717736807565,-342.75023266950154,0.095055924798082,436.01816550220104,90.30412636977366,-55.79394220621325,0.005633899569090772,106.14989037355768,-599.1621674177521,-631.1578139813962,0.37867781621514496,870.2617359246086,-689.4615779951757,-575.3696588370011,0.40320383720704456,898.0019553663593,-689.4615779951757,-575.3696588370011,0.40320383720704456,898.0019553663593,-868.6690165957616,-973.9076787008277,0.8515413759679902,1305.0218492522959,-958.9683880564048,-918.1195398457002,0.8812823176773676,1327.6158551094438
269.0,16153.5,269.225,-244.4007568556117,-308.5869368533168,-96.6012109984149,96.6012109984149,393.6465769546444,-55.88696149061434,-90.67164501175284,-16.41184462641831,-631.2603945843875,603.4461548551917,-14.449925402004741,-575.3734330937732,694.1177998669446,1.9619192244135706,-271.52722624903055,-342.8375431339912,0.09563231229137159,437.33810213225587,90.67118623217489,-55.88770542691494,0.005672349812080313,106.51149999242035,-603.4506389649885,-631.2559544496551,0.3813184495937705,873.2907612561797,-694.1171414123573,-575.3740360457791,0.4064270262560399,901.5840988826678,-694.1171414123573,-575.3740360457791,0.4064270262560399,901.5840988826678,-874.9775324850153,-974.0931271638084,0.8572219186708807,1309.3674437457707,-965.6439951820934,-918.2112249967887,0.887790483461437,1332.5089790096495
270.0,16214.0,270.23333333333335,-246.11690696474403,-308.5938255935616,-97.74950399332738,97.74950399332738,394.71975006118197,-55.95656693913043,-91.00252646021545,-16.29948565096129,-631.2124314717948,607.4781995266676,-14.33809575246414,-575.2558645326644,698.480725986883,1.9613898984971507,-273.4335058999893,-342.84475890648474,0.09615421003861258,438.5298289266138,91.00207025146356,-55.957308477399344,0.005706298544794208,106.82975784905224,-607.4826469952836,-631.2079956718866,0.383729423680812,876.0472020390893,-698.4800665172448,-575.2564710260363,0.4093972891805464,904.8725936723157,-698.4800665172448,-575.2564710260363,0.4093972891805464,904.8725936723157,-880.9158159340265,-974.0523819912308,0.8623957307163366,1313.3128788013548,-971.9131951093708,-918.1008735152186,0.8937626359006856,1336.9833479804875
271.0,16274.5,271.2416666666667,-247.73614859441295,-308.52739837428095,-98.91394120131736,98.91394120131736,395.67961138779356,-56.00278745987453,-91.29934915108606,-16.18649184820242,-631.0149910859764,611.2668779678643,-14.22754576196894,-575.0122036261018,702.5662271189503,1.9589460862334784,-275.23211151634683,-342.7705153123283,0.09662217537176332,439.59565668603443,91.29889572820592,-56.003526258437326,0.005735941610574002,107.10687799842405,-611.2712882122294,-631.0105614788172,0.3859135326855778,878.5368042890693,-702.5655673959209,-575.0128127791866,0.4121191405914715,907.8756034559933,-702.5655673959209,-575.0128127791866,0.4121191405914715,907.8756034559933,-886.5030588386596,-973.7807023400715,0.867068640775237,1316.8661775519267,-977.797297115662,-917.7829697284639,0.8992069712165929,1341.0492659743313
272.0,16335.0,272.25,-249.26281821535667,-308.3890953803348,-100.09451625592192,100.09451625592192,396.5296794619076,-56.0273474548012,-91.56359010376036,-16.07255035196431,-630.672206170857,614.8233660496771,-14.11761513736565,-574.6448587160558,706.3869561534375,1.9549352145986598,-276.92786118578425,-342.6164127010319,0.0970375280129332,440.5394948844619,91.56313967279189,-56.028083174991025,0.005761477295251893,107.3450262052365,-614.8277383306411,-630.6677846891537,0.38787757639102693,880.7695512820002,-706.3862968337069,-574.6454697701661,0.41459959398970625,910.6036548805482,-706.3862968337069,-574.6454697701661,0.41459959398970625,910.6036548805482,-891.7552549956756,-973.2838213716873,0.8712547953093619,1320.0412235064014,-983.3137720678727,-917.2615224451523,0.9041377462271072,1344.7210398059322
273.0,16395.5,273.2583333333333,-250.71632080653217,-308.1639060837915,-101.29226438948535,101.29226438948535,397.2702688744576,-56.03276076726615,-91.79236076306552,-15.95387220731936,-630.1626563072205,618.1873031891882,-14.00226392433979,-574.1298955399543,709.9796639522538,1.951608282979571,-278.5423135611938,-342.36577451561476,0.09740007678171736,441.3616929500103,91.79191361248063,-56.033492878679674,0.005782753831340415,107.54305058359724,-618.1916347324592,-630.1582464325464,0.3896302323003198,882.7572218906693,-709.9790050622845,-574.1305085656504,0.41684810114794857,913.0695638860622,-709.9790050622845,-574.1305085656504,0.41684810114794857,913.0695638860622,-896.7336004174146,-972.5236436701524,0.8749670765695328,1322.85047817773,-988.5209288281326,-916.4959216869495,0.9085696133226406,1348.0127600286448
274.0,16456.0,274.26666666666665,-252.0983862268622,-307.8569006902399,-102.50691025248672,102.50691025248672,397.9063553661696,-56.02054079645313,-91.98846237268299,-15.83113953529391,-629.494315944612,621.3654996827245,-13.88229884469183,-573.4737751481589,713.3539620554075,1.948840690602081,-280.0773908065225,-342.02423417939985,0.09771196551877637,442.067779426407,91.98801875649258,-56.02126882689973,0.005800089075691517,107.70412320668413,-621.3697880548623,-629.489920852227,0.39117906347474474,884.5100191416078,-713.3533036489082,-573.474390183467,0.41887299373488673,915.284552487974,-713.3533036489082,-573.474390183467,0.41887299373488673,915.284552487974,-901.4468278989281,-971.5137767898368,0.8782230866977159,1325.309549509658,-993.4303011203787,-915.4982618839329,0.9125208317861677,1350.9407206449248
275.0,16516.5,275.275,-253.4146933612647,-307.4715252751048,-103.73838836130741,103.73838836130741,398.44415627084203,-55.99171709036455,-92.1546234167181,-15.70469066791702,-628.6674179136753,624.3725074455142,-13.75802185066277,-572.6757008233108,716.5271308622323,1.9466688172542508,-281.5394023209424,-341.59562063457423,0.09797600630800929,442.6646621269349,92.15418356804307,-55.992440609482024,0.005813773462648442,107.83110383604051,-624.3767503402031,-628.6630405714931,0.39253184946907993,886.0381170954143,-716.5264729796219,-572.6763179381904,0.4206842643128539,917.2613322319108,-716.5264729796219,-572.6763179381904,0.4206842643128539,917.2613322319108,-905.9157988691733,-970.2582822860929,0.8810426725958109,1327.435335142745,-998.0654787151349,-914.271575283188,0.9160140260755512,1353.5239980043477
276.0,16577.0,276.28333333333336,-254.67671093792893,-307.0085831495817,-104.98692768123878,104.98692768123878,398.8915857995441,-55.94658432528377,-92.29375427821651,-15.57447649247479,-627.6706117205322,627.234810963273,-13.62919556413544,-571.7240273952484,719.5285652414896,1.9452809283393504,-282.9410897933199,-341.08082663835313,0.09819590007786871,443.1611338934562,92.29331842592705,-55.94730292786556,0.005824078663785315,107.92662938761647,-627.2390059528577,-627.6662549777631,0.39369692661495037,887.3520711794949,-719.5279078747509,-571.7246467587336,0.4222948301046969,919.0154960184376,-719.5279078747509,-571.7246467587336,0.4222948301046969,919.0154960184376,-910.1797393593163,-968.7467022969755,0.883449055688601,1329.2469037584617,-1002.4685980958288,-912.8051095636612,0.9190786515178573,1355.7862878100457
277.0,16637.5,277.2916666666667,-255.88566222722875,-306.47081462120696,-106.25249024087675,106.25249024087675,399.25159028869706,-55.88602289208211,-92.40782674169168,-15.44098995509557,-626.5106494538486,629.9579399637878,-13.496766769094389,-570.6246265617665,722.3657667054795,1.9442231860011816,-284.28381243555003,-340.48289701897374,0.09837294945302943,443.56046845421656,92.40739509064748,-55.8867362153891,0.005831226945751666,107.99284213431696,-629.9620850009043,-626.5063158134031,0.39468127399633346,888.4606869708813,-722.3651099691464,-570.6252481879236,0.4237123527595088,920.5566391973209,-722.3651099691464,-570.6252481879236,0.4237123527595088,920.5566391973209,-914.2455386840634,-966.9888333833762,0.8854565465288289,1330.7562920729913,-1006.6485201028431,-911.1077810874043,0.9217297406438618,1357.7402666869896
278.0,16698.0,278.3,-257.05114967422566,-305.85749209421925,-107.53418473541383,107.53418473541383,399.5298474695058,-55.81061486736871,-92.49855065718293,-15.30401459604036,-625.1960876397789,632.5651775114238,-13.36185778200161,-569.3854727724101,725.0637281686068,1.9421568140387502,-285.5782388100777,-339.8010241534918,0.09850983817560888,443.8689744706513,92.49812341041974,-55.811322556212474,0.005835403271703399,108.03150725562813,-632.5692709888248,-625.19177907588,0.3955043997860841,889.3866668797083,-725.0630725428979,-569.3860962106492,0.42495858310065415,921.9094238174107,-725.0630725428979,-569.3860962106492,0.42495858310065415,921.9094238174107,-918.1471488855535,-964.9924239016707,0.8871026760948197,1331.992704632534,-1010.6409065506895,-909.1867561983181,0.9240082265993266,1359.4173750691946
279.0,16758.5,279.30833333333334,-258.18266931310063,-305.1691965083591,-108.830958197359,108.830958197359,399.73307247611547,-55.72123700403608,-92.56751218345016,-15.16341308160918,-623.7358902581036,635.0789917632937,-13.22522803093307,-568.0146532540675,727.6465039467439,1.9381850506761094,-286.83491926072537,-339.03585424311837,0.09860979555131877,444.0941131896119,92.56708953773445,-55.72193871320541,0.005836800265335285,108.0444377071081,-635.0830323994226,-623.7316083361725,0.3961858671130969,890.1525584298876,-727.6458501484234,-568.0152777419513,0.4260550102719307,923.0979574164858,-727.6458501484234,-568.0152777419513,0.4260550102719307,923.0979574164858,-921.9175887645008,-962.7670836040027,0.8884266435860155,1332.9863081610058,-1014.4803623065538,-907.0507679930843,0.925956179176346,1360.849551281287
280.0,16819.0,280.31666666666666,-259.28130344254896,-304.4109714664956,-110.14253118446508,110.14253118446508,399.8660198917167,-55.619238992221646,-92.6162683754228,-15.01924361946294,-622.1372750587761,637.5027587637305,-13.08654555032263,-566.5180360665545,730.1190271391533,1.9326980691403117,-288.05505638322967,-338.1929911073771,0.09867511230332582,444.241167320297,92.61585051233149,-55.61993439508962,0.00583563641853857,108.03366543923524,-637.5067452531883,-622.1330214128731,0.396732251939369,890.7661570668387,-730.1183757623049,-566.5186609800156,0.4270082090140903,924.1299886186879,-730.1183757623049,-566.5186609800156,0.4270082090140903,924.1299886186879,-925.5614369300122,-960.3256341154287,0.8894450441720991,1333.750087936698,-1018.1730229347797,-904.7112884776908,0.9275898402716365,1362.0494925409691
281.0,16879.5,281.325,-260.3546381578781,-303.60122764250264,-111.46479914714287,111.46479914714287,399.9478003894437,-55.50842251977883,-92.6493521546945,-14.8729195643682,-620.4332457855344,639.8590630851686,-12.94640151172644,-564.9248232657555,732.5084152398631,1.9265180526417596,-289.247079543662,-337.29289043129404,0.09871518824589032,444.33137066837224,92.64893918500343,-55.50911139298934,0.005832543670258872,108.00503404816723,-639.86299454323,-620.4290216913902,0.39717849020792784,891.2669761315996,-732.5077666015554,-564.9254482921939,0.4278542866664736,925.0450747178405,-732.5077666015554,-564.9254482921939,0.4278542866664736,925.0450747178405,-929.1097076973452,-957.7215344502134,0.8902380895792206,1334.3445531372763,-1021.7544349697444,-902.2179756520001,0.9289901320430616,1363.0771808558509
282.0,16940.0,282.3333333333333,-261.40620502701495,-302.74749087766395,-112.79631235083797,112.79631235083797,399.986558848353,-55.3904683329165,-92.66892448067665,-14.72484564146725,-618.6379468999803,642.1580910682678,-12.80488140764646,-563.2474785670638,734.8270155489445,1.919964233820789,-290.4149127623507,-336.34391403666575,0.09873402984084123,444.37377292575195,92.66851648926236,-55.391150491114495,0.005827816673686925,107.96125926020864,-642.1619667487308,-618.6337535264818,0.3975399351929809,891.6724244591518,-734.8263698564816,-563.2481035164418,0.4286092017968812,925.8607994462899,-734.8263698564816,-563.2481035164418,0.4286092017968812,925.8607994462899,-932.5765115470988,-954.977290760555,0.8908406845531402,1334.7960802151485,-1025.2408696009898,-899.5916551529969,0.9301924259741412,1363.9589387958504
283.0,17000.5,283.34166666666664,-262.43696538585937,-301.8512534254114,-114.1371433277527,114.1371433277527,399.9841746812375,-55.26590757654049,-92.67574205296114,-14.5748717841343,-616.7545216158032,644.402636680752,-12.66169601876754,-561.4886140392628,737.0783787337132,1.913175765366761,-291.5596241024239,-335.347719991204,0.0987325586843113,444.37046223848597,92.67533912308396,-55.26658283586577,0.005821556792184879,107.90326065477461,-644.4064557902317,-616.7503601985944,0.39782042260405603,891.9869321179675,-737.0777361498369,-561.4892387744032,0.42927696930483705,926.5817580695335,-737.0777361498369,-561.4892387744032,0.42927696930483705,926.5817580695335,-935.9657104588537,-952.0977043885582,0.891261322077952,1335.1111750924372,-1028.6369455097483,-896.8365971644948,0.9312053573795609,1364.7013767418919
284.0,17061.0,284.35,-263.45745754952077,-300.95184911260725,-115.47998201422162,115.47998201422162,399.9773086348212,-55.14205258805305,-92.67763380194083,-14.42627581127454,-614.8480460979044,646.616390440613,-12.51941284863278,-559.7059935098514,739.2940242425539,1.9068629626417601,-292.69292373899276,-334.34800988644633,0.09872887463124869,444.3621713443968,92.6772358718631,-55.14272097580606,0.005814894787903313,107.84150279676443,-646.6201533910328,-614.8439168680399,0.3980754116339469,892.2727525152137,-739.293384656741,-559.7066181673252,0.4299131959317748,927.2681419187893,-739.293384656741,-559.7066181673252,0.4299131959317748,927.2681419187893,-939.3127062584239,-949.1915519823907,0.8916368787748041,1335.3924376351931,-1031.9858919660035,-894.0542672825824,0.9321643914539379,1365.4039380575489
285.0,17121.5,285.35833333333335,-264.46849824424135,-300.0514110453878,-116.8244286873232,116.8244286873232,399.9680435158446,-55.0192708033137,-92.67534187529236,-14.27907773177139,-612.9240500740707,648.8018552772701,-12.37824199051829,-557.904779270757,741.4771971525624,1.900835741253099,-293.8157192014631,-333.34715370258306,0.09872400574817419,444.35121439182154,92.67494888050445,-55.0199323541324,0.005807919478684198,107.77680226401884,-648.8055625801662,-612.919953167605,0.39830984277511305,892.5354486102751,-741.4765605018022,-557.9054039199233,0.43052305731539064,927.9256055830314,-741.4765605018022,-557.9054039199233,0.43052305731539064,927.9256055830314,-942.6209094988211,-946.2667331474823,0.8919778523575062,1335.6477489540398,-1035.291861617617,-891.2521977049153,0.9330802945850536,1366.0745655510584
286.0,17182.0,286.3666666666667,-265.4700001585298,-299.1570041785962,-118.16864343927594,118.16864343927594,399.96154081771715,-54.89874820341356,-92.67042332794517,-14.1341588459909,-611.0000540502369,650.9615923278034,-12.23941580974497,-556.1013058468234,743.6320156557485,1.894743036245929,-294.92791413296993,-332.3530010471003,0.09872050077408545,444.34332653910576,92.67003517186043,-54.89940300466887,0.005800839919523071,107.71109445652708,-650.9652449759498,-610.9959891719358,0.3985360038649688,892.7888042257198,-743.6313819562721,-556.1019304270262,0.4311185874961154,928.5671700285661,-743.6313819562721,-556.1019304270262,0.4311185874961154,928.5671700285661,-945.8927854300647,-943.348617545265,0.8923102859936805,1335.896618662241,-1038.5588763663084,-888.45457241431,0.9339784695638897,1366.7318928462682
287.0,17242.5,287.375,-266.46071091818163,-298.3039825039668,-119.50343309763414,119.50343309763414,399.98322019898495,-54.78649472934194,-92.66949200537056,-13.99635584675707,-609.1563263908029,653.1033432111144,-12.10865957546048,-554.3698316614609,745.772835216485,1.8876962712965888,-296.0281202595651,-331.4048322632694,0.09873091033618664,444.36675261753925,92.66910841771454,-54.78714313932162,0.0057945973575002085,107.65312214842005,-653.1069444073244,-609.1522912944125,0.3988076768823845,893.0930493640093,-745.7722046456348,-554.3704557740463,0.4317514848972692,929.2485046838302,-745.7722046456348,-554.3704557740463,0.4317514848972692,929.2485046838302,-949.1346895555768,-940.5567518364902,0.8927522296975354,1336.2273991888394,-1041.7999035069813,-885.7749297497248,0.9349725696994327,1367.459054275588
288.0,17303.0,288.3833333333333,-267.44218030216865,-297.4907664565763,-120.82876855856738,120.82876855856738,400.0325935866963,-54.6824412595015,-92.67198765883222,-13.86475832987344,-607.3909462429583,655.229901894927,-11.98464997287374,-552.7085049834568,747.9018895537592,1.8801083569997008,-297.11805942408967,-330.50089229117106,0.09875499540346055,444.42095027259586,92.67160839761878,-54.68308358958081,0.005789133283862213,107.60235422083798,-655.2334543900699,-607.3869390698676,0.3991249664103691,893.4482489235775,-747.9012621743532,-552.7091283836147,0.4324219327056511,929.9697191632455,-747.9012621743532,-552.7091283836147,0.4324219327056511,929.9697191632455,-952.3511372320644,-937.8874604982224,0.893303187532446,1336.6396586765677,-1045.0188984851382,-883.2096630757414,0.9360623415277658,1368.255753556862
289.0,17363.5,289.39166666666665,-268.4178652998526,-296.73466940494114,-122.1410313974047,122.1410313974047,400.12449867383714,-54.59012390929274,-92.6811553654261,-13.74007206322858,-605.7354039512575,657.3493010364473,-11.867243301821869,-551.1452800419647,750.0304564018734,1.8728287614067103,-298.2015734804382,-329.6604166935817,0.09880008922102945,444.5224052404953,92.68078014767183,-54.59076052518766,0.0057849390833197845,107.56336803716898,-657.3528076859019,-605.7314228091225,0.3995117149324656,893.8810157682633,-750.0298320083629,-551.145902804083,0.4331533712820246,930.755905208353,-750.0298320083629,-551.145902804083,0.4331533712820246,930.755905208353,-955.5540030447575,-935.391469359623,0.894020726449618,1337.1763734397998,-1048.230980587299,-880.8059624620653,0.9373041053306608,1369.1630042371637
290.0,17424.0,290.4,-269.39191593555734,-296.0627746233513,-123.43467483333364,123.43467483333364,400.28136465379913,-54.514752264367424,-92.70227019442245,-13.6239932544413,-604.2384775355458,659.4721344299614,-11.75729721580865,-549.7237252711784,752.1744046243839,1.8666960386326503,-299.2832748501124,-328.9134955767692,0.09887728791291295,444.6960379602423,92.70189865855548,-54.5153836451475,0.005782784473495894,107.54333577157956,-659.4755985897623,-604.2345201510424,0.40000379020188603,894.4313391633176,-752.1737827305749,-549.7243477880387,0.43398122306914644,931.6449205454869,-752.1737827305749,-549.7243477880387,0.43398122306914644,931.6449205454869,-958.758493665217,-933.1476460978892,0.8949915899503225,1337.9022305808548,-1051.4566307684167,-878.6374867041053,0.9387828804330312,1370.242635239678
291.0,17484.5,291.40833333333336,-270.36421033699304,-295.47074780111865,-124.70983710954894,124.70983710954894,400.49939954673846,-54.45499846246094,-92.73456817027181,-13.51625087409047,-602.8932984918356,661.5982856601477,-11.65489811683074,-548.4383000293747,754.3328538304195,1.8613527572597308,-300.3630281674906,-328.2553132081985,0.0989847546151168,444.93763533708545,92.73419997498858,-54.45562506768921,0.005782523460062805,107.54090824664776,-661.6017106303123,-602.8893625425301,0.40059628370059386,895.0935185643418,-754.3322340580055,-548.4389225632675,0.43490128009970874,932.6319590928135,-754.3322340580055,-548.4389225632675,0.43490128009970874,932.6319590928135,-961.9643572612958,-931.1443064381408,0.8962029736103716,1338.8073588284851,-1054.694833385032,-876.6938793064506,0.9404871170737295,1371.4858182214186
292.0,17545.0,292.4166666666667,-271.3332196435658,-294.98077697098785,-125.95982752827697,125.95982752827697,400.79343166343335,-54.4149697816465,-92.78102515963838,-13.41937877441524,-601.748819462955,663.7265323661268,-11.56284270109609,-547.3338496813085,756.5075575257652,1.85653607331915,-301.4391372495551,-327.7105215209005,0.09912987464222311,445.26367399694385,92.78065987040803,-54.415592206946506,0.005784653756002456,107.56071551091989,-663.7299225262718,-601.7449016696625,0.40131724887704223,895.898619678679,-756.5069395224679,-547.3344723880055,0.43593898213512006,933.7439553806532,-756.5069395224679,-547.3344723880055,0.43593898213512006,933.7439553806532,-965.1686763410742,-929.4550539438421,0.8977190386616485,1339.9392788823425,-1057.9456457564772,-875.0446374086988,0.9424764974008681,1372.935580001047
293.0,17605.5,293.425,-272.2986591834342,-294.6053090226997,-127.18041330117555,127.18041330117555,401.1718433507722,-54.39694723463617,-92.84308907808736,-13.33444924966898,-600.8334457874298,665.8569327555597,-11.48223418567795,-546.4364985527936,758.700021833647,1.8522150639910302,-302.5112873655834,-327.29294945648513,0.0993168818297363,445.6834681110664,92.84272621950247,-54.39756613377426,0.005789433488168072,107.60514399018214,-665.860292930388,-600.8295424635081,0.40218311525563877,896.864576621382,-758.6994052293566,-546.4371215727491,0.4371092531263443,934.9964253023061,-758.6994052293566,-546.4371215727491,0.4371092531263443,934.9964253023061,-968.3711948091985,-928.1221224554699,0.8995771273445641,1341.32525702286,-1061.2102592390006,-873.7297142328711,0.94478586021296,1374.6166112220387
294.0,17666.0,294.43333333333334,-273.2616503635655,-294.3397536228076,-128.3715746467351,128.3715746467351,401.6314481239667,-54.39979577204213,-92.9196976358071,-13.26073652307969,-600.1392612233758,667.991058435291,-11.41221946454607,-545.7394654513337,760.9107560710981,1.8485170585336197,-303.5807244736542,-326.99749682154015,0.09954431445802214,446.1934773161772,92.91933676286172,-54.40041175714892,0.005796703894667132,107.67268894105624,-667.9943931053626,-600.1353689236939,0.403189566400286,897.9860635073242,-760.9101404698024,-545.7400889769813,0.4384083394093352,936.3847962170134,-760.9101404698024,-545.7400889769813,0.4384083394093352,936.3847962170134,-971.5747298886902,-927.1324957888231,0.9017664668320435,1342.956484963639,-1064.490429084386,-872.7372284534227,0.9474055205904719,1376.5210290950233
295.0,17726.5,295.44166666666666,-274.21482900535926,-294.2096876950018,-129.52693259649092,129.52693259649092,402.18542089442883,-54.42709516501054,-93.01718091592193,-13.20150295214262,-599.7174885123968,670.1209349557757,-11.355639799148781,-545.2903933473863,763.1381158716977,1.8458631529938396,-304.63926960378853,-326.85258012801484,0.09981885185084138,446.8083411498381,93.01682147343085,-54.42770904137069,0.005807252234646398,107.77061096844636,-670.1242497053213,-599.7136028395532,0.4043615394744293,899.290228721472,-763.1375007140954,-545.2910177206885,0.43986066622370146,937.9345067770031,-763.1375007140954,-545.2910177206885,0.43986066622370146,937.9345067770031,-974.7631292439378,-926.5658121892301,0.9043440901690403,1344.8744783255133,-1067.7763317699864,-872.1432396495442,0.9503905141761138,1378.6878273034001
296.0,17787.0,296.45,-275.15778219822096,-294.21478564017883,-130.64529298389974,130.64529298389974,402.83265159807985,-54.47825969895348,-93.1353060877882,-13.15655208600219,-599.5683022774756,672.2462712787092,-11.31236786022782,-545.0900425785221,765.3815773664974,1.8441842257743701,-305.68646460683743,-326.8578374883641,0.10014013529513477,447.52682664997536,93.13494753135713,-54.478872261426325,0.005821032988961861,107.89840580168666,-672.2495716229516,-599.5644188350514,0.405698571737112,900.7757650382557,-765.3809621128808,-545.0906681175637,0.4414660241813806,939.6445357866404,-765.3809621128808,-545.0906681175637,0.4414660241813806,939.6445357866404,-977.9356436180793,-926.4218843929286,0.9073082272159638,1347.0766982398782,-1071.0669852969006,-871.9481462466974,0.9537394831671264,1381.114787675537
297.0,17847.5,297.4583333333333,-276.09107019088697,-294.34957218654745,-131.7265357556607,131.7265357556607,403.5690147738709,-54.55202335724607,-93.27256702817976,-13.125045370543381,-599.681749008596,674.3674166500568,-11.28176972997608,-545.1297256513499,767.6399836782366,1.8432756405673008,-306.7229321030035,-327.0071856431325,0.10050633336700088,448.34435040502717,93.27220884511053,-54.55263535285595,0.005837847427692111,108.05412979977943,-674.3707078382574,-599.6778635714178,0.4071947786732366,902.4352562083621,-767.6393678548526,-545.1303525997896,0.44321874836938946,941.5079927468321,-767.6393678548526,-545.1303525997896,0.44321874836938946,941.5079927468321,-981.0932446157315,-926.6846758126213,0.9106446360318543,1349.551200590984,-1074.3618554792088,-872.1371774274754,0.9574387848099164,1383.7906824227036
298.0,17908.0,298.46666666666664,-277.0069868347491,-294.62587781381444,-132.7664699601882,132.7664699601882,404.3974265902636,-54.65157664730214,-93.43068086309358,-13.108178791299,-600.080587901175,676.4688878320158,-11.26680763263721,-545.4290112538729,769.8995686951093,1.8413711586617898,-307.7401125678112,-327.31376865198825,0.1009191451517566,449.2641539589113,93.43032248665827,-54.65218889205537,0.005858043383710765,108.24087449135777,-676.4721761215418,-600.0766952846583,0.4088534062418603,904.2713338873299,-769.8989522937632,-545.4296391619936,0.4451190430687646,943.5241851799119,-769.8989522937632,-545.4296391619936,0.4451190430687646,943.5241851799119,-984.2118904861314,-927.3900887230118,0.9143631291008703,1352.3037462182676,-1077.6386171508134,-872.7430452281886,0.9614931684165384,1386.7174954434265
299.0,17968.5,299.475,-277.90714011644013,-295.03762721105886,-133.76531342146333,133.76531342146333,405.3141744351293,-54.77526792674325,-93.60843250760809,-13.10510651819641,-600.7538177073002,678.5525474697351,-11.26620099967113,-545.9785497805569,772.1609799773432,1.83890551852528,-308.7397925199302,-327.77083659149287,0.10137699546497458,450.2821124641047,93.60807340355161,-54.775881192028116,0.005881434228527382,108.45675897189574,-678.5558386748714,-600.7499131031014,0.41066932643385456,906.2772667860218,-772.160362881635,-545.9791783653518,0.4471625445479077,945.6875219722438,-772.160362881635,-545.9791783653518,0.4471625445479077,945.6875219722438,-987.2952299526398,-928.5203723388548,0.9184513983795384,1355.323560237747,-1080.8997042852193,-873.7496502951209,0.9658917775601239,1389.8858306043417
300.0,18029.0,300.48333333333335,-278.7909825201495,-295.5771715278388,-134.72435057337867,134.72435057337867,406.31302743444957,-54.92179116117768,-93.80412666359916,-13.1148508444312,-601.6865372657776,680.6156598031521,-11.277926205366379,-546.7647461045999,774.4197864667512,1.8369246390648204,-309.7213634535489,-328.3698911055319,0.10187705945519099,451.39130293370107,93.8037663306337,-54.92240616501446,0.005907808575678075,108.69966548599378,-680.6189590620354,-601.682616528288,0.4126321543340694,908.4404980333139,-774.4191682912437,-546.7653754854229,0.44933881293562905,947.9859830433238,-774.4191682912437,-546.7653754854229,0.44933881293562905,947.9859830433238,-990.3399180838902,-930.0521278222516,0.9228854827014743,1358.591223958518,-1084.1400770614257,-875.1348995633989,0.9706108705653804,1393.2770001419656
301.0,18089.5,301.4916666666667,-279.65440403932007,-296.2340697649779,-135.64678192778956,135.64678192778956,407.38336955269676,-55.090204114094384,-94.01536954101175,-13.13575739914086,-602.8575007803738,682.6476892456412,-11.29845077230129,-547.7672966662794,776.663058786653,1.8373066268395701,-310.6802584682666,-329.09933129016497,0.10241430170587762,452.57992979974557,94.01500752647853,-55.090821485027455,0.005936910074666457,108.96706039945731,-682.6510005389939,-602.8535609976351,0.414722488240038,910.7386038509727,-776.662438657281,-547.7679276877994,0.4516272250620901,950.3968887914464,-776.662438657281,-547.7679276877994,0.4516272250620901,950.3968887914464,-993.3308512599937,-931.9525097354125,0.9276212605824341,1362.0725606468393,-1087.342238741527,-876.8668893227112,0.9756048188203081,1396.8567162532897
302.0,18150.0,302.5,-280.4979003485641,-297.0023469970329,-136.53284440806598,136.53284440806598,408.5210719432951,-55.278702348005034,-94.24098971066996,-13.16734778811224,-604.2547174729407,684.6493924967945,-11.32769830292091,-548.9760151249357,778.8903822074644,1.8396494851913303,-311.6170283352262,-329.95251894860354,0.10298692376675689,453.84340593315414,94.2406255835016,-55.279322688376226,0.00596854943246683,109.25703193504464,-684.6527197382204,-604.2507557312426,0.41693424812638824,913.1639077661359,-778.8897593674412,-548.9766484847431,0.4540224118887437,952.913751516375,-778.8897593674412,-548.9766484847431,0.4540224118887437,952.913751516375,-996.2693368897161,-934.2028891123948,0.9326442497181731,1365.755333012696,-1090.506325489929,-878.9287948980608,0.9808604171102075,1400.6141054674924
