case_index,time_s,time_min,rel_dx_um,rel_dy_um,rel_dz_um,rel_axial_um,rel_transverse_um,stt_rx_urad,stt_ry_urad,stt_rz_urad,lct_rx_urad,lct_ry_urad,lct_rz_urad,rel_rx_urad,rel_ry_urad,rel_rz_urad,centerline_angle_x_urad,centerline_angle_y_urad,centerline_angle_z_urad,centerline_angle_magnitude_urad,stt_rotation_angle_x_urad,stt_rotation_angle_y_urad,stt_rotation_angle_z_urad,stt_rotation_angle_magnitude_urad,lct_rotation_angle_x_urad,lct_rotation_angle_y_urad,lct_rotation_angle_z_urad,lct_rotation_angle_magnitude_urad,relative_rotation_angle_x_urad,relative_rotation_angle_y_urad,relative_rotation_angle_z_urad,relative_rotation_angle_magnitude_urad,far_field_los_angle_x_urad,far_field_los_angle_y_urad,far_field_los_angle_z_urad,far_field_los_angle_magnitude_urad,global_los_angle_x_urad,global_los_angle_y_urad,global_los_angle_z_urad,global_los_angle_magnitude_urad,stt_relative_los_angle_x_urad,stt_relative_los_angle_y_urad,stt_relative_los_angle_z_urad,stt_relative_los_angle_magnitude_urad
1.0,0.0,0.0,-6.797839887440205,85.03814024152234,-1545.6406224387817,1545.6406224387817,85.30941286207575,13.51286391582107,10.44433793140342,8.234822416852694,107.2721279342659,-11.10921948566101,8.022159818210639,93.75926401844482,-21.55355741706443,-0.21266259864205495,-7.540206009218639,94.32483063430261,0.004477014092785225,94.62572790130247,-10.444393568795586,13.512820911376917,0.00014584078389390243,17.07869099207676,11.108789186934024,107.27217228513989,0.005815362080774378,107.84583507939692,21.55356735336101,93.75926158199714,0.0046276776854980994,96.2047576685126,21.55356735336101,93.75926158199714,0.0046276776854980994,96.2047576685126,3.5685831419058403,201.5970008964837,0.02032704304877342,201.6285831822898,14.013361222488063,188.08409058348377,0.017786000006125846,188.60540666525986
2.0,0.0,0.0,-6.797839887440205,85.03814024152234,-1545.6406224387817,1545.6406224387817,85.30941286207575,13.51286391582107,10.44433793140342,8.234822416852694,107.2721279342659,-11.10921948566101,8.022159818210639,93.75926401844482,-21.55355741706443,-0.21266259864205495,-7.540206009218639,94.32483063430261,0.004477014092785225,94.62572790130247,-10.444393568795586,13.512820911376917,0.00014584078389390243,17.07869099207676,11.108789186934024,107.27217228513989,0.005815362080774378,107.84583507939692,21.55356735336101,93.75926158199714,0.0046276776854980994,96.2047576685126,21.55356735336101,93.75926158199714,0.0046276776854980994,96.2047576685126,3.5685831419058403,201.5970008964837,0.02032704304877342,201.6285831822898,14.013361222488063,188.08409058348377,0.017786000006125846,188.60540666525986
3.0,60.5,1.0083333333333333,-7.563838153146207,89.03333946363998,-1546.4305422057118,1546.4305422057118,89.35405521661981,14.27647748641903,11.1099288915284,8.678880476509221,115.1001488324255,-10.03158013190841,8.449711458524689,100.82367134600648,-21.14150902343681,-0.22916901798453182,-8.389848664196576,98.75624372756741,0.004911592688117139,99.111983310732,-11.109990842705983,14.276429274587008,0.00016362411425774326,18.090006339338185,10.031093827951366,115.10019095696188,0.00667433841528009,115.53647390202912,21.14152053887399,100.82366874518635,0.00530618804450711,103.01638738538009,21.14152053887399,100.82366874518635,0.00530618804450711,103.01638738538009,1.6412451452371095,213.8564322716507,0.02286863387546134,213.86273006203274,12.751671749971262,199.57991052094357,0.019997372979752015,199.98686410853804
4.0,121.0,2.0166666666666666,-8.29727650852874,92.84719271818179,-1547.2254055026722,1547.2254055026722,93.21719794708578,14.99466725363163,11.73409600596642,9.098948794417083,122.6163876708597,-8.982846338767558,8.852921382640488,107.62172041722806,-20.71694234473398,-0.24602741177659482,-9.20337418868322,102.98649877171937,0.005345460407646385,103.39691013620414,-11.734164222962354,14.994613868539926,0.00018126444789601237,19.04019577310222,8.982303559403237,122.6164271225733,0.007557734993390852,122.944987606403,20.71695554220645,107.62171765330712,0.0060058131801099535,109.59756547289686,20.71695554220645,107.62171765330712,0.0060058131801099535,109.59756547289686,-0.22107062650661533,225.6029230640658,0.025448364193714212,225.60303137873106,11.51358122810673,210.60821413088846,0.02224419148877388,210.9226929756454
5.0,181.5,3.025,-8.99780570762232,96.48278501117605,-1548.0244194066015,1548.0244194066015,96.90143606296522,15.66794344398659,12.31587339134421,9.495199265074916,129.8187853535637,-7.965621080074925,9.232249794877134,114.15084190957711,-20.281494471419137,-0.2629494701977819,-9.980395288917075,107.01901822256589,0.005776339295771038,107.48338732773976,-12.315947775460451,15.667884971882753,0.00019858259481253526,19.929003715690822,7.965021797776873,129.8188217560109,0.008458184042048345,130.06293881947306,20.281509433934016,114.15083898734045,0.00672087685504863,115.93857712785888,20.281509433934016,114.15083898734045,0.00672087685504863,115.93857712785888,-2.0153734633006612,236.8378367069963,0.028048111722078772,236.8464114700631,10.301114021260458,221.16985455279533,0.024511109031344347,221.40961477086682
6.0,242.0,4.033333333333333,-9.659233910497278,99.95161235565317,-1548.8324551284907,1548.8324551284907,100.41725754188101,16.29817779758014,12.8560468510841,9.868918823485728,136.7309159832075,-6.994070645305328,9.588681677996647,120.43273818562736,-19.85011749638943,-0.28023714548908174,-10.714043990579867,110.86655335513277,0.006203091706957764,111.38304804358059,-12.85612727264411,16.298114358507508,0.00021545421002855392,20.758336640815234,6.9934150887326085,136.73094908591756,0.009372130183038507,136.90967932377566,19.85013432196439,120.43273510521973,0.007449035721585062,122.05765652970754,19.85013432196439,120.43273510521973,0.007449035721585062,122.05765652970754,-3.7206288457254373,247.59749870629923,0.03065918263711609,247.62545193219438,9.136090211342811,231.29928542124478,0.02679141430927956,231.479648307855
7.0,302.5,5.041666666666667,-10.280986316502094,103.26264600735152,-1549.6512111496945,1549.6512111496945,103.7731792906033,16.88756674411707,13.35665456281276,10.22156629915116,143.3668803656474,-6.071948519092984,9.923738616635092,126.47931362153034,-19.428603081905745,-0.29782768251606856,-11.403682797262363,114.53905526395783,0.006624619630635209,115.10533941612164,-13.356740870229133,16.88749847956148,0.00023179502761649928,21.531143294577756,6.071237130432491,143.36690999949965,0.010295465480147925,143.4954034214984,19.42862186340371,126.47931038316825,0.008187243660806587,127.96283563016624,19.42862186340371,126.47931038316825,0.008187243660806587,127.96283563016624,-5.332445579634385,257.90596104621125,0.033271960409031465,257.961081791478,8.024938951663481,241.01836220893577,0.029077125818233185,241.15192424497815
8.0,363.0,6.05,-10.865682270377874,106.42335837474099,-1550.4802774586324,1550.4802774586324,106.97660612937464,17.43847860780079,13.82034952257527,10.5545677797636,149.7355260653421,-5.196629444981227,10.23902223096229,132.2970474575413,-19.016978967556497,-0.31554554880131036,-12.052217187594845,118.04481274612249,0.007039916871676155,118.65847527843967,-13.820441548983148,17.43840567212804,0.0002475513127819795,22.25090103781344,5.195862852759762,149.73555210672413,0.011223866280829498,149.8256738863209,19.016999783808068,132.2970440632818,0.008932077077972167,133.6568522323464,19.016999783808068,132.2970440632818,0.008932077077972167,133.6568522323464,-6.856354214074916,267.7803601364623,0.0358766660824017,267.86812215700905,6.964782489040662,250.34185295719826,0.031359776331285616,250.43871812713607
9.0,423.5,7.058333333333334,-11.41873508458957,109.45639951387426,-1551.3225219905285,1551.3225219905285,110.05040165975265,17.95470234355889,14.25339087290922,10.87138025468448,155.8650401420891,-4.364611868368229,10.53838150255615,137.9103377985302,-18.61800274127745,-0.33299875212832947,-12.665651654277642,121.408949179068,0.0074502758407035685,122.0678158754101,-14.253488467563958,17.95462486462793,0.00026276525399993034,22.924451738798343,4.363790567978103,155.8650625055864,0.01215648026686722,155.92613757158074,18.618025643169876,137.9103342535157,0.00968294566749961,139.16138535084423,18.618025643169876,137.9103342535157,0.00968294566749961,139.16138535084423,-8.30186092965884,277.2740064530087,0.03847489837838225,277.39826161928,5.952373890631997,259.3192791518087,0.033640960128700215,259.3875850821461
10.0,484.0,8.066666666666666,-11.942189303226769,112.36885620746764,-1552.1779000948752,1552.1779000948752,113.00166251311812,18.43886275310069,14.65819241275312,11.17329975386383,161.76691860891881,-3.573312369553605,10.82309245248325,143.32805585581812,-18.231504782306725,-0.35020730138058015,-13.246254073984064,124.63932546479694,0.00785521236945641,125.34123303730547,-14.658295422574078,18.438780860814187,0.0002774270813077351,23.55534470833708,3.572436944732942,161.76693723702752,0.013090652228875399,161.80637901137425,18.23152981614081,143.32805216474236,0.010437659625495144,144.48293745898144,18.23152981614081,143.32805216474236,0.010437659625495144,144.48293745898144,-9.673816934660355,286.40625694070525,0.04106106421541966,286.5695844797047,4.98527565430217,267.96737290720057,0.03591568364935682,268.0137420285312
11.0,544.5,9.075,-12.43750739376992,115.16660742927345,-1553.0460333081924,1553.0460333081924,115.83625968123482,18.89348459371831,15.03671137470519,11.46116392192198,167.4521918175742,-2.820964027705486,11.094005458289761,148.5587072238559,-17.857675402410678,-0.3671584636322189,-13.795646685273788,127.7424628371863,0.008254228300863531,128.48523914899653,-15.036819643578884,18.89339842235999,0.00029153324199171493,24.146768913035856,2.820035156696239,167.45220667924585,0.014024097105824751,167.47595087066642,17.85770260806896,148.55870339121768,0.01119429293705565,149.6281587660492,17.85770260806896,148.55870339121768,0.01119429293705565,149.6281587660492,-10.97561129422791,295.1946632134791,0.04363017747088804,295.3986344467444,4.062055846709225,276.3011610530356,0.03817941673922576,276.33101870213073
12.0,605.0,10.083333333333334,-12.904034520033747,117.85377137130126,-1553.9271664977148,1553.9271664977148,118.55811036505757,19.32137638505083,15.389869076898322,11.73556938738329,172.9329233057797,-2.109279648720985,11.35159254772589,153.61154692072887,-17.499148725619307,-0.3839768396574005,-14.31310320949183,130.72292937890225,0.008646674598544735,131.50417935901137,-15.389982448666201,19.321286078196625,0.00030508184867272803,24.701490956737175,2.108298106120032,172.9329344118296,0.014955122473736537,172.94578550861084,17.49917814754417,153.61154294913538,0.011951363676487858,154.60506900827525,17.49917814754417,153.61154294913538,0.011951363676487858,154.60506900827525,-12.204804827834618,303.65585693535974,0.0461779194882439,303.90103111380387,3.1860748748722116,284.3344666896615,0.040428120851032645,284.35231671432274
13.0,665.5,11.091666666666667,-13.34467378910631,120.43752212775868,-1554.821009577267,1554.821009577267,121.17457264134264,19.72442805708852,15.72020664752927,11.99772032123292,178.2204199116677,-1.434264959243592,11.59714520326816,158.4959918545792,-17.154471606772862,-0.4005751179647598,-14.80184383421824,133.58868283243922,0.009032515402296326,134.40621548797,-15.720324969578135,19.724333751196866,0.00031808899958463144,25.222568447280413,1.4332315275751475,178.2204272808463,0.0158822874851694,178.22619014269213,17.15450327888348,158.49598774737834,0.012707627616848072,159.4216268727751,17.15450327888348,158.49598774737834,0.012707627616848072,159.4216268727751,-13.368611988643682,311.80910269627685,0.048701819466145935,312.0955563777867,2.352659395449133,292.0846644695956,0.04265949415938053,292.09413931906823
14.0,726.0,12.1,-13.761695299763232,122.9210538440384,-1555.7272787134482,1555.7272787134482,123.68900410162786,20.10373464145232,16.02973134140484,12.24831885338062,183.3225542213768,-0.7914842399259214,11.83148742711637,163.21881957992449,-16.821215581330762,-0.4168314262642508,-15.264386608454402,136.34326638712338,0.009411243895307564,137.1950720238976,-16.02985445772575,20.1036364700947,0.00033055613801735717,25.712106744831154,0.7903997462322925,183.32255787247348,0.01680389261071724,183.32426177859065,16.821249523216395,163.21881534171496,0.013461668113556868,164.08332065470628,16.821249523216395,163.21881534171496,0.013461668113556868,164.08332065470628,-14.473986500622397,319.6658162734717,0.05119786639085078,319.99332864765347,1.5568628805156468,299.56207513936533,0.04486993121499694,299.56612072100455
15.0,786.5,13.108333333333333,-14.156990800984204,125.30547246569768,-1556.6454625428607,1556.6454625428607,126.10266380370746,20.45995825028513,16.3201166287763,12.48771332029719,188.2449869299307,-0.1766530033364688,12.05510488944128,167.78502867964556,-16.49676963211277,-0.4326084308559109,-15.702829915069564,138.98790705009787,0.00978210856761308,139.8721458100513,-16.32024437554258,20.45985634694322,0.0003424780459226895,26.171665942675137,0.17551834576226905,188.24498687837513,0.017718103095809568,188.2450687044134,16.496805846570613,167.7850243164671,0.014211979593170554,168.59406569632543,16.496805846570613,167.7850243164671,0.014211979593170554,168.59406569632543,-15.52731116309699,327.23288536772685,0.053661230681179006,327.60106632616976,0.7939759131911366,306.7729242920614,0.04705512990366145,306.77395175675133
16.0,847.0,14.116666666666667,-14.532583008985974,127.59729725075888,-1557.575296601499,1557.575296601499,128.42221861738565,20.79499245155603,16.59317058511078,12.716820492642,192.9973805090412,0.4121944243706821,12.26899621542543,172.20238805748517,-16.180976160740098,-0.4478242772165703,-16.119417394688323,141.52983619961546,0.010145265183503227,142.4448319590225,-16.593302805790373,20.79488694236379,0.000353882478876244,26.60385349813712,-0.4133783638663325,192.99737677746054,0.018624079278772854,192.99781948160137,16.181014638267353,172.20238357577608,0.014957743155186165,172.96093820253907,16.181014638267353,172.20238357577608,0.014957743155186165,172.96093820253907,-16.532795306853057,334.52720383727416,0.05609089326341632,334.9354914425216,0.06159724209386203,313.7322122110109,0.04921395369006376,313.7322182579198
17.0,907.5,15.125,-14.890163583913818,129.80186875211078,-1558.5154784218962,1558.5154784218962,130.65313659876637,21.11054345732555,16.85040479060262,12.93658078793669,197.579400264658,0.9747807325766189,12.4738662634627,176.46885680733246,-15.875624058026002,-0.46271452447398986,-16.516025495753606,143.97497795271588,0.010500786684630725,144.9191960185448,-16.850541337206945,21.110434460859995,0.00036479552711909946,27.010945679172085,-0.9760130157120986,197.57939289435583,0.01951928463306274,197.5818035597131,15.875664802312249,176.46885221106217,0.01569664631606571,177.18152424450207,15.875664802312249,176.46885221106217,0.01569664631606571,177.18152424450207,-17.492038013596677,341.5543611255436,0.05848267814467789,342.00197806116176,-0.6403606773395534,320.4438221062514,0.051342327833658885,320.44446193975637
18.0,968.0,16.133333333333333,-15.231165889417753,131.92373444326225,-1559.465173983199,1559.465173983199,132.8000757673253,21.40811920980923,17.09311800368596,13.1476808746811,201.9940584432334,1.511743562332413,12.67032075702446,180.58593923342417,-15.581374441353546,-0.47736011765664105,-16.8942441542001,146.3283766718615,0.010848704712351775,147.30040497216532,-17.093258734627778,21.408006839074382,0.00037524106044628525,27.394931118562504,-1.513023216760988,201.99404748700053,0.020401942468772916,201.99971400830023,15.581417458296787,180.58593452562374,0.016427030291588096,181.2568904028274,15.581417458296787,180.58593452562374,0.016427030291588096,181.2568904028274,-18.407266826418503,348.3224138544322,0.060833667658855006,348.8084452323329,-1.3128266615576498,326.9143026448807,0.05343734377216691,326.9169386673501
19.0,1028.5,17.141666666666666,-15.556855942122631,133.96728172665456,-1560.4238984110455,1560.4238984110455,134.86752144246142,21.68909850297496,17.32250711938832,13.350761037145281,206.2502462649718,2.025094090640778,12.85896723857149,184.56114776199684,-15.297413028747542,-0.49179379857379096,-17.255477675901638,148.59489910659295,0.011189097870456521,149.59343418185864,-17.322651899639183,21.688982865215454,0.0003852430596751333,27.757634023159873,-2.026420158801022,206.25023177655208,0.02127163245546626,206.26018638249468,15.297458324318608,184.561142945426,0.017148414022116754,185.19402721606934,15.297458324318608,184.561142945426,0.017148414022116754,185.19402721606934,-19.281897243082014,354.8451199955391,0.06314342726465583,355.3686124940431,-1.9580192984015043,333.15603300320817,0.055498389439634366,333.1617867733448
20.0,1089.0,18.15,-11.779164196923375,111.39291018480432,-1555.9980304118428,1555.9980304118428,112.01396854240083,17.21784065011889,13.444597243506001,10.83954703062773,162.381402333267,-2.768020749499556,10.42887197399978,145.16356168314812,-16.21261799300556,-0.41067505662794984,-13.065371570640233,123.5562844331145,0.007718429784198122,124.24515828472182,-13.44469055896055,17.217767781747728,0.00023860557973875984,21.84516494816171,2.767174009854538,162.38141605017861,0.013187690828253551,162.4049923200085,16.212647742881696,145.16355783790024,0.010667654204432608,146.06610993311276,16.212647742881696,145.16355783790024,0.010667654204432608,146.06610993311276,-10.298197354542769,285.9376947567931,0.04093321004372541,286.1230821719599,3.147276116459,268.7198375082121,0.03611012888704579,268.73826749719353
21.0,1149.5,19.158333333333335,-8.311457349918783,90.14557144837451,-1551.5490817250563,1551.5490817250563,90.5279204170377,13.07193269894924,9.86564646154875,8.507508027832955,120.7794121000916,-7.186057700891979,8.183779755199794,107.70747940114236,-17.05170416244073,-0.3237282726331614,-9.219059427586547,99.98936953270109,0.005041432493690934,100.41347059173098,-9.865702065759903,13.071890732185324,0.00013410317301065788,16.377008413154453,7.185563467227913,120.77944120861221,0.007319652883808203,120.9929987272246,17.051721562622934,107.70747642761097,0.005945830827691623,109.04889585251928,17.051721562622934,107.70747642761097,0.005945830827691623,109.04889585251928,-2.0334959359355014,220.7688080897881,0.02437150103951069,220.7781731311027,7.832662051913029,207.6968437561497,0.021599664945526342,207.84448393230437
22.0,1210.0,20.166666666666668,-5.14536804985255,70.17979078227654,-1547.0826459420555,1547.0826459420555,70.3681593237492,9.243745807907544,6.585511982848402,6.348025635816157,81.4196901046671,-11.23032598115969,6.11442692388664,72.17594429675955,-17.81583796400809,-0.23359871192951687,-5.70726491519234,77.84373319974725,0.0030461099198575425,78.05267241603978,-6.585541322418982,9.243724905155739,6.440792343909152e-05,11.349705046012625,11.230077051071232,81.41972434599491,0.00337764305413657,82.19054777254372,17.81584637770118,72.17594214939714,0.002763385520410111,74.34225586641135,17.81584637770118,72.17594214939714,0.002763385520410111,74.34225586641135,5.522812101229198,159.26345654653565,0.012697674911521517,159.35918562999666,12.108581395708645,150.01967452152113,0.011326260151989231,150.50754295702137
23.0,1270.5,21.175,-2.2612803149968386,51.42427107784894,-1542.5992014783674,1542.5992014783674,51.473964725393785,5.717825843021274,3.589082098187646,4.349584742158186,44.21311678015627,-14.92104365752311,4.207439360470744,38.495290937134996,-18.510125755710757,-0.14214538168744184,-2.50823456741141,57.040311838373675,0.0016299441796263636,57.095432525413706,-3.5890945332399573,5.717818037447136,2.27874386027338e-05,6.7509290233188475,14.92095064005761,44.2131481536747,0.0010887185597496796,46.66301787992097,18.510128486045822,38.49528960986462,0.0009122560484797759,42.71430882874351,18.510128486045822,38.49528960986462,0.0009122560484797759,42.71430882874351,12.412716041806725,101.25345974048348,0.005203169339829117,102.01146322326836,16.00189388424065,95.53560124289832,0.00469155581050984,96.86646330244835
24.0,1331.0,22.183333333333334,0.35890843719244003,33.81904389243573,-1538.1013319371034,1538.1013319371034,33.82094831705318,2.477096813890967,0.8595657163823489,2.50122434408695,9.083149961952586,-18.27769119699951,2.450729652991868,6.606053148061619,-19.137256913381858,-0.05049469109508209,0.3981067870671592,37.51260630989818,0.0007036770055535158,37.51471872712525,-0.8595688142836392,2.4770957388967356,3.437361506541947e-06,2.621995775387395,18.27768006553811,9.083172358156,0.00020828883062762316,20.410232940026393,19.137257078859818,6.606052664445484,0.00020493728936088473,20.245358488004047,19.137257078859818,6.606052664445484,0.00020493728936088473,20.245358488004047,18.675786846105915,46.595778651838394,0.0012599756793463257,50.19911953901484,19.53536386093708,44.11865896307447,0.0011640433061899103,48.25024880639765
25.0,1391.5,23.191666666666666,2.7366768335923553,17.295860743615776,-1533.5908859555047,1533.5908859555047,17.51103077931366,-0.4976352556695929,-1.623700086383906,0.7905318284429086,-24.06631938356441,-21.32527515641414,0.8307653160954942,-23.568684127894816,-19.701575070030234,0.04023348765258561,3.035579440125715,19.18493211479355,0.0001886381051363628,19.423603239011832,1.6237002830805103,-0.4976346138782889,1.4419576643831533e-06,1.6982469838646919,21.32528514946849,-24.066310521264928,0.0005169775718627534,32.15517203829096,19.70157554105687,-23.568683727856587,0.00047181747397928575,30.718641432584583,19.70157554105687,-23.568683727856587,0.00047181747397928575,30.718641432584583,24.36086459926488,-4.881378408409165,0.00030863978039974427,24.845111776560795,22.737154990103683,-4.383751614783035,0.0002680977662095074,23.155895475323554
26.0,1452.0,24.2,4.896020982414484,1.7775382730178535,-1529.0684780424608,1529.0684780424608,5.208710375158729,-3.226973831260693,-3.88381249649683,-0.7959575896165916,-55.34892625291832,-24.09285298199393,-0.6671265282420791,-52.121952421657625,-20.2090404854971,0.1288310613745125,5.430796580523143,1.9716926887216384,1.669053784070229e-05,5.7776399643609,3.883811212214374,-3.2269753769197123,1.2748690991770673e-05,5.049491025377529,24.092834504991032,-55.34893425579008,0.0018219845632216902,60.36529795947883,20.209043832434485,-52.12195109273362,0.0015625516436301723,55.90262282160448,20.209043832434485,-52.12195109273362,0.0015625516436301723,55.90262282160448,29.523631084873152,-53.3772415659095,0.0018603872886657769,60.99815332959798,25.639840412778597,-50.150258403661795,0.001586224818161952,56.32450474124744
27.0,1512.5,25.208333333333332,6.855530955363065,-12.794789654435583,-1524.5360009785713,1524.5360009785713,14.515679349627183,-5.729157237510663,-5.939621132711181,-2.268320031362236,-84.85960279358551,-26.60309837665409,-2.053340494967415,-79.13044555607485,-20.663477243942907,0.21497953639482106,7.6043753449955735,-14.1923920446278,0.00012962519946313478,16.10125822213876,5.939614634856494,-5.7291639739226765,3.4051095276765864e-05,8.252414304353298,26.60301121873862,-84.85962999427831,0.0039544384433654045,88.93186722806483,20.66348572662108,-79.13044324674978,0.0033443032787516813,81.78390239406139,20.66348572662108,-79.13044324674978,0.0033443032787516813,81.78390239406139,34.207386515616015,-99.05202189957355,0.00549072420863439,104.79240590148862,28.26786103542861,-93.32283517190724,0.004754111770921554,97.5101201519169
28.0,1573.0,26.216666666666665,8.633149263914675,-26.48512236191891,-1519.993800968678,1519.993800968678,27.856650422095754,-8.023604095797054,-7.809814633219503,-3.636216433733352,-112.7104405895807,-28.87909249693621,-3.337085900056991,-104.68683649378364,-21.069277863716707,0.2991305336763612,9.576214969336807,-29.378297243979123,0.00047739401320967545,30.899647928326658,7.80980004524975,-8.023618294708465,6.268563446099051e-05,11.196938299640816,28.87890436951091,-112.71048852107243,0.006768822613523184,116.35138735847612,21.06929348118789,-104.68683314358827,0.0057016240617713265,106.78599234651482,21.06929348118789,-104.68683314358827,0.0057016240617713265,106.78599234651482,38.45511920087872,-142.08878525526643,0.010834009578353232,147.20060831420165,30.645508350090633,-134.06512994819775,0.009456303184940396,137.52311169422623
29.0,1633.5,27.225,10.246039892081171,-39.3547561543528,-1515.4419665321943,1515.4419665321943,40.666671432989055,-10.12849224935053,-9.511954885965679,-4.908743449050235,-139.00993508286768,-30.942988814786084,-4.527154032984981,-128.88144283351716,-21.431033928820405,0.3815894160652533,11.365351501141568,-43.65400112111826,0.001017421480398184,45.1092344052423,9.511930026536616,-10.128515594856884,9.653178256741057e-05,13.894734289830373,30.942674050394142,-139.01000465434876,0.01014061523640919,142.41218512259053,21.43105845774679,-128.8814383779246,0.008534857709463495,130.65112102459028,21.43105845774679,-128.8814383779246,0.008534857709463495,130.65112102459028,42.30802527991746,-182.66400460276094,0.017578054012368227,187.4996202145583,32.79640976638124,-172.5354384863009,0.015422041088619665,175.62483317351368
30.0,1694.0,28.233333333333334,11.710028047673404,-51.45490285940468,-1510.8825420639955,1510.8825420639955,52.77055793857092,-12.05879652843578,-11.06154377339408,-6.0939414652239074,-163.8441026443616,-32.81445242464542,-5.632017291645752,-151.78530611592583,-21.75290865125134,0.46192417357815513,12.989336295743769,-57.076296878591045,0.0017132133489639045,58.535685891402935,11.061507030020307,-12.058830232033715,0.00013388612440934367,16.36375031403862,32.81399088535755,-163.84419428680994,0.013960839040372264,167.0978096783984,21.75294362265929,-151.78530049702806,0.011755984075101367,153.33612752128477,21.75294362265929,-151.78530049702806,0.011755984075101367,153.33612752128477,45.803326733243175,-220.92048900527317,0.025451904028805927,225.61872085924352,34.74227960760213,-208.86159550716434,0.02241509633460481,211.73141493441906
31.0,1754.5,29.241666666666667,13.043085345998406,-62.84345136009506,-1506.3159666226513,1506.3159666226513,64.18271928012736,-13.82946356898174,-12.47490581590682,-7.200787877081893,-187.3135915957391,-34.51583324931562,-6.661841780442046,-173.48412802675736,-22.0409274334088,0.5389460966398474,14.468101977696419,-69.70938537845332,0.0025343621645745884,71.19497443414629,12.474856023570746,-13.829508482629194,0.0001734385968177321,18.624643290005107,34.515209113613125,-187.31370543131172,0.018138862079020157,190.4671202663721,22.040974070359905,-173.48412120304874,0.015291272470463468,174.8786574958888,22.040974070359905,-173.48412120304874,0.015291272470463468,174.8786574958888,48.98331042724805,-257.02308732533055,0.034230116741085226,261.64906290422033,36.50907559489244,-243.19350356289607,0.030237996995197136,245.9186710601493
32.0,1815.0,30.25,14.258584997151047,-73.56896048804629,-1501.743060416061,1501.743060416061,74.93796897042711,-15.45404666103423,-13.76531326968689,-8.236071153078228,-209.50360340066248,-36.06439713621512,-7.62360787120997,-194.04955673962826,-22.29908386652823,0.6124632818682585,15.816480730789783,-81.60711923209166,0.0034549414440476767,83.1257058440304,13.765249628239658,-15.454103345801654,0.00021415569317895233,20.695685723127657,36.063598277569895,-209.5037392910483,0.022596200244251463,212.585041566093,22.29914314884669,-194.04954867701917,0.01907623969898964,195.32659605626569,22.29914314884669,-194.04954867701917,0.01907623969898964,195.32659605626569,51.88007809177381,-291.1108533799693,0.04371853667972658,295.69760137414465,38.11562326260099,-275.6566634466377,0.03871969922464302,278.2793503643945
33.0,1875.5,31.258333333333333,15.367149899248034,-83.67306691070553,-1497.1657555093996,1497.1657555093996,85.07250685309188,-16.94466845947318,-14.94388015998993,-9.205252354149707,-230.4877853021026,-37.4740338884294,-8.522568350599613,-213.54311684262942,-22.530153728439473,0.6826840035500936,17.0462541808933,-92.8156734336647,0.004452662016873887,94.36802433316231,14.943802168547009,-16.944737238873934,0.0002552206224137876,22.59294897411915,37.47305137345699,-230.48794289211108,0.02726446102219171,233.51428521157928,22.53022644653456,-213.5431075111078,0.02305413515646393,214.72836298270582,22.53022644653456,-213.5431075111078,0.02305413515646393,214.72836298270582,54.51930435319903,-323.30360920285773,0.053748790529439816,327.86823309181835,39.57647982781662,-306.3587747550376,0.04771099937350698,308.90451052868985
34.0,1936.0,32.266666666666666,16.38148387428373,-93.21429206465837,-1492.5829542562492,1492.5829542562492,94.64278767575927,-18.31686313380487,-16.02333395567257,-10.11510721582454,-250.3633731976151,-38.76082337228581,-9.36483502300689,-232.04651006381022,-22.737489416613244,0.7502721928176505,18.171512549026286,-103.39995393583372,0.005510877310044293,104.98454334925668,16.023241315289912,-18.316944170564163,0.00029612734486761383,24.33628373428404,38.75965065124508,-250.3635520100829,0.032092109858439244,253.346045348476,22.737576259621203,-232.04649943169446,0.027181287998168102,233.15783339331634,22.737576259621203,-232.04649943169446,0.027181287998168102,233.15783339331634,56.93116168636356,-353.76349653867277,0.06419488640663218,358.31518060811544,40.90908781018866,-335.44644518036284,0.057098937134014704,337.93175501808633
35.0,1996.5,33.275,17.310674593318254,-102.22899436485022,-1487.9958599749439,1487.9958599749439,103.6842646871951,-19.58054053829983,-17.01293331279885,-10.97018230211688,-269.1966656129807,-39.93647624156438,-10.15493762679398,-249.6161250746809,-22.923542928765528,0.8152446753228998,19.202334982074678,-113.40028281926058,0.006614176983887887,115.01458086804514,17.012825909494573,-19.580633853206162,0.0003364186706988903,25.939110769648465,39.93510891025282,-269.1968650617017,0.03703088313766756,272.14291297537363,22.923644437809102,-249.61611311645444,0.03141684912222331,250.6665063419476,22.923644437809102,-249.61611311645444,0.03141684912222331,250.6665063419476,59.1374420416894,-382.59713590802573,0.07493890552545679,387.14055000252625,42.12597820889986,-363.01638550018276,0.06677774944119363,365.45245132804075
36.0,2057.0,34.28333333333333,18.16350413719192,-110.74831854784861,-1483.4042604547901,1483.4042604547901,112.22790626095427,-20.74432632070966,-17.9207963810768,-11.77449939859798,-287.0578027796,-41.01247031940147,-10.89639226847794,-266.31347645889036,-23.09167393832467,0.8781071301200393,20.14846186917905,-122.85119966295218,0.007749188957184572,124.49248079430463,17.920674251387595,-20.744431821836745,0.00037574099387427395,27.413172330746022,41.01090579663739,-287.0580221950627,0.042042102132988646,289.97276165323143,23.091790589195416,-266.3134631487544,0.035728046299254856,267.31272219424613,23.091790589195416,-266.3134631487544,0.035728046299254856,267.31272219424613,61.15936545846922,-409.90920706368297,0.08588301669831822,414.44665038923875,43.240251023568135,-389.1646498983703,0.07665942503010115,391.55950255242476
37.0,2117.5,35.291666666666664,14.85346001572907,-94.23360643268097,-1484.199274187859,1484.199274187859,95.39705370580516,-17.07281080598477,-14.65499008190818,-9.822572792472783,-255.963095696643,-36.70741352834739,-8.97950212674914,-238.89028489065822,-22.052423446439207,0.8430706657236442,16.476672519075752,-104.53162238552963,0.005599170460612868,105.82221324396797,14.654906230973777,-17.072882779122082,0.00025312474338790025,22.49999117840444,36.706263908209095,-255.96325764787537,0.03343227006347149,258.5817841144494,22.052523935594426,-238.89027330320414,0.028777438654259413,239.90597427077452,22.052523935594426,-238.89027330320414,0.028777438654259413,239.90597427077452,53.18293497214382,-360.4948701698863,0.06639249017226234,364.3967288424177,38.52919547853533,-343.4218869881609,0.05971154748429797,345.5764624026532
38.0,2178.0,36.3,11.786047252826393,-78.5945530878962,-1485.024148479397,1485.024148479397,79.47335833429963,-13.6425096570747,-11.61411364591913,-8.002362847037148,-226.2443740619346,-32.69458102295175,-7.20187881597667,-212.6018644048599,-21.080467377032623,0.8004840310604777,13.074035498436961,-87.18342587745256,0.0038859401252366865,88.15826763238746,11.614059059012503,-13.642556126379315,0.0001605028332463121,17.91663209109458,32.69376604564699,-226.2444898207663,0.02612772609378311,228.5945133035925,21.080552308862828,-212.60185435021742,0.022821969314357204,213.64441991027465,21.080552308862828,-212.60185435021742,0.022821969314357204,213.64441991027465,45.767800621761666,-313.4279093819541,0.05016587423245511,316.75186811334794,34.15458716481902,-299.78527458841944,0.045518874225436434,301.7246206136537
39.0,2238.5,37.30833333333333,8.963936124928296,-63.83523168551619,-1485.8722175006274,1485.8722175006274,64.4615308164127,-10.45604312821524,-8.808964594209101,-6.3139054873317955,-197.9706867132336,-28.98640195780899,-5.561196758208098,-187.51464358501835,-20.17743736359989,0.7527087291236976,9.943512569932848,-70.8111280383073,0.002556544642651204,71.50586896392464,8.808931584635834,-10.456070937310233,9.346334817195157e-05,13.672113776181737,28.985851287289442,-197.97076599087504,0.02001630206027727,200.0814928019647,20.177507815937428,-187.51463487952006,0.017784435146772637,188.59711057081955,20.177507815937428,-187.51463487952006,0.017784435146772637,188.59711057081955,38.92936330026944,-268.78189018378583,0.036879600595618456,271.5864499891942,30.121019979876333,-258.32575943591695,0.03381973745497646,260.0759001383468
40.0,2299.0,38.31666666666667,6.3806946855038404,-49.94216033082921,-1486.7391863546684,1486.7391863546684,50.34811459409247,-7.508614544349257,-6.237097295525018,-4.752538188768085,-171.1665972834453,-25.5804607149912,-4.051184532727348,-163.65798273909604,-19.343363419466183,0.7013536560407374,7.077968425039022,-55.39977248918201,0.0015596162139530634,55.850088888729424,6.237079452917259,-7.508629365220429,4.764033612048024e-05,9.761182051690932,25.580113873485892,-171.1666482440865,0.014976181961223745,173.06751196251523,19.343420722972056,-163.65797521503995,0.013579050439638252,164.79715039026777,19.343420722972056,-163.65797521503995,0.013579050439638252,164.79715039026777,32.658081982928685,-226.56641854381027,0.026199446501173895,228.90804339422567,26.421388904841116,-219.05774568811816,0.024342193261084333,220.64538458264
41.0,2359.5,39.325,4.024637746624649,-36.88986544148065,-1487.6225798801106,1487.6225798801106,37.108757474241905,-4.790932052856078,-3.8886223592271563,-3.311256477900315,-145.8201877539977,-22.46577423647977,-2.663557779669645,-141.0292557011416,-18.577151877252614,0.6476986982306703,4.464440378778711,-40.92110028605249,0.0008472338386411593,41.16391230819582,3.8886144272027146,-4.790938490922006,1.9037216247852484e-05,6.170446806127343,22.465579954699265,-145.82021714422763,0.010884119050480479,147.5406317279775,18.57719748683432,-141.02924920932708,0.010117180759827704,142.24753565180424,18.57719748683432,-141.02924920932708,0.010117180759827704,142.24753565180424,26.930020170082237,-186.74131629724215,0.01779877267793495,188.6731173187841,23.04163773072708,-181.9503484302406,0.016818423320685838,183.40350695447464
42.0,2420.0,40.333333333333336,1.8831706256605685,-24.65299985487946,-1488.5195218061758,1488.5195218061758,24.72482019044906,-2.292560566274915,-1.75111495082092,-1.982956973733963,-121.9094701809809,-19.62795067811385,-1.390185616401141,-119.61690961470599,-17.87683572729293,0.5927713573328219,2.0889568576549524,-27.346992570337296,0.00037611092018607906,27.426661178408626,1.7511126777810244,-2.292562302472076,4.161115896295087e-06,2.884828854715908,19.627865889833128,-121.90948351439314,0.007623587650051888,123.47945290668957,17.876871136447473,-119.61690402463918,0.007313893046756448,120.94538540212639,17.876871136447473,-119.61690402463918,0.007313893046756448,120.94538540212639,21.716822674196855,-149.25647558101082,0.011374558073207197,150.82810046515667,19.965827928045353,-146.96389610874544,0.010998510546755824,148.3139273443814
43.0,2480.5,41.34166666666667,-0.05817128112539649,-13.199347449699417,-1489.4271102630087,1489.4271102630087,13.199475633366436,-0.001305577423948989,0.189856109500397,-0.7598676461384457,-99.39615847542882,-17.0495331985876,-0.2225021944468608,-99.39485289800487,-17.239389308087997,0.5373654516915849,-0.06452796823766405,-14.64171076370274,0.0001071919220052564,14.641852954684852,-0.18985610999646185,-0.0013055052837414429,1.7985612998927536e-08,0.18986059845853878,17.049522111756065,-99.3961602037261,0.005085141419058914,100.8478203407691,17.23941598452755,-99.3948480974915,0.005088266585850931,100.87880496819434,17.23941598452755,-99.3948480974915,0.005088266585850931,100.87880496819434,16.984994118818324,-114.0378708015916,0.00664656296667232,115.29581953469427,17.1748879913142,-114.0365586953625,0.006649656603130438,115.32264953856657
44.0,2541.0,42.35,-1.8151695257984102,-2.4900728021748364,-1490.3434888360327,1490.3434888360327,3.0814449479940524,2.096353682645713,1.94976246348233,0.3665623182769195,-78.22774932719767,-14.71138421038631,0.8486989031553094,-80.32410300984338,-16.66114667386864,0.48213658487838984,-2.013520764696117,-2.7621735719580967,5.841993555577574e-06,3.4181674493046983,-1.9497628477030995,2.096353325286829,4.098055228496378e-06,2.862913276144502,14.71141739075147,-78.22774300181196,0.0031680027490210705,79.5990299991303,16.661166018775475,-80.32409890327516,0.003364777678704911,82.03386689488877,16.661166018775475,-80.32409890327516,0.003364777678704911,82.03386689488877,12.697896623687743,-80.98991655866894,0.00336030159253653,81.97928496178785,14.647645251320892,-83.08627245958634,0.003558941030767926,84.367542234186
45.0,2601.5,43.358333333333334,-3.4026670618914068,7.511654985137284,-1491.2664063828631,1491.2664063828631,8.246399441563481,4.014354999526404,3.54245867129066,1.403777446284948,-58.35254341945983,-12.59686086996226,1.831211079661443,-62.36689841898624,-16.13931954125292,0.427433633376495,-3.77448699565677,8.33247671357565,4.18385326383941e-05,9.147508964885606,-3.5424614888989705,4.014352513097738,1.4331980047188608e-05,5.353882656516338,12.596914290385033,-58.35253185101319,0.0017818501119037933,59.69673544728233,16.13933285894404,-62.366894926602136,0.0020750537954583592,64.42132913808611,16.13933285894404,-62.366894926602136,0.0020750537954583592,64.42132913808611,8.822427299437395,-50.02005516413664,0.001289920503744213,50.79213661657808,12.364845870466159,-54.034418244398246,0.0015363038619042868,55.43110830942262
46.0,2662.0,44.36666666666667,-4.83501935377717,16.844758647494018,-1492.1938241414523,1492.1938241414523,17.524933838497773,5.765766672993777,4.982161044608802,2.359062364121201,-39.71179467043839,-10.68824076355668,2.732673692662502,-45.477561343432164,-15.67040180816548,0.3736113285413012,-5.363351325709604,18.685418198526413,0.00018895518483219576,19.43991745601851,-4.982167845450185,5.765760796324683,2.903299822776262e-05,7.620104592502152,10.688295020221386,-39.711780055457254,0.0008456325639727424,41.12499392841659,15.670410297588464,-45.47755839857376,0.001156885032216337,48.10166397111906,15.670410297588464,-45.47755839857376,0.001156885032216337,48.10166397111906,5.324943698768309,-21.026361873738395,0.00023523138992231907,21.690157192617388,10.307058981503728,-26.792140225066202,0.0004120270791219127,28.70634499005067
47.0,2722.5,45.375,-6.125650543253869,25.548419216647744,-1493.1242998557082,1493.1242998557082,26.27252022641989,7.363083568634465,6.282525191636523,3.239141278754687,-22.24414129159413,-8.968428119260352,3.56017699232325,-29.607224860228595,-15.250953310896875,0.3210357135685631,-6.795005281277095,28.340115434202943,0.0004246670792795726,29.143339540905938,-6.282537116555993,7.363073393517896,4.6842529854984605e-05,9.679107521834585,8.968467714914318,-22.244125324821752,0.0002876172633392571,23.984047294396262,15.250958060565722,-29.60722240670438,0.000554589596468702,33.304344167168225,15.250958060565722,-29.60722240670438,0.000554589596468702,33.304344167168225,2.17346243513983,6.095990113595606,2.0942469980411715e-05,6.4718648334169755,8.455952787260076,-1.267106973695942,3.6554315130388204e-05,8.550362426421486
48.0,2783.0,46.38333333333333,-7.288123015314341,33.67567114764826,-1494.0593655126122,1494.0593655126122,34.45529805894739,8.820182301860768,7.459390417352552,4.052630174555816,-5.8683303905127095,-7.41979692975292,4.323459506849758,-14.688512692373479,-14.879187347105471,0.27082933229394257,-8.084493662798687,37.35539993103596,0.0007303925242396758,38.22021640168295,-7.459408289630906,8.820167186568339,6.671907470945371e-05,11.551541941681688,7.419809615366822,-5.868314350806972,4.4745318561467684e-05,9.459951799463726,14.879189335061604,-14.688510676442622,0.0002185712721924915,20.90795592975506,14.879189335061604,-14.688510676442622,0.0002185712721924915,20.90795592975506,-0.6646840476174446,31.487085589020143,0.0004959391786130141,31.49410045982322,6.794695676808471,22.666889269757178,0.0002799778187068114,23.66338434180269
49.0,2843.5,47.391666666666666,-8.333357982337475,41.25972191104661,-1494.9974267892683,1494.9974267892683,42.09286765520601,10.14783629216254,8.523460564902052,4.804467153007863,9.471565135754645,-6.028399639035342,5.027518000133568,-0.6762711564078944,-14.551860203937395,0.22305084712570533,-9.243931466109064,45.76810962217317,0.0010900851332706907,46.69229194778707,-8.523484942087874,10.147815816487471,8.781397831114646e-05,13.252470011411155,6.02837582965503,9.471580289457167,6.302602884034059e-05,11.22729479096378,14.551860278844028,-0.6762695334813493,0.0001061070120655927,14.567565961989452,14.551860278844028,-0.6762695334813493,0.0001061070120655927,14.567565961989452,-3.2155556352392933,55.23968989076243,0.001530881421629715,55.33320103943852,5.307928813613257,45.091840096153085,0.0010307240616569402,45.40317336428616
50.0,2904.0,48.4,-9.269861038774252,48.33341517951335,-1495.9383139796496,1495.9383139796496,49.2143205438559,11.35611728386721,9.484324436925817,5.499247436091537,23.83530591032468,-4.784682914760197,5.67683582630707,12.479188626457471,-14.269007351686014,0.17758839021553371,-10.282754065756356,53.61467872820982,0.00149013434924683,54.591838275569934,-9.48435566158803,11.356091205066678,0.00010945688799779418,14.79573620247704,4.784615259704474,23.835319488778403,0.0002955075073529656,24.310800034460744,14.269006242751697,12.479189892715267,0.00017966728105278662,18.956126174251263,14.269006242751697,12.479189892715267,0.00017966728105278662,18.956126174251263,-5.498138799296186,77.44999812182355,0.0030143658680259477,77.64490800642884,3.9862521749131514,66.09386858640141,0.0021921446879957784,66.21396885188578
51.0,2964.5,49.40833333333333,-10.102994565386325,54.929769248701575,-1496.8845636644803,1496.8845636644803,55.8511418764543,12.45446674147388,10.35041168506723,6.140990535641322,37.28924275492318,-3.685351884996635,6.275073701544898,24.8347760134493,-14.035763570063866,0.13408316590357572,-11.20691010583723,60.931734855490475,0.0019191355171699342,61.95378234313147,-10.35044992592785,12.454434959963748,0.0001311223352118418,16.19397307151976,3.685234887733863,37.28925430887999,0.0007020346526331878,37.470914628416736,14.035761903197324,24.834776951060835,0.00040688430402724407,28.52663244079448,14.035761903197324,24.834776951060835,0.00040688430402724407,28.52663244079448,-7.521675201324021,98.2209889452592,0.004851969048758065,98.50856951158586,2.828851793524373,85.76651169025803,0.0036819485238481775,85.81315126473851
52.0,3025.0,50.416666666666664,-10.84139512386173,61.077982536517084,-1497.835098504652,1497.835098504652,62.03269943314396,13.451730410452,11.13017697207397,6.73373415338574,49.88355794921517,-2.719130179684726,6.826248863944784,36.431827538763166,-13.849307151758696,0.09251471055904403,-12.025980181095594,67.75166840555282,0.0023674563420783556,68.81070244556503,-11.130222261604303,13.451692935847417,0.0001524149695342203,17.45937829457393,2.7189599197374674,49.88356720880808,0.0012478814648275716,49.957612237984435,13.849305463012273,36.431828170171634,0.0007595406525950921,38.97539436142671,13.849305463012273,36.431828170171634,0.0007595406525950921,38.97539436142671,-9.307020230207561,117.63523522063618,0.006962334486715349,118.002835520931,1.8233252777198106,104.18349633591846,0.00542876266163006,104.19945020893684
53.0,3085.5,51.425,-11.485230061225593,66.80652586510408,-1498.7921395572816,1498.7921395572816,67.786594601913,14.35558624507394,11.83017866424052,7.281043053808389,61.66732782730833,-1.891173496915144,7.333539542742074,47.31174158223439,-13.721352161155664,0.05249648893368515,-12.740150213067345,74.10606232503895,0.0028270099594607245,75.19321711945884,-11.830230925288953,14.355543176087147,0.00017301793331370163,18.602042458455077,1.89094737580896,61.66733472213113,0.001903217916598976,61.69631961235159,13.721350913755991,47.31174192326072,0.0012133382076839894,49.26130727773734,13.721350913755991,47.31174192326072,0.0012133382076839894,49.26130727773734,-10.849202787939728,135.77339642996702,0.00927606025324934,136.20616865348947,0.9812006974199967,121.4178038438236,0.007371622978702419,121.42176841516452
54.0,3146.0,52.43333333333333,-12.034361134283238,72.14176002889874,-1499.7579215361156,1499.7579215361156,73.1386312968568,15.17295277153607,12.45625844603637,7.78588218963705,72.68672925420105,-1.206728825309256,7.799562808941118,57.51377648266499,-13.662987271345626,0.013680619304068387,-13.349267139487326,80.02415880599354,0.003291034444963259,81.12995085520679,-12.456317512516977,15.172904278931819,0.0001926884207748003,19.631018064029806,1.206445361882291,72.68673389542,0.002642408403197294,72.6967454209252,13.66298686997602,57.51377654262695,0.0017472557845010783,59.11439505234206,13.66298686997602,57.51377654262695,0.0017472557845010783,59.11439505234206,-12.14282170716951,152.71089181560035,0.011734032301369268,153.1928999599136,0.31371972910202056,137.53793474068894,0.009458390959338203,137.53829253267048
55.0,3206.5,53.44166666666667,-12.496017006924376,77.10717181907967,-1500.731643531594,1500.731643531594,78.11316398005152,15.91056206962094,13.01468546444084,8.251096915046219,82.98385364469141,-0.6556745688612864,8.227316357078962,67.07329157507047,-13.670360033302126,-0.023780557967256755,-13.861349770879968,85.5320121471783,0.0037539310548950766,86.64792045638333,-13.014751103176994,15.910508375599889,0.00021126400628901365,20.555486446388976,0.65533320089449,82.9838562457281,0.003443374918532527,82.98644382678332,13.670360820146408,67.07329136014512,0.002342852578607335,68.45221091269376,13.670360820146408,67.07329136014512,0.002342852578607335,68.45221091269376,-13.206016476372092,168.5158671983493,0.014285998162222313,169.03253050459222,-0.19098894967406382,152.60530266075713,0.011644207376093618,152.60542217418154
56.0,3267.0,54.45,-12.870223145000644,81.71876106644052,-1501.7152365146558,1501.7152365146558,82.7260451976045,16.57503162277862,13.50997172266943,8.67809558258159,92.58464706363156,-0.24067861659204942,8.618158972240053,76.00961544085294,-13.75065033926148,-0.059936610341537744,-14.276426626027567,90.64737131524365,0.004210381154834408,91.76471153756222,-13.510043641336525,16.574973000884775,0.00022862545190349692,21.38342837738787,0.24027966164028053,92.58464796731657,0.0042859873428113815,92.58495975884925,13.750652603466886,76.00961495318346,0.0029832709635968513,77.24339461955593,13.750652603466886,76.00961495318346,0.0029832709635968513,77.24339461955593,-14.0361468466363,183.23201774540397,0.01688549311484877,183.76883779725108,-0.5257740190412741,166.656985152865,0.01388741355246026,166.6578145139356
57.0,3327.5,55.458333333333336,-13.161145034246147,85.99559805588802,-1502.7094388386784,1502.7094388386784,86.99688858575526,17.17221493890975,13.94720038661035,9.069139196071774,101.5224625007249,0.04288108002015178,8.974425327323843,84.35024756181515,-13.904319306590198,-0.09471386874793097,-14.599118599605793,95.39139123496862,0.004656325880425527,96.502081768365,-13.947278253894847,17.172151692715037,0.0002447047009468406,22.12259850128786,-0.0433366328249749,101.52246213255012,0.005153406035240948,101.52247138204831,13.904323284223155,84.35024680060637,0.0036541470960216316,85.48856263451502,13.904323284223155,84.35024680060637,0.0036541470960216316,85.48856263451502,-14.642455090618565,196.91385146040778,0.019494733383140783,197.45750527151992,-0.6947953099331526,179.74163662580804,0.016153769544224872,179.74297949418417
58.0,3388.0,56.46666666666667,-13.375109119806439,89.95801181299618,-1503.71323525178,1503.71323525178,90.94689347808361,17.70741982909385,14.33146371709881,9.426868928130716,109.8343636840582,0.2038232906897974,9.29891029954888,92.12694385496435,-14.127640426409013,-0.12795862858183682,-14.836443661162846,99.78662321022277,0.005088745091974545,100.8835478767962,-14.331547178400474,17.70735227689269,0.0002594717773973798,22.780332947187038,-0.20433396022416297,109.83436251397457,0.006031814492324372,109.8345525835039,14.127646300173344,92.12694281770344,0.004343482018498435,93.2038839476081,14.127646300173344,92.12694281770344,0.004343482018498435,93.2038839476081,-15.040777456494487,209.62098342611583,0.022083591177946005,210.1598955058451,-0.7087973546220686,191.91356430388367,0.018415659441828325,191.9148732055721
59.0,3448.5,57.475,-13.520009815692902,93.61339471070093,-1504.7261917544577,1504.7261917544577,94.58466225915235,18.18468444980681,14.66741105105029,9.752997357281856,117.5345241790637,0.2543229129514657,9.594688890501857,99.34983972925689,-14.413088138098825,-0.15830846677999943,-14.997159025879041,103.8412683546424,0.005503961952868508,104.91865321451836,-14.667499727070979,18.18461292225543,0.0002729078074636959,23.362698803346465,-0.25488676595724336,117.5345226865737,0.006907214467055667,117.53479906148718,14.413095977849622,99.34983842152282,0.005039063832867896,100.3898786235415,14.413095977849622,99.34983842152282,0.005039063832867896,100.3898786235415,-15.252045605627774,221.375788338493,0.024619932537106592,221.9005735856611,-0.5840630421301141,203.19110472384202,0.020643483367166482,203.19194415264724
60.0,3509.0,58.483333333333334,-13.600583770312369,96.97957284515726,-1505.7479070179625,1505.7479070179625,97.92861393955522,18.60886550275609,14.95898777648108,10.04947989713401,124.6561296284199,0.201642521346912,9.86343547992874,106.04726412566382,-14.757345255134169,-0.18604441720527004,-15.08651910611186,107.57510143238717,0.005900002819636541,108.62783025968744,-14.959081279514606,18.608790335654028,0.0002850305547141829,23.87595423189312,-0.20225728966271075,124.65612830911209,0.007769595633533299,124.65629239243817,14.757355091688948,106.04726255028488,0.005731900731831274,107.06914319126334,14.757355091688948,106.04726255028488,0.005731900731831274,107.06914319126334,-15.288776190707027,232.23122662659415,0.027082545095424848,232.73394530644228,-0.32916401074107743,213.62236159321884,0.022817311040590482,213.62261519232905
61.0,3569.5,59.49166666666667,-13.62239345326089,100.0743577606045,-1506.7776262469574,1506.7776262469574,100.99726077767113,18.984801499755118,15.21028389106505,10.31814372254303,131.2316453550011,0.05434456085140482,10.106626177730499,112.24684385524597,-15.155939330213645,-0.2115175448125313,-15.110694346238919,111.0078810456523,0.006275541419853425,112.03161490343315,-15.210381833243503,18.984723026603525,0.00029588764771659726,24.32643467320919,-0.055007715288164595,131.2316447014739,0.00861087379178116,131.2316562301285,15.155951168895808,112.2468420123681,0.006414528130882502,113.26542454599056,15.155951168895808,112.2468420123681,0.006414528130882502,113.26542454599056,-15.165701840584372,242.23952221804075,0.029454992889199616,242.71379160802167,0.04525682210333983,223.25472032733228,0.02492133632792104,223.25472491442437
62.0,3630.0,60.5,-13.595061318483204,102.9162740451284,-1507.8148067857453,1507.8148067857453,103.8103326051183,19.31843507918529,15.42671816423535,10.56121527653886,137.2913829982281,-0.1719158717605751,10.32583077176241,117.97294791904281,-15.598634035995925,-0.2353845047764497,-15.08035871132406,114.16015665360928,0.006629979343308889,115.15189354083074,-15.4268201754436,19.31835361442002,0.0003055927733086605,24.72216752425339,0.1712070474223955,137.2913834520757,0.009424476643538071,137.29149020255397,15.598647883682577,117.97294580476883,0.007080466879472169,118.99972167048979,15.598647883682577,117.97294580476883,0.007080466879472169,118.99972167048979,-14.90915143026596,251.4515361652825,0.031725079452371574,251.89314765640407,0.5182891655002164,232.13309938665904,0.02694302270178639,232.13367798429337
63.0,3690.5,61.50833333333333,-13.522319932235405,105.52017192821944,-1508.8591728726897,1508.8591728726897,106.38308051617382,19.61327870958485,15.61128192406613,10.78016885003308,142.8642717655748,-0.4715714396752446,10.52248262567446,123.25099305598997,-16.082853363741375,-0.25768622435862026,-14.99965274938144,117.04840182084557,0.006962659004905447,118.00558440775653,-15.611387639350717,19.613194561028163,0.0003141963356156907,25.067764657320705,0.47081979465143353,142.8642737580029,0.010205211231628653,142.86504956664743,16.082869202370823,123.25099066646338,0.007724732742353524,124.29587837915307,16.082869202370823,123.25099066646338,0.007724732742353524,124.29587837915307,-14.528832711880964,259.9126712344152,0.03388284242067385,260.31842740800937,1.0832164376238549,240.29938907863954,0.028872485291486782,240.30183051616174
64.0,3751.0,62.516666666666666,-13.410615792963647,107.90159285534173,-1509.9093909043406,1509.9093909043406,108.73177252609479,19.87323230423499,15.76759314048104,10.9766560854041,147.979284520261,-0.8336173209499975,10.69813424692256,128.106052216026,-16.601210461431037,-0.2785218384815397,-14.875727438739542,119.68985692395196,0.007273474600388852,120.61073383952093,-15.767702209281879,19.873145763988198,0.00032178115727532486,25.36853081117065,0.8328257667660709,147.97928843642435,0.01094928170353171,147.98163198487936,16.601228255427323,128.10604954784532,0.008343380430986258,129.17724532727814,16.601228255427323,128.10604954784532,0.008343380430986258,129.17724532727814,-14.042901423424917,267.66914062283837,0.035921986607512224,268.0372584588882,1.7255007906568065,247.79590273353855,0.03070289389395242,247.80191033264424
65.0,3811.5,63.525,-13.267763279145584,110.07592547684911,-1510.9641212944778,1510.9641212944778,110.87264275742814,20.10222851822618,15.899535355856639,11.15248051064555,152.664739289321,-1.244332224814571,10.85448548110435,132.56251077109482,-17.14386758067121,-0.2979950295411999,-14.717251045013771,122.10159279834099,0.007562698356444741,122.98535051872574,-15.899647448637149,20.10213985598354,0.00032844738040438415,25.629959340203328,1.2435036713602854,152.6647454465628,0.011654035403374507,152.6698097321291,17.143887281104785,132.56250782195607,0.00893336571383685,133.6664930008766,17.143887281104785,132.56250782195607,0.00893336571383685,133.6664930008766,-13.473747122741225,274.76633312812066,0.03783904056753329,275.09649158468187,2.42663619742552,254.6640965625348,0.03242984580875685,254.67565773203907
66.0,3872.0,64.53333333333333,-13.096374459564686,112.0551896747202,-1512.022982510075,1512.022982510075,112.81790884882886,20.30280302278697,16.00928771949839,11.30900909629418,156.9446467328817,-1.699877316241327,10.99288874684134,136.64184371009472,-17.709165035739716,-0.31612034945283934,-14.527121128887183,124.29694329152503,0.0078303836748006,125.14298765775871,-16.009402519656437,20.30271249550903,0.00033425051615409984,25.855388291643976,1.6990146717074397,156.9446554286261,0.01231725577088838,156.9538515566434,17.709186577339402,136.6418404786301,0.009492303942870706,137.7846430434771,17.709186577339402,136.6418404786301,0.009492303942870706,137.7846430434771,-12.828106207248991,281.24159324070456,0.03963069783452511,281.53400163645307,3.182065395226133,260.9387794054584,0.03404958670572,260.95818082173616
67.0,3932.5,65.54166666666667,-12.90293948841282,113.85431571397925,-1513.0852187326127,1513.0852187326127,114.58311853907672,20.47798625426367,16.10011167940684,11.44823909271508,160.8531601959839,-2.19035268855805,11.115263987449,140.37517394172022,-18.29046436796489,-0.33297510526608,-14.312536995578993,126.29247058207415,0.008077318480737006,127.10089236891248,-16.100228895676587,20.477894092535784,0.0003392807146340715,26.04921336544141,2.1894587163986197,160.85317167207177,0.012939268323464148,160.86807192987615,18.290487677594292,140.37517042773624,0.01001986527082721,141.5617547648383,18.290487677594292,140.37517042773624,0.01001986527082721,141.5617547648383,-12.123078033285461,287.1456364299113,0.04129979369604797,287.40143622073276,3.9779506125342525,266.6676363520485,0.03556372685231679,266.6973047645291
68.0,3993.0,66.55,-12.691842130152509,115.48622569534928,-1514.1503241551388,1514.1503241551388,116.18154406795368,20.63031388388481,16.17449197510723,11.571622962947,164.4183794269338,-2.708718966459855,11.2229408841813,143.788065543049,-18.883210941567086,-0.3486820787657001,-14.0783614102929,128.10250920054935,0.008304226639666012,128.8737875732519,-16.174611336000694,20.630220298500024,0.0003436120277200416,26.214958352729166,2.707796325324516,164.4183938823795,0.013520370267805504,164.44068963550572,18.88323594353688,143.78806174691235,0.010515791681875442,145.02269925991988,18.88323594353688,143.78806174691235,0.010515791681875442,145.02269925991988,-11.370564845910359,292.5208969328854,0.04284888344141535,292.7418058414869,4.804874446017416,271.89056601162395,0.03697378392342188,271.933018783235
69.0,4053.5,67.55833333333334,-12.464468454709277,116.96085130097345,-1515.2179323649764,1515.2179323649764,117.6231427522104,20.7616831175983,16.23385469429195,11.68021390185459,167.6594401942566,-3.2524214930163,11.316969903418789,146.8977570766583,-19.48627618730825,-0.3632439984358001,-13.826131939519042,129.73807649493097,0.008511565230406859,130.4727190527336,-16.233975942477834,20.7615883072873,0.0003472927501135814,26.354990494064648,3.2514727792860487,167.6594578086845,0.014060133057824942,167.69098326367012,19.486302795856638,146.89775299990552,0.010979332998317659,148.18456678437556,19.486302795856638,146.89775299990552,0.010979332998317659,148.18456678437556,-10.574658930690353,297.3975278480489,0.04427855737620945,297.5854717247324,5.660170749989714,276.6358242971781,0.03827970918024448,276.69372384912936
70.0,4114.0,68.56666666666666,-12.226784747326747,118.29850700451058,-1516.286472352135,1516.286472352135,118.92868041289998,20.8749515877571,16.28141035325825,11.77619560621679,170.6123875919729,-3.80742812922108,11.39944379247027,149.7374360042158,-20.08883848247933,-0.3767518137465197,-13.56246672900222,131.22170697329892,0.008701538489752636,131.92072196877038,-16.281533264730946,20.87485571830422,0.00035042391210993173,26.473532569541202,3.806455667495391,170.61240846143286,0.01456154163914647,170.65486522733366,20.088866612983185,149.7374316503364,0.011412430556134723,151.07898927062422,20.088866612983185,149.7374316503364,0.011412430556134723,151.07898927062422,-9.756010843592412,301.8341086928365,0.04559950539384516,301.9917365061159,6.526399757523182,280.95913317967376,0.039490315018042565,281.0349238277489
71.0,4174.5,69.575,-11.981144780293107,119.50953194173059,-1517.3558080618936,1517.3558080618936,120.10860108742366,20.97196920658462,16.31866143725347,11.86065765068633,173.2975360937417,-4.369912403490162,11.47147395386128,152.3255668871571,-20.688573840743633,-0.3891836968250505,-13.289976722878414,132.56486978440788,0.008875034041011531,133.2293818279274,-16.318785805608538,20.971872428608414,0.00035306102486032387,26.572960003190396,4.368918392425122,173.2975602866444,0.015025566013626701,173.3526228507167,20.68860340057428,152.3255622613888,0.011815547651394809,153.7240879918124,20.68860340057428,152.3255622613888,0.011815547651394809,153.7240879918124,-8.921058126026304,305.8624230621826,0.04681570453524131,305.9924952013652,7.398626530329523,284.89042637133,0.04060864833288491,284.9864816312758
72.0,4235.0,70.58333333333333,-11.729112884495407,120.60203880537304,-1518.4256926374924,1518.4256926374924,121.17105204243272,21.05422572640236,16.34674845263362,11.93435309687629,175.731853232719,-4.938012807542691,11.53374705609167,154.67762750631664,-21.28476126017631,-0.4006060407846201,-13.010397174675745,133.77656438175399,0.009032719905377462,134.40773643071435,-16.34687408457657,21.05412817948727,0.0003552482752411379,26.655142200620148,4.9369993586255365,175.73188080052137,0.0154530340745751,175.8012169820099,21.28479215609098,154.67762261444992,0.012189104725557343,156.1352276547038,21.28479215609098,154.67762261444992,0.012189104725557343,156.1352276547038,-8.073397626772836,309.5084379259817,0.04793032759575766,309.61371561450767,8.274394812490836,288.45418110732027,0.04163714095728466,288.5728334542386
73.0,4295.5,71.59166666666667,-11.478870874270797,121.59429024904969,-1519.494521787124,1519.494521787124,122.13490859585693,21.12345464411192,16.36933120607864,11.99970120069338,177.9547601472586,-5.499080998561112,11.58881059382111,156.8313055031467,-21.868412204639753,-0.41089060687227,-12.732803714930778,134.8770491066112,0.009176971405011614,135.47672370614134,-16.36945794131684,21.12335642754336,0.00035707758971881276,26.723685001465988,5.498049827387058,177.95479106704025,0.015849068168982683,178.03970404271732,21.868444333504947,156.83130035497422,0.012537142879409657,158.34862054530106,21.868444333504947,156.83130035497422,0.012537142879409657,158.34862054530106,-7.234753714401512,312.8318326869564,0.04895804983640062,312.9154793288244,9.135640427872277,291.7083433723207,0.042588609749927286,291.8513620304883
74.0,4356.0,72.6,-11.230396921746433,122.49230348970744,-1520.5625307288528,1520.5625307288528,123.00604143388472,21.18083648383617,16.38686990190763,12.0571667139302,179.97866962105041,-6.053136985428864,11.63695651484886,158.79783313721424,-22.440006887336494,-0.42021019908134066,-12.457172120050714,135.87299884281217,0.00930832655399172,136.4428559938827,-16.386997590005556,21.180737691168307,0.00035857861124810597,26.77979348607688,6.052089750599951,179.97870386428076,0.01621448086908117,180.08043101629832,22.44004015537626,158.79782774172824,0.012860152831528637,160.37551402151917,22.44004015537626,158.79782774172824,0.012860152831528637,160.37551402151917,-6.405082213302199,315.8516950069905,0.04990166047047495,315.9166319093506,9.982867822722431,294.67082030899564,0.043465275934018166,294.83987178050114
75.0,4416.5,73.60833333333333,-10.985109838657081,123.30650497460735,-1521.629128362179,1521.629128362179,123.79485775758307,21.2279446714092,16.40038317418657,12.10797017847653,181.8251621443778,-6.598098025278887,11.67928621725878,160.5972174729686,-22.998481199465456,-0.42868396121775054,-12.185076186923707,136.77597944187298,0.009428072322847925,137.31767779118897,-16.40051168547433,21.22784538067332,0.0003597990794190764,26.825327641077443,6.597036194675362,181.82519966759384,0.01655196213423693,181.94483812604912,22.998515521302227,160.5972118389266,0.013160198153450153,162.23561929064974,22.998515521302227,160.5972118389266,0.013160198153450153,162.23561929064974,-5.588039853726791,318.60117121168327,0.050768967696512846,318.6501725825096,10.813439099882581,297.3731848320829,0.04427387167993402,297.5697254801688
76.0,4477.0,74.61666666666666,-10.74658939614892,124.05423331074417,-1522.693823545751,1522.693823545751,124.51884189136183,21.267032934702,16.41173730604351,12.15406246046769,183.5305010899901,-7.128583092708141,11.71756230178289,162.2634681552881,-23.54032039875165,-0.43650015868480063,-11.920486713498539,137.60522389214037,0.009538647871565331,138.12058371543606,-16.41186654408718,21.26693319698175,0.0003608159326873306,26.86320552476589,7.12750778742909,183.53054181872074,0.016867130692155285,183.66888998285222,23.540355707291035,162.26346229056904,0.013441789903367862,163.96212837527057,23.540355707291035,162.26346229056904,0.013441789903367862,163.96212837527057,-4.792978805431141,321.13575762793903,0.051575575032991594,321.17152344673974,11.61986873760126,299.8686795712985,0.04502812422924052,300.093729253567
77.0,4537.5,75.625,-10.514770110603422,124.73935930756852,-1523.7562714673918,1523.7562714673918,125.18174048535002,21.29871609213296,16.42108509258833,12.19543082697783,185.1028646342456,-7.644665856787469,11.75177294499008,163.80414854211264,-24.0657509493758,-0.4436578819877502,-11.663331039354244,138.36502614298556,0.009640456877235692,138.85572998793617,-16.421214963698805,21.298615957943337,0.00036164360395218864,26.894001982002685,7.643578169469952,185.10290849033845,0.017160755594325394,185.26065696422273,24.065787175931533,163.80414245528914,0.013705479640080398,165.56255373093848,24.065787175931533,163.80414245528914,0.013705479640080398,165.56255373093848,-4.019752767289674,323.46792637757534,0.05232383026854137,323.4929022518402,12.402455858959758,302.16916183449683,0.045730012776523665,302.42358253796243
78.0,4598.0,76.63333333333334,-10.291594662703574,125.37292786873871,-1524.8160982537229,1524.8160982537229,125.79462612958214,21.32350527972449,16.42931965761818,12.23316212417558,186.5649392129853,-8.142900696839206,11.7830268209218,165.24143393326082,-24.572220354457386,-0.45013530325378037,-11.415764024173686,139.06763786140897,0.00973506386614531,139.53539898035768,-16.42945008217033,21.32340478535387,0.0003623071842540071,26.91866307309074,8.141801499486974,186.56498609833687,0.0174363915528275,186.74255800306923,24.572257430662134,165.2414276342359,0.013954262634285897,167.05844857964874,24.572257430662134,165.2414276342359,0.013954262634285897,167.05844857964874,-3.273962440047559,325.6326155414241,0.05302366090642607,325.64907359672895,13.156493107846263,304.3090585880654,0.04638854933514125,304.59332962107266
79.0,4658.5,77.64166666666667,-10.078947525471449,125.96535816555843,-1525.8723503848164,1525.8723503848164,126.36794150811599,21.34194255631883,16.43727773625869,12.26827862410573,187.9382325569168,-8.619888831162825,11.81233801617054,166.59629000059797,-25.057166567421515,-0.4559406079351902,-11.179875958722148,139.72461666537728,0.009823979185696885,140.17117438595943,-16.43740864831979,21.341841724641053,0.00036283132054393263,26.93812560798334,8.618778785148768,187.938282354385,0.017697540766192787,188.13580552904827,25.057204427898004,166.5962835002412,0.014191092634341373,168.4701313878345,25.057204427898004,166.5962835002412,0.014191092634341373,168.4701313878345,-2.561097106566763,327.66289044703706,0.053684765854988825,327.6728993897669,13.877328150032485,306.32089312101436,0.0470125359752771,306.6350759437667
80.0,4719.0,78.65,-9.876552212517709,126.51916040340438,-1526.9251526177638,1526.9251526177638,126.90407492586263,21.35463000740856,16.44499388930853,12.30101952387486,189.2280706670135,-9.076050446310546,11.839794751722371,167.87344065960494,-25.521044335619077,-0.4612247721524892,-10.955360110840688,140.33874709676437,0.009907492048988331,140.76570552463335,-16.44512522877191,21.354528859182178,0.00036322900243135336,26.952885682012507,9.074930181054569,189.22812325999166,0.017944818631043802,189.44560430448,25.52108292667215,167.87343396741943,0.014416407845274648,169.80228357052096,25.52108292667215,167.87343396741943,0.014416407845274648,169.80228357052096,-1.880429880036303,329.56686163753136,0.054308927688317965,329.5722262359883,14.565722476747933,308.21217388914175,0.04760345329035687,308.55616086012634
81.0,4779.5,79.65833333333333,-9.687770216260105,127.04784603556618,-1527.9728824850733,1527.9728824850733,127.41667109935021,21.36369766958524,16.45324846322183,12.33289094670909,190.4621603898704,-9.505359230388422,11.8664875117247,169.09846272028517,-25.95860769361025,-0.4664034349843911,-10.745945118626599,140.92501684716476,0.009987667914934661,141.33412790216735,-16.45338019888483,21.363596208397336,0.00036355840560275965,26.96510639557175,9.504229114130835,190.4622156286166,0.01818309314227662,190.69920281221823,25.958647001034425,169.09845584182096,0.014634069622765367,171.07933575453401,25.958647001034425,169.09845584182096,0.014634069622765367,171.07933575453401,-1.2417159712938215,331.3872236148983,0.05490951837661129,331.3895499766762,15.212701524129649,310.0234653875448,0.04817298893122768,310.39648093779095
82.0,4840.0,80.66666666666667,-9.51348920352757,127.55738862324503,-1529.0151952456197,1529.0151952456197,127.91166432037072,21.37002047675196,16.46232522034552,12.36433308804408,191.6532928589731,-9.90622447716305,11.89275644719601,170.28327238222113,-26.36854969750857,-0.4715766408480704,-10.552615553599438,141.49005211075104,0.010065396294223206,141.88302414779972,-16.46245733096628,21.36991870077089,0.0003638429557639711,26.97565433222043,9.905084773159135,191.65335058420897,0.018414558877744014,191.9091386425284,26.368589717826495,170.28326532215235,0.014845846552091757,172.31277657934015,26.368589717826495,170.28326532215235,0.014845846552091757,172.31277657934015,-0.6475307629488654,333.1433936959181,0.0554924713958016,333.1440229980458,15.815973787567577,311.77331000798137,0.048726372270380125,312.1742171611581
83.0,4900.5,81.675,-9.35309799388051,128.0491414945573,-1530.0518621472752,1530.0518621472752,128.39027642144978,21.37375668098684,16.47218050493393,12.39539597008843,192.80485867057,-10.27971302391961,11.91874252981506,171.43110198958317,-26.751893528853543,-0.47665344027337025,-10.374693422269232,142.03535415324308,0.010140838058170232,142.41374966288632,-16.472312970587783,21.373654588256386,0.0003640850954056418,26.9846290517229,10.278563964073378,192.80491872869038,0.01863969290027967,193.07870302842943,26.7519342512404,171.4310947537505,0.015052143198523993,173.50586801215707,26.7519342512404,171.4310947537505,0.015052143198523993,173.50586801215707,-0.09612945557358885,334.84026374800067,0.05605900732508218,334.84027754692664,16.377240434742607,313.4664413613131,0.04926471308674962,313.8939691424206
84.0,4961.0,82.68333333333334,-9.209710697177798,128.5375983570702,-1531.0817119456033,1531.0817119456033,128.86711358034373,21.37627052434254,16.48353099881206,12.428071386239031,193.9476060215384,-10.61718012351776,11.94668766402174,172.57133549719586,-27.10071112232982,-0.48138372221729125,-10.215632927042522,142.57700000737637,0.010216280155184165,142.94250622961485,-16.483663829294443,21.37616809194594,0.00036432579175738056,26.993549887562356,10.616021540772694,193.94766821743664,0.0188641990916949,194.2379929888461,27.100752521013543,172.5713280965905,0.015257657137723868,174.68633051336988,27.100752521013543,172.5713280965905,0.015257657137723868,174.68633051336988,0.4003886027018564,336.52465895556867,0.05662450475174552,336.5248971416453,16.88511918319236,315.1483204370855,0.04980178691660342,315.6003344804098
85.0,5021.5,83.69166666666666,-9.082759788725525,129.02417802251878,-1532.1047457774735,1532.1047457774735,129.34347698962753,21.37766023224685,16.49638943490572,12.46225201612106,195.0845908140764,-10.91947069653543,11.97638175653992,173.70693058182954,-27.41586013144115,-0.48587025958113883,-10.074804488307906,143.1165634761226,0.010291926311190025,143.47073717902427,-16.4965226393712,21.37755743801245,0.0003645675983321439,27.002503980312788,10.91830242303286,195.08465495598904,0.019088616132201253,195.389948377848,27.415902189646477,173.70692302621168,0.01546286343412362,175.85712041343817,27.415902189646477,173.70692302621168,0.01546286343412362,175.85712041343817,0.8434979112674068,338.20120902678826,0.057190386426597684,338.2022608970964,17.341097275022822,316.8234787135054,0.05033891636863075,317.2976998322377
86.0,5082.0,84.7,-8.972441719379276,129.51191456522793,-1533.1209621365363,1533.1209621365363,129.82234293355884,21.37837145710364,16.51098136790097,12.49792330781929,196.2221867870539,-11.1862636913429,12.00769656861667,174.84381532995025,-27.69724505924387,-0.49022673920262094,-9.952425948339151,143.65741003968643,0.01036825125755314,144.00174388377306,-16.511114958092485,21.37826827745344,0.0003648236157616225,27.0119838535069,11.185085530822251,196.22225267968068,0.019314139398929342,196.54078097183867,27.697287771138868,174.8438076277836,0.015668748520880627,177.02400067691013,27.697287771138868,174.8438076277836,0.015668748520880627,177.02400067691013,1.2326595478731481,339.87965317640914,0.05775985068012801,339.8818884449083,17.744861381982698,318.5012097552779,0.05087895171840273,318.9951421590011
87.0,5142.5,85.70833333333333,-8.882700058165938,130.01373736187819,-1534.1294137982688,1534.1294137982688,130.31682264054314,21.38044510502368,16.52860009926371,12.53572918358259,197.3874605027959,-11.41021311923396,12.04096406581812,176.00701539777222,-27.93881321849767,-0.49476511776447124,-9.852871539251577,144.2138813847415,0.010447361420418133,144.5500697392474,-16.528734106551912,21.380341502835424,0.00036515901413736174,27.024397383530303,11.409024676961293,197.3875279069639,0.01954600115094962,197.7169745300134,27.9388566116772,176.00700755455415,0.015879523251882688,178.2106798625625,27.9388566116772,176.00700755455415,0.015879523251882688,178.2106798625625,1.5561530935871581,341.6013996060727,0.05834697058837435,341.6049440878724,18.08598461833401,320.2208808993896,0.051434259074056854,320.7312198766994
88.0,5203.0,86.71666666666667,-8.812392479740083,130.52894064458084,-1535.1303472783686,1535.1303472783686,130.82607770247293,21.38385207217652,16.5488545462722,12.57590702152811,198.5788549063727,-11.59355178970145,12.076509847247511,177.19500283419617,-28.14240633597365,-0.4993971742805991,-9.774874090107255,144.78519458242437,0.010529150440419244,145.1147846835323,-16.548989004477264,21.383748010586718,0.00036556679905430656,27.039484389510477,11.59235264321977,198.57892359680636,0.019783986004995313,198.9169966007707,28.142450430329806,177.19499485641668,0.01609503197386175,179.41589594678925,28.142450430329806,177.19499485641668,0.01609503197386175,179.41589594678925,1.8174785010636132,343.36410834597825,0.058951108772298255,343.3689184074915,18.367575874051223,321.98018126694456,0.052004303752184455,322.5036510989969
89.0,5263.5,87.725,-8.762726793065667,131.06055848766118,-1536.1227252412843,1536.1227252412843,131.35317039168706,21.38936906703748,16.57181928749196,12.61922352568945,199.8000225285068,-11.73421424027765,12.11527887789998,178.4106534614693,-28.306033527769607,-0.5039446477894688,-9.7197732616283,145.37471521427756,0.010614141010556466,145.69928557096557,-16.571954243658286,21.38926450210337,0.0003660651781700608,27.057906485810083,11.733003845158226,199.80009227133476,0.020028870340027538,200.1442985719663,28.306078328370237,178.4106453588208,0.016315796269594784,180.6421668594649,28.306078328370237,178.4106453588208,0.016315796269594784,180.6421668594649,2.0132305252834635,345.17479749907056,0.05957484872087804,345.18066852834085,18.586304589793794,323.78535226435565,0.05259120394729422,324.3183699071908
90.0,5324.0,88.73333333333333,-8.736249583307654,131.6136622335762,-1537.1056230293336,1537.1056230293336,131.90329087371447,21.39817843271885,16.59785993979312,12.66657363885315,201.0578609770164,-11.82766300189542,12.15839347423753,179.65968254429754,-28.42552294168854,-0.5081801646156202,-9.69039370128237,145.98806860415658,0.010703209873952346,146.30932952090848,-16.597995458113047,21.398073310530535,0.00036668545977391886,27.080823374306412,11.826440651349666,201.0579315154626,0.020282078461164588,201.40545306360585,28.42556843468475,179.65967433095463,0.01654280579188594,181.8945065732872,28.42556843468475,179.65967433095463,0.01654280579188594,181.8945065732872,2.1360468876147203,347.04598997287724,0.06022274279260387,347.0525635297347,18.73517424717376,325.64773448366867,0.05319872831144323,326.1862255344605
91.0,5384.5,89.74166666666666,-8.7319131125696,132.18729145592079,-1538.0790426746667,1538.0790426746667,132.47538008648255,21.41001641575713,16.62680733716115,12.71747623832198,202.3514680331573,-11.87570978800068,12.20530157297617,180.94145161740016,-28.50251712516183,-0.5121746653458104,-9.685573156898807,146.62418937330216,0.010796231686427404,146.94374174069344,-16.626943475360665,21.40991068704694,0.00036741976128240594,27.107923656380716,11.874474826042709,202.35153911576845,0.020543574508202767,202.6996510478365,28.502563302587074,180.941443306428,0.016776101174897917,183.17260171933816,28.502563302587074,180.941443306428,0.016776101174897917,183.17260171933816,2.1889016044517486,348.9757181752261,0.060894423614676896,348.9825828979848,18.81698965166084,327.56562407971467,0.05382665990705249,328.10564941537297
92.0,5445.0,90.75,-8.752256690058857,132.78424012241888,-1539.0427575994177,1539.0427575994177,133.07237287302303,21.42637822544202,16.65918898652308,12.77159935852978,203.68989498820162,-11.87294310511788,12.25513187819161,182.2635167627596,-28.53213209164096,-0.5164674803381701,-9.708128189260648,147.2861766138786,0.010893732804717615,147.6057775782295,-16.6593258085925,21.426271839978842,0.0003683090499251307,27.14071224853,11.871694899182847,203.68996632205778,0.020815269952123572,204.03563296654906,28.53217899638499,182.2635083609307,0.01701703600254234,184.48325592941165,28.53217899638499,182.2635083609307,0.01701703600254234,184.48325592941165,2.1635666452630056,350.9761324468518,0.06159446497289167,350.98280095750926,18.824050307008836,329.5496762193661,0.054478668354285276,330.0868582150005
93.0,5505.5,91.75833333333334,-8.798589988145977,133.40585428522894,-1539.9964216840085,1539.9964216840085,133.6956885742814,21.44798600056674,16.69526682235301,12.82911671296461,205.07765293587,-11.81675543193705,12.30787438544212,183.62966693530325,-28.51202225429006,-0.5212423275224899,-9.759511420812478,147.97552337977365,0.010996001886809381,148.29701137477753,-16.695404399200754,21.447878904571603,0.00036937397585035114,27.179919748925297,11.815493313541001,205.07772420800384,0.021098239599837143,205.41781531448632,28.51206994796609,183.62965844758446,0.017266394869430712,185.83000186808974,28.51206994796609,183.62965844758446,0.017266394869430712,185.83000186808974,2.055981830573787,353.0532369145651,0.06232540938899689,353.05922329991563,18.752558022814238,331.6051729090258,0.05515682599543936,332.1349863119269
94.0,5566.0,92.76666666666667,-8.86997440829873,134.05096979113296,-1540.9400358095127,1540.9400358095127,134.34410648758328,21.47440864064265,16.73482074693311,12.89002102566883,206.5122389467433,-11.70929408544907,12.36360549228266,185.03783030610066,-28.44411483238218,-0.5264155333861692,-9.83868165705708,148.69093831440892,0.011102897490289365,149.0160890426543,-16.734959147189436,21.474300781301363,0.00037060221558249395,27.225070279136098,11.708017383731177,206.5123098534442,0.02139220611763193,206.84393100128102,28.444163369622945,185.0378217385105,0.017524033113502924,187.21128679524264,28.444163369622945,185.0378217385105,0.017524033113502924,187.21128679524264,1.869335669488656,355.20323730171816,0.06308641919972047,355.2081561640525,18.605481205871744,333.72875096428606,0.055860523096029624,334.2469792699472
95.0,5626.5,93.775,-8.972165232989937,134.72186401486394,-1541.8729836795824,1541.8729836795824,135.02029622470678,21.50693399016745,16.77960790402722,12.95563743042294,207.99248886760319,-11.5400234790286,12.4243670143187,186.48555487743573,-28.31963138305582,-0.5312704161042399,-9.95202264169289,149.4349475505809,0.011214923101299235,149.76597178299758,-16.779747219508145,21.506825291631262,0.00037205172276344456,27.278259674607938,11.538731307768874,207.9925590467225,0.021697023622202494,208.31237826638443,28.319680752253475,186.4855462489118,0.017789431816517265,188.62360212249308,28.319680752253475,186.4855462489118,0.017789431816517265,188.62360212249308,1.5867086169411349,357.42749552901654,0.063878468070655,357.4310174066881,18.36765760387737,335.920484532918,0.05658997292989909,336.4222685475557
96.0,5687.0,94.78333333333333,-9.104674973059446,135.4176492895931,-1542.7950398247956,1542.7950398247956,135.72337619394932,21.54563117073849,16.82947549852543,13.02563578065019,209.5162781188264,-11.30945383920334,12.48978696821723,187.9706469480879,-28.13892933772877,-0.5358488124329597,-10.09899354748109,150.20656645484945,0.01133200122627187,150.54568169438528,-16.829615818717887,21.545521560141758,0.0003737227194378079,27.339448931976897,11.308145349092591,209.5163472023886,0.02201248716637849,209.82129037890329,28.138979530232582,187.97063827724045,0.018062381701433594,190.0651546795362,28.138979530232582,187.97063827724045,0.018062381701433594,190.0651546795362,1.209151763696696,359.722902377576,0.06470101643341053,359.7249345582465,18.039985478529413,338.17719527995325,0.05734462993345346,338.65802291320546
97.0,5747.5,95.79166666666667,-9.265859262086451,136.13620831165457,-1543.7061007474995,1543.7061007474995,136.45117574187114,21.5902164200088,16.88391239440534,13.099584975861939,211.0805653501302,-11.02024634747067,12.55926963494858,189.4903489301214,-27.90415874187601,-0.5403153409133598,-10.277770332436166,151.0034464564932,0.011453836767927328,151.35281102359914,-16.884053803260905,21.59010583055392,0.0003756019939515909,27.408099945197357,11.018920756262784,211.08063297598162,0.022338225269535883,211.3680444915311,27.904209763533878,189.4903402330067,0.01834261709188212,191.533897689542,27.904209763533878,189.4903402330067,0.01834261709188212,191.533897689542,0.7411504002871979,362.08406793244836,0.06555271292452147,362.08482646256493,17.626438931795317,340.49377704436625,0.05812335346355724,340.9497082494058
98.0,5808.0,96.8,-9.45642386795953,136.86793681699783,-1544.6060812109858,1544.6060812109858,137.19422757868577,21.64117722713854,16.94239836069755,13.1762553792214,212.67081319820142,-10.66953973349882,12.63133253814885,191.02963597106287,-27.61193809419637,-0.5449228410725498,-10.48913575066382,151.81493440146974,0.011578898173603136,152.17685854333575,-16.94254093291017,21.641065605106395,0.0003776926549292625,27.484275755199658,10.668196494710088,212.67087897061933,0.022671356791903463,212.93828490571056,27.61198997095482,191.02962726173894,0.018627370423907053,193.01487114187606,27.61198997095482,191.02962726173894,0.018627370423907053,193.01487114187606,0.1790607382850405,364.48580164486214,0.06642496819253552,364.4858456283945,17.122853728667767,342.844551819619,0.05891779120137386,343.2718730572151
99.0,5868.5,97.80833333333334,-9.675124601926655,137.6123109366745,-1545.4948627251495,1545.4948627251495,137.95200671753489,21.69804065488279,17.00474604149349,13.25561970588751,214.2852754332125,-10.26001882564742,12.70602297154255,192.5872347783297,-27.26476486714091,-0.5495967343449593,-10.731709651692983,152.64044921724314,0.011707138258820748,153.0172419346592,-17.004889849321234,21.69792794728202,0.0003799831560513667,27.56748729922607,10.25865738985915,214.28533896577275,0.023011723526700223,214.53075897669927,27.264817617878077,192.58722607164162,0.018916605060148584,194.5076089146791,27.264817617878077,192.58722607164162,0.018916605060148584,194.5076089146791,-0.4730522464130294,366.92577622177964,0.06731737678400407,366.9260811585671,16.53310748500549,345.22766524137796,0.05972774408391501,345.62332746954985
100.0,5929.0,98.81666666666666,-9.919625881593674,138.36598373018208,-1546.3732729870121,1546.3732729870121,138.7211030494344,21.76059933844954,17.07050432742108,13.33713225903921,215.916195884347,-9.796341146284249,12.78265244764043,194.15559654589745,-26.86684547370533,-0.5544798113987798,-11.002901301851653,153.47627830821114,0.011838016011900265,153.87017852851724,-17.070649436741633,21.760485499237596,0.00038246283917686696,27.657292010510663,9.794961078906507,215.91625680896342,0.02335788584773013,216.13831501363086,26.866899129353612,194.15558785414035,0.019209111412621382,196.0056697236426,26.866899129353612,194.15558785414035,0.019209111412621382,196.0056697236426,-1.2079401830465801,369.3925229160471,0.06822614995183329,369.39449793651255,15.863997359471792,347.631855906286,0.060549788627461965,347.99364024802253
101.0,5989.5,99.825,-10.185955034103245,139.12095892010254,-1547.2432062608736,1547.2432062608736,139.49335070463263,21.82893149438314,17.13887286314275,13.41944607702317,217.5459521822631,-9.286114618589636,12.859490198025009,195.71702068787997,-26.424987481732387,-0.5599558789981613,-11.298304097686996,154.31355184452966,0.011970162083763114,154.72661037571447,-17.1390193265068,21.828816493840257,0.0003851216012762393,27.753255899013475,9.284715779942402,217.54601016455163,0.023706236529363878,217.7440526986432,26.425042106401463,195.7170120171836,0.019501715908809558,197.4928647907551,26.425042106401463,195.7170120171836,0.019501715908809558,197.4928647907551,-2.0135882503590667,371.85954956465434,0.06914179184747127,371.86500123037877,15.12673755637617,350.0305533946695,0.06137510510928479,350.3572555248115
102.0,6050.0,100.83333333333333,-10.473362635821104,139.87676356919113,-1548.1046547165531,1548.1046547165531,140.26831542259575,21.90244595112745,17.20976615615655,13.50268394162413,219.1737294197083,-8.73116914590355,12.93679633818101,197.27128346858086,-25.9409353020601,-0.5658876034431211,-11.617086714488561,155.1517452635127,0.01210351041613933,155.58605580850065,-17.20991402432084,21.90232975860507,0.000387946563762398,27.854859353067866,8.729751372703179,219.17378413274236,0.024056678316064506,219.34756941916444,25.94099094758324,197.27127482711825,0.01979444563815491,198.96957275739177,25.94099094758324,197.27127482711825,0.01979444563815491,198.96957275739177,-2.8873352438938023,374.32551670520485,0.07006396707254225,374.3366521747893,14.323903798999845,352.4230094102319,0.06220357773312202,352.7139801337727
103.0,6110.5,101.84166666666667,-10.7744854176417,140.63006528886038,-1548.960284623035,1548.960284623035,141.0422092820589,21.97909998358227,17.28236748022027,13.58660574624082,220.7903162343428,-8.147546395775862,13.01492648053681,198.81121625076054,-25.42991387599613,-0.5716792657040111,-11.951081705411024,155.98716183258074,0.012237411528559505,156.44431280974436,-17.282516788131737,21.97898257567633,0.0003908805501495749,27.959990371849894,8.146109544400097,220.79036745166414,0.024407373011570144,220.9405926038722,25.42997053385554,198.8112076507459,0.02008629007566043,200.43098485239443,25.42997053385554,198.8112076507459,0.02008629007566043,200.43098485239443,-3.8049720303363617,376.77751634453404,0.070987889788654,376.7967285353036,13.478888414533731,354.7983585881502,0.06303177979560814,355.05429963561505
104.0,6171.0,102.85,-11.082142009399831,141.377910040319,-1549.8128827289293,1549.8128827289293,141.81159091867292,22.05710370617453,17.355876479996372,13.67081131320447,222.3876799689606,-7.550853297288995,13.0939724840573,200.33057626278608,-24.906729777285367,-0.5768388291471706,-12.292323412351799,156.81652446827795,0.012371261903787456,157.29756374840605,-17.356027246414424,22.056985068146442,0.0003938710468887052,28.066746731224747,7.549397265688874,222.38772756274702,0.024756647620804983,222.51583037976823,24.906787387342032,200.33056771852242,0.020376342391159596,201.8729412783788,24.906787387342032,200.33056771852242,0.020376342391159596,201.8729412783788,-4.742925981697932,379.20423884181974,0.0719091775014391,379.23389893635795,12.614463582567126,357.1470810763186,0.06385658324337129,357.369783575515
105.0,6231.5,103.85833333333333,-11.39584492193535,142.1205524820834,-1550.6625680927752,1550.6625680927752,142.57670468662624,22.13646621385124,17.43021130096167,13.75513056700584,223.9674504380673,-6.942104391782777,13.17360420216573,201.83098422421605,-24.372315692744447,-0.5815263648401099,-12.640271093548842,157.64011564255134,0.012505091295800241,158.14607966407314,-17.430363543091893,22.13634633281264,0.0003969177209128816,28.175084777344942,6.940629104224645,223.967494283637,0.025104805678743958,224.07501161007082,24.37237420987854,201.83097574736175,0.02066487791996252,203.2972095129652,24.37237420987854,201.83097574736175,0.02066487791996252,203.2972095129652,-5.69964178859119,381.6075964865297,0.07282842451328264,381.65015866987966,11.732102746667747,359.47108006348816,0.06467855184766336,359.6624801628175
106.0,6292.0,104.86666666666666,-11.707918019965291,142.86412624642256,-1551.514939279741,1551.514939279741,143.3430637056289,22.21749127784278,17.50500996422488,13.83984999847598,225.5501021863893,-6.336242222459987,13.25359789916547,203.3326109085465,-23.841252186684866,-0.5862520993105101,-12.986410291559862,158.46473781396955,0.012639860047514162,158.99597473744686,-17.50516370469959,22.21737014081942,0.0004000211273336163,28.28501886692859,6.334747493334584,225.55014225488387,0.025456498131681826,225.63908282255238,23.84131162222711,203.33260249967788,0.02095627793519128,204.72556112796505,23.84131162222711,203.33260249967788,0.02095627793519128,204.72556112796505,-6.651662561030462,384.0148663750836,0.07375583377378092,384.0724699999977,10.85490098427179,361.7973287681758,0.06550757003509489,361.9601303723462
107.0,6352.5,105.875,-12.015458196401596,143.61079956870526,-1552.37232803529,1552.37232803529,144.11257054272644,22.30020436400082,17.58011421770789,13.92482135997852,227.1425182698295,-5.739141215599375,13.33362979494268,204.8423139058287,-23.319255433307266,-0.5911915650358389,-13.327520853687357,159.29279556228946,0.012775908886375476,159.84935886688697,-17.580269477945176,22.300081960318384,0.00040317971183867485,28.396470385491366,5.737626848931291,227.14255457045604,0.0258133304731345,227.21500931639656,23.319315818635506,204.84230556163476,0.021252080539824192,206.165372063437,23.319315818635506,204.84230556163476,0.021252080539824192,206.165372063437,-7.58989373071761,386.4353361802256,0.07469494067713356,386.50986473254153,9.991794642022196,364.13508935540057,0.06634710181252501,364.27214999232905
108.0,6413.0,106.88333333333334,-12.31856003869325,144.36041237786407,-1553.2343843460699,1553.2343843460699,144.88504264876295,22.3844763240777,17.65549859555904,14.01005010848166,228.7437382619828,-5.150925517227734,13.41378720098874,206.3592619379051,-22.806424112786775,-0.5962629074929214,-13.663707709986936,160.12411137572838,0.012913214053611455,160.70602960763676,-17.65565539639457,22.38435264311315,0.0004063906988704957,28.509321470836227,5.14939131222224,228.74377080603458,0.026175114742343908,228.8017240176526,22.806485471129662,206.35925365608605,0.021552138851355096,207.61569629736985,22.806485471129662,206.35925365608605,0.021552138851355096,207.61569629736985,-8.514316086506561,388.86786796590746,0.07564535897675029,388.961067865116,9.142777461886173,366.4833530362752,0.06719682155154061,366.59737919470825
109.0,6473.5,107.89166666666667,-12.619886547327042,145.12764028040695,-1554.1048526586112,1554.1048526586112,145.67530164659553,22.4714840442175,17.73456824594177,14.097437997406809,230.3707005921751,-4.571155841404106,13.49626199953491,207.8992165479576,-22.305724087345876,-0.6011759978718988,-13.997924600037132,160.97496268353757,0.013054440306525805,161.5824263466626,-17.734726638094777,22.471359034426843,0.000409741240936512,28.626604859502034,4.569601229154734,230.37072939348337,0.026545777465081244,230.41604591841914,22.305786416820673,207.8992083282327,0.021859814625102558,209.09239328865775,22.305786416820673,207.8992083282327,0.021859814625102558,209.09239328865775,-9.428323021846312,391.3456775894219,0.07662016909826264,391.45923496952787,8.307861541341937,368.8741587819938,0.06806858510177705,368.96770262519414
110.0,6534.0,108.9,-12.918862921651453,145.91154467780146,-1554.9838637411995,1554.9838637411995,146.48233985518686,22.56123298138846,17.8169193532085,14.18669489794411,232.0228231837973,-4.000298304163152,13.58065128442831,209.46159020240884,-21.817217657371653,-0.6060436135157994,-14.329533952287477,161.84430829334852,0.013199457860046948,162.47743126429037,-17.81707938481724,22.561106595927676,0.00041322589794390296,28.748075564073687,3.998722757619396,232.02284825756539,0.026925296325863712,232.05730304656547,21.81728096753352,209.4615820430279,0.022175074221308932,210.59474851188577,21.81728096753352,209.4615820430279,0.022175074221308932,210.59474851188577,-10.330810807321795,393.8671417831501,0.07761902853786751,394.0026028192767,7.487746763751099,371.3058778651279,0.06896206294904061,371.38136906526603
111.0,6594.5,109.90833333333333,-13.214397768024355,146.71010285383096,-1555.8713269001605,1555.8713269001605,147.30402094903323,22.6536976697389,17.90179521776736,14.27740880899364,233.6987818125635,-3.439559350226773,13.6664666570141,211.0450841428246,-21.341354567994134,-0.6109421519795398,-14.657325199591567,162.72990455891383,0.013347929539442305,163.38867469858423,-17.901956932731437,22.65356987019075,0.0004168321243724904,28.87324522607366,3.4379624005042717,233.69880318089164,0.02731347548134977,233.7240898873037,21.341418876117263,211.0450760409658,0.022497740337357186,212.12138100809858,21.341418876117263,211.0450760409658,0.022497740337357186,212.12138100809858,-11.219362372982731,396.4286926836846,0.07864079432096105,396.58742097418013,6.684093449062409,373.77496788011683,0.06987620437826081,373.8347278129978
112.0,6655.0,110.91666666666667,-13.503526133717969,147.51978596905246,-1556.7678855177294,1556.7678855177294,148.13653320636018,22.74923826917075,17.98759330995381,14.36874481441919,235.398329095915,-2.893430064432323,13.75274769088719,212.64909082674424,-20.88102337438613,-0.6159971235319989,-14.97800963005562,163.62783712848255,0.01349920497606405,164.31192852566505,-17.98775674582752,22.749109035618474,0.0004205406023416458,29.00140263265764,2.8918113507076146,235.39834681047614,0.02771037244109209,235.4161087393836,20.8810887111093,212.64908277730015,0.022827826406945917,213.67183312684963,20.8810887111093,212.64908277730015,0.022827826406945917,213.67183312684963,-12.086197814338691,399.0261685866629,0.07968398285651546,399.209167473092,5.903078877500454,376.27690693079467,0.07080958108751645,376.3232081996005
113.0,6715.5,111.925,-13.786971976514899,148.34044850431385,-1557.6736435889413,1557.6736435889413,148.97976123870717,22.8474509640364,18.07450644264463,14.46079750166973,237.1206501265988,-2.360532789680292,13.83963899570517,214.2731991625624,-20.43503923232492,-0.6211585059645586,-15.292390261133383,164.53794451049276,0.013653296271343152,165.24706467479777,-18.07467163564591,22.847320274114075,0.0004243468909592707,29.132349689724084,2.3588919353896296,237.12066423120422,0.02811588728501846,237.13239714684778,20.435105623338924,214.27319116128197,0.023165297236005244,215.24542734347764,20.435105623338924,214.27319116128197,0.023165297236005244,215.24542734347764,-12.933497821605405,401.65859308533686,0.08074845381234041,401.86676991907865,5.14271518250072,378.81112243476235,0.07176215943704989,378.8460294100135
114.0,6776.0,112.93333333333334,-14.065004506846883,149.16827058186752,-1558.5887061888573,1558.5887061888573,149.82989454765982,22.94726618856657,18.16239819163457,14.55324854759965,238.8619031989947,-1.838807975218515,13.92689046042506,215.91463701042812,-20.001206166853084,-0.6263580871745893,-15.6007657059761,165.4559896500925,0.013809534293862669,166.1898564946257,-18.162565167042498,22.947134023527596,0.0004282247889619839,29.265162451980398,1.837144655901257,238.86191372419913,0.028529194784354672,238.86897858129979,20.001273630051035,215.91462905443393,0.02350958927532787,216.8390601034278,20.001273630051035,215.91462905443393,0.02350958927532787,216.8390601034278,-13.76362050651543,404.31788740677837,0.0818311989281284,404.55208728484854,4.400507768242688,381.37060519930344,0.0727314543036428,381.39599234745685
115.0,6836.5,113.94166666666666,-14.337743778014556,149.99775157775736,-1559.5128297434258,1559.5128297434258,150.68144004829065,23.04733970959205,18.25098661356606,14.64544220652897,240.6164567219093,-1.326139681623317,14.01398276357213,217.56911701231724,-19.577126295189377,-0.6314594429568404,-15.903269139447302,166.37587130765155,0.013966922396413395,167.1342111080252,-18.251155379516142,23.04720605857084,0.0004321392133022073,29.39861186847885,1.3244536713543262,240.6164636844126,0.028949018737733923,240.6201088303299,19.577194832522427,217.56910910083755,0.023859792142033598,218.44812609048103,19.577194832522427,217.56910910083755,0.023859792142033598,218.44812609048103,-14.57881488476966,406.9923187076055,0.08292764797079855,407.2533478443578,3.6739255612292947,383.94496662989127,0.07371362020780481,383.9625439147128
116.0,6897.0,114.95,-14.605549949919805,150.8292261860334,-1560.446013968431,1560.446013968431,151.53474044329644,23.14769153599627,18.34028807934374,14.73742759117158,242.3831465421245,-0.8225692340602109,14.10100230714306,219.23545500612823,-19.16285731340395,-0.636425284028519,-16.2003000555133,167.2979606884328,0.014125528857711345,168.08050860345782,-18.340458644714957,23.14755638746991,0.0004360908301137556,29.532724053320894,0.820860303334414,242.38314996027157,0.029375132992726094,242.38453992839783,19.162926922214915,219.23544713860332,0.02421569977872906,220.07134990790937,19.162926922214915,219.23544713860332,0.02421569977872906,220.07134990790937,-15.379439128743977,409.68109404149953,0.08403756646124805,409.96966468624817,2.9626267589591806,386.53339376989976,0.07470842366963382,386.54474728883497
117.0,6957.5,115.95833333333333,-14.86864493926987,151.66211960604414,-1561.3871004518392,1561.3871004518392,152.3892224723524,23.24829983990639,18.43019163061399,14.82940842834068,244.15133520960808,-0.3301633739738463,14.18795272911666,220.90303536970168,-18.760355004587836,-0.6414556992240199,-16.49210463048688,168.22162041264798,0.014285251648260555,169.02811331077427,-18.43036400649248,23.24816318123171,0.00044007764099518454,29.66741324606834,0.32843136688802227,244.15133511794522,0.029804991585891116,244.15155602010395,18.76042570066287,220.9030275431505,0.0245750507721354,221.69822089994318,18.76042570066287,220.9030275431505,0.0245750507721354,221.69822089994318,-16.163672599819602,412.3729385960382,0.08515635607775351,412.68959860680525,2.268320986585489,389.12463361606314,0.07571156568353388,389.13124491221924
118.0,7018.0,116.96666666666667,-15.127123333513737,152.49544958351186,-1562.335512232948,1562.335512232948,153.2438971183673,23.34907912882045,18.5205317393411,14.921394722478,245.9142415318638,0.1501089883504392,14.27474489901215,222.56516240304336,-18.37042275099066,-0.6466498234658502,-16.778787798842615,169.14576105703728,0.014445908136373475,169.975928306225,-18.520705936330206,23.34894094841141,0.00044409476096518574,29.802509823711492,-0.15186416835488753,245.91423797356552,0.030236918191484108,245.9142848653673,18.370494559153315,222.56515461342408,0.024936361864291712,223.32201664512448,18.370494559153315,222.56515461342408,0.024936361864291712,223.32201664512448,-16.930651262917987,415.0599817649797,0.08628072145633325,415.40514611031466,1.591706700880007,391.71090104487035,0.07671998469849228,391.71413496018477
119.0,7078.5,117.975,-15.38103970233351,153.32847397075963,-1563.2912516707624,1563.2912516707624,154.0980120330132,23.44992935832124,18.61117380030919,15.01325095887296,247.67150171101088,0.6187536314428144,14.36122602171963,224.22157235268963,-17.992420168866374,-0.6520249371533299,-17.060410097557504,170.06955941846843,0.014607356435547558,170.92311907254913,-18.611349826678612,23.449789646816814,0.0004481374160647533,29.937851907759967,-0.620532058296361,247.67149472737455,0.03067077758434067,247.67227208657673,17.992493116159743,224.22156459602107,0.025299520145516396,224.94230335448844,17.992493116159743,224.22156459602107,0.025299520145516396,224.94230335448844,-17.680941410921008,417.74103654559093,0.08741009849266845,418.11504314406244,0.9320829833449834,394.2911090999144,0.07773317689530046,394.29221079540554
120.0,7139.0,118.98333333333333,-11.541807907633483,129.62008622707802,-1558.8609395251756,1558.8609395251756,130.1329323549264,18.81450771179516,14.60751900594914,12.39860739588039,201.4546043938026,-4.207631718600169,11.83633048640331,182.64009668200745,-18.81515072454931,-0.5622769094770791,-12.802056845596143,143.7732914539875,0.010417326001821436,144.34213520310382,-14.607635641035214,18.814417153091757,0.0002836826329399855,23.819431391865667,4.206439448394402,201.45462792732644,0.02030083079418432,201.4985390670874,18.815201965988635,182.6400903661594,0.016855707385410312,183.60668406672949,18.815201965988635,182.6400903661594,0.016855707385410312,183.60668406672949,-8.595617148702932,345.2279094007945,0.059628098791897344,345.3349013109018,6.013144963943129,326.41337332755853,0.0532909254502556,326.4687553188414
121.0,7199.5,119.99166666666666,-8.022274414543062,107.3134844773449,-1554.4060970569262,1554.4060970569262,107.61292133127684,14.51966727472609,10.91519334295299,9.970590326702222,157.6527720317245,-8.648086804896593,9.50347566686105,143.13310475699842,-19.563280147849582,-0.4671146598411724,-8.898269813935022,119.03162248125774,0.007123853174029193,119.36375645983269,-10.915265726982563,14.519612858238737,0.00016498102883844012,18.16486122831033,8.647337644192145,157.65281246776686,0.012464592913374872,157.88978981343135,19.563313509587502,143.1330996899857,0.010434903718881117,144.4638621328455,19.563313509587502,143.1330996899857,0.010434903718881117,144.4638621328455,-0.25093216505327537,276.6844297781457,0.03827716910098644,276.6845435665121,10.665043515804806,262.164717750285,0.034422041772508294,262.38155877706157
122.0,7260.0,121.0,-4.8128567868843675,86.35742415208367,-1549.9326872117085,1549.9326872117085,86.4914348165987,10.55631855706451,7.532761628681328,7.722053851466626,116.2306580226868,-12.70542634301819,7.352880402322626,105.67433946562228,-20.238187971699517,-0.3691734491440002,-5.338425072464519,95.78773246344106,0.004601894310063415,95.93637721293253,-7.532802386619043,10.556289472472848,8.408918006352906e-05,12.96835992801305,12.704998998888401,116.23070446754845,0.006835496835222443,116.92302451007819,20.238207438730978,105.67433552602657,0.005788325041500286,107.59484294890878,20.238207438730978,105.67433552602657,0.005788325041500286,107.59484294890878,7.366573844907949,212.01843458486755,0.022503041763322074,212.14637167302732,14.899782217056096,201.46206597197317,0.020404483880298585,202.01229550651462
123.0,7320.5,122.00833333333334,-1.8929276848211884,66.67535490123555,-1545.441205944798,1545.441205944798,66.70221980133554,6.907692750246497,4.443969373824075,5.640831204800634,77.08926568739116,-16.40112168388441,5.370509825297631,70.18157293714467,-20.845091057708483,-0.2703213795030024,-2.099647553104123,73.95673215268789,0.002737003401698246,73.98653087252892,-4.443988856330032,6.907680216281933,3.3732461268698444e-05,8.213713102221083,16.400914662496582,77.08930964840319,0.0031058757787860714,78.81466655283066,20.845100524876322,70.1815700570118,0.0026799854557779668,73.21182275807271,20.845100524876322,70.1815700570118,0.0026799854557779668,73.21182275807271,14.301267028349509,151.04604094513775,0.011509716291158156,151.72156314715582,18.745452875296248,144.13830146787285,0.010563621088977015,145.3521308875221
124.0,7381.0,123.01666666666667,0.7565613486804068,48.202608013525634,-1540.9344852672646,1540.9344852672646,48.20854493116259,3.555539478838909,1.631000486668199,3.715305638252175,40.14304795418866,-19.75582199520431,3.543653065207764,36.58750847534975,-21.38682248187251,-0.17165257304441098,0.8391869061727103,53.466909932527,0.0014297073525071369,53.47349523265191,-1.6310070916380244,3.555536448979926,7.650990951901804e-06,3.9117801028429895,19.75575086205472,40.143082944601325,0.001000878380175152,44.74099686440522,21.38682561564062,36.587506628845794,0.0008980209909026371,42.379735148177325,21.38682561564062,36.587506628845794,0.0008980209909026371,42.379735148177325,20.59493772368253,93.60999267465877,0.004593491143012329,95.8487464101228,22.22601247793544,90.05441638359022,0.0043018967277319575,92.75663610145845
125.0,7441.5,124.025,3.157896571792662,30.866583983879536,-1536.4143868517033,1536.4143868517033,31.027702422061942,0.47959656512830406,-0.9277075037061877,1.9326851088408148,5.28766122442903,-22.79552063555457,1.85844805855595,4.808064659300726,-21.867813131848383,-0.07423705028486481,3.5027942516000765,34.23775620488023,0.0005922466961294504,34.41647160174699,0.9277070402516749,0.4795974616096035,5.453415496958769e-07,1.044343850326557,22.795515720038836,5.287682406090197,0.0002737975401956305,23.400750461688478,21.86781330848953,4.8080638471979125,0.00025065938213941763,22.390148209730178,21.86781330848953,4.8080638471979125,0.00025065938213941763,22.390148209730178,26.29830996477804,39.525438600658774,0.001126930659900438,47.47485022175415,25.37060755396982,39.04582004265968,0.0010841217923385216,46.56440475794053
126.0,7502.0,125.03333333333333,5.3357871365733445,14.586163160856813,-1531.8815369056433,1531.8815369056433,15.531477074700847,-2.341693061680417,-3.25606106343912,0.2791695408177475,-27.59808194241486,-25.55014725658111,0.29981421789671,-25.256388880734445,-22.29408619314199,0.020644677078962507,5.918578416422965,16.17930930387748,0.0001483998479656634,17.227873345885854,3.256061390292959,-2.3416926071804625,8.042677634989559e-06,4.010668278963014,25.55015138770608,-27.598078105759686,0.000707232050700668,37.60936254533319,22.294086449630026,-25.256388645830036,0.000567455749056478,33.68844695222369,22.294086449630026,-25.256388645830036,0.000567455749056478,33.68844695222369,31.468729813421675,-11.418768805254135,0.0005603345565319273,33.47639820975338,28.21266487385892,-9.077079344464016,0.00043917391945313966,29.63693352407378
127.0,7562.5,126.04166666666667,7.309456123039126,-0.7011039997451007,-1527.3380709643898,1527.3380709643898,7.343003175342685,-4.927430381940212,-5.373621206672397,-1.255883034900762,-58.61605313839391,-28.04314681270625,-1.143096824307577,-53.6886227564537,-22.669525606033854,0.11278621059318496,8.107858535312985,-0.7776846803359573,3.3171132507447965e-05,8.1450698886306,5.37361811248269,-4.927433756217931,2.6577628986501622e-05,7.290773281396012,28.043113291054226,-58.61606912514827,0.002111129826509739,64.97891783293304,22.669528620869553,-53.68862144765753,0.0016981878125932326,58.27843169511596,22.669528620869553,-53.68862144765753,0.0016981878125932326,58.27843169511596,36.150971816499656,-59.39375378927244,0.0024172552848256146,69.5306461386493,30.777387149240578,-54.46630611570839,0.001956912965006552,62.560579134342206
128.0,7623.0,127.05,9.097406291402876,-15.062541933730252,-1522.7843438907482,1522.7843438907482,17.596674990924818,-7.297817319340538,-7.299714980035787,-2.682367494344362,-87.88473496679217,-30.29828621947672,-2.479772092556232,-80.58691764745163,-22.99857123944093,0.20259540178813,10.091155151770003,-16.70788824469162,0.0001904925106543942,19.518835567066972,7.299705192188043,-7.297827109456675,5.327194241289135e-05,10.322014164511586,30.298177208751873,-87.88477240654497,0.004320856339390389,92.96081305110847,22.998579375789774,-80.5869152234192,0.0035115927943252245,83.80444832185853,22.998579375789774,-80.5869152234192,0.0035115927943252245,83.80444832185853,40.38933228886667,-104.59266046567744,0.006285461262578451,112.12012658764246,33.089734475326985,-97.2948033145291,0.00528060462023916,102.76774435425031
129.0,7683.5,128.05833333333334,10.717274562921375,-28.562441002577543,-1518.2204520414189,1518.2204520414189,30.506933803362873,-9.471722478338052,-9.052474524651188,-4.009726126241731,-115.51848729141061,-32.338281016564,-3.71930673281895,-106.04676481307256,-23.28580649191281,0.2904193934227814,11.888028787051308,-31.682599794713074,0.000572556113631606,33.83950883499514,9.0524555348626,-9.471740627012341,8.583034283304869e-05,13.101939616562909,32.338066114586205,-115.51854715208009,0.007195142592841819,119.95951507137188,23.285821845181694,-106.04676122339707,0.005894072452328203,108.57322443852229,23.285821845181694,-106.04676122339707,0.005894072452328203,108.57322443852229,44.22609472277109,-147.20114635145814,0.01181206266132051,153.7014148978822,35.17385050431767,-137.72936051723534,0.010103288206053662,142.14983822638231
130.0,7744.0,129.06666666666666,12.18533725477755,-41.254797906731255,-1513.648679264179,1513.648679264179,43.01675016011678,-11.464765520941,-10.647911949490659,-5.246197815722553,-141.608776175417,-34.18332198634744,-4.870391421718523,-130.144010654476,-23.535410036856778,0.37580639400403015,13.516531068339729,-45.76170080198486,0.0011384149178894631,47.7161384901563,10.647881875791903,-11.464793450948237,0.00012240941593688603,15.646689020803198,34.18297702022307,-141.608858917077,0.01061077248287745,145.67616428833412,23.535434422720716,-130.14400585269445,0.008745689505929022,132.25497696817447,23.535434422720716,-130.14400585269445,0.008745689505929022,132.25497696817447,47.69950775741864,-187.3705584182797,0.01869148469335613,193.3467589650212,37.05196525860647,-175.9057055510947,0.016157832738450395,179.76558451203448
131.0,7804.5,130.075,13.519929780159146,-53.20008222042816,-1509.0693538297728,1509.0693538297728,54.89113999108372,-13.29246879322454,-12.10280333907576,-6.401138307410292,-166.2613067310303,-35.85622471291572,-5.943496489635436,-152.96883793780574,-23.75342137383996,0.45764181777485646,14.996998049934389,-59.012253931005155,0.0018536780999056646,60.888061757024,12.102760794886981,-13.29250752826653,0.00016158374638308715,17.976862219177065,35.8557304530822,-166.26141248410912,0.014464245468026604,170.08377549765044,23.753456281437593,-152.96883189157128,0.01198184518269585,154.8021001652948,23.753456281437593,-152.96883189157128,0.01198184518269585,154.8021001652948,50.852727976732105,-225.27366408371458,0.026667112185130293,230.94203530838163,38.75045396776617,-211.98108383350157,0.02321878900257701,215.4937994141223
132.0,7865.0,131.08333333333334,14.734781871084124,-64.44917653425364,-1504.4835344184546,1504.4835344184546,66.11210292171789,-14.96889490226749,-13.43083749816287,-7.481470674974844,-189.5658642752096,-37.37464794539846,-6.945807399461046,-174.5969693729421,-23.943810447235588,0.535663275513798,16.34465729298755,-71.49068866332162,0.0026890332183171495,73.33530110104678,13.430781502448118,-14.9689451423362,0.00020222756802468211,20.111071837193887,37.373989368563954,-189.56599289275653,0.01866604049105547,193.215115202559,23.943857085887814,-174.59696205626898,0.015528703767309082,176.2311194183015,23.943857085887814,-174.59696205626898,0.015528703767309082,176.2311194183015,53.718645900730635,-261.0566778587145,0.035518141650037194,266.5263251013617,40.28851386022476,-246.08764755160314,0.031091147767448035,249.3637797005563
133.0,7925.5,132.09166666666667,15.840814739931375,-75.04594668716891,-1499.893040900702,1499.893040900702,76.69957969766344,-16.50664853514172,-14.64349224988837,-8.492964298056904,-211.6004761774093,-38.75281981891021,-7.882787031121552,-195.09382764226757,-24.109327569021843,0.6101772669353522,17.571621255733216,-83.24565204596236,0.003619300303903117,85.07996508057799,14.643422153341167,-16.506710716927323,0.00024345059301822403,22.06584036589783,38.75198551887711,-211.60062728330684,0.023138271187939097,215.11983136927242,24.10938693465394,-195.0938190302764,0.019321430566598963,196.57787454895097,24.10938693465394,-195.0938190302764,0.019321430566598963,196.57787454895097,56.32360574412676,-294.8462739348305,0.045053337838218965,300.17773704469306,41.68100749580013,-278.33946643789164,0.039605083212990166,281.4430048212162
134.0,7986.0,133.1,16.85097231529653,-85.05090772814583,-1495.2968962091968,1495.2968962091968,86.70416468285975,-17.92168768588454,-15.753823390696201,-9.442436748940963,-232.4663801118731,-40.00712215201929,-8.760625860304572,-214.54469242598856,-24.25329876132309,0.6818108886363916,18.692246421446225,-94.34426072726065,0.0046251198426716655,96.17816596532397,15.753738776765871,-17.921762061158056,0.0002846849422866171,23.861471891384674,40.00610350501378,-232.466553196829,0.02782059371764234,235.88384148319278,24.25337171233604,-214.54468249096223,0.023308823648982013,215.91120124848675,24.25337171233604,-214.54468249096223,0.023308823648982013,215.91120124848675,58.698348595199725,-326.8108065121223,0.05512540113272735,332.04035806044334,42.945617245048076,-308.88893682594875,0.0486283520118036,311.8600669114645
135.0,8046.5,134.10833333333332,17.774596926756203,-94.50227844354231,-1490.696307456574,1490.696307456574,96.15933094052522,-19.224309653509412,-16.77139516687021,-10.33475655276561,-252.2336144465953,-41.14954572287388,-9.584132385498378,-233.0093047930859,-24.37815055600367,0.7506241672672315,19.716894360023137,-104.82889983558456,0.005688926996150201,106.66702472621675,16.771295825462516,-19.2243963152334,0.00032542690764358895,25.511836024683443,41.14833655412774,-252.2338088883029,0.0326575404496765,255.56815127764392,24.37823778419888,-233.00929351209484,0.027443814998306948,234.28109044579014,24.37823778419888,-233.00929351209484,0.027443814998306948,234.28109044579014,60.86522925540843,-357.0626989929612,0.06559917575810204,362.2131239263031,44.09513104595468,-337.8381849332211,0.058039511641183594,340.7037126022157
136.0,8107.0,135.11666666666667,18.62067438196391,-103.43293615733273,-1486.0911821585885,1486.0911821585885,105.09567924784537,-20.423485693754632,-17.70459675753955,-11.17407737183385,-270.9757536649704,-42.19179027131759,-10.35697277984582,-250.55226797121577,-24.487193513778042,0.8171045919880288,20.655531391514796,-114.73603027953283,0.0067955038263178835,116.58047701640153,17.704482648212828,-20.42358460710798,0.00036528569058447147,27.02908644487577,42.190386497459095,-270.97596875314537,0.03760400291152877,274.2407780664841,24.487295618828842,-250.55225532038617,0.03168803064390602,251.74602339035243,24.487295618828842,-250.55225532038617,0.03168803064390602,251.74602339035243,62.84591588028195,-385.71198670448547,0.07636167587143916,390.79834420113997,45.142825689772934,-365.28827491407935,0.06773670147008914,368.0671114089946
137.0,8167.5,136.125,15.303106920327991,-87.30720401217695,-1486.8726453016732,1486.8726453016732,88.63821384616728,-16.78439730312675,-14.46196802135091,-9.255191798729356,-240.71507505141201,-37.85297303693369,-8.469713975500781,-223.93067774828526,-23.39100501558278,0.7854778232285753,16.975407308428125,-96.84800327036915,0.00483385009797388,98.32446384671755,14.461890348557963,-16.78446422565376,0.00024543223009487747,22.155462346698272,37.85195326797147,-240.71523296832044,0.029688297265018093,243.67312890262127,23.39109276424741,-223.93066666978552,0.025346043597274104,225.149032189526,23.39109276424741,-223.93066666978552,0.025346043597274104,225.149032189526,54.82735926299145,-337.563228152247,0.05847748785203777,341.98680138905814,40.36649918120921,-320.7786628559788,0.052264203853624736,323.3085288077261
138.0,8228.0,137.13333333333333,12.22775608766824,-72.03743052741629,-1487.683601098411,1487.683601098411,73.06784118839037,-13.38405672868248,-11.44253019447206,-7.466338047379395,-211.7887925123796,-33.80678754183464,-6.720209967170376,-198.4047357836971,-22.364257347362578,0.7461280802090187,13.563974605463107,-79.9095002640846,0.0032847549125136766,81.05251161779864,11.442480228823047,-13.384099444770355,0.00015503220929247163,17.608647640705076,33.806075649833566,-211.78890448151859,0.02299869561461776,214.4700231088813,22.364331216442356,-198.40472612215763,0.01993229947760966,199.66120969874726,22.364331216442356,-198.40472612215763,0.01993229947760966,199.66120969874726,47.37004943188725,-291.69839967515867,0.043665939863934966,295.51967439787836,35.928305241384116,-278.31422188930463,0.03937482528915126,280.6236790140261
139.0,8288.5,138.14166666666668,9.397321264259517,-57.628565627965145,-1488.5178498573734,1488.5178498573734,58.38973559865115,-10.225251571682751,-8.65718084241962,-5.807577963423682,-184.2677884269506,-30.0656847684877,-5.106128355691908,-174.04253685526785,-21.40850392606808,0.7014496077317744,10.42422732899724,-63.92601166405706,0.002097599760553237,64.77035959974108,8.657151150134558,-10.22527670994956,8.975120646681489e-05,13.397856165495769,30.065214146195213,-184.26786411522056,0.0174292815735555,186.7044799870693,21.408564857385297,-174.04252845481753,0.015374564288350712,175.35429381739942,21.408564857385297,-174.04252845481753,0.015374564288350712,175.35429381739942,40.48944098555704,-248.1938727778899,0.031619797224990975,251.474836347119,31.832791825111787,-237.96853741816673,0.028821176112359126,240.08821594639403
140.0,8349.0,139.15,6.805443263147026,-44.068019633414224,-1489.3709808418978,1489.3709808418978,44.590407179335045,-7.303335223696195,-6.103570285631577,-4.274399088899372,-158.178445417434,-26.62729093572125,-3.621416226451402,-150.8751101937378,-20.523720650089672,0.6529828624479701,7.549110920096006,-48.88357089730179,0.0012232963531033647,49.46304256063757,6.1035546768456665,-7.303348268103344,4.5296100203984224e-05,9.517997458418062,26.627004406484428,-158.17849295303307,0.012864716514293661,160.40396814466803,20.52376983021351,-150.87510290991364,0.011592260928949827,152.26464397922655,20.52376983021351,-150.87510290991364,0.011592260928949827,152.26464397922655,34.1761150554497,-207.0620622076412,0.022021352408252426,209.8635376761871,28.072880538913708,-199.7586723029827,0.020345807150157214,201.72162447789907
141.0,8409.5,140.15833333333333,4.440444172360003,-31.331146601587534,-1490.2404031005285,1490.2404031005285,31.64424579316145,-4.609152256307425,-3.771896672333241,-2.859797405108111,-133.5105625912547,-23.48061389056966,-2.25771304940281,-128.9014103349473,-19.70871721823642,0.6020843557053008,4.925670817732638,-34.754837244023115,0.0006160804089105909,35.10215014586997,3.771890081678583,-4.609157649709279,1.7735701796084413e-05,5.955794575716898,23.480463104365604,-133.51058868847795,0.009188204752597073,135.55961581363164,19.708755967142142,-128.90140403647757,0.008502003545629577,130.3994134355964,19.708755967142142,-128.90140403647757,0.008502003545629577,130.3994134355964,28.406133787004475,-168.26542513226508,0.014560080807690667,170.64630594204817,24.634426672122366,-163.6562405314418,0.013695109934985794,165.4999094934777
142.0,8470.0,141.16666666666666,2.2897947928868234,-19.39340654644183,-1491.1233575718445,1491.1233575718445,19.528117617146425,-2.132407189492369,-1.649830551286868,-1.556823690407327,-110.2438473026268,-20.61128907371312,-1.007055857371597,-108.11144011313444,-18.961458522426252,0.5497678330357298,2.540008140980167,-21.512587356003756,0.00023462154441489247,21.66201874493553,1.6498288914120556,-2.1324084737219695,3.634537115715375e-06,2.6961270870897747,20.611233519643964,-110.24385744985018,0.006289265552794632,112.15405054042489,18.961488202448024,-108.11143468384809,0.006023810117383732,109.76165243039814,18.961488202448024,-108.11143468384809,0.006023810117383732,109.76165243039814,23.15124160450591,-131.75644448647853,0.008947870333564367,133.7749627230324,21.501496292385383,-129.62402173213493,0.008632350723125626,131.39521053989924
143.0,8530.5,142.175,0.33905234886333346,-8.2233855209779,-1492.0170594585616,1492.0170594585616,8.230372161810104,0.1389697956710734,0.2769776301647653,-0.3576347751277353,-88.34163600113243,-18.00189056666568,0.1392117923160185,-88.4806057968035,-18.278868196830445,0.4968465674437538,0.3761013324944848,-9.121972646478582,4.1675884965286514e-05,9.129722732668696,-0.27697760532684396,0.1389698451749599,4.796163466380676e-08,0.3098858043224072,18.001896691376796,-88.34163462841636,0.004064156344796288,90.15715553026068,18.278890152604085,-88.48060113552651,0.004081467275263151,90.34896016288789,18.278890152604085,-88.48060113552651,0.004081467275263151,90.34896016288789,18.37799800893694,-97.46360719569404,0.004918452645163995,99.18117532280525,18.654991469913547,-97.60257370255734,0.00493713558924469,99.3693670106924
144.0,8591.0,143.18333333333334,-1.427535607945174,2.2170061129145324,-1492.9196531809905,1492.9196531809905,2.6368492593722155,2.218379677287885,2.023915158133605,0.7461072755177156,-67.75296060368419,-15.633257135050371,1.19006165277824,-69.97134028097207,-17.657172293183976,0.44395437726052434,-1.5835239266086123,2.4592607047407173,4.277800336183191e-06,2.924980553785575,-2.0239159857051785,2.2183789222552552,4.508726725305223e-06,3.0029054197392484,15.633297437549926,-67.75295124680213,0.002417431144152715,69.53317475437498,17.65718780989938,-69.97133630074785,0.0026038821099305665,72.1648403661119,17.65718780989938,-69.97133630074785,0.0026038821099305665,72.1648403661119,14.04977351363013,-65.29369055455719,0.0022303310309723656,66.78818879127186,16.073663886506118,-67.51207560951215,0.0024081214800020234,69.39915722716565
145.0,8651.5,144.19166666666666,-3.0247465474531054,11.963893484789878,-1493.8286555761235,1493.8286555761235,12.340333828212557,4.119646291655954,3.60475587513065,1.7619078107600221,-48.42766065848991,-13.48881323792739,2.153389232262271,-52.54730695014587,-17.09356911305804,0.39148142150224885,-3.3552604033691567,13.271187337478583,9.369116593660465e-05,13.688761292420466,-3.6047595043206635,4.119643116017013,1.4982792784223875e-05,5.474098143743545,13.488865374035631,-48.427646114722656,0.0012635931190274619,50.27112886430609,17.093579390005555,-52.54730357749585,0.0015267047626110752,55.257665256758095,17.093579390005555,-52.54730357749585,0.0015267047626110752,55.257665256758095,10.133604977637898,-35.15645880142999,0.0006693332554874587,36.58779229879076,13.738318997004964,-39.276116269659695,0.0008656773076154423,41.60955080376733
146.0,8712.0,145.2,-4.466914106160402,21.05546445818618,-1494.7423775950595,1494.7423775950595,21.524077336363487,5.855727067682892,5.033647084928816,2.696907813515281,-30.30842708540149,-11.55082372861216,3.036660700672655,-36.16415415308438,-16.584470813540975,0.33975288715737406,-4.9550084930126035,23.35616999457279,0.00028503133187030016,23.87598764409986,-5.033654981054383,5.855720279973385,2.9813596036376566e-05,7.721861334262949,11.550869744771585,-30.308409542075346,0.0005260111235472209,32.434892952356776,16.584476952603396,-36.16415132623208,0.0007914453536983501,39.78555915075276,16.584476952603396,-36.16415132623208,0.0007914453536983501,39.78555915075276,6.595861256805627,-6.95223955282187,4.591949043231125e-05,9.58326773699088,11.629468470369357,-12.807981343530136,0.0001496444079762682,17.299968872790814
147.0,8772.5,146.20833333333334,-5.767447873950005,29.53025250462815,-1495.6591452417458,1495.6591452417458,30.08819150374159,7.439018190780189,6.324164587567793,3.557867330528097,-13.33529326075222,-9.802204658626579,3.8470270737889223,-20.77431145153241,-16.126369246194372,0.2891597432608255,-6.397643529649522,32.75695472142356,0.000556973911436387,33.37585842122806,-6.3241778209780914,7.439006940373411,4.7666981473071246e-05,9.763915678162885,9.802230308767713,-13.33527440544035,0.000136956557206247,16.55032514769776,16.12637224788224,-20.77430911758924,0.00034581582042392256,26.298893535478218,16.12637224788224,-20.77430911758924,0.00034581582042392256,26.298893535478218,3.4045867808188985,19.421680325685003,0.00019439638787588365,19.717831468526825,9.728728725856868,11.98264561322481,0.00011911593933433551,15.434764608294108
148.0,8833.0,147.21666666666667,-6.939859304111451,37.44063724298026,-1496.580607870612,1496.580607870612,38.07837922392841,8.883308510121424,7.492076292692218,4.353242275101366,2.571667891970719,-8.225365490943659,4.594078745867591,-6.3116406181507045,-15.717441783635877,0.24083647076622497,-7.69815376697395,41.531646392196784,0.0008920696403791339,42.23907223728343,-7.492095628089893,8.8832922024878,6.752221004546755e-05,11.620859574714094,8.225359583588364,2.5716867859250843,3.7135072794569624e-05,8.618010977263294,15.717442542920633,-6.31163872518283,0.0001434373730901939,16.937378294388978,15.717442542920633,-6.31163872518283,0.0001434373730901939,16.937378294388978,0.5272058165914885,44.103333176203996,0.0009726908167806414,44.10648414036539,8.0192887790191,35.22000768050773,0.0006523789286561055,36.12143316005506
149.0,8893.5,148.225,-7.99503322923556,44.81922951526937,-1497.5050550276594,1497.5050550276594,45.526738195031875,10.19926548906369,8.548026016796939,5.0879461923614135,17.46708585415035,-6.806357305322308,5.282803613226861,7.267820365086662,-15.354383322119247,0.1948574208654472,-8.86861380559492,49.71642096267441,0.0012751875111405298,50.50123586775516,-8.548051963165223,10.199243742770049,8.854683652970152e-05,13.307658144444753,6.806311167290916,17.467103831374015,0.00017571277766137428,18.746348656791536,15.35438261328636,7.267821860694683,0.0001442891361946863,16.987592532021186,15.35438261328636,7.267821860694683,0.0001442891361946863,16.987592532021186,-2.0623026366375834,67.1835247397615,0.0022589394799155116,67.21517007806517,6.485768806231117,56.98424281053864,0.0016446345396659012,57.35215014014998
150.0,8954.0,149.23333333333332,-8.941475243773311,51.698261813726276,-1498.4324345164164,1498.4324345164164,52.46580080486335,11.39688902185299,9.501535714662168,5.766510184912477,31.40949411317706,-5.535647687793244,5.9175872593186805,20.01260509132407,-15.037183402455412,0.15107707440620374,-9.918458986649608,57.3470345218033,0.001693528983714998,58.198438098584305,-9.501568574391364,11.39686162602689,0.00011008405298440493,14.838067943525054,5.535554752603277,31.409510486509337,0.000508599828918932,31.893568558899283,15.037181889162008,20.012606225120777,0.00031331059968664476,25.032403941481224,15.037181889162008,20.012606225120777,0.00031331059968664476,25.032403941481224,-4.382904226392299,88.7565448533137,0.003948466997805156,88.86469548564274,5.1187228974012635,77.3596406696791,0.0030053575184041392,77.5288032194632
151.0,9014.5,150.24166666666667,-9.784511348698288,58.110228565055905,-1499.3653998942596,1499.3653998942596,58.928221814473964,12.48554144694936,10.36097910400713,6.392933300958248,44.46410093805753,-4.409929260873469,6.502083579107421,31.978559491108165,-14.770908364880599,0.10915027814917351,-10.85359757680385,64.45953338539655,0.0021364160440739965,65.36690312858836,-10.361019013107327,12.48550832778532,0.00013161927103766402,16.22463044858551,4.4097847047188425,44.464115259813674,0.0009982518145434938,44.68225315469183,14.77090661659163,31.978560290619264,0.0006204039504353887,35.225104691637775,14.77090661659163,31.978560290619264,0.0006204039504353887,35.225104691637775,-6.443812853924578,108.92364833823352,0.005952941917186649,109.1140865855897,3.917309032340952,96.43809349268645,0.004657825569687191,96.5176211194567
152.0,9075.0,151.25,-10.532719898037612,64.0837533865124,-1500.302641773032,1500.302641773032,64.94355731366936,13.47398847428849,11.13474991143448,6.971281436563004,56.67993173119612,-3.41797112923814,7.040369837341132,43.20594325690763,-14.552721040672619,0.06908840077812783,-11.683545573796955,71.08567022377385,0.0025948388993057847,72.03941801776384,-11.134796876266876,13.473949661749998,0.00015276546694309445,17.47944567093292,3.4177716035277883,56.67994373215975,0.0016121485257869494,56.78289517288351,14.55271954311645,43.20594374465221,0.0010392675608983382,45.5909554732806,14.55271954311645,43.20594374465221,0.0010392675608983382,45.5909554732806,-8.265773937295341,127.765613446251,0.008196187506470665,128.03271065661033,2.8691739609951714,114.29161363683224,0.006535402552465541,114.32762180212352
153.0,9135.5,152.25833333333333,-11.186311894562095,69.64681233512235,-1501.2464978667595,1501.2464978667595,70.53943607831134,14.36983893654542,11.82936739496654,7.504869245167356,68.10500781284645,-2.564881469879765,7.535362328781048,53.73516887630103,-14.394248864846306,0.03049308361369185,-12.408537319026626,77.2564790037477,0.0030612676837904473,78.24663153423401,-11.829421316040378,14.369794546663988,0.00017321311052143074,18.61252814600221,2.564624869914264,68.1050174231344,0.0023224353551398735,68.15328824736795,14.3942480381466,53.735169068048165,0.001547331374140981,55.629693252393615,14.3942480381466,53.735169068048165,0.001547331374140981,55.629693252393615,-9.843912397631353,145.36149566668064,0.010613433465422872,145.69443034566098,1.9857107112311851,130.9916475513951,0.008581377386462918,131.00669744428185
154.0,9196.0,153.26666666666668,-11.745069059543312,74.82531509594992,-1502.1993204413777,1502.1993204413777,75.74149738697825,15.179954061750319,12.45060957444366,7.996841304702684,78.78449105191976,-1.855964342212246,7.989853656908963,63.604536990169436,-14.306573916655907,-0.006987647793721408,-13.02833096463155,83.00070137184723,0.003529426972903593,84.0169854014207,-12.450670269342044,15.179904277847822,0.0001927242809784957,19.632847069146656,1.8556496019927284,78.78449838397556,0.0031052203031123327,78.80634886263938,14.306574128744627,63.604536895129314,0.0021251075343897696,65.19367436297122,14.306574128744627,63.604536895129314,0.0021251075343897696,65.19367436297122,-11.172681289848887,161.78519870179343,0.013149639710441363,162.1705254544836,1.2782431576032018,146.60523752034092,0.01074736488693162,146.61080988100957
155.0,9256.5,154.275,-12.216256436659023,79.64223914314059,-1503.1600760266879,1503.1600760266879,80.57371269253645,15.911004084045999,13.0047110360465,8.449793313047849,88.75949424691498,-1.281065806324477,8.406628694501705,72.84849016286898,-14.285776842370977,-0.043164618546143174,-13.550985652491185,88.34382656886373,0.003994130470807988,89.37707147240559,-13.004778257320742,15.910949139179671,0.0002111412156224901,20.549514836892005,1.2806927205676781,88.75949951402268,0.003939944481778923,88.76873846025022,14.28577840148819,72.84848978763775,0.0027554929449280507,74.23601503903606,14.28577840148819,72.84848978763775,0.0027554929449280507,74.23601503903606,-12.270292835920745,177.10332469723014,0.0157580740678398,177.52787867006066,0.7347927444103346,161.1923153503184,0.012991751230373438,161.19399011245343
156.0,9317.0,155.28333333333333,-12.599834008142352,84.11316957790405,-1504.1309289927083,1504.1309289927083,85.05163792352256,16.56954373174813,13.49613557977136,8.86527504917467,98.0550394160673,-0.8428801834270416,8.78714126884006,81.48549568431918,-14.339015763198402,-0.07813378033461049,-13.97645725603488,93.30314339978466,0.0044504090412900155,94.34414621856804,-13.49620902533811,16.56948390680143,0.0002283476741027357,21.37043413207531,0.8424493703227207,98.05504296091769,0.004807750531021782,98.05866188669397,14.339018930223702,81.48549503117029,0.003422746641668084,82.73749672522243,14.339018930223702,81.48549503117029,0.003422746641668084,82.73749672522243,-13.13400776570582,191.35818461224935,0.018395228673639963,191.80838609947514,0.36256167150498,174.78863713709183,0.015275599785091742,174.78901316503737
157.0,9377.5,156.29166666666666,-12.900000001536682,88.25677650747818,-1505.1123853453414,1505.1123853453414,89.19455476390137,17.16138467600103,13.92993181070779,9.245451110473368,106.703613710124,-0.5367493258745526,9.133675121120177,89.54222903412297,-14.466681136582343,-0.11177598935319111,-14.309402976389652,97.89936281335072,0.0048945221209351075,98.93959901273497,-13.930011141761394,17.16132028009538,0.00024427804223847716,22.103305729361153,0.5362620267805973,106.70361595740039,0.005692974536231077,106.704963499107,14.466686121081452,89.54222810283025,0.00411354783569351,90.70333853252136,14.466686121081452,89.54222810283025,0.00411354783569351,90.70333853252136,-13.773140805837539,204.60297663499423,0.021026038909965905,205.0660319398545,0.15728314334559573,187.44158931184643,0.0175671872604255,187.4416553003576
158.0,9438.0,157.3,-13.123037206241861,92.09296695189553,-1506.1036630186206,1506.1036630186206,93.02326949489215,17.69177833921276,14.31115651939763,9.592838068783749,114.7414513980038,-0.3538738155839383,9.44890871323878,97.04967305879104,-14.665030334981568,-0.14392935554496944,-14.556792331251646,102.15456788082028,0.005323728013983953,103.18651046475166,-14.311241375137763,17.691709695101096,0.00025890412036488897,22.755399834614842,0.35333172405277785,114.74145281638135,0.00658286292143373,114.74199683516534,14.665037295583588,97.04967184760193,0.004816851029154634,98.15142446550675,14.665037295583588,97.04967184760193,0.004816851029154634,98.15142446550675,-14.203460440787998,216.8960181560001,0.023622810929602167,217.3605782574682,0.10824496328190032,199.20423779602328,0.01984117026232468,199.20426720546592
159.0,9498.5,158.30833333333334,-13.276843674248084,95.62877676216888,-1507.1042121519438,1507.1042121519438,96.54603835983718,18.16472104110289,14.64442266296828,9.909231266647112,122.18189658597109,-0.282064149814687,9.735936146171298,104.0171755448682,-14.926486812782967,-0.17329512047581375,-14.72738654645887,106.07656419674197,0.005734566710380307,107.09403991947609,-14.644512660611685,18.164648481671154,0.0002722080338912747,23.332728205880553,0.28146937153341584,122.1818976531215,0.007464247664401569,122.18222186195898,14.926495798146673,104.01717406009126,0.0055211863969617525,105.0826949419333,14.926495798146673,104.01717406009126,0.0055211863969617525,105.0826949419333,-14.445916987757068,228.2584588924349,0.02615530458882631,228.7151253712062,0.19910924953464404,210.09373598488875,0.022069709060268394,210.09383033440417
160.0,9559.0,159.31666666666666,-13.366156053962186,98.88167551252994,-1508.113515427567,1508.113515427567,99.78095950542935,18.58503310359083,14.93364379712148,10.19649334921269,129.0574291488156,-0.3140612818697264,9.996419976232573,110.47239604522477,-15.247705078991206,-0.20007337298011577,-14.82644001945744,109.68473097958388,0.00612528172627691,110.68226386243758,-14.933738546538715,18.584956966102226,0.00028420854558675046,23.84150105191047,0.3134162248663801,129.0574303581487,0.00832795921112961,129.05781092354857,15.247716098678481,110.47239429090986,0.006218321302320362,111.51969667548488,15.247716098678481,110.47239429090986,0.006218321302320362,111.51969667548488,-14.513023589217513,238.7421579592964,0.028604223323291933,239.18287112743425,0.4212760742116201,220.15712265259094,0.02423466838319399,220.15752571329165
161.0,9619.5,160.325,-13.396500435192138,101.8691546050832,-1509.1310512787,1509.1310512787,102.74624510834663,18.95750756375492,15.18288081570063,10.45645694830455,135.3997649857774,-0.4412956116084388,10.23182085191365,116.4422574220225,-15.624176427309067,-0.22463609639090062,-14.86008281753429,112.99847160136561,0.006494738413742596,113.97138520518475,-15.182979928109969,18.957428181977466,0.00029495350606367765,24.28800038645058,0.44060291718733746,135.3997668273232,0.00916664544270418,135.40048370601974,15.62418946993293,116.44225539927075,0.006901457072494566,117.48580398950912,15.62418946993293,116.44225539927075,0.006901457072494566,117.48580398950912,-14.419479679823803,248.39823462983048,0.03095480261006145,248.81640693783274,0.7641066425220878,229.44072403497273,0.02632181528294808,229.4419963839525
162.0,9680.0,161.33333333333334,-13.377532013691962,104.60940393386409,-1510.1562771349106,1510.1562771349106,105.46129979369537,19.28805431816727,15.39753066026606,10.69129484676523,141.2385609000921,-0.6481010927927855,10.44363671098836,121.95050658192483,-16.045631753058846,-0.2476581357768703,-14.839025194568912,116.03796417565346,0.006842503008641643,116.98292951860664,-15.397633765562656,19.287972006059487,0.0003045564911374754,24.680214538875664,0.6473635685138263,141.23856381220202,0.009974375547727732,141.24004739210227,16.04564681361614,121.95050428750186,0.00756469420437611,123.0015783542769,16.04564681361614,121.95050428750186,0.00756469420437611,123.0015783542769,-14.191661393603775,257.276523773813,0.03319630692555364,257.667640456166,1.206621602259763,237.98846515207262,0.028319983247371283,237.99152396909082
163.0,9740.5,162.34166666666667,-13.312954251887284,107.11698269005859,-1511.1885686849291,1511.1885686849291,107.94110770014896,19.58015491254628,15.58055191708263,10.90248497348512,146.6020767111331,-0.928886777273874,10.63332638295833,127.02192179858682,-16.509438694356504,-0.2691585905267891,-14.7673754083918,118.81935940507385,0.007168057702955366,119.73351889042803,-15.580658651326225,19.580069976743868,0.00031306801595576417,25.022710970303226,0.9281073400639847,146.60208112179475,0.010746515788362387,146.6050189198036,16.509455743731692,127.02191922941248,0.008203565049491601,128.0903200623592,16.509455743731692,127.02191922941248,0.008203565049491601,128.0903200623592,-13.839267827448994,265.4214359070865,0.03532003256534466,265.7819857947101,1.7420803094719817,245.84127498402324,0.030220484226184396,245.84744727081218
164.0,9801.0,163.35,-13.209210010245442,109.40711945295334,-1512.2270579723815,1512.2270579723815,110.20163799185369,19.83767469937447,15.735546185169369,11.09162440116052,151.518703205511,-1.272672420782328,10.80238143913448,131.68102850613653,-17.008218605951697,-0.289242962026039,-14.652280374123563,121.35955048837276,0.007471414931181641,122.2408680225309,-15.735656199193807,19.837587430455873,0.00032057034804466866,25.320757316482606,1.271854034476728,151.51870949671076,0.011479768469158103,151.52404739919552,17.00823759988343,131.68102565947632,0.00881458639412358,132.77489470899891,17.00823759988343,131.68102565947632,0.00881458639412358,132.77489470899891,-13.38042609385367,272.87825497241727,0.03732078968088359,273.20610871509564,2.35595718869703,253.04057216713107,0.032017541284901085,253.05153960595467
165.0,9861.5,164.35833333333332,-13.074124581180513,111.49494821438563,-1513.2699402045089,1513.2699402045089,112.25888032085818,20.06452086789068,15.866375179030001,11.2604402602301,156.0161472298205,-1.665700438024942,10.9524444269482,135.9516263619298,-17.532075617054943,-0.30799583328190006,-14.502420447659764,123.67532577458982,0.007752953279371866,124.52271441103274,-15.866488144619595,20.064431534104752,0.00032716340747640515,25.57981350264562,1.6648460521424375,156.0161557154424,0.012171906260682874,156.02503823618346,17.532096498416703,135.95162323626445,0.009395109135112989,137.07741706132705,17.532096498416703,135.95162323626445,0.009395109135112989,137.07741706132705,-12.837574148121808,279.6914761000406,0.039196063394975056,279.9859373486963,3.029676000586707,259.62694471153503,0.03370766532562186,259.64462127476276
166.0,9922.0,165.36666666666667,-12.910295481560745,113.3922633016482,-1514.3172997085228,1514.3172997085228,114.12484876700394,20.26320726145059,15.975196220097128,11.41039138019551,160.117881023325,-2.10412895285117,11.08493688661838,139.8546737618744,-18.079325172948298,-0.3254544935771298,-14.320677032376953,125.77976879246788,0.008012816077318519,126.5923853482204,-15.975311823539428,20.26311611714255,0.0003329021502906926,25.803187063541603,2.1032414955134673,160.1178919978194,0.012821081529779121,160.13170505122906,18.07934787119253,139.85467035634366,0.009943095902187338,141.01840886894573,18.07934787119253,139.85467035634366,0.009943095902187338,141.01840886894573,-12.217435291177317,285.8976550410365,0.04094336847337843,286.1585834516547,3.758670773670376,265.63443454484104,0.03528789072060334,265.6610254100933
167.0,9982.5,166.375,-12.724231055472046,115.11373304529116,-1515.3680316331015,1515.3680316331015,115.81484184497079,20.43673339358065,16.06525256647728,11.54336951003643,163.857577717863,-2.578052999524516,11.201691449969081,143.42084432428234,-18.643305566001796,-0.3416780600673485,-14.114269597262062,127.68915115304931,0.008251865968311733,128.4668514771436,-16.06537051868832,20.436640667256007,0.0003378761714856182,25.995238249827253,2.5771352469191213,163.85759142028812,0.013427976064406266,163.87785662541168,18.643330002885346,143.42084063928368,0.010458555688153126,144.62749145053746,18.643330002885346,143.42084063928368,0.010458555688153126,144.62749145053746,-11.537134109373024,291.5467364839575,0.042566303481983425,291.7749218454249,4.5290603238730744,271.10998689875754,0.0367605692552786,271.1478146392882
168.0,10043.0,167.38333333333333,-12.52027504961007,116.67203216347846,-1516.4217467571457,1516.4217467571457,117.3418952313011,20.58761128864717,16.13901622476988,11.660927157208791,167.2627840889618,-3.080414899159223,11.30413966166088,146.67517280031464,-19.219431123929102,-0.35678749554791067,-13.888016503674153,129.41753290428343,0.00847088743594071,130.16057323720423,-16.139136257868863,20.587517187895912,0.0003421587457808073,26.159464503539954,3.0794695037891735,167.2628007159412,0.01399316384986804,167.29114631613183,19.2194572197661,146.6751688367366,0.010941496375593829,147.9290123306027,19.2194572197661,146.6751688367366,0.010941496375593829,147.9290123306027,-10.808546766377447,296.6803272107514,0.04406802156520229,296.8771483915181,5.331440616311806,276.09269657382976,0.03812780147161021,276.144167710372
169.0,10103.5,168.39166666666668,-12.299842637730762,118.076874059625,-1517.4780790658815,1517.4780790658815,118.71577113680172,20.71772723866161,16.19789509277325,11.76392470370047,170.3521993476897,-3.608646238717483,11.39313189923996,149.63447210902808,-19.806541331490735,-0.3707928044605103,-13.643487597483519,130.97568922063317,0.008670387963150006,131.68437994174775,-16.198016951410416,20.71763196039738,0.0003457979458332261,26.298213384271147,3.60767579864008,170.3522190765927,0.014516447044421454,170.39041601271921,19.80656899797503,149.6344678687818,0.01139138705585907,150.93963743776862,19.80656899797503,149.6344678687818,0.01139138705585907,150.93963743776862,-10.035811575418396,301.32790158882966,0.04544961185182217,301.49497805088686,6.163081281369956,280.61015166571264,0.03939002124475621,280.67782382784543
170.0,10164.0,169.4,-12.06890010507778,119.34839858440685,-1518.5355739788522,1518.5355739788522,119.95706979752713,20.8299134101253,16.24508513486944,11.85466771858046,173.1614174786955,-4.148719654040178,11.47090915765148,152.3315040685702,-20.39380478890962,-0.38375856092898003,-13.38730100602117,132.3859608187343,0.00885263129468683,133.06112298536067,-16.245208598444798,20.82981711717639,0.00034889402478199827,26.415678744677358,4.147726473763724,173.16144040382372,0.015001044073592595,173.21110841290798,20.393833937882167,152.3314995557194,0.011810397104738968,153.6905794757117,20.393833937882167,152.3314995557194,0.011810397104738968,153.6905794757117,-9.239574320961163,305.54739423511177,0.04672229103608316,305.68706197269677,7.006532792476304,284.7174547104175,0.0405565611094616,284.8036525723479
171.0,10224.5,170.40833333333333,-11.829797585960478,120.49673387082291,-1519.5938629659627,1519.5938629659627,121.0760380275995,20.92601062031463,16.28207610337995,11.9341002573492,175.710316398181,-4.696776159107685,11.53840094048064,154.78430577786636,-20.978852262487635,-0.39569931686856025,-13.122063635447937,133.65958278044332,0.009018536473170968,134.30216909303783,-16.282200967632114,20.92591346140797,0.00035150193866684276,26.51422113781009,4.695762426782161,175.71034258612914,0.015448087475888883,175.77307722317332,20.978882801201102,154.78430099779143,0.012199146692815077,156.19953059776276,20.978882801201102,154.78430099779143,0.012199146692815077,156.19953059776276,-8.426301011290183,309.369918119968,0.04789037555408271,309.4846503241939,7.856819005370986,288.4438778901956,0.041630801028702535,288.5508625826948
172.0,10285.0,171.41666666666666,-11.584095773287117,121.52980343671521,-1520.6528154578796,1520.6528154578796,122.08064710776776,21.00747769873124,16.31000122870319,12.00312544824556,178.01549984142179,-5.250970389170107,11.59647399617825,157.00802214269055,-21.560971617873296,-0.40665145206730985,-12.849506698374206,134.80534466170522,0.009168795500613669,135.41636079792096,-16.310127304100277,21.007379810242124,0.0003536650972080224,26.595681212703045,5.249938185242119,178.0155293427803,0.01585854536578779,178.09292669317085,21.56100345138695,157.00801710154013,0.012558197148848649,158.4815266962943,21.56100345138695,157.00801710154013,0.012558197148848649,158.4815266962943,-7.599568331274528,312.8208665186867,0.048957325193832446,312.91316362263143,8.711496571042893,291.81335566771037,0.04261546338035771,291.9433587505579
173.0,10345.5,172.425,-11.339994671288878,122.46570986462757,-1521.7109440612833,1521.7109440612833,122.98961570714822,21.07605359924491,16.332503946614448,12.06402612297097,180.1159960450605,-5.798611709906254,11.64751120086294,159.0399424458156,-22.131115656520702,-0.4165149221080304,-12.578725978641021,135.84332716373484,0.009305816894844554,136.42446218387389,-16.332631075328088,21.07595507834798,0.00035547531584967373,26.663659169501003,5.797562726853892,180.1160288357955,0.016237697852972133,180.20931046188738,22.131148682671686,159.03993715340695,0.012891744671783556,160.57238041386245,22.131148682671686,159.03993715340695,0.012891744671783556,160.57238041386245,-6.781163086363132,315.9593482918175,0.049938148283246164,316.03210904241024,9.552422500314435,294.88325802842235,0.043523693316060985,295.03793763019974
174.0,10406.0,173.43333333333334,-11.097443348262459,123.31030302448195,-1522.7681346630102,1522.7681346630102,123.80865915135928,21.13288974214811,16.35003536648583,12.11725339089753,182.0238539949059,-6.33973195363069,11.69185816252138,160.89096425275778,-22.68976732011652,-0.4253952283761498,-12.309664975598528,136.7800195626651,0.009430150882394628,137.33281327990963,-16.350163400440167,21.132790680347984,0.0003569613493681345,26.719331675034386,6.338667819895858,182.02389004600633,0.01658643766777601,182.13422319051296,22.689801441402235,160.8909587187538,0.013200363913057345,162.48300737889485,22.689801441402235,160.8909587187538,0.013200363913057345,162.48300737889485,-5.970997007507276,318.80390169621234,0.050835791576275824,318.859813306713,10.380136240270701,297.67097181381314,0.04435787837042682,297.8519005964987
175.0,10466.5,174.44166666666666,-10.857911547645926,124.07381291268399,-1523.824262008588,1523.824262008588,124.54800397384219,21.17955591529608,16.36360866541509,12.16406508319778,183.7603049352765,-6.872210178698879,11.73058808490168,162.58074901998043,-23.235818844113968,-0.43347699829610065,-12.043953971949891,137.62676968653992,0.00954309231637751,138.15275806740289,-16.363737477803422,21.179456388246884,0.0003581706042865562,26.764552623649816,6.8711323315915,183.76034420295062,0.016907538369359543,183.88876137791868,23.235853977166354,162.58074325301328,0.01348620159991043,164.23277074551967,23.235853977166354,162.58074325301328,0.01348620159991043,164.23277074551967,-5.172821509964043,321.38710578809713,0.05165821626018641,321.42873214637086,11.191899757924599,300.2075063062849,0.045124903813587025,300.4160539365856
176.0,10527.0,175.45,-10.624935384839773,124.77349810069433,-1524.8783694374883,1524.8783694374883,125.22505771696011,21.21828947565518,16.37507921259385,12.20633021148387,185.36133575253191,-7.390671726170694,11.76540627056966,164.14304627687673,-23.765750938764544,-0.4409239409142106,-11.78551533880786,138.4027217559048,0.009647106002930173,138.90360600518505,-16.375208708950264,21.21818953277611,0.0003591794639490331,26.80222056678308,7.389581257900051,185.36137816222944,0.017206723379459277,185.50861550172846,23.76578701710592,164.14304028489283,0.013753875149902228,165.85460592491964,23.76578701710592,164.14304028489283,0.013753875149902228,165.85460592491964,-4.395933968515079,323.7640916403188,0.052421257112911235,323.7939333451699,11.98027140948771,302.5457552523512,0.04583873158825469,302.78286101472224
177.0,10587.5,176.45833333333334,-10.398471204098314,125.41305477498096,-1525.9305778698713,1525.9305778698713,125.84340471941643,21.24969796568621,16.38459252717439,12.244168829056429,186.8347753770649,-7.895186172390822,11.79642822535243,165.58507741137868,-24.279778699565213,-0.4477406037039987,-11.534300623083507,139.11197592812917,0.009742590956207664,139.58933317948063,-16.38472261723257,21.2495976547552,0.0003600022502325828,26.832900248251775,7.894084134688531,186.83482085130814,0.017484783509935653,187.00151562718938,24.279815655807734,165.5850712029027,0.014003962656161661,167.3556848557896,24.279815655807734,165.5850712029027,0.014003962656161661,167.3556848557896,-3.6402163941137053,325.94678833744535,0.05312728135198341,325.9671149102182,12.745514742702387,304.6970401977069,0.046501368311524516,304.96349691610544
178.0,10648.0,177.46666666666667,-10.18046896206215,126.00338232005018,-1526.9800479131843,1526.9800479131843,126.413979861328,21.27428888343275,16.39303809497505,12.27848133567022,188.2030192064121,-8.382271516893525,11.82458527182462,166.92873032297936,-24.775309611868575,-0.45389606384559955,-11.292472757094568,139.76662248599578,0.009831114256009243,140.22206924058918,-16.39316870057336,21.27418823953327,0.00036066349906604955,26.857532747751677,8.381158755792812,188.20306764722756,0.017745319436102136,188.38959231846303,24.775347378418445,166.92872390793818,0.014239508461244554,168.75727155667678,24.775347378418445,166.92872390793818,0.014239508461244554,168.75727155667678,-2.9113139249966173,327.96968153718296,0.05378629519547928,327.98260282577655,13.482874310526247,306.69533932421115,0.04712191048472647,306.99156187567513
179.0,10708.5,178.475,-9.972798579838127,126.55481259571388,-1528.026175321884,1528.026175321884,126.94714373569137,21.29258427885361,16.40123991819564,12.31036458193557,189.4873421406373,-8.848554898577277,11.85097062261775,168.1947578617837,-25.249794816772916,-0.4593939593178203,-11.062105881804767,140.37812210667047,0.009914193799254178,140.81330673177,-16.401370975534398,21.292483323138505,0.00036118741331137016,26.877031382636616,8.847432040842412,189.48739343177303,0.017991874767808724,189.69383048292545,25.249833328866266,168.19475125108045,0.014463514275142586,170.07947680878004,25.249833328866266,168.19475125108045,0.014463514275142586,170.07947680878004,-2.2146737822690423,329.86550679634354,0.054408080152335,329.8729412273314,14.187727116039877,308.5728661582686,0.047709253880867664,308.89885938579954
180.0,10769.0,179.48333333333332,-9.775212674867362,127.06971028819686,-1529.0688522497935,1529.0688522497935,127.44514920374634,21.30519169440959,16.40923255763482,12.34011961059878,190.6927791424096,-9.294397386838682,11.87572888738941,169.387587448,-25.7036299444735,-0.46439072320936925,-10.842925552736027,140.9490979367719,0.00999210869601086,141.36554475448352,-16.40936400953863,21.305090445361554,0.00036158698257793276,26.891896662053757,9.293265022283736,190.69283316833656,0.018225060793852776,190.91914884720558,25.703669149738776,169.38758065106276,0.014676415638348317,171.32667943603974,25.703669149738776,169.38758065106276,0.014676415638348317,171.32667943603974,-1.549660488956697,331.64192222466085,0.05499438449074745,331.64554274782444,14.860743246343844,310.3366712650301,0.04826484678588372,310.6922773769781
181.0,10829.5,180.49166666666667,-9.591072739567608,127.56146315950906,-1530.1065726021084,1530.1065726021084,127.92152109668828,21.3142247957876,16.4177890837891,12.36909247381845,191.8468187795952,-9.713794497656636,11.89978502225131,170.5325939838076,-26.131583581445735,-0.46930745156714015,-10.638660398683676,141.4944004036817,0.010066923183948973,141.8937857718791,-16.417920900192136,21.314123256102018,0.00036191993846301784,26.90427432326088,9.712652969744235,191.84687539125642,0.018449779703999525,192.0925798283186,26.13162346792204,170.53258700596618,0.01488211254230265,172.52311432389772,26.13162346792204,170.53258700596618,0.01488211254230265,172.52311432389772,-0.9260074038984148,333.34126678074733,0.05555863025197283,333.3425529822219,15.492962699709505,312.02697996736737,0.04880043524835287,312.4113764266123
182.0,10890.0,181.5,-9.421244612894952,128.0359501834027,-1531.1388752223816,1531.1388752223816,128.38210307290802,21.32055487891193,16.42719144001603,12.3977906696382,192.9620048031211,-10.10512460197788,11.92357558466028,171.64144992420916,-26.532316041993912,-0.47421508497791875,-10.450270779467765,142.02055077645,0.010139522443886051,142.40451187448525,-16.427323601485494,21.3204530453624,0.00036220926258323516,26.915027006626335,10.103974140334277,192.96206384240458,0.018668224299744907,193.2264173857932,26.53235660608497,171.64144277027023,0.015082375459662956,173.68002424957342,26.53235660608497,171.64144277027023,0.015082375459662956,173.68002424957342,-0.34629662967994074,334.982605474168,0.05610673448064318,334.98278447051246,16.082085439049525,313.6619859876727,0.04932123875978078,314.07399594012855
183.0,10950.5,182.50833333333333,-9.265146218240261,128.49445920437577,-1532.1657643738715,1532.1657643738715,128.82805975667864,21.32433655788191,16.43738687562291,12.42630423803348,194.041509530507,-10.46945362759288,11.94724336528452,172.7171729726251,-26.90684050321579,-0.4790608727489598,-10.277110984483807,142.5289776360821,0.010210064238513894,142.89901495872596,-16.437519364544208,21.32423442678442,0.00036245750845154134,26.92424589005649,10.468294430888994,194.0415708452224,0.018880858321246308,194.32374122678178,26.90688173721045,172.7171656480433,0.015277599851870605,174.80045650487833,26.90688173721045,172.7171656480433,0.015277599851870605,174.80045650487833,0.19118344113828142,336.5705392091352,0.056639883894149534,336.5705935084587,16.62977034794679,315.2461356108213,0.049828339010460354,315.68445523874277
184.0,11011.0,183.51666666666668,-9.12588438950479,128.95133841084316,-1533.1859524820857,1533.1859524820857,129.27385444798344,21.32692679879256,16.44909389142413,12.45650219061645,195.1158628799021,-10.79813137039309,11.97292294818908,173.78893608110954,-27.24722526181722,-0.48357924242736944,-10.12262713994444,143.03559657526995,0.01028082485809989,143.39333829665068,-16.44922671846566,21.32682434657518,0.0003627051992083352,26.93344568274094,10.796963247817246,195.11592627602937,0.019093399639125153,195.4144291037068,27.247267141649356,173.78892859668994,0.015472502723490322,175.91192475063707,27.247267141649356,173.78892859668994,0.015472502723490322,175.91192475063707,0.6743360891267816,338.1515134509479,0.057173452083780774,338.1521858251514,17.124639580743793,316.82451738371975,0.05033551531141711,317.28698065977636
185.0,11071.5,184.525,-9.002913429867476,129.40795568283647,-1534.1993242543597,1534.1993242543597,129.72074407833412,21.32842200808227,16.462316125398498,12.48834723810432,196.1879606824368,-11.09198001358891,12.00048882310512,174.85953867435452,-27.55429613898741,-0.4878584149991992,-9.986213882310198,143.5419249100063,0.010352004364833078,143.88887613214973,-16.46244930136432,21.328319211375536,0.0003629546663219685,26.94270657120998,11.090802766228746,196.1880259697595,0.0193063738329613,196.5012657463316,27.554338648432157,174.85953103984318,0.015667548702857914,177.0172228169518,27.554338648432157,174.85953103984318,0.015667548702857914,177.0172228169518,1.1045888529343324,339.7299413501875,0.057708828271607615,339.73173706078137,17.568124330001883,318.4014480456895,0.05084406184963086,318.8857493053999
186.0,11132.0,185.53333333333333,-8.89639341039583,129.86722867935893,-1535.205877985391,1535.205877985391,130.171590220637,21.3292569242185,16.47728640818968,12.52181391464546,197.263972950168,-11.35066668211948,12.02980365633266,175.9347160259495,-27.82795309030916,-0.4920102583127994,-9.868048701431755,144.05119897579584,0.010424063279224072,144.38880258364273,-16.47741994624789,21.329153758328797,0.00036321901042413174,26.952516916448438,11.349480084562385,197.26403993496172,0.019520956184848615,197.59026329668183,27.827996223998802,175.93470824979752,0.015863709568186835,178.12192156156485,27.827996223998802,175.93470824979752,0.015863709568186835,178.12192156156485,1.4814313412000129,341.31522925012894,0.05824914195429187,341.31844420846454,17.95994707232918,319.9858992038677,0.0513567690596517,320.48952461531195
187.0,11192.5,186.54166666666666,-8.810318831820041,130.3420358453877,-1536.2048998923688,1536.2048998923688,130.63945815196362,21.33147972926963,16.49528167035896,12.55751067219535,198.3707625186071,-11.56684265879449,12.06115393870277,177.03928278933748,-28.06212432915345,-0.4963567334925807,-9.772562312456285,144.57770388864856,0.010499107805372887,144.90760999983604,-16.49541560305517,21.33137615629645,0.00036356317956176554,26.96528035528147,11.565646292244633,198.3708309630957,0.01974237562318848,198.70770179121493,28.062168116197814,177.03927487686113,0.01606519517416416,179.24951918570534,28.062168116197814,177.03927487686113,0.01606519517416416,179.24951918570534,1.793083928565368,342.948525054743,0.05880845477257424,342.95321253371947,18.28960534061777,321.6169706216236,0.051885994167832905,322.1365944057673
188.0,11253.0,187.55,-8.743525540921837,130.83155499771232,-1537.1964032198089,1537.1964032198089,131.12339616561255,21.33504676748998,16.51591810514219,12.59572218259564,199.5066268136725,-11.742721653718041,12.09490164910676,178.17158004618253,-28.258639758860234,-0.5008205334888806,-9.698463339421476,145.1205276231217,0.010577013931367674,145.44424268000208,-16.516052467848372,21.334942749390304,0.00036397984626290736,26.98072962765244,11.74151506875383,199.50669649426447,0.019970392783896784,199.85190797729288,28.258684221578473,178.17157200352895,0.016271831215775023,180.39862057162074,28.258684221578473,178.17157200352895,0.016271831215775023,180.39862057162074,2.043051670413518,344.6272141788053,0.05938604719091245,344.63327003174277,18.56022040734412,323.2920913560997,0.05243113054831383,323.8244248276678
189.0,11313.5,188.55833333333334,-8.697235898580402,131.3387983827852,-1538.17946730328,1538.17946730328,131.62644822720645,21.34073838533368,16.5392648341367,12.63716876565013,200.6750728469342,-11.876236385433,12.13195628224639,179.33433446160052,-28.4155012195697,-0.5052124834037403,-9.647107581202615,145.6830115176501,0.010658303351007703,146.0020771411663,-16.539399674949145,21.34063387742785,0.00036448721818516105,26.99952584580198,11.875019014548364,200.67514353140396,0.020205764839076323,201.02619060198464,28.41554636440589,179.33432629827027,0.016484122067339513,181.57159432037315,28.41554636440589,179.33432629827027,0.016484122067339513,181.57159432037315,2.227911368468081,346.35814496296655,0.059984465838880396,346.3653102885061,18.768438298004675,325.0173294136254,0.05299426075744407,325.5587791709987
190.0,11374.0,189.56666666666666,-8.673989214003086,131.86872820369905,-1539.1531675419399,1539.1531675419399,132.15369675853074,21.34974056389183,16.56568747421261,12.68274991161888,201.882838155143,-11.96283301396761,12.1734592539724,180.53309759125116,-28.52852048818022,-0.50929065764648,-9.621311609523831,146.27065981949244,0.010743837819404689,146.58675097401277,-16.565822858474764,21.349635511475896,0.0003651167146401235,27.02283152171951,11.961604125874784,201.88290958852588,0.020449894777563316,202.23696288560373,28.528566301251125,180.53308932143852,0.016703037841736545,182.77328972020877,28.528566301251125,180.53308932143852,0.016703037841736545,182.77328972020877,2.3402924475125144,348.15355916726935,0.060608190799449346,348.1614248155261,18.907254197638924,326.8037406008264,0.053579085945720806,327.35022396813224
191.0,11434.5,190.575,-8.672752301208675,132.42033310234544,-1540.1173893678783,1540.1173893678783,132.70403630415407,21.36176772182807,16.59501140238717,12.73194448003778,203.1288750004023,-12.00432325276779,12.21879665536107,181.76710727857423,-28.59933465515496,-0.5131478246767108,-9.619929318693714,146.88235067256647,0.010833483998773374,147.1970379430084,-16.595147388330982,21.36166207526726,0.00036585978691050514,27.050314664682556,12.003082174421866,203.12894693276655,0.02070272175913601,203.48327465347273,28.599381130469073,181.76709891503543,0.01692860152058273,184.00326858247413,28.599381130469073,181.76709891503543,0.01692860152058273,184.00326858247413,2.3831527848994494,350.0112872027917,0.061256792194264165,350.0194003002567,18.97945131027648,328.64944090361405,0.05418533877143972,329.1970148380712
192.0,11495.0,191.58333333333334,-8.69604991748929,132.99636339070273,-1541.0720229027675,1541.0720229027675,133.28035849036166,21.37833143933676,16.62776594457682,12.78446507058106,204.4221328105778,-11.99528105644276,12.26717813551659,183.04380137124105,-28.62304700101958,-0.5172869350644709,-9.645761122062341,147.5211347153925,0.010927762916779216,147.83614542912323,-16.627902597369484,21.378225147584573,0.0003667578463151244,27.083494147698598,11.994027130957681,204.42220495092698,0.02096614748481329,204.77376434450028,28.623094180357402,183.04379292092668,0.017162155918626354,185.26821542654503,28.623094180357402,183.04379292092668,0.017162155918626354,185.26821542654503,2.3482659383513096,351.9433290936237,0.061934812500830105,351.9511631553729,18.977332551092896,330.56491880139777,0.05481665377171652,331.1092035762967
193.0,11555.5,192.59166666666667,-8.74523539096117,133.59807053348052,-1542.0166054127546,1542.0166054127546,133.88399303991554,21.40014294127468,16.66421303525567,12.84041718463413,205.766933504492,-11.933076166315,12.31845817528665,184.3667905632173,-28.59728920157067,-0.5219590093474801,-9.700308064904672,148.18840009624827,0.0110269490205539,148.50554837998413,-16.66435042615218,21.400035950326536,0.0003678309878907271,27.123091892350075,11.931808715843573,205.76700554092446,0.021241214454015278,206.11266003938312,28.597337151616284,184.36678203030118,0.017404459096148628,186.57148230201688,28.597337151616284,184.36678203030118,0.017404459096148628,186.57148230201688,2.231500583153633,353.9553948852322,0.06264470242545173,353.9624290277335,18.89702857566764,332.55517313305523,0.055475021909501265,333.0916403432334
194.0,11616.0,193.6,-8.819333743304014,134.22427582554525,-1542.9512541942354,1542.9512541942354,134.5137051328519,21.42676930816378,16.70413075771648,12.8999090520665,207.1607013931498,-11.81986408482771,12.37290871358709,185.733932084986,-28.52399484254419,-0.5270003384794092,-9.782488602309812,148.88283929765126,0.011130898647238041,149.20387702933382,-16.70426895687305,21.42666156405977,0.0003690672212286472,27.16862946790487,11.818582409492043,207.16077302435352,0.021527632565465638,207.49762593875062,28.524043615598213,185.7339234758337,0.01765535584397071,187.91144561710817,28.524043615598213,185.7339234758337,0.01765535584397071,187.91144561710817,2.03609374461904,356.04360138182864,0.06338559788154896,356.0494232022843,18.741554500265384,334.6167536138341,0.056159810357669926,335.14119064082195
195.0,11676.5,194.60833333333332,-8.924129360821098,134.87719115801158,-1543.8752370613427,1543.8752370613427,135.1721005959568,21.4595074794488,16.74926897976547,12.96412665396929,208.6021559080109,-11.64509285445092,12.43237784365192,187.1426484285621,-28.39436183421639,-0.531748810317369,-9.898718748620349,149.60690582753028,0.01124010551301069,149.93402183677924,-16.749408079106637,21.459398906380866,0.0003705241669038628,27.222205502560275,11.643796059022948,208.60222677313735,0.02182523373139844,208.92694177959802,28.394411421099996,187.1426397617091,0.017914305261435004,189.28446903254243,28.394411421099996,187.1426397617091,0.017914305261435004,189.28446903254243,1.7450772561427836,358.2091214628446,0.06415841202755956,358.2133721594057,18.495692159838935,336.74953625563234,0.05687117210495529,337.25708413146043
196.0,11737.0,195.61666666666667,-9.059112926479429,135.55587065638971,-1544.7884442920667,1544.7884442920667,135.85824081161422,21.49841202481184,16.799484001239758,13.03281896980479,210.0890851579607,-11.40927633969113,12.4965927170706,188.59067313314887,-28.208760340930887,-0.5362262527341903,-10.048433466350923,150.35955046796784,0.01135448279843132,150.6949416273056,-16.799624091123096,21.498302549229138,0.00037220215798328127,27.28377507056594,11.407963556354934,210.08915489100917,0.022133797461521,210.39865644847063,28.208810733608907,188.59066442707305,0.018181087968471843,190.68868794988717,28.208810733608907,188.59066442707305,0.018181087968471843,190.68868794988717,1.3595300472137843,360.44869401411444,0.06496255677834739,360.45125792321767,18.160376757442577,338.95020537970765,0.05760852217484569,339.4363578211949
197.0,11797.5,196.625,-9.222661901731044,136.25815336126834,-1545.6908892019787,1545.6908892019787,136.56991561093008,21.54320281988475,16.85425741015933,13.1055121528334,211.6182731697336,-11.11505207518348,12.56492123502539,190.07507034984886,-27.969309485342812,-0.5405909178080105,-10.229832929284296,151.1383762075183,0.011473729188971049,151.48418479962322,-16.854398574944156,21.543092374731728,0.00037408776076830463,27.352798401430594,11.113722508240903,211.61834141022598,0.02245291885749623,211.90997439763223,27.969360689708097,190.07506162055802,0.018455407202466745,192.12187326655422,27.969360689708097,190.07506162055802,0.018455407202466745,192.12187326655422,0.883889550787081,362.7567060567023,0.06579660660754882,362.75778289355384,17.739527255884788,341.2134281234497,0.05837064898095434,341.67425182331027
198.0,11858.0,197.63333333333333,-9.415496606379747,136.97440590476614,-1546.5821371378752,1546.5821371378752,137.29763089474042,21.59436735382769,16.91307261353359,13.1810238599428,213.1751680281013,-10.759549695649179,12.63589911104646,191.5808006742736,-27.67262230918277,-0.5451247488963401,-10.443716036142126,151.93269768897312,0.011596308024941493,152.29122046819532,-16.91321492885293,21.59425588469225,0.0003761843059280068,27.429340612620262,10.75820278371289,213.1752343820308,0.022779710007192477,213.44652604568023,27.672674354088496,191.58079193535906,0.01873448851608117,193.56904903544566,27.672674354088496,191.58079193535906,0.01873448851608117,193.56904903544566,0.3144867374204132,365.1079202868053,0.06665194851596112,365.10805572879957,17.228957821435706,343.51347972482995,0.05914917566851585,343.94526852433074
199.0,11918.5,198.64166666666668,-9.636358299758285,137.70404621027413,-1547.4623026676686,1547.4623026676686,138.04080463385682,21.65143450838514,16.97574043646455,13.25928496953566,214.7579070879146,-10.34545584843727,12.70956727239536,193.10647257952945,-27.321196284901824,-0.5497176971403002,-10.688686497088936,152.74186923489427,0.01172216335110221,153.1154030017966,-16.975883975088724,21.65132196193452,0.00037848013612062914,27.512912958009775,10.344091028422971,214.75797117062845,0.02311399349697041,215.0069450053388,27.321249188722383,193.10646384586298,0.01901827861860994,195.02963117507514,27.321249188722383,193.10646384586298,0.01901827861860994,195.02963117507514,-0.3445954574004597,367.4998283912297,0.06752812353738591,367.49998995049316,16.63256220590585,345.8483229808055,0.05994385410268421,346.2480391773633
200.0,11979.0,199.65,-9.88290412351489,138.44369823345914,-1548.3320968883165,1548.3320968883165,138.79599912991617,21.71418782381807,17.04180613160133,13.33970885752933,216.358617763035,-9.87741441349499,12.785183571395459,194.64442993921693,-26.91922054509632,-0.5545252861338702,-10.962145516268288,153.56214599254454,0.011850750714081926,153.9529191543811,-17.041950959388448,21.71407415406243,0.00038096448218283285,27.60306339648415,9.876031243684812,216.35867920790486,0.023454307274128894,216.5839653845947,26.919274339493665,194.64442122294022,0.019305549159298607,196.49706879284054,26.919274339493665,194.64442122294022,0.019305549159298607,196.49706879284054,-1.0861142366154557,369.92081295006284,0.06842129618434001,369.92240740156626,15.957128350975413,348.2065569103389,0.060751219943533386,348.57199574917456
201.0,12039.5,200.65833333333333,-10.15119778458029,139.1853365930728,-1549.1935305931288,1549.1935305931288,139.55502405498927,21.78271279262844,17.11047116259579,13.42098494205857,217.9596340283751,-9.363041499454994,12.86106089537498,196.17692123574665,-26.473512662050783,-0.5599240466835909,-11.259726852184684,154.38462584661207,0.011980697101066085,154.79468384471159,-17.110617332638963,21.782597969489608,0.0003836273521073963,27.699364610120895,9.361639828869935,217.95969250275863,0.023797034232053704,218.16064690081615,26.47356741123748,196.1769125429192,0.019593115574423337,197.9551231626742,26.47356741123748,196.1769125429192,0.019593115574423337,197.9551231626742,-1.8980869596449101,372.3443058593729,0.06932194485109733,372.3491437347542,15.213840102810817,350.561527876677,0.061562424602534804,350.8915014044998
202.0,12100.0,201.66666666666666,-10.44046803144738,139.92842286825186,-1550.0464796502915,1550.0464796502915,140.3173791770356,21.85641824326012,17.18165003694594,13.50326601823326,219.5600682171062,-8.80413699633209,12.93748482567025,197.70364997384607,-25.98578703327803,-0.5657811925630102,-11.580574972804747,155.20871161821572,0.012111927016889013,155.64014224770935,-17.18179760072747,21.856302235583193,0.00038645597832953626,27.801297023799503,8.802716647713869,219.56012339579752,0.02414206801137908,219.73651404797923,25.985842789572114,197.70364131251884,0.019880997070842454,199.4040967826726,25.985842789572114,197.70364131251884,0.019880997070842454,199.4040967826726,-2.777858230711192,374.768822280979,0.07022969583658778,374.7791171479835,14.405267379072018,352.91234220770616,0.06237731831060245,353.2062188167016
203.0,12160.5,202.675,-10.743351595010608,140.66962467040864,-1550.8937264598896,1550.8937264598896,141.07927880595244,21.9332541746553,17.25452966638841,13.58630743197864,221.1506216553971,-8.216741662181448,13.01479551329976,199.21736748074179,-25.47127132856986,-0.5715119186788797,-11.916522448405322,156.03070656015524,0.01224379264641584,156.48509480753947,-17.254678659598532,21.933136958450753,0.0003893931843634846,27.90674528647444,8.215302479829365,221.15067331361368,0.02448755598294383,221.30321168455683,25.47132808488177,199.21735886288002,0.02016817246541791,200.83910133912968,25.47132808488177,199.21735886288002,0.02016817246541791,200.83910133912968,-3.701219841222913,377.18136689556246,0.07113974387351618,377.1995261947156,13.554805219252827,355.24805448832416,0.06319245837715926,355.50655825493743
204.0,12221.0,203.68333333333334,-11.052688932977617,141.4059588569217,-1551.7379415257433,1551.7379415257433,141.83725580007038,22.01143615820911,17.32830605760682,13.66961532767164,222.723203478381,-7.616470156790456,13.09300205321051,200.7117673201719,-24.944776214397276,-0.5766132744611292,-12.259627851673963,156.84730133158183,0.012375687252763612,157.3256953268015,-17.32845649873174,22.011317719006747,0.0003923866787047814,28.013809315326945,7.61501203585391,222.7232514897064,0.02483181793522249,222.85339387690107,24.94483391085928,200.71175875998165,0.02045372760051123,202.25591423581514,24.94483391085928,200.71175875998165,0.02045372760051123,202.25591423581514,-4.644615654000792,379.570539596981,0.07204768603941147,379.5989554576207,12.685205663720437,357.5590489445588,0.06400469609868509,357.7839961832674
205.0,12281.5,204.69166666666666,-11.367992556188256,142.13764370651916,-1552.5793603217155,1552.5793603217155,142.59151802684107,22.09096965088975,17.40289917506743,13.75312695017783,224.2793561890721,-7.004310646152589,13.17187525273766,202.18838653818236,-24.407209821220018,-0.5812516974401695,-12.609350440844462,157.6587380289722,0.012507636815151102,158.1621743509747,-17.403051082171626,22.090849975147197,0.0003954359062419144,28.12244369881707,7.002833497328019,224.27940043045112,0.025175144857669807,224.38870099546887,24.407268413671414,202.18837804714892,0.02073792759738069,203.65621760396567,24.407268413671414,202.18837804714892,0.02073792759738069,203.65621760396567,-5.606516745767277,381.938124987967,0.07295408477325793,381.9792721462049,11.79791760037844,359.84710471610623,0.06481456693574472,360.0404555494697
206.0,12342.0,205.7,-11.681571777444333,142.87075464380905,-1553.4234650260712,1553.4234650260712,143.3475205634303,22.17216388089582,17.47794340190012,13.83701874146936,225.839510676451,-6.395211585186189,13.25108405580977,203.66734679555518,-23.87315498708631,-0.5859346856595897,-12.957159637734444,158.47175455086102,0.01264059257266581,159.00058168543305,-17.47809679733034,22.1720429559384,0.0003985416441310008,28.23266470768969,6.393715221431073,225.83955112027826,0.02552219147133883,225.93003882738026,23.873214487654014,203.6673383741094,0.02102515772595126,205.06173482726487,23.873214487654014,203.6673383741094,0.02102515772595126,205.06173482726487,-6.563444181946766,384.3112919487876,0.0738691265933511,384.3673346147872,10.916054500974885,362.1390813487633,0.06563193943875945,362.30356675858775
207.0,12402.5,206.70833333333334,-11.990552593488246,143.6074890079908,-1554.2725872990102,1554.2725872990102,144.1071970814692,22.25503703812137,17.55328412400559,13.92120520904427,227.4105208925903,-5.795030119770672,13.330391084309671,205.15548385446894,-23.34831424377626,-0.5908141247345998,-13.299867578575581,159.28878775239062,0.012774902247159048,159.84306172378518,-17.553439029542627,22.2549148529987,0.0004017022270375037,28.34439021884388,5.793514334036966,227.4105575494812,0.02587456349179007,227.48434340258365,23.348374682248465,205.15547549943648,0.0213169580876027,206.47981917781345,23.348374682248465,205.15547549943648,0.0213169580876027,206.47981917781345,-7.506352973207234,386.69933132389025,0.07479636188190142,386.7721786546988,10.04850677841843,364.4442514553366,0.06646029460100067,364.58275453909846
208.0,12463.0,207.71666666666667,-12.295022315811366,144.34761396842077,-1555.126610099933,1555.126610099933,144.8702910610817,22.33946725027636,17.62889223755337,14.0057081807754,228.9913390995935,-5.203881755733164,13.40985818387708,206.65187184931713,-22.832773993286533,-0.5958499968983199,-13.637571119257133,160.10957937488746,0.012910530533538633,160.68932993088305,-17.62904867462937,22.33934379396902,0.00040491476838155904,28.457505834447154,5.202346339388536,228.9913719820839,0.026232056749009303,229.0504591780424,22.832835395547512,206.65186355805042,0.021613165701594994,207.90943000310315,22.832835395547512,206.65186355805042,0.021613165701594994,207.90943000310315,-8.435224471200415,389.10093711869246,0.0757353488811674,389.1923589672904,9.19526397491047,366.7614309121272,0.06729925228210476,366.87668239379747
209.0,12523.5,208.725,-12.597643944900483,145.1058051316068,-1555.9890449594607,1555.9890449594607,145.6516231143832,22.42662594653666,17.70817834767513,14.09241667715833,230.5988455191255,-4.621342213795288,13.49169542663731,208.17221957258883,-22.329520561470417,-0.6007212505210191,-13.97322399670866,160.95040685345515,0.013050142411152876,161.55582457823965,-17.70833636735388,22.426501167231546,0.0004082665316929024,28.575043858289806,4.619786587994282,230.59887464246543,0.02659859199560799,230.6451460891603,22.329582925073883,208.17221134482102,0.02191714010280066,209.36637707569136,22.329582925073883,208.17221134482102,0.02191714010280066,209.36637707569136,-9.353437062165524,391.5492669888523,0.076699160467264,391.66096979962583,8.356358650989387,369.12260594584717,0.06816066588921643,369.2171812770326
210.0,12584.0,209.73333333333332,-12.897835404146463,145.88110934710127,-1556.8599062305564,1556.8599062305564,146.45016975904593,22.5165204028599,17.79073500074446,14.18103147443617,232.2324435226619,-4.047848960908595,13.57547262159642,209.715923119802,-21.838583961653054,-0.6055588528397493,-14.306180572259178,161.81021287728458,0.013193605985506451,162.44141034218535,-17.79089465143539,22.516394253538778,0.0004117519658564106,28.696758400196817,4.046272591804049,232.2324689031694,0.026974146360991824,232.26771608372252,21.838647297503027,209.715914953601,0.02222884598612751,210.8499264894601,21.838647297503027,209.715914953601,0.02222884598612751,210.8499264894601,-10.259907595506492,394.042666996092,0.07768744769709457,394.1762158188409,7.532466471989151,371.5261153395278,0.06904419858067001,371.6024655871268
211.0,12644.5,210.74166666666667,-13.194534403737634,146.6714529669844,-1557.7394523802473,1557.7394523802473,147.2637458900789,22.60912151541561,17.875809135148298,14.27109509677393,233.8907070225105,-3.484592980385059,13.66068045172142,211.2815855070949,-21.360402115533358,-0.6104146450525099,-14.635262557592265,162.68669724846814,0.013340576310305607,163.34366339636316,-17.875970460519135,22.608993957838962,0.00041535841432960297,28.822160357803707,3.482995395400224,233.89072868322495,0.027358502463492584,233.91666084504183,21.360466439673424,211.2815773997321,0.022548087508234005,212.35859877819735,21.360466439673424,211.2815773997321,0.022548087508234005,212.35859877819735,-11.15226673840663,396.5774108617772,0.07869901097468102,396.73418791331227,6.725203653020147,373.96826191080925,0.06994874712784593,374.0287278816511
212.0,12705.0,211.75,-13.484765077009797,147.47330715181303,-1558.6279777437542,1558.6279777437542,148.08853842034884,22.70479853905272,17.96179276425391,14.36183265468571,235.5733886361122,-2.936096052508219,13.74640123685822,212.8685900970595,-20.89788881676213,-0.6154314178274893,-14.957169147548512,163.57594568545264,0.013490403572014031,164.2583541735352,-17.96195580238777,22.704669552968184,0.0004190668922987584,28.95054189054865,2.934476882103045,235.5734066298812,0.027751720921287415,235.59168292997728,20.897954160424142,212.86858204332296,0.022874879102019463,213.8919299768603,20.897954160424142,212.86858204332296,0.022874879102019463,213.8919299768603,-12.022691802689042,399.14933695197567,0.07973237237113295,399.3303623660293,5.940784807873372,376.44451473857697,0.07087288522722446,376.4913884817236
213.0,12765.5,212.75833333333333,-13.76924046780914,148.28651183051988,-1559.5259354768134,1559.5259354768134,148.92441564069762,22.80314220115542,18.04888597689569,14.45331508875825,237.2796589042991,-2.400941639280063,13.83275230182335,214.4765167031437,-20.449827616175753,-0.6205627869349007,-15.272691246500667,164.47778049216146,0.013643097762638945,165.18533643619398,-18.0490507642277,22.803011764025324,0.0004228727368271734,29.081705228544386,2.3993005013030646,237.2796732757807,0.028153700371014168,237.2918034672854,20.44989400603875,214.47650869865387,0.023209185684436306,215.4492305588998,20.44989400603875,214.47650869865387,0.023209185684436306,215.4492305588998,-12.873390243256525,401.75743810318266,0.08078738489292192,401.9636342352226,5.177202578520845,378.9542759409462,0.07181657590837887,378.9896392785241
214.0,12826.0,213.76666666666668,-14.04825525241904,149.1072325734421,-1560.4330813232534,1560.4330813232534,149.76755416760892,22.90307929797564,18.13694689190015,14.54521679988829,239.0055597061291,-1.877081672319036,13.91947898810031,216.10248040815347,-20.014028564219185,-0.6257378117879802,-15.582155719243042,165.38794854433496,0.01379798852951808,166.12036931262318,-18.137113453797085,22.902947391006066,0.00042674996869607185,29.214720324368994,1.8754182379599713,239.0055704867916,0.028563590270813677,239.012928347577,20.014096018851212,216.10247244993732,0.023550421612839045,217.02728546988675,20.014096018851212,216.10247244993732,0.023550421612839045,217.02728546988675,-13.706736939874943,404.39350305781863,0.08186099331730645,404.62572823896517,4.431940142589489,381.49040747849375,0.07277728919508064,381.5161504989464
215.0,12886.5,214.775,-14.321922208182514,149.9299323768355,-1561.349404653356,1561.349404653356,150.61242338618584,23.00327105331235,18.22569174692035,14.63691660319455,240.745474002324,-1.362382363367942,14.00610199198127,217.74220294901164,-19.588074110288293,-0.6308146112132801,-15.885687665948463,166.30030821941122,0.013954073785349408,167.05731826678903,-18.22586009213165,23.003137665224923,0.00043066317179096814,29.348361428591655,1.3606963973405526,240.745481209675,0.02898011952634505,240.74932651528584,19.588142631731795,217.7421950362644,0.023897679612971956,218.62149672658379,19.588142631731795,217.7421950362644,0.023897679612971956,218.62149672658379,-14.524990687398661,407.04577314138083,0.08294862174906825,407.3048450322356,3.7024548328673403,384.04248946877186,0.07375117372365736,384.0603362613238
216.0,12947.0,215.78333333333333,-14.590597857022658,150.75491683091968,-1562.274788796003,1562.274788796003,151.45933610881457,23.10373929503839,18.31514418881852,14.72835265303729,242.4981794320047,-0.8568943599129852,14.09259402862517,219.3944401369663,-19.172038548731503,-0.6357586244121194,-16.183682546551434,167.21519846077265,0.014111417145912242,167.99653025298807,-18.31531432550753,23.103604414909107,0.00043461356735718937,29.482660595725566,0.8551856372962082,242.49818308518138,0.029403050438858713,242.4996910144184,19.172108134704896,219.39443226906437,0.024250743524412144,220.23053067409586,19.172108134704896,219.39443226906437,0.024250743524412144,220.23053067409586,-15.32849628790633,409.71336493800095,0.08405000551103825,410.0000051308145,2.988425479447071,386.6096166665998,0.07473796614920758,386.6211665001561
217.0,13007.5,216.79166666666666,-14.85452230554074,151.5816402388737,-1563.2081915271096,1563.2081915271096,152.3077492789948,23.20445673831273,18.40519507823046,14.81989966123365,244.2530239932239,-0.3626682882895693,14.17913790646708,221.04856725491118,-18.76786336652003,-0.6407617547665706,-16.476406710700832,168.13201414893308,0.014269923132026463,168.9374030813587,-18.405367018737685,23.20432035248958,0.0004385989349486863,29.61752889954527,0.3609366360267676,244.25302412752544,0.029829835490602363,244.25329080832614,18.767934032309988,221.0485594288917,0.024607350712635423,221.8438662064593,18.767934032309988,221.0485594288917,0.024607350712635423,221.8438662064593,-16.11546941295991,412.3850213435973,0.08516056082541468,412.6997869916573,2.2915272371523714,389.18055923414283,0.07573338234312388,389.18730552637345
218.0,13068.0,217.8,-15.113782865228124,152.40907669067386,-1564.1490361986148,1564.1490361986148,153.1566292727839,23.30533970962279,18.49566979217343,14.91141119913664,246.00321194157,0.1193253922338045,14.265463505580561,222.6978722319472,-18.376344399939626,-0.6459476935560798,-16.76395702214025,169.0496174392386,0.014429401784532558,169.87879035180669,-18.495843546522497,23.305201807042724,0.0004426142785618481,29.752792470025824,-0.12108006593957936,246.00320860085654,0.03025879702356349,246.00323839799125,18.376416172598354,222.6978644435602,0.024966016032301752,223.45476387642947,18.376416172598354,222.6978644435602,0.024966016032301752,223.45476387642947,-16.885036385851805,415.0528087785561,0.08627697301033521,415.3961224286045,1.6124590902506106,391.7474672553687,0.07673434199162443,391.75078573668986
219.0,13128.5,218.80833333333334,-15.368426829809323,153.23647676268592,-1565.0970921115002,1565.0970921115002,154.0052153463135,23.40629362151958,18.58643918239977,15.0028563439264,247.7482776157558,0.5896040988773166,14.351539903145751,224.34198399423622,-17.996835083522452,-0.6513164407806488,-17.046385951671617,169.967177102636,0.014589710439771864,170.8198482795608,-18.58661475957214,23.406154192313004,0.0004466551573045763,29.88829707920939,-0.5913818774638456,247.7482708419412,0.03068977816322871,247.7489766632687,17.996907990399365,224.34197623946275,0.025326605812558967,225.06268238035946,17.996907990399365,224.34197623946275,0.025326605812558967,225.06268238035946,-17.637767086247628,417.71543035075644,0.08739863954776439,418.08763624497,0.9505220027752119,394.30913842775385,0.07774030308382862,394.31028409073394
220.0,13189.0,219.81666666666666,-11.529948096722364,129.52302495250476,-1560.6592119468128,1560.6592119468128,130.03520175690997,18.77103022707161,14.58296355849598,12.38778168044519,201.5203208429739,-4.235167580191046,11.82624328066595,182.74929061590228,-18.818131138687026,-0.5615383997792395,-12.788876554207977,143.66534551149155,0.010401643546487094,144.23344572066154,-14.583079822456686,18.770939899543535,0.0002825071288015124,23.770031590648316,4.2339759372454955,201.5203445167636,0.02031418810943819,201.5648178784985,18.818182343201546,182.74928430433292,0.016875712605113335,183.71560875561957,18.818182343201546,182.74928430433292,0.016875712605113335,183.71560875561957,-8.554900369748601,345.18568005330656,0.059613171732308956,345.29167385588676,6.029305632146756,326.4146213244499,0.053291430157642594,326.4703011619738
221.0,13249.5,220.825,-8.011214958969504,107.21219587139788,-1556.196799711529,1556.196799711529,107.5110901660187,14.47645081498194,10.89090983441565,9.959494491340593,157.7090588398278,-8.673970114614349,9.493138350080699,143.23260802484586,-19.56487994903,-0.4663561412598938,-8.885985067203448,118.91903742623808,0.007110349087291468,119.25056894202883,-10.890981922697836,14.476396579978683,0.00016408974179427105,18.115726460215434,8.673221501466037,157.7090993533198,0.012473692412307003,157.94741146992183,19.564913279586758,143.2326029638519,0.010449182186178518,144.5626659391635,19.564913279586758,143.2326029638519,0.010449182186178518,144.5626659391635,-0.21276356176351058,276.62813161282367,0.03826158501141208,276.62821343444875,10.678928032344807,262.15163597041527,0.034418760508359014,262.3690525688674
222.0,13310.0,221.83333333333334,-4.802648618351668,86.25265036243948,-1551.715935178777,1551.715935178777,86.38625543624742,10.51345134328585,7.508829185098875,7.71075974626001,116.2789194495417,-12.729636182484679,7.342348908423446,105.76546810625585,-20.238465367583554,-0.3684108378365636,-5.32709162593342,95.6713280469002,0.004590690383388107,95.81952262169064,-7.508869718151976,10.513422393509071,8.34575741848198e-05,12.919565583583596,12.729209273141375,116.27896591604139,0.0068414153231444175,116.97363242724124,20.238484811041477,105.76546417381034,0.005797964774956199,107.68439849554954,20.238484811041477,105.76546417381034,0.005797964774956199,107.68439849554954,7.402117565364566,211.95029161945945,0.022488858997249395,212.0795074070698,14.911393035831438,201.4367902041449,0.020399565259232588,201.98794540768446
223.0,13370.5,222.84166666666667,-1.8835999071598053,66.56771438429129,-1547.2169982828634,1547.2169982828634,66.59435822169047,6.865247087262105,4.42044620285742,5.629320639854996,77.1307895774953,-16.4236353157321,5.359771421353798,70.2655424902332,-20.84408151858952,-0.269549218501198,-2.089297006863983,73.8371911615712,0.002728147929786928,73.86674461903203,-4.420465526144344,6.865234645081625,3.33360006266048e-05,8.165290086693773,16.423428596926318,77.13083351064766,0.003109447255233988,78.85996756863133,20.844090969938748,70.26553961807161,0.0026858610890911905,73.29203357924975,20.844090969938748,70.26553961807161,0.0026858610890911905,73.29203357924975,14.334131508919528,150.96802381761745,0.011498405783072485,151.6469964803514,18.75479386658772,144.1027300382832,0.010558669494287187,145.31806184182517
224.0,13431.0,223.85,0.7649941835552454,48.09266829397528,-1542.7028210157619,1542.7028210157619,48.09875216401365,3.5135662983520892,1.607935928404913,3.703780066643958,40.17895844299346,-19.77664578589611,3.532901928338106,36.66539214464137,-21.384581714301024,-0.1708781383058522,0.8485390432120032,53.344858845890776,0.001423197004690735,53.35160713414233,-1.6079424351461271,3.513563320609996,7.465250639882015e-06,3.864014244626901,19.776574805085062,40.17899336395522,0.001002732230581671,44.782411935511945,21.38458484053675,36.66539030655266,0.0009008256363074452,42.44586334537159,21.38458484053675,36.66539030655266,0.0009008256363074452,42.44586334537159,20.625113803744263,93.52385200782288,0.004586053092836551,95.77111367107808,22.233123839859328,90.0102489747582,0.004298078226661062,92.71546104170804
225.0,13491.5,224.85833333333332,3.165427187923342,30.754839826840907,-1538.175498485117,1538.175498485117,30.917310718377237,0.4381435871891881,-0.9502829243501765,1.9210938262403938,5.318970124790212,-22.8146709559951,1.847617340899887,4.880826537601024,-21.864388031644925,-0.07347648534050677,3.511140484219318,34.11374098689799,0.0005880377296207939,34.29395619669867,0.9502825035010594,0.4381444999604073,5.474509734426647e-07,1.046426031454587,22.814666040185237,5.318991200688865,0.0002744002802756995,23.426494699766483,21.86438820912907,4.880825733933413,0.0002509369378955739,22.402542971826414,21.86438820912907,4.880825733933413,0.0002509369378955739,22.402542971826414,26.325806517518878,39.43273217727298,0.0011239941200003045,47.41295662329422,25.375528687175233,38.994566711345115,0.0010822467366722321,46.52411943453844
226.0,13552.0,225.86666666666667,5.342430085875094,14.473043847829103,-1533.6353075667828,1533.6353075667828,15.427590785461199,-2.382596221650601,-3.27812244904635,0.2674823917914182,-27.57049151114188,-25.56766594352666,0.288908211132366,-25.18789528949128,-22.28954349448031,0.021425819340947783,5.925935401478649,16.05380351757185,0.00014642065337966415,17.11260698325361,3.278122767687893,-2.3825957832250166,8.211431534732583e-06,4.052511757697362,25.56766992017215,-27.570487811290565,0.0007069187457631187,37.601031146757094,22.289543760113418,-25.18789504595644,0.000565626878668013,33.63411687379539,22.289543760113418,-25.18789504595644,0.000565626878668013,33.63411687379539,31.49360533081855,-11.516684297071212,0.0005622405874206038,33.53328486640951,28.215479169274435,-9.13409153087158,0.0004397724406857151,29.657122126836576
227.0,13612.5,226.875,7.3152114055119455,-0.8152055670507252,-1529.084616855414,1529.084616855414,7.3604944143639255,-4.967759650753578,-5.395153493736871,-1.267536163140903,-58.59137672814541,-28.05906660796609,-1.153982225332584,-53.623617077391835,-22.66391311422922,0.11355393780831903,8.114226739980396,-0.9042476620374514,3.3329117243852124e-05,8.16445585584937,5.395150345276238,-4.9677630699874005,2.6893154370100092e-05,7.333915541350674,28.059032781519416,-58.591392876753005,0.002110130292720669,64.96353315416583,22.66391614601364,-53.623615760313754,0.0016945725933581457,58.2163659316116,22.66391614601364,-53.623615760313754,0.0016945725933581457,58.2163659316116,36.173259511347474,-59.4956405220925,0.0024241180174300325,69.62927505589401,30.778142878841525,-54.52786340967952,0.0019602909295812765,62.61455076174427
228.0,13673.0,227.88333333333333,9.102288458961993,-15.177298337221146,-1524.5237813843455,1524.5237813843455,17.697515080009637,-7.337554961850401,-7.320709300984163,-2.693969463507528,-87.8622813615948,-30.31263076991308,-2.490596443749382,-80.5247263997444,-22.99192146892892,0.20337301975814584,10.096551138763495,-16.835147501741385,0.0001926813153474427,19.630652976991254,7.320699417264012,-7.3375648225994965,5.3716253667346336e-05,10.364964905091538,30.31252131149663,-87.86231898326712,0.004319318014367468,92.94426311170217,22.99192963033396,-80.52472396765751,0.00350642992419381,83.74282057701224,22.99192963033396,-80.52472396765751,0.00350642992419381,83.74282057701224,40.40907237812076,-104.69746629809977,0.0062972261849481015,112.22500870885216,33.08848071656006,-97.35987131481237,0.005286896032075106,102.82894582055673
229.0,13733.5,228.89166666666668,10.721312719397247,-28.677561203949153,-1519.952780981271,1519.952780981271,30.616156895230315,-9.51086803979706,-9.072929060494062,-4.021247150376439,-115.4976489488035,-32.35111216781661,-3.730067419382976,-105.98678090900644,-23.278183107322548,0.29117973099346317,11.892485219147845,-31.8102345920889,0.000576661052242855,33.960598191012174,9.072909937432792,-9.510886281742673,8.638734172450313e-05,13.14437722362713,32.35089668316374,-115.49770900751986,0.0071931506306910364,119.94290851146835,23.278198492239795,-105.98677731193706,0.005887535681203815,108.51300147915111,23.278198492239795,-105.98677731193706,0.005887535681203815,108.51300147915111,44.24338172273913,-147.30794300172386,0.011828553470039083,153.8086697740512,35.17068358307444,-137.79701140130115,0.010112496617864508,142.2146030997909
230.0,13794.0,229.9,12.188545952085406,-41.37002360948827,-1515.374016136661,1515.374016136661,43.12817531354317,-11.50331263488624,-10.66782715497538,-5.257694738247665,-141.5890001226217,-34.19468703214079,-4.881129825662356,-130.08568748773547,-23.526859877165414,0.3765649125853088,13.52006442645502,-45.88942657500082,0.0011443157532653458,47.839644788374905,10.667796914032774,-11.503340678453204,0.00012306433649911241,15.688490614574858,34.19434135394483,-141.58908307573662,0.010608360745401058,145.65960808287912,23.526884301492355,-130.08568267914555,0.008737899515054437,132.1960631903808,23.526884301492355,-130.08568267914555,0.008737899515054437,132.1960631903808,47.71440544831945,-187.47850834593365,0.018712427829470357,193.45504795404779,37.04694849500941,-175.97510814767784,0.01616985756403011,179.8324639223374
231.0,13854.5,230.90833333333333,13.522352674044669,-53.315186050895136,-1510.7875826316788,1510.7875826316788,55.00330067807573,-13.33041473117191,-12.12219376611756,-6.412522452592384,-166.2421127548441,-35.86618549888954,-5.954131665930618,-152.9116980236722,-23.74399173277198,0.45839078666176647,14.999657059163798,-59.13982027283863,0.0018612540397811017,61.01235984451164,12.122151024575047,-13.330453597289713,0.0001623237100289998,18.0179782043408,35.865690412073725,-166.2422187284916,0.014461411623756248,170.06711333031546,23.74402668466641,-152.91169197138876,0.011972882241195748,154.74419001938338,23.74402668466641,-152.91169197138876,0.011972882241195748,154.74419001938338,50.865346943788914,-225.38203666422942,0.02669217336048746,231.05052687805772,38.74368337966584,-212.05151025108694,0.02323345826837908,215.56186119439266
232.0,13915.0,231.91666666666666,14.73642623750493,-64.56397727561125,-1506.1948878241083,1506.1948878241083,66.2243868971172,-15.00625239714282,-13.44970496575115,-7.49272385291988,-189.5468303700909,-37.38324812729843,-6.956313882255927,-174.54057797294809,-23.933543161547277,0.5364099706639536,16.346450286542183,-71.61789621361484,0.002698164691672389,73.45971341514002,13.449648745854695,-15.00630278345628,0.00020304102843482497,20.15148070528909,37.382588620815554,-189.5469592142108,0.018662754008857974,193.19810475091833,23.93358985039394,-174.5405706509682,0.015518613838416684,176.1738559670319,23.93358985039394,-174.5405706509682,0.015518613838416684,176.1738559670319,53.72903814515613,-261.1648517229339,0.03554694538721037,266.63437384453215,40.28003961766769,-246.15846369124156,0.031108235987176158,249.43229710370943
233.0,13975.5,232.925,15.84170968271792,-75.16027562814998,-1501.5974028642631,1501.5974028642631,76.8116319197229,-16.54342304391321,-14.66185130993836,-8.504106517648324,-211.5812385454774,-38.76011032843962,-7.893206202425063,-195.03781550156418,-24.098259018501263,0.6109003152232617,17.572580759538265,-83.37231522590444,0.003629869294030641,85.2040993185074,14.66178096504633,-16.543485385343846,0.0002443273361407705,22.10553617902267,38.7592750019683,-211.58138988244417,0.023134483218001378,215.10222207886432,24.098318437716856,-195.03780688532623,0.0193102376311316,196.5209278071,24.098318437716856,-195.03780688532623,0.0193102376311316,196.5209278071,56.33185472944329,-294.95369970446336,0.04508548234749554,300.2848028565712,41.670898502008555,-278.41011746617414,0.03962432937321125,281.51138039072873
234.0,14036.0,233.93333333333334,16.851168766152114,-85.16460911778267,-1496.9944996749975,1496.9944996749975,86.81573898188077,-17.95789648895152,-15.771687685628422,-9.453473467146978,-232.446618610993,-40.0131793867331,-8.770953172643203,-214.48872212204148,-24.241491701104678,0.6825202945037745,18.69242913823058,-94.47020815653306,0.004637013550912172,96.3017504317884,15.771602801655579,-17.957971035578808,0.00028561608633737023,23.90046398394553,40.01215962601541,-232.44679192960945,0.027816242309519623,235.86539380821617,24.24156470930784,-214.48871218375544,0.023296530815564154,215.85425896609368,24.24156470930784,-214.48871218375544,0.023296530815564154,215.85425896609368,58.704587431227935,-326.916992662766,0.05516047585363282,332.14597495248637,42.93399295812096,-308.9589139399182,0.04864947034111111,311.927777304718
235.0,14096.5,234.94166666666666,17.774109437596053,-94.6152340475237,-1492.387036421405,1492.387036421405,96.27025231174649,-19.2599563888507,-16.7887828865787,-10.34564502333524,-252.2130380384624,-41.15440970053896,-9.59433691605227,-232.9530816496117,-24.36562681396026,0.7513081072829698,19.71631662323657,-104.9540016849876,0.005702037841892604,106.78986661139761,16.788683256116432,-19.26004323180581,0.00032640457003907386,25.55013015163001,41.15319934354963,-252.21323271409534,0.03265255077433693,255.54862662965797,24.365714100940757,-232.95307036654378,0.02743041083164144,234.22386944299396,24.365714100940757,-232.95307036654378,0.02743041083164144,234.22386944299396,60.86951430613331,-357.1672246547833,0.06563676424597986,362.3168835970317,44.08202962522296,-337.90706362758976,0.05806220615411917,340.77031705431597
236.0,14157.0,235.95,18.61954660853371,-103.54505138820969,-1487.7751529809302,1487.7751529809302,105.20582295146188,-20.45859400823247,-17.72151881596074,-11.18484669859754,-270.954129518941,-42.19551919959486,-10.36706271406729,-250.49553551070852,-24.474000383634124,0.8177839845302498,20.654241793328733,-114.86018284110894,0.006809729669043918,116.70243916195695,17.721404400318885,-20.458693111534597,0.00036630309896423796,27.066700902614542,42.19411417079494,-270.954344840078,0.03759830080607429,274.2199851549372,24.47410255085707,-250.4955228587682,0.03167349482691151,251.68827677895035,24.47410255085707,-250.4955228587682,0.03167349482691151,251.68827677895035,62.84835395339411,-385.814515337687,0.07640138088849113,390.8999307238432,45.12834302294275,-365.3556950031921,0.06776067784652895,368.1322469103487
237.0,14217.5,236.95833333333334,15.3014188981615,-87.4186516739428,-1488.5498593741886,1488.5498593741886,88.74769901685991,-16.81902722339146,-14.47849444957683,-9.265831067750696,-240.69269420579081,-37.85568696912378,-8.479682037432212,-223.87366698239936,-23.377192519546952,0.7861490303184837,16.973503242388485,-96.97144934782352,0.004845780887663409,98.44573023212777,14.47841652705931,-16.819094299402924,0.00024625324002158777,22.192486976074406,37.854666095360315,-240.69285232350518,0.029683012825465482,243.6514414174804,23.377280321172684,-223.87365590293714,0.025332955844170613,225.09089506810662,23.377280321172684,-223.87365590293714,0.025332955844170613,225.09089506810662,54.82816802281246,-337.66429357317287,0.05851165330028607,342.08668954375827,40.35078267156083,-320.8450981581117,0.0522848827566591,323.3724828650327
238.0,14278.0,237.96666666666667,12.225609680172056,-72.1486294423812,-1489.3541764848803,1489.3541764848803,73.17711570201406,-13.41832739853999,-11.458764674898699,-7.476977771148086,-211.7664262186736,-33.80864291102625,-6.730188033543527,-198.3480988201336,-22.349878236127548,0.7467897376045585,13.561568512433547,-80.03270240566546,0.003294574835166486,81.17357695008418,11.45871450992871,-13.418370236183684,0.0001556773598920813,17.645248596020142,33.80793003770686,-211.766538363216,0.02299402168670639,214.44822895928496,22.349952149878973,-198.34808915770483,0.019920742611034825,199.60331869389023,22.349952149878973,-198.34808915770483,0.019920742611034825,199.60331869389023,47.36949772559203,-291.79923568960896,0.043695332463400405,295.6191185695114,35.91152008135628,-278.3807870598835,0.03939275061703995,280.6875484923296
239.0,14338.5,238.975,9.394847438670695,-57.73990596935619,-1490.1816717056706,1490.1816717056706,58.499229907290164,-10.25925848807674,-8.673216143506579,-5.818236331833759,-184.2461060732603,-30.06684164574835,-5.116156899021007,-173.98684758518357,-21.393625502241772,0.7020794328127522,10.421463938152428,-64.04940067202398,0.0021054662457942186,64.89169929243398,8.673186297792894,-10.259283719128204,9.023848335232287e-05,13.434175188145769,30.066370154985034,-184.24618191561322,0.017425321185982057,186.68326696514023,21.393686468965452,-173.98683918408025,0.015364555072672204,175.2972048550672,21.393686468965452,-173.98683918408025,0.015364555072672204,175.2972048550672,40.487833602660025,-248.29557957973657,0.031644980302836245,251.57495803174444,31.815150045484405,-238.0362371504162,0.02883672745035426,240.15298034616575
240.0,14399.0,239.98333333333332,6.802707503084093,-44.17981472215615,-1491.0281667965817,1491.0281667965817,44.70047939627227,-7.337162969633937,-6.11948507867055,-4.285063369025011,-158.1580727361143,-26.62786573637277,-3.631452500485466,-150.82090976648036,-20.50838065770222,0.6536108685395448,7.546062336920567,-49.00749235151558,0.0012293387419148871,49.58505181379313,6.11946935845123,-7.337176080693331,4.564104649773526e-05,9.554164435895053,26.62757845039342,-158.1581204066307,0.01286150952406473,160.38397359053724,20.508429867605674,-150.8209024818611,0.011583770165302099,152.2088707042975,20.508429867605674,-150.8209024818611,0.011583770165302099,152.2088707042975,34.17364051556976,-207.16561111079307,0.02204271432049154,209.96530221204583,28.054491992823905,-199.82839332544927,0.020359220753718432,201.7881099074122
241.0,14459.5,240.99166666666667,4.43753378931433,-31.443683838006102,-1491.8910707670823,1491.8910707670823,31.755266640917892,-4.642872681870358,-3.787762125284644,-2.870545358746313,-133.4920088993385,-23.48072666791268,-2.267849595227744,-128.84913621746813,-19.692964542628037,0.602695763518569,4.922433391264857,-34.87960804744481,0.0006204087243943945,35.22523822538063,3.7877554614810935,-4.6428781182973875,1.7951640174374006e-05,5.99194531494944,23.480575226098246,-133.4920351158616,0.009185730398542091,135.54136214574092,19.69300331527766,-128.84912991817126,0.008494956404980769,130.34535918184932,19.69300331527766,-128.84912991817126,0.008494956404980769,130.34535918184932,28.403008481831574,-168.37164235988217,0.014577870466325749,170.7505222298985,24.615436593529488,-163.72873721391375,0.013706509593980343,165.56877455713953
242.0,14520.0,242.0,2.2867825464345515,-19.506944227032356,-1492.7673913076594,1492.7673913076594,19.640525641927937,-2.166083049814915,-1.665700210651266,-1.567653612255526,-110.227607365232,-20.61105078610126,-1.017292674987402,-108.06152431541709,-18.945350575449993,0.550360937268124,2.5366621104561955,-21.63849220759802,0.0002373294893942557,21.786670229314623,1.6656985128058692,-2.1660843554384854,3.7332359426045514e-06,2.73248476124553,20.6109946760314,-110.22761761793096,0.006287470322163813,112.13804344316071,18.945380273864828,-108.06151888524583,0.006018109566241492,109.70970466420773,18.945380273864828,-108.06151888524583,0.006018109566241492,109.70970466420773,23.147656730066505,-131.86610950411287,0.008962242503685047,133.8823545051538,21.48204233305743,-129.70001078333468,0.008641785509411193,131.46699563006834
243.0,14580.5,243.00833333333333,0.33598189475014806,-8.33811645861715,-1493.6545764143711,1493.6545764143711,8.344882857839416,0.1052884641694618,0.2610560443372378,-0.3685696015054418,-88.3280808920972,-18.00135760277044,0.1288593409753958,-88.43336935626667,-18.262413647107678,0.4974289424808376,0.37269468623561364,-9.249223681089308,4.2843617542587253e-05,9.256729445758449,-0.26105602492678964,0.10528851229640532,3.963496197911809e-08,0.28148875461049394,18.001363269339947,-88.32807961265125,0.004062949310323916,90.1437669925858,18.26243561694697,-88.4333646939559,0.004076988191492603,90.2993717904911,18.26243561694697,-88.4333646939559,0.004076988191492603,90.2993717904911,18.374057940441308,-97.57730321336857,0.004929468055969721,99.29217546006514,18.635130287813332,-97.68258829448186,0.004944578080312567,99.44423631741068
244.0,14641.0,244.01666666666668,-1.4305987861007452,2.1008963813073933,-1494.550653660554,1494.550653660554,2.5417274621373993,2.184643562941346,2.007907824008726,0.7350500936809112,-67.74246867280453,-15.632524082320739,1.179569721898588,-69.92711223574588,-17.640431906329464,0.4445196282176769,-1.5869189503782943,2.3304593242141216,3.974709450460523e-06,2.819459596604691,-2.0079086269243227,2.184642824974638,4.402145314941208e-06,2.9672144052613194,15.632564023206193,-67.74245939839156,0.0024167089440751965,69.52278664784929,17.640447433024644,-69.92710825436946,0.0026004929321032932,72.11786085607095,17.640447433024644,-69.92710825436946,0.0026004929321032932,72.11786085607095,14.04564507539374,-65.41200008612682,0.0022380048925185747,66.90298872884073,16.053528485711876,-67.59664894306334,0.002413511279719671,69.47677831601945
245.0,14701.5,245.025,-3.0277951736934483,11.84625580208376,-1495.453140059055,1495.453140059055,12.227073245149246,4.085824002686422,3.588632125683944,1.75069430952135,-48.42048292630352,-13.48791829514084,2.142732910215273,-52.50630692898994,-17.076550420824784,0.39203860069392293,-3.3586361005689382,13.140671713575118,9.19787579434228e-05,13.563100292337227,-3.5886357021851274,4.085820861359754,1.4786061264260297e-05,5.438036255314993,13.48797016553349,-48.420468455374106,0.0012632335177897858,50.263974222341396,17.0765607043979,-52.50630355497726,0.001524260384577758,55.21341176288968,17.0765607043979,-52.50630355497726,0.001524260384577758,55.21341176288968,10.129334071868488,-35.279796765844935,0.0006736337043733442,36.70514226343277,13.717924614080669,-39.36563187082095,0.0008689171604459034,41.687341343705214
246.0,14762.0,246.03333333333333,-4.4698972487822175,20.93618968501687,-1496.3603464863695,1496.3603464863695,21.40803634016155,5.821789727633586,5.017379407945555,2.68551366389147,-30.30482548638247,-11.54983510787133,3.025823389180005,-36.126615214016056,-16.567214515816886,0.340309725288535,-4.958308701106541,23.22382052775771,0.0002819654509877978,23.747224365827876,-5.017387225151152,5.821782990437515,2.9533597789566102e-05,7.6855274220353635,11.549880954350733,-30.304808007144498,0.0005258905533267466,32.43117540900365,16.567220658574456,-36.126612385512175,0.0007898024456665098,39.74424389522259,16.567220658574456,-36.126612385512175,0.0007898024456665098,39.74424389522259,6.5915722582607845,-7.080987484775857,4.67945682203208e-05,9.674151569798019,11.60891196816139,-12.902791869639785,0.00015062440184010484,17.356522552509283
247.0,14822.5,247.04166666666666,-5.770336429122835,29.40925332950428,-1497.2707151841291,1497.2707151841291,29.970001066136465,7.404945336020319,6.307735475274967,3.54627536580665,-13.33544605586212,-9.801166925171856,3.835984898614697,-20.74039139188244,-16.108902400446823,0.28970953280804723,-6.400836268041437,32.62267592881493,0.0005526048507675796,33.244694158418056,-6.307748605162967,7.404934151393414,4.7310377837561646e-05,9.727319376498741,9.801192501987583,-13.335427256654784,0.00013694845257816723,16.549833672232147,16.10890540293945,-20.740389056046954,0.0003448302754449628,26.261389366845084,16.10890540293945,-20.740389056046954,0.0003448302754449628,26.261389366845084,3.4003562356387516,19.287248681760815,0.00019178014731835447,19.584697706151392,9.708069142467563,11.882286882032803,0.00011771761343482012,15.343902633354388
248.0,14883.0,248.05,-6.942624168004841,37.31783363036811,-1498.1856625340126,1498.1856625340126,37.95814454372076,8.849080586514901,7.47547164792195,4.3414383981144065,2.56759017247532,-8.22431411506841,4.582814653986134,-6.281490414039581,-15.69978576299036,0.2413762558717272,-7.7012070265546875,41.39535075144073,0.0008864418088450066,42.10562496271323,-7.475490856591054,8.849064359147265,6.709444111407947e-05,11.583993421066278,8.224308231543509,2.5676090176863617,3.711586593624361e-05,8.615791429412543,15.699786520343062,-6.281488518963069,0.00014297019124143162,16.90977216872571,15.699786520343062,-6.281488518963069,0.00014297019124143162,16.90977216872571,0.5231012049663546,43.96295976723888,0.000966507762711899,43.966071764105806,7.998579496835289,35.113862245853646,0.0006484802694828318,36.013339136880646
249.0,14943.5,249.05833333333334,-7.997674401849508,44.69456325750794,-1499.1038274132504,1499.1038274132504,45.40447974173228,10.16487294691615,8.531235835107509,5.0760263547999775,17.45896952343173,-6.805315479141427,5.27141492057126,7.29409657651558,-15.336551314248936,0.19538856577128258,-8.87152783375015,49.578045070776255,0.001268343319260623,50.36552947348935,-8.531261633410942,10.164851294177641,8.805323137295318e-05,13.270517205084902,6.8052694619709655,17.458987459151672,0.00017556389675377204,18.73840803133633,15.336550600919844,7.294098074458823,0.00014420675764625912,16.98274568656078,15.336550600919844,7.294098074458823,0.00014420675764625912,16.98274568656078,-2.0662583701154134,67.03703247594909,0.002249116448638233,67.0688686861015,6.465022765711391,56.87214313240651,0.0016381185297120737,57.23842401598859
250.0,15004.0,250.06666666666666,-8.943963621277362,51.571711082942784,-1500.024808223088,1500.024808223088,52.34153101774208,11.362320947228,9.48455181060126,5.75438480154844,31.39724867651239,-5.534644060389837,5.905975285713794,20.03492772928439,-15.019195870991098,0.1515904841653537,-9.921201730532264,57.2065552710207,0.001685510175875038,58.06048750875472,-9.48458450179341,11.36229365786398,0.00010952949658360467,14.800643916370523,5.534551343723487,31.39726501474822,0.0005082096965480787,31.881334805535417,15.019194350869375,20.03492886557436,0.0003134872361698626,25.039460329603976,15.019194350869375,20.03492886557436,0.0003134872361698626,25.039460329603976,-4.386650379170655,88.6038201314902,0.003934939707406215,88.71234211451383,5.097992615253796,77.24148405957597,0.0029961182423932087,77.40953680542798
251.0,15064.5,251.075,-9.786846931092441,57.981749705504626,-1500.951374978854,1500.951374978854,58.801918946276054,12.45079329237342,10.34379874909064,6.380652394000208,44.44766091182828,-4.408988843351835,6.490342912002234,31.99686761945486,-14.752787592442475,0.10969051800202578,-10.856169253450336,64.316903375119,0.0021272601458122153,65.22668526472853,-10.343838470663897,12.450760291650486,0.00013100820428491033,16.186921453671385,4.4088446015796565,44.44767520466135,0.000997516846901192,44.665800584115196,14.752785834513551,31.996868421954833,0.0006207221403542462,35.2341351347087,14.752785834513551,31.996868421954833,0.0006207221403542462,35.2341351347087,-6.447324633748065,108.76457827405684,0.005935650748689625,108.9555023028501,3.8966165736682896,96.31377161429141,0.004645763107546941,96.39256311195419
252.0,15125.0,252.08333333333334,-10.534902685321867,63.95336095010856,-1501.8823345371857,1501.8823345371857,64.81524937392491,13.4390584207722,11.117372196167711,6.958782705623889,56.65926073561423,-3.417103243918973,7.028401796560502,43.220202314842034,-14.534475440086684,0.06961909093661234,-11.685946379626209,70.94090654497734,0.0025845867668294886,71.89696491654362,-11.117418955245057,13.439019738304374,0.00015210210868588092,17.441452226032577,3.4169041300372696,56.659272713109125,0.001610974131871501,56.762209419756886,14.534473930574338,43.22020280580296,0.0010396183913741197,45.598649793752486,14.534473930574338,43.22020280580296,0.0010396183913741197,45.598649793752486,-8.269042216682037,127.60017875029767,0.008175091381623645,127.86783284426615,2.848527542698133,114.16110902014333,0.006520436413026687,114.19664146493346
253.0,15185.5,253.09166666666667,-11.188312782905996,69.51447721803564,-1502.8199083531035,1502.8199083531035,70.40909661275973,14.33472607459407,11.81179050036008,7.492254098906415,68.08008038206026,-2.564108854130609,7.523264685005415,53.74535430746619,-14.37589935449069,0.031010586099000648,-12.410735165442475,77.10955026528536,0.003049954511169517,78.10191476181184,-11.81184419928104,14.334681825163234,0.00017250134654034355,18.574250090293127,2.5638527598918985,68.0800899739875,0.00232073593675608,68.12834939906176,14.375898513737111,53.74535450264301,0.001547614814079168,55.63478757658771,14.375898513737111,53.74535450264301,0.001547614814079168,55.63478757658771,-9.846882354171454,145.1896394817015,0.01058849641299986,145.52316827544453,1.9651633405010651,130.85490424897554,0.008563433850916624,130.86965971134566
254.0,15246.0,254.1,-11.7469098768197,74.69106640201065,-1503.766448578858,1503.766448578858,75.60916142851796,15.14466021035332,12.43283622898161,7.983948307810351,78.75531446188688,-1.855299956332601,7.97747907199664,63.61065425153356,-14.288136185314212,-0.0064692358137108386,-13.03035025774878,82.8516406909273,0.0035170921730554028,83.87004467041932,-12.432896685158369,15.144610577652362,0.00019196799705412104,19.594288696774928,1.8549858199596974,78.75532177990262,0.003102920809183729,78.77716471826245,14.288136380948501,63.610654160254406,0.0021252331006138547,65.19559926817205,14.288136380948501,63.610654160254406,0.0021252331006138547,65.19559926817205,-11.175364365139867,161.60696142024946,0.013120849406966784,161.99289721521632,1.2577861168050495,146.4622941065575,0.010726392885018754,146.46769480288606
255.0,15306.5,255.10833333333332,-12.217922630952671,79.50610597617924,-1504.7209217442514,1504.7209217442514,80.43940900399126,15.875531971687451,12.98674396821298,8.436786629317794,88.72609760146588,-1.280502942790918,8.394140422751661,72.85056562977843,-14.267246911003898,-0.042646206566132605,-13.552810427684935,88.19266700942981,0.003980812568471492,89.22793948492217,-12.986810936390752,15.875477187188428,0.00021034396446850678,20.510680978907033,1.2801305514290582,88.72610285834713,0.003936979964258569,88.73533716991612,14.267248451300105,72.8505652586461,0.0027553795911572365,74.23448819029724,14.267248451300105,72.8505652586461,0.0027553795911572365,74.23448819029724,-12.272679780435183,176.91876848645848,0.015725434732161148,177.343929447157,0.7144380191631322,161.04323126453107,0.012967716456202538,161.04481599171226
256.0,15367.0,256.1166666666667,-12.601332855410874,83.9751519379206,-1505.6854921198235,1505.6854921198235,84.91536805979061,16.53390245337505,13.47798206552397,8.852083738020156,98.01744454307482,-0.8424295288023131,8.774448360782117,81.48354208969977,-14.320411594326282,-0.07763537723803893,-13.9780957594634,93.1498857043301,0.004436144118713514,94.19282545815521,-13.478055244072866,16.53384279779023,0.00022751289741052005,21.331336826938905,0.8419995029408744,98.01744808078357,0.004804064479557724,98.02106452917178,14.320414740992632,81.48354144086014,0.0034223208711381403,82.73235040840078,14.320414740992632,81.48354144086014,0.0034223208711381403,82.73235040840078,-13.136096136740447,191.16733204194583,0.018358752962299718,191.6181250867184,0.3423189789994915,174.63342585464738,0.015248475482287915,174.63376136364357
257.0,15427.5,257.125,-12.901320587843657,88.11690349830317,-1506.6606659672746,1506.6606659672746,89.05634595602714,17.12557968858164,13.91159185004653,9.232038792106323,106.6618569893762,-0.5364026947063394,9.120771210291423,89.53627730079457,-14.44799454475287,-0.11126758181490004,-14.310843266940548,97.74403996444768,0.004879348813879858,98.78612039948973,-13.911670900728318,17.125515470770956,0.00024340895965480058,22.0639494966288,0.5359162744868473,106.66185923185111,0.005688519655322466,106.66320556334541,14.447999506188372,89.53627637425107,0.004112744700357496,90.69448426832301,14.447999506188372,89.53627637425107,0.004112744700357496,90.69448426832301,-13.774926848948004,204.40589706682033,0.020985759907610202,204.86951790196954,0.13715623807584157,187.28031473841196,0.01753696776685132,187.28036496213983
258.0,15488.0,258.1333333333333,-13.12420135946013,91.95128950523218,-1507.6457773375298,1507.6457773375298,92.883175564785,17.65581509971526,14.29264011676423,9.579283869243227,114.6955983131193,-0.353640956518575,9.435847459826618,97.03978321340405,-14.646281073282806,-0.1434364094166085,-14.558058771076153,101.99723701499755,0.005307686734568051,103.03093435408462,-14.292724680350062,17.655746641297373,0.0002580036184696155,22.715795567181246,0.3530998306512634,114.69559972839436,0.006577602573720753,114.69614325053158,14.646288009291448,97.03978200722995,0.004815616461151251,98.13884574653312,14.646288009291448,97.03978200722995,0.004815616461151251,98.13884574653312,-14.20495877431929,216.69283420949554,0.023578783037159212,217.1579269829311,0.08822923736083318,199.0370170946399,0.019807871232124796,199.03703664979116
259.0,15548.5,259.14166666666665,-13.277851394377642,95.48533853376284,-1508.6401600541421,1508.6401600541421,96.40410371223038,18.1286104634637,14.62573618482566,9.895487892208621,122.1320271724835,-0.2819429028022569,9.722700269776396,104.0034167090198,-14.907679087627917,-0.17278762243222445,-14.728479270150464,105.91727437116295,0.005717698536855664,106.9364162099491,-14.625825878999736,18.128538097120664,0.00027127933233117574,23.29288896168901,0.2813491755543414,122.13202823755587,0.007458155759643148,122.13235230182761,14.907688045451932,104.00341522974001,0.005519474766124688,105.06640539349496,14.907688045451932,104.00341522974001,0.005519474766124688,105.06640539349496,-14.447129907769485,228.04929965964283,0.026107601636127242,228.5064608229394,0.17920877336669552,209.92068733455923,0.02203336368911124,209.92076382958933
260.0,15609.0,260.15,-13.367007341003045,98.73651288216931,-1509.6432968277895,1509.6432968277895,99.63722126487278,18.54878064477816,14.91479360993253,10.18257717078086,129.0035870624706,-0.3140311548577301,9.983004929381423,110.45480641769242,-15.22882476479026,-0.1995722413994372,-14.827359151122455,109.52352314063262,0.006107626404627808,110.52263433583667,-14.914888045465199,18.548704707185042,0.0002832540868524802,23.801435497110443,0.3133872322585185,129.0035882700017,0.008321011990553018,129.00396892380274,15.228835755092275,110.45480466920066,0.006216090642219285,111.49969198597299,15.228835755092275,110.45480466920066,0.006216090642219285,111.49969198597299,-14.513971713864523,238.5271080416105,0.02855291880710098,238.96827539572064,0.4014765992036537,219.9783251983395,0.024195312642305566,219.97869156017387
261.0,15669.5,261.15833333333336,-13.397213479038328,101.72232578042897,-1510.6546660064173,1510.6546660064173,102.6007645740647,18.921127775684,15.16387692390708,10.44240161718335,135.3420811938122,-0.4413555529936275,10.21826938085724,116.42095341812819,-15.60523247690071,-0.22413223632610996,-14.860848646582976,112.83541086857944,0.006476337466310156,113.8098184181742,-15.163975713156775,18.921048599836684,0.00029397606571279766,24.24772648201456,0.4406640707171901,135.34208303320992,0.009158836800082781,135.34280041654046,15.605245487859703,116.4209514015924,0.0068986807377768855,117.46217098278197,15.605245487859703,116.4209514015924,0.0068986807377768855,117.46217098278197,-14.42018435574411,248.177490113402,0.030900004555078908,248.59607461873043,0.7443968316706584,229.25635931173343,0.02627951667388828,229.25756783913073
262.0,15730.0,262.1666666666667,-13.378106814343482,104.46095257066187,-1511.6737251048557,1511.6737251048557,105.3141222909162,19.25155629578512,15.37838033982553,10.67708399205003,141.1770790582523,-0.648248317247635,10.42992607835913,121.92552276246718,-16.026628657073164,-0.24715791369089857,-14.839637813873413,115.87309948660354,0.006823394960164819,116.81947626607158,-15.37848311322498,19.251474195337323,0.00030355851166063985,24.63974434846037,0.647512081830815,141.17708196730786,0.00996569393674207,141.17856687436688,16.026643684107682,121.92552047460501,0.007561342996176279,122.9743300481067,16.026643684107682,121.92552047460501,0.007561342996176279,122.9743300481067,-14.192125500015292,257.0501772513936,0.033138105592911415,257.4416633942165,1.1870058537466894,237.79861665817185,0.028274795949023712,237.80157919458185
263.0,15790.5,263.175,-13.313394447322935,106.966974271927,-1512.6999661276839,1512.6999661276839,107.79230054415343,19.54354775079992,15.56126335344743,10.88809221982956,146.5369277866557,-0.9291121045862383,10.61943839886226,126.99338003585578,-16.490375458033668,-0.2686538209673,-14.767838936329166,118.6527638615804,0.007148283853730675,119.56825431042019,-15.561369747494753,19.54346303214702,0.00031205160677671984,24.982057075171813,0.9283340313067573,146.53693219277176,0.010736967204216796,146.5398727327913,16.49039247159023,126.99337747365371,0.008199625534111021,128.05956022895353,16.49039247159023,126.99337747365371,0.008199625534111021,128.05956022895353,-13.839504664584512,265.18969144713145,0.035258552744110716,265.5505683277403,1.7225535097249185,245.64613769363137,0.03017249650127951,245.6521771822761
264.0,15851.0,264.18333333333334,-13.209530152380466,109.25559763563794,-1513.7322884442033,1513.7322884442033,110.05124852343594,19.80096749321092,15.71612665429711,11.077147064497689,151.4499599579722,-1.272958002118685,10.78840250556823,131.64899246476128,-16.989084656415795,-0.28874455892945894,-14.652611026150893,121.19127297621272,0.007451011918568895,122.07384509172546,-15.716236321424615,19.80088044576715,0.0003195373965425574,25.279931774797774,1.27214104566885,151.4499662426148,0.011469355354343236,151.45530897835587,16.989103612989123,131.6489896253955,0.008810043028439907,132.74067240661535,16.989103612989123,131.6489896253955,0.008810043028439907,132.74067240661535,-13.380469735140776,272.64123421973954,0.03725614039495895,272.96937477892254,2.3364925501418057,252.84025863055632,0.03196682818451535,252.85105414414133
265.0,15911.5,265.19166666666666,-13.07432830799371,111.34198575746262,-1514.7692363939318,1514.7692363939318,112.10698396228585,20.02772635023575,15.846831956878301,11.24583195633022,155.9439260745421,-1.666040702730243,10.93832997867139,135.91619972430635,-17.512872659608544,-0.30750197765882886,-14.502622311975882,123.50544738260946,0.007731960849355346,124.35401717315905,-15.846944569046647,20.02763724222989,0.0003261159120526713,25.538831329581054,1.665187812882829,155.94393455115784,0.012160641826852725,155.95282483414007,17.51289350204338,135.91619660626696,0.009389957034144913,137.03982610441145,17.51289350204338,135.91619660626696,0.009389957034144913,137.03982610441145,-12.837434252155047,279.4493765583417,0.039128377760100364,279.7440862235058,3.0102711403004685,259.4216397000122,0.03365432499347065,259.4391043712976
266.0,15972.0,266.2,-12.910404620924965,113.23791841277853,-1515.810545015483,1515.810545015483,113.97150834280947,20.2263308892725,15.955538401613008,11.39559390139766,160.0422983756289,-2.104518443957204,11.07064690586412,139.81596748635639,-18.060056845570212,-0.3249469955335405,-14.320774374383264,125.60835448843108,0.007991271644414155,126.42208389349288,-15.955653645029802,20.226239975178938,0.0003318417762798731,25.76205866722765,2.10363254904102,160.0423093382237,0.012808983096412874,160.0561340536909,18.060079502136276,139.8159640889406,0.009937335176957163,140.9775524179059,18.060079502136276,139.8159640889406,0.009937335176957163,140.9775524179059,-12.21714158011336,285.6506580929247,0.040872779383249735,285.9117993670592,3.7393050630502493,265.42431398462355,0.035232025186182625,265.4506523943058
267.0,16032.5,267.2083333333333,-12.724227417493239,114.95803482830527,-1516.8552259723358,1516.8552259723358,115.66008704370725,20.39978789980523,16.04549106559716,11.52849017671542,163.7787208892405,-2.578479779913323,11.18732325267047,143.37893298943527,-18.623970845510485,-0.3411669240449504,-14.114242278460733,127.51623357436662,0.00822980084080882,128.29497909149646,-16.0456086528297,20.399695406910485,0.00033680458422225,25.95398099973274,2.5775636455886692,163.7787345766004,0.01341505895258166,163.79901627866874,18.623995238697738,143.37892931295002,0.01045218533946013,144.58343808880377,18.623995238697738,143.37892931295002,0.01045218533946013,144.58343808880377,-11.536678392354618,291.29496207803015,0.042492925955706085,291.52332647726433,4.509752878970006,270.89515800571075,0.03670226300656054,270.93269367495753
268.0,16093.0,268.21666666666664,-12.520187738118686,116.51505337795248,-1517.9030064160775,1517.9030064160775,117.18580445030385,20.55060576822143,16.11915467947256,11.64592231361894,167.1807694947347,-3.080864189541899,11.28964231611462,146.63016372651327,-19.20001886901446,-0.35627999750431966,-13.887896835538273,129.24319306919486,0.008448338362221364,129.98721719167514,-16.119274342656574,20.550511904207408,0.00034107727753251993,26.118088461041648,3.0799204695744744,167.18078610307893,0.013979450708134777,167.20915391252458,19.2000449197301,146.63015977177523,0.01093452273170925,147.8818632544775,19.2000449197301,146.63015977177523,0.01093452273170925,147.8818632544775,-10.80797613289839,296.4239727801265,0.043991992937364444,296.62094327077193,5.312147984938052,275.87334768646923,0.03806716208920591,275.92448764100914
269.0,16153.5,269.225,-12.299671652726829,117.91870201705021,-1518.9534039450339,1518.9534039450339,118.55843372848163,20.68067078653257,16.17794259800576,11.7488589239656,170.2671434031799,-3.6091164474783,11.37856270361226,149.5864726166473,-19.78705904548406,-0.37029622035333887,-13.643275607158095,130.80002428359916,0.008647392690797062,131.5096396538406,-16.178064082917306,20.68057574749723,0.0003447079288676491,26.25673191238677,3.608147732272241,170.26716310971534,0.01450196285279759,170.30538912050994,19.78708666605227,149.58646838548546,0.011383820219812435,150.88949705917804,19.78708666605227,149.58646838548546,0.011383820219812435,150.88949705917804,-10.03512765188804,301.0671807030833,0.04537107656243933,301.23437898668317,6.143810940343487,280.3864872587601,0.03932716519106094,280.4537905790855
270.0,16214.0,270.23333333333335,-12.068656360497698,119.18906238861388,-1520.0048476202712,1520.0048476202712,119.79851860279689,20.79281694022939,16.22504714759998,11.83942185889464,173.0734220473096,-4.149193500779802,11.45616352005163,152.28060510708022,-20.374240648379782,-0.38325833884301,-13.387008817381519,132.20900334476087,0.008829216358030578,132.8850351638274,-16.22517023279584,20.792720889751774,0.00034779668034445876,26.374104555080613,4.148202101252178,173.07344494589475,0.014985812590850855,173.12314959621227,20.37426974963106,152.28060060369333,0.011802246069336775,153.63753508844215,20.37426974963106,152.28060060369333,0.011802246069336775,153.63753508844215,-9.238806505241243,305.28244132217617,0.04664136332710456,305.4222069943003,6.987260793481733,284.4895982984578,0.04049157764640654,284.57539133490445
271.0,16274.5,271.2416666666667,-11.829477443825454,120.33629900543019,-1521.0572015149633,1521.0572015149633,120.91634047935075,20.88887958962005,16.26196535653435,11.91880710393889,175.6194978952408,-4.697250005847309,11.52360073319869,154.73061830562077,-20.95921536238166,-0.395206370740201,-13.121687222862347,133.4814056330344,0.00899473218129998,134.1248087616355,-16.26208983949904,20.888782675082556,0.00035039837698036536,26.472567076027342,4.6962380970928495,175.61952405257617,0.015432136013515674,175.68230383484266,20.95924585247672,154.730613535265,0.012190426446068159,156.14369264143875,20.95924585247672,154.730613535265,0.012190426446068159,156.14369264143875,-8.425448928779819,309.10092245873267,0.04780718543262452,309.2157312532642,7.837558469895598,288.2120132949308,0.041563796737698055,288.3185598089141
272.0,16335.0,272.25,-11.58371742349118,121.3683353853412,-1522.1103354861043,1522.1103354861043,121.91987263590771,20.97032665915322,16.28981772228144,11.98772679344984,177.9219601303339,-5.251431957731256,11.58158011094201,156.95163347118068,-21.541249680012697,-0.40614668250782926,-12.849066245587327,134.62602068662218,0.009144631940571912,135.23780517776203,-16.289943413249368,20.970229017245103,0.00035255631747332927,26.553959430611755,5.250401621170286,177.9219895967555,0.015841900680158005,177.99944128915564,21.5412814625983,156.95162844019836,0.012548920236277183,158.42297963704937,21.5412814625983,156.95162844019836,0.012548920236277183,158.42297963704937,-7.598664442919394,312.5480028180228,0.04887199811509646,312.640358506145,8.692215035752314,291.57764304655547,0.04254653929169905,291.7071759947161
273.0,16395.5,273.2583333333333,-11.339558113832027,122.30324500706044,-1523.1625289118256,1523.1625289118256,122.82780351969998,21.03888436977286,16.31225313758478,12.04848467750708,180.0198369892314,-5.799070095235948,11.63248180091614,158.98095261945855,-22.111323232820727,-0.4160028765909391,-12.578221481050786,135.66289692307606,0.009281316715181731,136.24475497129248,-16.312379878608823,21.038786097806867,0.0003543620952228821,26.62187554950465,5.798023025017509,180.01986974062964,0.016220385368193035,180.11321598492404,22.111356206141345,158.98094733760664,0.012881926858554493,160.51122605487043,22.111356206141345,158.98094733760664,0.012881926858554493,160.51122605487043,-6.780198290941633,315.68275897711834,0.0498507889412636,315.75556274477555,9.533134522133038,294.6438379878054,0.04345293691532248,294.7980188501972
274.0,16456.0,274.26666666666665,-11.096963135059923,123.1468995683826,-1524.2139006801378,1524.2139006801378,123.64587119724696,21.09571323671844,16.32972816878464,12.10170103149721,181.9251774577424,-6.340153959172312,11.67680147773353,160.82946422102395,-22.669882127956953,-0.42489955376368016,-12.30911256689969,136.59854778311174,0.009405338730061885,137.15202334869022,-16.329855813444325,21.09561442496651,0.00035584457602766406,26.677502485329025,6.3390917719222255,181.92521346522636,0.016568483807155587,182.035621181298,22.669916196468016,160.8294586976931,0.013190020076159215,162.4193334715663,22.669916196468016,160.8294586976931,0.013190020076159215,162.4193334715663,-5.970020647083986,318.5237533576475,0.05074651254766138,318.5796958369602,10.360803404842255,297.42800002958444,0.04428538158407491,297.60840285313225
275.0,16516.5,275.275,-10.857380402740091,123.90954361762851,-1525.2640927627679,1525.2640927627679,124.38431456071456,21.142377590877,16.3432487170212,12.14839994645445,183.6592273321003,-6.872611720609711,11.71541953226551,162.5168497412233,-23.215860437630912,-0.4329804141889394,-12.043345574264945,137.44433725099523,0.009517994059571322,137.97096801496497,-16.34337713771565,21.14227831567033,0.00035705094436622176,26.722685281289944,6.871535859315323,183.6592665517252,0.01688897222074104,183.78776943905575,23.215895516655845,162.51684398522124,0.013475351279268466,164.1666908467032,23.215895516655845,162.51684398522124,0.013475351279268466,164.1666908467032,-5.171809584826016,321.1035957236995,0.051567134673469184,321.14524253220816,11.172549695953249,299.9611746198461,0.045050767116805446,300.1691725444609
276.0,16577.0,276.28333333333336,-10.624367860145867,124.60840662242842,-1526.312381201933,1526.312381201933,125.06051412579497,21.18111842719372,16.35467015148606,12.19057048729155,185.2579298429191,-7.391046437987825,11.75014585896861,164.0768114157254,-23.745716589473886,-0.44042462832294066,-11.78486707710041,138.21937719637992,0.009621739627263537,138.72086838172575,-16.35479925407804,21.181018737768827,0.0003580574725603469,26.76032536070714,7.3899579916309746,185.2579722002152,0.017187563927656413,185.40530667392932,23.74575261243191,164.07680543501075,0.013742529447746676,165.7861841315168,23.74575261243191,164.07680543501075,0.013742529447746676,165.7861841315168,-4.3949089733150855,323.4773411417277,0.05232845412539433,323.5071953713015,11.960885267422583,302.2961758603332,0.04576302137238031,302.53271015902055
277.0,16637.5,277.2916666666667,-10.397867299616337,125.24718476925048,-1527.3587706730036,1527.3587706730036,125.67805272601578,21.21254328812938,16.36414162931032,12.22837363457074,186.7291575763375,-7.895517228462268,11.7811277959845,165.51661428820813,-24.25965885777259,-0.447245838586241,-11.533612482663985,138.9277677862316,0.00971697444729358,139.4056988754956,-16.364271324396533,21.212443231644823,0.0003588784824870572,26.79098960162205,7.894417242280488,186.72920299398822,0.017465058621546348,186.89600604176985,24.259695757931848,165.5166080912097,0.013992140224239336,167.28502740020255,24.259695757931848,165.5166080912097,0.013992140224239336,167.28502740020255,-3.6391951463073178,325.6569623617203,0.05303285188773543,325.6772956102034,12.726082986194239,304.444368961972,0.04642416462363741,304.7102344536935
278.0,16698.0,278.3,-10.179835953749716,125.83679927047345,-1528.402421499209,1528.402421499209,126.24788754938707,21.23715239576995,16.37255263631232,12.26266158482758,188.0952913779765,-8.382558917219285,11.809270290541459,166.85813898220655,-24.755111553531606,-0.4533912942861207,-11.291752790694936,139.5816234947377,0.009805266709683735,140.03761387039154,-16.372682845957712,21.237052007147533,0.0003595385100751969,26.815613390870013,8.381448233434481,188.09533975822333,0.017725052869899116,188.28198403790847,24.755149262145505,166.8581325790153,0.014227226952101546,168.68448008855867,24.755149262145505,166.8581325790153,0.014227226952101546,168.68448008855867,-2.9103044811268557,327.6769546809282,0.05369032962665443,327.6898785454624,13.463396161647056,306.4397490223293,0.047043292483728294,306.7353628407941
279.0,16758.5,279.30833333333334,-9.97214374365285,126.3875383301638,-1529.4428462055976,1529.4428462055976,126.78033560455148,21.25547507603187,16.380719898734238,12.2944748000009,189.377591595985,-8.848794095683843,11.83556560135912,168.12211651995312,-25.22951399441808,-0.4589091986417804,-11.061362137618195,140.19235653736578,0.00988812531854677,140.62805752707894,-16.380850558800415,21.25537437677629,0.0003600615361420978,26.83511142005321,8.847673347019033,189.37764282236463,0.017971086618828735,189.58421064163196,25.229552449281204,168.12210992108692,0.014450787122477493,170.00462982257002,25.229552449281204,168.12210992108692,0.014450787122477493,170.00462982257002,-2.213688732043929,329.5699906421327,0.05431064109551187,329.5774251214088,14.168189981680744,308.31445927769755,0.04762927274803985,308.63982796628176
280.0,16819.0,280.31666666666666,-9.774528734851629,126.90181756624955,-1530.4797039021873,1530.4797039021873,127.2776991998446,21.2681097764289,16.38868343434297,12.3241243272787,190.5810786411166,-9.29459110921016,11.8602292786818,169.3129688646877,-25.68327454355313,-0.4638950485968996,-10.842149941120795,140.76264658655376,0.009965837488579155,141.17958382640452,-16.388814487359216,21.26800878525998,0.00036046066131945054,26.849980223288263,9.293460884955152,190.5811325982078,0.018203768381575003,190.80759030404388,25.683313689742462,169.3129620799499,0.01466325594279283,171.24985176744613,25.683313689742462,169.3129620799499,0.01466325594279283,171.24985176744613,-1.5486890147754677,331.34377032928666,0.05489554788518092,331.3473895682468,14.84116339904581,310.0756013628347,0.04818357046687538,310.4305698406018
281.0,16879.5,281.325,-9.590366971679032,127.3929738090373,-1531.5118378396169,1531.5118378396169,127.75345363066134,21.27718471456319,16.397216313635,12.35306808666792,191.7332701850682,-9.7139300123672,11.88426267617615,170.456085470505,-26.1111463260022,-0.46880541049177,-10.637860961550512,141.30728749597841,0.010040456799309538,141.70714020580746,-16.397347730506127,21.27708343349497,0.0003607936172045356,26.8623768872198,9.712790648202134,191.73332672424877,0.018428003567549922,191.97918345206944,26.11118615195706,170.45607850516473,0.014868534403689182,172.4443931869663,26.11118615195706,170.45607850516473,0.014868534403689182,172.4443931869663,-0.9250702883807365,333.0406052314636,0.055458451830858735,333.0418899898,15.473324822003415,311.7633585783946,0.048717908929241105,312.14710559787017
282.0,16940.0,282.3333333333333,-9.420517017133534,127.86692241206762,-1532.5384376296824,1532.5384376296824,128.21347818386266,21.28355481545441,16.40659320401028,12.38172262674198,192.8466808749363,-10.10520918498514,11.907996849913621,171.5631260594819,-26.51180238899542,-0.4737257768283598,-10.449447491036707,141.83284093168854,0.010112872872447554,142.21724831968027,-16.40672496514737,21.283453241409667,0.00036108294132475294,26.873146558623564,10.104060913107872,192.8467398381731,0.01864597864997819,193.11125579092433,26.511842892768502,171.56311891808664,0.015068390868400172,173.59948613539265,26.511842892768502,171.56311891808664,0.015068390868400172,173.59948613539265,-0.345386568518288,334.6795716510417,0.056005269088998944,334.67974986904494,16.0623950153308,313.3959523106437,0.04923751284469091,313.80730306722273
283.0,17000.5,283.34166666666664,-9.264396794606,128.32490028813484,-1533.55962372359,1533.55962372359,128.65888652529082,21.28738196915947,16.41677408770192,12.4101552501088,193.9244830282405,-10.46949091687566,11.93159641843522,172.63710105908103,-26.88626500457758,-0.47855883167358115,-10.276263818876787,142.34067895922993,0.010183235255034617,142.71114351952238,-16.416906175145556,21.287280098703288,0.0003613315202599665,26.882393910591023,10.468333936486749,193.92454426348962,0.018858157591061797,194.20688680684822,26.88630617629068,172.637093747412,0.015263219910188752,174.71817191511008,26.88630617629068,172.637093747412,0.015263219910188752,174.71817191511008,0.19207011232884624,336.2652139768466,0.05653716717013424,336.2652688307588,16.610041953839865,314.9777650536302,0.049743444141547855,315.4154180947536
284.0,17061.0,284.35,-9.125127689912915,128.78131383331493,-1534.574108873699,1534.574108873699,129.1042011244869,21.29002314177342,16.42846473259851,12.44033774128184,194.9972211150452,-10.79810590454144,11.95724871649873,173.70719797327178,-27.22657063713995,-0.4830890247831104,-10.121772207533155,142.84678171118193,0.010253826787653963,143.2049346840508,-16.428597157729566,21.289920950836677,0.0003615797661282727,26.891625809233524,10.79694002050993,194.9972844286683,0.019070257595288354,195.2959673120811,27.22661245487204,173.7071905017962,0.015457738311575042,175.82797404791737,27.22661245487204,173.7071905017962,0.015457738311575042,175.82797404791737,0.6751677942439417,337.8440567662148,0.05706953298822981,337.8447314134168,17.1048398276215,316.5539644453986,0.05024949534249146,317.0157534754815
285.0,17121.5,285.35833333333335,-9.002134902402759,129.23749454785136,-1535.581894003713,1535.581894003713,129.55064040678056,21.29157110175584,16.44167423364706,12.47216914634919,196.06776186265049,-11.09190179704456,11.98480276798364,174.77619076089465,-27.53357603069162,-0.4873663783655502,-9.985335010898721,143.35262612928082,0.01032484120422339,143.69997332442776,-16.44180700728284,21.291468566959427,0.0003618297883534183,26.90092287269261,11.090726808760053,196.0678270648392,0.019282798691122593,196.3812542761509,27.533618477054393,174.7761831395288,0.01565240725920347,176.93166573358795,27.533618477054393,174.7761831395288,0.01565240725920347,176.93166573358795,1.105391766914682,339.42044369167365,0.05760373145147213,339.4222436535517,17.54828303131462,318.1288013856758,0.05075693954026406,318.61242365675866
286.0,17182.0,286.3666666666667,-8.895614882931113,129.69636736670506,-1536.5827448050595,1536.5827448050595,130.00107565810654,21.29246786353178,16.45663360250182,12.50561126653338,197.1422898350284,-11.35053116740892,12.01408394990722,175.84982197149662,-27.80716476991074,-0.4915273166261596,-9.867170074632204,143.86145665150272,0.01039673991343193,144.1994443649972,-16.456766737747323,21.29236496027729,0.00036209490961169877,26.910778083553637,11.34934685136281,197.14235673217777,0.019496958381104434,197.46877346018476,27.80720784050716,175.84981420853137,0.015848199086399006,178.03482233838457,27.80720784050716,175.84981420853137,0.015848199086399006,178.03482233838457,1.4821767348602974,341.00380375059564,0.05814289716354892,341.0070248840163,17.940037316950065,319.7112628596972,0.0512685695008841,320.2142041482169
287.0,17242.5,287.375,-8.80951847648248,130.17080345889548,-1537.5762964566775,1537.5762964566775,130.46856207118205,21.29475251422264,16.47461976972409,12.54124526894884,198.2476678676903,-11.56666075985413,12.04537784360582,176.95291535346766,-28.04128052957822,-0.49586742534302003,-9.771659679924017,144.38755024559396,0.010471625011554409,144.71782889065247,-16.474753298648253,21.294649204976423,0.00036243974488314734,26.92358781838566,11.565466699521318,198.24773622228233,0.019717962707055392,198.58480540373014,28.041324252155803,176.95290745442344,0.016049323758871026,179.1609536768218,28.041324252155803,176.95290745442344,0.016049323758871026,179.1609536768218,1.7938069684531892,342.63527669883376,0.05870107699923466,342.6399722477318,18.269664110451657,321.3404495778848,0.05179673401300988,321.85938725105694
288.0,17303.0,288.3833333333333,-8.742710633669049,130.66001702100039,-1538.5620967265363,1538.5620967265363,130.9521860724447,21.29838867404032,16.49525256652851,12.57942039956106,199.3821788346395,-11.74248700408498,12.07907735079061,178.08379016059916,-28.237739570613492,-0.5003430487704498,-9.697544740743849,144.930035315117,0.010549378814950217,145.25411357493388,-16.49538652478,21.298284920552568,0.00036285729976270886,26.939092730805367,11.741282749352326,199.3822484233982,0.019945569529333795,199.72766134656942,28.237783969098157,178.0837821313603,0.016255603085824077,180.30864067397118,28.237783969098157,178.0837821313603,0.016255603085824077,180.30864067397118,2.043737949784355,344.31227382830775,0.05927756119294969,344.31833929319964,18.540238754913524,323.01380919804467,0.052340832001895876,323.5454548988751
289.0,17363.5,289.39166666666665,-8.696406439412385,131.1669402639382,-1539.5396904551717,1539.5396904551717,131.4549112934278,21.30414941348135,16.51859747653361,12.62083151232218,200.5493442993611,-11.87595171359135,12.1161065180786,179.24519488587976,-28.394549190124962,-0.5047249942435799,-9.646172978670553,145.4921643421243,0.01063050925065312,145.81158574712143,-16.51873191212177,21.304045171127424,0.00036336533781877733,26.957945853458266,11.874736694805643,200.54941489053763,0.0201805387956,200.90066496780932,28.394594269025667,179.2451867362434,0.01646754510531423,181.48027427743588,28.394594269025667,179.2451867362434,0.01646754510531423,181.48027427743588,2.2285636513645124,346.04156917537114,0.0598748689517592,346.04874525607124,18.74842080655454,324.73734269856254,0.05290292393045348,325.2781041288566
290.0,17424.0,290.4,-8.67314520291984,131.69657904654738,-1540.507803980518,1540.507803980518,131.98186383088563,21.31322071363684,16.54501647863071,12.66637445951346,201.7558581428602,-11.962504686380269,12.15755582961719,180.44263742922337,-28.507521165010978,-0.5088186298962699,-9.620360965372393,146.07949004542843,0.010715884513068374,146.3959314907231,-16.545151456799395,21.313115927792893,0.0003639955004075546,26.98130736787916,11.961278175591943,201.75592948172758,0.020424263835749912,202.11018592992716,28.507566912737538,180.44262917300796,0.016686112047636925,182.68066070099448,28.507566912737538,180.44262917300796,0.016686112047636925,182.68066070099448,2.3409171414964685,347.8354093156367,0.06049747780512149,347.84328636160257,18.887205454697792,326.5221107012006,0.05348670906180075,327.0679062620713
291.0,17484.5,291.40833333333336,-8.671893738210201,132.247936562635,-1541.466555394777,1541.466555394777,132.53195262306198,21.32532426912803,16.57434404478408,12.71558085136348,203.0007017310709,-12.00395035994006,12.20290323544759,181.67537746194287,-28.57829440472414,-0.5126776159158908,-9.6189625948551,146.69090667447495,0.01080537337383447,147.00594050031017,-16.57447962425284,21.325218889764045,0.0003647391277894485,27.008856612435892,12.002711677950618,203.0007735684274,0.020676689804766113,203.35530275113052,28.578340814073496,181.67536911208484,0.01691133078018936,183.90938340850803,28.578340814073496,181.67536911208484,0.01691133078018936,183.90938340850803,2.383749012386578,349.6916698700285,0.06114497508313832,349.69979444638375,18.95937771916044,328.3662671258238,0.054091933154865046,328.9131547835168
292.0,17545.0,292.4166666666667,-8.695184078533202,132.82374129630625,-1542.4156021310866,1542.4156021310866,133.10804813424193,21.34196074621286,16.60710040596314,12.76809689443326,204.2928099399433,-11.99486086989054,12.2512801681296,182.95084919373045,-28.601961275853682,-0.5168167263036594,-9.644786349794401,147.32944068957997,0.01089949308585858,147.64479671711308,-16.60723665158864,21.34185472250651,0.0003656375202609752,27.04209814711947,11.993609361648508,204.2928819850886,0.020939714295842293,204.64463905827867,28.60200838842598,182.9508407572001,0.017144542674429886,185.1731217472395,28.60200838842598,182.9508407572001,0.017144542674429886,185.1731217472395,2.348822941430099,351.62231213208935,0.06182188538872424,351.630157066095,18.95722153288732,330.280272635502,0.054722218867375716,330.8238726882154
293.0,17605.5,293.425,-8.744340448174626,133.425259264186,-1543.3547142436053,1543.3547142436053,133.71149277301797,21.36385228368454,16.64355113462079,12.82401080970885,205.6365337921306,-11.932635061384639,12.3025292850798,184.27268150844606,-28.57618619600543,-0.5214815246290511,-9.699300988992883,147.99649634043013,0.010998519761606929,148.313989120103,-16.64368811728111,21.363745561936277,0.00036671099490348524,27.081764687340378,11.931370051967836,205.63660573358828,0.02121438580360291,205.98245364338248,28.576234077789994,184.27267298950824,0.017386509676420303,186.47525081030696,28.576234077789994,184.27267298950824,0.017386509676420303,186.47525081030696,2.2320689953035955,353.6330913526514,0.06253067463823925,353.64013549317684,18.87693257922299,332.2691603604851,0.05537956837553537,332.80494814570034
294.0,17666.0,294.43333333333334,-8.818424248602241,134.05127538135275,-1544.283892684461,1544.283892684461,134.3410177034386,21.3905623240862,16.68347249506041,12.88348448724719,207.029253942892,-11.81938660010928,12.35694890056038,185.6386916188058,-28.50285909516969,-0.52653558668681,-9.78146532372348,148.69072577807114,0.011102304631194215,149.01211023366105,-16.683610285039812,21.390454850242772,0.00036794722824140536,27.127373828724387,11.818107390151049,207.02932547966356,0.021500404789875915,207.36636484938828,28.502907800287833,185.63868302353836,0.017637068250309085,187.81410060958004,28.502907800287833,185.63868302353836,0.017637068250309085,187.81410060958004,2.036642003968356,355.72004034860424,0.06327044965726003,355.7258706030037,18.721441965020603,334.32939966640964,0.05606332154073357,334.8531616553015
295.0,17726.5,295.44166666666666,-8.923198038246483,134.70402336679402,-1545.2025214415241,1545.2025214415241,134.99924953284577,21.42338053090498,16.72861799306702,12.94771391258109,208.4697043756023,-11.64459808933316,12.41642894456163,187.04632384469733,-28.373216082400177,-0.5312849680194597,-9.897671146437293,149.41460669952062,0.011211344297379355,149.74207354412934,-16.728756682432785,21.423272228994747,0.000369403951872016,27.181020825893516,11.643303779793637,208.46977514769438,0.02179760705267597,208.7946686892144,28.37326560059601,187.04631519178307,0.01789568326859836,189.18606245615933,28.37326560059601,187.04631519178307,0.01789568326859836,189.18606245615933,1.7456325791838014,357.8843707409222,0.06404213714894524,357.88862800280106,18.47559394300144,336.46091258256666,0.05677364833811538,336.96779262629866
296.0,17787.0,296.45,-9.058159776031971,135.3825573460199,-1546.110258246358,1546.110258246358,135.68525009033402,21.46236874978058,16.77884029049892,13.01639531448018,209.9556440953165,-11.40876247518463,12.48062835657038,188.49327534553592,-28.18760276568355,-0.5357669579098001,-10.047361494187596,150.16708992727789,0.011325552384811033,150.50283841250985,-16.77897996927969,21.462259546516965,0.00037108138783992217,27.242664217208045,11.407452201643833,209.95571373705107,0.02210576599548375,210.2653839712265,28.187653089267418,188.4932666533875,0.0181621278017019,190.5892320157305,28.187653089267418,188.4932666533875,0.0181621278017019,190.5892320157305,1.3600906647305893,360.12279235149504,0.06484513992432994,360.12536069770806,18.14029108674762,338.6603470906325,0.05750995213382737,339.1458400928126
297.0,17847.5,297.4583333333333,-9.221686923410743,136.08471635961905,-1547.0072327445905,1547.0072327445905,136.39680911367162,21.50724503735546,16.83362097537611,13.0890466607525,211.4839153364301,-11.11452274926705,12.54891594726359,189.97667029907464,-27.94814372464316,-0.5401307134889101,-10.228736542731696,150.94577843465498,0.011444627578960365,151.29195311881122,-16.833761727481555,21.50713486603293,0.0003729662134688283,27.31176274141514,11.113195718964203,211.48398348767876,0.022424489376504653,211.77577385268785,27.94819485900724,189.97666158376268,0.018436116855369278,192.02144031953446,27.94819485900724,189.97666158376268,0.018436116855369278,192.02144031953446,0.8844591480987988,362.4297503938274,0.06567805521662251,362.4308295916846,17.719457813214817,340.92243033952747,0.05827104310185405,341.3826045565361
298.0,17908.0,298.46666666666664,-9.414485248271376,136.80087431566787,-1547.8931265846538,1547.8931265846538,137.12443890868278,21.55849506380036,16.89244527369738,13.16457110078773,213.0399079760537,-10.75902036973275,12.61991110368399,191.48141291225335,-27.65146564343013,-0.5446599971037409,-10.44257904782415,151.7399949312279,0.011567036883874948,152.0988938779606,-16.892587175265636,21.5583838695859,0.0003750616484055058,27.38838105004329,10.757676015507673,213.03997424372392,0.022750879402622104,213.3114113661554,27.651517617063575,191.48140418740388,0.01871486743354467,193.46765770047125,27.651517617063575,191.48140418740388,0.01871486743354467,193.46765770047125,0.31509695753288025,364.77995742380386,0.0665322607007468,364.7800935141675,17.2089380741962,343.22138924530776,0.05904853661586884,343.6525419447972
299.0,17968.5,299.475,-9.635310561861843,137.53042730968448,-1548.7679379901922,1548.7679379901922,137.8675365907723,21.61564771085978,16.95512219157536,13.24278309766669,214.6217739209533,-10.34493470797315,12.693528333329601,193.00612621009353,-27.30005689954851,-0.5492547643370892,-10.687508864591535,152.54906954854732,0.011692720791600664,152.92299194646384,-16.95526531462787,21.61553544099551,0.00037735614633049863,27.472029307831555,10.34357247431019,214.6218379205531,0.023084761657798936,214.87094453165946,27.300109731428904,193.00611749047604,0.018998328799035846,194.92731306847563,27.300109731428904,193.00611749047604,0.018998328799035846,194.92731306847563,-0.3439363790587671,367.1708954883822,0.06740729463494688,367.17105657441647,16.61260038256124,345.5551769656983,0.05984218109933437,345.95427272873184
300.0,18029.0,300.48333333333335,-9.881827281787992,138.26999929733574,-1549.6324945729614,1549.6324945729614,138.62266487163026,21.67849015677348,17.02120061963797,13.32322062808089,216.2216551369056,-9.876903277472593,12.76916191272903,194.54316498013213,-26.898103897110563,-0.5540587153518589,-10.960935270563771,153.36925741984558,0.011821135736944655,153.76043451915822,-17.021345030619763,21.678376764792077,0.00037983904910277033,27.562260535153516,9.875522715428154,216.2217165026104,0.023424678530226117,216.44712203269913,26.89815761836453,194.5431562779516,0.019285275376645927,196.3938658355955,26.89815761836453,194.5431562779516,0.019285275376645927,196.3938658355955,-1.0854125192589135,369.59096170617414,0.06829933085761297,369.59255551922536,15.93722187698159,347.9124034197306,0.060648519650818855,348.27723941487983
301.0,18089.5,301.4916666666667,-10.150077287107706,139.01157217333093,-1550.4885741393077,1550.4885741393077,139.3816389164493,21.74710425606463,17.08987656456884,13.40447852271609,217.8218710469082,-9.362544005853124,12.84502286580391,196.07476679084357,-26.452420570421964,-0.5594556569121795,-11.258467822315797,154.19166455322076,0.011950911371627626,154.6021426610869,-17.09002231618749,21.74698971218839,0.00038250014267049437,27.658641042354454,9.361144967970285,217.82192944630563,0.023767012247155606,218.02298957408757,26.452475245408987,196.07475811212927,0.01957252226958417,197.85106574223698,26.452475245408987,196.07475811212927,0.01957252226958417,197.85106574223698,-1.897322790821375,372.0135815441644,0.06919885464640174,372.018419822311,15.194006968256357,350.2664121800273,0.061458710454154186,350.5958033822142
302.0,18150.0,302.5,-10.439303878229111,139.75461479276416,-1551.3362854733255,1551.3362854733255,140.14396676752054,21.82089883717708,17.16106635285541,13.4867686938378,219.4215194322169,-8.803678611002397,12.92144497710979,197.60062059503983,-25.964744963857807,-0.56532371672801,-11.5792671276083,155.01570180136667,0.012081973643773836,155.44757068601217,-17.161213496831493,21.820783110052215,0.0003853268815134925,27.7606524458589,8.80226091845877,219.42157454069672,0.024111653784686382,219.59805821362622,25.964800646127472,197.60061194766448,0.019860086575285152,199.29920399912444,25.964800646127472,197.60061194766448,0.019860086575285152,199.29920399912444,-2.777006114976072,374.4372636441973,0.07010549063490856,374.4475613064087,14.385533082198128,352.6163030539869,0.062272602185942105,352.90962120849036
